sample_id	task_area	group_id	split	dev_fold
bpti:experiment:experiment	bpti	G008	development	2
bpti:redox_pair_registry:REDOX-PAIRS-1998	bpti	G008	development	2
bpti:variant_family:BPTI-SD-ALL15	bpti	G008	development	2
bpti:variant_functional:BPTI-NATIVE-FULLRED	bpti	G008	development	2
bpti:variant_functional:BPTI-SD-14-38	bpti	G008	development	2
bpti:variant_functional:BPTI-SD-30-51	bpti	G008	development	2
bpti:variant_functional:BPTI-SD-5-51	bpti	G008	development	2
bpti:variant_functional:BPTI-SD-5-55	bpti	G008	development	2
bpti:wt_structure_reference:BPTI-WT	bpti	G008	development	2
disorder:DP00003	disorder	G231	development	3
disorder:DP00004	disorder	G232	development	0
disorder:DP00005	disorder	G233	final_holdout	
disorder:DP00006	disorder	G234	development	0
disorder:DP00007	disorder	G235	development	2
disorder:DP00008	disorder	G236	development	2
disorder:DP00009	disorder	G237	development	3
disorder:DP00011	disorder	G238	final_holdout	
disorder:DP00012	disorder	G239	development	0
disorder:DP00013	disorder	G240	development	3
disorder:DP00015	disorder	G241	final_holdout	
disorder:DP00016	disorder	G242	development	4
disorder:DP00017	disorder	G243	development	3
disorder:DP00018	disorder	G244	development	2
disorder:DP00020	disorder	G245	development	4
disorder:DP00021	disorder	G075	development	3
disorder:DP00023	disorder	G246	development	3
disorder:DP00024	disorder	G247	final_holdout	
disorder:DP00025	disorder	G248	development	0
disorder:DP00026	disorder	G249	development	3
disorder:DP00027	disorder	G250	development	2
disorder:DP00028	disorder	G251	confirmation	
disorder:DP00029	disorder	G252	confirmation	
disorder:DP00030	disorder	G253	final_holdout	
disorder:DP00031	disorder	G254	development	0
disorder:DP00032	disorder	G255	development	4
disorder:DP00033	disorder	G256	development	1
disorder:DP00034	disorder	G257	development	4
disorder:DP00036	disorder	G258	final_holdout	
disorder:DP00040	disorder	G259	confirmation	
disorder:DP00042	disorder	G260	development	2
disorder:DP00043	disorder	G076	final_holdout	
disorder:DP00044	disorder	G261	development	3
disorder:DP00047	disorder	G262	final_holdout	
disorder:DP00048	disorder	G263	development	3
disorder:DP00049	disorder	G264	development	1
disorder:DP00051	disorder	G265	development	3
disorder:DP00053	disorder	G266	development	1
disorder:DP00054	disorder	G267	final_holdout	
disorder:DP00055	disorder	G268	final_holdout	
disorder:DP00057	disorder	G269	final_holdout	
disorder:DP00060	disorder	G270	development	3
disorder:DP00061	disorder	G271	final_holdout	
disorder:DP00062	disorder	G272	development	1
disorder:DP00063	disorder	G273	final_holdout	
disorder:DP00064	disorder	G274	development	3
disorder:DP00065	disorder	G275	confirmation	
disorder:DP00067	disorder	G276	development	0
disorder:DP00068	disorder	G039	development	4
disorder:DP00069	disorder	G277	final_holdout	
disorder:DP00070	disorder	G077	development	3
disorder:DP00071	disorder	G278	confirmation	
disorder:DP00072	disorder	G279	development	4
disorder:DP00073	disorder	G078	development	4
disorder:DP00074	disorder	G280	development	3
disorder:DP00075	disorder	G281	development	3
disorder:DP00076	disorder	G282	development	3
disorder:DP00077	disorder	G283	development	2
disorder:DP00078	disorder	G284	development	2
disorder:DP00079	disorder	G285	development	3
disorder:DP00081	disorder	G286	development	2
disorder:DP00082	disorder	G287	final_holdout	
disorder:DP00083	disorder	G288	final_holdout	
disorder:DP00084	disorder	G289	development	0
disorder:DP00085	disorder	G290	development	4
disorder:DP00086	disorder	G291	development	3
disorder:DP00087	disorder	G292	development	0
disorder:DP00088	disorder	G293	development	1
disorder:DP00089	disorder	G294	development	3
disorder:DP00090	disorder	G295	development	0
disorder:DP00091	disorder	G296	development	4
disorder:DP00092	disorder	G079	development	4
disorder:DP00094	disorder	G297	development	3
disorder:DP00096	disorder	G298	final_holdout	
disorder:DP00097	disorder	G299	development	3
disorder:DP00098	disorder	G300	development	3
disorder:DP00099	disorder	G301	final_holdout	
disorder:DP00100	disorder	G302	development	2
disorder:DP00101	disorder	G303	development	4
disorder:DP00102	disorder	G304	development	4
disorder:DP00103	disorder	G305	development	0
disorder:DP00104	disorder	G306	development	2
disorder:DP00107	disorder	G307	development	4
disorder:DP00108	disorder	G308	final_holdout	
disorder:DP00110	disorder	G309	development	4
disorder:DP00111	disorder	G310	final_holdout	
disorder:DP00112	disorder	G311	development	4
disorder:DP00113	disorder	G312	development	0
disorder:DP00116	disorder	G313	development	2
disorder:DP00118	disorder	G314	final_holdout	
disorder:DP00119	disorder	G315	development	2
disorder:DP00120	disorder	G316	development	3
disorder:DP00122	disorder	G317	development	1
disorder:DP00123	disorder	G318	development	0
disorder:DP00128	disorder	G319	development	4
disorder:DP00129	disorder	G320	development	4
disorder:DP00130	disorder	G321	development	2
disorder:DP00132	disorder	G322	confirmation	
disorder:DP00133	disorder	G323	development	4
disorder:DP00134	disorder	G324	final_holdout	
disorder:DP00135	disorder	G325	final_holdout	
disorder:DP00136	disorder	G326	development	3
disorder:DP00137	disorder	G327	development	2
disorder:DP00138	disorder	G328	development	2
disorder:DP00140	disorder	G329	final_holdout	
disorder:DP00141	disorder	G330	development	2
disorder:DP00142	disorder	G331	development	3
disorder:DP00144	disorder	G332	final_holdout	
disorder:DP00147	disorder	G333	development	4
disorder:DP00148	disorder	G334	development	4
disorder:DP00151	disorder	G335	development	0
disorder:DP00152	disorder	G336	development	2
disorder:DP00153	disorder	G337	development	4
disorder:DP00155	disorder	G338	development	3
disorder:DP00156	disorder	G339	development	0
disorder:DP00157	disorder	G340	final_holdout	
disorder:DP00159	disorder	G341	confirmation	
disorder:DP00161	disorder	G342	confirmation	
disorder:DP00162	disorder	G343	development	3
disorder:DP00163	disorder	G344	development	0
disorder:DP00164	disorder	G345	development	4
disorder:DP00166	disorder	G346	development	3
disorder:DP00168	disorder	G347	development	3
disorder:DP00169	disorder	G348	confirmation	
disorder:DP00171	disorder	G349	development	2
disorder:DP00173	disorder	G350	development	1
disorder:DP00175	disorder	G351	development	0
disorder:DP00176	disorder	G352	confirmation	
disorder:DP00177	disorder	G353	final_holdout	
disorder:DP00179	disorder	G354	development	3
disorder:DP00180	disorder	G355	development	1
disorder:DP00181	disorder	G356	development	1
disorder:DP00182	disorder	G357	development	1
disorder:DP00184	disorder	G358	development	4
disorder:DP00186	disorder	G359	final_holdout	
disorder:DP00187	disorder	G360	development	3
disorder:DP00188	disorder	G361	confirmation	
disorder:DP00189	disorder	G362	development	3
disorder:DP00190	disorder	G363	development	4
disorder:DP00192	disorder	G364	development	3
disorder:DP00194	disorder	G365	development	1
disorder:DP00195	disorder	G366	development	4
disorder:DP00196	disorder	G367	development	2
disorder:DP00197	disorder	G368	development	0
disorder:DP00200	disorder	G369	development	2
disorder:DP00201	disorder	G370	development	3
disorder:DP00202	disorder	G371	development	1
disorder:DP00207	disorder	G372	confirmation	
disorder:DP00214	disorder	G373	development	2
disorder:DP00217	disorder	G374	development	4
disorder:DP00219	disorder	G375	confirmation	
disorder:DP00220	disorder	G376	development	0
disorder:DP00222	disorder	G377	confirmation	
disorder:DP00223	disorder	G378	development	3
disorder:DP00225	disorder	G379	development	1
disorder:DP00226	disorder	G380	development	4
disorder:DP00228	disorder	G381	development	3
disorder:DP00229	disorder	G382	development	2
disorder:DP00230	disorder	G383	development	3
disorder:DP00231	disorder	G384	final_holdout	
disorder:DP00233	disorder	G385	development	1
disorder:DP00236	disorder	G386	final_holdout	
disorder:DP00238	disorder	G387	development	1
disorder:DP00239	disorder	G388	development	3
disorder:DP00240	disorder	G389	final_holdout	
disorder:DP00241	disorder	G390	final_holdout	
disorder:DP00243	disorder	G391	development	4
disorder:DP00245	disorder	G392	development	3
disorder:DP00246	disorder	G393	development	3
disorder:DP00249	disorder	G394	development	4
disorder:DP00250	disorder	G395	development	2
disorder:DP00251	disorder	G396	development	0
disorder:DP00252	disorder	G397	development	1
disorder:DP00253	disorder	G398	development	3
disorder:DP00256	disorder	G399	development	2
disorder:DP00257	disorder	G400	development	4
disorder:DP00260	disorder	G401	development	3
disorder:DP00262	disorder	G402	development	1
disorder:DP00265	disorder	G403	development	3
disorder:DP00269	disorder	G404	development	2
disorder:DP00271	disorder	G405	development	3
disorder:DP00277	disorder	G406	final_holdout	
disorder:DP00278	disorder	G407	development	2
disorder:DP00279	disorder	G408	final_holdout	
disorder:DP00282	disorder	G409	confirmation	
disorder:DP00284	disorder	G410	development	2
disorder:DP00285	disorder	G411	development	2
disorder:DP00286	disorder	G412	development	4
disorder:DP00287	disorder	G413	final_holdout	
disorder:DP00288	disorder	G414	development	3
disorder:DP00291	disorder	G415	development	0
disorder:DP00292	disorder	G416	confirmation	
disorder:DP00297	disorder	G417	development	1
disorder:DP00298	disorder	G418	development	1
disorder:DP00299	disorder	G419	final_holdout	
disorder:DP00301	disorder	G023	development	1
disorder:DP00304	disorder	G080	development	0
disorder:DP00306	disorder	G420	development	4
disorder:DP00307	disorder	G421	development	3
disorder:DP00308	disorder	G422	development	2
disorder:DP00309	disorder	G423	development	1
disorder:DP00310	disorder	G424	development	2
disorder:DP00311	disorder	G425	development	3
disorder:DP00314	disorder	G426	development	0
disorder:DP00315	disorder	G427	final_holdout	
disorder:DP00319	disorder	G081	development	4
disorder:DP00320	disorder	G428	development	0
disorder:DP00321	disorder	G429	development	0
disorder:DP00322	disorder	G430	development	1
disorder:DP00323	disorder	G431	development	1
disorder:DP00324	disorder	G432	development	1
disorder:DP00325	disorder	G433	confirmation	
disorder:DP00327	disorder	G434	development	2
disorder:DP00328	disorder	G435	confirmation	
disorder:DP00329	disorder	G436	development	2
disorder:DP00332	disorder	G437	confirmation	
disorder:DP00333	disorder	G438	development	3
disorder:DP00334	disorder	G040	development	3
disorder:DP00335	disorder	G439	confirmation	
disorder:DP00337	disorder	G440	development	1
disorder:DP00339	disorder	G441	confirmation	
disorder:DP00340	disorder	G442	development	4
disorder:DP00341	disorder	G443	final_holdout	
disorder:DP00342	disorder	G082	development	0
disorder:DP00343	disorder	G444	confirmation	
disorder:DP00344	disorder	G445	final_holdout	
disorder:DP00345	disorder	G446	final_holdout	
disorder:DP00346	disorder	G447	final_holdout	
disorder:DP00347	disorder	G448	development	0
disorder:DP00348	disorder	G449	final_holdout	
disorder:DP00349	disorder	G450	confirmation	
disorder:DP00350	disorder	G451	development	1
disorder:DP00351	disorder	G452	final_holdout	
disorder:DP00352	disorder	G453	development	2
disorder:DP00353	disorder	G454	confirmation	
disorder:DP00356	disorder	G455	development	3
disorder:DP00357	disorder	G456	confirmation	
disorder:DP00358	disorder	G457	development	4
disorder:DP00359	disorder	G458	development	0
disorder:DP00363	disorder	G459	development	1
disorder:DP00364	disorder	G460	development	2
disorder:DP00372	disorder	G461	final_holdout	
disorder:DP00377	disorder	G462	development	3
disorder:DP00378	disorder	G463	development	4
disorder:DP00379	disorder	G464	development	0
disorder:DP00380	disorder	G465	development	1
disorder:DP00381	disorder	G466	final_holdout	
disorder:DP00382	disorder	G467	development	2
disorder:DP00384	disorder	G468	confirmation	
disorder:DP00385	disorder	G469	development	2
disorder:DP00387	disorder	G470	development	3
disorder:DP00389	disorder	G471	final_holdout	
disorder:DP00390	disorder	G472	confirmation	
disorder:DP00392	disorder	G473	final_holdout	
disorder:DP00393	disorder	G474	development	4
disorder:DP00395	disorder	G475	development	0
disorder:DP00396	disorder	G476	confirmation	
disorder:DP00397	disorder	G477	development	1
disorder:DP00398	disorder	G478	development	2
disorder:DP00399	disorder	G479	final_holdout	
disorder:DP00404	disorder	G480	final_holdout	
disorder:DP00407	disorder	G481	development	2
disorder:DP00410	disorder	G482	confirmation	
disorder:DP00412	disorder	G483	development	3
disorder:DP00414	disorder	G484	development	4
disorder:DP00415	disorder	G485	development	0
disorder:DP00418	disorder	G486	confirmation	
disorder:DP00420	disorder	G487	confirmation	
disorder:DP00421	disorder	G488	development	1
disorder:DP00422	disorder	G489	development	2
disorder:DP00423	disorder	G490	development	3
disorder:DP00424	disorder	G491	confirmation	
disorder:DP00427	disorder	G492	development	4
disorder:DP00428	disorder	G493	development	0
disorder:DP00429	disorder	G494	confirmation	
disorder:DP00432	disorder	G495	development	1
disorder:DP00434	disorder	G496	development	2
disorder:DP00435	disorder	G497	confirmation	
disorder:DP00436	disorder	G083	final_holdout	
disorder:DP00437	disorder	G498	confirmation	
disorder:DP00438	disorder	G499	development	0
disorder:DP00443	disorder	G500	development	3
disorder:DP00445	disorder	G501	development	3
disorder:DP00446	disorder	G502	development	4
disorder:DP00447	disorder	G503	development	1
disorder:DP00448	disorder	G504	development	0
disorder:DP00449	disorder	G505	development	1
disorder:DP00450	disorder	G506	development	1
disorder:DP00455	disorder	G507	confirmation	
disorder:DP00457	disorder	G508	final_holdout	
disorder:DP00458	disorder	G509	development	2
disorder:DP00461	disorder	G510	development	3
disorder:DP00462	disorder	G511	development	1
disorder:DP00463	disorder	G512	final_holdout	
disorder:DP00464	disorder	G513	final_holdout	
disorder:DP00466	disorder	G084	development	3
disorder:DP00468	disorder	G514	development	4
disorder:DP00469	disorder	G515	development	0
disorder:DP00472	disorder	G516	development	1
disorder:DP00473	disorder	G517	development	3
disorder:DP00474	disorder	G518	development	2
disorder:DP00475	disorder	G519	development	3
disorder:DP00482	disorder	G520	development	3
disorder:DP00485	disorder	G521	development	4
disorder:DP00486	disorder	G522	development	0
disorder:DP00487	disorder	G523	development	1
disorder:DP00488	disorder	G524	development	1
disorder:DP00489	disorder	G525	development	2
disorder:DP00490	disorder	G526	development	3
disorder:DP00491	disorder	G527	development	1
disorder:DP00492	disorder	G528	development	4
disorder:DP00499	disorder	G529	final_holdout	
disorder:DP00505	disorder	G530	development	0
disorder:DP00506	disorder	G531	development	4
disorder:DP00508	disorder	G532	development	0
disorder:DP00509	disorder	G533	development	1
disorder:DP00510	disorder	G534	development	0
disorder:DP00512	disorder	G535	development	2
disorder:DP00513	disorder	G536	development	3
disorder:DP00516	disorder	G537	development	4
disorder:DP00517	disorder	G538	development	0
disorder:DP00519	disorder	G539	confirmation	
disorder:DP00520	disorder	G540	development	1
disorder:DP00521	disorder	G541	development	2
disorder:DP00527	disorder	G542	final_holdout	
disorder:DP00530	disorder	G543	development	3
disorder:DP00531	disorder	G544	development	4
disorder:DP00533	disorder	G545	development	0
disorder:DP00534	disorder	G546	development	1
disorder:DP00537	disorder	G547	development	2
disorder:DP00539	disorder	G548	development	3
disorder:DP00540	disorder	G549	development	4
disorder:DP00541	disorder	G550	final_holdout	
disorder:DP00543	disorder	G551	final_holdout	
disorder:DP00544	disorder	G552	development	0
disorder:DP00546	disorder	G553	development	1
disorder:DP00549	disorder	G554	development	2
disorder:DP00550	disorder	G555	development	4
disorder:DP00551	disorder	G556	confirmation	
disorder:DP00552	disorder	G557	final_holdout	
disorder:DP00553	disorder	G558	final_holdout	
disorder:DP00554	disorder	G559	development	3
disorder:DP00555	disorder	G560	development	3
disorder:DP00557	disorder	G561	development	4
disorder:DP00558	disorder	G562	development	0
disorder:DP00559	disorder	G563	development	1
disorder:DP00561	disorder	G564	development	2
disorder:DP00562	disorder	G565	final_holdout	
disorder:DP00563	disorder	G566	development	3
disorder:DP00564	disorder	G567	development	4
disorder:DP00565	disorder	G568	confirmation	
disorder:DP00567	disorder	G569	development	0
disorder:DP00570	disorder	G570	development	1
disorder:DP00573	disorder	G571	development	2
disorder:DP00575	disorder	G572	development	3
disorder:DP00576	disorder	G573	development	4
disorder:DP00578	disorder	G574	final_holdout	
disorder:DP00580	disorder	G575	development	0
disorder:DP00581	disorder	G576	development	4
disorder:DP00583	disorder	G577	development	1
disorder:DP00584	disorder	G578	final_holdout	
disorder:DP00587	disorder	G579	development	2
disorder:DP00588	disorder	G580	development	2
disorder:DP00591	disorder	G581	development	3
disorder:DP00592	disorder	G582	development	4
disorder:DP00594	disorder	G583	development	0
disorder:DP00600	disorder	G584	development	1
disorder:DP00605	disorder	G585	final_holdout	
disorder:DP00606	disorder	G586	development	2
disorder:DP00607	disorder	G587	final_holdout	
disorder:DP00608	disorder	G588	development	4
disorder:DP00609	disorder	G589	development	2
disorder:DP00610	disorder	G590	development	3
disorder:DP00611	disorder	G591	development	4
disorder:DP00613	disorder	G592	confirmation	
disorder:DP00614	disorder	G085	final_holdout	
disorder:DP00615	disorder	G593	development	2
disorder:DP00616	disorder	G594	development	0
disorder:DP00617	disorder	G086	final_holdout	
disorder:DP00618	disorder	G595	development	1
disorder:DP00620	disorder	G596	development	2
disorder:DP00621	disorder	G597	confirmation	
disorder:DP00622	disorder	G598	confirmation	
disorder:DP00623	disorder	G599	development	3
disorder:DP00624	disorder	G600	development	4
disorder:DP00625	disorder	G601	development	0
disorder:DP00626	disorder	G602	development	1
disorder:DP00628	disorder	G603	confirmation	
disorder:DP00629	disorder	G604	development	2
disorder:DP00630	disorder	G605	development	3
disorder:DP00631	disorder	G606	confirmation	
disorder:DP00633	disorder	G087	final_holdout	
disorder:DP00636	disorder	G607	confirmation	
disorder:DP00641	disorder	G608	development	1
disorder:DP00645	disorder	G609	development	4
disorder:DP00646	disorder	G610	final_holdout	
disorder:DP00652	disorder	G017	development	4
disorder:DP00653	disorder	G611	development	0
disorder:DP00654	disorder	G612	development	0
disorder:DP00655	disorder	G613	confirmation	
disorder:DP00656	disorder	G614	final_holdout	
disorder:DP00657	disorder	G615	development	2
disorder:DP00658	disorder	G616	final_holdout	
disorder:DP00659	disorder	G617	confirmation	
disorder:DP00661	disorder	G618	development	1
disorder:DP00662	disorder	G619	confirmation	
disorder:DP00663	disorder	G620	final_holdout	
disorder:DP00664	disorder	G621	confirmation	
disorder:DP00666	disorder	G622	final_holdout	
disorder:DP00667	disorder	G623	development	2
disorder:DP00668	disorder	G624	final_holdout	
disorder:DP00669	disorder	G625	final_holdout	
disorder:DP00670	disorder	G626	development	3
disorder:DP00672	disorder	G627	development	4
disorder:DP00673	disorder	G628	development	0
disorder:DP00674	disorder	G629	development	2
disorder:DP00675	disorder	G630	final_holdout	
disorder:DP00677	disorder	G631	development	4
disorder:DP00678	disorder	G632	development	0
disorder:DP00683	disorder	G633	development	1
disorder:DP00685	disorder	G634	development	1
disorder:DP00686	disorder	G635	development	2
disorder:DP00687	disorder	G636	development	3
disorder:DP00689	disorder	G637	development	4
disorder:DP00693	disorder	G638	development	0
disorder:DP00694	disorder	G639	confirmation	
disorder:DP00696	disorder	G640	development	1
disorder:DP00697	disorder	G641	development	1
disorder:DP00698	disorder	G642	development	1
disorder:DP00699	disorder	G643	development	2
disorder:DP00700	disorder	G644	development	2
disorder:DP00702	disorder	G645	development	1
disorder:DP00704	disorder	G646	development	3
disorder:DP00705	disorder	G647	development	4
disorder:DP00706	disorder	G648	confirmation	
disorder:DP00707	disorder	G649	confirmation	
disorder:DP00708	disorder	G650	confirmation	
disorder:DP00709	disorder	G651	final_holdout	
disorder:DP00712	disorder	G652	final_holdout	
disorder:DP00716	disorder	G653	development	0
disorder:DP00717	disorder	G654	confirmation	
disorder:DP00718	disorder	G655	development	1
disorder:DP00719	disorder	G656	development	1
disorder:DP00720	disorder	G657	development	2
disorder:DP00721	disorder	G658	development	3
disorder:DP00722	disorder	G659	confirmation	
disorder:DP00723	disorder	G660	development	4
disorder:DP00724	disorder	G661	development	2
disorder:DP00725	disorder	G662	development	0
disorder:DP00726	disorder	G663	development	3
disorder:DP00728	disorder	G005	confirmation	
disorder:DP00729	disorder	G008	development	2
disorder:DP00730	disorder	G664	development	4
disorder:DP00732	disorder	G088	development	2
disorder:DP00734	disorder	G665	development	1
disorder:DP00736	disorder	G666	development	2
disorder:DP00741	disorder	G667	development	3
disorder:DP00742	disorder	G668	development	4
disorder:DP00747	disorder	G669	development	0
disorder:DP00748	disorder	G670	final_holdout	
disorder:DP00749	disorder	G671	final_holdout	
disorder:DP00750	disorder	G672	development	1
disorder:DP00752	disorder	G673	confirmation	
disorder:DP00753	disorder	G674	development	2
disorder:DP00754	disorder	G675	development	3
disorder:DP00756	disorder	G676	development	4
disorder:DP00757	disorder	G677	development	0
disorder:DP00759	disorder	G678	development	1
disorder:DP00761	disorder	G679	development	2
disorder:DP00764	disorder	G680	development	3
disorder:DP00765	disorder	G681	development	4
disorder:DP00766	disorder	G682	final_holdout	
disorder:DP00767	disorder	G683	development	0
disorder:DP00768	disorder	G684	development	1
disorder:DP00769	disorder	G685	development	2
disorder:DP00771	disorder	G686	final_holdout	
disorder:DP00774	disorder	G687	development	3
disorder:DP00775	disorder	G688	development	4
disorder:DP00778	disorder	G689	development	0
disorder:DP00783	disorder	G690	development	1
disorder:DP00786	disorder	G691	development	2
disorder:DP00787	disorder	G692	development	3
disorder:DP00788	disorder	G693	development	4
disorder:DP00790	disorder	G694	confirmation	
disorder:DP00791	disorder	G695	development	0
disorder:DP00792	disorder	G696	development	1
disorder:DP00793	disorder	G697	development	4
disorder:DP00794	disorder	G698	development	2
disorder:DP00795	disorder	G699	development	3
disorder:DP00796	disorder	G700	final_holdout	
disorder:DP00797	disorder	G701	development	4
disorder:DP00798	disorder	G089	development	3
disorder:DP00799	disorder	G702	development	0
disorder:DP00801	disorder	G703	development	1
disorder:DP00803	disorder	G704	development	2
disorder:DP00806	disorder	G705	development	3
disorder:DP00807	disorder	G706	confirmation	
disorder:DP00808	disorder	G707	development	4
disorder:DP00809	disorder	G708	final_holdout	
disorder:DP00810	disorder	G709	confirmation	
disorder:DP00811	disorder	G710	development	0
disorder:DP00814	disorder	G711	development	3
disorder:DP00815	disorder	G712	development	1
disorder:DP00816	disorder	G713	development	1
disorder:DP00818	disorder	G714	development	2
disorder:DP00820	disorder	G715	confirmation	
disorder:DP00822	disorder	G716	development	3
disorder:DP00823	disorder	G717	development	4
disorder:DP00824	disorder	G718	development	3
disorder:DP00827	disorder	G719	final_holdout	
disorder:DP00828	disorder	G720	development	0
disorder:DP00833	disorder	G721	development	1
disorder:DP00834	disorder	G722	development	2
disorder:DP00835	disorder	G723	confirmation	
disorder:DP00836	disorder	G724	development	3
disorder:DP00839	disorder	G725	development	4
disorder:DP00840	disorder	G726	confirmation	
disorder:DP00841	disorder	G727	development	0
disorder:DP00842	disorder	G728	development	0
disorder:DP00844	disorder	G729	development	1
disorder:DP00845	disorder	G730	development	4
disorder:DP00846	disorder	G731	final_holdout	
disorder:DP00847	disorder	G732	confirmation	
disorder:DP00848	disorder	G733	development	2
disorder:DP00849	disorder	G734	development	3
disorder:DP00850	disorder	G735	development	4
disorder:DP00851	disorder	G736	development	0
disorder:DP00853	disorder	G737	development	1
disorder:DP00854	disorder	G738	development	2
disorder:DP00856	disorder	G739	development	3
disorder:DP00858	disorder	G740	development	4
disorder:DP00861	disorder	G741	development	0
disorder:DP00862	disorder	G742	development	1
disorder:DP00863	disorder	G743	development	2
disorder:DP00864	disorder	G744	development	3
disorder:DP00865	disorder	G745	development	4
disorder:DP00866	disorder	G746	development	0
disorder:DP00868	disorder	G747	final_holdout	
disorder:DP00869	disorder	G748	development	1
disorder:DP00870	disorder	G749	development	2
disorder:DP00871	disorder	G750	development	3
disorder:DP00872	disorder	G751	confirmation	
disorder:DP00873	disorder	G752	confirmation	
disorder:DP00874	disorder	G753	final_holdout	
disorder:DP00875	disorder	G754	development	4
disorder:DP00876	disorder	G755	development	0
disorder:DP00877	disorder	G756	development	0
disorder:DP00878	disorder	G757	development	1
disorder:DP00882	disorder	G758	development	2
disorder:DP00884	disorder	G759	development	3
disorder:DP00885	disorder	G760	development	4
disorder:DP00886	disorder	G761	development	0
disorder:DP00887	disorder	G762	development	1
disorder:DP00889	disorder	G763	development	2
disorder:DP00892	disorder	G764	development	3
disorder:DP00893	disorder	G765	development	4
disorder:DP00894	disorder	G766	development	0
disorder:DP00895	disorder	G767	development	1
disorder:DP00896	disorder	G768	development	2
disorder:DP00897	disorder	G769	confirmation	
disorder:DP00898	disorder	G770	development	3
disorder:DP00899	disorder	G771	development	4
disorder:DP00900	disorder	G772	development	0
disorder:DP00901	disorder	G773	development	1
disorder:DP00902	disorder	G774	final_holdout	
disorder:DP00903	disorder	G775	final_holdout	
disorder:DP00904	disorder	G776	development	1
disorder:DP00907	disorder	G777	development	2
disorder:DP00908	disorder	G778	development	3
disorder:DP00910	disorder	G779	development	0
disorder:DP00912	disorder	G780	development	4
disorder:DP00913	disorder	G781	development	0
disorder:DP00914	disorder	G782	confirmation	
disorder:DP00915	disorder	G783	development	1
disorder:DP00916	disorder	G784	confirmation	
disorder:DP00917	disorder	G785	development	2
disorder:DP00918	disorder	G786	development	3
disorder:DP00919	disorder	G787	development	4
disorder:DP00922	disorder	G788	development	0
disorder:DP00925	disorder	G789	development	1
disorder:DP00926	disorder	G790	development	1
disorder:DP00927	disorder	G791	final_holdout	
disorder:DP00928	disorder	G792	development	2
disorder:DP00929	disorder	G793	development	0
disorder:DP00930	disorder	G794	development	3
disorder:DP00931	disorder	G795	development	4
disorder:DP00932	disorder	G796	confirmation	
disorder:DP00933	disorder	G797	confirmation	
disorder:DP00934	disorder	G798	development	0
disorder:DP00935	disorder	G799	development	1
disorder:DP00936	disorder	G800	development	2
disorder:DP00937	disorder	G801	development	3
disorder:DP00939	disorder	G802	development	4
disorder:DP00940	disorder	G803	confirmation	
disorder:DP00941	disorder	G804	final_holdout	
disorder:DP00942	disorder	G805	development	1
disorder:DP00943	disorder	G806	development	0
disorder:DP00944	disorder	G807	final_holdout	
disorder:DP00948	disorder	G090	development	3
disorder:DP00949	disorder	G808	development	1
disorder:DP00951	disorder	G809	confirmation	
disorder:DP00953	disorder	G810	development	2
disorder:DP00954	disorder	G811	confirmation	
disorder:DP00955	disorder	G812	confirmation	
disorder:DP00957	disorder	G813	confirmation	
disorder:DP00958	disorder	G814	development	3
disorder:DP00959	disorder	G815	confirmation	
disorder:DP00961	disorder	G816	development	4
disorder:DP00962	disorder	G817	development	4
disorder:DP00963	disorder	G818	development	4
disorder:DP00964	disorder	G819	development	0
disorder:DP00966	disorder	G820	development	1
disorder:DP00968	disorder	G821	confirmation	
disorder:DP00969	disorder	G822	development	4
disorder:DP00970	disorder	G823	development	2
disorder:DP00973	disorder	G824	development	3
disorder:DP00974	disorder	G825	development	4
disorder:DP00975	disorder	G826	final_holdout	
disorder:DP00976	disorder	G827	development	0
disorder:DP00977	disorder	G828	development	1
disorder:DP00980	disorder	G829	final_holdout	
disorder:DP00984	disorder	G830	final_holdout	
disorder:DP00985	disorder	G831	development	2
disorder:DP00986	disorder	G832	development	3
disorder:DP00987	disorder	G833	development	4
disorder:DP00989	disorder	G834	development	0
disorder:DP00990	disorder	G835	development	1
disorder:DP00991	disorder	G836	development	2
disorder:DP00992	disorder	G837	development	3
disorder:DP00993	disorder	G838	development	4
disorder:DP00994	disorder	G839	development	0
disorder:DP00995	disorder	G840	development	1
disorder:DP00996	disorder	G841	development	4
disorder:DP00997	disorder	G842	final_holdout	
disorder:DP00998	disorder	G843	development	2
disorder:DP00999	disorder	G844	development	4
disorder:DP01001	disorder	G845	final_holdout	
disorder:DP01002	disorder	G846	development	4
disorder:DP01004	disorder	G847	confirmation	
disorder:DP01009	disorder	G848	final_holdout	
disorder:DP01010	disorder	G849	confirmation	
disorder:DP01011	disorder	G850	development	3
disorder:DP01012	disorder	G851	development	4
disorder:DP01013	disorder	G852	confirmation	
disorder:DP01014	disorder	G853	final_holdout	
disorder:DP01015	disorder	G854	development	0
disorder:DP01017	disorder	G855	development	1
disorder:DP01022	disorder	G856	development	4
disorder:DP01023	disorder	G857	development	2
disorder:DP01024	disorder	G858	development	3
disorder:DP01025	disorder	G859	development	4
disorder:DP01026	disorder	G860	development	0
disorder:DP01027	disorder	G861	final_holdout	
disorder:DP01028	disorder	G862	development	1
disorder:DP01029	disorder	G863	confirmation	
disorder:DP01030	disorder	G864	development	2
disorder:DP01031	disorder	G865	development	2
disorder:DP01032	disorder	G866	final_holdout	
disorder:DP01033	disorder	G867	development	3
disorder:DP01034	disorder	G868	development	4
disorder:DP01035	disorder	G869	final_holdout	
disorder:DP01036	disorder	G870	development	3
disorder:DP01037	disorder	G871	development	0
disorder:DP01039	disorder	G872	development	1
disorder:DP01040	disorder	G873	development	2
disorder:DP01043	disorder	G874	final_holdout	
disorder:DP01044	disorder	G875	development	3
disorder:DP01045	disorder	G876	development	4
disorder:DP01047	disorder	G877	development	0
disorder:DP01048	disorder	G878	development	1
disorder:DP01049	disorder	G879	final_holdout	
disorder:DP01050	disorder	G880	final_holdout	
disorder:DP01051	disorder	G881	development	2
disorder:DP01052	disorder	G882	confirmation	
disorder:DP01054	disorder	G883	development	3
disorder:DP01055	disorder	G884	development	4
disorder:DP01056	disorder	G885	development	0
disorder:DP01057	disorder	G886	confirmation	
disorder:DP01058	disorder	G887	confirmation	
disorder:DP01059	disorder	G888	development	1
disorder:DP01063	disorder	G889	development	2
disorder:DP01065	disorder	G890	development	1
disorder:DP01066	disorder	G891	final_holdout	
disorder:DP01067	disorder	G892	development	1
disorder:DP01068	disorder	G893	development	3
disorder:DP01069	disorder	G894	confirmation	
disorder:DP01070	disorder	G895	development	4
disorder:DP01071	disorder	G896	development	0
disorder:DP01073	disorder	G897	development	1
disorder:DP01074	disorder	G898	development	2
disorder:DP01075	disorder	G899	confirmation	
disorder:DP01076	disorder	G900	confirmation	
disorder:DP01077	disorder	G901	development	3
disorder:DP01078	disorder	G902	development	4
disorder:DP01079	disorder	G903	final_holdout	
disorder:DP01080	disorder	G091	development	0
disorder:DP01082	disorder	G904	final_holdout	
disorder:DP01083	disorder	G905	development	0
disorder:DP01084	disorder	G906	development	1
disorder:DP01085	disorder	G907	final_holdout	
disorder:DP01086	disorder	G908	final_holdout	
disorder:DP01087	disorder	G909	development	2
disorder:DP01088	disorder	G910	development	3
disorder:DP01091	disorder	G911	development	4
disorder:DP01092	disorder	G912	development	0
disorder:DP01093	disorder	G913	development	1
disorder:DP01094	disorder	G914	development	2
disorder:DP01095	disorder	G915	development	3
disorder:DP01096	disorder	G916	development	4
disorder:DP01097	disorder	G917	final_holdout	
disorder:DP01098	disorder	G918	development	0
disorder:DP01099	disorder	G919	development	1
disorder:DP01100	disorder	G920	confirmation	
disorder:DP01101	disorder	G921	development	2
disorder:DP01102	disorder	G922	development	4
disorder:DP01103	disorder	G923	development	3
disorder:DP01104	disorder	G924	development	4
disorder:DP01105	disorder	G925	development	4
disorder:DP01106	disorder	G926	development	0
disorder:DP01108	disorder	G927	final_holdout	
disorder:DP01109	disorder	G928	development	1
disorder:DP01110	disorder	G929	development	2
disorder:DP01111	disorder	G930	development	3
disorder:DP01112	disorder	G931	development	2
disorder:DP01113	disorder	G932	development	1
disorder:DP01114	disorder	G092	development	1
disorder:DP01115	disorder	G933	confirmation	
disorder:DP01116	disorder	G934	development	4
disorder:DP01117	disorder	G935	development	0
disorder:DP01118	disorder	G936	development	1
disorder:DP01119	disorder	G937	final_holdout	
disorder:DP01120	disorder	G938	development	2
disorder:DP01121	disorder	G939	development	3
disorder:DP01122	disorder	G940	development	4
disorder:DP01123	disorder	G941	development	0
disorder:DP01124	disorder	G942	final_holdout	
disorder:DP01127	disorder	G943	development	1
disorder:DP01128	disorder	G944	development	2
disorder:DP01129	disorder	G945	confirmation	
disorder:DP01130	disorder	G946	development	3
disorder:DP01131	disorder	G947	development	3
disorder:DP01132	disorder	G948	confirmation	
disorder:DP01133	disorder	G949	development	4
disorder:DP01134	disorder	G950	confirmation	
disorder:DP01135	disorder	G951	development	0
disorder:DP01136	disorder	G952	development	1
disorder:DP01137	disorder	G953	development	2
disorder:DP01139	disorder	G954	confirmation	
disorder:DP01140	disorder	G955	final_holdout	
disorder:DP01141	disorder	G956	confirmation	
disorder:DP01142	disorder	G957	development	2
disorder:DP01144	disorder	G958	development	3
disorder:DP01146	disorder	G959	development	4
disorder:DP01147	disorder	G960	final_holdout	
disorder:DP01148	disorder	G961	development	0
disorder:DP01149	disorder	G962	development	0
disorder:DP01150	disorder	G963	development	2
disorder:DP01151	disorder	G964	development	2
disorder:DP01152	disorder	G965	development	2
disorder:DP01153	disorder	G966	confirmation	
disorder:DP01154	disorder	G967	development	1
disorder:DP01155	disorder	G968	development	2
disorder:DP01156	disorder	G969	development	3
disorder:DP01157	disorder	G970	development	4
disorder:DP01158	disorder	G971	confirmation	
disorder:DP01159	disorder	G972	development	0
disorder:DP01160	disorder	G973	development	1
disorder:DP01161	disorder	G974	development	4
disorder:DP01163	disorder	G975	confirmation	
disorder:DP01164	disorder	G976	development	2
disorder:DP01165	disorder	G977	development	3
disorder:DP01166	disorder	G978	final_holdout	
disorder:DP01167	disorder	G024	development	2
disorder:DP01168	disorder	G979	development	4
disorder:DP01169	disorder	G980	development	0
disorder:DP01170	disorder	G981	final_holdout	
disorder:DP01171	disorder	G093	development	3
disorder:DP01172	disorder	G982	development	1
disorder:DP01173	disorder	G983	confirmation	
disorder:DP01174	disorder	G984	development	0
disorder:DP01175	disorder	G985	final_holdout	
disorder:DP01176	disorder	G986	development	2
disorder:DP01177	disorder	G987	development	3
disorder:DP01178	disorder	G988	development	4
disorder:DP01180	disorder	G989	development	0
disorder:DP01181	disorder	G990	final_holdout	
disorder:DP01182	disorder	G991	development	1
disorder:DP01183	disorder	G992	development	2
disorder:DP01184	disorder	G993	development	3
disorder:DP01185	disorder	G994	development	4
disorder:DP01186	disorder	G995	final_holdout	
disorder:DP01187	disorder	G996	development	0
disorder:DP01189	disorder	G997	development	1
disorder:DP01190	disorder	G998	final_holdout	
disorder:DP01191	disorder	G999	development	2
disorder:DP01192	disorder	G1000	development	3
disorder:DP01193	disorder	G1001	development	0
disorder:DP01195	disorder	G1002	confirmation	
disorder:DP01196	disorder	G1003	confirmation	
disorder:DP01199	disorder	G1004	final_holdout	
disorder:DP01200	disorder	G1005	development	4
disorder:DP01201	disorder	G1006	confirmation	
disorder:DP01202	disorder	G1007	confirmation	
disorder:DP01203	disorder	G1008	final_holdout	
disorder:DP01205	disorder	G1009	confirmation	
disorder:DP01206	disorder	G1010	development	2
disorder:DP01224	disorder	G1011	confirmation	
disorder:DP01228	disorder	G1012	development	1
disorder:DP01236	disorder	G1013	development	2
disorder:DP01237	disorder	G1014	development	3
disorder:DP01239	disorder	G1015	development	0
disorder:DP01240	disorder	G1016	development	4
disorder:DP01241	disorder	G1017	development	0
disorder:DP01243	disorder	G1018	development	1
disorder:DP01244	disorder	G094	development	2
disorder:DP01245	disorder	G1019	development	0
disorder:DP01246	disorder	G1020	development	3
disorder:DP01248	disorder	G1021	development	4
disorder:DP01249	disorder	G1022	development	0
disorder:DP01250	disorder	G1023	development	2
disorder:DP01252	disorder	G1024	final_holdout	
disorder:DP01253	disorder	G1025	development	4
disorder:DP01254	disorder	G1026	development	1
disorder:DP01255	disorder	G1027	confirmation	
disorder:DP01256	disorder	G1028	development	0
disorder:DP01259	disorder	G1029	development	4
disorder:DP01261	disorder	G1030	final_holdout	
disorder:DP01262	disorder	G1031	development	2
disorder:DP01268	disorder	G1032	final_holdout	
disorder:DP01269	disorder	G1033	development	3
disorder:DP01271	disorder	G1034	development	4
disorder:DP01272	disorder	G1035	final_holdout	
disorder:DP01277	disorder	G1036	development	0
disorder:DP01278	disorder	G1037	development	1
disorder:DP01279	disorder	G1038	development	2
disorder:DP01280	disorder	G095	confirmation	
disorder:DP01281	disorder	G1039	development	3
disorder:DP01282	disorder	G1040	development	4
disorder:DP01283	disorder	G1041	development	0
disorder:DP01284	disorder	G1042	development	1
disorder:DP01285	disorder	G1043	development	2
disorder:DP01286	disorder	G1044	development	3
disorder:DP01287	disorder	G1045	final_holdout	
disorder:DP01288	disorder	G1046	development	4
disorder:DP01289	disorder	G1047	confirmation	
disorder:DP01291	disorder	G1048	development	0
disorder:DP01292	disorder	G1049	development	1
disorder:DP01293	disorder	G1050	confirmation	
disorder:DP01295	disorder	G1051	development	2
disorder:DP01296	disorder	G1052	development	3
disorder:DP01299	disorder	G1053	development	4
disorder:DP01300	disorder	G1054	final_holdout	
disorder:DP01303	disorder	G1055	development	0
disorder:DP01304	disorder	G1056	final_holdout	
disorder:DP01305	disorder	G1057	development	1
disorder:DP01306	disorder	G1058	development	1
disorder:DP01308	disorder	G1059	confirmation	
disorder:DP01309	disorder	G1060	development	3
disorder:DP01310	disorder	G1061	confirmation	
disorder:DP01311	disorder	G1062	development	4
disorder:DP01312	disorder	G1063	confirmation	
disorder:DP01313	disorder	G1064	development	0
disorder:DP01315	disorder	G1065	confirmation	
disorder:DP01316	disorder	G1066	development	1
disorder:DP01317	disorder	G1067	confirmation	
disorder:DP01319	disorder	G1068	development	2
disorder:DP01320	disorder	G1069	development	2
disorder:DP01322	disorder	G1070	development	4
disorder:DP01323	disorder	G1071	development	0
disorder:DP01324	disorder	G1072	development	1
disorder:DP01325	disorder	G1073	development	2
disorder:DP01326	disorder	G1074	confirmation	
disorder:DP01327	disorder	G1075	development	3
disorder:DP01328	disorder	G1076	development	4
disorder:DP01329	disorder	G1077	development	4
disorder:DP01330	disorder	G1078	development	2
disorder:DP01332	disorder	G025	development	3
disorder:DP01333	disorder	G1079	development	0
disorder:DP01334	disorder	G1080	confirmation	
disorder:DP01335	disorder	G1081	development	4
disorder:DP01336	disorder	G1082	development	2
disorder:DP01337	disorder	G1083	development	3
disorder:DP01339	disorder	G1084	development	4
disorder:DP01342	disorder	G1085	development	4
disorder:DP01344	disorder	G1086	final_holdout	
disorder:DP01347	disorder	G1087	development	0
disorder:DP01351	disorder	G1088	development	4
disorder:DP01355	disorder	G1089	confirmation	
disorder:DP01356	disorder	G1090	development	2
disorder:DP01361	disorder	G1091	final_holdout	
disorder:DP01364	disorder	G1092	development	3
disorder:DP01366	disorder	G1093	development	4
disorder:DP01368	disorder	G1094	development	0
disorder:DP01377	disorder	G1095	development	3
disorder:DP01378	disorder	G1096	development	3
disorder:DP01379	disorder	G1097	development	3
disorder:DP01380	disorder	G1098	development	3
disorder:DP01381	disorder	G1099	development	3
disorder:DP01382	disorder	G1100	development	1
disorder:DP01383	disorder	G1101	development	3
disorder:DP01384	disorder	G1102	development	3
disorder:DP01386	disorder	G1103	development	2
disorder:DP01388	disorder	G1104	development	3
disorder:DP01389	disorder	G041	development	0
disorder:DP01390	disorder	G1105	development	4
disorder:DP01391	disorder	G1106	final_holdout	
disorder:DP01392	disorder	G1107	development	0
disorder:DP01396	disorder	G1108	development	1
disorder:DP01397	disorder	G1109	confirmation	
disorder:DP01398	disorder	G1110	development	2
disorder:DP01399	disorder	G1111	development	3
disorder:DP01400	disorder	G1112	development	4
disorder:DP01401	disorder	G1113	development	0
disorder:DP01402	disorder	G1114	development	1
disorder:DP01404	disorder	G1115	development	2
disorder:DP01407	disorder	G1116	development	3
disorder:DP01420	disorder	G1117	development	3
disorder:DP01424	disorder	G1118	development	4
disorder:DP01425	disorder	G1119	development	0
disorder:DP01426	disorder	G1120	development	2
disorder:DP01427	disorder	G1121	development	3
disorder:DP01429	disorder	G096	final_holdout	
disorder:DP01430	disorder	G1122	development	4
disorder:DP01431	disorder	G1123	confirmation	
disorder:DP01432	disorder	G1124	development	0
disorder:DP01433	disorder	G1125	development	1
disorder:DP01434	disorder	G1126	development	0
disorder:DP01435	disorder	G1127	final_holdout	
disorder:DP01436	disorder	G1128	final_holdout	
disorder:DP01437	disorder	G1129	final_holdout	
disorder:DP01438	disorder	G1130	final_holdout	
disorder:DP01439	disorder	G1131	development	1
disorder:DP01440	disorder	G1132	development	2
disorder:DP01441	disorder	G1133	final_holdout	
disorder:DP01442	disorder	G1134	development	3
disorder:DP01443	disorder	G1135	development	4
disorder:DP01445	disorder	G1136	development	0
disorder:DP01446	disorder	G1137	development	1
disorder:DP01447	disorder	G1138	development	4
disorder:DP01448	disorder	G1139	development	2
disorder:DP01449	disorder	G1140	development	3
disorder:DP01450	disorder	G1141	final_holdout	
disorder:DP01451	disorder	G1142	development	4
disorder:DP01452	disorder	G1143	development	0
disorder:DP01453	disorder	G1144	development	1
disorder:DP01454	disorder	G1145	development	2
disorder:DP01455	disorder	G1146	development	3
disorder:DP01456	disorder	G1147	final_holdout	
disorder:DP01457	disorder	G1148	development	4
disorder:DP01458	disorder	G1149	development	0
disorder:DP01459	disorder	G1150	confirmation	
disorder:DP01460	disorder	G1151	confirmation	
disorder:DP01461	disorder	G1152	development	2
disorder:DP01463	disorder	G1153	development	2
disorder:DP01464	disorder	G1154	development	2
disorder:DP01465	disorder	G1155	development	3
disorder:DP01466	disorder	G1156	development	4
disorder:DP01467	disorder	G1157	final_holdout	
disorder:DP01468	disorder	G1158	confirmation	
disorder:DP01469	disorder	G1159	development	0
disorder:DP01471	disorder	G1160	development	2
disorder:DP01472	disorder	G1161	development	3
disorder:DP01473	disorder	G1162	final_holdout	
disorder:DP01474	disorder	G1163	development	2
disorder:DP01475	disorder	G1164	development	4
disorder:DP01476	disorder	G1165	development	0
disorder:DP01478	disorder	G1166	development	1
disorder:DP01479	disorder	G1167	development	2
disorder:DP01480	disorder	G1168	confirmation	
disorder:DP01481	disorder	G1169	final_holdout	
disorder:DP01482	disorder	G1170	development	3
disorder:DP01484	disorder	G1171	development	1
disorder:DP01485	disorder	G1172	development	4
disorder:DP01486	disorder	G1173	development	0
disorder:DP01487	disorder	G1174	development	1
disorder:DP01488	disorder	G1175	development	2
disorder:DP01489	disorder	G1176	final_holdout	
disorder:DP01490	disorder	G1177	final_holdout	
disorder:DP01491	disorder	G1178	development	1
disorder:DP01492	disorder	G1179	development	3
disorder:DP01493	disorder	G1180	confirmation	
disorder:DP01494	disorder	G1181	development	3
disorder:DP01495	disorder	G1182	development	4
disorder:DP01496	disorder	G1183	development	0
disorder:DP01497	disorder	G1184	confirmation	
disorder:DP01498	disorder	G1185	development	1
disorder:DP01499	disorder	G1186	development	2
disorder:DP01500	disorder	G1187	development	3
disorder:DP01501	disorder	G1188	development	4
disorder:DP01502	disorder	G1189	development	0
disorder:DP01503	disorder	G1190	development	2
disorder:DP01504	disorder	G1191	development	2
disorder:DP01506	disorder	G1192	development	3
disorder:DP01507	disorder	G1193	development	4
disorder:DP01508	disorder	G1194	final_holdout	
disorder:DP01509	disorder	G1195	confirmation	
disorder:DP01510	disorder	G1196	development	0
disorder:DP01511	disorder	G1197	confirmation	
disorder:DP01512	disorder	G1198	development	1
disorder:DP01513	disorder	G1199	confirmation	
disorder:DP01515	disorder	G1200	development	2
disorder:DP01516	disorder	G1201	development	3
disorder:DP01517	disorder	G1202	development	4
disorder:DP01520	disorder	G1203	confirmation	
disorder:DP01521	disorder	G1204	confirmation	
disorder:DP01524	disorder	G1205	development	0
disorder:DP01526	disorder	G1206	development	1
disorder:DP01527	disorder	G1207	final_holdout	
disorder:DP01528	disorder	G097	final_holdout	
disorder:DP01531	disorder	G1208	development	2
disorder:DP01533	disorder	G1209	development	3
disorder:DP01534	disorder	G1210	development	0
disorder:DP01535	disorder	G1211	development	1
disorder:DP01537	disorder	G1212	development	2
disorder:DP01538	disorder	G1213	final_holdout	
disorder:DP01539	disorder	G1214	development	3
disorder:DP01541	disorder	G1215	final_holdout	
disorder:DP01542	disorder	G1216	development	4
disorder:DP01543	disorder	G1217	final_holdout	
disorder:DP01544	disorder	G1218	confirmation	
disorder:DP01546	disorder	G1219	confirmation	
disorder:DP01547	disorder	G1220	final_holdout	
disorder:DP01548	disorder	G1221	development	0
disorder:DP01549	disorder	G1222	development	0
disorder:DP01550	disorder	G1223	development	1
disorder:DP01551	disorder	G1224	confirmation	
disorder:DP01552	disorder	G1225	final_holdout	
disorder:DP01553	disorder	G1226	development	2
disorder:DP01554	disorder	G1227	development	3
disorder:DP01555	disorder	G1228	development	4
disorder:DP01556	disorder	G1229	confirmation	
disorder:DP01557	disorder	G1230	development	0
disorder:DP01558	disorder	G1231	development	1
disorder:DP01559	disorder	G1232	development	2
disorder:DP01560	disorder	G098	development	1
disorder:DP01561	disorder	G1233	development	3
disorder:DP01562	disorder	G1234	development	4
disorder:DP01563	disorder	G1235	final_holdout	
disorder:DP01564	disorder	G1236	final_holdout	
disorder:DP01565	disorder	G1237	final_holdout	
disorder:DP01567	disorder	G1238	confirmation	
disorder:DP01569	disorder	G1239	development	0
disorder:DP01570	disorder	G1240	development	1
disorder:DP01571	disorder	G1241	development	1
disorder:DP01572	disorder	G1242	development	2
disorder:DP01574	disorder	G1243	development	3
disorder:DP01578	disorder	G1244	development	4
disorder:DP01579	disorder	G1245	confirmation	
disorder:DP01580	disorder	G1246	development	1
disorder:DP01581	disorder	G1247	development	0
disorder:DP01582	disorder	G1248	development	1
disorder:DP01584	disorder	G1249	development	2
disorder:DP01588	disorder	G1250	development	3
disorder:DP01589	disorder	G1251	final_holdout	
disorder:DP01590	disorder	G1252	development	0
disorder:DP01591	disorder	G1253	development	4
disorder:DP01592	disorder	G1254	development	0
disorder:DP01593	disorder	G1255	development	1
disorder:DP01594	disorder	G1256	confirmation	
disorder:DP01597	disorder	G1257	development	2
disorder:DP01598	disorder	G1258	confirmation	
disorder:DP01599	disorder	G1259	development	3
disorder:DP01600	disorder	G1260	development	4
disorder:DP01601	disorder	G1261	development	0
disorder:DP01602	disorder	G1262	development	1
disorder:DP01603	disorder	G1263	confirmation	
disorder:DP01604	disorder	G1264	development	0
disorder:DP01605	disorder	G1265	final_holdout	
disorder:DP01606	disorder	G1266	development	2
disorder:DP01607	disorder	G1267	confirmation	
disorder:DP01608	disorder	G1268	final_holdout	
disorder:DP01610	disorder	G1269	development	3
disorder:DP01611	disorder	G1270	development	4
disorder:DP01612	disorder	G1271	development	0
disorder:DP01613	disorder	G1272	confirmation	
disorder:DP01614	disorder	G1273	development	1
disorder:DP01615	disorder	G1274	development	2
disorder:DP01618	disorder	G1275	development	2
disorder:DP01619	disorder	G1276	development	3
disorder:DP01620	disorder	G1277	development	2
disorder:DP01621	disorder	G1278	final_holdout	
disorder:DP01622	disorder	G1279	final_holdout	
disorder:DP01623	disorder	G1280	confirmation	
disorder:DP01624	disorder	G1281	development	0
disorder:DP01625	disorder	G1282	development	1
disorder:DP01626	disorder	G1283	development	2
disorder:DP01627	disorder	G1284	development	3
disorder:DP01628	disorder	G1285	development	4
disorder:DP01629	disorder	G1286	development	0
disorder:DP01631	disorder	G1287	development	1
disorder:DP01633	disorder	G1288	final_holdout	
disorder:DP01635	disorder	G1289	development	2
disorder:DP01637	disorder	G1290	development	4
disorder:DP01638	disorder	G1291	development	4
disorder:DP01639	disorder	G1292	final_holdout	
disorder:DP01640	disorder	G1293	development	0
disorder:DP01641	disorder	G1294	development	1
disorder:DP01642	disorder	G1295	confirmation	
disorder:DP01643	disorder	G1296	development	2
disorder:DP01644	disorder	G1297	development	3
disorder:DP01645	disorder	G1298	confirmation	
disorder:DP01646	disorder	G1299	final_holdout	
disorder:DP01647	disorder	G1300	development	3
disorder:DP01648	disorder	G1301	development	2
disorder:DP01649	disorder	G1302	development	2
disorder:DP01650	disorder	G1303	development	0
disorder:DP01651	disorder	G1304	development	1
disorder:DP01653	disorder	G1305	development	2
disorder:DP01654	disorder	G1306	final_holdout	
disorder:DP01657	disorder	G1307	development	3
disorder:DP01658	disorder	G1308	development	4
disorder:DP01659	disorder	G1309	development	4
disorder:DP01660	disorder	G1310	development	1
disorder:DP01661	disorder	G1311	development	2
disorder:DP01662	disorder	G1312	development	2
disorder:DP01663	disorder	G1313	development	3
disorder:DP01664	disorder	G1314	development	4
disorder:DP01665	disorder	G1315	confirmation	
disorder:DP01667	disorder	G1316	development	0
disorder:DP01668	disorder	G1317	final_holdout	
disorder:DP01669	disorder	G1318	development	1
disorder:DP01670	disorder	G1319	confirmation	
disorder:DP01671	disorder	G1320	development	1
disorder:DP01675	disorder	G1321	development	2
disorder:DP01676	disorder	G1322	final_holdout	
disorder:DP01677	disorder	G1323	development	3
disorder:DP01700	disorder	G1324	development	4
disorder:DP01701	disorder	G1325	confirmation	
disorder:DP01704	disorder	G1326	confirmation	
disorder:DP01705	disorder	G1327	development	0
disorder:DP01714	disorder	G1328	development	1
disorder:DP01716	disorder	G1329	final_holdout	
disorder:DP01720	disorder	G1330	confirmation	
disorder:DP01724	disorder	G1331	final_holdout	
disorder:DP01729	disorder	G1332	development	3
disorder:DP01730	disorder	G1333	final_holdout	
disorder:DP01732	disorder	G1334	development	4
disorder:DP01733	disorder	G1335	development	0
disorder:DP01735	disorder	G1336	development	1
disorder:DP01736	disorder	G1337	development	2
disorder:DP01737	disorder	G1338	development	3
disorder:DP01738	disorder	G1339	final_holdout	
disorder:DP01739	disorder	G1340	development	0
disorder:DP01740	disorder	G1341	development	1
disorder:DP01741	disorder	G1342	final_holdout	
disorder:DP01742	disorder	G1343	development	2
disorder:DP01744	disorder	G1344	final_holdout	
disorder:DP01747	disorder	G1345	development	3
disorder:DP01748	disorder	G1346	confirmation	
disorder:DP01749	disorder	G1347	final_holdout	
disorder:DP01750	disorder	G1348	development	3
disorder:DP01751	disorder	G1349	final_holdout	
disorder:DP01752	disorder	G1350	development	0
disorder:DP01754	disorder	G1351	confirmation	
disorder:DP01757	disorder	G1352	development	1
disorder:DP01759	disorder	G1353	final_holdout	
disorder:DP01760	disorder	G1354	development	1
disorder:DP01762	disorder	G1355	development	2
disorder:DP01763	disorder	G1356	confirmation	
disorder:DP01764	disorder	G1357	development	3
disorder:DP01765	disorder	G1358	development	4
disorder:DP01767	disorder	G1359	development	4
disorder:DP01768	disorder	G1360	development	1
disorder:DP01769	disorder	G1361	confirmation	
disorder:DP01770	disorder	G1362	confirmation	
disorder:DP01771	disorder	G1363	development	2
disorder:DP01772	disorder	G1364	development	3
disorder:DP01773	disorder	G1365	development	4
disorder:DP01774	disorder	G1366	development	0
disorder:DP01775	disorder	G1367	development	1
disorder:DP01776	disorder	G1368	confirmation	
disorder:DP01777	disorder	G1369	development	2
disorder:DP01779	disorder	G1370	development	3
disorder:DP01780	disorder	G1371	final_holdout	
disorder:DP01781	disorder	G1372	final_holdout	
disorder:DP01782	disorder	G1373	development	4
disorder:DP01783	disorder	G1374	development	0
disorder:DP01784	disorder	G099	confirmation	
disorder:DP01785	disorder	G1375	development	1
disorder:DP01786	disorder	G1376	development	2
disorder:DP01787	disorder	G1377	development	3
disorder:DP01788	disorder	G1378	confirmation	
disorder:DP01789	disorder	G1379	development	4
disorder:DP01790	disorder	G1380	development	1
disorder:DP01791	disorder	G1381	development	2
disorder:DP01794	disorder	G1382	development	3
disorder:DP01795	disorder	G1383	development	4
disorder:DP01797	disorder	G1384	development	0
disorder:DP01799	disorder	G1385	development	1
disorder:DP01801	disorder	G1386	development	2
disorder:DP01804	disorder	G1387	development	3
disorder:DP01805	disorder	G1388	development	4
disorder:DP01806	disorder	G1389	final_holdout	
disorder:DP01807	disorder	G100	development	1
disorder:DP01808	disorder	G1390	development	1
disorder:DP01817	disorder	G1391	development	3
disorder:DP01825	disorder	G1392	development	2
disorder:DP01832	disorder	G1393	development	3
disorder:DP01833	disorder	G1394	development	4
disorder:DP01834	disorder	G1395	final_holdout	
disorder:DP01835	disorder	G1396	final_holdout	
disorder:DP01836	disorder	G1397	development	0
disorder:DP01837	disorder	G1398	development	1
disorder:DP01838	disorder	G1399	development	2
disorder:DP01840	disorder	G1400	development	4
disorder:DP01841	disorder	G1401	development	1
disorder:DP01842	disorder	G1402	confirmation	
disorder:DP01843	disorder	G1403	development	3
disorder:DP01844	disorder	G1404	development	0
disorder:DP01845	disorder	G042	development	1
disorder:DP01848	disorder	G1405	confirmation	
disorder:DP01849	disorder	G1406	development	1
disorder:DP01850	disorder	G1407	development	1
disorder:DP01851	disorder	G1408	development	2
disorder:DP01852	disorder	G1409	development	3
disorder:DP01854	disorder	G1410	confirmation	
disorder:DP01855	disorder	G1411	confirmation	
disorder:DP01857	disorder	G1412	final_holdout	
disorder:DP01858	disorder	G1413	final_holdout	
disorder:DP01859	disorder	G1414	development	4
disorder:DP01860	disorder	G1415	development	3
disorder:DP01861	disorder	G1416	development	0
disorder:DP01863	disorder	G1417	confirmation	
disorder:DP01864	disorder	G1418	final_holdout	
disorder:DP01867	disorder	G1419	development	0
disorder:DP01869	disorder	G1420	development	2
disorder:DP01870	disorder	G1421	development	4
disorder:DP01871	disorder	G1422	development	3
disorder:DP01872	disorder	G1423	development	4
disorder:DP01873	disorder	G1424	development	0
disorder:DP01874	disorder	G1425	development	1
disorder:DP01875	disorder	G1426	development	2
disorder:DP01876	disorder	G1427	development	3
disorder:DP01877	disorder	G1428	development	4
disorder:DP01878	disorder	G1429	development	0
disorder:DP01879	disorder	G1430	development	3
disorder:DP01880	disorder	G1431	confirmation	
disorder:DP01881	disorder	G1432	confirmation	
disorder:DP01883	disorder	G1433	development	1
disorder:DP01884	disorder	G1434	development	2
disorder:DP01887	disorder	G1435	confirmation	
disorder:DP01890	disorder	G1436	development	3
disorder:DP01893	disorder	G101	development	0
disorder:DP01898	disorder	G043	development	2
disorder:DP01907	disorder	G1437	confirmation	
disorder:DP01914	disorder	G1438	development	4
disorder:DP01920	disorder	G1439	development	0
disorder:DP01921	disorder	G1440	final_holdout	
disorder:DP01925	disorder	G1441	development	1
disorder:DP01926	disorder	G1442	confirmation	
disorder:DP01928	disorder	G1443	development	2
disorder:DP01929	disorder	G1444	development	0
disorder:DP01930	disorder	G044	development	0
disorder:DP01931	disorder	G1445	development	0
disorder:DP01933	disorder	G1446	development	3
disorder:DP01934	disorder	G1447	development	3
disorder:DP01935	disorder	G1448	development	4
disorder:DP01937	disorder	G1449	development	4
disorder:DP01938	disorder	G1450	development	4
disorder:DP01939	disorder	G1451	development	1
disorder:DP01940	disorder	G1452	final_holdout	
disorder:DP01941	disorder	G1453	development	2
disorder:DP01942	disorder	G1454	development	3
disorder:DP01943	disorder	G1455	development	4
disorder:DP01944	disorder	G1456	development	4
disorder:DP01945	disorder	G1457	development	0
disorder:DP01947	disorder	G1458	development	1
disorder:DP01948	disorder	G1459	development	2
disorder:DP01950	disorder	G1460	development	4
disorder:DP01951	disorder	G1461	development	0
disorder:DP01958	disorder	G1462	final_holdout	
disorder:DP01961	disorder	G1463	development	0
disorder:DP01963	disorder	G1464	development	0
disorder:DP01965	disorder	G1465	development	1
disorder:DP01967	disorder	G1466	development	2
disorder:DP01968	disorder	G1467	development	3
disorder:DP01969	disorder	G1468	development	4
disorder:DP01970	disorder	G1469	development	0
disorder:DP01971	disorder	G1470	development	2
disorder:DP01972	disorder	G1471	development	3
disorder:DP01973	disorder	G1472	development	4
disorder:DP01974	disorder	G1473	development	0
disorder:DP01975	disorder	G1474	development	1
disorder:DP01976	disorder	G1475	development	2
disorder:DP01977	disorder	G1476	development	3
disorder:DP01978	disorder	G1477	development	4
disorder:DP01979	disorder	G1478	development	0
disorder:DP01981	disorder	G1479	development	1
disorder:DP01982	disorder	G1480	development	2
disorder:DP01983	disorder	G1481	development	3
disorder:DP01984	disorder	G1482	development	4
disorder:DP01985	disorder	G1483	development	0
disorder:DP01987	disorder	G1484	final_holdout	
disorder:DP01990	disorder	G1485	development	1
disorder:DP01993	disorder	G1486	development	0
disorder:DP01994	disorder	G1487	development	2
disorder:DP01996	disorder	G1488	development	4
disorder:DP01999	disorder	G1489	development	3
disorder:DP02000	disorder	G102	development	2
disorder:DP02001	disorder	G1490	final_holdout	
disorder:DP02002	disorder	G1491	development	0
disorder:DP02003	disorder	G1492	development	1
disorder:DP02004	disorder	G1493	final_holdout	
disorder:DP02005	disorder	G1494	development	2
disorder:DP02006	disorder	G1495	development	3
disorder:DP02007	disorder	G1496	development	4
disorder:DP02008	disorder	G1497	final_holdout	
disorder:DP02009	disorder	G1498	confirmation	
disorder:DP02010	disorder	G1499	development	0
disorder:DP02011	disorder	G1500	development	2
disorder:DP02012	disorder	G1501	development	3
disorder:DP02013	disorder	G1502	development	4
disorder:DP02015	disorder	G1503	development	4
disorder:DP02017	disorder	G1504	development	0
disorder:DP02025	disorder	G1505	development	1
disorder:DP02027	disorder	G1506	development	2
disorder:DP02030	disorder	G1507	development	3
disorder:DP02033	disorder	G1508	development	4
disorder:DP02034	disorder	G1509	development	0
disorder:DP02035	disorder	G1510	development	1
disorder:DP02042	disorder	G1511	development	2
disorder:DP02049	disorder	G1512	confirmation	
disorder:DP02050	disorder	G1513	development	3
disorder:DP02051	disorder	G1514	development	0
disorder:DP02055	disorder	G1515	development	1
disorder:DP02061	disorder	G1516	development	4
disorder:DP02065	disorder	G1517	final_holdout	
disorder:DP02066	disorder	G1518	confirmation	
disorder:DP02067	disorder	G1519	final_holdout	
disorder:DP02068	disorder	G1520	development	0
disorder:DP02069	disorder	G1521	development	1
disorder:DP02071	disorder	G1522	development	1
disorder:DP02072	disorder	G1523	development	2
disorder:DP02073	disorder	G1524	final_holdout	
disorder:DP02075	disorder	G1525	development	3
disorder:DP02076	disorder	G1526	development	4
disorder:DP02077	disorder	G1527	development	0
disorder:DP02078	disorder	G1528	confirmation	
disorder:DP02079	disorder	G1529	confirmation	
disorder:DP02086	disorder	G1530	final_holdout	
disorder:DP02094	disorder	G1531	development	1
disorder:DP02096	disorder	G1532	confirmation	
disorder:DP02097	disorder	G1533	development	2
disorder:DP02100	disorder	G1534	development	3
disorder:DP02105	disorder	G1535	development	4
disorder:DP02109	disorder	G1536	development	0
disorder:DP02118	disorder	G1537	confirmation	
disorder:DP02120	disorder	G1538	development	0
disorder:DP02122	disorder	G1539	confirmation	
disorder:DP02123	disorder	G1540	development	2
disorder:DP02124	disorder	G1541	development	3
disorder:DP02126	disorder	G1542	final_holdout	
disorder:DP02127	disorder	G1543	final_holdout	
disorder:DP02128	disorder	G1544	development	4
disorder:DP02129	disorder	G1545	development	0
disorder:DP02130	disorder	G1546	development	1
disorder:DP02132	disorder	G1547	development	2
disorder:DP02134	disorder	G1548	development	3
disorder:DP02137	disorder	G1549	development	4
disorder:DP02138	disorder	G1550	development	1
disorder:DP02142	disorder	G1551	final_holdout	
disorder:DP02143	disorder	G1552	confirmation	
disorder:DP02144	disorder	G1553	development	2
disorder:DP02145	disorder	G1554	development	2
disorder:DP02148	disorder	G1555	development	3
disorder:DP02149	disorder	G1556	development	4
disorder:DP02150	disorder	G1557	development	0
disorder:DP02151	disorder	G1558	development	1
disorder:DP02155	disorder	G1559	development	2
disorder:DP02156	disorder	G1560	development	4
disorder:DP02157	disorder	G1561	development	0
disorder:DP02158	disorder	G1562	development	1
disorder:DP02159	disorder	G1563	confirmation	
disorder:DP02160	disorder	G1564	development	2
disorder:DP02162	disorder	G1565	development	3
disorder:DP02163	disorder	G1566	development	4
disorder:DP02164	disorder	G1567	development	0
disorder:DP02165	disorder	G1568	development	1
disorder:DP02167	disorder	G1569	development	2
disorder:DP02168	disorder	G1570	development	3
disorder:DP02169	disorder	G1571	development	4
disorder:DP02170	disorder	G1572	final_holdout	
disorder:DP02171	disorder	G1573	confirmation	
disorder:DP02173	disorder	G103	confirmation	
disorder:DP02188	disorder	G1574	development	0
disorder:DP02191	disorder	G1575	development	0
disorder:DP02192	disorder	G1576	development	1
disorder:DP02193	disorder	G1577	development	0
disorder:DP02194	disorder	G1578	development	2
disorder:DP02195	disorder	G1579	final_holdout	
disorder:DP02196	disorder	G1580	final_holdout	
disorder:DP02197	disorder	G1581	development	4
disorder:DP02201	disorder	G1582	development	0
disorder:DP02202	disorder	G1583	development	0
disorder:DP02203	disorder	G1584	development	0
disorder:DP02204	disorder	G1585	development	0
disorder:DP02205	disorder	G1586	development	1
disorder:DP02206	disorder	G1587	development	2
disorder:DP02207	disorder	G1588	development	3
disorder:DP02208	disorder	G1589	development	4
disorder:DP02209	disorder	G1590	development	0
disorder:DP02210	disorder	G1591	development	1
disorder:DP02212	disorder	G1592	development	0
disorder:DP02215	disorder	G104	final_holdout	
disorder:DP02216	disorder	G1593	development	2
disorder:DP02220	disorder	G1594	development	3
disorder:DP02224	disorder	G1595	final_holdout	
disorder:DP02225	disorder	G1596	final_holdout	
disorder:DP02226	disorder	G1597	development	4
disorder:DP02227	disorder	G1598	confirmation	
disorder:DP02231	disorder	G1599	development	0
disorder:DP02233	disorder	G1600	final_holdout	
disorder:DP02234	disorder	G1601	development	2
disorder:DP02247	disorder	G1602	development	1
disorder:DP02248	disorder	G1603	development	3
disorder:DP02249	disorder	G1604	development	4
disorder:DP02251	disorder	G1605	development	0
disorder:DP02253	disorder	G1606	confirmation	
disorder:DP02254	disorder	G1607	development	1
disorder:DP02256	disorder	G1608	development	2
disorder:DP02258	disorder	G1609	development	3
disorder:DP02260	disorder	G1610	development	4
disorder:DP02261	disorder	G1611	development	0
disorder:DP02262	disorder	G1612	development	1
disorder:DP02263	disorder	G1613	confirmation	
disorder:DP02264	disorder	G1614	confirmation	
disorder:DP02267	disorder	G1615	development	2
disorder:DP02269	disorder	G1616	development	3
disorder:DP02271	disorder	G1617	confirmation	
disorder:DP02272	disorder	G1618	development	4
disorder:DP02290	disorder	G1619	confirmation	
disorder:DP02291	disorder	G1620	confirmation	
disorder:DP02292	disorder	G1621	development	0
disorder:DP02294	disorder	G1622	development	0
disorder:DP02295	disorder	G1623	final_holdout	
disorder:DP02296	disorder	G1624	confirmation	
disorder:DP02299	disorder	G1625	development	1
disorder:DP02301	disorder	G1626	final_holdout	
disorder:DP02302	disorder	G1627	development	2
disorder:DP02303	disorder	G1628	development	3
disorder:DP02309	disorder	G1629	development	4
disorder:DP02311	disorder	G1630	final_holdout	
disorder:DP02312	disorder	G1631	final_holdout	
disorder:DP02313	disorder	G1632	final_holdout	
disorder:DP02314	disorder	G1633	development	0
disorder:DP02316	disorder	G1634	development	1
disorder:DP02317	disorder	G1635	development	2
disorder:DP02318	disorder	G1636	development	3
disorder:DP02320	disorder	G1637	development	4
disorder:DP02321	disorder	G1638	development	0
disorder:DP02322	disorder	G1639	development	1
disorder:DP02323	disorder	G1640	development	3
disorder:DP02324	disorder	G1641	confirmation	
disorder:DP02325	disorder	G1642	final_holdout	
disorder:DP02326	disorder	G1643	development	4
disorder:DP02327	disorder	G1644	development	0
disorder:DP02328	disorder	G1645	development	0
disorder:DP02330	disorder	G1646	development	1
disorder:DP02331	disorder	G1647	development	2
disorder:DP02332	disorder	G1648	development	3
disorder:DP02333	disorder	G1649	development	4
disorder:DP02334	disorder	G1650	development	0
disorder:DP02337	disorder	G1651	development	1
disorder:DP02338	disorder	G1652	development	2
disorder:DP02341	disorder	G1653	development	3
disorder:DP02342	disorder	G1654	confirmation	
disorder:DP02345	disorder	G1655	development	4
disorder:DP02346	disorder	G1656	development	0
disorder:DP02348	disorder	G1657	development	1
disorder:DP02349	disorder	G1658	development	2
disorder:DP02353	disorder	G1659	final_holdout	
disorder:DP02355	disorder	G1660	development	4
disorder:DP02356	disorder	G1661	development	0
disorder:DP02357	disorder	G1662	final_holdout	
disorder:DP02359	disorder	G1663	development	1
disorder:DP02360	disorder	G1664	development	0
disorder:DP02361	disorder	G1665	development	2
disorder:DP02364	disorder	G1666	development	3
disorder:DP02365	disorder	G1667	development	4
disorder:DP02368	disorder	G1668	development	0
disorder:DP02369	disorder	G1669	development	1
disorder:DP02371	disorder	G1670	development	4
disorder:DP02372	disorder	G1671	final_holdout	
disorder:DP02373	disorder	G1672	confirmation	
disorder:DP02375	disorder	G1673	confirmation	
disorder:DP02376	disorder	G1674	development	2
disorder:DP02377	disorder	G1675	development	3
disorder:DP02378	disorder	G1676	development	4
disorder:DP02380	disorder	G1677	final_holdout	
disorder:DP02381	disorder	G1678	development	0
disorder:DP02382	disorder	G1679	development	2
disorder:DP02383	disorder	G1680	development	1
disorder:DP02384	disorder	G1681	development	1
disorder:DP02386	disorder	G1682	final_holdout	
disorder:DP02387	disorder	G1683	confirmation	
disorder:DP02389	disorder	G1684	confirmation	
disorder:DP02390	disorder	G1685	development	2
disorder:DP02392	disorder	G1686	development	3
disorder:DP02393	disorder	G1687	development	4
disorder:DP02395	disorder	G1688	confirmation	
disorder:DP02396	disorder	G1689	final_holdout	
disorder:DP02397	disorder	G1690	development	1
disorder:DP02398	disorder	G1691	development	2
disorder:DP02399	disorder	G1692	development	3
disorder:DP02400	disorder	G1693	development	3
disorder:DP02401	disorder	G1694	development	4
disorder:DP02404	disorder	G1695	development	0
disorder:DP02405	disorder	G1696	development	1
disorder:DP02408	disorder	G1697	development	2
disorder:DP02409	disorder	G1698	development	0
disorder:DP02410	disorder	G1699	development	3
disorder:DP02411	disorder	G1700	development	0
disorder:DP02412	disorder	G1701	development	1
disorder:DP02413	disorder	G1702	development	2
disorder:DP02414	disorder	G1703	development	3
disorder:DP02415	disorder	G1704	development	4
disorder:DP02417	disorder	G1705	development	0
disorder:DP02418	disorder	G1706	development	1
disorder:DP02419	disorder	G1707	development	2
disorder:DP02420	disorder	G1708	development	3
disorder:DP02421	disorder	G1709	confirmation	
disorder:DP02422	disorder	G1710	development	0
disorder:DP02423	disorder	G1711	final_holdout	
disorder:DP02426	disorder	G1712	development	4
disorder:DP02427	disorder	G1713	development	0
disorder:DP02428	disorder	G1714	confirmation	
disorder:DP02429	disorder	G1715	development	4
disorder:DP02431	disorder	G1716	development	1
disorder:DP02445	disorder	G1717	development	2
disorder:DP02446	disorder	G1718	development	3
disorder:DP02448	disorder	G1719	development	4
disorder:DP02449	disorder	G1720	development	0
disorder:DP02451	disorder	G1721	development	1
disorder:DP02452	disorder	G1722	development	2
disorder:DP02455	disorder	G1723	development	3
disorder:DP02456	disorder	G1724	confirmation	
disorder:DP02457	disorder	G1725	final_holdout	
disorder:DP02458	disorder	G1726	development	4
disorder:DP02460	disorder	G1727	development	0
disorder:DP02461	disorder	G1728	development	4
disorder:DP02463	disorder	G1729	confirmation	
disorder:DP02464	disorder	G1730	development	2
disorder:DP02465	disorder	G1731	development	3
disorder:DP02466	disorder	G1732	development	4
disorder:DP02467	disorder	G1733	development	0
disorder:DP02468	disorder	G1734	development	1
disorder:DP02470	disorder	G1735	final_holdout	
disorder:DP02471	disorder	G1736	development	2
disorder:DP02472	disorder	G1737	development	3
disorder:DP02473	disorder	G1738	development	4
disorder:DP02474	disorder	G1739	final_holdout	
disorder:DP02475	disorder	G1740	development	0
disorder:DP02476	disorder	G1741	development	1
disorder:DP02477	disorder	G1742	confirmation	
disorder:DP02478	disorder	G1743	confirmation	
disorder:DP02479	disorder	G1744	development	2
disorder:DP02480	disorder	G1745	development	3
disorder:DP02481	disorder	G1746	development	4
disorder:DP02483	disorder	G1747	development	0
disorder:DP02484	disorder	G1748	confirmation	
disorder:DP02485	disorder	G045	confirmation	
disorder:DP02486	disorder	G1749	development	1
disorder:DP02487	disorder	G1750	development	2
disorder:DP02488	disorder	G1751	development	3
disorder:DP02489	disorder	G1752	confirmation	
disorder:DP02490	disorder	G1753	development	4
disorder:DP02491	disorder	G1754	development	0
disorder:DP02492	disorder	G1755	development	1
disorder:DP02493	disorder	G1756	development	2
disorder:DP02494	disorder	G1757	development	3
disorder:DP02495	disorder	G1758	development	4
disorder:DP02496	disorder	G1759	development	4
disorder:DP02498	disorder	G1760	final_holdout	
disorder:DP02499	disorder	G1761	development	1
disorder:DP02500	disorder	G1762	development	2
disorder:DP02501	disorder	G1763	development	3
disorder:DP02502	disorder	G1764	development	4
disorder:DP02503	disorder	G105	confirmation	
disorder:DP02504	disorder	G1765	development	0
disorder:DP02505	disorder	G106	development	2
disorder:DP02506	disorder	G1766	final_holdout	
disorder:DP02507	disorder	G1767	development	1
disorder:DP02508	disorder	G1768	final_holdout	
disorder:DP02509	disorder	G1769	development	2
disorder:DP02510	disorder	G1770	development	3
disorder:DP02511	disorder	G1771	development	3
disorder:DP02513	disorder	G1772	confirmation	
disorder:DP02514	disorder	G1773	development	1
disorder:DP02515	disorder	G1774	development	4
disorder:DP02516	disorder	G1775	final_holdout	
disorder:DP02517	disorder	G1776	development	0
disorder:DP02518	disorder	G1777	confirmation	
disorder:DP02519	disorder	G1778	development	1
disorder:DP02520	disorder	G1779	confirmation	
disorder:DP02521	disorder	G107	development	3
disorder:DP02522	disorder	G1780	development	4
disorder:DP02523	disorder	G1781	development	3
disorder:DP02524	disorder	G108	development	1
disorder:DP02525	disorder	G1782	development	4
disorder:DP02526	disorder	G1783	development	0
disorder:DP02527	disorder	G1784	development	1
disorder:DP02528	disorder	G1785	development	0
disorder:DP02529	disorder	G1786	development	2
disorder:DP02530	disorder	G1787	confirmation	
disorder:DP02531	disorder	G1788	development	3
disorder:DP02532	disorder	G1789	development	4
disorder:DP02533	disorder	G1790	development	1
disorder:DP02534	disorder	G1791	development	0
disorder:DP02535	disorder	G1792	development	1
disorder:DP02536	disorder	G1793	confirmation	
disorder:DP02537	disorder	G1794	final_holdout	
disorder:DP02538	disorder	G1795	development	2
disorder:DP02539	disorder	G1796	development	1
disorder:DP02540	disorder	G1797	confirmation	
disorder:DP02541	disorder	G1798	final_holdout	
disorder:DP02542	disorder	G1799	confirmation	
disorder:DP02543	disorder	G1800	development	4
disorder:DP02544	disorder	G1801	development	0
disorder:DP02545	disorder	G1802	development	1
disorder:DP02546	disorder	G1803	development	2
disorder:DP02547	disorder	G1804	development	3
disorder:DP02548	disorder	G1805	final_holdout	
disorder:DP02549	disorder	G1806	development	4
disorder:DP02550	disorder	G1807	development	4
disorder:DP02551	disorder	G046	development	3
disorder:DP02552	disorder	G1808	development	0
disorder:DP02554	disorder	G1809	development	1
disorder:DP02555	disorder	G1810	development	3
disorder:DP02556	disorder	G1811	development	4
disorder:DP02557	disorder	G1812	final_holdout	
disorder:DP02558	disorder	G1813	development	0
disorder:DP02559	disorder	G1814	development	1
disorder:DP02561	disorder	G039	development	4
disorder:DP02562	disorder	G1815	development	2
disorder:DP02564	disorder	G1816	development	3
disorder:DP02567	disorder	G1817	development	4
disorder:DP02568	disorder	G1818	confirmation	
disorder:DP02569	disorder	G1819	confirmation	
disorder:DP02570	disorder	G1820	final_holdout	
disorder:DP02571	disorder	G1821	development	1
disorder:DP02572	disorder	G1822	development	4
disorder:DP02573	disorder	G1823	development	4
disorder:DP02574	disorder	G1824	confirmation	
disorder:DP02575	disorder	G1825	final_holdout	
disorder:DP02576	disorder	G1826	development	2
disorder:DP02577	disorder	G1827	confirmation	
disorder:DP02578	disorder	G1828	confirmation	
disorder:DP02579	disorder	G1829	development	3
disorder:DP02580	disorder	G1830	confirmation	
disorder:DP02583	disorder	G1831	final_holdout	
disorder:DP02584	disorder	G1832	final_holdout	
disorder:DP02585	disorder	G1833	development	0
disorder:DP02586	disorder	G1834	development	1
disorder:DP02587	disorder	G1835	final_holdout	
disorder:DP02588	disorder	G1836	final_holdout	
disorder:DP02589	disorder	G1837	development	2
disorder:DP02590	disorder	G1838	development	3
disorder:DP02591	disorder	G1839	final_holdout	
disorder:DP02592	disorder	G1840	development	0
disorder:DP02593	disorder	G1841	development	1
disorder:DP02594	disorder	G1842	development	2
disorder:DP02595	disorder	G1843	development	1
disorder:DP02596	disorder	G1844	development	3
disorder:DP02597	disorder	G1845	development	4
disorder:DP02598	disorder	G1846	development	0
disorder:DP02599	disorder	G1847	development	1
disorder:DP02600	disorder	G1848	development	2
disorder:DP02601	disorder	G1849	development	3
disorder:DP02602	disorder	G1850	development	4
disorder:DP02604	disorder	G1851	confirmation	
disorder:DP02605	disorder	G1852	development	0
disorder:DP02606	disorder	G1853	final_holdout	
disorder:DP02607	disorder	G1854	development	0
disorder:DP02608	disorder	G1855	final_holdout	
disorder:DP02609	disorder	G1856	development	1
disorder:DP02610	disorder	G1857	development	1
disorder:DP02611	disorder	G1858	development	1
disorder:DP02612	disorder	G1859	development	2
disorder:DP02613	disorder	G1860	final_holdout	
disorder:DP02614	disorder	G1861	development	3
disorder:DP02615	disorder	G1862	development	4
disorder:DP02616	disorder	G1863	confirmation	
disorder:DP02617	disorder	G1864	development	2
disorder:DP02619	disorder	G1865	development	0
disorder:DP02620	disorder	G1866	confirmation	
disorder:DP02621	disorder	G1867	confirmation	
disorder:DP02622	disorder	G1868	development	1
disorder:DP02623	disorder	G1869	development	2
disorder:DP02624	disorder	G1870	final_holdout	
disorder:DP02625	disorder	G1871	development	4
disorder:DP02626	disorder	G1872	development	0
disorder:DP02627	disorder	G1873	development	1
disorder:DP02628	disorder	G1874	development	2
disorder:DP02630	disorder	G1875	confirmation	
disorder:DP02631	disorder	G1876	development	2
disorder:DP02632	disorder	G1877	development	3
disorder:DP02633	disorder	G1878	development	1
disorder:DP02634	disorder	G1879	confirmation	
disorder:DP02635	disorder	G1880	confirmation	
disorder:DP02636	disorder	G1881	development	0
disorder:DP02637	disorder	G109	development	1
disorder:DP02638	disorder	G1882	development	1
disorder:DP02639	disorder	G1883	final_holdout	
disorder:DP02640	disorder	G1884	final_holdout	
disorder:DP02641	disorder	G1885	final_holdout	
disorder:DP02642	disorder	G1886	development	2
disorder:DP02643	disorder	G1887	confirmation	
disorder:DP02644	disorder	G1888	confirmation	
disorder:DP02645	disorder	G1889	development	3
disorder:DP02646	disorder	G1890	development	2
disorder:DP02647	disorder	G1891	development	0
disorder:DP02648	disorder	G1892	development	1
disorder:DP02649	disorder	G1893	development	1
disorder:DP02651	disorder	G1894	final_holdout	
disorder:DP02652	disorder	G1895	development	2
disorder:DP02653	disorder	G1896	development	3
disorder:DP02654	disorder	G1897	final_holdout	
disorder:DP02655	disorder	G1898	final_holdout	
disorder:DP02656	disorder	G1899	development	4
disorder:DP02657	disorder	G1900	development	1
disorder:DP02658	disorder	G1901	development	2
disorder:DP02659	disorder	G1902	development	3
disorder:DP02660	disorder	G1903	development	4
disorder:DP02661	disorder	G1904	development	0
disorder:DP02662	disorder	G1905	final_holdout	
disorder:DP02663	disorder	G1906	development	1
disorder:DP02664	disorder	G1907	development	2
disorder:DP02665	disorder	G1908	development	3
disorder:DP02667	disorder	G1909	development	4
disorder:DP02668	disorder	G1910	development	1
disorder:DP02669	disorder	G1911	final_holdout	
disorder:DP02670	disorder	G1912	development	2
disorder:DP02671	disorder	G1913	confirmation	
disorder:DP02672	disorder	G1914	development	3
disorder:DP02673	disorder	G1915	development	3
disorder:DP02674	disorder	G1916	final_holdout	
disorder:DP02675	disorder	G1917	development	3
disorder:DP02676	disorder	G1918	final_holdout	
disorder:DP02678	disorder	G1919	development	4
disorder:DP02679	disorder	G1920	development	1
disorder:DP02680	disorder	G1921	development	0
disorder:DP02681	disorder	G1922	development	2
disorder:DP02682	disorder	G110	confirmation	
disorder:DP02683	disorder	G1923	development	4
disorder:DP02684	disorder	G1924	development	3
disorder:DP02685	disorder	G1925	final_holdout	
disorder:DP02686	disorder	G1926	development	3
disorder:DP02687	disorder	G1927	development	4
disorder:DP02688	disorder	G1928	development	0
disorder:DP02689	disorder	G1929	development	1
disorder:DP02690	disorder	G1930	development	2
disorder:DP02691	disorder	G111	final_holdout	
disorder:DP02692	disorder	G1931	confirmation	
disorder:DP02693	disorder	G1932	confirmation	
disorder:DP02694	disorder	G1933	development	3
disorder:DP02695	disorder	G1934	development	4
disorder:DP02696	disorder	G1935	development	4
disorder:DP02697	disorder	G1936	development	0
disorder:DP02698	disorder	G1937	confirmation	
disorder:DP02699	disorder	G112	development	1
disorder:DP02700	disorder	G1938	development	1
disorder:DP02701	disorder	G1939	confirmation	
disorder:DP02702	disorder	G1940	development	3
disorder:DP02703	disorder	G1941	development	0
disorder:DP02704	disorder	G1942	development	4
disorder:DP02705	disorder	G1943	development	0
disorder:DP02706	disorder	G1944	final_holdout	
disorder:DP02707	disorder	G1945	development	1
disorder:DP02709	disorder	G1946	development	2
disorder:DP02710	disorder	G1947	development	3
disorder:DP02711	disorder	G1948	confirmation	
disorder:DP02712	disorder	G1949	development	4
disorder:DP02713	disorder	G1950	final_holdout	
disorder:DP02714	disorder	G1951	development	1
disorder:DP02715	disorder	G1952	confirmation	
disorder:DP02716	disorder	G1953	confirmation	
disorder:DP02717	disorder	G1954	confirmation	
disorder:DP02718	disorder	G1955	development	2
disorder:DP02719	disorder	G1956	development	3
disorder:DP02721	disorder	G1957	final_holdout	
disorder:DP02722	disorder	G113	final_holdout	
disorder:DP02723	disorder	G1958	development	4
disorder:DP02724	disorder	G1959	final_holdout	
disorder:DP02726	disorder	G1960	confirmation	
disorder:DP02727	disorder	G1961	development	0
disorder:DP02728	disorder	G114	confirmation	
disorder:DP02729	disorder	G1962	development	1
disorder:DP02730	disorder	G1963	development	2
disorder:DP02731	disorder	G1964	development	3
disorder:DP02732	disorder	G1965	development	4
disorder:DP02733	disorder	G1966	confirmation	
disorder:DP02734	disorder	G1967	final_holdout	
disorder:DP02735	disorder	G1968	development	0
disorder:DP02736	disorder	G1969	development	1
disorder:DP02737	disorder	G1970	development	3
disorder:DP02738	disorder	G1971	final_holdout	
disorder:DP02739	disorder	G1972	development	4
disorder:DP02740	disorder	G1973	development	0
disorder:DP02741	disorder	G1974	confirmation	
disorder:DP02742	disorder	G115	development	1
disorder:DP02743	disorder	G1975	final_holdout	
disorder:DP02744	disorder	G1976	development	1
disorder:DP02745	disorder	G1977	final_holdout	
disorder:DP02746	disorder	G1978	final_holdout	
disorder:DP02747	disorder	G1979	development	2
disorder:DP02748	disorder	G1980	development	4
disorder:DP02749	disorder	G1981	development	0
disorder:DP02750	disorder	G1982	final_holdout	
disorder:DP02751	disorder	G1983	development	1
disorder:DP02752	disorder	G1984	development	2
disorder:DP02753	disorder	G1985	development	3
disorder:DP02754	disorder	G1986	development	4
disorder:DP02755	disorder	G1987	final_holdout	
disorder:DP02756	disorder	G1988	development	3
disorder:DP02757	disorder	G1989	development	0
disorder:DP02758	disorder	G1990	confirmation	
disorder:DP02759	disorder	G1991	development	2
disorder:DP02760	disorder	G1992	development	3
disorder:DP02761	disorder	G1993	development	4
disorder:DP02763	disorder	G1994	development	0
disorder:DP02764	disorder	G1995	final_holdout	
disorder:DP02765	disorder	G1996	development	1
disorder:DP02767	disorder	G1997	development	2
disorder:DP02768	disorder	G1998	development	3
disorder:DP02769	disorder	G1999	development	4
disorder:DP02770	disorder	G2000	development	1
disorder:DP02772	disorder	G002	development	2
disorder:DP02781	disorder	G2001	development	2
disorder:DP02782	disorder	G2002	development	3
disorder:DP02783	disorder	G2003	development	1
disorder:DP02784	disorder	G2004	development	2
disorder:DP02785	disorder	G2005	development	4
disorder:DP02786	disorder	G2006	confirmation	
disorder:DP02787	disorder	G2007	development	0
disorder:DP02789	disorder	G2008	final_holdout	
disorder:DP02790	disorder	G2009	development	1
disorder:DP02791	disorder	G2010	development	2
disorder:DP02792	disorder	G2011	development	1
disorder:DP02793	disorder	G2012	final_holdout	
disorder:DP02794	disorder	G2013	development	3
disorder:DP02795	disorder	G2014	development	4
disorder:DP02796	disorder	G2015	development	0
disorder:DP02797	disorder	G2016	development	1
disorder:DP02798	disorder	G2017	final_holdout	
disorder:DP02799	disorder	G2018	development	2
disorder:DP02800	disorder	G2019	development	3
disorder:DP02801	disorder	G2020	development	3
disorder:DP02802	disorder	G2021	final_holdout	
disorder:DP02803	disorder	G2022	development	4
disorder:DP02804	disorder	G2023	confirmation	
disorder:DP02805	disorder	G2024	development	0
disorder:DP02806	disorder	G116	development	1
disorder:DP02808	disorder	G2025	development	1
disorder:DP02809	disorder	G2026	final_holdout	
disorder:DP02810	disorder	G2027	development	2
disorder:DP02811	disorder	G2028	final_holdout	
disorder:DP02812	disorder	G2029	development	3
disorder:DP02815	disorder	G2030	final_holdout	
disorder:DP02816	disorder	G2031	development	0
disorder:DP02817	disorder	G2032	development	1
disorder:DP02818	disorder	G2033	confirmation	
disorder:DP02819	disorder	G2034	final_holdout	
disorder:DP02820	disorder	G2035	development	2
disorder:DP02822	disorder	G2036	development	3
disorder:DP02823	disorder	G2037	development	4
disorder:DP02824	disorder	G117	confirmation	
disorder:DP02825	disorder	G118	development	3
disorder:DP02826	disorder	G2038	development	0
disorder:DP02827	disorder	G2039	final_holdout	
disorder:DP02828	disorder	G2040	development	2
disorder:DP02829	disorder	G2041	confirmation	
disorder:DP02830	disorder	G2042	development	3
disorder:DP02831	disorder	G2043	development	4
disorder:DP02832	disorder	G2044	development	0
disorder:DP02833	disorder	G2045	development	2
disorder:DP02834	disorder	G2046	development	1
disorder:DP02835	disorder	G2047	development	2
disorder:DP02836	disorder	G119	development	1
disorder:DP02837	disorder	G2048	development	3
disorder:DP02838	disorder	G2049	development	4
disorder:DP02839	disorder	G2050	confirmation	
disorder:DP02840	disorder	G2051	development	1
disorder:DP02842	disorder	G2052	final_holdout	
disorder:DP02847	disorder	G2053	final_holdout	
disorder:DP02848	disorder	G2054	development	2
disorder:DP02849	disorder	G2055	development	3
disorder:DP02850	disorder	G2056	final_holdout	
disorder:DP02851	disorder	G2057	development	4
disorder:DP02852	disorder	G2058	development	0
disorder:DP02853	disorder	G2059	development	1
disorder:DP02854	disorder	G2060	development	3
disorder:DP02855	disorder	G2061	confirmation	
disorder:DP02856	disorder	G2062	development	4
disorder:DP02858	disorder	G2063	development	4
disorder:DP02860	disorder	G2064	final_holdout	
disorder:DP02862	disorder	G2065	development	0
disorder:DP02863	disorder	G2066	confirmation	
disorder:DP02864	disorder	G2067	development	0
disorder:DP02865	disorder	G2068	development	4
disorder:DP02866	disorder	G2069	development	1
disorder:DP02867	disorder	G2070	confirmation	
disorder:DP02868	disorder	G2071	development	3
disorder:DP02869	disorder	G2072	development	4
disorder:DP02870	disorder	G2073	development	0
disorder:DP02871	disorder	G2074	development	0
disorder:DP02872	disorder	G2075	development	1
disorder:DP02873	disorder	G2076	confirmation	
disorder:DP02874	disorder	G2077	confirmation	
disorder:DP02875	disorder	G2078	development	2
disorder:DP02876	disorder	G2079	development	3
disorder:DP02878	disorder	G2080	development	3
disorder:DP02879	disorder	G011	development	2
disorder:DP02880	disorder	G2081	development	2
disorder:DP02881	disorder	G2082	final_holdout	
disorder:DP02882	disorder	G2083	confirmation	
disorder:DP02883	disorder	G2084	development	4
disorder:DP02884	disorder	G2085	confirmation	
disorder:DP02885	disorder	G2086	development	0
disorder:DP02886	disorder	G2087	development	1
disorder:DP02887	disorder	G2088	confirmation	
disorder:DP02888	disorder	G2089	development	3
disorder:DP02889	disorder	G2090	development	3
disorder:DP02890	disorder	G2091	development	4
disorder:DP02891	disorder	G2092	development	0
disorder:DP02892	disorder	G2093	development	1
disorder:DP02894	disorder	G2094	confirmation	
disorder:DP02895	disorder	G2095	confirmation	
disorder:DP02896	disorder	G2096	development	2
disorder:DP02897	disorder	G2097	development	3
disorder:DP02898	disorder	G2098	development	4
disorder:DP02899	disorder	G2099	development	0
disorder:DP02900	disorder	G2100	development	2
disorder:DP02901	disorder	G2101	confirmation	
disorder:DP02903	disorder	G2102	final_holdout	
disorder:DP02904	disorder	G2103	development	3
disorder:DP02908	disorder	G2104	confirmation	
disorder:DP02910	disorder	G2105	development	4
disorder:DP02911	disorder	G2106	final_holdout	
disorder:DP02913	disorder	G2107	development	0
disorder:DP02915	disorder	G2108	development	1
disorder:DP02916	disorder	G2109	final_holdout	
disorder:DP02917	disorder	G2110	development	2
disorder:DP02918	disorder	G2111	development	3
disorder:DP02919	disorder	G2112	development	3
disorder:DP02920	disorder	G2113	final_holdout	
disorder:DP02921	disorder	G2114	development	4
disorder:DP02922	disorder	G2115	development	0
disorder:DP02923	disorder	G2116	final_holdout	
disorder:DP02924	disorder	G2117	confirmation	
disorder:DP02925	disorder	G001	confirmation	
disorder:DP02926	disorder	G2118	development	1
disorder:DP02927	disorder	G2119	development	2
disorder:DP02928	disorder	G2120	confirmation	
disorder:DP02929	disorder	G2121	development	4
disorder:DP02930	disorder	G2122	development	0
disorder:DP02931	disorder	G2123	development	1
disorder:DP02933	disorder	G2124	development	2
disorder:DP02934	disorder	G2125	development	3
disorder:DP02937	disorder	G2126	development	4
disorder:DP02939	disorder	G2127	development	0
disorder:DP02940	disorder	G2128	development	1
disorder:DP02941	disorder	G2129	development	3
disorder:DP02943	disorder	G2130	development	3
disorder:DP02945	disorder	G2131	development	3
disorder:DP02946	disorder	G2132	development	4
disorder:DP02947	disorder	G2133	development	0
disorder:DP02948	disorder	G2134	final_holdout	
disorder:DP02949	disorder	G2135	development	1
disorder:DP02950	disorder	G2136	development	2
disorder:DP02951	disorder	G2137	confirmation	
disorder:DP02953	disorder	G2138	final_holdout	
disorder:DP02954	disorder	G2139	development	3
disorder:DP02956	disorder	G2140	final_holdout	
disorder:DP02957	disorder	G120	confirmation	
disorder:DP02958	disorder	G2141	confirmation	
disorder:DP02959	disorder	G2142	development	0
disorder:DP02960	disorder	G2143	development	1
disorder:DP02961	disorder	G2144	final_holdout	
disorder:DP02962	disorder	G2145	development	0
disorder:DP02965	disorder	G2146	development	2
disorder:DP02966	disorder	G2147	final_holdout	
disorder:DP02967	disorder	G2148	development	3
disorder:DP02968	disorder	G2149	final_holdout	
disorder:DP02969	disorder	G2150	development	4
disorder:DP02971	disorder	G2151	development	0
disorder:DP02975	disorder	G2152	development	1
disorder:DP02976	disorder	G2153	development	2
disorder:DP02977	disorder	G2154	development	3
disorder:DP02978	disorder	G2155	development	4
disorder:DP02980	disorder	G2156	final_holdout	
disorder:DP02981	disorder	G2157	final_holdout	
disorder:DP02982	disorder	G2158	development	0
disorder:DP02983	disorder	G2159	final_holdout	
disorder:DP02984	disorder	G2160	development	4
disorder:DP02985	disorder	G2161	development	1
disorder:DP02986	disorder	G2162	development	2
disorder:DP02987	disorder	G2163	development	2
disorder:DP02988	disorder	G2164	development	3
disorder:DP02989	disorder	G2165	development	4
disorder:DP02990	disorder	G2166	development	0
disorder:DP02991	disorder	G2167	development	1
disorder:DP02993	disorder	G2168	development	2
disorder:DP02995	disorder	G2169	development	1
disorder:DP02996	disorder	G2170	development	4
disorder:DP02999	disorder	G2171	development	0
disorder:DP03000	disorder	G2172	confirmation	
disorder:DP03001	disorder	G2173	confirmation	
disorder:DP03002	disorder	G2174	confirmation	
disorder:DP03003	disorder	G2175	development	1
disorder:DP03004	disorder	G2176	development	2
disorder:DP03005	disorder	G2177	confirmation	
disorder:DP03006	disorder	G2178	confirmation	
disorder:DP03007	disorder	G2179	development	3
disorder:DP03008	disorder	G2180	development	4
disorder:DP03010	disorder	G2181	development	0
disorder:DP03011	disorder	G2182	development	1
disorder:DP03012	disorder	G2183	development	2
disorder:DP03013	disorder	G2184	development	3
disorder:DP03014	disorder	G2185	development	4
disorder:DP03015	disorder	G2186	confirmation	
disorder:DP03016	disorder	G2187	development	0
disorder:DP03018	disorder	G2188	development	1
disorder:DP03019	disorder	G2189	development	2
disorder:DP03020	disorder	G2190	development	4
disorder:DP03021	disorder	G2191	development	0
disorder:DP03022	disorder	G2192	development	1
disorder:DP03023	disorder	G2193	development	2
disorder:DP03024	disorder	G2194	confirmation	
disorder:DP03026	disorder	G2195	development	3
disorder:DP03027	disorder	G2196	development	4
disorder:DP03028	disorder	G2197	development	0
disorder:DP03029	disorder	G2198	development	1
disorder:DP03032	disorder	G2199	development	2
disorder:DP03034	disorder	G2200	confirmation	
disorder:DP03035	disorder	G2201	development	4
disorder:DP03037	disorder	G2202	development	0
disorder:DP03039	disorder	G2203	development	1
disorder:DP03040	disorder	G2204	development	2
disorder:DP03042	disorder	G2205	development	3
disorder:DP03043	disorder	G2206	development	4
disorder:DP03044	disorder	G2207	development	0
disorder:DP03045	disorder	G2208	development	1
disorder:DP03046	disorder	G2209	development	2
disorder:DP03047	disorder	G2210	development	3
disorder:DP03048	disorder	G2211	development	4
disorder:DP03049	disorder	G2212	confirmation	
disorder:DP03050	disorder	G2213	development	0
disorder:DP03051	disorder	G2214	development	1
disorder:DP03052	disorder	G2215	final_holdout	
disorder:DP03054	disorder	G2216	confirmation	
disorder:DP03056	disorder	G2217	development	2
disorder:DP03057	disorder	G2218	confirmation	
disorder:DP03058	disorder	G2219	development	4
disorder:DP03059	disorder	G121	development	4
disorder:DP03060	disorder	G2220	development	4
disorder:DP03061	disorder	G2221	development	0
disorder:DP03062	disorder	G2222	development	1
disorder:DP03063	disorder	G2223	development	2
disorder:DP03065	disorder	G2224	final_holdout	
disorder:DP03066	disorder	G2225	development	3
disorder:DP03067	disorder	G2226	development	4
disorder:DP03068	disorder	G2227	development	0
disorder:DP03069	disorder	G2228	development	3
disorder:DP03070	disorder	G2229	development	1
disorder:DP03071	disorder	G2230	development	3
disorder:DP03072	disorder	G2231	final_holdout	
disorder:DP03073	disorder	G2232	development	4
disorder:DP03074	disorder	G2233	development	4
disorder:DP03075	disorder	G2234	development	0
disorder:DP03076	disorder	G2235	development	1
disorder:DP03078	disorder	G2236	development	2
disorder:DP03080	disorder	G2237	development	3
disorder:DP03081	disorder	G2238	development	4
disorder:DP03082	disorder	G2239	development	4
disorder:DP03083	disorder	G2240	development	1
disorder:DP03085	disorder	G2241	development	2
disorder:DP03088	disorder	G2242	development	3
disorder:DP03090	disorder	G2243	development	4
disorder:DP03091	disorder	G2244	final_holdout	
disorder:DP03092	disorder	G2245	development	0
disorder:DP03093	disorder	G2246	confirmation	
disorder:DP03094	disorder	G2247	development	1
disorder:DP03096	disorder	G2248	final_holdout	
disorder:DP03098	disorder	G2249	final_holdout	
disorder:DP03099	disorder	G2250	confirmation	
disorder:DP03100	disorder	G2251	confirmation	
disorder:DP03101	disorder	G2252	development	2
disorder:DP03102	disorder	G2253	development	3
disorder:DP03104	disorder	G2254	development	4
disorder:DP03105	disorder	G2255	development	0
disorder:DP03106	disorder	G2256	final_holdout	
disorder:DP03107	disorder	G2257	development	1
disorder:DP03108	disorder	G2258	development	3
disorder:DP03109	disorder	G2259	development	2
disorder:DP03110	disorder	G2260	final_holdout	
disorder:DP03111	disorder	G2261	development	3
disorder:DP03112	disorder	G2262	final_holdout	
disorder:DP03113	disorder	G2263	confirmation	
disorder:DP03114	disorder	G2264	development	4
disorder:DP03115	disorder	G2265	final_holdout	
disorder:DP03116	disorder	G2266	development	0
disorder:DP03118	disorder	G2267	development	1
disorder:DP03120	disorder	G2268	development	2
disorder:DP03121	disorder	G2269	final_holdout	
disorder:DP03122	disorder	G2270	development	4
disorder:DP03123	disorder	G2271	development	0
disorder:DP03124	disorder	G2272	development	1
disorder:DP03125	disorder	G2273	confirmation	
disorder:DP03126	disorder	G2274	development	2
disorder:DP03127	disorder	G2275	development	3
disorder:DP03129	disorder	G2276	development	4
disorder:DP03130	disorder	G2277	development	4
disorder:DP03131	disorder	G2278	development	0
disorder:DP03134	disorder	G2279	confirmation	
disorder:DP03135	disorder	G2280	development	2
disorder:DP03136	disorder	G2281	development	2
disorder:DP03137	disorder	G2282	development	3
disorder:DP03138	disorder	G2283	development	4
disorder:DP03139	disorder	G2284	development	0
disorder:DP03140	disorder	G2285	development	1
disorder:DP03141	disorder	G2286	development	2
disorder:DP03142	disorder	G2287	development	3
disorder:DP03143	disorder	G2288	development	4
disorder:DP03144	disorder	G2289	development	0
disorder:DP03145	disorder	G2290	development	0
disorder:DP03147	disorder	G2291	development	1
disorder:DP03148	disorder	G2292	development	2
disorder:DP03149	disorder	G2293	development	3
disorder:DP03150	disorder	G2294	development	4
disorder:DP03151	disorder	G2295	final_holdout	
disorder:DP03152	disorder	G2296	final_holdout	
disorder:DP03153	disorder	G2297	final_holdout	
disorder:DP03154	disorder	G2298	development	0
disorder:DP03155	disorder	G2299	final_holdout	
disorder:DP03156	disorder	G2300	final_holdout	
disorder:DP03158	disorder	G2301	development	2
disorder:DP03159	disorder	G2302	development	3
disorder:DP03160	disorder	G2303	development	4
disorder:DP03161	disorder	G2304	development	0
disorder:DP03162	disorder	G122	development	1
disorder:DP03163	disorder	G2305	development	1
disorder:DP03164	disorder	G2306	development	1
disorder:DP03166	disorder	G2307	final_holdout	
disorder:DP03168	disorder	G2308	final_holdout	
disorder:DP03169	disorder	G2309	development	2
disorder:DP03170	disorder	G2310	development	4
disorder:DP03171	disorder	G2311	final_holdout	
disorder:DP03172	disorder	G2312	confirmation	
disorder:DP03173	disorder	G2313	development	0
disorder:DP03174	disorder	G2314	development	1
disorder:DP03175	disorder	G2315	development	2
disorder:DP03176	disorder	G2316	development	3
disorder:DP03177	disorder	G2317	final_holdout	
disorder:DP03178	disorder	G2318	final_holdout	
disorder:DP03179	disorder	G2319	development	4
disorder:DP03180	disorder	G2320	development	1
disorder:DP03182	disorder	G2321	development	2
disorder:DP03184	disorder	G2322	development	3
disorder:DP03185	disorder	G2323	development	4
disorder:DP03186	disorder	G2324	confirmation	
disorder:DP03187	disorder	G2325	development	2
disorder:DP03190	disorder	G2326	final_holdout	
disorder:DP03191	disorder	G2327	development	2
disorder:DP03192	disorder	G2328	development	0
disorder:DP03193	disorder	G2329	confirmation	
disorder:DP03195	disorder	G2330	final_holdout	
disorder:DP03196	disorder	G2331	confirmation	
disorder:DP03197	disorder	G2332	development	4
disorder:DP03198	disorder	G2333	development	1
disorder:DP03199	disorder	G123	development	1
disorder:DP03200	disorder	G2334	development	2
disorder:DP03201	disorder	G2335	confirmation	
disorder:DP03203	disorder	G2336	final_holdout	
disorder:DP03204	disorder	G2337	final_holdout	
disorder:DP03205	disorder	G2338	development	3
disorder:DP03206	disorder	G2339	development	4
disorder:DP03207	disorder	G2340	development	1
disorder:DP03208	disorder	G2341	final_holdout	
disorder:DP03209	disorder	G2342	development	2
disorder:DP03211	disorder	G2343	final_holdout	
disorder:DP03212	disorder	G2344	development	3
disorder:DP03213	disorder	G2345	development	4
disorder:DP03214	disorder	G2346	confirmation	
disorder:DP03215	disorder	G2347	confirmation	
disorder:DP03216	disorder	G2348	development	0
disorder:DP03217	disorder	G2349	development	1
disorder:DP03218	disorder	G2350	final_holdout	
disorder:DP03219	disorder	G2351	development	3
disorder:DP03221	disorder	G2352	confirmation	
disorder:DP03222	disorder	G2353	development	4
disorder:DP03223	disorder	G2354	development	0
disorder:DP03224	disorder	G2355	confirmation	
disorder:DP03225	disorder	G2356	final_holdout	
disorder:DP03226	disorder	G2357	final_holdout	
disorder:DP03227	disorder	G2358	development	1
disorder:DP03228	disorder	G2359	final_holdout	
disorder:DP03229	disorder	G2360	development	0
disorder:DP03230	disorder	G2361	final_holdout	
disorder:DP03231	disorder	G2362	development	3
disorder:DP03232	disorder	G2363	confirmation	
disorder:DP03233	disorder	G2364	development	4
disorder:DP03234	disorder	G2365	development	0
disorder:DP03235	disorder	G2366	final_holdout	
disorder:DP03236	disorder	G2367	development	1
disorder:DP03237	disorder	G2368	confirmation	
disorder:DP03238	disorder	G2369	development	2
disorder:DP03239	disorder	G2370	development	4
disorder:DP03240	disorder	G2371	confirmation	
disorder:DP03241	disorder	G2372	confirmation	
disorder:DP03242	disorder	G2373	development	0
disorder:DP03243	disorder	G2374	confirmation	
disorder:DP03245	disorder	G2375	development	1
disorder:DP03246	disorder	G2376	development	2
disorder:DP03248	disorder	G2377	final_holdout	
disorder:DP03249	disorder	G2378	development	3
disorder:DP03250	disorder	G2379	final_holdout	
disorder:DP03251	disorder	G2380	development	4
disorder:DP03253	disorder	G2381	development	4
disorder:DP03254	disorder	G2382	development	0
disorder:DP03255	disorder	G2383	final_holdout	
disorder:DP03256	disorder	G2384	development	1
disorder:DP03257	disorder	G2385	development	4
disorder:DP03258	disorder	G2386	development	2
disorder:DP03259	disorder	G2387	final_holdout	
disorder:DP03260	disorder	G2388	development	3
disorder:DP03261	disorder	G2389	development	4
disorder:DP03262	disorder	G047	development	0
disorder:DP03263	disorder	G2390	development	1
disorder:DP03265	disorder	G2391	development	2
disorder:DP03266	disorder	G2392	development	3
disorder:DP03267	disorder	G2393	final_holdout	
disorder:DP03268	disorder	G2394	development	4
disorder:DP03269	disorder	G2395	development	0
disorder:DP03270	disorder	G2396	final_holdout	
disorder:DP03271	disorder	G2397	development	1
disorder:DP03272	disorder	G2398	final_holdout	
disorder:DP03273	disorder	G2399	development	2
disorder:DP03274	disorder	G2400	confirmation	
disorder:DP03275	disorder	G2401	development	4
disorder:DP03276	disorder	G2402	development	0
disorder:DP03277	disorder	G2403	development	1
disorder:DP03278	disorder	G2404	development	2
disorder:DP03279	disorder	G2405	development	4
disorder:DP03280	disorder	G124	final_holdout	
disorder:DP03281	disorder	G2406	final_holdout	
disorder:DP03282	disorder	G2407	final_holdout	
disorder:DP03283	disorder	G2408	development	2
disorder:DP03284	disorder	G2409	development	3
disorder:DP03285	disorder	G2410	development	4
disorder:DP03286	disorder	G2411	confirmation	
disorder:DP03287	disorder	G2412	development	0
disorder:DP03288	disorder	G2413	confirmation	
disorder:DP03289	disorder	G2414	development	1
disorder:DP03290	disorder	G2415	development	2
disorder:DP03291	disorder	G2416	development	0
disorder:DP03292	disorder	G2417	development	4
disorder:DP03293	disorder	G2418	development	3
disorder:DP03294	disorder	G2419	final_holdout	
disorder:DP03295	disorder	G2420	development	0
disorder:DP03296	disorder	G2421	confirmation	
disorder:DP03297	disorder	G2422	confirmation	
disorder:DP03298	disorder	G2423	final_holdout	
disorder:DP03299	disorder	G2424	development	1
disorder:DP03300	disorder	G125	development	0
disorder:DP03301	disorder	G2425	final_holdout	
disorder:DP03302	disorder	G2426	final_holdout	
disorder:DP03303	disorder	G2427	development	0
disorder:DP03304	disorder	G2428	development	0
disorder:DP03305	disorder	G2429	development	2
disorder:DP03306	disorder	G2430	development	4
disorder:DP03307	disorder	G2431	development	0
disorder:DP03308	disorder	G2432	development	1
disorder:DP03309	disorder	G2433	development	2
disorder:DP03310	disorder	G2434	development	3
disorder:DP03311	disorder	G2435	development	4
disorder:DP03312	disorder	G2436	confirmation	
disorder:DP03313	disorder	G2437	development	4
disorder:DP03314	disorder	G2438	development	0
disorder:DP03315	disorder	G2439	development	1
disorder:DP03316	disorder	G2440	development	3
disorder:DP03317	disorder	G2441	development	4
disorder:DP03318	disorder	G2442	confirmation	
disorder:DP03319	disorder	G2443	development	0
disorder:DP03320	disorder	G2444	development	1
disorder:DP03322	disorder	G2445	development	2
disorder:DP03323	disorder	G2446	final_holdout	
disorder:DP03324	disorder	G2447	final_holdout	
disorder:DP03325	disorder	G2448	confirmation	
disorder:DP03326	disorder	G2449	development	3
disorder:DP03327	disorder	G2450	development	0
disorder:DP03329	disorder	G2451	development	1
disorder:DP03330	disorder	G2452	final_holdout	
disorder:DP03331	disorder	G2453	development	2
disorder:DP03332	disorder	G2454	development	3
disorder:DP03333	disorder	G2455	final_holdout	
disorder:DP03334	disorder	G2456	development	4
disorder:DP03335	disorder	G2457	development	0
disorder:DP03336	disorder	G2458	development	1
disorder:DP03337	disorder	G2459	development	2
disorder:DP03338	disorder	G2460	development	4
disorder:DP03339	disorder	G2461	development	0
disorder:DP03340	disorder	G2462	confirmation	
disorder:DP03341	disorder	G2463	development	1
disorder:DP03343	disorder	G2464	development	2
disorder:DP03344	disorder	G2465	final_holdout	
disorder:DP03345	disorder	G2466	final_holdout	
disorder:DP03346	disorder	G2467	development	3
disorder:DP03347	disorder	G2468	final_holdout	
disorder:DP03348	disorder	G2469	confirmation	
disorder:DP03349	disorder	G2470	development	0
disorder:DP03350	disorder	G2471	development	4
disorder:DP03351	disorder	G2472	development	4
disorder:DP03353	disorder	G2473	development	0
disorder:DP03354	disorder	G2474	development	0
disorder:DP03355	disorder	G2475	development	1
disorder:DP03357	disorder	G2476	development	2
disorder:DP03358	disorder	G2477	development	2
disorder:DP03359	disorder	G2478	development	3
disorder:DP03360	disorder	G2479	development	4
disorder:DP03361	disorder	G2480	development	1
disorder:DP03362	disorder	G2481	development	2
disorder:DP03363	disorder	G2482	development	3
disorder:DP03364	disorder	G2483	development	4
disorder:DP03365	disorder	G2484	final_holdout	
disorder:DP03366	disorder	G2485	development	2
disorder:DP03367	disorder	G2486	final_holdout	
disorder:DP03368	disorder	G2487	development	0
disorder:DP03369	disorder	G2488	development	1
disorder:DP03372	disorder	G2489	development	2
disorder:DP03374	disorder	G2490	development	4
disorder:DP03377	disorder	G2491	development	0
disorder:DP03378	disorder	G2492	final_holdout	
disorder:DP03379	disorder	G2493	development	1
disorder:DP03380	disorder	G2494	development	2
disorder:DP03381	disorder	G2495	development	3
disorder:DP03382	disorder	G2496	final_holdout	
disorder:DP03383	disorder	G2497	development	4
disorder:DP03385	disorder	G2498	development	0
disorder:DP03386	disorder	G2499	development	1
disorder:DP03387	disorder	G2500	final_holdout	
disorder:DP03388	disorder	G2501	development	3
disorder:DP03389	disorder	G2502	development	4
disorder:DP03390	disorder	G2503	development	0
disorder:DP03391	disorder	G2504	final_holdout	
disorder:DP03392	disorder	G2505	development	1
disorder:DP03393	disorder	G2506	development	2
disorder:DP03394	disorder	G2507	development	3
disorder:DP03396	disorder	G126	final_holdout	
disorder:DP03397	disorder	G2508	development	4
disorder:DP03398	disorder	G2509	development	0
disorder:DP03399	disorder	G2510	development	1
disorder:DP03400	disorder	G2511	confirmation	
disorder:DP03401	disorder	G2512	development	2
disorder:DP03403	disorder	G2513	development	3
disorder:DP03404	disorder	G2514	development	4
disorder:DP03405	disorder	G2515	development	0
disorder:DP03406	disorder	G2516	development	1
disorder:DP03407	disorder	G2517	final_holdout	
disorder:DP03409	disorder	G2518	development	2
disorder:DP03410	disorder	G2519	final_holdout	
disorder:DP03411	disorder	G2520	development	3
disorder:DP03412	disorder	G2521	development	0
disorder:DP03413	disorder	G2522	confirmation	
disorder:DP03414	disorder	G2523	development	4
disorder:DP03415	disorder	G2524	development	0
disorder:DP03416	disorder	G2525	confirmation	
disorder:DP03417	disorder	G127	development	4
disorder:DP03418	disorder	G2526	development	1
disorder:DP03419	disorder	G2527	development	2
disorder:DP03420	disorder	G2528	confirmation	
disorder:DP03421	disorder	G2529	development	3
disorder:DP03422	disorder	G2530	development	4
disorder:DP03423	disorder	G2531	development	0
disorder:DP03424	disorder	G2532	development	1
disorder:DP03425	disorder	G2533	development	2
disorder:DP03426	disorder	G2534	development	1
disorder:DP03427	disorder	G2535	development	3
disorder:DP03428	disorder	G2536	development	4
disorder:DP03429	disorder	G2537	final_holdout	
disorder:DP03430	disorder	G2538	final_holdout	
disorder:DP03432	disorder	G128	development	4
disorder:DP03433	disorder	G2539	development	0
disorder:DP03434	disorder	G2540	confirmation	
disorder:DP03435	disorder	G2541	development	1
disorder:DP03438	disorder	G2542	confirmation	
disorder:DP03439	disorder	G2543	development	2
disorder:DP03440	disorder	G2544	development	3
disorder:DP03442	disorder	G2545	development	2
disorder:DP03444	disorder	G2546	development	4
disorder:DP03445	disorder	G2547	confirmation	
disorder:DP03446	disorder	G2548	confirmation	
disorder:DP03447	disorder	G2549	development	0
disorder:DP03448	disorder	G2550	development	0
disorder:DP03449	disorder	G2551	development	1
disorder:DP03450	disorder	G2552	final_holdout	
disorder:DP03451	disorder	G2553	development	2
disorder:DP03452	disorder	G2554	development	3
disorder:DP03453	disorder	G2555	development	4
disorder:DP03454	disorder	G2556	confirmation	
disorder:DP03455	disorder	G2557	final_holdout	
disorder:DP03456	disorder	G2558	confirmation	
disorder:DP03457	disorder	G2559	development	0
disorder:DP03458	disorder	G2560	confirmation	
disorder:DP03459	disorder	G129	development	3
disorder:DP03460	disorder	G2561	development	2
disorder:DP03464	disorder	G2562	confirmation	
disorder:DP03465	disorder	G2563	development	3
disorder:DP03466	disorder	G2564	development	4
disorder:DP03467	disorder	G2565	development	0
disorder:DP03469	disorder	G2566	development	1
disorder:DP03470	disorder	G2567	development	2
disorder:DP03471	disorder	G2568	development	1
disorder:DP03472	disorder	G2569	development	3
disorder:DP03473	disorder	G2570	development	0
disorder:DP03475	disorder	G2571	development	1
disorder:DP03476	disorder	G2572	development	2
disorder:DP03477	disorder	G2573	development	3
disorder:DP03479	disorder	G2574	development	4
disorder:DP03480	disorder	G2575	development	0
disorder:DP03481	disorder	G2576	confirmation	
disorder:DP03482	disorder	G2577	development	1
disorder:DP03483	disorder	G2578	development	4
disorder:DP03485	disorder	G2579	development	2
disorder:DP03486	disorder	G2580	development	4
disorder:DP03487	disorder	G2581	development	3
disorder:DP03488	disorder	G2582	development	4
disorder:DP03489	disorder	G2583	development	0
disorder:DP03490	disorder	G2584	final_holdout	
disorder:DP03492	disorder	G2585	development	1
disorder:DP03494	disorder	G2586	development	2
disorder:DP03495	disorder	G130	development	4
disorder:DP03496	disorder	G2587	development	3
disorder:DP03497	disorder	G2588	development	2
disorder:DP03498	disorder	G2589	confirmation	
disorder:DP03499	disorder	G2590	development	4
disorder:DP03500	disorder	G2591	development	0
disorder:DP03501	disorder	G2592	development	1
disorder:DP03502	disorder	G2593	development	2
disorder:DP03503	disorder	G2594	development	3
disorder:DP03504	disorder	G2595	development	4
disorder:DP03505	disorder	G2596	development	0
disorder:DP03506	disorder	G2597	development	1
disorder:DP03507	disorder	G2598	final_holdout	
disorder:DP03508	disorder	G2599	development	2
disorder:DP03509	disorder	G2600	development	3
disorder:DP03510	disorder	G2601	confirmation	
disorder:DP03511	disorder	G2602	final_holdout	
disorder:DP03512	disorder	G2603	development	4
disorder:DP03513	disorder	G2604	development	0
disorder:DP03514	disorder	G2605	development	1
disorder:DP03515	disorder	G2606	development	2
disorder:DP03516	disorder	G2607	development	3
disorder:DP03517	disorder	G131	development	0
disorder:DP03519	disorder	G2608	development	4
disorder:DP03520	disorder	G2609	development	0
disorder:DP03521	disorder	G2610	confirmation	
disorder:DP03522	disorder	G2611	development	1
disorder:DP03523	disorder	G2612	development	2
disorder:DP03524	disorder	G2613	development	3
disorder:DP03525	disorder	G2614	development	4
disorder:DP03526	disorder	G2615	development	0
disorder:DP03528	disorder	G2616	confirmation	
disorder:DP03529	disorder	G2617	development	1
disorder:DP03530	disorder	G2618	confirmation	
disorder:DP03531	disorder	G2619	development	2
disorder:DP03532	disorder	G2620	final_holdout	
disorder:DP03533	disorder	G2621	final_holdout	
disorder:DP03534	disorder	G2622	development	3
disorder:DP03535	disorder	G2623	development	0
disorder:DP03536	disorder	G2624	final_holdout	
disorder:DP03537	disorder	G011	development	2
disorder:DP03538	disorder	G132	development	2
disorder:DP03539	disorder	G2625	development	4
disorder:DP03541	disorder	G2626	development	0
disorder:DP03542	disorder	G133	development	2
disorder:DP03543	disorder	G2627	development	1
disorder:DP03544	disorder	G2628	development	2
disorder:DP03545	disorder	G2629	final_holdout	
disorder:DP03546	disorder	G2630	development	3
disorder:DP03547	disorder	G2631	final_holdout	
disorder:DP03548	disorder	G2632	confirmation	
disorder:DP03549	disorder	G2633	final_holdout	
disorder:DP03550	disorder	G2634	confirmation	
disorder:DP03551	disorder	G2635	confirmation	
disorder:DP03552	disorder	G2636	development	4
disorder:DP03553	disorder	G2637	confirmation	
disorder:DP03554	disorder	G2638	final_holdout	
disorder:DP03555	disorder	G2639	development	0
disorder:DP03556	disorder	G2640	development	2
disorder:DP03557	disorder	G2641	development	3
disorder:DP03558	disorder	G2642	development	4
disorder:DP03559	disorder	G2643	development	0
disorder:DP03560	disorder	G2644	development	0
disorder:DP03562	disorder	G2645	development	0
disorder:DP03563	disorder	G2646	development	0
disorder:DP03565	disorder	G2647	development	0
disorder:DP03566	disorder	G2648	final_holdout	
disorder:DP03567	disorder	G2649	development	1
disorder:DP03568	disorder	G2650	development	1
disorder:DP03569	disorder	G2651	development	2
disorder:DP03571	disorder	G2652	development	2
disorder:DP03572	disorder	G2653	confirmation	
disorder:DP03575	disorder	G2654	development	3
disorder:DP03577	disorder	G2655	development	2
disorder:DP03578	disorder	G2656	final_holdout	
disorder:DP03579	disorder	G2657	development	4
disorder:DP03580	disorder	G2658	development	0
disorder:DP03581	disorder	G2659	confirmation	
disorder:DP03582	disorder	G2660	development	2
disorder:DP03583	disorder	G2661	confirmation	
disorder:DP03584	disorder	G2662	development	3
disorder:DP03585	disorder	G2663	development	4
disorder:DP03586	disorder	G2664	development	0
disorder:DP03587	disorder	G2665	confirmation	
disorder:DP03588	disorder	G2666	confirmation	
disorder:DP03589	disorder	G134	development	4
disorder:DP03590	disorder	G2667	final_holdout	
disorder:DP03591	disorder	G2668	development	1
disorder:DP03592	disorder	G2669	development	2
disorder:DP03593	disorder	G2670	confirmation	
disorder:DP03594	disorder	G2671	development	3
disorder:DP03595	disorder	G2672	development	4
disorder:DP03596	disorder	G2673	final_holdout	
disorder:DP03597	disorder	G2674	confirmation	
disorder:DP03598	disorder	G2675	development	0
disorder:DP03599	disorder	G2676	development	1
disorder:DP03600	disorder	G2677	confirmation	
disorder:DP03601	disorder	G2678	confirmation	
disorder:DP03604	disorder	G2679	development	2
disorder:DP03605	disorder	G2680	development	3
disorder:DP03606	disorder	G2681	confirmation	
disorder:DP03607	disorder	G2682	confirmation	
disorder:DP03608	disorder	G2683	development	4
disorder:DP03609	disorder	G2684	confirmation	
disorder:DP03610	disorder	G2685	development	0
disorder:DP03611	disorder	G2686	development	1
disorder:DP03612	disorder	G2687	development	2
disorder:DP03613	disorder	G2688	development	3
disorder:DP03614	disorder	G2689	development	4
disorder:DP03615	disorder	G2690	confirmation	
disorder:DP03616	disorder	G2691	final_holdout	
disorder:DP03617	disorder	G2692	final_holdout	
disorder:DP03619	disorder	G2693	confirmation	
disorder:DP03620	disorder	G2694	development	0
disorder:DP03621	disorder	G2695	final_holdout	
disorder:DP03622	disorder	G2696	development	1
disorder:DP03623	disorder	G2697	development	2
disorder:DP03624	disorder	G2698	development	4
disorder:DP03625	disorder	G2699	final_holdout	
disorder:DP03626	disorder	G2700	final_holdout	
disorder:DP03627	disorder	G2701	confirmation	
disorder:DP03628	disorder	G2702	confirmation	
disorder:DP03629	disorder	G2703	development	4
disorder:DP03630	disorder	G2704	development	0
disorder:DP03631	disorder	G2705	development	1
disorder:DP03632	disorder	G2706	development	2
disorder:DP03633	disorder	G2707	development	3
disorder:DP03634	disorder	G2708	development	4
disorder:DP03635	disorder	G2709	development	0
disorder:DP03637	disorder	G2710	development	1
disorder:DP03639	disorder	G135	development	4
disorder:DP03641	disorder	G2711	development	2
disorder:DP03642	disorder	G2712	final_holdout	
disorder:DP03643	disorder	G2713	development	3
disorder:DP03644	disorder	G2714	final_holdout	
disorder:DP03645	disorder	G2715	development	4
disorder:DP03646	disorder	G2716	development	0
disorder:DP03647	disorder	G2717	development	1
disorder:DP03648	disorder	G2718	development	2
disorder:DP03649	disorder	G2719	confirmation	
disorder:DP03650	disorder	G2720	confirmation	
disorder:DP03651	disorder	G2721	final_holdout	
disorder:DP03652	disorder	G2722	development	3
disorder:DP03653	disorder	G2723	final_holdout	
disorder:DP03654	disorder	G2724	final_holdout	
disorder:DP03655	disorder	G2725	confirmation	
disorder:DP03656	disorder	G2726	final_holdout	
disorder:DP03657	disorder	G136	development	0
disorder:DP03659	disorder	G2727	development	4
disorder:DP03660	disorder	G2728	development	0
disorder:DP03661	disorder	G2729	development	1
disorder:DP03662	disorder	G2730	development	2
disorder:DP03663	disorder	G2731	development	3
disorder:DP03664	disorder	G2732	confirmation	
disorder:DP03665	disorder	G2733	development	4
disorder:DP03666	disorder	G2734	final_holdout	
disorder:DP03667	disorder	G2735	confirmation	
disorder:DP03669	disorder	G2736	development	0
disorder:DP03670	disorder	G2737	final_holdout	
disorder:DP03671	disorder	G2738	development	1
disorder:DP03672	disorder	G2739	development	2
disorder:DP03674	disorder	G2740	confirmation	
disorder:DP03675	disorder	G2741	development	4
disorder:DP03676	disorder	G2742	development	0
disorder:DP03677	disorder	G2743	final_holdout	
disorder:DP03680	disorder	G2744	development	1
disorder:DP03681	disorder	G2745	confirmation	
disorder:DP03682	disorder	G2746	development	2
disorder:DP03683	disorder	G2747	development	3
disorder:DP03684	disorder	G2748	development	4
disorder:DP03685	disorder	G2749	development	0
disorder:DP03686	disorder	G2750	development	1
disorder:DP03687	disorder	G2751	development	2
disorder:DP03688	disorder	G2752	confirmation	
disorder:DP03689	disorder	G2753	confirmation	
disorder:DP03690	disorder	G2754	final_holdout	
disorder:DP03691	disorder	G2755	development	3
disorder:DP03692	disorder	G2756	final_holdout	
disorder:DP03693	disorder	G2757	development	4
disorder:DP03694	disorder	G2758	final_holdout	
disorder:DP03695	disorder	G2759	confirmation	
disorder:DP03697	disorder	G2760	final_holdout	
disorder:DP03698	disorder	G2761	development	1
disorder:DP03700	disorder	G2762	development	2
disorder:DP03701	disorder	G2763	development	0
disorder:DP03702	disorder	G2764	development	0
disorder:DP03703	disorder	G2765	development	3
disorder:DP03704	disorder	G2766	development	4
disorder:DP03705	disorder	G2767	development	0
disorder:DP03706	disorder	G2768	development	1
disorder:DP03707	disorder	G2769	development	2
disorder:DP03709	disorder	G2770	development	3
disorder:DP03710	disorder	G2771	final_holdout	
disorder:DP03711	disorder	G2772	development	4
disorder:DP03712	disorder	G2773	development	0
disorder:DP03713	disorder	G2774	development	1
disorder:DP03714	disorder	G2775	confirmation	
disorder:DP03715	disorder	G2776	development	2
disorder:DP03716	disorder	G2777	development	3
disorder:DP03717	disorder	G2778	final_holdout	
disorder:DP03718	disorder	G2779	development	4
disorder:DP03719	disorder	G2780	development	0
disorder:DP03721	disorder	G2781	development	1
disorder:DP03722	disorder	G2782	development	2
disorder:DP03723	disorder	G2783	development	3
disorder:DP03724	disorder	G2784	development	4
disorder:DP03726	disorder	G2785	development	0
disorder:DP03727	disorder	G2786	development	1
disorder:DP03728	disorder	G2787	final_holdout	
disorder:DP03729	disorder	G2788	development	2
disorder:DP03730	disorder	G2789	development	3
disorder:DP03731	disorder	G2790	final_holdout	
disorder:DP03732	disorder	G2791	development	0
disorder:DP03733	disorder	G2792	development	0
disorder:DP03734	disorder	G2793	development	0
disorder:DP03735	disorder	G2794	confirmation	
disorder:DP03737	disorder	G2795	development	1
disorder:DP03739	disorder	G2796	confirmation	
disorder:DP03740	disorder	G2797	confirmation	
disorder:DP03741	disorder	G2798	development	2
disorder:DP03742	disorder	G048	confirmation	
disorder:DP03743	disorder	G2799	development	3
disorder:DP03744	disorder	G2800	final_holdout	
disorder:DP03745	disorder	G2801	final_holdout	
disorder:DP03747	disorder	G2802	final_holdout	
disorder:DP03748	disorder	G2803	development	4
disorder:DP03749	disorder	G2804	final_holdout	
disorder:DP03750	disorder	G2805	final_holdout	
disorder:DP03751	disorder	G2806	development	0
disorder:DP03756	disorder	G2807	development	1
disorder:DP03758	disorder	G2808	development	2
disorder:DP03759	disorder	G2809	final_holdout	
disorder:DP03760	disorder	G2810	final_holdout	
disorder:DP03761	disorder	G2811	development	4
disorder:DP03764	disorder	G2812	development	0
disorder:DP03765	disorder	G2813	development	1
disorder:DP03766	disorder	G2814	final_holdout	
disorder:DP03767	disorder	G2815	confirmation	
disorder:DP03768	disorder	G2816	final_holdout	
disorder:DP03769	disorder	G2817	final_holdout	
disorder:DP03770	disorder	G2818	confirmation	
disorder:DP03771	disorder	G2819	development	2
disorder:DP03772	disorder	G2820	development	4
disorder:DP03773	disorder	G2821	development	0
disorder:DP03774	disorder	G2822	development	0
disorder:DP03775	disorder	G2823	development	1
disorder:DP03776	disorder	G2824	development	2
disorder:DP03777	disorder	G2825	development	3
disorder:DP03778	disorder	G2826	confirmation	
disorder:DP03779	disorder	G2827	development	4
disorder:DP03780	disorder	G2828	development	0
disorder:DP03781	disorder	G2829	development	1
disorder:DP03782	disorder	G2830	development	3
disorder:DP03783	disorder	G2831	development	4
disorder:DP03784	disorder	G2832	development	0
disorder:DP03786	disorder	G2833	development	1
disorder:DP03787	disorder	G2834	development	2
disorder:DP03788	disorder	G2835	development	3
disorder:DP03789	disorder	G2836	development	4
disorder:DP03790	disorder	G2837	development	0
disorder:DP03791	disorder	G2838	development	1
disorder:DP03792	disorder	G2839	development	0
disorder:DP03793	disorder	G2840	development	3
disorder:DP03794	disorder	G2841	final_holdout	
disorder:DP03797	disorder	G2842	development	3
disorder:DP03798	disorder	G2843	development	4
disorder:DP03799	disorder	G2844	final_holdout	
disorder:DP03800	disorder	G2845	development	0
disorder:DP03801	disorder	G2846	development	1
disorder:DP03802	disorder	G2847	development	2
disorder:DP03803	disorder	G2848	development	3
disorder:DP03804	disorder	G2849	development	4
disorder:DP03805	disorder	G2850	final_holdout	
disorder:DP03806	disorder	G2851	development	0
disorder:DP03807	disorder	G2852	development	1
disorder:DP03809	disorder	G2853	confirmation	
disorder:DP03810	disorder	G2854	development	2
disorder:DP03811	disorder	G2855	development	3
disorder:DP03812	disorder	G2856	final_holdout	
disorder:DP03813	disorder	G2857	development	4
disorder:DP03814	disorder	G2858	development	0
disorder:DP03815	disorder	G2859	development	1
disorder:DP03816	disorder	G2860	confirmation	
disorder:DP03817	disorder	G2861	development	3
disorder:DP03818	disorder	G2862	development	4
disorder:DP03819	disorder	G2863	development	0
disorder:DP03820	disorder	G2864	development	1
disorder:DP03821	disorder	G2865	final_holdout	
disorder:DP03822	disorder	G2866	final_holdout	
disorder:DP03823	disorder	G137	development	4
disorder:DP03824	disorder	G049	development	4
disorder:DP03825	disorder	G2867	development	2
disorder:DP03826	disorder	G2868	development	1
disorder:DP03828	disorder	G2869	development	3
disorder:DP03829	disorder	G2870	final_holdout	
disorder:DP03830	disorder	G2871	development	4
disorder:DP03832	disorder	G2872	development	0
disorder:DP03833	disorder	G2873	development	1
disorder:DP03834	disorder	G2874	development	2
disorder:DP03835	disorder	G2875	development	3
disorder:DP03836	disorder	G2876	development	4
disorder:DP03837	disorder	G2877	development	0
disorder:DP03838	disorder	G2878	final_holdout	
disorder:DP03839	disorder	G2879	development	1
disorder:DP03841	disorder	G2880	confirmation	
disorder:DP03842	disorder	G2881	development	2
disorder:DP03843	disorder	G2882	development	3
disorder:DP03845	disorder	G2883	development	4
disorder:DP03847	disorder	G2884	development	0
disorder:DP03848	disorder	G2885	development	1
disorder:DP03849	disorder	G2886	development	2
disorder:DP03850	disorder	G2887	final_holdout	
disorder:DP03851	disorder	G2888	development	3
disorder:DP03852	disorder	G2889	development	4
disorder:DP03853	disorder	G2890	development	1
disorder:DP03854	disorder	G138	development	0
disorder:DP03856	disorder	G2891	final_holdout	
disorder:DP03857	disorder	G2892	development	2
disorder:DP03859	disorder	G2893	development	3
disorder:DP03860	disorder	G2894	development	4
disorder:DP03861	disorder	G2895	confirmation	
disorder:DP03862	disorder	G2896	final_holdout	
disorder:DP03863	disorder	G2897	confirmation	
disorder:DP03864	disorder	G2898	development	2
disorder:DP03865	disorder	G2899	development	4
disorder:DP03866	disorder	G2900	development	0
disorder:DP03867	disorder	G2901	development	1
disorder:DP03868	disorder	G2902	development	2
disorder:DP03869	disorder	G2903	development	3
disorder:DP03870	disorder	G2904	development	4
disorder:DP03871	disorder	G2905	development	0
disorder:DP03872	disorder	G2906	development	1
disorder:DP03873	disorder	G2907	final_holdout	
disorder:DP03874	disorder	G2908	confirmation	
disorder:DP03875	disorder	G2909	development	2
disorder:DP03876	disorder	G2910	development	4
disorder:DP03877	disorder	G2911	development	0
disorder:DP03878	disorder	G2912	development	1
disorder:DP03879	disorder	G2913	confirmation	
disorder:DP03880	disorder	G2914	development	2
disorder:DP03881	disorder	G2915	development	3
disorder:DP03882	disorder	G2916	development	4
disorder:DP03884	disorder	G2917	development	4
disorder:DP03885	disorder	G2918	final_holdout	
disorder:DP03886	disorder	G2919	confirmation	
disorder:DP03887	disorder	G2920	final_holdout	
disorder:DP03888	disorder	G2921	confirmation	
disorder:DP03889	disorder	G2922	development	1
disorder:DP03890	disorder	G2923	confirmation	
disorder:DP03891	disorder	G2924	development	2
disorder:DP03892	disorder	G2925	development	3
disorder:DP03894	disorder	G2926	development	4
disorder:DP03896	disorder	G2927	development	0
disorder:DP03897	disorder	G2928	final_holdout	
disorder:DP03898	disorder	G2929	development	4
disorder:DP03899	disorder	G2930	development	2
disorder:DP03900	disorder	G2931	final_holdout	
disorder:DP03901	disorder	G2932	development	3
disorder:DP03902	disorder	G2933	development	4
disorder:DP03903	disorder	G2934	development	0
disorder:DP03907	disorder	G2935	confirmation	
disorder:DP03908	disorder	G2936	development	1
disorder:DP03909	disorder	G2937	development	3
disorder:DP03910	disorder	G2938	development	2
disorder:DP03911	disorder	G2939	final_holdout	
disorder:DP03912	disorder	G2940	confirmation	
disorder:DP03913	disorder	G139	development	0
disorder:DP03914	disorder	G2941	development	4
disorder:DP03915	disorder	G2942	development	0
disorder:DP03916	disorder	G2943	development	1
disorder:DP03917	disorder	G2944	development	2
disorder:DP03919	disorder	G2945	development	3
disorder:DP03920	disorder	G2946	development	4
disorder:DP03921	disorder	G2947	development	0
disorder:DP03922	disorder	G2948	development	1
disorder:DP03923	disorder	G2949	development	2
disorder:DP03924	disorder	G2950	development	3
disorder:DP03925	disorder	G2951	development	4
disorder:DP03926	disorder	G2952	final_holdout	
disorder:DP03927	disorder	G2953	development	0
disorder:DP03928	disorder	G2954	development	1
disorder:DP03929	disorder	G2955	development	2
disorder:DP03930	disorder	G2956	development	3
disorder:DP03931	disorder	G2957	development	3
disorder:DP03933	disorder	G2958	development	4
disorder:DP03934	disorder	G2959	final_holdout	
disorder:DP03935	disorder	G2960	final_holdout	
disorder:DP03937	disorder	G2961	final_holdout	
disorder:DP03938	disorder	G2962	development	0
disorder:DP03939	disorder	G2963	development	1
disorder:DP03940	disorder	G2964	development	2
disorder:DP03941	disorder	G2965	final_holdout	
disorder:DP03942	disorder	G2966	final_holdout	
disorder:DP03943	disorder	G2967	development	3
disorder:DP03944	disorder	G2968	final_holdout	
disorder:DP03945	disorder	G2969	development	4
disorder:DP03946	disorder	G2970	development	0
disorder:DP03947	disorder	G2971	development	1
disorder:DP03948	disorder	G2972	development	2
disorder:DP03949	disorder	G2973	development	3
disorder:DP03950	disorder	G2974	development	4
disorder:DP03951	disorder	G2975	confirmation	
disorder:DP03952	disorder	G2976	development	3
disorder:DP03953	disorder	G2977	confirmation	
disorder:DP03955	disorder	G2978	confirmation	
disorder:DP03956	disorder	G2979	development	0
disorder:DP03957	disorder	G2980	development	1
disorder:DP03958	disorder	G2981	confirmation	
disorder:DP03959	disorder	G2982	development	2
disorder:DP03960	disorder	G2983	development	3
disorder:DP03961	disorder	G2984	development	4
disorder:DP03962	disorder	G2985	development	0
disorder:DP03963	disorder	G2986	development	2
disorder:DP03964	disorder	G2987	development	1
disorder:DP03965	disorder	G2988	development	1
disorder:DP03966	disorder	G2989	development	1
disorder:DP03967	disorder	G2990	development	1
disorder:DP03968	disorder	G2991	development	2
disorder:DP03969	disorder	G140	development	3
disorder:DP03970	disorder	G2992	confirmation	
disorder:DP03971	disorder	G2993	confirmation	
disorder:DP03972	disorder	G2994	development	3
disorder:DP03973	disorder	G2995	development	4
disorder:DP03974	disorder	G2996	development	0
disorder:DP03975	disorder	G2997	development	1
disorder:DP03976	disorder	G2998	development	1
disorder:DP03977	disorder	G2999	development	2
disorder:DP03978	disorder	G3000	final_holdout	
disorder:DP03979	disorder	G3001	final_holdout	
disorder:DP03980	disorder	G3002	development	4
disorder:DP03982	disorder	G3003	development	0
disorder:DP03984	disorder	G3004	development	1
disorder:DP03985	disorder	G3005	final_holdout	
disorder:DP03988	disorder	G3006	development	2
disorder:DP03989	disorder	G3007	development	3
disorder:DP03990	disorder	G3008	confirmation	
disorder:DP03991	disorder	G3009	development	4
disorder:DP03992	disorder	G3010	development	0
disorder:DP03993	disorder	G3011	development	1
disorder:DP03994	disorder	G3012	development	2
disorder:DP03995	disorder	G141	confirmation	
disorder:DP03996	disorder	G3013	development	3
disorder:DP03997	disorder	G3014	development	4
disorder:DP03998	disorder	G3015	development	0
disorder:DP03999	disorder	G3016	confirmation	
disorder:DP04000	disorder	G3017	final_holdout	
disorder:DP04002	disorder	G3018	final_holdout	
disorder:DP04003	disorder	G3019	development	1
disorder:DP04005	disorder	G3020	confirmation	
disorder:DP04006	disorder	G3021	development	3
disorder:DP04007	disorder	G3022	development	4
disorder:DP04008	disorder	G3023	development	0
disorder:DP04009	disorder	G3024	development	1
disorder:DP04010	disorder	G3025	development	2
disorder:DP04012	disorder	G3026	development	3
disorder:DP04014	disorder	G3027	development	4
disorder:DP04015	disorder	G3028	development	0
disorder:DP04016	disorder	G3029	development	1
disorder:DP04017	disorder	G3030	final_holdout	
disorder:DP04018	disorder	G3031	final_holdout	
disorder:DP04019	disorder	G3032	development	2
disorder:DP04020	disorder	G3033	development	3
disorder:DP04022	disorder	G3034	development	4
disorder:DP04023	disorder	G3035	development	0
disorder:DP04024	disorder	G3036	development	0
disorder:DP04026	disorder	G3037	development	1
disorder:DP04027	disorder	G3038	development	1
disorder:DP04028	disorder	G3039	development	2
disorder:DP04029	disorder	G3040	development	3
disorder:DP04030	disorder	G3041	development	4
disorder:DP04032	disorder	G3042	development	0
disorder:DP04033	disorder	G3043	development	1
disorder:DP04035	disorder	G3044	final_holdout	
disorder:DP04036	disorder	G3045	development	2
disorder:DP04037	disorder	G3046	confirmation	
disorder:DP04038	disorder	G3047	final_holdout	
disorder:DP04039	disorder	G3048	development	3
disorder:DP04040	disorder	G3049	development	4
disorder:DP04041	disorder	G3050	development	1
disorder:DP04042	disorder	G3051	development	2
disorder:DP04044	disorder	G3052	development	3
disorder:DP04045	disorder	G3053	confirmation	
disorder:DP04046	disorder	G3054	final_holdout	
disorder:DP04048	disorder	G3055	development	4
disorder:DP04049	disorder	G3056	confirmation	
disorder:DP04050	disorder	G3057	final_holdout	
disorder:DP04051	disorder	G3058	development	0
disorder:DP04052	disorder	G3059	development	1
disorder:DP04054	disorder	G3060	development	3
disorder:DP04055	disorder	G3061	development	1
disorder:DP04056	disorder	G3062	development	1
disorder:DP04057	disorder	G3063	development	4
disorder:DP04058	disorder	G3064	development	0
disorder:DP04059	disorder	G3065	development	1
disorder:DP04060	disorder	G3066	development	2
disorder:DP04061	disorder	G3067	development	3
disorder:DP04062	disorder	G3068	final_holdout	
disorder:DP04063	disorder	G3069	development	1
disorder:DP04064	disorder	G3070	development	0
disorder:DP04065	disorder	G3071	development	1
disorder:DP04066	disorder	G3072	development	2
disorder:DP04067	disorder	G3073	development	3
disorder:DP04068	disorder	G3074	development	4
disorder:DP04070	disorder	G3075	final_holdout	
disorder:DP04072	disorder	G3076	development	0
disorder:DP04073	disorder	G3077	development	3
disorder:DP04074	disorder	G3078	confirmation	
disorder:DP04075	disorder	G3079	development	1
disorder:DP04076	disorder	G3080	development	2
disorder:DP04077	disorder	G3081	confirmation	
disorder:DP04078	disorder	G3082	development	3
disorder:DP04080	disorder	G3083	development	4
disorder:DP04081	disorder	G3084	development	0
disorder:DP04082	disorder	G3085	development	1
disorder:DP04083	disorder	G3086	confirmation	
disorder:DP04084	disorder	G3087	development	2
disorder:DP04086	disorder	G142	development	1
disorder:DP04087	disorder	G3088	final_holdout	
disorder:DP04088	disorder	G3089	development	3
disorder:DP04089	disorder	G3090	confirmation	
disorder:DP04090	disorder	G3091	final_holdout	
disorder:DP04091	disorder	G3092	development	0
disorder:DP04092	disorder	G3093	development	1
disorder:DP04093	disorder	G3094	development	1
disorder:DP04094	disorder	G3095	development	2
disorder:DP04095	disorder	G3096	final_holdout	
disorder:DP04096	disorder	G3097	development	3
disorder:DP04097	disorder	G3098	development	3
disorder:DP04098	disorder	G3099	final_holdout	
disorder:DP04100	disorder	G3100	development	4
disorder:DP04101	disorder	G3101	development	0
disorder:DP04102	disorder	G3102	confirmation	
disorder:DP04103	disorder	G3103	development	1
disorder:DP04104	disorder	G3104	development	2
disorder:DP04105	disorder	G3105	final_holdout	
disorder:DP04107	disorder	G3106	development	3
disorder:DP04108	disorder	G3107	development	4
disorder:DP04109	disorder	G3108	final_holdout	
disorder:DP04110	disorder	G3109	development	0
disorder:DP04111	disorder	G3110	development	1
disorder:DP04112	disorder	G3111	final_holdout	
disorder:DP04113	disorder	G3112	confirmation	
disorder:DP04114	disorder	G3113	development	2
disorder:DP04115	disorder	G3114	development	3
disorder:DP04116	disorder	G3115	development	4
disorder:DP04117	disorder	G3116	development	0
disorder:DP04118	disorder	G3117	confirmation	
disorder:DP04119	disorder	G3118	development	1
disorder:DP04120	disorder	G3119	final_holdout	
disorder:DP04121	disorder	G3120	development	2
disorder:DP04122	disorder	G3121	development	3
disorder:DP04123	disorder	G3122	final_holdout	
disorder:DP04124	disorder	G3123	development	4
disorder:DP04125	disorder	G3124	final_holdout	
disorder:DP04126	disorder	G3125	final_holdout	
disorder:DP04127	disorder	G3126	final_holdout	
disorder:DP04128	disorder	G3127	final_holdout	
disorder:DP04129	disorder	G3128	confirmation	
disorder:DP04130	disorder	G3129	development	0
disorder:DP04131	disorder	G3130	development	1
disorder:DP04132	disorder	G3131	confirmation	
disorder:DP04133	disorder	G3132	final_holdout	
disorder:DP04134	disorder	G3133	development	2
disorder:DP04135	disorder	G3134	development	3
disorder:DP04137	disorder	G3135	confirmation	
disorder:DP04138	disorder	G3136	development	4
disorder:DP04139	disorder	G3137	confirmation	
disorder:DP04140	disorder	G3138	development	0
disorder:DP04141	disorder	G3139	development	1
disorder:DP04142	disorder	G3140	development	2
disorder:DP04144	disorder	G143	development	3
disorder:DP04145	disorder	G3141	development	3
disorder:DP04148	disorder	G3142	confirmation	
disorder:DP04149	disorder	G3143	final_holdout	
disorder:DP04151	disorder	G3144	final_holdout	
disorder:DP04152	disorder	G3145	development	0
disorder:DP04153	disorder	G3146	development	4
disorder:DP04154	disorder	G3147	development	0
disorder:DP04155	disorder	G3148	confirmation	
disorder:DP04156	disorder	G3149	development	1
disorder:DP04157	disorder	G3150	confirmation	
disorder:DP04158	disorder	G3151	development	3
disorder:DP04159	disorder	G3152	confirmation	
disorder:DP04160	disorder	G3153	development	4
disorder:DP04161	disorder	G3154	confirmation	
disorder:DP04163	disorder	G3155	final_holdout	
disorder:DP04164	disorder	G3156	confirmation	
disorder:DP04165	disorder	G3157	development	0
disorder:DP04166	disorder	G3158	development	1
disorder:DP04167	disorder	G3159	development	2
disorder:DP04169	disorder	G3160	final_holdout	
disorder:DP04170	disorder	G3161	development	4
disorder:DP04171	disorder	G3162	development	0
disorder:DP04172	disorder	G3163	development	1
disorder:DP04173	disorder	G3164	final_holdout	
disorder:DP04174	disorder	G3165	confirmation	
disorder:DP04175	disorder	G3166	development	2
disorder:DP04176	disorder	G3167	development	3
disorder:DP04177	disorder	G3168	development	4
disorder:DP04178	disorder	G3169	development	0
disorder:DP04179	disorder	G3170	development	2
disorder:DP04180	disorder	G3171	development	3
disorder:DP04182	disorder	G3172	development	4
disorder:DP04183	disorder	G3173	development	0
disorder:DP04184	disorder	G3174	development	1
disorder:DP04185	disorder	G3175	final_holdout	
disorder:DP04186	disorder	G3176	development	2
disorder:DP04187	disorder	G3177	development	3
disorder:DP04188	disorder	G3178	final_holdout	
disorder:DP04189	disorder	G3179	development	4
disorder:DP04190	disorder	G3180	development	1
disorder:DP04191	disorder	G3181	development	2
disorder:DP04192	disorder	G3182	development	3
disorder:DP04193	disorder	G3183	development	4
disorder:DP04195	disorder	G3184	development	0
disorder:DP04196	disorder	G3185	final_holdout	
disorder:DP04197	disorder	G3186	development	1
disorder:DP04198	disorder	G3187	development	2
disorder:DP04199	disorder	G3188	development	3
disorder:DP04200	disorder	G3189	final_holdout	
disorder:DP04201	disorder	G3190	confirmation	
disorder:DP04202	disorder	G3191	final_holdout	
disorder:DP04203	disorder	G3192	development	0
disorder:DP04208	disorder	G3193	development	1
disorder:DP04210	disorder	G3194	development	2
disorder:DP04211	disorder	G3195	development	3
disorder:DP04214	disorder	G3196	confirmation	
disorder:DP04215	disorder	G3197	confirmation	
disorder:DP04216	disorder	G3198	final_holdout	
disorder:DP04217	disorder	G3199	final_holdout	
disorder:DP04218	disorder	G3200	confirmation	
disorder:DP04219	disorder	G3201	development	0
disorder:DP04220	disorder	G3202	development	1
disorder:DP04221	disorder	G3203	development	2
disorder:DP04225	disorder	G3204	development	3
disorder:DP04226	disorder	G3205	development	4
disorder:DP04227	disorder	G3206	development	0
disorder:DP04228	disorder	G3207	development	0
disorder:DP04229	disorder	G3208	development	1
disorder:DP04230	disorder	G3209	final_holdout	
disorder:DP04231	disorder	G3210	development	3
disorder:DP04232	disorder	G3211	confirmation	
disorder:DP04233	disorder	G3212	development	4
disorder:DP04234	disorder	G3213	development	0
disorder:DP04235	disorder	G3214	confirmation	
disorder:DP04236	disorder	G3215	development	1
disorder:DP04237	disorder	G3216	development	2
disorder:DP04239	disorder	G144	final_holdout	
disorder:DP04240	disorder	G3217	development	3
disorder:DP04241	disorder	G3218	final_holdout	
disorder:DP04242	disorder	G3219	development	4
disorder:DP04243	disorder	G3220	development	0
disorder:DP04244	disorder	G3221	confirmation	
disorder:DP04246	disorder	G3222	development	1
disorder:DP04247	disorder	G3223	development	2
disorder:DP04248	disorder	G3224	development	3
disorder:DP04249	disorder	G3225	development	4
disorder:DP04250	disorder	G3226	development	0
disorder:DP04251	disorder	G3227	development	1
disorder:DP04252	disorder	G3228	development	2
disorder:DP04253	disorder	G3229	development	3
disorder:DP04255	disorder	G3230	development	0
disorder:DP04256	disorder	G3231	final_holdout	
disorder:DP04257	disorder	G3232	final_holdout	
disorder:DP04258	disorder	G3233	development	1
disorder:DP04259	disorder	G3234	development	2
disorder:DP04260	disorder	G3235	development	0
disorder:DP04261	disorder	G3236	development	3
disorder:DP04262	disorder	G3237	development	3
disorder:DP04263	disorder	G3238	confirmation	
disorder:DP04264	disorder	G3239	development	4
disorder:DP04267	disorder	G3240	development	0
disorder:DP04268	disorder	G3241	development	1
disorder:DP04270	disorder	G3242	development	2
disorder:DP04271	disorder	G145	development	0
disorder:DP04272	disorder	G146	development	3
disorder:DP04273	disorder	G3243	confirmation	
disorder:DP04274	disorder	G3244	development	3
disorder:DP04275	disorder	G3245	development	4
disorder:DP04276	disorder	G3246	development	0
disorder:DP04277	disorder	G3247	confirmation	
disorder:DP04278	disorder	G3248	development	0
disorder:DP04279	disorder	G3249	confirmation	
disorder:DP04280	disorder	G3250	development	1
disorder:DP04281	disorder	G041	development	0
disorder:DP04283	disorder	G3251	development	2
disorder:DP04284	disorder	G3252	development	3
disorder:DP04285	disorder	G3253	development	4
disorder:DP04286	disorder	G3254	final_holdout	
disorder:DP04287	disorder	G3255	development	0
disorder:DP04288	disorder	G3256	confirmation	
disorder:DP04290	disorder	G3257	confirmation	
disorder:DP04294	disorder	G3258	development	1
disorder:DP04295	disorder	G3259	development	2
disorder:DP04296	disorder	G3260	confirmation	
disorder:DP04297	disorder	G3261	final_holdout	
disorder:DP04298	disorder	G3262	final_holdout	
disorder:DP04299	disorder	G3263	development	4
disorder:DP04300	disorder	G3264	development	0
disorder:DP04301	disorder	G3265	final_holdout	
disorder:DP04302	disorder	G3266	confirmation	
disorder:DP04303	disorder	G3267	confirmation	
disorder:DP04304	disorder	G3268	development	1
disorder:DP04305	disorder	G3269	development	1
disorder:DP04306	disorder	G3270	development	3
disorder:DP04307	disorder	G3271	final_holdout	
disorder:DP04308	disorder	G3272	development	4
disorder:DP04309	disorder	G3273	development	0
disorder:DP04310	disorder	G3274	development	1
disorder:DP04311	disorder	G3275	development	2
disorder:DP04312	disorder	G3276	development	3
disorder:DP04313	disorder	G3277	development	4
disorder:DP04315	disorder	G3278	development	0
disorder:DP04316	disorder	G3279	development	1
disorder:DP04317	disorder	G3280	development	3
disorder:DP04318	disorder	G3281	development	4
disorder:DP04319	disorder	G147	development	1
disorder:DP04320	disorder	G3282	confirmation	
disorder:DP04324	disorder	G3283	development	0
disorder:DP04325	disorder	G3284	development	1
disorder:DP04326	disorder	G3285	confirmation	
disorder:DP04327	disorder	G3286	development	2
disorder:DP04328	disorder	G3287	development	3
disorder:DP04330	disorder	G3288	development	4
disorder:DP04332	disorder	G3289	development	0
disorder:DP04337	disorder	G3290	development	1
disorder:DP04339	disorder	G3291	development	2
disorder:DP04340	disorder	G3292	development	3
disorder:DP04341	disorder	G3293	development	0
disorder:DP04343	disorder	G3294	confirmation	
disorder:DP04344	disorder	G3295	confirmation	
disorder:DP04347	disorder	G3296	confirmation	
disorder:DP04348	disorder	G3297	development	4
disorder:DP04349	disorder	G3298	development	0
disorder:DP04352	disorder	G3299	development	1
disorder:DP04353	disorder	G3300	development	3
disorder:DP04358	disorder	G3301	development	4
disorder:DP04359	disorder	G3302	final_holdout	
disorder:DP04360	disorder	G3303	confirmation	
disorder:DP04361	disorder	G3304	final_holdout	
disorder:DP04362	disorder	G3305	development	0
disorder:DP04363	disorder	G3306	final_holdout	
disorder:DP04364	disorder	G3307	development	1
disorder:DP04368	disorder	G3308	development	2
disorder:DP04369	disorder	G3309	development	3
disorder:DP04370	disorder	G3310	development	4
disorder:DP04371	disorder	G3311	confirmation	
disorder:DP04372	disorder	G3312	development	0
disorder:DP04373	disorder	G3313	confirmation	
disorder:DP04375	disorder	G3314	confirmation	
disorder:DP04376	disorder	G3315	development	1
disorder:DP04377	disorder	G3316	development	2
disorder:DP04378	disorder	G3317	development	3
disorder:DP04379	disorder	G3318	development	4
disorder:DP04380	disorder	G148	confirmation	
disorder:DP04381	disorder	G3319	development	0
disorder:DP04382	disorder	G3320	development	1
disorder:DP04383	disorder	G3321	final_holdout	
disorder:DP04384	disorder	G3322	confirmation	
disorder:DP04385	disorder	G3323	development	2
disorder:DP04386	disorder	G3324	development	3
disorder:DP04387	disorder	G149	development	4
disorder:DP04388	disorder	G3325	development	4
disorder:DP04390	disorder	G3326	development	0
disorder:DP04391	disorder	G3327	development	1
disorder:DP04392	disorder	G3328	development	2
disorder:DP04393	disorder	G3329	development	3
disorder:DP04394	disorder	G3330	development	0
disorder:DP04395	disorder	G3331	development	1
disorder:DP04396	disorder	G3332	confirmation	
disorder:DP04397	disorder	G3333	development	2
disorder:DP04398	disorder	G3334	development	3
disorder:DP04399	disorder	G3335	development	4
disorder:DP04401	disorder	G3336	development	0
disorder:DP04406	disorder	G3337	development	0
disorder:DP04407	disorder	G3338	confirmation	
disorder:DP04408	disorder	G3339	final_holdout	
disorder:DP04409	disorder	G3340	confirmation	
disorder:DP04410	disorder	G3341	confirmation	
disorder:DP04411	disorder	G3342	final_holdout	
disorder:DP04412	disorder	G3343	development	1
disorder:DP04413	disorder	G3344	final_holdout	
disorder:DP04414	disorder	G3345	confirmation	
disorder:DP04415	disorder	G3346	development	2
disorder:DP04416	disorder	G3347	development	3
disorder:DP04419	disorder	G3348	development	4
disorder:DP04420	disorder	G3349	development	0
disorder:DP04423	disorder	G3350	development	1
disorder:DP04425	disorder	G3351	development	2
disorder:DP04426	disorder	G3352	final_holdout	
disorder:DP04427	disorder	G3353	development	3
disorder:DP04428	disorder	G3354	final_holdout	
disorder:DP04429	disorder	G3355	development	4
disorder:DP04430	disorder	G3356	development	0
disorder:DP04431	disorder	G3357	final_holdout	
disorder:DP04432	disorder	G3358	development	1
disorder:DP04433	disorder	G3359	final_holdout	
disorder:DP04434	disorder	G3360	development	3
disorder:DP04435	disorder	G3361	development	4
disorder:DP04436	disorder	G3362	development	0
disorder:DP04437	disorder	G3363	development	1
disorder:DP04438	disorder	G3364	confirmation	
disorder:DP04442	disorder	G3365	development	2
disorder:DP04445	disorder	G3366	development	3
disorder:DP04446	disorder	G3367	development	4
disorder:DP04447	disorder	G3368	development	0
disorder:DP04448	disorder	G3369	development	1
disorder:DP04449	disorder	G3370	development	1
disorder:DP04450	disorder	G3371	confirmation	
disorder:DP04451	disorder	G3372	development	2
disorder:DP04452	disorder	G3373	development	2
disorder:DP04453	disorder	G3374	development	3
disorder:DP04455	disorder	G3375	development	4
disorder:DP04457	disorder	G3376	development	0
disorder:DP04458	disorder	G3377	development	1
disorder:DP04459	disorder	G3378	development	2
disorder:DP04460	disorder	G3379	development	3
disorder:DP04461	disorder	G150	development	1
disorder:DP04462	disorder	G3380	development	4
disorder:DP04464	disorder	G3381	development	0
disorder:DP04465	disorder	G3382	development	1
disorder:DP04466	disorder	G3383	final_holdout	
disorder:DP04467	disorder	G3384	development	2
disorder:DP04470	disorder	G3385	development	3
disorder:DP04472	disorder	G3386	confirmation	
disorder:DP04473	disorder	G3387	development	4
disorder:DP04474	disorder	G3388	development	0
disorder:DP04475	disorder	G3389	confirmation	
disorder:DP04476	disorder	G3390	development	1
disorder:DP04478	disorder	G3391	development	2
disorder:DP04481	disorder	G3392	final_holdout	
disorder:DP04482	disorder	G3393	development	2
disorder:DP04483	disorder	G3394	development	3
disorder:DP04486	disorder	G3395	development	4
disorder:DP04487	disorder	G3396	final_holdout	
disorder:DP04488	disorder	G3397	development	0
disorder:DP04489	disorder	G3398	development	1
disorder:DP04491	disorder	G3399	final_holdout	
disorder:DP04492	disorder	G3400	final_holdout	
disorder:DP04493	disorder	G3401	development	2
disorder:DP04494	disorder	G3402	development	3
disorder:DP04501	disorder	G3403	development	4
disorder:DP04507	disorder	G3404	development	0
disorder:DP04508	disorder	G3405	development	1
disorder:DP04509	disorder	G3406	final_holdout	
disorder:DP04510	disorder	G3407	development	2
disorder:DP04511	disorder	G3408	final_holdout	
disorder:DP04516	disorder	G3409	development	3
disorder:DP04518	disorder	G3410	development	4
disorder:DP04521	disorder	G3411	development	0
disorder:DP04522	disorder	G3412	development	1
disorder:DP04523	disorder	G3413	development	2
disorder:DP04524	disorder	G3414	development	3
disorder:DP04525	disorder	G3415	development	4
disorder:DP04526	disorder	G3416	development	0
disorder:DP04527	disorder	G3417	development	1
disorder:DP04528	disorder	G3418	development	2
disorder:DP04530	disorder	G3419	development	3
disorder:DP04531	disorder	G3420	development	4
disorder:DP04533	disorder	G3421	development	0
disorder:DP04534	disorder	G3422	development	1
disorder:DP04535	disorder	G3423	development	2
disorder:DP04536	disorder	G3424	development	3
disorder:DP04537	disorder	G3425	final_holdout	
disorder:DP04538	disorder	G3426	development	4
disorder:DP04539	disorder	G3427	development	0
disorder:DP04540	disorder	G3428	development	1
disorder:DP04542	disorder	G3429	development	2
disorder:DP04560	disorder	G3430	development	4
disorder:DP04561	disorder	G3431	development	0
disorder:DP04563	disorder	G3432	development	1
disorder:DP04564	disorder	G3433	development	2
disorder:DP04565	disorder	G3434	confirmation	
disorder:DP04566	disorder	G3435	confirmation	
disorder:DP04567	disorder	G3436	development	3
disorder:DP04568	disorder	G3437	development	4
disorder:DP04569	disorder	G3438	final_holdout	
disorder:DP04570	disorder	G3439	final_holdout	
disorder:DP04571	disorder	G3440	final_holdout	
disorder:DP04572	disorder	G3441	final_holdout	
disorder:DP04574	disorder	G3442	development	1
disorder:DP04578	disorder	G3443	confirmation	
disorder:DP04582	disorder	G3444	development	2
disorder:DP04587	disorder	G3445	development	3
disorder:DP04588	disorder	G3446	development	4
disorder:DP04593	disorder	G3447	development	0
disorder:DP04604	disorder	G3448	final_holdout	
disorder:DP04605	disorder	G3449	final_holdout	
disorder:DP04607	disorder	G3450	development	1
disorder:DP04609	disorder	G3451	development	2
disorder:DP04615	disorder	G3452	development	3
disorder:DP04619	disorder	G050	development	0
disorder:DP04643	disorder	G3453	final_holdout	
disorder:DP04659	disorder	G3454	development	4
disorder:DP04717	disorder	G3455	development	0
disorder:DP04750	disorder	G3456	confirmation	
disorder:DP04806	disorder	G3457	development	1
disorder:DP04807	disorder	G3458	confirmation	
disorder:DP04808	disorder	G3459	development	2
disorder:DP04809	disorder	G3460	final_holdout	
disorder:DP04810	disorder	G3461	final_holdout	
disorder:DP04811	disorder	G3462	development	3
disorder:DP04812	disorder	G3463	development	4
disorder:DP04813	disorder	G3464	final_holdout	
disorder:DP04814	disorder	G3465	development	0
disorder:DP04817	disorder	G3466	confirmation	
disorder:DP04818	disorder	G3467	development	1
knot:13rtA	knot	G001	confirmation	
knot:1a6gA	knot	G026	development	2
knot:1a6nA	knot	G026	development	2
knot:1a7sA	knot	G3468	confirmation	
knot:1aja_A	knot	G3469	development	2
knot:1ammA	knot	G3470	development	2
knot:1auk_A	knot	G3471	development	4
knot:1bs9A	knot	G151	confirmation	
knot:1bxoA	knot	G3472	development	0
knot:1by7_A	knot	G3473	development	0
knot:1bzpA	knot	G026	development	2
knot:1bzrA	knot	G026	development	2
knot:1c0pA	knot	G3474	development	1
knot:1c5eA	knot	G3475	confirmation	
knot:1c7kA	knot	G3476	development	2
knot:1cmx_A	knot	G3477	development	3
knot:1cnb_A	knot	G012	development	0
knot:1cxqA	knot	G152	final_holdout	
knot:1czbA	knot	G152	final_holdout	
knot:1czpA	knot	G3478	development	4
knot:1d2uA	knot	G007	confirmation	
knot:1e2h_A	knot	G128	development	4
knot:1e4mM	knot	G3479	final_holdout	
knot:1ea7A	knot	G3480	final_holdout	
knot:1ehdA	knot	G3481	development	0
knot:1ei6_A	knot	G3482	development	1
knot:1ejj_A	knot	G3483	final_holdout	
knot:1eku_A	knot	G3484	development	2
knot:1eytA	knot	G3485	final_holdout	
knot:1f48_A	knot	G3486	development	3
knot:1fe1_G	knot	G3487	development	4
knot:1fka_C	knot	G3488	development	0
knot:1fug_A	knot	G3489	development	1
knot:1g2yA	knot	G3490	development	2
knot:1g66A	knot	G151	confirmation	
knot:1g8tA	knot	G153	final_holdout	
knot:1g9oA	knot	G102	development	2
knot:1giy_M	knot	G3491	development	3
knot:1gjj_A	knot	G114	confirmation	
knot:1gkmB	knot	G3492	development	4
knot:1gku_B	knot	G3493	development	0
knot:1gokA	knot	G027	final_holdout	
knot:1gpiA	knot	G3494	development	1
knot:1gv4_A	knot	G3495	development	2
knot:1gvtA	knot	G003	development	0
knot:1gvwA	knot	G003	development	0
knot:1gxmA	knot	G3496	development	3
knot:1gz0_A	knot	G3497	development	4
knot:1h12A	knot	G3498	development	0
knot:1h1nA	knot	G3499	confirmation	
knot:1h4aX	knot	G3500	development	2
knot:1h4gA	knot	G3501	development	3
knot:1h4xA	knot	G3502	final_holdout	
knot:1hdh_A	knot	G3503	development	4
knot:1hdoA	knot	G3504	development	0
knot:1he8_A	knot	G3505	development	1
knot:1hj5A	knot	G154	development	1
knot:1hj8A	knot	G3506	confirmation	
knot:1hxkA	knot	G155	development	0
knot:1hyn_P	knot	G024	development	2
knot:1i12A	knot	G3507	development	2
knot:1i1wA	knot	G027	final_holdout	
knot:1i1xA	knot	G027	final_holdout	
knot:1i24A	knot	G3508	development	3
knot:1i3s_A	knot	G3509	development	4
knot:1ig5A	knot	G3510	final_holdout	
knot:1ilx_G	knot	G3511	final_holdout	
knot:1inlA	knot	G3512	development	0
knot:1is9A	knot	G156	development	3
knot:1itxA	knot	G3513	development	1
knot:1iv3A	knot	G3514	confirmation	
knot:1ixhA	knot	G3515	development	2
knot:1j85_A	knot	G3516	final_holdout	
knot:1jbeA	knot	G157	final_holdout	
knot:1jch_A	knot	G3517	development	0
knot:1jcjA	knot	G158	development	3
knot:1jf8A	knot	G3518	development	3
knot:1jfbA	knot	G159	final_holdout	
knot:1jfcA	knot	G159	final_holdout	
knot:1jgmA	knot	G3519	development	4
knot:1jk3A	knot	G051	development	4
knot:1jm1A	knot	G3520	development	0
knot:1jr1_A	knot	G3521	final_holdout	
knot:1js1_X	knot	G3522	development	1
knot:1jseA	knot	G3523	confirmation	
knot:1jsfA	knot	G3524	confirmation	
knot:1ju2A	knot	G3525	development	2
knot:1k1eA	knot	G3526	final_holdout	
knot:1k3r_A	knot	G3527	development	3
knot:1k4iA	knot	G160	development	1
knot:1k4pA	knot	G160	development	1
knot:1k7cA	knot	G3528	development	4
knot:1kb0A	knot	G3529	development	0
knot:1kccA	knot	G3530	development	1
knot:1kkoA	knot	G3531	development	2
knot:1kngA	knot	G3532	development	3
knot:1kouA	knot	G013	development	0
knot:1kqpA	knot	G3533	final_holdout	
knot:1kwfA	knot	G156	development	3
knot:1lm4_A	knot	G3534	development	4
knot:1lns_A	knot	G3535	development	0
knot:1luqA	knot	G014	development	1
knot:1m15A	knot	G3536	development	1
knot:1m1x_A	knot	G115	development	1
knot:1m2dA	knot	G3537	development	2
knot:1m5eA	knot	G161	development	3
knot:1mfmA	knot	G017	development	4
knot:1mj5A	knot	G3538	development	2
knot:1ml5_m	knot	G3539	confirmation	
knot:1mn8A	knot	G3540	development	4
knot:1mnzA	knot	G028	development	1
knot:1mqdA	knot	G161	development	3
knot:1mqs_A	knot	G3541	development	0
knot:1muwA	knot	G052	development	1
knot:1n2m_A	knot	G3542	development	1
knot:1n3lA	knot	G142	development	1
knot:1n40A	knot	G3543	confirmation	
knot:1n4vA	knot	G018	development	2
knot:1n9bA	knot	G3544	confirmation	
knot:1nlsA	knot	G162	confirmation	
knot:1nnfA	knot	G3545	development	2
knot:1nqjA	knot	G053	development	2
knot:1ns5_A	knot	G3546	development	3
knot:1nxz_A	knot	G3547	development	4
knot:1o5xA	knot	G085	final_holdout	
knot:1o6l_A	knot	G080	development	0
knot:1o7qA	knot	G3548	confirmation	
knot:1o7tA	knot	G3549	development	0
knot:1o8bA	knot	G3550	confirmation	
knot:1odvA	knot	G013	development	0
knot:1oe1A	knot	G3551	development	2
knot:1ogc_A	knot	G3552	development	3
knot:1oh0A	knot	G163	final_holdout	
knot:1ongA	knot	G029	development	4
knot:1oqvA	knot	G3553	final_holdout	
knot:1ousA	knot	G164	development	2
knot:1oxcA	knot	G164	development	2
knot:1oxdA	knot	G3554	confirmation	
knot:1p1xA	knot	G158	development	3
knot:1pgi_A	knot	G3555	development	4
knot:1pv2_A	knot	G3556	final_holdout	
knot:1pwlA	knot	G004	development	2
knot:1pwmA	knot	G004	development	2
knot:1q3x_A	knot	G3557	confirmation	
knot:1q5mA	knot	G3558	development	2
knot:1q6oA	knot	G3559	development	0
knot:1q6zA	knot	G019	development	3
knot:1qksA	knot	G154	development	1
knot:1ql0A	knot	G153	final_holdout	
knot:1qtwA	knot	G3560	final_holdout	
knot:1ra0A	knot	G3561	development	1
knot:1rh1_A	knot	G3562	development	4
knot:1rwaA	knot	G3563	confirmation	
knot:1s0qA	knot	G005	confirmation	
knot:1s0rA	knot	G005	confirmation	
knot:1s1h_I	knot	G3564	confirmation	
knot:1s5mA	knot	G052	development	1
knot:1s5nA	knot	G052	development	1
knot:1sauA	knot	G3565	development	2
knot:1sbyA	knot	G3566	development	3
knot:1senA	knot	G3567	development	4
knot:1sfsA	knot	G3568	development	0
knot:1sg4A	knot	G3569	development	1
knot:1sjmA	knot	G165	development	4
knot:1sl9A	knot	G3570	development	2
knot:1soaA	knot	G030	confirmation	
knot:1su7A	knot	G166	development	3
knot:1swyA	knot	G031	confirmation	
knot:1swzA	knot	G031	confirmation	
knot:1sx2A	knot	G031	confirmation	
knot:1sxxA	knot	G007	confirmation	
knot:1sxyA	knot	G007	confirmation	
knot:1sy1A	knot	G007	confirmation	
knot:1t0h_B	knot	G3571	development	3
knot:1t1eA	knot	G3572	development	4
knot:1t3rA	knot	G3573	confirmation	
knot:1t3yA	knot	G117	confirmation	
knot:1ti2_A	knot	G3574	development	0
knot:1ti4_A	knot	G3575	confirmation	
knot:1ti6_A	knot	G3576	development	1
knot:1tjmA	knot	G143	development	3
knot:1tqgA	knot	G3577	development	2
knot:1twyA	knot	G3578	development	3
knot:1u07A	knot	G076	final_holdout	
knot:1uak_A	knot	G147	development	1
knot:1ub3A	knot	G3579	development	4
knot:1ug6A	knot	G3580	development	0
knot:1unqA	knot	G125	development	0
knot:1us0A	knot	G004	development	2
knot:1uzbA	knot	G3581	development	1
knot:1v0kA	knot	G054	development	3
knot:1v0lA	knot	G054	development	3
knot:1v0mA	knot	G054	development	3
knot:1v2x_A	knot	G3582	development	0
knot:1v30A	knot	G3583	development	2
knot:1v6z_A	knot	G3584	development	3
knot:1v7tA	knot	G020	confirmation	
knot:1v8hA	knot	G3585	confirmation	
knot:1ve4A	knot	G3586	final_holdout	
knot:1vjuA	knot	G3587	final_holdout	
knot:1vl4_A	knot	G3588	development	4
knot:1vle_M	knot	G3589	development	0
knot:1vlf_M	knot	G3590	development	1
knot:1vw1_A	knot	G3591	confirmation	
knot:1w0nA	knot	G3592	confirmation	
knot:1w3lA	knot	G055	development	4
knot:1w5c_X	knot	G3593	final_holdout	
knot:1w66A	knot	G3594	development	2
knot:1w7cA	knot	G3595	development	3
knot:1w7rA	knot	G3596	final_holdout	
knot:1wbiA	knot	G3597	development	0
knot:1wr5A	knot	G3598	development	4
knot:1wtnA	knot	G020	confirmation	
knot:1x8nA	knot	G007	confirmation	
knot:1x8oA	knot	G007	confirmation	
knot:1x8pA	knot	G007	confirmation	
knot:1x8qA	knot	G007	confirmation	
knot:1xfh_A	knot	G3599	final_holdout	
knot:1xi5_A	knot	G3600	development	0
knot:1xszA	knot	G3601	final_holdout	
knot:1xt5A	knot	G3602	development	1
knot:1y55X	knot	G056	development	0
knot:1yh1_A	knot	G3603	final_holdout	
knot:1yl3_M	knot	G3604	development	2
knot:1yljA	knot	G057	development	1
knot:1ylyA	knot	G167	development	1
knot:1ym1A	knot	G057	development	1
knot:1ynoA	knot	G019	development	3
knot:1yqsA	knot	G3605	development	3
knot:1yrl_A	knot	G3606	development	4
knot:1ywaA	knot	G007	confirmation	
knot:1ywdA	knot	G007	confirmation	
knot:1z3nA	knot	G004	development	2
knot:1z8aA	knot	G004	development	2
knot:1zjr_A	knot	G3607	development	0
knot:1zjyA	knot	G3608	development	1
knot:1zkpA	knot	G3609	development	2
knot:1zmiA	knot	G3610	development	3
knot:1zo4A	knot	G3611	development	4
knot:1ztu_A	knot	G058	development	4
knot:2a65_A	knot	G3612	final_holdout	
knot:2abaA	knot	G168	development	0
knot:2abbA	knot	G168	development	0
knot:2agtA	knot	G004	development	2
knot:2ah4X	knot	G005	confirmation	
knot:2anvA	knot	G169	development	0
knot:2anxA	knot	G169	development	0
knot:2axc_A	knot	G3613	development	0
knot:2axwA	knot	G3614	development	1
knot:2b82A	knot	G3615	confirmation	
knot:2b9b_A	knot	G059	development	2
knot:2bjiA	knot	G3616	development	2
knot:2blnA	knot	G3617	development	3
knot:2bm0_A	knot	G075	development	3
knot:2brfA	knot	G3618	development	4
knot:2bt9A	knot	G3619	development	0
knot:2c1vA	knot	G3620	development	1
knot:2c71A	knot	G3621	development	2
knot:2c9vA	knot	G017	development	4
knot:2cav_A	knot	G083	final_holdout	
knot:2ccwA	knot	G3622	development	0
knot:2cfa_B	knot	G3623	development	3
knot:2ci1A	knot	G3624	development	4
knot:2cnqA	knot	G170	development	4
knot:2cnuA	knot	G170	development	4
knot:2d1g_A	knot	G3625	development	0
knot:2d4jA	knot	G020	confirmation	
knot:2d7d_A	knot	G3626	final_holdout	
knot:2ddxA	knot	G3627	development	1
knot:2dfbA	knot	G060	development	3
knot:2e6fA	knot	G3628	development	2
knot:2e7zA	knot	G3629	development	3
knot:2efv_A	knot	G3630	development	0
knot:2eutA	knot	G3631	development	1
knot:2f01A	knot	G014	development	1
knot:2fhlA	knot	G056	development	0
knot:2flhA	knot	G3632	development	2
knot:2fvyA	knot	G3633	development	3
knot:2fy5_A	knot	G3634	development	4
knot:2g82O	knot	G3635	confirmation	
knot:2gf3A	knot	G3636	development	0
knot:2gg9A	knot	G3637	development	1
knot:2glkA	knot	G028	development	1
knot:2gsn_A	knot	G3638	development	2
knot:2gudA	knot	G3639	final_holdout	
knot:2gzvA	knot	G3640	development	4
knot:2ha8_A	knot	G3641	development	0
knot:2hbwA	knot	G3642	development	1
knot:2hfx_A	knot	G3643	development	2
knot:2hfy_A	knot	G3644	confirmation	
knot:2hjn_A	knot	G141	confirmation	
knot:2i6vA	knot	G3645	development	3
knot:2iuc_A	knot	G3646	development	4
knot:2j27A	knot	G3647	final_holdout	
knot:2j6b_A	knot	G3648	development	0
knot:2jftA	knot	G171	final_holdout	
knot:2jjjA	knot	G003	development	0
knot:2jliA	knot	G3649	final_holdout	
knot:2jln_A	knot	G3650	development	2
knot:2jlo_A	knot	G3651	development	3
knot:2k0a_A	knot	G3652	development	4
knot:2m9q_A	knot	G3653	development	0
knot:2nrmA	knot	G3654	development	2
knot:2o0bA	knot	G3655	development	1
knot:2o23A	knot	G138	development	0
knot:2o3a_A	knot	G3656	development	2
knot:2odr_D	knot	G3657	development	3
knot:2of8A	knot	G056	development	0
knot:2ofcA	knot	G3658	development	4
knot:2ofz_A	knot	G090	development	3
knot:2p86A	knot	G3659	development	0
knot:2pevA	knot	G004	development	2
knot:2pgoA	knot	G3660	final_holdout	
knot:2pps_F	knot	G3661	final_holdout	
knot:2pveA	knot	G3662	development	1
knot:2pznA	knot	G004	development	2
knot:2qmm_A	knot	G3663	development	2
knot:2qsbA	knot	G3664	confirmation	
knot:2qt4A	knot	G3665	development	3
knot:2qtj_A	knot	G3666	development	4
knot:2qwv_A	knot	G3667	development	0
knot:2qxwA	knot	G004	development	2
knot:2qzu_A	knot	G3668	development	1
knot:2r16A	knot	G105	confirmation	
knot:2r6e_A	knot	G3669	development	2
knot:2racA	knot	G3670	final_holdout	
knot:2rh3_A	knot	G3671	development	3
knot:2uu8A	knot	G162	confirmation	
knot:2v06A	knot	G171	final_holdout	
knot:2v3iA	knot	G3672	development	4
knot:2v3j_A	knot	G3673	development	4
knot:2v64_A	knot	G172	final_holdout	
knot:2v8bA	knot	G006	development	1
knot:2vb8A	knot	G3674	development	0
knot:2vea_A	knot	G3675	development	4
knot:2vhkA	knot	G009	development	3
knot:2vi2A	knot	G009	development	3
knot:2vi3A	knot	G009	development	3
knot:2vnt_A	knot	G123	development	1
knot:2vqr_A	knot	G3676	development	1
knot:2vu7A	knot	G009	development	3
knot:2vwrA	knot	G3677	development	2
knot:2vzcA	knot	G3678	development	3
knot:2vzpA	knot	G3679	development	4
knot:2w13A	knot	G173	development	1
knot:2w14A	knot	G173	development	1
knot:2w1jA	knot	G3680	confirmation	
knot:2w20A	knot	G3681	development	1
knot:2w4v_C	knot	G3682	development	4
knot:2w5q_A	knot	G3683	development	2
knot:2w6e_G	knot	G3684	development	3
knot:2wbpA	knot	G3685	confirmation	
knot:2wit_A	knot	G3686	development	4
knot:2wurA	knot	G032	confirmation	
knot:2wxz_C	knot	G3687	final_holdout	
knot:2x18A	knot	G3688	development	0
knot:2xgbA	knot	G3689	development	1
knot:2xhnA	knot	G3690	final_holdout	
knot:2xmjA	knot	G3691	final_holdout	
knot:2xq2_A	knot	G3692	development	3
knot:2xr9_A	knot	G3693	final_holdout	
knot:2xtj_A	knot	G046	development	3
knot:2xu3A	knot	G033	development	1
knot:2xwvA	knot	G3694	development	4
knot:2y62A	knot	G3695	final_holdout	
knot:2y6hA	knot	G3696	confirmation	
knot:2y72A	knot	G053	development	2
knot:2ybb_n	knot	G3697	development	0
knot:2yfk_A	knot	G3698	development	1
knot:2yjcA	knot	G033	development	1
knot:2yl1A	knot	G174	final_holdout	
knot:2yr6A	knot	G3699	development	2
knot:2zd8A	knot	G029	development	4
knot:2zkt_A	knot	G3700	development	4
knot:2zl7A	knot	G3701	development	0
knot:2zq7A	knot	G175	confirmation	
knot:3a0mA	knot	G3702	development	1
knot:3a1hA	knot	G3703	confirmation	
knot:3a2oA	knot	G015	confirmation	
knot:3a2vA	knot	G3704	final_holdout	
knot:3a7s_A	knot	G176	development	0
knot:3ab5A	knot	G3705	development	2
knot:3admA	knot	G3706	development	3
knot:3ady_A	knot	G3707	development	4
knot:3agoA	knot	G177	final_holdout	
knot:3ahwA	knot	G177	final_holdout	
knot:3aksA	knot	G3708	development	0
knot:3aldA	knot	G009	development	3
knot:3aryA	knot	G3709	confirmation	
knot:3aubA	knot	G3710	development	2
knot:3b12A	knot	G3711	development	4
knot:3b1b_A	knot	G3712	confirmation	
knot:3b34A	knot	G3713	development	3
knot:3b3rA	knot	G018	development	2
knot:3b4uA	knot	G3714	development	4
knot:3b5q_A	knot	G3715	final_holdout	
knot:3b64A	knot	G3716	development	0
knot:3b6dA	knot	G018	development	2
knot:3bbd_A	knot	G3717	development	4
knot:3bc9A	knot	G3718	confirmation	
knot:3bcjA	knot	G004	development	2
knot:3beuA	knot	G3719	development	1
knot:3bjeA	knot	G3720	confirmation	
knot:3bjx_A	knot	G3721	confirmation	
knot:3bmzA	knot	G3722	development	2
knot:3bs2A	knot	G3723	development	3
knot:3c6aA	knot	G3724	development	4
knot:3c6xA	knot	G061	development	4
knot:3c6zA	knot	G061	development	4
knot:3c70A	knot	G061	development	4
knot:3c76X	knot	G007	confirmation	
knot:3c77X	knot	G007	confirmation	
knot:3cijA	knot	G3725	development	0
knot:3cm8_A	knot	G3726	development	1
knot:3cmi_A	knot	G3727	confirmation	
knot:3csy_I	knot	G011	development	2
knot:3cwo_X	knot	G3728	development	2
knot:3d1pA	knot	G3729	development	3
knot:3d9xA	knot	G3730	development	4
knot:3dcm_X	knot	G3731	development	0
knot:3dk1A	knot	G015	confirmation	
knot:3dvqX	knot	G006	development	1
knot:3dw1X	knot	G006	development	1
knot:3dw3X	knot	G006	development	1
knot:3dweX	knot	G006	development	1
knot:3dzeA	knot	G3732	development	1
knot:3e0j_A	knot	G100	development	1
knot:3e2d_A	knot	G104	final_holdout	
knot:3ea6A	knot	G3733	development	2
knot:3ec0A	knot	G048	confirmation	
knot:3ecgA	knot	G048	confirmation	
knot:3ed7_A	knot	G078	development	4
knot:3eet_A	knot	G3734	development	3
knot:3einA	knot	G3735	development	4
knot:3ejrA	knot	G155	development	0
knot:3en9_A	knot	G3736	development	0
knot:3eo6A	knot	G3737	development	1
knot:3ezgA	knot	G030	confirmation	
knot:3f18A	knot	G051	development	4
knot:3f19A	knot	G051	development	4
knot:3fa0A	knot	G031	confirmation	
knot:3fg9A	knot	G3738	development	2
knot:3fr7_A	knot	G3739	development	3
knot:3fsaA	knot	G3740	development	0
knot:3fsg_A	knot	G3741	development	1
knot:3fymA	knot	G3742	development	2
knot:3g3jA	knot	G3743	development	3
knot:3g46A	knot	G3744	final_holdout	
knot:3g5sA	knot	G3745	development	4
knot:3g6kA	knot	G3746	development	0
knot:3gahA	knot	G3747	development	1
knot:3gbn_L	knot	G3748	development	2
knot:3gi8_C	knot	G3749	development	3
knot:3gmxB	knot	G3750	development	4
knot:3gyq_A	knot	G3751	confirmation	
knot:3h31A	knot	G3752	development	0
knot:3hnbM	knot	G3753	development	1
knot:3hsgA	knot	G034	development	0
knot:3hsjA	knot	G034	development	0
knot:3i06A	knot	G3754	development	1
knot:3i30X	knot	G006	development	1
knot:3i4gA	knot	G3755	development	2
knot:3i6oA	knot	G015	confirmation	
knot:3ic6_A	knot	G3756	development	3
knot:3ihr_A	knot	G176	development	0
knot:3ilk_A	knot	G3757	confirmation	
knot:3iqk_A	knot	G3758	final_holdout	
knot:3iyh_A	knot	G3759	development	4
knot:3iyk_A	knot	G3760	development	1
knot:3j7y_5	knot	G062	development	0
knot:3j7y_s	knot	G3761	confirmation	
knot:3jcm_A	knot	G113	final_holdout	
knot:3jq0A	knot	G3762	confirmation	
knot:3jyw_E	knot	G3763	development	2
knot:3kfaA	knot	G3764	final_holdout	
knot:3kfhA	knot	G3765	final_holdout	
knot:3kty_A	knot	G3766	development	3
knot:3kwdA	knot	G178	development	2
knot:3kweA	knot	G178	development	2
knot:3l1l_A	knot	G3767	development	4
knot:3l5lA	knot	G3768	final_holdout	
knot:3l8u_A	knot	G3769	development	0
knot:3lepA	knot	G004	development	2
knot:3ljmA	knot	G3770	confirmation	
knot:3lo8A	knot	G3771	development	1
knot:3lqbA	knot	G3772	development	2
knot:3lwxA	knot	G3773	final_holdout	
knot:3lxq_A	knot	G3774	development	3
knot:3lz3A	knot	G004	development	2
knot:3m5qA	knot	G179	development	0
knot:3m6uA	knot	G3775	development	4
knot:3m7v_A	knot	G3776	development	0
knot:3m8mA	knot	G179	development	0
knot:3m9c_M	knot	G3777	development	1
knot:3m9jA	knot	G3778	development	2
knot:3m9s_M	knot	G3779	confirmation	
knot:3mcwA	knot	G3780	development	4
knot:3mfb_A	knot	G3781	development	0
knot:3mjvA	knot	G3782	development	1
knot:3mlg_A	knot	G3783	development	2
knot:3mncA	knot	G016	final_holdout	
knot:3mt5_A	knot	G180	development	3
knot:3mtyA	knot	G016	final_holdout	
knot:3mu4A	knot	G016	final_holdout	
knot:3mvsA	knot	G3784	confirmation	
knot:3mwpA	knot	G133	development	2
knot:3n8uA	knot	G3785	development	3
knot:3nbcA	knot	G3786	final_holdout	
knot:3ndwA	knot	G015	confirmation	
knot:3ndxA	knot	G015	confirmation	
knot:3no0A	knot	G3787	development	4
knot:3novA	knot	G181	development	2
knot:3nqfA	knot	G182	development	0
knot:3nu3A	knot	G063	confirmation	
knot:3nu6A	knot	G063	confirmation	
knot:3nvsA	knot	G3788	development	0
knot:3nycA	knot	G3789	development	1
knot:3nydA	knot	G027	final_holdout	
knot:3nznA	knot	G3790	development	2
knot:3o0p_A	knot	G3791	development	3
knot:3o5pA	knot	G042	development	1
knot:3o7b_A	knot	G3792	development	4
knot:3oc3_A	knot	G3793	development	0
knot:3oddA	knot	G016	final_holdout	
knot:3odfA	knot	G016	final_holdout	
knot:3oqpA	knot	G3794	final_holdout	
knot:3oruA	knot	G3795	development	1
knot:3oxcA	knot	G3796	confirmation	
knot:3pff_A	knot	G035	development	1
knot:3pfzA	knot	G3797	development	2
knot:3prx_A	knot	G3798	development	3
knot:3pst_A	knot	G3799	confirmation	
knot:3pvm_B	knot	G3800	confirmation	
knot:3pzl_A	knot	G3801	confirmation	
knot:3q3q_A	knot	G3802	development	0
knot:3qe7_A	knot	G3803	final_holdout	
knot:3qfh_A	knot	G3804	development	1
knot:3qpaA	knot	G3805	development	2
knot:3qtd_A	knot	G3806	confirmation	
knot:3qzrA	knot	G3807	confirmation	
knot:3r3e_A	knot	G3808	development	3
knot:3rcgA	knot	G064	final_holdout	
knot:3rfy_A	knot	G136	development	0
knot:3rpcA	knot	G3809	confirmation	
knot:3rvkA	knot	G157	final_holdout	
knot:3rwaA	knot	G3810	development	4
knot:3rznA	knot	G3811	development	0
knot:3s19A	knot	G3812	development	1
knot:3s88_I	knot	G3813	development	2
knot:3s92A	knot	G121	development	4
knot:3sg0A	knot	G3814	final_holdout	
knot:3sig_A	knot	G3815	development	3
knot:3sk2A	knot	G3816	development	4
knot:3su0A	knot	G3817	development	0
knot:3teuA	knot	G3818	confirmation	
knot:3tg2A	knot	G3819	development	1
knot:3tlaA	knot	G183	development	4
knot:3tohA	knot	G015	confirmation	
knot:3u3hA	knot	G028	development	1
knot:3u81A	knot	G036	development	2
knot:3u99A	knot	G3820	final_holdout	
knot:3ur8A	knot	G3821	development	3
knot:3urdA	knot	G3822	development	4
knot:3v5u_A	knot	G3823	development	0
knot:3v9kA	knot	G3824	development	1
knot:3vigA	knot	G184	development	4
knot:3vioA	knot	G184	development	4
knot:3vm9A	knot	G3825	development	2
knot:3vsvA	knot	G3826	confirmation	
knot:3vtoA	knot	G3827	final_holdout	
knot:3vwnX	knot	G3828	confirmation	
knot:3w42A	knot	G3829	confirmation	
knot:3w4pA	knot	G3830	development	3
knot:3whaA	knot	G185	development	1
knot:3wjdA	knot	G050	development	0
knot:3wjgA	knot	G050	development	0
knot:3wl2A	knot	G020	confirmation	
knot:3wmvA	knot	G3831	development	4
knot:3wnyA	knot	G008	development	2
knot:3wpc_A	knot	G3832	development	0
knot:3wx7A	knot	G3833	development	1
knot:3wy2A	knot	G3834	development	2
knot:3wypA	knot	G014	development	1
knot:3x0kA	knot	G065	final_holdout	
knot:3x0nA	knot	G065	final_holdout	
knot:3x0sA	knot	G065	final_holdout	
knot:3x0tA	knot	G3835	development	3
knot:3x1yA	knot	G3836	development	4
knot:3x2d_A	knot	G3837	development	0
knot:3zhoA	knot	G3838	development	1
knot:3zitA	knot	G3839	confirmation	
knot:3ziyA	knot	G3840	development	2
knot:3zojA	knot	G3841	confirmation	
knot:3zqyA	knot	G174	final_holdout	
knot:3zy7A	knot	G3842	final_holdout	
knot:4a7uA	knot	G017	development	4
knot:4a8nA	knot	G028	development	1
knot:4ateA	knot	G3843	development	3
knot:4av2_A	knot	G3844	development	4
knot:4avrA	knot	G3845	confirmation	
knot:4aw7A	knot	G3846	final_holdout	
knot:4awtA	knot	G3847	development	0
knot:4b10A	knot	G186	confirmation	
knot:4b4eA	knot	G020	confirmation	
knot:4b5wA	knot	G3848	final_holdout	
knot:4bdxA	knot	G150	development	1
knot:4bgbA	knot	G3849	development	1
knot:4bin_A	knot	G130	development	4
knot:4bkdA	knot	G3850	development	2
knot:4bpq_A	knot	G3851	development	3
knot:4bs6A	knot	G3852	development	1
knot:4bt2A	knot	G066	confirmation	
knot:4bt3A	knot	G066	confirmation	
knot:4bt5A	knot	G066	confirmation	
knot:4buhA	knot	G3853	final_holdout	
knot:4bxw_A	knot	G3854	development	4
knot:4c1dA	knot	G187	development	3
knot:4c1hA	knot	G3855	final_holdout	
knot:4c4rA	knot	G3856	development	0
knot:4c5mA	knot	G3857	development	1
knot:4caeA	knot	G186	confirmation	
knot:4cbp_A	knot	G3858	development	2
knot:4ce4_z	knot	G3859	development	3
knot:4chj_A	knot	G3860	final_holdout	
knot:4cng_A	knot	G3861	confirmation	
knot:4co3A	knot	G3862	development	4
knot:4cpfA	knot	G014	development	1
knot:4cru_A	knot	G108	development	1
knot:4cssA	knot	G188	development	4
knot:4cstA	knot	G188	development	4
knot:4cybA	knot	G3863	development	0
knot:4cznA	knot	G3864	development	1
knot:4czoA	knot	G3865	development	2
knot:4czqA	knot	G3866	development	3
knot:4de0A	knot	G057	development	1
knot:4djk_A	knot	G3867	development	4
knot:4dmtA	knot	G3868	final_holdout	
knot:4dp9X	knot	G189	development	4
knot:4dpbX	knot	G189	development	4
knot:4dwvA	knot	G067	development	1
knot:4dz4_A	knot	G3869	development	0
knot:4ea9A	knot	G3870	development	2
knot:4eguA	knot	G3871	development	3
knot:4ekfA	knot	G3872	development	4
knot:4eusA	knot	G3873	confirmation	
knot:4euzA	knot	G3874	development	0
knot:4ey2A	knot	G037	final_holdout	
knot:4f18A	knot	G038	development	3
knot:4f19A	knot	G038	development	3
knot:4f1uA	knot	G038	development	3
knot:4f1vA	knot	G038	development	3
knot:4fcfA	knot	G029	development	4
knot:4fegA	knot	G3875	development	1
knot:4fh4A	knot	G029	development	4
knot:4fkbA	knot	G3876	development	2
knot:4fmw_A	knot	G3877	development	3
knot:4fonA	knot	G006	development	1
knot:4fvm_A	knot	G3878	final_holdout	
knot:4g8cA	knot	G190	development	0
knot:4g9eA	knot	G190	development	0
knot:4gbuA	knot	G191	development	0
knot:4gcaA	knot	G004	development	2
knot:4gf6B	knot	G032	confirmation	
knot:4gge_A	knot	G3879	development	4
knot:4gjzA	knot	G3880	final_holdout	
knot:4gm0A	knot	G019	development	3
knot:4gnuA	knot	G3881	development	0
knot:4gp9A	knot	G019	development	3
knot:4gvqA	knot	G192	development	0
knot:4gvrA	knot	G192	development	0
knot:4gw9_A	knot	G3882	development	1
knot:4gxwA	knot	G3883	development	2
knot:4gyjA	knot	G3884	development	3
knot:4h6bA	knot	G3885	development	4
knot:4h6v_A	knot	G3886	final_holdout	
knot:4h9mA	knot	G3887	confirmation	
knot:4hbtA	knot	G3888	development	0
knot:4hcjA	knot	G3889	development	1
knot:4hedA	knot	G3890	development	2
knot:4hk8A	knot	G060	development	3
knot:4hnoA	knot	G3891	final_holdout	
knot:4hqzA	knot	G3892	confirmation	
knot:4i5uA	knot	G091	development	0
knot:4i62A	knot	G3893	development	3
knot:4i7vA	knot	G3894	final_holdout	
knot:4i8jA	knot	G005	confirmation	
knot:4i8lA	knot	G005	confirmation	
knot:4id4A	knot	G3895	confirmation	
knot:4ig7_A	knot	G3896	confirmation	
knot:4iixA	knot	G183	development	4
knot:4ipuA	knot	G3897	confirmation	
knot:4j3c_A	knot	G3898	development	4
knot:4j5cX	knot	G064	final_holdout	
knot:4j5oA	knot	G3899	development	0
knot:4j7h_A	knot	G3900	development	1
knot:4jccA	knot	G3901	final_holdout	
knot:4jd5A	knot	G019	development	3
knot:4jeaA	knot	G3902	confirmation	
knot:4jhw_F	knot	G068	development	2
knot:4jtrA	knot	G3903	development	2
knot:4jvoA	knot	G3904	final_holdout	
knot:4jwh_A	knot	G089	development	3
knot:4k1c_A	knot	G3905	development	0
knot:4k6bA	knot	G3906	final_holdout	
knot:4k7yA	knot	G191	development	0
knot:4kav_A	knot	G3907	confirmation	
knot:4kefA	knot	G3908	confirmation	
knot:4kemA	knot	G3909	development	3
knot:4kjr_A	knot	G3910	development	0
knot:4knkA	knot	G3911	development	1
knot:4kpp_A	knot	G3912	development	2
knot:4kqpA	knot	G3913	development	3
knot:4ky2A	knot	G193	confirmation	
knot:4ky9_A	knot	G024	development	2
knot:4l05A	knot	G3914	development	4
knot:4l69_A	knot	G3915	development	0
knot:4l6dA	knot	G3916	development	1
knot:4l7i_A	knot	G3917	development	2
knot:4lbsA	knot	G004	development	2
knot:4lbuA	knot	G194	development	2
knot:4lc8A	knot	G182	development	0
knot:4lhdA	knot	G3918	final_holdout	
knot:4lrv_A	knot	G3919	development	3
knot:4m1c_B	knot	G3920	development	4
knot:4m51A	knot	G3921	development	0
knot:4m5lA	knot	G034	development	0
knot:4m5mA	knot	G034	development	0
knot:4mbyA	knot	G3922	development	1
knot:4mf5A	knot	G3923	development	2
knot:4miv_A	knot	G3924	development	3
knot:4my0A	knot	G3925	development	4
knot:4o6b_A	knot	G044	development	0
knot:4o6qA	knot	G195	development	0
knot:4o6uA	knot	G195	development	0
knot:4o8hA	knot	G064	final_holdout	
knot:4o8oA	knot	G3926	development	0
knot:4o9aA	knot	G3927	development	1
knot:4o9y_A	knot	G196	confirmation	
knot:4oneA	knot	G3928	development	2
knot:4oqiA	knot	G3929	final_holdout	
knot:4oyg_A	knot	G3930	final_holdout	
knot:4oyg_B	knot	G3931	development	4
knot:4oyg_C	knot	G3932	development	0
knot:4oyg_D	knot	G3933	development	1
knot:4oyg_E	knot	G3934	development	2
knot:4oyg_F	knot	G3935	final_holdout	
knot:4p25A	knot	G197	development	2
knot:4p26_D	knot	G197	development	2
knot:4p6aA	knot	G3936	confirmation	
knot:4pe0X	knot	G3937	final_holdout	
knot:4pf4A	knot	G144	final_holdout	
knot:4prrA	knot	G004	development	2
knot:4pssA	knot	G3938	development	3
knot:4psyA	knot	G3939	confirmation	
knot:4q4gX	knot	G106	development	2
knot:4q9wA	knot	G3940	development	4
knot:4qasA	knot	G3941	final_holdout	
knot:4qbxA	knot	G004	development	2
knot:4qiuA	knot	G3942	final_holdout	
knot:4qrnA	knot	G3943	development	0
knot:4qrv_A	knot	G3944	development	1
knot:4qxvA	knot	G193	confirmation	
knot:4r9aA	knot	G025	development	3
knot:4rdcA	knot	G3945	development	2
knot:4ru3A	knot	G3946	development	3
knot:4ru5A	knot	G3947	development	4
knot:4rxvA	knot	G3948	development	0
knot:4tpoA	knot	G3949	final_holdout	
knot:4tx0A	knot	G042	development	1
knot:4tzo_A	knot	G3950	development	1
knot:4u2sA	knot	G018	development	2
knot:4u2tA	knot	G018	development	2
knot:4ua4A	knot	G187	development	3
knot:4ue0A	knot	G3951	development	2
knot:4uhcA	knot	G198	development	3
knot:4uhfA	knot	G198	development	3
knot:4unuA	knot	G3952	development	3
knot:4uqdA	knot	G199	development	1
knot:4ux8_C	knot	G3953	development	4
knot:4uyrA	knot	G200	development	0
knot:4uytA	knot	G200	development	0
knot:4v4e_A	knot	G3954	development	0
knot:4v7h_AK	knot	G3955	development	1
knot:4v7h_BE	knot	G3956	development	2
knot:4w7nA	knot	G201	development	1
knot:4wgv_A	knot	G3957	development	3
knot:4wk9A	knot	G069	development	3
knot:4wkaA	knot	G069	development	3
knot:4wkfA	knot	G069	development	3
knot:4wkk_A	knot	G3958	final_holdout	
knot:4ws2A	knot	G3959	development	4
knot:4wuiA	knot	G3960	confirmation	
knot:4wvm_B	knot	G3961	development	0
knot:4wz7_A	knot	G3962	development	1
knot:4wz7_E	knot	G3963	development	2
knot:4x06A	knot	G3964	final_holdout	
knot:4x9yA	knot	G202	confirmation	
knot:4xe2_A	knot	G3965	development	1
knot:4xkuA	knot	G3966	development	3
knot:4xloA	knot	G3967	development	4
knot:4xpxA	knot	G3968	development	0
knot:4xq4A	knot	G060	development	3
knot:4xqcA	knot	G070	development	4
knot:4xqeA	knot	G070	development	4
knot:4xqmA	knot	G3969	confirmation	
knot:4xrgA	knot	G070	development	4
knot:4y59A	knot	G014	development	1
knot:4y5lA	knot	G003	development	0
knot:4yaaA	knot	G097	final_holdout	
knot:4yapA	knot	G3970	final_holdout	
knot:4ye9_A	knot	G134	development	4
knot:4yk8_B	knot	G3971	development	2
knot:4ykiA	knot	G3972	confirmation	
knot:4ytkA	knot	G3973	confirmation	
knot:4yvbA	knot	G014	development	1
knot:4ywaA	knot	G3974	development	1
knot:4yzf_A	knot	G024	development	2
knot:4yzzA	knot	G3975	development	3
knot:4z1sA	knot	G043	development	2
knot:4z6mA	knot	G203	development	4
knot:4z6nA	knot	G203	development	4
knot:4za4A	knot	G021	development	4
knot:4za9A	knot	G021	development	4
knot:4zaaA	knot	G021	development	4
knot:4zbdA	knot	G3976	development	4
knot:4zc9A	knot	G043	development	2
knot:4zo2A	knot	G3977	development	0
knot:4zuoA	knot	G204	development	1
knot:4zuqA	knot	G204	development	1
knot:5a1s_A	knot	G3978	development	1
knot:5a1x_G	knot	G3979	development	2
knot:5a42_A	knot	G3980	development	4
knot:5a57A	knot	G3981	development	0
knot:5a6mA	knot	G199	development	1
knot:5a7y_A	knot	G205	development	0
knot:5a7z_A	knot	G205	development	0
knot:5a8cA	knot	G3982	development	1
knot:5a92A	knot	G3983	confirmation	
knot:5adx_M	knot	G3984	confirmation	
knot:5adx_N	knot	G3985	development	2
knot:5adx_Y	knot	G3986	development	3
knot:5ae0A	knot	G3987	development	4
knot:5aft_M	knot	G3988	development	0
knot:5afu_M	knot	G3989	development	1
knot:5afu_N	knot	G3990	development	3
knot:5aiiA	knot	G3991	confirmation	
knot:5akrA	knot	G3992	development	4
knot:5amr_A	knot	G107	development	3
knot:5amxA	knot	G006	development	1
knot:5aor_A	knot	G119	development	1
knot:5ap8_A	knot	G3993	development	0
knot:5apg_A	knot	G3994	development	0
knot:5avdA	knot	G016	final_holdout	
knot:5avgA	knot	G009	development	3
knot:5ayl_A	knot	G3995	development	1
knot:5b4hA	knot	G206	development	2
knot:5b4iA	knot	G206	development	2
knot:5b7yA	knot	G3996	development	2
knot:5bt1_A	knot	G3997	development	3
knot:5bu6_B	knot	G3998	final_holdout	
knot:5c05A	knot	G3999	development	4
knot:5c0zA	knot	G4000	development	0
knot:5c50_B	knot	G4001	development	1
knot:5c5aA	knot	G040	development	3
knot:5c77_A	knot	G4002	development	2
knot:5cc9A	knot	G023	development	1
knot:5ce1_A	knot	G4003	confirmation	
knot:5cjl_A	knot	G4004	confirmation	
knot:5cre_A	knot	G4005	confirmation	
knot:5ctmA	knot	G4006	final_holdout	
knot:5da0_A	knot	G4007	confirmation	
knot:5dj7A	knot	G207	development	2
knot:5dkmA	knot	G207	development	2
knot:5dqlA	knot	G4008	final_holdout	
knot:5drfA	knot	G032	confirmation	
knot:5drgA	knot	G032	confirmation	
knot:5e4y_A	knot	G4009	confirmation	
knot:5eeiA	knot	G208	confirmation	
knot:5ej3A	knot	G4010	development	4
knot:5emyA	knot	G202	confirmation	
knot:5eooA	knot	G4011	development	0
knot:5epuA	knot	G4012	development	1
knot:5ew5_A	knot	G082	development	0
knot:5ewoA	knot	G4013	development	2
knot:5f1b_A	knot	G132	development	2
knot:5f7bA	knot	G165	development	4
knot:5fbfA	knot	G4014	final_holdout	
knot:5fleX	knot	G166	development	3
knot:5flkA	knot	G209	development	2
knot:5fql_A	knot	G4015	development	2
knot:5fyrA	knot	G4016	confirmation	
knot:5g2v_A	knot	G4017	development	3
knot:5gao_E	knot	G4018	development	4
knot:5gmk_Q	knot	G4019	development	0
knot:5gsl_A	knot	G4020	final_holdout	
knot:5gu6_A	knot	G103	confirmation	
knot:5h7i_C	knot	G4021	development	2
knot:5hd6A	knot	G4022	confirmation	
knot:5hj3_C	knot	G011	development	2
knot:5hobA	knot	G081	development	4
knot:5hr3A	knot	G4023	development	3
knot:5hwnA	knot	G4024	final_holdout	
knot:5i7iA	knot	G4025	development	4
knot:5if3_A	knot	G4026	final_holdout	
knot:5ikdA	knot	G201	development	1
knot:5ikj_A	knot	G4027	development	0
knot:5ilsA	knot	G4028	development	1
knot:5iuqA	knot	G025	development	3
knot:5iw7_A	knot	G210	development	1
knot:5j4lA	knot	G4029	final_holdout	
knot:5j6yA	knot	G4030	development	2
knot:5j80A	knot	G185	development	1
knot:5jg1A	knot	G063	confirmation	
knot:5jh8A	knot	G4031	final_holdout	
knot:5jpq_R	knot	G4032	final_holdout	
knot:5jsvA	knot	G194	development	2
knot:5k1lA	knot	G071	development	0
knot:5k6dA	knot	G4033	final_holdout	
knot:5k9bA	knot	G4034	development	3
knot:5karA	knot	G4035	development	4
knot:5kczA	knot	G067	development	1
knot:5kem_A	knot	G011	development	2
knot:5kj6A	knot	G067	development	1
knot:5kp1A	knot	G163	final_holdout	
knot:5kz6A	knot	G4036	development	0
knot:5l25_A	knot	G4037	final_holdout	
knot:5l3p_z	knot	G4038	development	1
knot:5l9u_A	knot	G140	development	3
knot:5lgoA	knot	G005	confirmation	
knot:5li4_A	knot	G4039	confirmation	
knot:5ljqA	knot	G012	development	0
knot:5lk9A	knot	G071	development	0
knot:5lkvA	knot	G071	development	0
knot:5lnjA	knot	G4040	development	3
knot:5lunA	knot	G4041	development	4
knot:5lwsA	knot	G003	development	0
knot:5m10A	knot	G4042	development	0
knot:5m17A	knot	G4043	development	1
knot:5m4gA	knot	G211	confirmation	
knot:5m4zA	knot	G4044	development	2
knot:5m5w_A	knot	G4045	development	3
knot:5m77A	knot	G4046	development	4
knot:5m87_A	knot	G4047	development	0
knot:5majA	knot	G033	development	1
knot:5mb5A	knot	G003	development	0
knot:5mc0A	knot	G211	confirmation	
knot:5mehA	knot	G4048	development	1
knot:5mh2A	knot	G4049	development	2
knot:5mh6A	knot	G4050	development	4
knot:5mk9A	knot	G072	final_holdout	
knot:5mkaA	knot	G072	final_holdout	
knot:5mncA	knot	G005	confirmation	
knot:5mneA	knot	G005	confirmation	
knot:5mngA	knot	G005	confirmation	
knot:5mnhA	knot	G005	confirmation	
knot:5mnnA	knot	G005	confirmation	
knot:5mnpA	knot	G005	confirmation	
knot:5monA	knot	G005	confirmation	
knot:5mqn_A	knot	G4051	development	0
knot:5mqyA	knot	G033	development	1
knot:5mtuA	knot	G072	final_holdout	
knot:5natA	knot	G4052	confirmation	
knot:5nhmA	knot	G4053	development	1
knot:5nj9_A	knot	G4054	development	2
knot:5nr4A	knot	G4055	development	3
knot:5nrhA	knot	G4056	development	4
knot:5nw4_a	knot	G4057	confirmation	
knot:5nw4_b	knot	G4058	final_holdout	
knot:5o15A	knot	G4059	confirmation	
knot:5o2xA	knot	G4060	development	0
knot:5oduA	knot	G4061	development	1
knot:5odyA	knot	G025	development	3
knot:5of4_Y	knot	G4062	final_holdout	
knot:5ojh_A	knot	G4063	development	2
knot:5ok7A	knot	G212	development	3
knot:5okbA	knot	G212	development	3
knot:5opfA	knot	G4064	development	3
knot:5or3A	knot	G4065	development	4
knot:5oukA	knot	G004	development	2
knot:5ouoA	knot	G4066	final_holdout	
knot:5p70A	knot	G003	development	0
knot:5p71A	knot	G003	development	0
knot:5p73A	knot	G003	development	0
knot:5p76A	knot	G003	development	0
knot:5p77A	knot	G003	development	0
knot:5p8tA	knot	G003	development	0
knot:5p9nA	knot	G036	development	2
knot:5p9pA	knot	G036	development	2
knot:5p9vA	knot	G036	development	2
knot:5qu4A	knot	G092	development	1
knot:5rcdA	knot	G003	development	0
knot:5rd1A	knot	G003	development	0
knot:5rdcA	knot	G003	development	0
knot:5rdiA	knot	G003	development	0
knot:5re2A	knot	G003	development	0
knot:5roiA	knot	G006	development	1
knot:5rotA	knot	G006	development	1
knot:5royA	knot	G006	development	1
knot:5rp4A	knot	G006	development	1
knot:5rpvA	knot	G006	development	1
knot:5rs7A	knot	G001	confirmation	
knot:5rsmA	knot	G001	confirmation	
knot:5rsqA	knot	G001	confirmation	
knot:5rsrA	knot	G001	confirmation	
knot:5rssA	knot	G001	confirmation	
knot:5rstA	knot	G001	confirmation	
knot:5rszA	knot	G001	confirmation	
knot:5rt4A	knot	G001	confirmation	
knot:5rtxA	knot	G001	confirmation	
knot:5rtyA	knot	G001	confirmation	
knot:5rtzA	knot	G001	confirmation	
knot:5ru0A	knot	G001	confirmation	
knot:5ru1A	knot	G001	confirmation	
knot:5ru2A	knot	G001	confirmation	
knot:5rueA	knot	G001	confirmation	
knot:5rv3A	knot	G001	confirmation	
knot:5rv7A	knot	G001	confirmation	
knot:5rv8A	knot	G001	confirmation	
knot:5rv9A	knot	G001	confirmation	
knot:5rvaA	knot	G001	confirmation	
knot:5rvbA	knot	G001	confirmation	
knot:5saoA	knot	G003	development	0
knot:5sq5A	knot	G001	confirmation	
knot:5sq6A	knot	G001	confirmation	
knot:5sq7A	knot	G001	confirmation	
knot:5sq8A	knot	G001	confirmation	
knot:5sqaA	knot	G001	confirmation	
knot:5sqbA	knot	G001	confirmation	
knot:5sqcA	knot	G001	confirmation	
knot:5sqdA	knot	G001	confirmation	
knot:5swcA	knot	G4067	development	0
knot:5sy4A	knot	G4068	confirmation	
knot:5sy9A	knot	G030	confirmation	
knot:5syaA	knot	G030	confirmation	
knot:5t39A	knot	G4069	final_holdout	
knot:5tfqA	knot	G4070	development	1
knot:5tj6_A	knot	G4071	final_holdout	
knot:5toyA	knot	G167	development	1
knot:5trqA	knot	G4072	development	2
knot:5tvyA	knot	G4073	development	3
knot:5twv_B	knot	G096	final_holdout	
knot:5u64B	knot	G4074	development	4
knot:5u76_A	knot	G4075	development	0
knot:5u8r_A	knot	G4076	development	1
knot:5uejA	knot	G4077	development	2
knot:5ugq_A	knot	G4078	development	3
knot:5uxz_A	knot	G209	development	2
knot:5v92A	knot	G4079	confirmation	
knot:5vhi_E	knot	G086	final_holdout	
knot:5vla_A	knot	G046	development	3
knot:5vpqA	knot	G4080	final_holdout	
knot:5vrkA	knot	G4081	development	4
knot:5vscA	knot	G4082	final_holdout	
knot:5w3rA	knot	G4083	development	0
knot:5waaA	knot	G213	development	2
knot:5ws7A	knot	G4084	confirmation	
knot:5wsfA	knot	G4085	final_holdout	
knot:5x2n_B	knot	G4086	development	1
knot:5x5mA	knot	G4087	development	2
knot:5x9lA	knot	G009	development	3
knot:5x9mA	knot	G009	development	3
knot:5xbuA	knot	G4088	development	3
knot:5xnu_A	knot	G4089	development	4
knot:5xp6A	knot	G037	final_holdout	
knot:5xq1_A	knot	G4090	confirmation	
knot:5xqaA	knot	G4091	confirmation	
knot:5xqpA	knot	G4092	development	0
knot:5xzs_A	knot	G4093	development	1
knot:5y3xA	knot	G4094	development	2
knot:5y9aA	knot	G4095	development	3
knot:5yb6A	knot	G4096	confirmation	
knot:5ydeA	knot	G4097	development	4
knot:5ylz_W	knot	G4098	development	0
knot:5yobA	knot	G4099	development	1
knot:5yypA	knot	G009	development	3
knot:5z02A	knot	G040	development	3
knot:5z0tA	knot	G4100	final_holdout	
knot:5z79_A	knot	G4101	development	3
knot:5zep_0	knot	G4102	confirmation	
knot:5zj2A	knot	G037	final_holdout	
knot:5znm_A	knot	G4103	development	4
knot:5zya_D	knot	G214	development	4
knot:6a82_A	knot	G4104	development	0
knot:6a9s_A	knot	G4105	final_holdout	
knot:6ac6_A	knot	G4106	development	1
knot:6acg_A	knot	G011	development	2
knot:6ai0_A	knot	G4107	confirmation	
knot:6ao9A	knot	G4108	final_holdout	
knot:6ar0A	knot	G4109	final_holdout	
knot:6argA	knot	G4110	confirmation	
knot:6b8gA	knot	G4111	development	3
knot:6ba9_A	knot	G4112	final_holdout	
knot:6baj_A	knot	G4113	final_holdout	
knot:6balA	knot	G4114	development	4
knot:6bevA	knot	G4115	development	0
knot:6bwi_A	knot	G4116	confirmation	
knot:6bxdA	knot	G4117	development	1
knot:6c79A	knot	G175	confirmation	
knot:6cdjA	knot	G4118	development	2
knot:6csf_C	knot	G4119	development	3
knot:6cspA	knot	G208	confirmation	
knot:6d05_A	knot	G215	development	3
knot:6d1iA	knot	G037	final_holdout	
knot:6d9yA	knot	G4120	development	0
knot:6dzy_A	knot	G4121	development	1
knot:6ecc_A	knot	G4122	development	2
knot:6elxA	knot	G4123	confirmation	
knot:6emv_A	knot	G4124	development	3
knot:6eqeA	knot	G4125	final_holdout	
knot:6eso_A	knot	G4126	development	4
knot:6etpA	knot	G010	development	4
knot:6ev3A	knot	G021	development	4
knot:6evdA	knot	G021	development	4
knot:6f1t_M	knot	G022	development	0
knot:6f1t_N	knot	G022	development	0
knot:6f1y_f	knot	G022	development	0
knot:6f2w_A	knot	G4127	development	0
knot:6f38_M	knot	G022	development	0
knot:6f38_N	knot	G022	development	0
knot:6f38_Y	knot	G4128	final_holdout	
knot:6f3a_M	knot	G4129	final_holdout	
knot:6f3a_N	knot	G4130	development	1
knot:6f3a_Y	knot	G4131	development	2
knot:6f43A	knot	G4132	development	3
knot:6f5p_A	knot	G4133	confirmation	
knot:6fd1A	knot	G4134	confirmation	
knot:6ff0_A	knot	G4135	development	4
knot:6fhi_A	knot	G4136	development	0
knot:6fi2A	knot	G4137	final_holdout	
knot:6fij_A	knot	G4138	development	1
knot:6fj6A	knot	G009	development	3
knot:6fm7A	knot	G4139	development	2
knot:6fny_A	knot	G4140	development	4
knot:6fpz_A	knot	G124	final_holdout	
knot:6fwu_A	knot	G4141	final_holdout	
knot:6g7e_B	knot	G4142	development	0
knot:6ggpA	knot	G4143	development	1
knot:6hc7_A	knot	G4144	confirmation	
knot:6hhm_A	knot	G4145	development	2
knot:6hiw_DC	knot	G4146	development	3
knot:6hix_BG	knot	G4147	confirmation	
knot:6hmdA	knot	G4148	development	4
knot:6hms_B	knot	G146	development	3
knot:6hr5_A	knot	G4149	final_holdout	
knot:6hxh_A	knot	G035	development	1
knot:6i44_A	knot	G4150	development	1
knot:6i7s_A	knot	G109	development	1
knot:6i8w_A	knot	G4151	development	2
knot:6iqk_K	knot	G4152	final_holdout	
knot:6irs_B	knot	G4153	final_holdout	
knot:6iva_A	knot	G4154	development	3
knot:6ix4_A	knot	G4155	development	4
knot:6iyc_A	knot	G216	final_holdout	
knot:6j66_A	knot	G4156	development	0
knot:6j6a_A	knot	G4157	development	1
knot:6jr9_A	knot	G4158	final_holdout	
knot:6juy_A	knot	G4159	confirmation	
knot:6k15_I	knot	G4160	development	2
knot:6k34_A	knot	G4161	confirmation	
knot:6k3c_A	knot	G4162	development	3
knot:6k4n_A	knot	G087	final_holdout	
knot:6khl_A	knot	G4163	development	4
knot:6ki1_A	knot	G4164	development	0
knot:6kku_A	knot	G4165	development	1
knot:6kle_A	knot	G4166	final_holdout	
knot:6l7e_A	knot	G196	confirmation	
knot:6l85_A	knot	G4167	final_holdout	
knot:6leo_A	knot	G217	development	3
knot:6lep_A	knot	G217	development	3
knot:6lpf_A	knot	G4168	development	2
knot:6ltc_A	knot	G4169	development	3
knot:6lyh_A	knot	G4170	development	4
knot:6m16_A	knot	G4171	development	0
knot:6m1d_A	knot	G4172	development	1
knot:6m39_A	knot	G4173	development	2
knot:6m6h_A	knot	G4174	confirmation	
knot:6mlk_A	knot	G4175	final_holdout	
knot:6mms_B	knot	G4176	development	3
knot:6mzd_F	knot	G129	development	3
knot:6n3xA	knot	G213	development	2
knot:6n8a_A	knot	G4177	development	4
knot:6nbq_F	knot	G4178	development	0
knot:6nd0_A	knot	G180	development	3
knot:6nd4_N	knot	G4179	development	1
knot:6ndo_A	knot	G149	development	4
knot:6nfx_A	knot	G4180	development	2
knot:6ni4A	knot	G181	development	2
knot:6npk_A	knot	G049	development	4
knot:6npl_A	knot	G049	development	4
knot:6o7a_A	knot	G4181	final_holdout	
knot:6oaw_A	knot	G4182	development	3
knot:6odj_A	knot	G4183	development	4
knot:6p8r_A	knot	G4184	confirmation	
knot:6p8v_H	knot	G4185	development	0
knot:6pev_A	knot	G4186	development	1
knot:6px9_A	knot	G4187	development	2
knot:6pzt_A	knot	G137	development	4
knot:6qam_A	knot	G4188	development	3
knot:6qhp_B	knot	G4189	development	4
knot:6qn0_A	knot	G4190	development	0
knot:6qqm_A	knot	G218	development	3
knot:6qqw_A	knot	G219	development	3
knot:6qqz_A	knot	G219	development	3
knot:6qw8A	knot	G4191	confirmation	
knot:6qx9_BP	knot	G214	development	4
knot:6r1dA	knot	G4192	development	0
knot:6rao_I	knot	G4193	final_holdout	
knot:6rbc_A	knot	G4194	development	1
knot:6rbd_k	knot	G210	development	1
knot:6rtc_A	knot	G4195	development	4
knot:6rum_A	knot	G023	development	1
knot:6rvx_A	knot	G4196	development	3
knot:6rwb_A	knot	G4197	development	2
knot:6s3k_A	knot	G4198	confirmation	
knot:6s3q_A	knot	G220	development	3
knot:6s4q_A	knot	G014	development	1
knot:6s7p_A	knot	G4199	development	3
knot:6sbl_A	knot	G012	development	0
knot:6scf_A	knot	G4200	development	0
knot:6sg9_DH	knot	G4201	development	1
knot:6sga_F5	knot	G4202	development	2
knot:6sga_UY	knot	G4203	final_holdout	
knot:6sgb_UY	knot	G4204	development	3
knot:6sj9_A	knot	G4205	development	4
knot:6ski_F	knot	G4206	development	0
knot:6skl_X	knot	G4207	development	1
knot:6tby_AAA	knot	G4208	development	2
knot:6tda_L	knot	G4209	final_holdout	
knot:6tda_X	knot	G4210	development	4
knot:6ted_V	knot	G4211	development	0
knot:6tgb_A	knot	G111	final_holdout	
knot:6tni_A	knot	G4212	development	1
knot:6tr5_A	knot	G073	development	1
knot:6trgXXX	knot	G4213	confirmation	
knot:6u4b_A	knot	G4214	development	2
knot:6u7h_A	knot	G4215	development	3
knot:6uev_A	knot	G4216	development	4
knot:6uh9_A	knot	G4217	confirmation	
knot:6ulg_L	knot	G4218	development	0
knot:6ust_A	knot	G4219	development	1
knot:6v7n_A	knot	G4220	final_holdout	
knot:6v8p_A	knot	G221	confirmation	
knot:6v8q_A	knot	G045	confirmation	
knot:6vat_A	knot	G045	confirmation	
knot:6vkm_A	knot	G011	development	2
knot:6w1s_A	knot	G4221	development	3
knot:6w1s_L	knot	G4222	final_holdout	
knot:6w6w_A	knot	G4223	development	4
knot:6w8r_A	knot	G4224	development	0
knot:6wd6_8	knot	G4225	development	1
knot:6wet_AaA	knot	G4226	final_holdout	
knot:6wjv_A	knot	G4227	development	2
knot:6wrw_A	knot	G215	development	3
knot:6x0m_P	knot	G4228	confirmation	
knot:6x44_A	knot	G4229	development	3
knot:6xp5_Q	knot	G4230	development	4
knot:6xr4_A	knot	G4231	confirmation	
knot:6y53_b	knot	G4232	final_holdout	
knot:6y5q_q	knot	G4233	development	0
knot:6y6k_A	knot	G4234	development	1
knot:6y7c_i	knot	G4235	development	2
knot:6y9j_A	knot	G4236	development	3
knot:6yhl_A	knot	G4237	development	4
knot:6ysq_A	knot	G4238	development	0
knot:6yt0_A	knot	G4239	development	1
knot:6yu2_A	knot	G4240	development	3
knot:6yub_A	knot	G4241	development	4
knot:6yxx_EF	knot	G4242	development	0
knot:6yxx_Ul	knot	G4243	development	1
knot:6yxy_UX	knot	G4244	development	2
knot:6yzn_A	knot	G012	development	0
knot:6yzw_A	knot	G012	development	0
knot:6z3w_A	knot	G4245	development	3
knot:6zbl_B	knot	G4246	confirmation	
knot:6zd6_A	knot	G4247	development	4
knot:6zeq_A	knot	G4248	final_holdout	
knot:6zr9_A	knot	G4249	development	0
knot:6ztz_X	knot	G4250	development	0
knot:6zxj_H	knot	G148	confirmation	
knot:7a3hA	knot	G055	development	4
knot:7a6g_A	knot	G4251	development	1
knot:7abg_s	knot	G4252	development	2
knot:7aoi_XO	knot	G4253	development	3
knot:7aor_aa	knot	G4254	development	4
knot:7avr_A	knot	G4255	development	0
knot:7b7p_A	knot	G4256	development	1
knot:7bii_A	knot	G4257	development	2
knot:7bo2_A	knot	G073	development	1
knot:7bqd_A	knot	G4258	development	3
knot:7c1x_A	knot	G222	development	3
knot:7c1z_A	knot	G222	development	3
knot:7c3m_A	knot	G099	confirmation	
knot:7c9i_A	knot	G216	final_holdout	
knot:7ch1_A	knot	G4259	development	4
knot:7cn9_A	knot	G002	development	2
knot:7cu3_A	knot	G4260	final_holdout	
knot:7cwt_A	knot	G002	development	2
knot:7cww_A	knot	G4261	final_holdout	
knot:7d5q_A	knot	G4262	development	1
knot:7dk5_A	knot	G002	development	2
knot:7eba_A	knot	G4263	final_holdout	
knot:7fg2_A	knot	G002	development	2
knot:7fpyA	knot	G023	development	1
knot:7fvzA	knot	G074	development	2
knot:7fw0A	knot	G074	development	2
knot:7fw2A	knot	G074	development	2
knot:7hctA	knot	G001	confirmation	
knot:7hcuA	knot	G001	confirmation	
knot:7hd3A	knot	G001	confirmation	
knot:7hd5A	knot	G001	confirmation	
knot:7heqA	knot	G001	confirmation	
knot:7hf0A	knot	G001	confirmation	
knot:7hf1A	knot	G001	confirmation	
knot:7hflA	knot	G001	confirmation	
knot:7hpyA	knot	G001	confirmation	
knot:7jmn_E	knot	G4264	development	2
knot:7jmn_O	knot	G4265	final_holdout	
knot:7jnr_A	knot	G012	development	0
knot:7jnw_A	knot	G012	development	0
knot:7k01_7	knot	G4266	final_holdout	
knot:7k1y_B	knot	G4267	development	3
knot:7k84_A	knot	G088	development	2
knot:7k93_A	knot	G044	development	0
knot:7kdv_B	knot	G4268	confirmation	
knot:7kfl_A	knot	G4269	development	4
knot:7kgv_A	knot	G4270	development	0
knot:7kpv_D	knot	G4271	development	1
knot:7kqr_A	knot	G4272	development	2
knot:7kya_A	knot	G4273	confirmation	
knot:7lhv_A	knot	G4274	development	3
knot:7ljr_A	knot	G002	development	2
knot:7lkf_A	knot	G4275	development	4
knot:7lwy_A	knot	G223	development	2
knot:7lxd_A	knot	G221	confirmation	
knot:7lxd_D	knot	G4276	development	0
knot:7lxd_F	knot	G4277	development	1
knot:7m12_A	knot	G223	development	2
knot:7mkl_A	knot	G002	development	2
knot:7ml7_A	knot	G4278	development	2
knot:7mw2_A	knot	G002	development	2
knot:7nh6_AAA	knot	G012	development	0
knot:7nh8_AAA	knot	G012	development	0
knot:7np7_P1	knot	G224	development	0
knot:7npr_P1	knot	G224	development	0
knot:7ns6_I	knot	G002	development	2
knot:7nsg_A	knot	G220	development	3
knot:7nt0_AAA	knot	G4279	development	3
knot:7nxg_A	knot	G4280	confirmation	
knot:7o2w_B	knot	G225	confirmation	
knot:7o4i_R	knot	G4281	final_holdout	
knot:7oji_A	knot	G4282	development	4
knot:7pk3_A	knot	G073	development	1
knot:7plf_AAA	knot	G4283	development	0
knot:7pri_AAA	knot	G218	development	3
knot:7qi5_5	knot	G062	development	0
knot:7qi6_5	knot	G062	development	0
knot:7qwx_A	knot	G4284	confirmation	
knot:7r8m_A	knot	G002	development	2
knot:7rig_A	knot	G035	development	1
knot:7rkz_A	knot	G035	development	1
knot:7s9y_A	knot	G4285	confirmation	
knot:7svo_A	knot	G112	development	1
knot:7sx8_D	knot	G110	confirmation	
knot:7t4t_A	knot	G4286	development	1
knot:7t62_B	knot	G4287	development	2
knot:7tn1_A	knot	G068	development	2
knot:7ubn_D	knot	G4288	development	3
knot:7uow_A	knot	G002	development	2
knot:7v3u_3	knot	G4289	development	4
knot:7v73_A	knot	G4290	final_holdout	
knot:7v74_A	knot	G4291	development	1
knot:7w8n_A	knot	G4292	confirmation	
knot:7waa_A	knot	G4293	development	2
knot:7wd7_A	knot	G002	development	2
knot:7wdf_A	knot	G002	development	2
knot:7we8_A	knot	G002	development	2
knot:7wld_G	knot	G4294	development	3
knot:7xch_A	knot	G002	development	2
knot:7xd2_A	knot	G002	development	2
knot:7y63_A	knot	G226	confirmation	
knot:7y68_A	knot	G226	confirmation	
knot:7y8t_A	knot	G4295	development	4
knot:7y9s_A	knot	G002	development	2
knot:7yvg_A	knot	G002	development	2
knot:7zmd_A	knot	G4296	final_holdout	
knot:7zu0_D	knot	G4297	confirmation	
knot:8a3hA	knot	G055	development	4
knot:8axz_A	knot	G118	development	3
knot:8bon_A	knot	G002	development	2
knot:8bor_A	knot	G058	development	4
knot:8de4_A	knot	G4298	final_holdout	
knot:8dli_A	knot	G002	development	2
knot:8dll_A	knot	G002	development	2
knot:8dlp_A	knot	G002	development	2
knot:8dlt_A	knot	G002	development	2
knot:8dlu_A	knot	G002	development	2
knot:8dlz_A	knot	G002	development	2
knot:8epn_A	knot	G002	development	2
knot:8epp_A	knot	G002	development	2
knot:8fmx_A	knot	G4299	development	0
knot:8h69_A	knot	G4300	development	2
porter_10_2lqwA__2bzyB	fold_switch	G4301	final_holdout	
porter_11_5ejbC__1wp8C	fold_switch	G059	development	2
porter_12_2frhA__1fzpD	fold_switch	G4302	development	3
porter_13_5hmgB__1htmB	fold_switch	G131	development	0
porter_14_4j3oF__2jmrA	fold_switch	G227	development	3
porter_15_4hddA__2lepA	fold_switch	G4303	development	4
porter_16_1miqB__1qs8B	fold_switch	G4304	development	0
porter_17_4nc9C__4n9wA	fold_switch	G4305	development	1
porter_18_3j97M__1xtgB	fold_switch	G039	development	4
porter_19_2naoF__1iytA	fold_switch	G095	confirmation	
porter_1_1g2cF__5c6bF	fold_switch	G068	development	2
porter_20_5c1vA__5c1vB	fold_switch	G079	development	4
porter_21_4zt0C__4cmqB	fold_switch	G4306	final_holdout	
porter_22_5jytA__2qkeE	fold_switch	G4307	final_holdout	
porter_23_2lejA__2lv1A	fold_switch	G084	development	3
porter_24_3jv6A__1zk9A	fold_switch	G4308	development	2
porter_25_5k5gA__2kb8A	fold_switch	G127	development	4
porter_26_4uv2D__4q79F	fold_switch	G4309	development	3
porter_27_1wyyB__5wrgA	fold_switch	G011	development	2
porter_28_5fhcJ__1eboE	fold_switch	G011	development	2
porter_29_4wsgC__1svfC	fold_switch	G059	development	2
porter_2_5ec5P__3zxgB	fold_switch	G4310	development	4
porter_30_1nqdA__1nqjB	fold_switch	G053	development	2
porter_31_5fluE__2uy7D	fold_switch	G227	development	3
porter_32_3qy2A__1qb3A	fold_switch	G4311	development	0
porter_33_2ougC__2lclA	fold_switch	G139	development	0
porter_34_1qomB__1nocA	fold_switch	G4312	confirmation	
porter_35_4rr2D__3l9qB	fold_switch	G4313	final_holdout	
porter_36_2gedB__1nrjB	fold_switch	G4314	development	1
porter_37_5keqF__1dzlA	fold_switch	G135	development	4
porter_38_4y0mJ__4xwsD	fold_switch	G4315	development	2
porter_39_2c1uC__2c1vB	fold_switch	G228	development	1
porter_3_1uxmK__2namA	fold_switch	G017	development	4
porter_40_4zrbC__4zrbH	fold_switch	G4316	development	3
porter_41_4qhfA__4qhhA	fold_switch	G4317	development	4
porter_42_4aanA__4aalA	fold_switch	G228	development	1
porter_43_1x0gA__1x0gD	fold_switch	G4318	development	0
porter_44_4ae0A__4ow6B	fold_switch	G4319	development	1
porter_45_1mnmC__1mnmD	fold_switch	G116	development	1
porter_46_2nntA__2mwfA	fold_switch	G101	development	0
porter_47_4jphB__5hk5H	fold_switch	G4320	development	2
porter_48_3ifaA__5et5A	fold_switch	G229	development	2
porter_49_3k2sA__2a01C	fold_switch	G145	development	0
porter_4_7ahlE__4yhdG	fold_switch	G4321	development	3
porter_50_4fu4C__4g0dZ	fold_switch	G4322	development	4
porter_51_1h38D__1qlnA	fold_switch	G4323	development	0
porter_52_5b3zA__5bmyA	fold_switch	G225	confirmation	
porter_53_1xjtA__1xjuB	fold_switch	G230	development	1
porter_54_3hdeA__3hdfA	fold_switch	G230	development	1
porter_55_4b3oB__3meeA	fold_switch	G4324	confirmation	
porter_56_4twaA__4ydqB	fold_switch	G4325	final_holdout	
porter_57_3ejhA__3m7pA	fold_switch	G4326	development	1
porter_58_1k0nA__1rk4B	fold_switch	G122	development	1
porter_59_1xntA__3lqcA	fold_switch	G4327	development	2
porter_5_5aoeB__5ly6B	fold_switch	G4328	development	3
porter_60_2axzA__2grmB	fold_switch	G4329	development	4
porter_61_4gqcC__4gqcB	fold_switch	G4330	development	0
porter_62_4o0pA__4o01D	fold_switch	G058	development	4
porter_63_4dxtA__4dxrA	fold_switch	G4331	final_holdout	
porter_64_4rwnA__4rwqB	fold_switch	G4332	development	1
porter_65_2hdmA__2n54B	fold_switch	G120	confirmation	
porter_66_3vo9B__3vpaD	fold_switch	G4333	development	0
porter_67_2p3vA__2p3vD	fold_switch	G229	development	2
porter_68_3zwgN__4tsyD	fold_switch	G4334	development	2
porter_69_3ewsB__3g0hA	fold_switch	G098	development	1
porter_6_1ovaA__1jtiB	fold_switch	G047	development	0
porter_70_3tp2A__5lj3M	fold_switch	G4335	development	3
porter_71_3njqA__2pbkB	fold_switch	G4336	development	4
porter_72_4rmbA__4rmbB	fold_switch	G4337	development	0
porter_73_2ce7C__3kdsG	fold_switch	G4338	confirmation	
porter_74_4phqA__2wcdX	fold_switch	G4339	development	1
porter_75_3t1pA__1kctA	fold_switch	G047	development	0
porter_76_3j9cA__3q8fA	fold_switch	G4340	development	3
porter_77_2nxqB__1jfkA	fold_switch	G4341	development	4
porter_78_5l35D__5l35G	fold_switch	G126	final_holdout	
porter_79_5i2mA__5i2sA	fold_switch	G4342	development	0
porter_7_3gmhL__2vfxL	fold_switch	G172	final_holdout	
porter_80_5f3kA__5f5rB	fold_switch	G4343	development	1
porter_81_4qdsA__2qqjA	fold_switch	G4344	development	2
porter_82_5jzhA__5jztG	fold_switch	G4345	development	3
porter_83_4pyiA__4pyjA	fold_switch	G4346	development	2
porter_84_5ineA__3mkoA	fold_switch	G4347	development	2
porter_85_1mbyA__4yypA	fold_switch	G4348	development	4
porter_86_2a73B__3l5nB	fold_switch	G4349	development	0
porter_87_2k0qA__2lelA	fold_switch	G4350	development	1
porter_88_3uyiA__3v0tA	fold_switch	G4351	development	0
porter_89_4a5wB__3t5oA	fold_switch	G4352	development	2
porter_8_3m1bF__3lowA	fold_switch	G4353	confirmation	
porter_90_1rkpA__2h44A	fold_switch	G094	development	2
porter_91_1ceeB__2k42A	fold_switch	G093	development	3
porter_92_3o44A__1xezA	fold_switch	G4354	development	3
porter_93_1repC__2z9oB	fold_switch	G4355	development	4
porter_94_3kuyA__5c3iF	fold_switch	G041	development	0
porter_95_2n0aD__2kkwA	fold_switch	G077	development	3
porter_96_4m4rA__4w50B	fold_switch	G4356	development	0
porter_9_3j7wB__3j7vG	fold_switch	G4357	development	1
pyp:PYP-2014-DARK	pyp	G013	development	0
pyp:PYP-2014-LIGHT-INT	pyp	G013	development	0
pyp:PYP-2020-CRYSTAL-SPEC	pyp	G013	development	0
pyp:PYP-2020-SOLUTION-SPEC	pyp	G013	development	0
pyp:experiment::EXP-PYP-2014-SFX	pyp	G013	development	0
pyp:experiment::EXP-PYP-2020-SPEC	pyp	G013	development	0
rnase:EXCL-9R6P	rnase_a	G010	development	4
rnase:EXCL-9R6Q	rnase_a	G010	development	4
rnase:EXCL-9R6R	rnase_a	G010	development	4
rnase:RNA-CSWAP-1F0V	rnase_a	G010	development	4
rnase:RNA-MONOMER-1FS3	rnase_a	G010	development	4
rnase:RNA-MONOMER-1FS3-B	rnase_a	G010	development	4
rnase:RNA-NSWAP-1A2W	rnase_a	G010	development	4
rnase:RNA-TRIMER-1JS0	rnase_a	G010	development	4
rnase:experiment:EXP-RNA-1998-2001	rnase_a	G010	development	4
