draw	ref_metric	arm_metric	delta
0	0.9996221796585056	0.9989088005518117	-0.0007133791066938899
1	0.999040552989389	0.9978310286978228	-0.0012095242915661775
2	0.9998482826988068	0.9998456507696153	-2.6319291914767007e-06
3	0.9998902530854502	0.9999164173368302	2.6164251380023096e-05
4	nan	nan	nan
5	0.9995103477370222	0.9989873585425697	-0.0005229891944524834
6	0.9996005664935139	0.9997751360194265	0.00017456952591254904
7	0.9999489381826134	0.9999605308688805	1.1592686267047903e-05
8	0.9996368116340922	0.9991359692805795	-0.000500842353512776
9	0.9996148646513878	0.9997186615743594	0.00010379692297157739
10	0.9999995913624887	0.9999997394508592	1.4808837045521273e-07
11	0.999896657404444	0.999923049601383	2.639219693900685e-05
12	0.9993196635662146	0.9982177504479455	-0.0011019131182691266
13	0.9998421279043147	0.9998362888341725	-5.839070142177327e-06
14	0.9995113618489776	0.9982882094867206	-0.0012231523622570073
15	0.9999405090960451	0.9999320647492643	-8.44434678082262e-06
16	0.9994479646153916	0.9991270473434685	-0.0003209172719231823
17	0.9991541085096555	0.9979282106930203	-0.0012258978166351797
18	0.9998964748894615	0.999899252730739	2.7778412774459582e-06
19	0.9999537604757999	0.9999653735325589	1.1613056759007812e-05
20	0.9993915717793486	0.9988799260449576	-0.0005116457343909975
21	0.9999474556545664	0.9999444981659521	-2.957488614341308e-06
22	0.9998970070531937	0.9999192334430882	2.2226389894464127e-05
23	0.9999995930615846	0.9999996539713454	6.090976079065058e-08
24	0.9991658196048991	0.997124706971565	-0.0020411126333341745
25	0.9998101041823123	0.999864173157137	5.406897482473916e-05
26	0.9998004520891762	0.9998555705565946	5.511846741834692e-05
27	0.9986085007784025	0.9955214260883646	-0.003087074690037883
28	0.9993727307400404	0.9990382625453408	-0.00033446819469962197
29	0.9999465032934439	0.999981075731878	3.457243843407731e-05
30	0.9998907210408693	0.999867896808207	-2.2824232662310706e-05
31	0.9989978838042964	0.9972179169064769	-0.0017799668978195626
32	0.9998353352631904	0.9998738630108668	3.852774767643119e-05
33	0.9999001066720326	0.9999633908114359	6.328413940337452e-05
34	0.999943020989883	0.9999802952360115	3.7274246128538024e-05
35	0.9996609633329332	0.9998216089385813	0.00016064560564810204
36	0.9991103701955663	0.9972721699280468	-0.001838200267519463
37	0.9990555480457238	0.9970446758465221	-0.0020108721992017076
38	0.9994215736980826	0.9982487057191316	-0.0011728679789509977
39	0.999019326014833	0.9971899446729603	-0.0018293813418727156
40	0.9991424776562279	0.9979580724627836	-0.0011844051934443156
41	0.9996977898112691	0.9990837207302684	-0.000614069081000701
42	0.9995378629309066	0.9983064195580847	-0.0012314433728218832
43	0.9998987347923534	0.9999453420192216	4.660722686822272e-05
44	0.9994160882030819	0.9981285515770925	-0.0012875366259894605
45	0.9997960862133939	0.9998707706239618	7.468441056790454e-05
46	0.9996020605891637	0.9989249471945748	-0.0006771133945888685
47	0.9997310569536628	0.9992252531285557	-0.0005058038251071206
48	0.9997118802493947	0.9990877222615442	-0.0006241579878505377
49	0.9995971172990087	0.9990504302224589	-0.0005466870765498122
50	0.9995312004202063	0.9989887513150554	-0.0005424491051508884
51	0.9996315083187343	0.9997075834376993	7.607511896501329e-05
52	0.9995710775704272	0.9989761914335185	-0.0005948861369087233
53	0.9993020256811532	0.9978680419312087	-0.001433983749944523
54	0.9994296339788941	0.9988757355379955	-0.0005538984408985925
55	0.9997805489818623	0.9991082474862616	-0.0006723014956007134
56	0.9994317471895128	0.9980350142846773	-0.0013967329048354404
57	0.9992710926643762	0.9980605596443649	-0.001210533020011284
58	0.9996693658653792	0.9991099451963952	-0.0005594206689840675
59	0.9997846062229356	0.9999006829322339	0.00011607670929825176
60	0.9996124398682057	0.9990096812805038	-0.0006027585877018682
61	0.9999462512816801	0.9999351961656804	-1.10551159997474e-05
62	0.999355392082018	0.99817848585943	-0.0011769062225879257
63	0.9999992228422799	0.999999556955825	3.3411354505297197e-07
64	0.9999012803621007	0.9999077568866322	6.476524531562333e-06
65	0.9997830815286483	0.9998863847887193	0.00010330326007101931
66	0.9994524439195039	0.9983777859728367	-0.001074657946667279
67	0.9997960164050588	0.9998630593969587	6.704299189996821e-05
68	0.9998921292915783	0.9999416822689631	4.955297738473696e-05
69	0.9999996451394644	0.9999997317223338	8.658286942964111e-08
70	0.9998863212787441	0.9998934574755699	7.136196825796581e-06
71	0.9993556259923149	0.9981771543240049	-0.0011784716683099772
72	0.9996350217816886	0.9990980975163792	-0.0005369242653093798
73	0.9997461625080876	0.9998085534213916	6.239091330406676e-05
74	0.9996065976847813	0.9990427905268439	-0.0005638071579374682
75	0.999469577413292	0.9981849942843789	-0.0012845831289131082
76	0.9998508357529861	0.999893692283643	4.285653065694284e-05
77	0.9993525986130809	0.9981499682943367	-0.0012026303187442355
78	0.9995968015538174	0.9990115825758009	-0.0005852189780164441
79	0.9986792842694536	0.9954744852258718	-0.0032047990435818408
80	0.9999416867805976	0.9999346207533567	-7.066027240876238e-06
81	0.9996525537511602	0.9991270330657771	-0.0005255206853831407
82	0.9996060719847218	0.9990210911315873	-0.0005849808531345202
83	0.9999393295786209	0.9999814109228943	4.20813442734147e-05
84	0.9998374388601879	0.9998784836789284	4.10448187404544e-05
85	0.9994084076593229	0.9988617160742543	-0.0005466915850685927
86	0.9997360582923495	0.999075429690076	-0.0006606286022734498
87	0.9993732403399722	0.9982955538056435	-0.0010776865343287145
88	0.9993210707265724	0.9982190410636868	-0.0011020296628856396
89	0.9999482607234246	0.9999390510183356	-9.209705088997211e-06
90	0.9994690373973898	0.9988824322230777	-0.0005866051743120826
91	0.9996489416635028	0.9991053174837599	-0.0005436241797429631
92	0.9991589848929026	0.9978659887156265	-0.0012929961772760734
93	0.9998344776991498	0.9998566448859393	2.2167186789490145e-05
94	0.999678529068855	0.9989713041844822	-0.0007072248843728035
95	0.9993536584782059	0.9980349156302972	-0.0013187428479086716
96	0.9999468025642341	0.9999872084129372	4.040584870312891e-05
97	0.9991494649115742	0.9974781500590276	-0.0016713148525465682
98	0.9995211408784778	0.9989955389241759	-0.0005256019543018464
99	0.9997285229862706	0.9998031512196793	7.46282334087578e-05
100	0.9996825599905688	0.9991182352238717	-0.0005643247666970996
101	0.9998905192270336	0.9999381276729855	4.760844595186331e-05
102	0.999216250922558	0.9974809824366719	-0.0017352684858860101
103	0.9995448269804051	0.9990010132613112	-0.0005438137190939552
104	0.9994378968632163	0.9982084324065919	-0.0012294644566244184
105	0.9996125245212004	0.9990846167435008	-0.000527907777699621
106	0.9995634325424881	0.9989438790699513	-0.0006195534725368379
107	0.999431636675618	0.9988721513592113	-0.0005594853164067048
108	0.9993125290298033	0.9982531862494061	-0.00105934278039721
109	0.9993054377885107	0.9979436158098773	-0.0013618219786333263
110	0.9998916411525781	0.999919828015374	2.818686279593141e-05
111	0.9996479829496719	0.9990021785978519	-0.0006458043518200451
112	0.9993007851936445	0.9975506700205187	-0.0017501151731258435
113	0.99984117559591	0.9998580697363038	1.6894140393741708e-05
114	0.9994940598547156	0.9989589994219559	-0.0005350604327597486
115	0.999545447579708	0.9984312745925223	-0.0011141729871856354
116	0.9994662412348193	0.9981756447255407	-0.001290596509278652
117	0.9992730390855149	0.9982881582220249	-0.000984880863490023
118	0.9995969791962886	0.9989801150877109	-0.0006168641085777526
119	0.9995213838571636	0.9989760658083353	-0.0005453180488282916
120	0.9991745852191486	0.9975549769579499	-0.0016196082611986684
121	0.9995812235231738	0.9990284844709729	-0.000552739052200879
122	0.999952560943136	0.9999649801305853	1.241918744931958e-05
123	0.9995093259747693	0.9988549663029282	-0.0006543596718410205
124	0.9997444048943352	0.9998046572764595	6.025238212425954e-05
125	0.9999436384154675	0.9999825058263566	3.886741088909851e-05
126	0.9993782712646417	0.9982036548655462	-0.0011746163990955516
127	0.9994746184780539	0.9989121473138772	-0.0005624711641766256
128	0.9999065752924564	0.999972512409154	6.593711669755642e-05
129	0.9996820906162848	0.9990851130349969	-0.0005969775812878497
130	0.9992355080752793	0.997707200170676	-0.0015283079046032322
131	0.9990817916962242	0.998044907460109	-0.0010368842361152542
132	0.9999453146951768	0.9999600635892899	1.4748894113125743e-05
133	0.9994537280735049	0.9982103901472436	-0.001243337926261301
134	0.9999485711081307	0.9999620260222624	1.3454914131627582e-05
135	0.9996945831072853	0.9991031446972561	-0.000591438410029177
136	0.9995649303194972	0.9990747005790945	-0.0004902297404026923
137	0.9995607933649489	0.9990718424687253	-0.0004889508962235833
138	0.9997789180262228	0.9998667032013385	8.778517511576212e-05
139	0.999564356309519	0.9990327920587021	-0.0005315642508169072
140	0.9997700866637107	0.9998525754831874	8.248881947670039e-05
141	0.9998980895682295	0.9999246140552305	2.6524487001022834e-05
142	0.9993432538077314	0.9984111397044388	-0.0009321141032925251
143	0.9998477508596603	0.9999092673653434	6.15165056830902e-05
144	0.9992592043832417	0.998206959249662	-0.00105224513357971
145	0.9998508532171216	0.9999342453077072	8.339209058561003e-05
146	0.9995037594203641	0.9983565587404651	-0.0011472006798989298
147	0.9995536449617447	0.9990570654598959	-0.0004965795018487817
148	0.9995233714619588	0.9989729997799918	-0.0005503716819670323
149	0.999316859741561	0.9982777196780497	-0.0010391400635113568
150	0.9990010238743409	0.996656960286229	-0.0023440635881119
151	0.9991286843828494	0.9973945123758888	-0.001734172006960577
152	0.9995002562790223	0.998977835171673	-0.0005224211073492357
153	0.9994856190989486	0.9982735844802471	-0.001212034618701563
154	0.9994123869283057	0.9981924691852895	-0.001219917743016219
155	0.9998963085255448	0.9999650627390173	6.875421347252164e-05
156	0.9993287969724997	0.9988621594951954	-0.00046663747730424365
157	0.9998861061121006	0.9999189530863826	3.2846974281963703e-05
158	0.9996014557694914	0.9989253443194304	-0.0006761114500610788
159	0.9995420308152253	0.9990315636338357	-0.0005104671813895845
160	0.9992979658094603	0.9987493978633718	-0.0005485679460884851
161	0.9991043613320055	0.9969107001223048	-0.00219366120970077
162	0.9994754496391399	0.9982815704751221	-0.0011938791640178081
163	0.9994982726277241	0.9983891285952152	-0.0011091440325088353
164	0.9996777191269497	0.9990817778664409	-0.0005959412605087699
165	0.9998883233389912	0.9998887121951527	3.888561614928676e-07
166	0.9998918481054453	0.9998999140144473	8.065909002041849e-06
167	0.9992239644468989	0.9981074953002979	-0.001116469146601018
168	0.9994752750555672	0.9983392492939679	-0.0011360257615993241
169	0.9996948729007884	0.9989805874384488	-0.0007142854623396477
170	0.9993590714232453	0.9983169047569874	-0.0010421666662578932
171	0.9998948456301401	0.9999221809873989	2.7335357258850834e-05
172	0.9992274367382538	0.9979694897746602	-0.0012579469635936036
173	0.9997908891409621	0.9997980342385604	7.145097598248995e-06
174	0.9999355836148308	0.9999243025456048	-1.1281069225987927e-05
175	0.9998767260744403	0.9998685660855432	-8.159988897138426e-06
176	0.9995230900039267	0.9981237166350175	-0.0013993733689091625
177	0.9996640265760129	0.9991065085840191	-0.0005575179919938833
178	0.9997477878952192	0.9998439229461608	9.613505094152597e-05
179	0.999850439966643	0.9999112081179663	6.0768151323276065e-05
180	0.9993128046327926	0.9980267013877198	-0.0012861032450728338
181	0.9989014138006552	0.9971296315710548	-0.0017717822296003938
182	0.999947634709896	0.9999864141819007	3.877947200470189e-05
183	0.9999488776533666	0.9999374991941911	-1.1378459175537259e-05
184	0.9997125013049618	0.9998227905540041	0.00011028924904232795
185	0.9996825622321217	0.9991334633094892	-0.0005490989226325516
186	0.9996699103546646	0.9991258931103447	-0.0005440172443198499
187	0.9997891698275733	0.9998632930164663	7.412318889299385e-05
188	0.999645729864498	0.9990825001453774	-0.0005632297191205948
189	0.9993406199309425	0.9979566488831245	-0.0013839710478179557
190	0.9997874102808064	0.999846167789034	5.8757508227591515e-05
191	0.9998888524540687	0.9999198243112486	3.09718571799289e-05
192	0.9995819578930847	0.9989850305659456	-0.0005969273271391184
193	0.9996122280956388	0.9990787974833696	-0.0005334306122691812
194	0.9999500798545132	0.9999612820244977	1.1202169984514398e-05
195	0.9997648791736669	0.999121312616295	-0.0006435665573718552
196	0.999287262471857	0.9973338665197967	-0.001953395952060233
197	0.9996824214730236	0.9991182169150787	-0.0005642045579448141
198	0.9995486312322701	0.9989604748230357	-0.000588156409234375
199	0.9995842962722156	0.9989956170698618	-0.0005886792023537257
200	0.9997497886775379	0.9998726793337098	0.00012289065617188122
201	0.9996476547339332	0.9990800566522997	-0.0005675980816335358
202	0.9995555443066223	0.9997829019072972	0.00022735760067493782
203	0.9996194756396802	0.9991172936431636	-0.0005021819965166374
204	0.9995797422054707	0.9991167290142484	-0.00046301319122232787
205	0.999630773129647	0.9990502054384611	-0.0005805676911858626
206	0.9995129891357888	0.9989702986081408	-0.0005426905276479932
207	0.999734314633946	0.9991693961303824	-0.0005649185035636606
208	0.999576259632489	0.9990160635318617	-0.0005601961006272971
209	0.9993423671201889	0.998111484651829	-0.0012308824683598951
210	0.9998991300225608	0.9999464805244196	4.7350501858778316e-05
211	0.9992216744441307	0.9971304202412447	-0.002091254202886028
212	0.9990746849736349	0.9972508417896507	-0.0018238431839842084
213	0.9995206909581421	0.9989136745785396	-0.0006070163796024763
214	0.9996493757995633	0.9990251283963967	-0.0006242474031665779
215	0.9994536076299132	0.9988934019910878	-0.0005602056388254173
216	0.9991712604518254	0.9974244642849354	-0.0017467961668899967
217	0.9997044784286097	0.9998708746099976	0.00016639618138791779
218	0.9995471903806371	0.9989441106327307	-0.0006030797479064098
219	0.9994054616579664	0.9983134376112389	-0.00109202404672748
220	0.9995621977380981	0.9991096653458748	-0.00045253239222331487
221	0.9998378192842193	0.9998394108279475	1.591543728141076e-06
222	0.9996161246292342	0.9990352791251936	-0.0005808455040405835
223	0.9998985137274249	0.9999242827288365	2.5769001411601877e-05
224	0.9992986603849506	0.9987304114252863	-0.0005682489596643414
225	0.9994312423787041	0.9989615858572133	-0.00046965652149077997
226	0.9998343858306852	0.9998730647089282	3.8678878243048054e-05
227	0.9993978939029918	0.9988957584086757	-0.0005021354943161027
228	0.9999488330574859	0.9999630914417545	1.425838426860615e-05
229	0.9991700846151391	0.9973042596432088	-0.00186582497193033
230	0.9995714053947342	0.9990122990718063	-0.0005591063229278825
231	0.9994226231840617	0.9982628705105702	-0.0011597526734915542
232	0.9999452536443876	0.9999367907541777	-8.462890209837148e-06
233	0.9997223985067868	0.9991465005177066	-0.0005758979890801985
234	0.99988134428328	0.9999058164744219	2.4472191141877708e-05
235	0.9996144170369657	0.9990891576260114	-0.0005252594109543818
236	0.9993734927179374	0.9982857880279232	-0.0010877046900141796
237	0.9997479856452979	0.9991825015371719	-0.0005654841081259576
238	0.9998948934274392	0.9999675787977196	7.268537028037869e-05
239	0.9996668469347006	0.999030533340215	-0.0006363135944856824
240	0.9998894803415614	0.9999633690109899	7.388866942847905e-05
241	0.9995313603210699	0.9989652974929428	-0.0005660628281271007
242	0.9995963454319602	0.9990078661100048	-0.0005884793219553819
243	0.9996385828315106	0.9990566634011323	-0.0005819194303783304
244	0.9994908660292936	0.9988956481893209	-0.0005952178399727392
245	0.9999442506787909	0.9999328640258258	-1.1386652965073019e-05
246	0.9996970890731766	0.9990624900737437	-0.000634598999432856
247	0.9987788549948974	0.9956099171405655	-0.0031689378543319213
248	0.9998966114613269	0.9999707582548083	7.414679348138886e-05
249	0.9992325063235572	0.997940027118743	-0.0012924792048142342
250	0.9995661799157305	0.998457039220928	-0.0011091406948025018
251	0.9995344615486622	0.9991086584630058	-0.00042580308565642877
252	0.9999497241283652	0.9999648777058703	1.5153577505033766e-05
253	0.9997465439248076	0.9990971533396592	-0.0006493905851483461
254	0.9992076464945602	0.9980062384618836	-0.001201408032676543
255	nan	nan	nan
256	0.9998500054454964	0.9999126979158701	6.269247037371528e-05
257	0.9998505011296054	0.9998311466559398	-1.9354473665633698e-05
258	0.9996806381336911	0.998973692753337	-0.0007069453803540959
259	0.9999033291459278	0.9999231523151421	1.982316921422811e-05
260	0.9995610044800732	0.9989689694072191	-0.0005920350728541024
261	0.9998847545987087	0.9998894670852138	4.712486505020763e-06
262	0.9993918858034893	0.9989695988943488	-0.00042228690914047906
263	0.9996574267017081	0.9991253005957675	-0.0005321261059405558
264	0.9997905169374235	0.9998386849242299	4.816798680640222e-05
265	0.999414151361321	0.9989474070791479	-0.0004667442821730816
266	0.9995693104242317	0.999032194829171	-0.0005371155950606443
267	0.9997606084046071	0.9991189250143183	-0.0006416833902888053
268	0.9998907477994512	0.999940004380392	4.925658094079299e-05
269	0.9997410684639753	0.9998142855203062	7.32170563308987e-05
270	0.999848017301289	0.9999067122583336	5.86949570445805e-05
271	0.9998842155756383	0.9998890384739709	4.8228983325904196e-06
272	0.9999477879507824	0.9999592663939967	1.1478443214252287e-05
273	0.9998897280338732	0.9999202476585906	3.0519624717340044e-05
274	0.999784321174826	0.9998137406276738	2.9419452847845307e-05
275	0.9998412259184014	0.9999229865482848	8.176062988340949e-05
276	0.999261895505645	0.9976718943393921	-0.0015900011662529634
277	0.9996194624629304	0.9991348538058744	-0.0004846086570560182
278	0.9994149407566384	0.9982991918572114	-0.0011157488994270048
279	0.9993568604116648	0.9982402254631089	-0.0011166349485559612
280	0.9991061772022611	0.9969683179506219	-0.002137859251639229
281	0.9996569875745428	0.999109816868279	-0.0005471707062637554
282	0.9996321946946332	0.9990829342620706	-0.0005492604325625372
283	0.9992189659682129	0.9972380801676863	-0.0019808858005265773
284	0.9995708020817267	0.9990265764545929	-0.0005442256271337431
285	0.9999509307331824	0.9999866868854078	3.575615222539685e-05
286	0.9993131337276938	0.9980737283643196	-0.0012394053633741908
287	0.9997848674750136	0.9997985920181408	1.3724543127202615e-05
288	0.9997123134241378	0.9991350785346107	-0.0005772348895271007
289	0.9998853800860198	0.9999169133775445	3.1533291524721285e-05
290	0.9998891231805416	0.999882108778307	-7.014402234606365e-06
291	0.9998930543665001	0.9999159494832972	2.2895116797094772e-05
292	0.9994419286898031	0.9983233524444844	-0.0011185762453186365
293	0.9995620194315916	0.9989297132869671	-0.000632306144624506
294	0.9995639816576537	0.9989591293721963	-0.000604852285457369
295	0.9992856533845625	0.9987743533010258	-0.0005113000835367254
296	0.9995372962885293	0.9988999222726175	-0.0006373740159117958
297	0.9997955507429187	0.9998695428791392	7.399213622050205e-05
298	0.9990846669237329	0.9974822038099469	-0.001602463113785979
299	0.9994811142583669	0.9988326907063767	-0.0006484235519902404
300	0.9994055158623099	0.9987738630995242	-0.0006316527627856505
301	0.9994926508179762	0.9982491995690983	-0.0012434512488779248
302	0.9997885750114623	0.9998507755628495	6.22005513871704e-05
303	0.9992166084383763	0.9980452247703673	-0.0011713836680090628
304	0.9997841535823433	0.999244660048889	-0.0005394935334542827
305	0.9997981370609996	0.9998491746985981	5.103763759850555e-05
306	0.999683179822957	0.9991338144222364	-0.0005493654007205917
307	0.9998393180280648	0.9998821949632475	4.2876935182678544e-05
308	0.9996567470959927	0.999096904338848	-0.0005598427571447129
309	0.9998436126086578	0.999934896629076	9.128402041813644e-05
310	0.9993495365169411	0.9980037876802899	-0.0013457488366512838
311	0.9994950150609591	0.9984309252217818	-0.0010640898391772735
312	0.9998537251920419	0.999895994568014	4.22693759721815e-05
313	0.9994886519468636	0.9989299880917402	-0.0005586638551234868
314	0.9999504211531844	0.9999847828577747	3.436170459025778e-05
315	0.9998453860754086	0.9998574954378917	1.2109362483081476e-05
316	0.9994969439930719	0.998122020903957	-0.00137492308911491
317	0.999597879305325	0.9990090045922387	-0.0005888747130862182
318	0.9989905179624259	0.9971353215939446	-0.0018551963684813044
319	0.9997129778692841	0.999144165764357	-0.0005688121049270967
320	0.9997915067736451	0.9999153744817886	0.0001238677081434325
321	0.9996272965290205	0.999178100358552	-0.0004491961704684577
322	0.999641811176311	0.9996988464693412	5.703529303013877e-05
323	0.9996076674500944	0.9990233189822104	-0.0005843484678840216
324	0.9997371808680754	0.9997993656673373	6.218479926189957e-05
325	0.999260316412615	0.9979752301541557	-0.0012850862584593559
326	0.9998812020029343	0.9999125818379762	3.137983504186703e-05
327	0.9996553898080337	0.9998934851799811	0.00023809537194741104
328	0.9993130774589619	0.9980091138683217	-0.0013039635906402225
329	0.9995922059170225	0.9990949606865738	-0.0004972452304486952
330	0.999663528371946	0.999067805944543	-0.0005957224274030226
331	0.9997874295276016	0.9998914180039101	0.00010398847630854746
332	0.9991641824698381	0.9976224278549651	-0.0015417546148729366
333	0.9990357497444958	0.9973737939724459	-0.0016619557720499722
334	0.9999465347774283	0.9999576913257371	1.1156548308743908e-05
335	0.999844758205637	0.9998858755928265	4.11173871894821e-05
336	0.9998992203113161	0.9999673311224843	6.811081116819828e-05
337	0.9993572183376868	0.9978528620713014	-0.0015043562663853427
338	0.9997517123204357	0.9992274251949068	-0.0005242871255288772
339	0.9994034282884996	0.9989103612140219	-0.0004930670744777155
340	0.999509105512715	0.9985114813909605	-0.0009976241217545256
341	0.9996068222095034	0.9989418185219547	-0.0006650036875486265
342	0.9996696159604582	0.9990513622393433	-0.0006182537211149031
343	0.9994803619011672	0.998862580473484	-0.0006177814276832061
344	0.9997015368172101	0.9990810231900816	-0.0006205136271284495
345	0.9997144331499151	0.9997240514886632	9.618338748018651e-06
346	0.9998240423683756	0.9998173418055581	-6.700562817485434e-06
347	0.9997287288797634	0.9990929550281831	-0.0006357738515803124
348	0.999894103719081	0.9999273030406698	3.3199321588739394e-05
349	0.9996147870464605	0.9990887579494814	-0.0005260290969790749
350	0.9993884060106181	0.9982451634441841	-0.001143242566433944
351	0.9993489454386191	0.9980824952725694	-0.0012664501660496486
352	0.9998357862046491	0.9998773045278304	4.1518323181333194e-05
353	0.999579752449836	0.9989623888985488	-0.0006173635512871645
354	0.9999995916700211	0.9999996968216622	1.0515164117208542e-07
355	0.9995539065950221	0.9990640730337923	-0.0004898335612297799
356	0.99980104368193	0.999892694509649	9.165082771900313e-05
357	0.9993527006127605	0.9983956603850627	-0.0009570402276978252
358	0.9992062688825853	0.9978591644394241	-0.0013471044431612178
359	0.9998341107642105	0.9999208057036396	8.669493942914386e-05
360	0.9999015465288279	0.9999502556459953	4.870911716736703e-05
361	0.999896375873996	0.9999114735083314	1.5097634335381471e-05
362	0.9993132417379997	0.9978923866605927	-0.0014208550774070794
363	0.999847724852609	0.9999056195448396	5.7894692230608946e-05
364	0.9995128213352992	0.9989417309936436	-0.000571090341655589
365	0.9992703024437224	0.998156572980103	-0.0011137294636194284
366	0.9998319136147212	0.9998961887559755	6.427514125428857e-05
367	0.9991615774046704	0.9975444023934394	-0.0016171750112309313
368	0.9992933140124816	0.9982213683133639	-0.0010719456991176157
369	0.9995141546955565	0.9984860192535341	-0.0010281354420224043
370	0.9995309533241832	0.9989977423038426	-0.0005332110203405405
371	0.9997491258295553	0.9998603693446728	0.00011124351511748731
372	0.9996036974491398	0.9990349408043829	-0.0005687566447568626
373	0.9997716575126181	0.9997811270646996	9.469552081475818e-06
374	0.9986726523486725	0.9950689359311847	-0.003603716417487801
375	0.9991941139065594	0.9975594903012787	-0.0016346236052807717
376	0.9998999365458352	0.9999070712456872	7.134699852029414e-06
377	0.9994424289638411	0.9983483196418977	-0.0010941093219433151
378	0.9992914931851795	0.9980362562204058	-0.0012552369647736983
379	0.9993083529923877	0.9981198533022402	-0.0011884996901475597
380	0.9997237116129258	0.9991419421797377	-0.0005817694331881063
381	0.9981346552707288	0.994766315676847	-0.0033683395938817196
382	0.9996246426498698	0.9989908993232239	-0.0006337433266458969
383	0.9993742606028257	0.9980300248495692	-0.0013442357532565952
384	0.999639040495989	0.9991340335433017	-0.0005050069526872925
385	0.9996356281973962	0.9991095551986026	-0.0005260729987935919
386	0.999727801606769	0.9998034888531133	7.568724634432478e-05
387	0.9997644790991151	0.9997937375190954	2.925841998024925e-05
388	0.9990575508129533	0.9974297002025859	-0.0016278506103674095
389	0.9997356864451329	0.9997695582340885	3.387178895564169e-05
390	0.9991665700412659	0.9973767808666213	-0.0017897891746445627
391	0.9998514741678253	0.9998864751608307	3.500099300546289e-05
392	0.9997255480534014	0.9991547684701633	-0.0005707795832381457
393	0.9996717033304247	0.999063406136246	-0.000608297194178653
394	0.9997342946575604	0.9997319234665333	-2.371191027084052e-06
395	0.9990067951169591	0.9974610339504264	-0.001545761166532711
396	0.999752464449798	0.999883619815338	0.00013115536553998108
397	0.9997749850429712	0.9998138209138674	3.883587089614782e-05
398	0.9995240586701556	0.9990256990004233	-0.0004983596697323289
399	0.9999562477987115	0.9999668621869681	1.0614388256557916e-05
400	0.9998412569826592	0.9998850535376399	4.3796554980657376e-05
401	0.9995820201053387	0.9990481921952176	-0.0005338279101211318
402	0.9995529619959436	0.9984097222621728	-0.001143239733770729
403	0.9994669577218726	0.9988547133676879	-0.0006122443541846101
404	0.999325701159285	0.9982375987088375	-0.0010881024504474368
405	0.9998566180258165	0.9998555238463708	-1.0941794457153264e-06
406	0.9996558325407088	0.9989977377356585	-0.0006580948050503022
407	0.9993580232099925	0.9981876631782926	-0.0011703600316999019
408	0.9993951285056385	0.9980583866744308	-0.0013367418312076884
409	0.9996155810173177	0.9990943677964804	-0.0005212132208373133
410	0.9998031990217521	0.9998498517043078	4.665268255577004e-05
411	0.999947345662166	0.9999843066888346	3.696102666861378e-05
412	0.9997076946561018	0.9990907883628217	-0.0006169062932800395
413	0.9998963610572659	0.999903835977947	7.474920681094233e-06
414	0.9993084573542548	0.9981093604514018	-0.0011990969028530252
415	0.9996640608889226	0.9990791172134618	-0.0005849436754608028
416	0.9994915885154008	0.9984864629483505	-0.0010051255670502357
417	0.9998919776276645	0.9998980840270786	6.106399414118613e-06
418	0.9997160835702247	0.9998088007455105	9.271717528580581e-05
419	0.9995350877665545	0.9990593716490054	-0.000475716117549152
420	0.9993245589554623	0.9983377152740996	-0.0009868436813627035
421	0.9998526814574863	0.9999127600584944	6.007860100809559e-05
422	0.9997386366115155	0.999184211367661	-0.0005544252438545172
423	0.9999384061925987	0.9999274544049809	-1.0951787617785591e-05
424	0.9994611161332979	0.9988520125859706	-0.0006091035473273498
425	0.9998867162406806	0.9999130583665997	2.6342125919120996e-05
426	0.9996638328427672	0.9990436704258924	-0.0006201624168747921
427	0.9992027008884593	0.9979980986704493	-0.001204602218009998
428	0.9994487895084709	0.9983982362762367	-0.0010505532322342415
429	0.9996049122382344	0.9997214316009907	0.00011651936275625108
430	0.999781252043956	0.9998403832189187	5.913117496270104e-05
431	0.9994940222518115	0.9983941552120857	-0.0010998670397257548
432	0.9996525604773467	0.9991440471995416	-0.0005085132778051005
433	0.9996197179613661	0.9990899297902991	-0.0005297881710669694
434	0.9993636351729525	0.9983232593829025	-0.0010403757900500077
435	0.9992456586700093	0.9980734559424975	-0.0011722027275117286
436	0.9999427353159429	0.9999825726221001	3.9837306157197716e-05
437	0.9997036702287907	0.9991132666478088	-0.0005904035809819463
438	nan	nan	nan
439	0.9988593609267813	0.9964689203052512	-0.0023904406215300433
440	0.9997709082607875	0.9998018353378053	3.092707701779496e-05
441	0.9996349988538221	0.9990232501015317	-0.0006117487522904197
442	0.9998295623963639	0.999839439319684	9.876923320106812e-06
443	0.9996847246883034	0.9997593890064614	7.466431815805752e-05
444	0.9999996386970861	0.9999997920369057	1.533398196196245e-07
445	0.9997575387173058	0.9998603705954061	0.00010283187810034011
446	0.9998941133217215	0.9999201653274263	2.6052005704824133e-05
447	0.9993836269226254	0.9983233094853088	-0.0010603174373166047
448	0.9998465074724455	0.9998835248068645	3.701733441896504e-05
449	0.9997694739674564	0.9991253346175143	-0.0006441393499421189
450	0.9994818116911891	0.9983458623847195	-0.0011359493064696524
451	0.9996658775029411	0.9990567137890801	-0.000609163713860994
452	0.9998352107301415	0.9999509320185317	0.00011572128839021367
453	0.9998949456314036	0.999904098952732	9.153321328447817e-06
454	0.9998326610783737	0.9998383970471832	5.735968809594816e-06
455	0.9996901343149652	0.9991549881222528	-0.0005351461927124435
456	0.9996277142051201	0.998997907750313	-0.0006298064548070359
457	0.9998852233409123	0.9998893868743726	4.163533460221913e-06
458	0.9996917100111389	0.9991702302859172	-0.0005214797252216519
459	0.9995445517441466	0.9995074935040316	-3.705824011501768e-05
460	0.9996702030019458	0.9990754432868832	-0.0005947597150625095
461	0.9992580920474367	0.9976865380742642	-0.0015715539731724348
462	0.9995388198716647	0.9989568495997915	-0.0005819702718732334
463	0.9999516808205691	0.9999639615044936	1.2280683924559277e-05
464	0.9994512399998573	0.9989228306087009	-0.0005284093911563925
465	0.9994985104684924	0.9982728432311302	-0.0012256672373621713
466	0.9995578185544692	0.9990086143712698	-0.0005492041831994809
467	0.99979118448746	0.9998553051277779	6.412064031791065e-05
468	0.9994682541633146	0.9982628944050811	-0.0012053597582335485
469	0.9998349299706173	0.9998546887656452	1.9758795027913223e-05
470	0.9997521794834687	0.9992089896044346	-0.0005431898790341227
471	0.9992857742749903	0.997915584368461	-0.0013701899065293732
472	0.9994647773298403	0.9981900002363427	-0.0012747770934975478
473	0.9991556280111015	0.9979766522025119	-0.0011789758085896107
474	0.9990223891066845	0.9972664772015348	-0.0017559119051496763
475	0.9996326185595384	0.9997273247298115	9.470617027307338e-05
476	0.999731848648928	0.9991562619021921	-0.0005755867467358566
477	0.9997960637074264	0.9999222057335126	0.00012614202608629554
478	0.9996167319397896	0.9990610670484241	-0.0005556648913654927
479	0.9998384642250872	0.9998848583723036	4.6394147216410886e-05
480	0.9994077490933424	0.9988897944024451	-0.0005179546908973265
481	0.9998211216991791	0.9998555395198127	3.4417820633514395e-05
482	0.9998987009523809	0.9998996591638997	9.582115187978246e-07
483	0.9999485706080778	0.9999378710754488	-1.0699532628999364e-05
484	0.9998958121247333	0.9999186215854564	2.280946072308332e-05
485	0.9995546281235215	0.9990254322970482	-0.000529195826473261
486	0.9998907516039768	0.9998863806148006	-4.3709891761611885e-06
487	0.9994322911322172	0.99816811643655	-0.0012641746956671973
488	0.9992333693634418	0.9979419622104917	-0.0012914071529500637
489	0.9994613351061828	0.9988816388995343	-0.00057969620664855
490	0.9996537020020658	0.9991591768658858	-0.0004945251361799796
491	0.9993601586010805	0.9982803323103187	-0.001079826290761865
492	0.999624164648564	0.9990844468590735	-0.0005397177894904681
493	0.9998329596405315	0.999894948827485	6.198918695343725e-05
494	0.9995099957062051	0.9983438893341929	-0.001166106372012199
495	0.9994321467296083	0.9983002972367884	-0.0011318494928199696
496	0.9996851659289494	0.9992256508823446	-0.00045951504660479703
497	0.9998396704211825	0.9999027166888692	6.304626768671717e-05
498	0.9995361780877781	0.9985979548228491	-0.0009382232649289834
499	0.9996794148501965	0.9990490074187947	-0.0006304074314018582
500	0.9994413961027531	0.9981650462274009	-0.0012763498753521896
501	0.9998147088932262	0.9998249290345907	1.0220141364536417e-05
502	0.9999479519851727	0.9999371598613083	-1.0792123864455938e-05
503	0.9997271093857087	0.9997917889743088	6.467958860001399e-05
504	0.9994747464696742	0.9988655477144612	-0.0006091987552129252
505	0.9999058055331572	0.999947990407256	4.218487409879401e-05
506	0.9999485691667043	0.9999597631381031	1.1193971398815172e-05
507	0.9999018511648919	0.9999678727374149	6.602157252300067e-05
508	0.999587929452588	0.9990104094530309	-0.0005775199995571301
509	0.9994868875383295	0.9990009775124008	-0.00048591002592868193
510	0.9998314962543412	0.9999255012156975	9.400496135625325e-05
511	0.9997937681524943	0.9998253234973073	3.155534481302791e-05
512	0.9999490068917156	0.9999824430197058	3.343612799022733e-05
513	0.9991722989052692	0.9980906083120257	-0.0010816905932434784
514	0.9994329786697412	0.9983432785228956	-0.001089700146845618
515	0.9995116587544967	0.9990035842468954	-0.0005080745076012638
516	0.9993621184820543	0.9983108122077883	-0.001051306274265973
517	0.9995790297720671	0.998980749923562	-0.0005982798485051344
518	0.9998965937527606	0.9998985101948399	1.916442079252789e-06
519	0.9998351070190188	0.9998333105174365	-1.7965015822740682e-06
520	0.9998994751503403	0.9999431475431696	4.367239282931923e-05
521	0.9999484163563515	0.999957421522832	9.005166480502425e-06
522	0.9996310517988224	0.9990486548940463	-0.0005823969047761279
523	0.9994692429725175	0.9988039438132355	-0.0006652991592820401
524	0.9999483351456939	0.9999573333332923	8.998187598363572e-06
525	0.9996133135506929	0.9990786686128384	-0.0005346449378544893
526	0.9998356780619172	0.9999297745140625	9.409645214530915e-05
527	0.9998992082566882	0.9999730004907244	7.379223403614077e-05
528	0.999335178640283	0.9982181105201373	-0.00111706812014567
529	0.9996790657277025	0.9990449892127904	-0.0006340765149120964
530	0.9998984105611016	0.9999308818544563	3.2471293354707775e-05
531	0.9994108677442436	0.9987793865522832	-0.0006314811919604368
532	0.9995898936084283	0.9990487046890649	-0.000541188919363389
533	0.9999406303089932	0.9999799875793851	3.9357270391948695e-05
534	0.9993789568151834	0.998270793548985	-0.0011081632661984475
535	0.9996298871334102	0.9990926549554936	-0.000537232177916569
536	0.9996321764821261	0.9990107212009912	-0.0006214552811348861
537	0.9995434033340385	0.998204652125932	-0.0013387512081064479
538	0.9990600925770415	0.9974346318083668	-0.001625460768674758
539	0.99948997446351	0.9989106361386547	-0.0005793383248552386
540	0.9996775487494067	0.9990973304967122	-0.0005802182526944977
541	0.999850287311315	0.9999291312263996	7.88439150846143e-05
542	0.9997128532067173	0.9998302408434097	0.00011738763669233432
543	0.9994436549284365	0.9983890412150292	-0.0010546137134072042
544	0.9995140806474315	0.9982700743699122	-0.001244006277519305
545	0.999896312618086	0.9999035268723044	7.214254218457228e-06
546	0.9996101259022276	0.9990518665026326	-0.0005582593995950846
547	0.9996020347203102	0.9990201919731037	-0.000581842747206518
548	0.9999012119782908	0.9999215203179094	2.0308339618524407e-05
549	0.9995533835409249	0.998327954264556	-0.0012254292763689278
550	0.9997346728377584	0.9997843497152257	4.9676877467264013e-05
551	0.999835053729762	0.9998348058210059	-2.4790875607916263e-07
552	0.9994786538826507	0.998327956695616	-0.0011506971870346439
553	0.9992872421395165	0.9980084149697033	-0.0012788271698132014
554	0.9997770763296977	0.9998165590678165	3.948273811882341e-05
555	0.9992339416492556	0.9975334745961505	-0.0017004670531051147
556	0.9993415714515697	0.9981373974339977	-0.0012041740175720017
557	0.9995384391155736	0.9989152172120636	-0.0006232219035100517
558	0.9995939662330979	0.9990113265474383	-0.0005826396856596361
559	0.999847131619864	0.9998702445139861	2.311289412204598e-05
560	0.9994277751478785	0.998982550173255	-0.00044522497462351485
561	0.99994769761866	0.9999567187579838	9.021139323772687e-06
562	0.9998962345818496	0.9999421862419656	4.595166011600593e-05
563	0.9993774680492447	0.9982516465824036	-0.0011258214668410371
564	0.9998344840386226	0.999895475418226	6.0991379603358986e-05
565	0.9997339844762725	0.9998268378945561	9.285341828357829e-05
566	0.9990496745643721	0.996336606861955	-0.0027130677024170824
567	0.9996887026780092	0.9991217087439226	-0.000566993934086657
568	0.9995871756727044	0.999012786182414	-0.0005743894902904279
569	0.9995538674337974	0.9988662693458152	-0.0006875980879821331
570	0.9996818451846751	0.9998350737195644	0.00015322853488930477
571	0.9996741401673932	0.9990267947528375	-0.000647345414555689
572	0.9998995447312118	0.9998879972825525	-1.1547448659277038e-05
573	0.9994374110484684	0.99896553858029	-0.00047187246817836925
574	0.9988942130265172	0.9962983810362183	-0.0025958319902988913
575	0.9993738691192847	0.9982818898751793	-0.0010919792441054232
576	0.999946514672367	0.9999442385190174	-2.2761533495785358e-06
577	0.9998930324726324	0.9999202016032078	2.716913057543291e-05
578	0.9996608427076089	0.9990399985973245	-0.000620844110284402
579	0.9990700477179291	0.9974355424162983	-0.0016345053016307842
580	0.999696911217611	0.9997600302406072	6.311902299627192e-05
581	0.9989763161088789	0.9972975240330298	-0.0016787920758490893
582	0.9998956881607522	0.999898878279554	3.190118801787989e-06
583	0.9996752226033282	0.9991379682364033	-0.0005372543669248664
584	0.9998352727711868	0.9998524551194544	1.7182348267641423e-05
585	0.9996344856936324	0.9990438783161393	-0.0005906073774931686
586	0.9994801838865387	0.9983571988068344	-0.0011229850797043195
587	0.9996970579523465	0.9990824173051579	-0.0006146406471886356
588	0.999780565916608	0.9997790553683406	-1.510548267469325e-06
589	0.9995695473350137	0.9990343802519714	-0.0005351670830422428
590	0.9992109985107971	0.997666896126411	-0.0015441023843860702
591	0.9994032260548619	0.9988815522511071	-0.0005216738037547852
592	0.9995707853618742	0.9996776853773235	0.00010690001544932937
593	0.9997804377342243	0.9999052021047126	0.00012476437048825062
594	0.9994958537390812	0.9987620767471659	-0.000733776991915347
595	0.9996791106803116	0.9991282891869439	-0.0005508214933677147
596	0.9997678119604584	0.999851156225645	8.334426518663562e-05
597	0.9999031895075684	0.9999515760984922	4.838659092376574e-05
598	0.9993930553147035	0.9982007965924874	-0.0011922587222160663
599	0.9994736374575507	0.9984397959345434	-0.0010338415230073394
600	0.9997097889984363	0.9998971670645981	0.00018737806616175856
601	0.9995766285197181	0.9990014192673105	-0.0005752092524076158
602	0.9998899587178537	0.9998901058326494	1.4711479567885988e-07
603	0.9999022156307323	0.9999288300722913	2.661444155893644e-05
604	0.9994904160028024	0.9982383392136601	-0.001252076789142298
605	0.9999437562363026	0.9999388035181526	-4.952718150041946e-06
606	0.9999439193770049	0.9999829119782434	3.899260123851889e-05
607	0.999999196833448	0.9999996130348744	4.162014264341707e-07
608	0.9998972603376189	0.9999443735361774	4.711319855843499e-05
609	0.9998436675690842	0.9999066853845343	6.30178154501504e-05
610	0.9995638922299204	0.9989398947940061	-0.0006239974359142364
611	0.9986080652858729	0.9955192418450933	-0.0030888234407795423
612	0.999784083098195	0.9998489428833478	6.485978515280433e-05
613	0.9999469818212595	0.9999836721991455	3.6690377886006154e-05
614	0.9993473347089442	0.9980398725620556	-0.0013074621468885939
615	0.9996042530731645	0.998963809120409	-0.0006404439527554207
616	0.9996625994338737	0.9990372527977308	-0.0006253466361428872
617	0.999591865448137	0.9991644238349472	-0.0004274416131898606
618	0.9995476259130348	0.9990265202458974	-0.0005211056671373671
619	0.9997729227870116	0.9998191568365558	4.623404954418042e-05
620	0.9995740089165834	0.9991136569988838	-0.000460351917699664
621	0.9997852020264948	0.999838650722003	5.344869550816256e-05
622	0.9993677781826262	0.9980592503954853	-0.0013085277871409673
623	0.9999457626808403	0.9999834486192872	3.768593844688528e-05
624	0.9993114272491469	0.998038829441842	-0.0012725978073049315
625	0.9989904417900469	0.9971233296597993	-0.0018671121302475946
626	0.999889088425157	0.9998688650268882	-2.0223398268792714e-05
627	0.9997513389322716	0.999218894670664	-0.0005324442616075897
628	0.9996948322399831	0.9991998349841085	-0.0004949972558746518
629	0.9997299958757152	0.999154079999792	-0.0005759158759232053
630	0.999690751147752	0.9989817958973808	-0.0007089552503711793
631	0.9997644332558718	0.9997724685855766	8.035329704725314e-06
632	0.9999475513544396	0.999942590906278	-4.960448161561715e-06
633	0.999776311771844	0.9998415163875165	6.520461567249836e-05
634	0.9991270546370622	0.9974328508322381	-0.0016942038048241015
635	0.9996716247562198	0.999103584104019	-0.0005680406522008408
636	0.9993958624333942	0.998339906206881	-0.0010559562265132216
637	0.9999002835624279	0.9998966332993272	-3.650263100674067e-06
638	0.9995940252887043	0.998949347770097	-0.0006446775186073062
639	0.9995007713191653	0.9982343865594197	-0.001266384759745609
640	0.99947905781644	0.9982322523489698	-0.0012468054674701357
641	0.9994305445614595	0.9982646633747476	-0.0011658811867119034
642	0.9997045536744983	0.999123100387405	-0.0005814532870932476
643	0.9997402785911907	0.9997066861147674	-3.359247642331642e-05
644	0.9996960370269037	0.999052262242787	-0.0006437747841167019
645	0.9992873309448792	0.9981122563243795	-0.0011750746204997053
646	0.9993988704257251	0.9990504508326743	-0.00034841959305076386
647	0.9997998247281841	0.9998768050603144	7.698033213032751e-05
648	0.9994253164777871	0.9981899659624535	-0.001235350515333633
649	0.9995895840359702	0.9989641619057887	-0.0006254221301814633
650	0.999740339981929	0.9991749418637329	-0.0005653981181961143
651	0.9999454679151363	0.9999569752843487	1.1507369212404583e-05
652	0.9991951996598956	0.9973225988909836	-0.0018726007689119362
653	0.9996949127675573	0.9989933524976989	-0.0007015602698583479
654	0.999615947963273	0.9997609487852652	0.00014500082199220277
655	0.9997640449997411	0.999189243104125	-0.000574801895616095
656	0.998894065980463	0.9961490686601423	-0.002744997320320741
657	0.9993887859879003	0.9981955047588605	-0.0011932812290397221
658	0.9998320921779608	0.999841472305399	9.380127438229913e-06
659	0.9992229263467362	0.9979239134382055	-0.001299012908530628
660	0.9995254897398387	0.998403006594383	-0.0011224831454557105
661	0.9990573907750971	0.9971170710793669	-0.0019403196957302749
662	0.9997217190870841	0.9990974801852985	-0.0006242389017855343
663	0.9988159753926008	0.9962267843994296	-0.002589190993171231
664	0.9992001186717767	0.9980529666812122	-0.0011471519905644767
665	0.9993618062539392	0.9982317276541579	-0.0011300785997813145
666	0.9991819384512444	0.9973933944145008	-0.0017885440367435557
667	0.9993669400731725	0.9981096761418914	-0.0012572639312811162
668	0.9993643089508134	0.9986537114665729	-0.000710597484240516
669	0.9999991268207391	0.9999991829463687	5.6125629588343884e-08
670	0.9998440137886987	0.9998671371941609	2.3123405462177615e-05
671	0.9998392758626189	0.9998889034733296	4.9627610710700765e-05
672	0.9994475968675267	0.9989144252001504	-0.0005331716673763198
673	0.9993332300973856	0.9981773672225891	-0.0011558628747965205
674	0.9994758017363978	0.9988367821054163	-0.0006390196309815632
675	0.9998902336951063	0.9999048762805722	1.4642585465907132e-05
676	0.9997898872960682	0.9998808647961478	9.097750007958094e-05
677	0.999398450857911	0.9982904867975894	-0.0011079640603216534
678	0.9999450916396564	0.9999832757129029	3.8184073246516625e-05
679	0.9997163991232848	0.9991651676106919	-0.0005512315125929534
680	0.999842325343176	0.9998388588513055	-3.466491870440791e-06
681	0.9992450593171562	0.9975063800624593	-0.001738679254696951
682	0.9992783773992662	0.9979707701839959	-0.0013076072152702345
683	0.9995472080715894	0.9989791743502439	-0.0005680337213455067
684	0.9999481345269892	0.9999853687094707	3.72341824815825e-05
685	0.9999541681182403	0.9999863954235383	3.222730529794937e-05
686	0.9994568883866112	0.9989024676556972	-0.0005544207309139404
687	0.9997176398409404	0.999816588318209	9.894847726854561e-05
688	0.9998939489686662	0.9999685405214618	7.45915527955443e-05
689	0.9997770070236653	0.9998196649353365	4.265791167112898e-05
690	0.9993832419226513	0.998180783490643	-0.0012024584320082798
691	0.9994523889355554	0.9982341878711204	-0.0012182010644350427
692	0.9997677950965536	0.9998407756585452	7.298056199167569e-05
693	0.9991214082740576	0.997224878325846	-0.001896529948211545
694	0.9990612281404359	0.9971772242477843	-0.0018840038926515312
695	0.999767940627465	0.9998865282051594	0.00011858757769445116
696	0.9995451416701393	0.9989721180812298	-0.0005730235889095381
697	0.999465697777071	0.9981893408796441	-0.001276356897426889
698	0.999890202914285	0.9999251806873227	3.4977773037736526e-05
699	0.9995554302331284	0.9990051226642406	-0.0005503075688878534
700	0.9995690096577429	0.9990516407282384	-0.0005173689295044914
701	0.9996277824525407	0.9990322142529358	-0.0005955681996049345
702	0.9995898575624493	0.9990628088864753	-0.0005270486759740844
703	0.999472966845258	0.9983327889981236	-0.0011401778471343826
704	0.9999489209666695	0.9999424961548812	-6.424811788363627e-06
705	0.9991411913162664	0.9973168066419205	-0.0018243846743459802
706	0.9996537126415703	0.9990652930787809	-0.0005884195627894329
707	0.9998418925827677	0.9998843356791638	4.244309639611643e-05
708	0.9997347865261076	0.9997708878072837	3.6101281176148525e-05
709	0.9997101577868505	0.9990823560848998	-0.0006278017019506477
710	0.9999490133625025	0.9999611319790385	1.211861653593882e-05
711	0.9998285369082971	0.9999118120333572	8.327512506012269e-05
712	0.9995836991155607	0.9990413166254504	-0.0005423824901102936
713	0.9995247368458248	0.9982587838817304	-0.0012659529640943745
714	0.9995002912251277	0.998340757656324	-0.0011595335688037167
715	0.9993790990415672	0.9980413760505508	-0.0013377229910164212
716	0.9998351441610875	0.9998994681318133	6.43239707257548e-05
717	0.9999473506810642	0.9999564218494345	9.071168370233806e-06
718	0.999897447628828	0.9999230884851986	2.5640856370579e-05
719	0.9995430854247976	0.9991291952933303	-0.00041389013146730935
720	0.9993273729084797	0.9978658160812548	-0.0014615568272249302
721	0.999172840271345	0.9980184253767265	-0.0011544148946185384
722	0.9990378899232423	0.9973468188863521	-0.001691071036890146
723	0.9999403720100181	0.9999395563864322	-8.156235858924887e-07
724	0.9996166088114844	0.9990406574295959	-0.0005759513818884843
725	0.9996681801188707	0.9990487423993811	-0.0006194377194895795
726	0.9997287738778903	0.999779143907426	5.037002953567349e-05
727	0.9998341845454293	0.9998971023716093	6.291782618006447e-05
728	0.9999494623503169	0.9999833816155452	3.391926522833266e-05
729	0.9997163096136125	0.9991280428090671	-0.0005882668045453787
730	0.9995940668572483	0.9992219904598486	-0.0003720763973996677
731	0.9992628034424241	0.9979976986304893	-0.0012651048119348696
732	nan	nan	nan
733	0.9994984199558614	0.9989851556530662	-0.0005132643027951911
734	0.9998508327689203	0.999894824608986	4.399184006576018e-05
735	0.9997508984110632	0.9998347634663581	8.386505529489607e-05
736	0.9998957843278199	0.9999240614693738	2.827714155395622e-05
737	0.9997925344870011	0.9998692493710837	7.671488408256266e-05
738	0.9993671393314038	0.9983524027860278	-0.0010147365453759827
739	0.9994639737309289	0.9983670812453584	-0.0010968924855704332
740	0.9996041302348238	0.9990577122991514	-0.0005464179356723387
741	0.9989996030370362	0.9965237720249962	-0.002475831012039964
742	0.999702157534018	0.9990441208072873	-0.0006580367267307041
743	0.9996930131173101	0.9990420462931154	-0.000650966824194632
744	0.9995098476597803	0.9988718137752166	-0.0006380338845637379
745	0.9991357215590573	0.9980744210828417	-0.0010613004762155542
746	0.9999468386793544	0.9999818055691048	3.496688975035411e-05
747	0.9995487698892084	0.9991055532988065	-0.0004432165904019181
748	0.999891160785066	0.9999687308650136	7.757007994757537e-05
749	0.9998876016886937	0.9999352225589786	4.7620870284870165e-05
750	0.9998309870403095	0.9998162046148484	-1.4782425461046245e-05
751	0.9994072010661801	0.9981209223220514	-0.0012862787441286772
752	0.9996506680329018	0.999078815493656	-0.000571852539245854
753	0.9994471013743301	0.9982551155601427	-0.0011919858141874462
754	0.9998997067393206	0.9999440138929049	4.4307153584277614e-05
755	0.9998533902338366	0.9998951385489621	4.174831512548938e-05
756	0.9993237101308409	0.9982196482574902	-0.001104061873350659
757	0.9992750368217118	0.9982023111829718	-0.0010727256387400574
758	0.9996848320569507	0.9990543574955416	-0.0006304745614090779
759	0.9994663119401942	0.9983893320098202	-0.0010769799303740335
760	0.9990562180650916	0.9970464880577007	-0.0020097300073909086
761	0.9993988246142907	0.9981515546322115	-0.0012472699820792466
762	0.999565191678076	0.9989950163544649	-0.000570175323611144
763	0.9998945565898048	0.9999434052484324	4.884865862764265e-05
764	0.9992517527147317	0.997866327178614	-0.001385425536117646
765	0.9996921205123624	0.9997753417067093	8.322119434689412e-05
766	0.9992605552252264	0.9981658840491031	-0.0010946711761232741
767	0.9994686771622419	0.9982745039563465	-0.0011941732058953214
768	0.9997649999955461	0.9999111589933665	0.0001461589978203337
769	0.9995831523450855	0.9990182938227516	-0.0005648585223338998
770	0.9996662395389246	0.9991100753856852	-0.0005561641532394468
771	0.9998355960902423	0.9999151760565406	7.957996629825992e-05
772	0.9998437765924137	0.9998284097916655	-1.536680074820662e-05
773	0.999842716713188	0.9999323561544542	8.963944126616497e-05
774	0.9994547524232408	0.9983875383372505	-0.001067214085990309
775	0.9994651305494174	0.9988689946594399	-0.0005961358899775338
776	0.9997437355664787	0.9998779612506877	0.0001342256842090661
777	0.9995055654140708	0.9989253504882303	-0.0005802149258404832
778	0.9996522493569707	0.9990439054869364	-0.000608343870034278
779	0.9993760549631414	0.9977209296777249	-0.0016551252854165588
780	0.999943168212079	0.9999315916621005	-1.157654997840929e-05
781	0.9993745964133894	0.998141590122775	-0.0012330062906144024
782	0.9996022148752791	0.9989620932076549	-0.0006401216676241717
783	0.9996281717951386	0.9991267683826526	-0.0005014034124860567
784	0.9994210869976914	0.9984072997638034	-0.0010137872338880083
785	0.9994285189873311	0.9983573263221095	-0.0010711926652215986
786	0.9997954332746887	0.9998247295254673	2.929625077863207e-05
787	0.9996650643757485	0.9997704752491773	0.00010541087342874622
788	0.9998944018755036	0.9999256226376285	3.12207621249172e-05
789	0.9998379246249931	0.9998389002966646	9.756716714548475e-07
790	0.9997331700948061	0.999197934664254	-0.0005352354305521168
791	0.9994931722980319	0.9983355756146582	-0.001157596683373674
792	0.9997852011537174	0.9998090118733666	2.3810719649186574e-05
793	0.9996201564352823	0.9990335440582968	-0.0005866123769855403
794	0.999259801233712	0.9980143152616133	-0.0012454859720987255
795	0.999549275596523	0.999002920964049	-0.0005463546324739887
796	0.9995094735678661	0.9990166956660916	-0.0004927779017744882
797	0.9991787306278882	0.9969852525933776	-0.002193478034510643
798	0.9995179944840226	0.9988698740013374	-0.0006481204826851439
799	0.9986839250535049	0.9962851459756394	-0.002398779077865454
800	0.9997168093633814	0.9991706318026382	-0.0005461775607431552
801	0.999408758300767	0.9990042635437477	-0.0004044947570193136
802	0.9990743869997538	0.9971827724229622	-0.001891614576791656
803	0.9999995439311302	0.9999997277248152	1.8379368493803838e-07
804	0.9998924276962515	0.9999162837151131	2.385601886156774e-05
805	0.9996544887892932	0.9990255028647914	-0.0006289859245017793
806	0.9998366014685383	0.9998650802412059	2.847877266765053e-05
807	0.9998128906853082	0.9998341836036775	2.1292918369275604e-05
808	0.9998787787553143	0.9999159997577213	3.722100240699522e-05
809	0.9996147868225479	0.9990902952394198	-0.0005244915831280617
810	0.9999996218181353	0.9999996920384975	7.022036219161976e-08
811	0.9994977965456906	0.9989120169382694	-0.0005857796074212329
812	0.9992536444252449	0.9986870947544778	-0.0005665496707670803
813	0.9999446006628664	0.9999398732173582	-4.72744550816806e-06
814	0.9995297007787652	0.9988484792948594	-0.0006812214839058139
815	0.9996460424506741	0.9992097169589523	-0.0004363254917217896
816	0.9993528673291303	0.9975078603067115	-0.0018450070224188542
817	0.9992859395637393	0.997984217474181	-0.0013017220895583659
818	0.9994884389971095	0.9982139320695261	-0.001274506927583352
819	0.9998218816769049	0.999854112705385	3.2231028480156354e-05
820	0.9997132848540357	0.9989710818736223	-0.0007422029804133867
821	0.9996771142807428	0.9990253947779933	-0.0006517195027494482
822	0.9992096407337874	0.9973345458399395	-0.0018750948938478507
823	0.9998352178402143	0.9998058425215598	-2.9375318654545346e-05
824	0.9992269554970706	0.9979936064184306	-0.0012333490786400336
825	0.9995517982594292	0.9989562483694306	-0.0005955498899985479
826	0.9996233288224942	0.999031224768599	-0.0005921040538952038
827	0.9991694436027881	0.9974126222829475	-0.0017568213198406735
828	0.9999447091442673	0.9999837568696893	3.904772542207002e-05
829	0.9995376178301633	0.9983685264764169	-0.001169091353746321
830	0.9998466539420061	0.9998807768096953	3.412286768922357e-05
831	0.9994818423593336	0.9980878444579985	-0.0013939979013350978
832	0.9996340029184131	0.9991040422783065	-0.0005299606401065748
833	0.9995093516432558	0.9983899707803705	-0.001119380862885322
834	0.9997244959806655	0.9992018490569434	-0.0005226469237220588
835	0.9994512376077935	0.9995273636405462	7.612603275264362e-05
836	0.9995724050418378	0.9989184194138097	-0.0006539856280280976
837	0.9998445851267888	0.9998868445773806	4.225945059188607e-05
838	0.9997677161456586	0.9991323485772974	-0.0006353675683612448
839	0.9997141257866461	0.9991425614077456	-0.0005715643789004909
840	0.9995041333429552	0.9990327508388502	-0.00047138250410494464
841	0.9996118391369547	0.9990191818807004	-0.0005926572562543475
842	0.9997810430465555	0.9998238480548968	4.280500834130674e-05
843	0.9998964129406499	0.9998983243361395	1.9113954895511043e-06
844	nan	nan	nan
845	0.9998999105135771	0.999947346436185	4.743592260791907e-05
846	0.9994137428480868	0.9981041746264159	-0.0013095682216709426
847	0.9999061281413419	0.9999726442991805	6.6516157838592e-05
848	0.9998288879648665	0.9998911783585588	6.229039369232137e-05
849	0.9996492427459593	0.9990154316572146	-0.0006338110887447179
850	0.9992124042154427	0.9975467611092126	-0.0016656431062300747
851	0.999776993960458	0.999842749099386	6.57551389279254e-05
852	0.9994807832370797	0.9989954005541953	-0.00048538268288433883
853	0.9990597225363398	0.9972125408165458	-0.0018471817197940332
854	0.9992246464203492	0.9975601758755931	-0.001664470544756158
855	0.999716771238757	0.9991042226624257	-0.0006125485763313065
856	0.9996568047842544	0.999128884718862	-0.0005279200653924843
857	0.9998968977499917	0.9999717161140509	7.481836405920372e-05
858	0.999170466727776	0.9980233834390967	-0.0011470832886792959
859	0.9998926321804671	0.9999393148862155	4.668270574836875e-05
860	0.9998880329361167	0.9999405692293613	5.2536293244531684e-05
861	0.9992771222176821	0.9975299828992813	-0.0017471393184007589
862	0.9996535706075006	0.9990943840152208	-0.0005591865922798256
863	0.9993471855075577	0.9980379811921949	-0.0013092043153628552
864	0.9995684916164888	0.9989975545205856	-0.0005709370959031679
865	0.9992343048840677	0.9981031569133433	-0.0011311479707244443
866	0.9998291409484319	0.9998778536207759	4.871267234396459e-05
867	0.9996102506710244	0.9995785730870536	-3.1677583970823875e-05
868	0.9995642189762409	0.9988485521693716	-0.0007156668068692973
869	0.9996347486988167	0.9990939040419519	-0.0005408446568648806
870	0.9997229177214746	0.9990911364730473	-0.0006317812484273322
871	0.9996196127357353	0.9990714119250307	-0.0005482008107046132
872	0.9995881434977648	0.9990192305082105	-0.0005689129895543044
873	0.9991969258775106	0.9979205119037652	-0.0012764139737454494
874	0.9995238775592672	0.9983362975006291	-0.0011875800586380603
875	0.9998437844453724	0.9998637855043372	2.0001058964824736e-05
876	0.9998375406455525	0.9998692196118658	3.1678966313286594e-05
877	0.9996229963876763	0.9990548656861719	-0.0005681307015044101
878	0.999942942687871	0.9999397326620091	-3.210025861899446e-06
879	0.999370844904218	0.998336041548711	-0.0010348033555069858
880	0.9997209080418502	0.9991973547311978	-0.0005235533106524581
881	0.9998991586101855	0.9999194377612094	2.027915102387201e-05
882	0.9996653751312276	0.9996966282488052	3.125311757767868e-05
883	0.9995770244016415	0.9990366346536663	-0.0005403897479752118
884	0.9994454649118034	0.9981907937675926	-0.0012546711442108505
885	0.9996336762775924	0.999118933533975	-0.0005147427436174024
886	0.9997077829635916	0.9997978461556137	9.006319202209401e-05
887	0.9996693924970038	0.9997357408335943	6.634833659047157e-05
888	0.9994801931056412	0.9989140863696668	-0.0005661067359743477
889	0.9995214114786953	0.9990948863815032	-0.00042652509719209863
890	0.9989937306920146	0.9972945914248518	-0.001699139267162808
891	0.9993897189182783	0.9981449604376559	-0.0012447584806224432
892	0.9995755044888475	0.9990754567789818	-0.0005000477098656697
893	0.9988845707842045	0.9964308734962598	-0.002453697287944645
894	0.9998404551978645	0.9998748339021971	3.4378704332649335e-05
895	0.9995786900002007	0.9990366075793916	-0.0005420824208091091
896	0.9996633599940923	0.9990740109117712	-0.0005893490823211112
897	0.9996789779081182	0.9998041773657024	0.00012519945758415751
898	0.9990310489440306	0.9963148397015963	-0.00271620924243432
899	0.9994273725850479	0.9980974939620482	-0.001329878622999714
900	0.9991672901417007	0.9973067600819525	-0.0018605300597481778
901	0.9997808253083017	0.9992163198982251	-0.0005645054100765767
902	0.9994505178956976	0.9990117855458149	-0.0004387323498826756
903	0.9999050637311909	0.9999043961811358	-6.675500551223124e-07
904	0.999528672014701	0.9989843348916183	-0.000544337123082661
905	0.9990267338710535	0.9973407889732089	-0.0016859448978445712
906	0.999513100780329	0.9989263158626784	-0.000586784917650518
907	0.9994750839988428	0.9983838965151782	-0.0010911874836645463
908	0.9994715220319218	0.9990674392133158	-0.0004040828186060441
909	0.9993818705245551	0.9980646813988889	-0.0013171891256661405
910	0.9998291621704568	0.9998923161968692	6.31540264124375e-05
911	0.9997085240864392	0.9991339930192902	-0.0005745310671489978
912	0.999505153001488	0.9982034300879972	-0.0013017229134908437
913	0.9998382760870879	0.9998164333122229	-2.1842774864944126e-05
914	0.9997309754076507	0.9997302058116749	-7.695959757247905e-07
915	0.9994064154994452	0.9982425535940819	-0.0011638619053633281
916	0.9997663943959803	0.9991421342578833	-0.0006242601380969104
917	0.9995958025082866	0.9990070039928218	-0.0005887985154647835
918	0.9991153093481384	0.9981849370078445	-0.0009303723402939168
919	0.9997325234642351	0.9991658426532254	-0.0005666808110097454
920	0.9992618972721209	0.9975914634082688	-0.0016704338638521277
921	0.999135463951313	0.9971303603956438	-0.0020051035556691854
922	0.9989235808419615	0.9973746693342727	-0.001548911507688877
923	0.99989878533979	0.9999433743972044	4.458905741433483e-05
924	0.9996820336586694	0.9990937261783289	-0.0005883074803404442
925	0.9995325614445714	0.9989323542558872	-0.0006002071886841431
926	0.9993982468052794	0.9988843251904912	-0.0005139216147882486
927	0.9996455560087374	0.9990906569699173	-0.0005548990388201114
928	0.9998392744134087	0.999832722845045	-6.551568363710736e-06
929	0.9997747921472219	0.9991957633028098	-0.0005790288444120772
930	0.9998409120233257	0.9998562673887622	1.535536543650906e-05
931	0.9996543577178667	0.9991999098360305	-0.00045444788183623963
932	0.9997301696386912	0.9992207323043344	-0.0005094373343568215
933	0.9995330030676178	0.9989593778343403	-0.0005736252332775305
934	0.9998528494643387	0.9998683684296253	1.5518965286620556e-05
935	0.9997962656463663	0.9998346682400726	3.840259370635479e-05
936	0.9993460054752735	0.9983043803236678	-0.001041625151605774
937	0.9999495824676351	0.9999618219507181	1.2239483083043012e-05
938	0.9996865623218634	0.9991347394029105	-0.0005518229189528379
939	0.9994781457790015	0.998934308321614	-0.0005438374573875082
940	0.9991219471911214	0.9979030312191002	-0.0012189159720211729
941	0.999488774012181	0.9984511779578424	-0.0010375960543385077
942	0.9996228648373792	0.9990312749402183	-0.0005915898971609046
943	0.9996885024520583	0.9991092469508471	-0.0005792555012111844
944	0.9998962533095158	0.9999418974902387	4.5644180722836936e-05
945	0.9995419409722948	0.9989291672470012	-0.0006127737252935583
946	0.9998468572607775	0.9999291031492026	8.224588842509206e-05
947	0.9997543859621659	0.9998639435340018	0.00010955757183583881
948	0.9995729649626997	0.999026998511968	-0.000545966450731683
949	0.9999002150954605	0.9999468135335478	4.659843808729747e-05
950	0.9996114467253981	0.998980487894462	-0.0006309588309361125
951	0.9996524296877503	0.9990781600157785	-0.0005742696719717166
952	0.9996734054854415	0.9997118621188037	3.845663336221605e-05
953	0.9998429113592425	0.9998673370563373	2.4425697094820897e-05
954	0.9999451548595094	0.9999354677063613	-9.68715314808577e-06
955	0.9992579142973794	0.9976111643752501	-0.0016467499221293203
956	0.9997689464679734	0.9991300776426248	-0.0006388688253485819
957	0.9996641295727513	0.9991516959218966	-0.0005124336508547378
958	0.9996003464172823	0.9989294674457785	-0.0006708789715038632
959	0.9995518309246719	0.9989574123860419	-0.0005944185386300704
960	0.9996913054351827	0.9997616973459323	7.039191074964535e-05
961	0.9997779479854703	0.9997910659811604	1.3117995690148376e-05
962	0.999621279507029	0.9991127945335746	-0.0005084849734543484
963	0.9997088471190259	0.9991270207212295	-0.0005818263977963589
964	0.9998904904502715	0.9998985623140413	8.071863769831822e-06
965	0.9990763202071593	0.9963121141412774	-0.0027642060658819023
966	0.9999453661348716	0.9999853442602884	3.997812541678414e-05
967	0.99900536765345	0.9971635451201074	-0.0018418225333426408
968	0.9995415614122507	0.9989035800170799	-0.0006379813951707947
969	0.9999477198167729	0.9999834497221296	3.572990535671838e-05
970	0.9991760389408018	0.9972889284762996	-0.0018871104645021841
971	0.9996261546378344	0.9990468117066275	-0.0005793429312069831
972	0.9998426292103861	0.9998858200417611	4.319083137493962e-05
973	0.9997889590284995	0.9998874347336547	9.847570515519877e-05
974	0.9997971853638968	0.9998131133226607	1.592795876381725e-05
975	0.9996375706313964	0.9990040301431544	-0.0006335404882419349
976	0.9996499752190691	0.999763775586603	0.00011380036753394496
977	0.9995299554084546	0.9982977060900592	-0.0012322493183953842
978	0.9994489217566954	0.998236384832458	-0.0012125369242373951
979	0.9996305312315699	0.9997030651346451	7.253390307526697e-05
980	0.9999454913337278	0.9999575821763403	1.2090842612555441e-05
981	0.9995842275477362	0.9989450018233785	-0.000639225724357706
982	0.9998974279808571	0.9999277160284825	3.0288047625393055e-05
983	0.9998556669094979	0.9998723137089055	1.6646799407604718e-05
984	0.9996795110602751	0.9991334110387937	-0.000546100021481366
985	0.9993809686775017	0.9989396831534285	-0.0004412855240731872
986	0.9995918418613635	0.9991644817874897	-0.0004273600738737837
987	0.9997271187239561	0.9997933548279901	6.623610403400093e-05
988	0.9995788389005288	0.9990309099227161	-0.0005479289778126395
989	0.999404529364623	0.9982979465076005	-0.0011065828570224756
990	0.9998457743632579	0.9998639955517784	1.822118852046195e-05
991	0.9992111663496841	0.9981627548199455	-0.0010484115297385577
992	0.9995647083334938	0.9989905597934852	-0.00057414854000859
993	0.9997828685567839	0.999879895002608	9.702644582409992e-05
994	0.9999502141109703	0.9999622130061688	1.1998895198539472e-05
995	0.9995903419070348	0.9990738966549915	-0.0005164452520433072
996	0.999487660276149	0.9983211565635369	-0.0011665037126120659
997	0.9993403119986217	0.9982450845019443	-0.0010952274966774533
998	0.9996675403232366	0.9996893277670764	2.1787443839849097e-05
999	0.999337355628916	0.9981883655067895	-0.0011489901221265475
1000	0.998954028451469	0.9973742063327043	-0.0015798221187646178
1001	0.9996550585841163	0.9990165166621936	-0.0006385419219226973
1002	0.9990024389429784	0.9971740593726072	-0.0018283795703711858
1003	0.9998938891054593	0.9999693351425593	7.544603709996878e-05
1004	0.999603370153308	0.9990582272399812	-0.000545142913326857
1005	0.9998375402764965	0.9998906995527416	5.315927624505168e-05
1006	0.999424702613466	0.9989055855029045	-0.0005191171105615178
1007	0.9993825071243394	0.9981537143821886	-0.0012287927421508194
1008	0.9999043367125448	0.9999501750414757	4.583832893090278e-05
1009	0.9996200517606615	0.9990884366744529	-0.0005316150862085811
1010	0.9997717880471334	0.9991969866444798	-0.0005748014026536463
1011	0.9994651868997997	0.9980852572121066	-0.0013799296876930711
1012	0.9998453064757412	0.9998454170399318	1.1056419058075306e-07
1013	0.9996560065220842	0.9991324227561075	-0.0005235837659767206
1014	0.9995230071217064	0.9990057053654534	-0.0005173017562529747
1015	0.9997145697335246	0.9997519018475058	3.73321139812699e-05
1016	0.9999039267755704	0.9999061218485517	2.1950729812703074e-06
1017	0.9993560350015969	0.998166930337532	-0.001189104664064855
1018	0.9996329514511885	0.9989138430879423	-0.0007191083632461792
1019	0.9993452854403545	0.9977428436887839	-0.001602441751570649
1020	0.9998305213621895	0.9998482846093968	1.7763247207258637e-05
1021	0.999322655209562	0.998120007846684	-0.0012026473628780066
1022	0.9988815361052331	0.9963358577789098	-0.002545678326323353
1023	0.9998322482959361	0.9998637170621265	3.146876619042338e-05
1024	0.999419505865143	0.9989123508071449	-0.0005071550579981432
1025	0.9990923664432431	0.9975850856000574	-0.0015072808431856322
1026	0.9989508968016511	0.9969025131491644	-0.0020483836524866073
1027	0.9998045246015432	0.9999232441304602	0.00011871952891695514
1028	0.9992541302665707	0.9981399691556166	-0.0011141611109540817
1029	0.9996010931032729	0.9996603001954911	5.92070922181831e-05
1030	0.9999432957847492	0.9999796086078144	3.63128230652654e-05
1031	0.9998019371878667	0.9998471993080207	4.526212015398823e-05
1032	0.9996088979905582	0.9989853797470363	-0.0006235182435219144
1033	0.9992841311663166	0.9981404302897827	-0.0011437008765339263
1034	0.9997710214002331	0.99915658322971	-0.0006144381705230906
1035	0.9994078784759844	0.9982749225677293	-0.0011329559082551288
1036	0.9990954547094951	0.9973762594001127	-0.0017191953093824708
1037	0.9996539543682547	0.9989206904026021	-0.0007332639656525419
1038	0.9992622163212613	0.9971906339120842	-0.002071582409177153
1039	0.9996489718215872	0.9990779330893284	-0.0005710387322588328
1040	0.9996193432875233	0.9990413077616312	-0.0005780355258920844
1041	0.9993412046960377	0.9981448493663471	-0.001196355329690646
1042	0.9990442627585662	0.9969805946265736	-0.0020636681319925465
1043	0.9997806082041143	0.9998159213787229	3.531317460858663e-05
1044	0.9998902978482141	0.9999664251245911	7.612727637695826e-05
1045	0.9997531634510574	0.9991671937853293	-0.0005859696657281033
1046	0.9997995686085769	0.9998447256778046	4.515706922769702e-05
1047	0.9993735885304352	0.9981215470370292	-0.0012520414934060753
1048	0.9996914267516626	0.9989928996598982	-0.0006985270917643227
1049	0.9994908291804183	0.998987737698179	-0.0005030914822393706
1050	0.9998497385954228	0.999816241846831	-3.349674859176588e-05
1051	0.9992409717684906	0.9971042192951403	-0.002136752473350323
1052	0.999597954763918	0.999002897600521	-0.0005950571633970281
1053	0.9996288900819548	0.9990542595523836	-0.0005746305295711851
1054	0.999594889809139	0.9989334817014034	-0.0006614081077356282
1055	0.9997063241375861	0.9990432871281452	-0.0006630370094409255
1056	0.9998455969662383	0.9999202362161494	7.46392499111348e-05
1057	0.9995564514102198	0.9990904372870485	-0.00046601412317126556
1058	0.9993815998314851	0.9988704017759233	-0.0005111980555617679
1059	0.9995719937636965	0.9989148245426961	-0.0006571692210004532
1060	0.9996983388878188	0.9990093980273108	-0.0006889408605079694
1061	0.9994922245113618	0.9987600744488512	-0.0007321500625105948
1062	0.9994764413648339	0.9983435380227471	-0.0011329033420868218
1063	0.999507568565607	0.9989659935832385	-0.000541574982368509
1064	0.9998855346374075	0.9998832447874717	-2.2898499357770774e-06
1065	0.9994740216831277	0.9989470999686061	-0.0005269217145216221
1066	0.9998735593467241	0.9998714605229713	-2.0988237527941322e-06
1067	0.999440263580201	0.9989299775855948	-0.0005102859946062299
1068	0.9995055965069651	0.9989629507325222	-0.0005426457744429625
1069	0.9997737941091969	0.999831746151466	5.7952042269104886e-05
1070	0.999887479380123	0.9999377920370491	5.031265692612141e-05
1071	0.9994389338895664	0.998261773929711	-0.001177159959855345
1072	0.9991184587867822	0.9972765199001628	-0.001841938886619432
1073	0.9994185043027349	0.9982792691016741	-0.0011392352010608509
1074	0.9996212832062501	0.9991176236393745	-0.0005036595668755917
1075	0.9997765441965949	0.9998491671565459	7.262295995102974e-05
1076	0.9994608948654017	0.9981532507847349	-0.0013076440806667478
1077	0.9995838462976805	0.9990657197010042	-0.0005181265966762716
1078	0.9995351388859419	0.9982459609105303	-0.001289177975411615
1079	0.9997090917492729	0.9997804606569825	7.136890770953475e-05
1080	0.9993357042150818	0.9980676360846961	-0.0012680681303857133
1081	0.9996389587278621	0.9989605171117969	-0.0006784416160652285
1082	0.9996601249597379	0.9991050120640486	-0.0005551128956893248
1083	0.9996742128722937	0.9990937821074004	-0.000580430764893336
1084	0.9995889134244543	0.9989856236072019	-0.0006032898172524392
1085	0.9992498952604603	0.9980285165534974	-0.0012213787069628168
1086	0.9995261885424948	0.9985267103070977	-0.0009994782353970333
1087	0.9993519795550637	0.9981916524271408	-0.001160327127922911
1088	0.9999441343897022	0.9999378010250334	-6.333364668820174e-06
1089	0.9997695206813887	0.9991537672782809	-0.0006157534031078216
1090	0.9995840673966956	0.9990553973215429	-0.0005286700751526707
1091	0.9995878785581734	0.9989433193579357	-0.0006445592002377598
1092	0.9989668469683842	0.9972789131304134	-0.0016879338379708342
1093	0.9995371574370536	0.9989077751616892	-0.0006293822753644651
1094	0.9994500279558821	0.9983070396861383	-0.0011429882697437943
1095	0.9999457820777112	0.999936217415413	-9.564662298178206e-06
1096	0.9995105456396064	0.9990272282807648	-0.0004833173588415507
1097	0.9998287910833846	0.9998519464102951	2.3155326910440088e-05
1098	0.9997670869245144	0.9998662854251223	9.919850060791102e-05
1099	0.999508577770775	0.9988950163520431	-0.0006135614187318117
1100	0.999778100605831	0.9998481255663436	7.002496051256024e-05
1101	0.9999452880564825	0.9999572436391169	1.1955582634337603e-05
1102	0.9988775938026463	0.9967399672512817	-0.002137626551364624
1103	0.9997034004131673	0.9991311541793232	-0.0005722462338441092
1104	0.9995982155179469	0.9991298269988879	-0.00046838851905905976
1105	0.9999400805668072	0.9999352017078135	-4.878858993695445e-06
1106	0.9999434115536386	0.9999565397429376	1.3128189298994286e-05
1107	0.9997922157110146	0.9998151761476269	2.296043661231817e-05
1108	0.9995906409783841	0.9990344205514174	-0.0005562204269666804
1109	0.9994659431724234	0.9983207738889496	-0.001145169283473857
1110	0.99976229758637	0.9997829414245926	2.0643838222533795e-05
1111	0.9998979858521667	0.9998834281074871	-1.4557744679621898e-05
1112	0.9998869754719208	0.9999226348165338	3.565934461291498e-05
1113	0.9996181904656852	0.9989842646353954	-0.000633925830289872
1114	0.9993608917734049	0.9980864828896907	-0.0012744088837142176
1115	0.9995452154011997	0.9989738305850797	-0.0005713848161199575
1116	0.9998970115279361	0.9999028661973963	5.854669460236828e-06
1117	0.9995819433425877	0.9989998026072399	-0.0005821407353477914
1118	0.9998304724226612	0.9998496752909769	1.9202868315693067e-05
1119	0.9995473856288953	0.9990303435140984	-0.0005170421147969728
1120	0.9999996085469864	0.9999997169179174	1.0837093100679596e-07
1121	0.9997964929426046	0.9998325525395622	3.605959695751615e-05
1122	0.9993675691251492	0.9988844558501135	-0.0004831132750356959
1123	0.9997425624724153	0.9998143665424896	7.180407007423284e-05
1124	0.9990785483860073	0.9970894865135539	-0.0019890618724534015
1125	0.9999434440327482	0.9999820411722032	3.859713945508769e-05
1126	0.9994794568618753	0.9988987156947055	-0.0005807411671698848
1127	0.9996743962153319	0.9991414821486074	-0.0005329140667245102
1128	0.9998911351811539	0.9999411796050206	5.0044423866690835e-05
1129	0.9992988543960151	0.9980498816749181	-0.0012489727210969193
1130	0.9998945504085642	0.9999705982818463	7.604787328208129e-05
1131	0.9993553820452719	0.9981946008717524	-0.0011607811735194762
1132	0.9998478894796	0.9999518599584057	0.00010397047880572607
1133	0.9996249047720582	0.9990498776949909	-0.0005750270770673582
1134	0.9998840423905546	0.9998841655008002	1.231102455534483e-07
1135	0.9991598942446526	0.9972552614027196	-0.001904632841932985
1136	0.9999432775920436	0.9999855416349134	4.226404286977736e-05
1137	0.9996556065320432	0.9990652693154335	-0.0005903372166097265
1138	0.999227875333156	0.9975993580950249	-0.0016285172381311774
1139	0.9996382427813862	0.9990481895035633	-0.0005900532778229106
1140	0.9998887876067913	0.9999399316633613	5.1144056569918384e-05
1141	0.9994097372005346	0.998265352424717	-0.0011443847758175751
1142	0.9997103374128308	0.9997153647439372	5.027331106410848e-06
1143	0.9992900835588411	0.998311866598474	-0.0009782169603670399
1144	0.999718869719277	0.9991609403286011	-0.0005579293906758931
1145	0.9994350771922715	0.9984378065298882	-0.0009972706623833094
1146	0.9996318957377933	0.9991368401041686	-0.0004950556336247303
1147	0.999445332456974	0.998457722805241	-0.0009876096517329458
1148	0.9997292232403526	0.9998095707894957	8.03475491431005e-05
1149	0.9997759449011522	0.9991999159707462	-0.0005760289304059807
1150	0.9993150278641674	0.9982614526161383	-0.0010535752480290705
1151	0.9996884096916004	0.9997784654271776	9.005573557718805e-05
1152	0.9993214193647972	0.9981084672235202	-0.001212952141277035
1153	0.9995003364882833	0.9988888113167768	-0.0006115251715065328
1154	0.9995900382666839	0.9990139729682764	-0.0005760652984074799
1155	0.9997413274781815	0.99977910656556	3.777908737856439e-05
1156	0.9998244249337718	0.9998070452859276	-1.7379647844206758e-05
1157	0.9994844537468679	0.9987873102705855	-0.0006971434762823581
1158	0.9995856329862214	0.9990274512376538	-0.0005581817485675877
1159	0.999804044708563	0.9998639200028541	5.987529429107852e-05
1160	0.9996340519669497	0.9990747202841065	-0.0005593316828431671
1161	0.999377823887327	0.9981026830334734	-0.0012751408538536069
1162	0.9993780529814954	0.9982597497646791	-0.0011183032168162743
1163	0.9998416488916189	0.9998670742908797	2.5425399260869952e-05
1164	0.9995972309005194	0.9989271805381232	-0.0006700503623962017
1165	0.9994733498346288	0.9982783187968784	-0.001195031037750316
1166	0.9994141252284884	0.9982449139891862	-0.001169211239302137
1167	0.9998331336213304	0.9999199548670231	8.682124569270311e-05
1168	0.9991339712434955	0.9979836454701971	-0.0011503257732983219
1169	0.9999480837967462	0.999981491306714	3.340750996783104e-05
1170	0.9993305225663298	0.9983423698923435	-0.0009881526739863311
1171	0.999506488920772	0.9990276651042832	-0.0004788238164887826
1172	0.9993540018559801	0.9980163972057664	-0.0013376046502137084
1173	0.9999497724883668	0.99996311270642	1.3340218053214947e-05
1174	0.9993026669874943	0.9982625119426928	-0.001040155044801483
1175	0.9996696055436223	0.9991504918432527	-0.0005191137003696111
1176	0.99965019687194	0.9991438695373132	-0.0005063273346268549
1177	0.999901304095453	0.9999040810038305	2.7769083775774916e-06
1178	0.9993580890462116	0.998290871946119	-0.00106721710009261
1179	0.9999432578884488	0.9999431127050243	-1.4518342450475785e-07
1180	0.9994360324155857	0.999001671535989	-0.0004343608795966958
1181	0.9996744777430132	0.999132317069963	-0.0005421606730502404
1182	0.9997037501847177	0.9997845293451583	8.077916044058053e-05
1183	0.9992420987342662	0.9980402664787378	-0.00120183225552839
1184	0.9994989062774752	0.9989605291336959	-0.0005383771437792451
1185	0.9998908846164298	0.999891528411697	6.43795267207814e-07
1186	0.9997084801139818	0.9992297482934637	-0.00047873182051816343
1187	0.9996786453576618	0.9991342608449995	-0.0005443845126623659
1188	0.999760031807993	0.9991701155267975	-0.000589916281195535
1189	0.9994181090295674	0.998155126962307	-0.0012629820672603875
1190	0.9998263872539114	0.9998388025799829	1.2415326071546495e-05
1191	0.9998942064854952	0.9998962403010082	2.033815513002857e-06
1192	0.999222727833898	0.9975401765335521	-0.0016825513003458914
1193	0.9997397573641147	0.9991566968338687	-0.0005830605302460379
1194	0.9997003389428466	0.9997266389689914	2.6300026144787658e-05
1195	0.9995980743188162	0.9990052984324492	-0.0005927758863669697
1196	0.999410505895422	0.9982560042874477	-0.0011545016079743675
1197	0.9998937637374773	0.999942885067416	4.912132993872831e-05
1198	0.9993352089622517	0.9981036083646043	-0.0012316005976473754
1199	0.9995390518625974	0.9989459220420748	-0.0005931298205226199
1200	0.9996512427169386	0.9990198578191836	-0.0006313848977550496
1201	0.9998007364888778	0.9998636471976272	6.291070874941962e-05
1202	0.9993992735506109	0.9983488922932566	-0.0010503812573542382
1203	0.9998936231789488	0.9999219470158373	2.8323836888444198e-05
1204	0.9998512017446796	0.9999570944638967	0.00010589271921712662
1205	0.9994879534676239	0.9983082840723426	-0.0011796693952812465
1206	0.9994179677845317	0.9988888051462707	-0.0005291626382610826
1207	0.999480618374343	0.9984047584383611	-0.0010758599359819154
1208	0.9996193624567054	0.9989291277587704	-0.0006902346979349439
1209	0.999598885234164	0.9989275599146945	-0.0006713253194694513
1210	0.9996388288459251	0.9997070863048193	6.82574588941609e-05
1211	0.9997271293993821	0.9998925856714805	0.00016545627209840763
1212	0.9999442724168119	0.9999357767500435	-8.49566676841551e-06
1213	0.9998428596058099	0.99994804813484	0.0001051885290300758
1214	0.9992022868243041	0.9979823195162778	-0.0012199673080263151
1215	0.9998449517714219	0.9999007034229133	5.575165149140915e-05
1216	0.9999036235197899	0.9999478081117321	4.418459194222013e-05
1217	0.9999479153847743	0.9999845557268265	3.664034205219657e-05
1218	0.9997766890176568	0.9998812494408296	0.00010456042317275038
1219	0.999659585908295	0.9998032176662842	0.00014363175798925987
1220	0.9993503269939348	0.9980899357699393	-0.0012603912239954607
1221	0.999529176491765	0.9990265844718683	-0.0005025920198966638
1222	0.9998345489976354	0.9998601849976978	2.5636000062445596e-05
1223	0.9991245754455735	0.9975217571083755	-0.0016028183371979976
1224	0.9993104874111797	0.9981833256873439	-0.0011271617238357567
1225	0.999741742209846	0.9998354890999495	9.374689010344106e-05
1226	0.999428377591449	0.998295869979472	-0.0011325076119770294
1227	0.9994443717047645	0.9983479297322065	-0.0010964419725579821
1228	0.9998887200333095	0.9999207550095695	3.2034976259920356e-05
1229	0.999945520904296	0.9999358149704336	-9.705933862402816e-06
1230	0.9992135334928886	0.9980653437774298	-0.001148189715458714
1231	nan	nan	nan
1232	0.9990278865455348	0.9971310735747548	-0.0018968129707799264
1233	0.998984035225383	0.9972043906577107	-0.0017796445676723227
1234	0.9995941218035848	0.9990112826615959	-0.0005828391419888668
1235	0.9996505528411603	0.9990654207129618	-0.0005851321281985511
1236	0.9994908163453117	0.9982233907046736	-0.0012674256406380868
1237	0.9993464595511365	0.9982142525422595	-0.001132207008877062
1238	0.9996047394688705	0.9997787361692291	0.00017399670035855852
1239	0.9990262023052333	0.9967369356908952	-0.002289266614338148
1240	0.9998927260744835	0.9999430333347646	5.030726028110166e-05
1241	0.9993324749759611	0.9980771620542144	-0.001255312921746743
1242	0.999392920969994	0.9983060263295387	-0.0010868946404553048
1243	0.99955109683654	0.9988294659941002	-0.0007216308424398132
1244	0.9999418699104485	0.9999532495527088	1.1379642260278544e-05
1245	0.9994142349978237	0.9981855872077614	-0.001228647790062265
1246	0.9999444316786837	0.9999365002247805	-7.931453903209373e-06
1247	0.9992205955739045	0.998063943058392	-0.0011566525155125573
1248	0.9998968874310775	0.9998987964363368	1.909005259315144e-06
1249	0.9998381640611462	0.9998839711708881	4.580710974189106e-05
1250	0.9997553139038263	0.9990940586960161	-0.0006612552078102407
1251	0.9994837963545871	0.9982653710535064	-0.0012184253010806279
1252	0.9995977871250684	0.9990499710222686	-0.0005478161027998585
1253	0.9997428071078138	0.9998362148506523	9.340774283850273e-05
1254	0.9991633736990241	0.9974902810721858	-0.0016730926268382351
1255	0.9996640790045108	0.9990286649115105	-0.000635414093000275
1256	0.9998786484192727	0.9998910333791168	1.238495984412502e-05
1257	0.999705247897912	0.9991174753487059	-0.000587772549206167
1258	0.9998964802443413	0.999969246302255	7.276605791373125e-05
1259	0.9996571359677641	0.9990298737800095	-0.0006272621877545514
1260	0.9998868083440032	0.9999680677689231	8.125942491987725e-05
1261	0.9990233582304803	0.9970765842850963	-0.001946773945384006
1262	0.9999408407213296	0.999927891025399	-1.2949695930575267e-05
1263	0.9997587252047857	0.9998913067510576	0.00013258154627193708
1264	0.9995132608430954	0.9983563307864134	-0.0011569300566820484
1265	nan	nan	nan
1266	0.9988806779561806	0.9971317461721857	-0.0017489317839949337
1267	0.9994088142207268	0.9983859468336854	-0.0010228673870413818
1268	0.9997286631060653	0.9991581965402849	-0.0005704665657804142
1269	0.9996417352154219	0.999796922092058	0.0001551868766360709
1270	0.9997370451421804	0.9998196964863438	8.265134416340914e-05
1271	0.999171156923629	0.9970411566887337	-0.0021300002348952907
1272	0.9992866590900994	0.9986620446974607	-0.0006246143926387226
1273	0.9996704838860704	0.9990314458154309	-0.0006390380706394749
1274	0.9993631537918396	0.9980729672362966	-0.001290186555543027
1275	0.9998997263353469	0.9999037130967388	3.986761391905347e-06
1276	0.9993116483721572	0.9977840018488447	-0.001527646523312498
1277	0.9992405725209892	0.998083634002502	-0.0011569385184871939
1278	0.9991688243881659	0.9978713292462159	-0.0012974951419499892
1279	0.9999491506732548	0.9999834541765256	3.4303503270716185e-05
1280	0.999361407426125	0.998149575650886	-0.0012118317752389807
1281	0.9998427069344651	0.9998814186881407	3.87117536756465e-05
1282	0.9998896365121627	0.9999661989772741	7.65624651114516e-05
1283	0.9988979815982355	0.99665944436726	-0.002238537230975557
1284	0.9997355959595837	0.9998133602680529	7.776430846917481e-05
1285	0.9998928012970518	0.9998771028902845	-1.5698406767294948e-05
1286	0.9993242109864852	0.9976937540217933	-0.0016304569646918843
1287	0.9994696579802069	0.9989761453640525	-0.000493512616154379
1288	0.9991571487451123	0.9976210862275037	-0.0015360625176086273
1289	0.9997822170354329	0.9992247899175378	-0.0005574271178950818
1290	0.9997345120629011	0.9997639072016886	2.9395138787524644e-05
1291	0.9992336719797867	0.9981266165390802	-0.0011070554407065503
1292	0.9993471857550387	0.9980126942327484	-0.0013344915222902598
1293	0.9991680091698518	0.9971458709088111	-0.0020221382610406957
1294	0.9994633637244692	0.9983321547797094	-0.0011312089447598206
1295	0.9997954921920023	0.9998659478577073	7.045566570507145e-05
1296	0.999523716207242	0.9988712624907594	-0.0006524537164825928
1297	0.9993876932418011	0.9981117185795969	-0.0012759746622041934
1298	nan	nan	nan
1299	0.9996160639701016	0.999060366572527	-0.0005556973975746615
1300	0.999891534387098	0.9998971933821145	5.658995016477597e-06
1301	0.9994629262925387	0.9983243464825041	-0.0011385798100346234
1302	0.9998466321613606	0.9999010088647351	5.437670337449241e-05
1303	0.9989606218342784	0.9972151969332816	-0.001745424900996717
1304	0.9997447981551832	0.9998284588731053	8.366071792209606e-05
1305	0.9991050693379666	0.9974181241700919	-0.0016869451678747094
1306	0.9999397990370126	0.999929776441263	-1.0022595749559216e-05
1307	0.9995679021856222	0.9988770012046786	-0.0006909009809435984
1308	0.9992850134867746	0.9979306970044163	-0.0013543164823582865
1309	0.9993637489582976	0.99825216771483	-0.001111581243467552
1310	0.9993783950104885	0.9981073792116555	-0.0012710157988330417
1311	0.9998945958588598	0.9998988239690101	4.2281101503283125e-06
1312	0.999715035775378	0.9991244931724284	-0.0005905426029496619
1313	0.9999995808484725	0.9999997596969884	1.788485158860098e-07
1314	0.9994910239776493	0.999019610353131	-0.00047141362451830204
1315	0.9998920523307225	0.9999231657724897	3.111344176720543e-05
1316	0.9997885109345933	0.9997905695910687	2.058656475401044e-06
1317	0.9994033415001691	0.9981309671169595	-0.0012723743832095957
1318	0.9993058075958768	0.9981213850949284	-0.0011844225009484122
1319	0.9998927924176505	0.999925256520495	3.2464102844520504e-05
1320	0.9996062008644702	0.9990888351988959	-0.0005173656655742542
1321	0.9991877109313224	0.9979175649184365	-0.0012701460128858866
1322	0.9994702221174324	0.9982855322804913	-0.0011846898369410885
1323	0.9995966146157275	0.9990194529594635	-0.0005771616562639803
1324	0.999755968097757	0.9997541414985635	-1.826599193566203e-06
1325	0.9994412613725258	0.9982041624364064	-0.0012370989361193407
1326	0.999490861449248	0.9990019813294481	-0.0004888801197999726
1327	0.9995337524400394	0.9989405386491917	-0.0005932137908476465
1328	0.9994741907490984	0.9988722989475053	-0.0006018918015930907
1329	0.9999421811059966	0.9999341153880607	-8.06571793598998e-06
1330	0.9988589428280149	0.9959924459732555	-0.0028664968547593705
1331	0.9998415095430483	0.9999013608358643	5.985129281604884e-05
1332	0.9995808889848457	0.9990177160338375	-0.0005631729510081618
1333	0.9991903785425842	0.9972569182858165	-0.0019334602567676606
1334	0.99965945428956	0.9990633705254204	-0.0005960837641396655
1335	0.9997199023757413	0.9991182724755416	-0.0006016299001996295
1336	0.9990544079515681	0.9966521309131855	-0.002402277038382583
1337	0.9998388523373227	0.9999030245238753	6.417218655252466e-05
1338	0.9989802710120128	0.9966571097305648	-0.0023231612814480496
1339	0.9997882225488929	0.9997710931807802	-1.7129368112711596e-05
1340	0.9998494290138709	0.9998788366815987	2.9407667727854303e-05
1341	nan	nan	nan
1342	0.9993809467168188	0.9981898009865964	-0.0011911457302223871
1343	0.9991093104369307	0.9968039994791091	-0.0023053109578216047
1344	0.9998415574538101	0.9998427688999402	1.2114461300782864e-06
1345	0.9997860678905381	0.9998142750527851	2.820716224694042e-05
1346	0.9998104046080298	0.9998365562692696	2.6151661239759427e-05
1347	0.9994258834061936	0.9989929523935323	-0.0004329310126613972
1348	0.9997755182169412	0.9997616354370245	-1.38827799167629e-05
1349	0.9998946296012797	0.999929359933537	3.473033225731559e-05
1350	0.9993553843957519	0.9981973079493012	-0.0011580764464507176
1351	0.9998365566727583	0.9999225718658137	8.601519305539984e-05
1352	0.9996240908529492	0.9989627772844014	-0.0006613135685478166
1353	0.9992714058876504	0.9981791620424785	-0.0010922438451719252
1354	0.9997689145761335	0.9998636474242831	9.473284814964789e-05
1355	0.9990080183517271	0.9972209599041746	-0.0017870584475525586
1356	0.9996635417548999	0.9991532946808946	-0.0005102470740052656
1357	0.9995807801971368	0.9990017978989713	-0.0005789822981655535
1358	0.9998954527062223	0.9999700071736065	7.455446738424687e-05
1359	0.9998439205050079	0.9999318882144772	8.796770946928323e-05
1360	0.9999493544828769	0.999988045663938	3.869118106103464e-05
1361	0.9996975041611902	0.99917746068324	-0.000520043477950205
1362	0.9997899861303335	0.99988277135902	9.27852286864983e-05
1363	0.9995871415956975	0.9990527750733571	-0.0005343665223404015
1364	0.9990324257816043	0.9973592073129576	-0.0016732184686467644
1365	0.9998565311545898	0.999958685702859	0.00010215454826911774
1366	0.9996615399342683	0.9990628970157748	-0.0005986429184935416
1367	0.999633821732237	0.9990980817622588	-0.0005357399699782439
1368	0.9996786504135349	0.9990378949314275	-0.0006407554821074024
1369	0.9997468163980668	0.9997889326927457	4.2116294678873345e-05
1370	0.9997059693668977	0.9991119182237054	-0.0005940511431923312
1371	0.9994494655337137	0.998869455308994	-0.0005800102247197625
1372	0.9995221996694015	0.9989930635691169	-0.0005291361002845996
1373	0.999849201772078	0.9998882467659511	3.904499387308302e-05
1374	0.9998901807098517	0.9998789121735289	-1.1268536322828204e-05
1375	0.9996669627240782	0.9990232185584699	-0.0006437441656083065
1376	0.9998940692618391	0.9999244691104934	3.0399848654272255e-05
1377	0.99970580003421	0.9990810134837594	-0.0006247865504505068
1378	0.9996745033841905	0.9990221840532789	-0.0006523193309115882
1379	0.999890476993933	0.9999422092398156	5.17322458826186e-05
1380	0.9998504980560207	0.9999153851741897	6.488711816898807e-05
1381	0.9998905702250711	0.9998907447619636	1.745368924943591e-07
1382	0.9998841791181375	0.9998768834559197	-7.295662217798871e-06
1383	0.9996679813528254	0.9990279019271335	-0.0006400794256918863
1384	0.9997312508326427	0.9998287705489103	9.751971626759115e-05
1385	0.999543922865035	0.9990142754935062	-0.0005296473715288297
1386	0.9991149059522583	0.9972159892006579	-0.0018989167516003658
1387	0.999335241857693	0.9982919841715646	-0.0010432576861283405
1388	0.9997909874638312	0.9998404004442152	4.941298038396713e-05
1389	0.9995559421669618	0.9989516572185021	-0.0006042849484596546
1390	0.9989448392187067	0.997146652566275	-0.0017981866524316992
1391	0.999948082941085	0.9999419646668644	-6.118274220590081e-06
1392	0.9996988222037505	0.9990624580868854	-0.0006363641168650735
1393	0.9996876476285439	0.999013106008676	-0.0006745416198679077
1394	0.9994461700503495	0.9982842707694451	-0.001161899280904377
1395	0.9998377595306273	0.9998604436441402	2.2684113512916326e-05
1396	0.9998273493768801	0.9998056242457958	-2.1725131084338045e-05
1397	0.99911939714406	0.9979649277314648	-0.001154469412595116
1398	0.9998134705574796	0.9998661533503279	5.268279284831312e-05
1399	0.9996659615286307	0.9991165050057412	-0.0005494565228895132
1400	0.999674484534208	0.9992341560040078	-0.0004403285302002624
1401	0.9999995778982788	0.9999997535347207	1.7563644194584782e-07
1402	0.9997709984903669	0.9997861951252474	1.5196634880476623e-05
1403	0.9990267703053972	0.996620609517813	-0.002406160787584266
1404	0.9995333361455648	0.9989609753765495	-0.0005723607690153454
1405	0.9996665851264673	0.999145686829595	-0.0005208982968722964
1406	0.9995146923102571	0.9989009652716685	-0.0006137270385886406
1407	0.9996626239852191	0.9996786728935759	1.604890835682493e-05
1408	0.9994046157239528	0.9988273646025602	-0.000577251121392619
1409	0.9998427669745388	0.9998822957628466	3.952878830781881e-05
1410	0.999798189568434	0.9998781651071393	7.997553870531249e-05
1411	0.9997035317667433	0.9991072846737822	-0.000596247092961133
1412	0.9995239746941558	0.998893214333809	-0.0006307603603468159
1413	0.9998404303729771	0.9999260446130432	8.561424006614526e-05
1414	0.9993816749255795	0.9982449847416224	-0.001136690183957123
1415	0.9998950363905423	0.9998978688496882	2.832459145896138e-06
1416	0.9995476406082917	0.9990029230657804	-0.000544717542511286
1417	0.99892065082852	0.996506165773676	-0.0024144850548439845
1418	0.9995862547186976	0.998997232171257	-0.000589022547440532
1419	0.9992941334755453	0.9982195508461991	-0.0010745826293462324
1420	0.9997911401566748	0.9998880723384692	9.693218179440688e-05
1421	0.9999459045492629	0.9999602190825471	1.431453328415433e-05
1422	0.9999517693997371	0.9999647484026113	1.2979002874224932e-05
1423	0.9992337807589653	0.9979431572735832	-0.0012906234853821141
1424	0.9997788630263031	0.9998321743477979	5.3311321494775576e-05
1425	0.9994456118978546	0.998301613888163	-0.0011439980096916713
1426	0.9991341752509639	0.9974340642332081	-0.001700111017755801
1427	0.9998511395574966	0.9998654050277601	1.4265470263508107e-05
1428	0.9989839106312927	0.9966829177175929	-0.002300992913699784
1429	0.9995708785246445	0.9990634213675845	-0.0005074571570600206
1430	0.9994868524356162	0.9989142354885608	-0.0005726169470553488
1431	0.9996586012576779	0.9989551271984383	-0.0007034740592396505
1432	0.9994997824826984	0.9984769736731564	-0.0010228088095420862
1433	0.9999468991360551	0.9999613025924523	1.4403456397249492e-05
1434	0.9992640659471786	0.9974097599541069	-0.001854305993071792
1435	0.9997576302696015	0.9991607925311299	-0.0005968377384716339
1436	0.9990998664122064	0.9981311663025205	-0.0009687001096858605
1437	0.9997229197585719	0.9997690153327363	4.609557416446197e-05
1438	0.999944931290158	0.9999377151047496	-7.216185408442932e-06
1439	0.9997299674637822	0.9990811223721863	-0.0006488450915959065
1440	0.9993878470697549	0.9982966227983162	-0.0010912242714387066
1441	0.9996785134226613	0.999832701289835	0.00015418786717369404
1442	0.9998345998339725	0.9999024129421968	6.781310822434605e-05
1443	0.9997237848342803	0.9991336725081612	-0.0005901123261190522
1444	0.9997693656133161	0.9992082506588967	-0.0005611149544193506
1445	0.9992895030030899	0.9981171662467825	-0.0011723367563074572
1446	0.9998511754042008	0.9999541254742301	0.00010295007002936174
1447	0.9994694351532823	0.9989342056875918	-0.0005352294656905121
1448	0.9993637078317398	0.9982091717110204	-0.0011545361207193627
1449	0.9995058521647058	0.9989433702519568	-0.0005624819127489911
1450	0.9995946132670761	0.9990602051935139	-0.0005344080735621981
1451	0.9999477352173116	0.9999844726312461	3.673741393450669e-05
1452	0.9998988728681132	0.9999261597367496	2.7286868636400285e-05
1453	0.9993427622848318	0.9981130286324884	-0.0012297336523433566
1454	0.999545317765124	0.9990081379011462	-0.0005371798639778325
1455	0.999608573702618	0.9989927524049301	-0.0006158212976878907
1456	0.9994829652922195	0.9989230606081602	-0.0005599046840593092
1457	0.9995112002614582	0.9984281235843132	-0.0010830766771450229
1458	0.9993630364640822	0.9981348527195189	-0.0012281837445633492
1459	0.9993050027339371	0.9981479077960208	-0.0011570949379162698
1460	0.9993434649048486	0.9982237445036931	-0.0011197204011554884
1461	0.9995954149816841	0.9989773324149173	-0.0006180825667668755
1462	0.9995849982997183	0.9990734501219176	-0.0005115481778006359
1463	0.9997937222749749	0.9998462333244132	5.2511049438375146e-05
1464	0.9997721296506046	0.9998155116980194	4.338204741483054e-05
1465	0.9996618949512982	0.999827755140014	0.0001658601887157829
1466	0.9998457572978084	0.9998791716286793	3.3414330870895625e-05
1467	0.9992115076850371	0.9977519016266176	-0.0014596060584194381
1468	0.9995060639291355	0.9982625748906335	-0.0012434890385020214
1469	0.9998928311649974	0.9999017151852925	8.884020295085726e-06
1470	0.9993346660226348	0.9980639439332495	-0.0012707220893852789
1471	0.9997197832100034	0.9991765453918535	-0.0005432378181499109
1472	0.9996468664719877	0.9989976149380944	-0.0006492515338933913
1473	0.9997507188407646	0.9998432944467952	9.257560603059822e-05
1474	0.9997579000056773	0.9991509685211819	-0.000606931484495421
1475	0.9994089567039159	0.9982913899829641	-0.001117566720951868
1476	0.9993847317727089	0.9987055029613701	-0.0006792288113388611
1477	0.9994983249220889	0.9983570107261166	-0.0011413141959722983
1478	0.9999483311233766	0.9999587848955043	1.0453772127716476e-05
1479	0.9988181624867647	0.9960168730084199	-0.002801289478344793
1480	0.9996542575773946	0.99909894413924	-0.0005553134381545144
1481	0.9998917541962392	0.9999143317492235	2.2577552984293092e-05
1482	0.9994522632388015	0.9983152666661561	-0.0011369965726454323
1483	0.9995404059482671	0.9990499217642019	-0.0004904841840651653
1484	0.9995049571194307	0.9989526577518232	-0.0005522993676074783
1485	0.9993476978306659	0.9981326274494773	-0.001215070381188621
1486	0.999785020298422	0.9998817118508344	9.669155241243121e-05
1487	0.9999471019273762	0.9999601584974714	1.3056570095204556e-05
1488	0.9992977078485515	0.99803112047728	-0.0012665873712714992
1489	0.9996169192934967	0.9991103638856769	-0.0005065554078198531
1490	0.9994943465753686	0.9990307260372718	-0.00046362053809678727
1491	0.9998518566238139	0.9999079899593194	5.6133335505470505e-05
1492	0.9999504941087786	0.9999579482402805	7.454131501938299e-06
1493	0.9997930030213434	0.9992441236986197	-0.0005488793227237387
1494	0.9993859184348035	0.9981559263493719	-0.0012299920854316193
1495	0.9996594950232677	0.9991051001502972	-0.0005543948729704873
1496	0.9996028023759109	0.9990129232543724	-0.0005898791215385168
1497	nan	nan	nan
1498	0.9997397284030684	0.9998928129503275	0.00015308454725915244
1499	0.9992397385900578	0.997465764815669	-0.001773973774388815
1500	0.9989767736570445	0.9969726645182115	-0.002004109138832977
1501	0.99940342600297	0.9983019761416961	-0.0011014498612739176
1502	0.9991510646757019	0.9975436783043397	-0.0016073863713622627
1503	0.9999527537458617	0.999962187268501	9.433522639268332e-06
1504	0.9994444544203843	0.9983093054022358	-0.0011351490181484847
1505	0.9994440951321932	0.9984831487629784	-0.0009609463692148434
1506	0.9993431761263165	0.9982177295063153	-0.001125446620001247
1507	0.9992581902656675	0.9982018865267024	-0.0010563037389651475
1508	0.9995968413515538	0.9990267895307673	-0.0005700518207865102
1509	0.9998886948221902	0.9999145296728926	2.583485070239977e-05
1510	0.9995087445122892	0.9987762446587282	-0.0007324998535610527
1511	0.9994919134240479	0.9982342657369305	-0.0012576476871173359
1512	0.9990812012317773	0.9970874424733824	-0.0019937587583949146
1513	0.9995106519537779	0.9988796572573079	-0.0006309946964699886
1514	0.9996947653411175	0.9997661202108594	7.135486974196859e-05
1515	0.9998454595750876	0.9998593810161107	1.392144102307924e-05
1516	0.9998324888281214	0.9998270637128366	-5.425115284785065e-06
1517	0.999691917467078	0.9990353665083672	-0.0006565509587107554
1518	0.9995574493593513	0.9990043146635044	-0.0005531346958469463
1519	0.9998510469198582	0.9999045711435958	5.352422373761101e-05
1520	0.9991023862985288	0.9978582412257734	-0.001244145072755387
1521	0.9996873388017384	0.9991310902430025	-0.0005562485587359278
1522	0.9995973334336549	0.9991225811071794	-0.000474752326475425
1523	0.9997243010860696	0.9991782097243346	-0.0005460913617350016
1524	0.9994659154369153	0.9989994173814497	-0.00046649805546561396
1525	0.9995603078106843	0.9989771116772972	-0.0005831961333870872
1526	0.9995687619163091	0.9990613415283011	-0.0005074203880079953
1527	0.9992937010898808	0.9980981085710373	-0.0011955925188434913
1528	0.9999425305859155	0.9999382373685671	-4.293217348405598e-06
1529	0.9996694958646904	0.9990584700540979	-0.0006110258105925803
1530	0.9996426160753253	0.9990460664604038	-0.0005965496149215044
1531	0.9997681066779064	0.9998547784084489	8.66717305425535e-05
1532	0.9997678175852086	0.9998104897268352	4.2672141626565185e-05
1533	0.9999442757571495	0.999986784444297	4.250868714750222e-05
1534	0.9997877942186796	0.9998388599769479	5.106575826829829e-05
1535	0.9985707415556826	0.9955749672113904	-0.0029957743442922125
1536	0.9996092669307419	0.9990489542425696	-0.0005603126881723597
1537	0.9996891946038227	0.9991168449286011	-0.0005723496752215729
1538	0.9995941315485097	0.9991381134161341	-0.00045601813237561295
1539	0.99990157408536	0.9998980598794193	-3.514205940691184e-06
1540	0.9995141925342228	0.9990057770043456	-0.0005084155298772375
1541	0.9995107589819149	0.9988914054455108	-0.000619353536404077
1542	0.9993825674180845	0.998312666589874	-0.0010699008282104572
1543	0.9999986281866422	0.9999989425367998	3.1435015757086404e-07
1544	0.9998987969994029	0.9999014479870301	2.6509876271951782e-06
1545	0.999889116736753	0.9998986137848287	9.497048075735037e-06
1546	0.9999401520029465	0.999935486888562	-4.665114384461155e-06
1547	0.9998938926240475	0.9999433787619478	4.9486137900345284e-05
1548	0.9994896951053599	0.9989420284260879	-0.0005476666792719742
1549	0.9994262689366407	0.9982587351786333	-0.0011675337580073775
1550	0.999731951327272	0.9991373794251956	-0.0005945719020763462
1551	0.9996129978900098	0.9990170457534179	-0.0005959521365919151
1552	0.9999444408724981	0.9999822053193481	3.7764446849997135e-05
1553	0.999890383740024	0.9999645769125133	7.419317248924528e-05
1554	0.9995973253060414	0.9990199874862381	-0.0005773378198032919
1555	0.9997170831117428	0.999164735650029	-0.0005523474617138424
1556	0.9999444940112953	0.9999381414907818	-6.352520513508431e-06
1557	0.9994218099697196	0.9981451062401511	-0.0012767037295685624
1558	0.9993953654906346	0.9982844438911944	-0.0011109215994401511
1559	0.9993763213341781	0.9980521519014315	-0.0013241694327466025
1560	0.9998437398823078	0.99985398472516	1.0244842852169533e-05
1561	0.9995295705019946	0.9988943452988883	-0.0006352252031063266
1562	0.9999509808647186	0.9999640513176996	1.3070452981045477e-05
1563	0.9997308332873007	0.9998561810295717	0.0001253477422710203
1564	0.9992282213283162	0.9979687702422173	-0.0012594510860989283
1565	0.9998559073324866	0.9998749312524378	1.902391995112218e-05
1566	0.9997457382944954	0.9997570991567991	1.1360862303688712e-05
1567	0.9999038767874506	0.9999472485701635	4.3371782712853246e-05
1568	0.9995152453317802	0.998897314929396	-0.0006179304023841148
1569	0.9994355146386908	0.9982339884537307	-0.0012015261849601666
1570	0.999788390946731	0.9998692370840274	8.084613729641976e-05
1571	0.9997302040876446	0.9998088119726367	7.860788499214344e-05
1572	0.9993811770750961	0.9980629949137946	-0.0013181821613015288
1573	0.9996350316307839	0.9990440765671325	-0.0005909550636514771
1574	0.9996879127143264	0.9991298288048791	-0.0005580839094473378
1575	0.9997092965858771	0.9991255659520006	-0.0005837306338765114
1576	0.9995233451148507	0.9984012194917018	-0.0011221256231489507
1577	0.9996830651192128	0.9990059648194102	-0.0006771002998026132
1578	0.9995687881795766	0.9990178676537131	-0.0005509205258634742
1579	0.9995709023858983	0.9990436730369677	-0.000527229348930569
1580	0.9993368189837473	0.9987897263643255	-0.0005470926194217629
1581	0.999498438887129	0.998952719763029	-0.0005457191240999526
1582	0.9996658117558739	0.9991209844727593	-0.0005448272831145573
1583	0.9992867535189424	0.9980927498372493	-0.00119400368169309
1584	0.9995028883064669	0.9989609737232258	-0.0005419145832411543
1585	0.9998023303625738	0.9998390357174896	3.670535491573368e-05
1586	0.9999996076160025	0.9999996871376465	7.952164404745332e-08
1587	0.9996502933769867	0.9990617536756056	-0.0005885397013811744
1588	0.9992582993711695	0.9974112763843677	-0.0018470229868018384
1589	0.9996447431702953	0.9991458554965488	-0.0004988876737465064
1590	0.9992000627071853	0.9976932593167311	-0.00150680339045417
1591	0.9995610328165172	0.9990239510038261	-0.0005370818126910759
1592	0.999259812851696	0.9982358379355737	-0.0010239749161222722
1593	0.9998454039392758	0.9999111864254969	6.578248622113314e-05
1594	0.9999459607231184	0.9999570791791215	1.1118456003100796e-05
1595	0.9999007054554919	0.999916634454388	1.5928998896130864e-05
1596	0.9993121648656155	0.9980648846258452	-0.0012472802397702765
1597	0.9992525616899418	0.9980004295299443	-0.0012521321599975321
1598	0.9996031044811625	0.9990785173263109	-0.0005245871548515968
1599	0.9996988088010151	0.999075514955999	-0.0006232938450161374
1600	0.9997766166539708	0.9999075089693413	0.00013089231537055657
1601	0.9998456302509541	0.9998578486043785	1.2218353424464645e-05
1602	0.9994292331320946	0.998205823772377	-0.0012234093597176532
1603	0.9995461174449448	0.9990169031629531	-0.0005292142819917078
1604	0.9992771123591674	0.9980899305179377	-0.0011871818412296786
1605	0.9993782591214242	0.9982429638987386	-0.0011352952226856283
1606	0.999659943340574	0.9991030538210328	-0.0005568895195411372
1607	0.9994155779887802	0.998422059989208	-0.0009935179995722576
1608	0.9998848644523599	0.9999357731020778	5.090864971790676e-05
1609	0.9998956786937166	0.9999184251476744	2.274645395772268e-05
1610	0.9998341822955148	0.9998404173838996	6.235088384820564e-06
1611	0.9995640665624681	0.9989877994071024	-0.0005762671553657395
1612	0.9997269381849931	0.9991240622207133	-0.0006028759642798809
1613	0.999900851400216	0.9999480523315725	4.720093135646142e-05
1614	0.999953608083666	0.9999638980885817	1.0290004915702866e-05
1615	0.9992015605280242	0.9973267897877315	-0.0018747707402927416
1616	0.9998349199880968	0.9997992369094783	-3.568307861856468e-05
1617	0.9995625733721172	0.9989181499645939	-0.0006444234075232425
1618	0.9998065372507656	0.9998703903384119	6.385308764622621e-05
1619	0.999662206228717	0.9991337097761458	-0.0005284964525712477
1620	0.9997225726466351	0.9991449920733113	-0.0005775805733237993
1621	0.999321321438178	0.9982264782799714	-0.0010948431582066265
1622	0.9991985522264102	0.9972052453494238	-0.0019933068769864004
1623	0.9996935750507735	0.9997992004085487	0.00010562535777525195
1624	0.9993690198321474	0.998240166056538	-0.0011288537756094508
1625	0.9996478278253694	0.9991009171714049	-0.0005469106539645052
1626	0.999896698217499	0.9999243459096442	2.7647692145138514e-05
1627	0.9996556543641767	0.9990068040722856	-0.000648850291891101
1628	0.9998900302770708	0.999943701098506	5.367082143525881e-05
1629	0.9995733811123919	0.9990807574281909	-0.000492623684200999
1630	0.9996156614416097	0.998997455605416	-0.0006182058361937637
1631	0.9994723305501374	0.9983642760603088	-0.001108054489828647
1632	0.9993312219119229	0.9988978329679281	-0.00043338894399480576
1633	0.9991822322259364	0.9973599268925937	-0.0018223053333427108
1634	0.9998996459412569	0.9999203561935126	2.071025225569567e-05
1635	0.999112552602151	0.9979048099975089	-0.0012077426046421813
1636	0.9999505646553782	0.9999635663521292	1.3001696751002711e-05
1637	0.9998809222675228	0.9999090755967966	2.815332927386116e-05
1638	0.999663544763276	0.9991045071970511	-0.0005590375662248848
1639	0.9993705981672097	0.9983178949332888	-0.0010527032339209264
1640	0.9993371980305925	0.9981533795123975	-0.0011838185181950456
1641	0.9998921776882398	0.9998794473141406	-1.2730374099212405e-05
1642	0.9990650328280234	0.9972820423353383	-0.0017829904926850437
1643	0.999460867943476	0.998965715878566	-0.0004951520649100205
1644	0.9993357184170293	0.9979775638080858	-0.001358154608943507
1645	0.9996665369558962	0.9998226844615016	0.00015614750560533075
1646	0.9997522323189889	0.9990414642572332	-0.0007107680617557399
1647	0.9998430885905878	0.999919149897465	7.606130687720647e-05
1648	0.9993584969272199	0.9981706616820026	-0.0011878352452172614
1649	0.9992678296629016	0.9981979708998576	-0.001069858763043996
1650	0.9997786018695627	0.9992003888117235	-0.0005782130578392275
1651	0.9994560411216571	0.9982169510293353	-0.001239090092321815
1652	0.9995464162710744	0.9983734179699564	-0.0011729983011180556
1653	0.9997615412116	0.9991282957056278	-0.0006332455059722131
1654	0.9994803433536819	0.9989243630898011	-0.0005559802638807065
1655	0.9998451864868115	0.9998755722381305	3.0385751318973142e-05
1656	0.9996153794499202	0.9990516861269343	-0.000563693322985892
1657	0.9994032850841047	0.9982512998473624	-0.0011519852367423145
1658	0.9997428770817846	0.999868843185593	0.0001259661038084392
1659	0.9996111863737175	0.9990996552166219	-0.0005115311570955683
1660	0.9995346753386486	0.9989467750809102	-0.0005879002577383607
1661	0.9995950625538401	0.9990031916945153	-0.0005918708593247723
1662	0.9998468400963989	0.9998507282084053	3.8881120063560815e-06
1663	0.9995366258588001	0.9990643499711569	-0.00047227588764320316
1664	0.9997437116303052	0.9991406548322492	-0.0006030567980559454
1665	0.9999455868045976	0.9999535743510444	7.987546446819316e-06
1666	0.9997038951480108	0.9991499174514444	-0.000553977696566399
1667	0.9995655204182956	0.999065360470748	-0.000500159947547596
1668	0.9996164135152847	0.9991126809895806	-0.0005037325257041259
1669	0.9997448335396031	0.9998446221449562	9.978860535309053e-05
1670	0.9996761890223032	0.9990843926849701	-0.0005917963373330837
1671	0.9992188969142501	0.9981973148309309	-0.0010215820833192613
1672	0.9996060842359941	0.9990908034346752	-0.000515280801318907
1673	nan	nan	nan
1674	0.9997252719205909	0.9997605318501983	3.5259929607400764e-05
1675	0.9998336764496301	0.9998513341735679	1.765772393780285e-05
1676	0.9997068052605452	0.999157300989783	-0.0005495042707622799
1677	0.9996237146232133	0.9990840121387281	-0.000539702484485205
1678	0.9991326222224327	0.9973886342037662	-0.001743988018666487
1679	0.9997019388532908	0.9990791398323531	-0.0006227990209377587
1680	0.9990550200140061	0.9967916739595393	-0.002263346054466875
1681	0.9998383405494127	0.9998849415211087	4.66009716960647e-05
1682	0.9998990263592745	0.9999688434435677	6.98170842932111e-05
1683	0.9998536974496055	0.9998844437849445	3.0746335338949216e-05
1684	0.9995466784284095	0.9990596249383734	-0.00048705349003608234
1685	0.9997031673907294	0.9991534534308979	-0.0005497139598314993
1686	0.9999001389203374	0.9999672534830706	6.711456273322813e-05
1687	0.9998359441929926	0.9998752317175714	3.9287524578823785e-05
1688	0.9998880318459399	0.999921077608825	3.304576288509775e-05
1689	0.9997010950666944	0.999072623110725	-0.0006284719559693785
1690	0.9994523030218951	0.998916524409967	-0.000535778611928106
1691	0.9996298483823376	0.9990877067162877	-0.0005421416660499334
1692	0.9996693975845294	0.9996795631387724	1.0165554242935748e-05
1693	0.9999996172734725	0.9999997319926649	1.1471919236782924e-07
1694	0.9992455405043399	0.9975571916376965	-0.0016883488666433744
1695	0.9994393406707712	0.9982159745975412	-0.0012233660732300367
1696	0.9997022024182181	0.9991765435804383	-0.0005256588377797744
1697	0.9998831548509364	0.9999057374887045	2.2582637768109315e-05
1698	0.9997428938540396	0.9998912395870083	0.00014834573296873543
1699	0.9995152088497881	0.9989855245896577	-0.0005296842601303364
1700	0.9997322323843956	0.999800410783502	6.817839910644441e-05
1701	0.9995506530139291	0.9990049403626569	-0.0005457126512722343
1702	0.9994214840609555	0.998270289802966	-0.0011511942579895962
1703	0.9992126045207089	0.9975272211329197	-0.00168538338778923
1704	0.999408700390347	0.99823147089997	-0.0011772294903770186
1705	0.9999995794880455	0.9999996033111777	2.3823132133671265e-08
1706	0.9998968139484063	0.9999010299228482	4.215974441890147e-06
1707	0.9998927898744809	0.9999669670382529	7.417716377200456e-05
1708	0.9995804890143881	0.9990271431041633	-0.0005533459102248228
1709	0.9996332317129426	0.9989938283724005	-0.0006394033405421329
1710	0.9999489286722809	0.9999828972233477	3.3968551066743125e-05
1711	0.9999405813113257	0.9999377199477198	-2.8613636058327785e-06
1712	0.9996453467718934	0.9991331531306263	-0.0005121936412670891
1713	0.9993310207551639	0.998200736482643	-0.0011302842725209317
1714	0.9999516676249114	0.9999654820082537	1.3814383342358738e-05
1715	0.9999418933139012	0.9999304597380789	-1.143357582222837e-05
1716	0.9999409832550742	0.9999567982724178	1.5815017343601134e-05
1717	0.9997934736360289	0.9998016793920822	8.205756053314417e-06
1718	0.9992772360502538	0.9980279199668622	-0.0012493160833915162
1719	0.999899305016073	0.9999003434315816	1.0384155085807478e-06
1720	0.9998836664422008	0.9999406579900451	5.699154784422067e-05
1721	0.9992141521453873	0.9974363439064188	-0.001777808238968559
1722	0.9990277865764761	0.9969996499331628	-0.0020281366433132497
1723	0.9998420964481658	0.9998827828036577	4.0686355491925674e-05
1724	0.9997756088364458	0.9998888064618284	0.00011319762538264388
1725	0.9995999786774875	0.9990739490972539	-0.0005260295802336223
1726	0.999944407930088	0.9999370020818454	-7.405848242547641e-06
1727	0.9996677599875298	0.9990119919951199	-0.0006557679924098503
1728	0.9996522213184944	0.9990967224366225	-0.0005554988818718964
1729	0.9995764729587729	0.9990262110926763	-0.0005502618660966352
1730	0.999405115881265	0.9982453088009811	-0.0011598070802839588
1731	0.9998368010454971	0.999856025091903	1.9224046405863504e-05
1732	0.9997314514587943	0.9998225567975141	9.110533871981019e-05
1733	0.9999003027760713	0.9999502608247987	4.995804872731657e-05
1734	0.9996765311188196	0.9997374041074575	6.0872988637883374e-05
1735	0.9997823609833724	0.9998761337859653	9.377280259292853e-05
1736	0.9998948937531887	0.999975439097709	8.054534452028861e-05
1737	0.9997061400958601	0.9991371500334533	-0.0005689900624068489
1738	0.9998324750851177	0.999924943797629	9.24687125112289e-05
1739	0.9988297980071129	0.9960097474513835	-0.0028200505557294253
1740	0.9994618083836938	0.9980619577078378	-0.001399850675856018
1741	0.9988809579962439	0.9965002844668412	-0.0023806735294026327
1742	0.999491797045939	0.9989183375995622	-0.0005734594463768783
1743	0.9997660401098791	0.999235283557486	-0.0005307565523930968
1744	0.999096187025176	0.9971476219786239	-0.0019485650465520532
1745	0.9989476319998195	0.9970928171783529	-0.0018548148214666549
1746	0.9993841358735579	0.9981417451333521	-0.0012423907402058232
1747	0.9995919436000531	0.9990142885125506	-0.0005776550875025155
1748	0.9997537784020605	0.9991363876183194	-0.000617390783741123
1749	0.9997811028973838	0.9992064819749649	-0.0005746209224188892
1750	0.9994574202871348	0.9984456593974822	-0.001011760889652602
1751	0.9998501087246054	0.9998852751900932	3.516646548773483e-05
1752	0.9999474150939955	0.9999592671767795	1.1852082783980755e-05
1753	0.999452476388461	0.9988727253206747	-0.0005797510677862938
1754	0.9995235903608504	0.9988844490213256	-0.0006391413395248069
1755	0.999680802746194	0.9991630298793337	-0.0005177728668602777
1756	0.9999996251724171	0.9999997324920955	1.0731967836630218e-07
1757	0.9993025671133704	0.998312531651731	-0.0009900354616394491
1758	0.9997740527254937	0.9991539282539442	-0.0006201244715494658
1759	0.9996726789508888	0.9989979030378875	-0.0006747759130013575
1760	0.9993820650681148	0.9988712732607872	-0.0005107918073276041
1761	0.9995615880865176	0.9989559572033643	-0.0006056308831533519
1762	0.9997907627782321	0.9998576959199152	6.693314168315645e-05
1763	0.9998499031674928	0.9998450833571405	-4.819810352274523e-06
1764	0.999312183838584	0.9981274792954388	-0.0011847045431452319
1765	nan	nan	nan
1766	0.9995933127143259	0.9990505830134047	-0.000542729700921285
1767	0.9995622173446995	0.9990722140670103	-0.0004900032776892216
1768	0.9999504380527725	0.9999838293619786	3.3391309206098896e-05
1769	0.9994978304043823	0.9982885218707243	-0.0012093085336580822
1770	0.9998980867223696	0.9999466602358258	4.857351345621819e-05
1771	0.9992115942055732	0.9973706558900257	-0.0018409383155474357
1772	0.9994320690833838	0.9989182081203823	-0.0005138609630014335
1773	0.9989870636467003	0.9970615055096697	-0.0019255581370306585
1774	0.9997274051258462	0.999101898596292	-0.0006255065295542872
1775	0.9993862778345175	0.9981550271716095	-0.0012312506629079678
1776	0.999893333455524	0.9999199828584129	2.6649402888878626e-05
1777	0.9999049690289753	0.9999321589969763	2.7189968000995712e-05
1778	0.9993205909210137	0.9979002239280088	-0.0014203669930048513
1779	0.9996729921129386	0.9991433565712069	-0.0005296355417316878
1780	0.999707564922032	0.9991447967201041	-0.0005627682019279101
1781	0.9992648290943764	0.9975315269918131	-0.0017333021025632833
1782	0.9996584591073109	0.9990008457807592	-0.0006576133265516759
1783	0.9999476253904945	0.9999529778517131	5.3524612185773535e-06
1784	0.9993431407581287	0.998877990343781	-0.00046515041434769255
1785	0.9995569134395498	0.9990197317141264	-0.0005371817254233857
1786	0.9993915741237168	0.9981247741352506	-0.0012667999884662384
1787	0.9996733251953281	0.9991559048199549	-0.0005174203753732787
1788	0.9999435895621466	0.9999543483035442	1.0758741397665084e-05
1789	0.9996326611821634	0.9997360852650806	0.00010342408291719174
1790	0.9994598528748753	0.9989615507673614	-0.0004983021075138927
1791	0.9997525276972358	0.9991802208298027	-0.0005723068674330367
1792	0.999795889438165	0.9998201198856772	2.423044751220793e-05
1793	0.9997867904303189	0.9998337309294463	4.694049912734588e-05
1794	0.9991313122938198	0.9980475447179902	-0.0010837675758296195
1795	0.9996182919472976	0.9990534375696325	-0.0005648543776650694
1796	0.9999386937168601	0.9999257770244008	-1.2916692459286061e-05
1797	0.9990828507640033	0.9972947219257647	-0.001788128838238534
1798	0.9997020195658561	0.9991467884456228	-0.0005552311202333682
1799	0.9995218085767039	0.9990475758907609	-0.00047423268594304346
1800	0.9999996261497256	0.9999996909148583	6.476513270126105e-08
1801	0.9997124954566008	0.9991487469899987	-0.0005637484666021209
1802	0.9994302648742318	0.998140794644459	-0.0012894702297727711
1803	0.9997407587630078	0.9997620826201644	2.132385715658547e-05
1804	0.9993220397224721	0.9981262867093643	-0.0011957530131078142
1805	0.9997045742690696	0.9990918152946028	-0.0006127589744667761
1806	0.9994198173683516	0.9984610713930359	-0.0009587459753157557
1807	0.999943705077721	0.9999764661517077	3.276107398664241e-05
1808	0.9990836537833955	0.9970574072501265	-0.002026246533268994
1809	0.9993822303350586	0.9981632603621208	-0.0012189699729378
1810	0.9997250534492197	0.9990671982913012	-0.0006578551579184966
1811	0.9996940036398604	0.9997677471386914	7.374349883104703e-05
1812	0.9999025037027054	0.9999308570712919	2.8353368586531147e-05
1813	0.999445791881893	0.9982947652556178	-0.0011510266262751978
1814	0.9998364986538801	0.9998794215409378	4.292288705765035e-05
1815	0.9994806706473546	0.9989208225162549	-0.0005598481310996606
1816	0.9999525426668661	0.9999620320094594	9.489342593371752e-06
1817	0.9997627880165922	0.9991526396646675	-0.0006101483519247441
1818	0.99989620536107	0.999897048616194	8.432551239501151e-07
1819	0.9994465891510799	0.9982247289245744	-0.0012218602265055
1820	0.9996094400044573	0.9990739580462583	-0.0005354819581989689
1821	0.9996706235905856	0.9990111934926751	-0.0006594300979104739
1822	0.9999528597180322	0.999964493849146	1.1634131113824608e-05
1823	0.9997405198108013	0.9998459015303718	0.00010538171957052977
1824	0.9993018139198402	0.9979831373077931	-0.0013186766120470983
1825	0.9995423367208781	0.9989727218200823	-0.0005696149007957674
1826	0.9997388212726549	0.9991781025276807	-0.000560718744974209
1827	0.9991219897676016	0.9974830675843036	-0.001638922183297975
1828	0.9994943010573724	0.998912465396786	-0.0005818356605863384
1829	0.9995631780658228	0.9990875491997466	-0.00047562886607621646
1830	0.9995005448745665	0.9989869577616532	-0.0005135871129132719
1831	0.9999996521220982	0.9999997403594293	8.823733110840948e-08
1832	0.9998414944871055	0.9998851823090904	4.3687821984939035e-05
1833	0.999754752201486	0.9998512949282161	9.654272673009778e-05
1834	0.9995266495603041	0.9990521764712196	-0.00047447308908454833
1835	0.9997614851284511	0.9997910672750565	2.9582146605422466e-05
1836	0.9996408057579441	0.9989949964326643	-0.0006458093252798003
1837	0.9997868215845339	0.9997784050421942	-8.416542339739763e-06
1838	0.999886208134702	0.9998924570783533	6.248943651310235e-06
1839	0.9994664756812284	0.998340546860395	-0.0011259288208333995
1840	0.999951594409051	0.9999862672922141	3.4672883163056056e-05
1841	0.9996099040408647	0.9990140360033513	-0.0005958680375134362
1842	0.9998457232823927	0.9998917829085641	4.60596261713242e-05
1843	0.9993818494825676	0.998077382199199	-0.0013044672833686377
1844	0.9993657306411308	0.9982100050448052	-0.0011557255963255963
1845	0.9998891018514687	0.9998761664920184	-1.293535945035007e-05
1846	0.9996976500604499	0.9997295884742494	3.1938413799559306e-05
1847	0.9996880742923678	0.9991202604926914	-0.0005678137996764088
1848	0.9995001219091344	0.9983692023617117	-0.0011309195474227263
1849	0.9997306026767147	0.9991578570567988	-0.0005727456199158265
1850	0.9998319276709314	0.9998704758483774	3.854817744597394e-05
1851	0.9998911326636826	0.9999220907135595	3.095804987696127e-05
1852	0.9990645686500772	0.9974860961476477	-0.0015784725024294843
1853	0.9993889620608087	0.9981021276311945	-0.001286834429614192
1854	0.9998348225807281	0.9999021114848291	6.728890410101496e-05
1855	0.9993512693696348	0.9982114803238893	-0.0011397890457455206
1856	0.9994150036589163	0.9981468589136951	-0.0012681447452211891
1857	0.9998937189300938	0.9999198185008993	2.6099570805460104e-05
1858	0.9999488156643571	0.9999617631303441	1.294746598701213e-05
1859	0.9990849799280391	0.9980264531853137	-0.0010585267427254408
1860	0.999329316947066	0.9979584532371322	-0.0013708637099337784
1861	0.9996037585890095	0.999011991927388	-0.0005917666616215289
1862	0.9996348734953987	0.9991590102482233	-0.00047586324717541206
1863	0.999767727739028	0.999239226076524	-0.0005285016625039551
1864	0.9995886171477956	0.9989509624090334	-0.0006376547387622056
1865	0.9996387539359574	0.9990995955489219	-0.0005391583870354433
1866	0.9995526945186245	0.9990806804418991	-0.0004720140767253689
1867	0.9994969086626562	0.9982563099634179	-0.0012405986992383156
1868	0.9995379685077302	0.9984275742043358	-0.0011103943033944352
1869	0.9995916578422579	0.9990562903802026	-0.0005353674620552917
1870	0.9998387557254069	0.9998627404688818	2.3984743474869674e-05
1871	0.9991977939665497	0.9973376348963817	-0.0018601590701680104
1872	0.9998313465359452	0.9998511881523326	1.9841616387461514e-05
1873	0.9992282298456764	0.9973102844824273	-0.001917945363249074
1874	0.9999039442714732	0.9999744720631815	7.052779170824142e-05
1875	0.9992086072151538	0.9975445505105657	-0.001664056704588135
1876	0.9997782700239114	0.9998592159561731	8.09459322617112e-05
1877	0.9996897166989401	0.9992171845694061	-0.00047253212953402013
1878	0.9989451408432928	0.9972954770183063	-0.001649663824986436
1879	0.999650493623839	0.9997646260645252	0.00011413244068625428
1880	nan	nan	nan
1881	0.9989161991879496	0.9968990343105342	-0.002017164877415434
1882	0.9995633934320948	0.9989963381259074	-0.0005670553061873917
1883	0.9995113359023307	0.9989900569087757	-0.0005212789935549189
1884	0.9999476139409365	0.999958320084258	1.070614332154829e-05
1885	0.9996727986948266	0.9991737782479405	-0.0004990204468861004
1886	0.999892423519522	0.9999453732260101	5.294970648805908e-05
1887	0.9996357388101311	0.9989846892028357	-0.0006510496072954508
1888	0.9998400731205432	0.9999015490737778	6.147595323457988e-05
1889	0.9994197524977698	0.9983012942345294	-0.0011184582632404183
1890	0.9994036842756095	0.9982584906097908	-0.0011451936658187778
1891	0.9997164378885426	0.999750932411261	3.449452271842013e-05
1892	0.9993593434674662	0.9978200480857946	-0.0015392953816716348
1893	0.9993132886143252	0.9981277544328898	-0.0011855341814354103
1894	0.999825664543013	0.9998694299297699	4.376538675687769e-05
1895	0.999946628797413	0.9999403903541482	-6.238443264861004e-06
1896	0.9999509504793799	0.9999596486427716	8.698163391773761e-06
1897	0.999949590979718	0.9999850779902376	3.5487010519585915e-05
1898	0.999321671153632	0.9983480601961147	-0.0009736109575173568
1899	0.9997127327956017	0.9991397452145718	-0.0005729875810298601
1900	0.9991952861599503	0.9972619192300245	-0.0019333669299258505
1901	0.9998721733597261	0.9998623081821171	-9.86517760903638e-06
1902	0.9995317010112804	0.998930692314944	-0.0006010086963363914
1903	0.9998833200294148	0.999912207449552	2.8887420137180264e-05
1904	0.9996053931277852	0.999058174421635	-0.0005472187061501543
1905	0.9994077745567955	0.9982711222564469	-0.0011366523003486506
1906	0.9994837575322751	0.9984349680938558	-0.0010487894384193508
1907	0.9994212789106244	0.9982722608335339	-0.0011490180770904468
1908	0.9998542584817963	0.9999499794638939	9.572098209753577e-05
1909	0.9995651572982589	0.9989030394752998	-0.0006621178229591074
1910	nan	nan	nan
1911	0.99978238545293	0.9998923890427345	0.0001100035898045082
1912	0.9996288185497987	0.9990028454637694	-0.0006259730860292967
1913	0.999403088277244	0.9982490549852777	-0.0011540332919662832
1914	0.9992805448942872	0.9975105837045166	-0.0017699611897705747
1915	0.9995835262746235	0.9989987738890098	-0.0005847523856137293
1916	0.9996895368687796	0.9997087681897472	1.923132096759428e-05
1917	0.9994553998722263	0.998131255851662	-0.001324144020564355
1918	0.9998554176432108	0.9998805819527579	2.516430954702109e-05
1919	0.9994265851965828	0.9982227619584451	-0.0012038232381377245
1920	0.9986472010393761	0.9955096677088858	-0.003137533330490272
1921	0.9988714798374846	0.9971004591969712	-0.0017710206405133766
1922	0.9993656597111736	0.9981520815806536	-0.0012135781305200322
1923	0.9997739320375378	0.9998059354757073	3.200343816944784e-05
1924	0.9995306736753582	0.9984914545223204	-0.0010392191530378403
1925	0.9995952651346348	0.9990593231627729	-0.0005359419718619085
1926	0.9993951033426117	0.9982465452845721	-0.0011485580580395949
1927	0.9993818797551065	0.9981399951231367	-0.0012418846319698362
1928	0.9994876186619586	0.9980734347080569	-0.0014141839539016932
1929	0.9999474709539024	0.9999558796434104	8.408689508021538e-06
1930	0.9996503860853598	0.9990518819858383	-0.0005985040995215574
1931	0.999225626932821	0.998063736500448	-0.001161890432373025
1932	0.9999051348791763	0.9999518872897144	4.6752410538086764e-05
1933	0.9993169585722401	0.9981763357131228	-0.0011406228591173129
1934	0.9995555017715907	0.9988840267260232	-0.0006714750455675267
1935	0.9989889007498813	0.9965923420301571	-0.0023965587197242177
1936	0.9999513030256465	0.9999872540564149	3.5951030768366365e-05
1937	0.9998333098264977	0.9998978777734123	6.456794691467316e-05
1938	0.9995760225786503	0.9989094083287101	-0.0006666142499401895
1939	0.9996934585598694	0.9997005900451802	7.131485310840624e-06
1940	0.9996340595034924	0.9990241631950363	-0.0006098963084560927
1941	0.9995125619347202	0.9989737248640982	-0.000538837070621967
1942	0.9997070855324788	0.9991177562370074	-0.0005893292954713969
1943	0.9998843617647643	0.9999139413633984	2.9579598634144055e-05
1944	0.9998521406072157	0.9998723965093119	2.0255902096200096e-05
1945	0.9998291850124813	0.9999184088087593	8.922379627795962e-05
1946	0.9993435064970463	0.9981806523781959	-0.0011628541188504204
1947	0.9996058776491012	0.9996971747421045	9.129709300326194e-05
1948	0.9995295666900997	0.9988764491124655	-0.0006531175776341991
1949	0.9992507147958781	0.9980761717881715	-0.0011745430077065855
1950	0.9992399753879346	0.9982010986090782	-0.0010388767788563902
1951	0.9997757283008997	0.9997719061828471	-3.822118052609902e-06
1952	0.999945296873994	0.9999344761371453	-1.0820736848771162e-05
1953	0.9996314055852257	0.9990015504571341	-0.0006298551280915499
1954	0.9997325355584273	0.9998387003341402	0.0001061647757129025
1955	0.9995800542787716	0.9989808330573616	-0.0005992212214099846
1956	0.9996712168566565	0.9991012904102988	-0.0005699264463576714
1957	0.999331294632401	0.998215278117479	-0.0011160165149219914
1958	0.9994637776694513	0.9989012459695571	-0.0005625316998941754
1959	0.9998959025596054	0.9999426681043454	4.6765544740035025e-05
1960	0.9998364472343593	0.9998979072807532	6.146004639395741e-05
1961	0.9994174616808953	0.9982029695869281	-0.0012144920939671788
1962	0.9999472467482317	0.9999548062711439	7.559522912203853e-06
1963	0.9995783265912317	0.9990212942632805	-0.0005570323279512346
1964	0.9993246730689934	0.9989107332569224	-0.00041393981207105135
1965	0.9996474815331642	0.9990382087956152	-0.0006092727375489604
1966	0.9997326178505288	0.9997622867725	2.96689219712043e-05
1967	0.9993286920366129	0.9982317804575838	-0.0010969115790291362
1968	0.9998499554608596	0.999891537129973	4.1581669113388564e-05
1969	0.9994294185761747	0.9982159513332725	-0.0012134672429022775
1970	0.9996595321403944	0.9990100070407003	-0.0006495250996940705
1971	0.9994246864399661	0.9980811681051988	-0.001343518334767313
1972	0.9999012425478422	0.9999209791686592	1.9736620817001338e-05
1973	0.9995724481640628	0.9989314904190703	-0.0006409577449925097
1974	0.9993079527691325	0.9981088667508665	-0.0011990860182660157
1975	0.9996520803995406	0.99895204742691	-0.0007000329726305488
1976	0.999886730577797	0.9998984175870311	1.1687009234151446e-05
1977	0.9992477561769019	0.9980505333067557	-0.0011972228701461196
1978	0.999717694350599	0.9991296654274251	-0.0005880289231738889
1979	0.9998524671710589	0.9998905073723949	3.8040201336020374e-05
1980	0.99929902900011	0.9981232777206961	-0.001175751279413939
1981	0.9993635657748654	0.998857248461193	-0.0005063173136724552
1982	0.9996827967075788	0.9997125422356798	2.9745528101088325e-05
1983	0.99994746949121	0.9999845844964346	3.711500522451949e-05
1984	0.9998353525551711	0.9998945249336206	5.9172378449545704e-05
1985	0.999893998113891	0.9998888016729325	-5.1964409585325555e-06
1986	0.999893489281576	0.9998988728851655	5.383603589592667e-06
1987	0.9994193963190346	0.9988321600389389	-0.0005872362800957154
1988	0.999343115599083	0.9988035472781142	-0.0005395683209687974
1989	0.9993526338997789	0.9988743516522516	-0.0004782822475273285
1990	0.9999448234538245	0.9999379917680374	-6.831685787078712e-06
1991	0.9996059711123471	0.9990563726020731	-0.0005495985102739187
1992	0.9995486852149271	0.9983763262803168	-0.001172358934610318
1993	0.9993233185667467	0.9981130486305818	-0.0012102699361649094
1994	0.999405068642652	0.9982854246188346	-0.0011196440238173677
1995	0.9994923087111028	0.9982523265865719	-0.001239982124530914
1996	0.9997883287697923	0.999875803886081	8.747511628870441e-05
1997	0.9997242217835811	0.9997896360258038	6.541424222272774e-05
1998	0.9994784991498812	0.9983010074533877	-0.0011774916964935045
1999	0.9998852593247526	0.9998907303788254	5.471054072780923e-06
