draw	ref_metric	arm_metric	delta
0	0.9994446812632258	0.9993623237648945	-8.235749833129802e-05
1	0.9993998394558644	0.9992611174022088	-0.00013872205365561552
2	0.9998547213168136	0.9993753115409534	-0.00047940977586025113
3	0.9998989710815919	0.9994774960205174	-0.0004214750610744833
4	0.9998051241613588	0.9993317887752339	-0.000473335386124929
5	0.9995175766269303	0.9991195846045786	-0.00039799202235168973
6	0.9996833067330967	0.9984787394686495	-0.001204567264447176
7	0.9991876392034381	0.9995006894766401	0.00031305027320194245
8	0.9993788450151136	0.9993710365704035	-7.808444710155626e-06
9	0.999569431084239	0.9991394378466298	-0.00042999323760917196
10	0.9998997551448618	0.9996726835724936	-0.0002270715723682315
11	0.9996961036337997	0.9996981547823329	2.0511485332441737e-06
12	0.9995757288804429	0.9989278089006735	-0.0006479199797694291
13	0.999999628119962	0.9999998790574356	2.509374735781833e-07
14	0.9992139901837882	0.9995669947246778	0.000353004540889601
15	0.9996696543611217	0.9994653709373391	-0.0002042834237825364
16	0.9991750265640864	0.9991861890340926	1.1162470006209624e-05
17	0.9991662914230346	0.9991926666058469	2.6375182812343745e-05
18	0.9998521437967464	0.9994939917577262	-0.00035815203902012094
19	0.9996889404730653	0.9996136290969374	-7.531137612792893e-05
20	0.9992464611097762	0.9991388590684083	-0.00010760204136794904
21	0.9994165695891826	0.9994251664341873	8.596845004760212e-06
22	0.9992581337294079	0.9989890909917154	-0.0002690427376924598
23	0.9997974679475008	0.9991956750007657	-0.0006017929467351246
24	0.9996093192969169	0.9992646077614546	-0.00034471153546222766
25	0.999726633987199	0.9989782317210745	-0.0007484022661244927
26	0.9995883269448618	0.998905350409645	-0.0006829765352167616
27	0.9996819335051911	0.9995701648309365	-0.00011176867425455317
28	0.9997857904965659	0.9992823159267152	-0.0005034745698506704
29	0.999787396011084	0.9992002065406737	-0.0005871894704103653
30	0.999556013082666	0.9990023374754587	-0.0005536756072072047
31	0.9991721707465838	0.998637928026468	-0.0005342427201158184
32	0.9994865145427595	0.9993775973191454	-0.00010891722361405787
33	0.9996724312219758	0.998855619649148	-0.0008168115728277581
34	0.9993114400067213	0.998928706699824	-0.00038273330689730933
35	0.9995543594027829	0.9991615628355882	-0.0003927965671947087
36	0.9997352621509814	0.9987680197315949	-0.0009672424193865048
37	0.9998548282885876	0.9992547225415249	-0.0006001057470627069
38	0.9998258779083256	0.9993995140960391	-0.0004263638122864455
39	0.9993626023927858	0.9991434959611225	-0.00021910643166334065
40	0.9995936662766995	0.9991697548245054	-0.0004239114521941145
41	0.9995376839899808	0.9992254294591286	-0.0003122545308521518
42	0.9989861526765214	0.9985878996272717	-0.000398253049249675
43	0.9992904609668286	0.9996085746134421	0.00031811364661349373
44	0.999130961304503	0.9990728416828143	-5.811962168866813e-05
45	0.9997934377897295	0.9993720665243656	-0.00042137126536390124
46	0.999781573467881	0.9992983639651782	-0.00048320950270275276
47	0.9998419585134061	0.9994056186635067	-0.0004363398498993254
48	0.9995762345679271	0.9992989137474986	-0.00027732082042852824
49	0.9995569840697857	0.9991470527736346	-0.00040993129615107815
50	0.9996035990066787	0.9993680184602813	-0.0002355805463973848
51	0.9997117206078814	0.9996474273816123	-6.42932262691076e-05
52	0.9998395789216443	0.9994126018410043	-0.00042697708063998974
53	0.9997124414386654	0.9998000745973508	8.763315868531851e-05
54	0.9999988098017552	0.99999954618452	7.363827648765309e-07
55	0.999187881168596	0.9984896937319915	-0.0006981874366045471
56	0.9996299837462357	0.9994076433981812	-0.00022234034805446168
57	0.9996693220092021	0.9996205702703875	-4.8751738814578616e-05
58	0.9993022227558878	0.999214762366107	-8.74603897808024e-05
59	0.9992794740191194	0.9996755423459385	0.00039606832681904347
60	0.9998863502369996	0.9995097906355755	-0.00037655960142402023
61	0.9994829807945447	0.9987858455381787	-0.0006971352563659439
62	0.9997836343507013	0.9990500629909967	-0.0007335713597045324
63	0.9998047916782149	0.9994034736648798	-0.00040131801333509465
64	0.9997120466434162	0.9996324630997502	-7.95835436659953e-05
65	0.9998930659271177	0.9995239320455995	-0.00036913388151815774
66	0.9992873824164833	0.9988546709370454	-0.00043271147943790833
67	0.9990157321866816	0.9993455934233897	0.0003298612367080844
68	0.999498539419081	0.9990606484498658	-0.00043789096921520443
69	0.9996312216523545	0.9992317575588507	-0.0003994640935037763
70	0.9996650202903352	0.9995622758349683	-0.00010274445536695431
71	0.9996254915361782	0.9992611546913255	-0.00036433684485270845
72	0.9995800964010373	0.9994604488968258	-0.00011964750421145087
73	0.9997980156474032	0.9991542396274575	-0.0006437760199456966
74	0.9998976772171628	0.9996711129036936	-0.00022656431346923522
75	0.9998436384257263	0.9993511039701444	-0.00049253445558195
76	0.9999446723030772	0.9996883639071693	-0.00025630839590784493
77	0.9998542551026002	0.9994709730948237	-0.00038328200777648647
78	0.999201838554634	0.9994627143456382	0.00026087579100420033
79	0.9998456183150307	0.99932488317215	-0.0005207351428807572
80	0.9999500759028084	0.9998796619269363	-7.041397587204123e-05
81	0.9998938800381532	0.9996913511882204	-0.00020252884993277043
82	0.999466866382702	0.9985077414489621	-0.0009591249337398411
83	0.9993959069168805	0.9992656617055605	-0.00013024521131999034
84	0.9996777885918191	0.9986812476584105	-0.0009965409334086184
85	0.9997120904363112	0.9997189758219034	6.885385592236837e-06
86	0.9996978621615068	0.9996117331320272	-8.612902947957579e-05
87	0.9994680833964018	0.9997166716499402	0.000248588253538351
88	0.999948723882054	0.9998060577834348	-0.0001426660986192374
89	0.9993562989695186	0.9993451520485993	-1.1146920919302694e-05
90	0.9995293459700779	0.9989418772991642	-0.0005874686709137489
91	0.9998284440622961	0.9991589407774046	-0.0006695032848914595
92	0.9995991166693649	0.9994037044671494	-0.000195412202215417
93	0.9997884739226868	0.9990859499945782	-0.0007025239281085449
94	0.9993158401783042	0.9984153756351272	-0.0009004645431770486
95	0.9997110866860319	0.9997440268813743	3.294019534239023e-05
96	0.9994845367930089	0.999099133060062	-0.00038540373294682073
97	0.9999992977505039	0.9999996974809984	3.9973049448249753e-07
98	0.9994460265809996	0.9996993840475235	0.0002533574665238847
99	0.9994876389670292	0.9994535952408377	-3.404372619153495e-05
100	0.9997473357151005	0.999077127480483	-0.0006702082346174976
101	0.9995390199007657	0.9989695964840578	-0.0005694234167078482
102	0.999836509952545	0.9994480800615363	-0.0003884298910087347
103	0.9995888254861953	0.999349660916356	-0.0002391645698393008
104	0.9997277636492321	0.9990016647226551	-0.0007260989265770457
105	0.9996069367847212	0.9992687985283901	-0.00033813825633111083
106	0.9996640866797706	0.998788805535389	-0.0008752811443816233
107	0.9994431269825681	0.9993468111123494	-9.631587021874388e-05
108	0.9994205206161642	0.9996015568396726	0.00018103622350840176
109	0.9997725391713181	0.9999159675852057	0.00014342841388759187
110	0.9997636450393088	0.9999271822606761	0.00016353722136730475
111	0.9997323862153081	0.9989968056811203	-0.0007355805341878741
112	0.9995173487385096	0.9988528619263196	-0.0006644868121900016
113	0.9998912099807565	0.9995496759828597	-0.0003415339978968257
114	0.9995239178063287	0.9991863246869338	-0.00033759311939485226
115	0.9996807064767655	0.9986543427640703	-0.0010263637126952663
116	0.9995227743147963	0.999140319239981	-0.00038245507481526886
117	0.9992162948719961	0.9985855991101914	-0.0006306957618047448
118	0.9996988591176178	0.9997034641049867	4.604987368872493e-06
119	0.999999596804013	0.9999998502213828	2.534173698665043e-07
120	0.9997926206096819	0.9993183354731983	-0.0004742851364836209
121	0.9992729520077291	0.9988255509555192	-0.0004474010522099725
122	0.9993312459017079	0.9987843725384029	-0.000546873363304945
123	0.999376262119368	0.999144988295242	-0.0002312738241260215
124	0.9997782493995063	0.9990503006682446	-0.0007279487312616961
125	0.9997288988971202	0.9990211889071562	-0.000707709989964056
126	0.9999492716122458	0.9998733144572867	-7.595715495911648e-05
127	0.9998992374845609	0.9995831055260015	-0.0003161319585593958
128	0.9995222008600295	0.9998480471977922	0.0003258463377626697
129	0.9994971394769088	0.999495335250124	-1.8042267847517834e-06
130	0.9994701401932786	0.9996570153031015	0.00018687510982284827
131	0.9997826134325434	0.9994712496164186	-0.0003113638161247323
132	0.9998588416306957	0.9993284453275384	-0.0005303963031573211
133	0.999573200123001	0.9991214889182924	-0.0004517112047085492
134	0.9997097133855638	0.9996317970773185	-7.791630824527385e-05
135	0.9998982244894288	0.9996906726497614	-0.00020755183966736368
136	0.9990469570530697	0.999717124935731	0.0006701678826612767
137	0.9998900780450215	0.9995453815637312	-0.0003446964812903186
138	0.9997931695058448	0.9993037112459183	-0.0004894582599265229
139	0.9995213739511359	0.9990309967151183	-0.0004903772360176362
140	0.9997038920859438	0.999640643842675	-6.324824326875422e-05
141	0.9995382637920917	0.9991221447845682	-0.0004161190075234744
142	0.9996591296271716	0.9994271156205189	-0.00023201400665273653
143	0.9998529648297141	0.9994868573411364	-0.0003661074885776827
144	0.9999546895128657	0.9997253645951886	-0.0002293249176771317
145	0.9997178408780635	0.9997069165912206	-1.0924286842906028e-05
146	0.9996586626733097	0.9993861775151807	-0.0002724851581290544
147	0.999457557114919	0.9987044536759232	-0.0007531034389958169
148	0.9995552902300624	0.9990393005364205	-0.0005159896936418606
149	0.9995187942629076	0.9996441462053373	0.00012535194242968561
150	0.9998310824580803	0.9994547363275618	-0.0003763461305185123
151	0.9993616898783605	0.999474503348818	0.00011281347045755119
152	0.9995423400651995	0.9992169127879535	-0.0003254272772459377
153	0.9990650764342767	0.9990847623443222	1.968591004553044e-05
154	0.9997792035482278	0.9999406002057308	0.00016139665750303234
155	0.9993427596851492	0.9988754140791163	-0.00046734560603289843
156	0.9996616037660968	0.9994396806646068	-0.00022192310149005134
157	0.9999482198368483	0.9998843661006106	-6.385373623774004e-05
158	0.9995496526299744	0.9990422830716679	-0.0005073695583065474
159	0.9998952716275724	0.999537588025567	-0.0003576836020053875
160	0.9993304987270892	0.9991624359189986	-0.0001680628080906743
161	0.9997233029117487	0.9998210754586114	9.777254686271775e-05
162	0.9998396531200172	0.9992435606623735	-0.0005960924576436932
163	0.9994310237609211	0.9991901801323336	-0.00024084362858745045
164	0.9993078545950994	0.9989811146503079	-0.0003267399447914876
165	0.9991554856457491	0.999476933859244	0.0003214482134948904
166	0.9993934271289254	0.9993678691937499	-2.555793517555749e-05
167	0.9997831775510723	0.9992937889763912	-0.00048938857468106
168	0.9997838694199935	0.9994225849043313	-0.0003612845156621969
169	0.9997149358012563	0.9984970994855314	-0.0012178363157248073
170	0.9998557323302173	0.9992145394816642	-0.0006411928485531293
171	0.9995992410395134	0.9991709420675781	-0.00042829897193530364
172	0.999633705765142	0.9993469484998149	-0.00028675726532712
173	0.9995604327666944	0.9989644763913268	-0.000595956375367579
174	0.998807291149712	0.9987684013640928	-3.888978561916723e-05
175	0.9996180405202129	0.9991734110815871	-0.00044462943862577653
176	0.9996422348389459	0.9995645873597776	-7.764747916827464e-05
177	0.999646983626821	0.9996095217058439	-3.746192097708878e-05
178	0.9998428886302514	0.9993168133573812	-0.0005260752728701856
179	0.999740828051377	0.9989110533241321	-0.0008297747272448808
180	0.999943895244193	0.9998851455065114	-5.874973768160707e-05
181	0.9995531247932733	0.9992507996524252	-0.0003023251408480476
182	0.9999001491041175	0.9997763687519416	-0.0001237803521758618
183	0.9994209542780522	0.9985188708499465	-0.0009020834281057155
184	nan	nan	nan
185	0.9996673309147792	0.9996136757808999	-5.3655133879337846e-05
186	0.9995354945832715	0.9998618191372619	0.00032632455399039806
187	0.9998536374619654	0.9996814947287191	-0.00017214273324628326
188	0.9995094364946179	0.9996666464604083	0.0001572099657903836
189	0.9996980284493349	0.9996233448387292	-7.468361060569695e-05
190	0.9996134910124563	0.9994105905821046	-0.00020290043035176009
191	0.9999482753539274	0.9998710240416497	-7.725131227764859e-05
192	0.9995024053514319	0.999540085713228	3.76803617961885e-05
193	0.9996769563263247	0.9987530141760783	-0.0009239421502463818
194	0.9989576556329907	0.9980478970164789	-0.0009097586165117688
195	0.9993895332827291	0.9992507619740155	-0.0001387713087135367
196	0.9996320878355268	0.9994156164622641	-0.0002164713732627499
197	0.9992731184876064	0.9996990392841146	0.0004259207965082723
198	0.9994214038521085	0.9994449361148464	2.3532262737879783e-05
199	0.9998014438572573	0.9991570334704267	-0.0006444103868306073
200	0.9994982304736014	0.9996406115597554	0.00014238108615394207
201	0.9998460677579875	0.9994705116833469	-0.0003755560746405706
202	0.9996933318129834	0.9998003718409388	0.00010704002795547396
203	0.9996161648651607	0.9993542525939844	-0.0002619122711763344
204	0.9991939034761927	0.999621056356085	0.00042715287989225637
205	0.9993807292416018	0.9994237263617715	4.299712016964108e-05
206	0.9994132421571998	0.9994523951205748	3.9152963374977645e-05
207	0.9999506851941131	0.9998889046473949	-6.178054671823752e-05
208	0.9993289963042151	0.9990037283512385	-0.0003252679529766045
209	0.9993330266951671	0.9986959754047671	-0.0006370512904000369
210	0.9999484347896301	0.9997237170823806	-0.00022471770724952211
211	0.9993615686518421	0.999259543222136	-0.00010202542970616513
212	0.9999991286703666	0.9999997677131452	6.390427786939767e-07
213	0.9996888005809972	0.9994138857828777	-0.0002749147981194744
214	0.9994901659115913	0.9995462417985139	5.60758869225797e-05
215	0.9992809622099752	0.9996132235189424	0.00033226130896724104
216	0.9995105816981653	0.9992188220098217	-0.0002917596883436069
217	nan	nan	nan
218	0.9995125507571819	0.9989298133938193	-0.0005827373633626731
219	0.999947929769543	0.9997039333391097	-0.0002439964304333797
220	0.9996589090331232	0.9996777546234186	1.8845590295413217e-05
221	0.9998299171871404	0.9995519510940438	-0.00027796609309660436
222	0.999670018469018	0.9994764210022364	-0.00019359746678160317
223	0.9996300761686143	0.9986070209085888	-0.0010230552600255516
224	0.9994315817481744	0.9995952398178413	0.00016365806966689433
225	0.9994661304626704	0.9996695798011095	0.00020344933843907675
226	0.9996767972905201	0.9993588443390062	-0.0003179529515138224
227	0.9995021220562885	0.9997437296232164	0.00024160756692792607
228	0.9993207870778015	0.9991808663946201	-0.00013992068318136042
229	0.9996633863366005	0.999516786675385	-0.00014659966121544077
230	0.9994027722194647	0.9991721742875062	-0.00023059793195856493
231	0.9998981240336084	0.9996034798194259	-0.00029464421418257114
232	0.9997457782237369	0.9989754785620744	-0.0007702996616625324
233	0.9997817061643636	0.9988815150084487	-0.0009001911559148867
234	0.9996310426002859	0.9994774899003309	-0.0001535526999549841
235	0.9991689647166274	0.9994461853917262	0.00027722067509883264
236	0.9997291295809657	0.9998046345329354	7.550495196972928e-05
237	0.9997536688365342	0.9999214849278584	0.00016781609132421327
238	0.9990770001015012	0.9990632819779428	-1.3718123558437156e-05
239	0.9996119019392408	0.9993795888816717	-0.00023231305756910015
240	0.9988755232195234	0.9989031625169663	2.7639297442871857e-05
241	0.9992309203283988	0.999539237178067	0.00030831684966825534
242	0.9998921371300888	0.9995291738874568	-0.000362963242632075
243	0.9999441217990621	0.9996889898883219	-0.000255131910740225
244	0.9995332353438839	0.9994025334043516	-0.00013070193953235165
245	0.9998535005149496	0.9993800909125274	-0.0004734096024221479
246	0.9994935597215142	0.9986829771391528	-0.000810582582361441
247	0.9997632679015428	0.9999113704389855	0.00014810253744268476
248	0.9997327870390849	0.9990958930367936	-0.0006368940022912772
249	0.9999992003854496	0.9999996805904509	4.802050012076009e-07
250	0.998967931266999	0.9992567968731232	0.0002888656061241779
251	0.9998261230962876	0.9993302738291604	-0.0004958492671272019
252	0.9998394790611154	0.9992388576225724	-0.0006006214385430031
253	0.9994723248611782	0.9988357956987259	-0.0006365291624522706
254	0.9994667163709579	0.9993926457814115	-7.407058954633783e-05
255	0.999744647801654	0.9991192239252532	-0.0006254238764007436
256	0.9995047092365437	0.9991306156262916	-0.00037409361025209087
257	0.9999459355988408	0.9998070511649932	-0.00013888443384757476
258	0.9996292669801751	0.9995261452346896	-0.00010312174548543496
259	0.9994320539562557	0.9987221761391895	-0.0007098778170662179
260	0.9993633416775644	0.9991427865749453	-0.00022055510261909106
261	0.9996476784569208	0.9993218476331153	-0.00032583082380555073
262	0.9993231083889885	0.9990578113129578	-0.00026529707603073494
263	0.9997339542284044	0.9996252077723625	-0.00010874645604186384
264	0.9999403354247774	0.999797230029014	-0.00014310539576345427
265	0.9996227299966857	0.9996676577238894	4.4927727203769585e-05
266	0.9995772140422546	0.9992286639095874	-0.0003485501326672136
267	0.9996427970531725	0.9996122907294538	-3.050632371870421e-05
268	0.9994723453957022	0.9987442711612641	-0.000728074234438103
269	0.9998913865032819	0.999512530428558	-0.0003788560747238767
270	0.9994342025997607	0.9995400653642406	0.00010586276447988041
271	0.999890153680819	0.9995213837362226	-0.00036876994459644763
272	0.9999443504432262	0.9997982644676795	-0.00014608597554666147
273	0.9997402376222153	0.99900130706483	-0.0007389305573852756
274	0.9994846794633019	0.999085228798607	-0.0003994506646949336
275	0.9997572118146313	0.9993515609856148	-0.0004056508290164462
276	0.9994722192249806	0.9990665811025046	-0.0004056381224760708
277	0.9994087997955222	0.9985005390439472	-0.0009082607515750185
278	0.9995887942751864	0.9991343944830205	-0.00045439979216588267
279	0.9991101145092969	0.9989294057790674	-0.00018070873022946188
280	0.9994114703275055	0.9989259863994637	-0.00048548392804181884
281	0.999843186618173	0.9994294906360673	-0.00041369598210561076
282	0.9996365568515427	0.9995942283958481	-4.2328455694629064e-05
283	0.9993407085309316	0.9994542438443094	0.00011353531337776612
284	0.9999447491439063	0.999799655129873	-0.0001450940140332868
285	0.9991730560706993	0.9997151396578624	0.0005420835871631224
286	0.9997541419432309	0.9994271167823322	-0.00032702516089866407
287	0.9997990380030065	0.9990647269927513	-0.0007343110102552286
288	0.9997729287481663	0.9988170757567363	-0.0009558529914299729
289	0.9996520019334181	0.9993359145545702	-0.00031608737884791793
290	0.9997045916031755	0.9988148108091501	-0.0008897807940253522
291	0.9998351849368549	0.9991974841361085	-0.0006377008007463214
292	0.9993927815359365	0.9991455545259068	-0.0002472270100296603
293	0.9996661104240389	0.9986138479499257	-0.0010522624741131636
294	0.9997042403654627	0.9998080870175954	0.00010384665213269972
295	0.9997817409803541	0.9990503773717186	-0.0007313636086354602
296	0.9991309332025968	0.9982972930060194	-0.0008336401965773899
297	0.9993586350394991	0.9992700058791345	-8.86291603645617e-05
298	0.9997951635439243	0.9991701682048837	-0.0006249953390405905
299	0.9996742876238848	0.9993541194246816	-0.00032016819920321904
300	0.9991280176674084	0.9992544984384047	0.00012648077099630672
301	0.9988323389077369	0.9988452542669863	1.291535924941023e-05
302	0.999852876649321	0.9994321380864567	-0.0004207385628642868
303	0.9996619325879419	0.9994207241112903	-0.00024120847665154432
304	0.9999497214579732	0.9997076910866579	-0.00024203037131531602
305	0.9996148317880973	0.9994038126388547	-0.00021101914924259724
306	0.9997305411826074	0.9990222419273812	-0.0007082992552261969
307	0.9991251945484647	0.9990101221226455	-0.00011507242581920707
308	0.9995324163548722	0.9997185146353136	0.00018609828044136023
309	0.9998907790045	0.9997441695310351	-0.00014660947346489817
310	0.9997172964084504	0.9997272127677643	9.916359313910661e-06
311	0.9996459087542799	0.9995204033557648	-0.00012550539851519105
312	0.998975397434974	0.999135538946026	0.00016014151105203656
313	0.9993047452163907	0.9990832374389932	-0.0002215077773974894
314	0.9990673519948672	0.9991051945843324	3.784258946526453e-05
315	0.9999485357168107	0.9998828620140076	-6.567370280319285e-05
316	0.9997703629284838	0.9991495053698546	-0.0006208575586291731
317	0.999852776993866	0.9996584168088556	-0.00019436018501040042
318	0.9993977744807764	0.9990801305983242	-0.0003176438824521455
319	0.999740109952061	0.9999297951072168	0.00018968515515582762
320	0.9996174933140662	0.9994151052191498	-0.00020238809491646137
321	0.9996934163604437	0.9994695787421123	-0.0002238376183314461
322	0.9995864507578378	0.9992441548587754	-0.0003422958990624281
323	0.9995635848687628	0.9989913228777741	-0.0005722619909886983
324	0.999644483739104	0.9996529995190881	8.515779984175076e-06
325	0.9992330295218435	0.9993644610049288	0.00013143148308536468
326	0.999693964550345	0.9995666345318394	-0.00012733001850562253
327	0.9996858330045473	0.9994126143880073	-0.0002732186165399497
328	0.9995164297442475	0.9989809352692208	-0.0005354944750266544
329	0.9997108853317714	0.9998155907739105	0.00010470544213903032
330	0.9999091432575693	0.9996449183885349	-0.0002642248690344351
331	0.9995556796731545	0.9998291943293348	0.000273514656180307
332	0.9992010765624172	0.9985371786682631	-0.0006638978941541085
333	0.9996689822087459	0.9995450291214817	-0.00012395308726420584
334	0.9995421088515345	0.9992631429814576	-0.0002789658700769193
335	0.9996797810680053	0.9997662672701655	8.648620216022973e-05
336	0.9998438415486274	0.9995731722976957	-0.0002706692509316655
337	0.9997398802312308	0.9999014420702544	0.0001615618390236051
338	0.9994983020024866	0.9991510300249193	-0.0003472719775672317
339	0.9998436417811688	0.9994279644441837	-0.00041567733698510967
340	0.9994382471173224	0.9992805756704196	-0.00015767144690281842
341	0.9997847238981046	0.9992816237870983	-0.0005031001110062938
342	0.9999468255549845	0.9998825227526128	-6.430280237168517e-05
343	0.9999040347262026	0.9994027340591889	-0.0005013006670137043
344	0.9998439508488091	0.9994202348462913	-0.0004237160025177822
345	0.9990785257558816	0.998279433730453	-0.0007990920254286049
346	0.999895703579626	0.9995538832263178	-0.0003418203533082087
347	0.999234592168921	0.9993768512624239	0.00014225909350296106
348	0.999305394242542	0.9988115509548227	-0.0004938432877193977
349	0.9996496896904356	0.9994546680474419	-0.00019502164299367575
350	0.9993826051964689	0.9989717162833387	-0.00041088891313023623
351	0.9999996188443002	0.9999998626275683	2.437832681279062e-07
352	0.9987909653866164	0.9991122357867364	0.0003212704001199773
353	0.9998951959154353	0.9994172467734211	-0.0004779491420141557
354	0.999883393830062	0.999500486159829	-0.0003829076702329681
355	0.9996776530300612	0.9996087168074533	-6.893622260784049e-05
356	0.9997299788944282	0.999083840802438	-0.0006461380919902115
357	0.999124114007044	0.9993094071927705	0.00018529318572646503
358	0.9994949168324518	0.9998058462745238	0.00031092944207200546
359	0.9998223603693039	0.9995723283502905	-0.0002500320190134131
360	0.9997385081274116	0.9989205349736389	-0.0008179731537727442
361	0.9991396977286614	0.999491186950587	0.00035148922192562715
362	0.9995590972465165	0.9991776505532037	-0.00038144669331274805
363	0.9996770659975681	0.9988541062930997	-0.00082295970446844
364	0.9998391046786054	0.9994864904456809	-0.00035261423292443084
365	0.9996036661043267	0.9993842845180709	-0.00021938158625578463
366	0.9999502711416843	0.9998853398039366	-6.49313377477645e-05
367	0.999826176518459	0.9992695309888079	-0.0005566455296510675
368	0.9994749275966692	0.999743202973902	0.00026827537723272954
369	0.9998830070844578	0.9994934281603981	-0.00038957892405966366
370	0.9998923039450982	0.9996967174811457	-0.00019558646395245738
371	0.9997779568886959	0.9999255520273875	0.00014759513869166963
372	0.9997275387021104	0.9992848156303424	-0.00044272307176795866
373	0.9998959984839738	0.9993991935845635	-0.0004968048994102858
374	0.9995543987486857	0.9987482876446682	-0.0008061111040175151
375	0.9998405920856667	0.999385122907235	-0.00045546917843164447
376	0.9992341890070221	0.9989665340291978	-0.00026765497782432757
377	0.9994999399506059	0.9989498534258463	-0.0005500865247596298
378	0.9999443686395791	0.9998124551579898	-0.000131913481589363
379	0.9997886130836448	0.9991907174616974	-0.0005978956219473419
380	0.9995226263722147	0.9990844695334544	-0.0004381568387602508
381	0.9996902710544705	0.9990069894866297	-0.00068328156784081
382	0.9996528032024212	0.9991960436319577	-0.00045675957046353854
383	0.9998407611522085	0.999488514655408	-0.00035224649680054565
384	0.9993832789702396	0.9992087334782862	-0.00017454549195339286
385	0.9997627881263622	0.9991927468697352	-0.000570041256626963
386	0.9992500477786282	0.9987996722124912	-0.000450375566137029
387	0.9992608052799702	0.9988273051383914	-0.0004335001415788353
388	0.9996803804734237	0.9987881466505608	-0.0008922338228628535
389	0.9998962464549495	0.9997015144146092	-0.00019473204034026192
390	0.999248384488015	0.9989971417420893	-0.00025124274592569495
391	0.9997433877409891	0.9990512487989353	-0.0006921389420538882
392	0.9997531733091068	0.9992347271794544	-0.0005184461296524612
393	0.9999419962562442	0.9998128102279631	-0.00012918602828115855
394	0.9996234189402605	0.9993990376268029	-0.00022438131345758894
395	0.9996233486646557	0.9995699797098279	-5.336895482788151e-05
396	0.9994222851618786	0.9994615952606759	3.931009879731828e-05
397	0.9998358525234692	0.9994988359295807	-0.00033701659388851724
398	0.9997409419002378	0.9989164418462313	-0.0008245000540064717
399	0.999518754306956	0.9990032296566684	-0.000515524650287591
400	0.9996391671183509	0.9995184945945741	-0.00012067252377678805
401	0.9996629656611038	0.9983315932141255	-0.0013313724469783406
402	0.999898326724036	0.9995998076375208	-0.0002985190865152365
403	0.999362407375122	0.9995547381201284	0.00019233074500635272
404	0.9998998759322525	0.999708576843933	-0.0001912990883194965
405	0.9993987156543975	0.9993549592839012	-4.375637049636172e-05
406	0.9999454654811395	0.9998126437337537	-0.00013282174738582508
407	0.9996106243133995	0.9994277779209143	-0.00018284639248522527
408	0.9998324115630219	0.9995603541679969	-0.0002720573950250049
409	0.999769824668887	0.9999340632489532	0.0001642385800662005
410	0.9995382029599	0.9990382508172481	-0.0004999521426519715
411	0.9992011770357265	0.9995625289669378	0.000361351931211229
412	0.9999991865666669	0.9999997256605578	5.390938909721754e-07
413	0.9998119527014532	0.9993209156542296	-0.0004910370472235304
414	0.9998275507023127	0.9994212803321827	-0.0004062703701299686
415	0.9994427555698495	0.9995271724918251	8.441692197558304e-05
416	0.999999549557729	0.9999998569147607	3.0735703171469453e-07
417	0.9991837900693614	0.999735828187384	0.0005520381180226241
418	0.999953747728515	0.9998851525362256	-6.859519228941124e-05
419	0.999714725818084	0.9997966532872822	8.192746919821747e-05
420	0.9997539248183999	0.9999038506105183	0.00014992579211847712
421	0.9991627616127381	0.9990945287933588	-6.823281937928805e-05
422	0.9992281978487045	0.999136372408636	-9.182544006858251e-05
423	0.999891160771713	0.9996972286973557	-0.00019393207435736137
424	0.9998882544054533	0.9996669105751935	-0.0002213438302597348
425	0.9999467749626113	0.99987251634017	-7.425862244125891e-05
426	0.9995946523089172	0.999327594192666	-0.00026705811625116205
427	0.9998323792015894	0.9993577097240831	-0.0004746694775062954
428	0.9994232774820955	0.9985718406749594	-0.0008514368071360634
429	0.9996836895781631	0.9995158834698885	-0.00016780610827460407
430	0.9993494487807764	0.9989111253092635	-0.000438323471512847
431	0.9996309051514324	0.9994379121796249	-0.00019299297180752628
432	0.9995308853383033	0.9990620295021065	-0.0004688558361967132
433	0.9997364285826363	0.9999156945557843	0.00017926597314799064
434	0.9996628883553147	0.9996018142014818	-6.107415383294068e-05
435	0.9989275395562031	0.9986557169454355	-0.0002718226107675248
436	0.9991630536408534	0.9992883887220981	0.00012533508124468185
437	0.9999475131458667	0.999880552412153	-6.69607337137057e-05
438	0.9996976900548934	0.9996497481617089	-4.794189318446662e-05
439	0.9998826564040459	0.9995819266689131	-0.00030072973513284307
440	0.9997159107781367	0.9996381451089096	-7.776566922712558e-05
441	0.9994833015846117	0.9986130701148882	-0.0008702314697235369
442	0.9994345609972074	0.9986202173316686	-0.0008143436655387859
443	0.9992078878599853	0.9987373350620243	-0.0004705527979609325
444	0.9997819513405365	0.9999337051461041	0.00015175380556764484
445	0.9995697916323121	0.9993669978652059	-0.0002027937671061908
446	0.9996108924963135	0.999316941333023	-0.00029395116329056226
447	0.9996927459356658	0.9996330178159731	-5.9728119692681325e-05
448	0.9998815831461321	0.999614191087127	-0.000267392059005056
449	0.999895922081425	0.9996086278613632	-0.0002872942200617956
450	0.9996264434477957	0.9993174003702798	-0.00030904307751589144
451	0.9994141307067148	0.9992320847533465	-0.00018204595336834828
452	0.9996067054809348	0.9988871125178979	-0.0007195929630369191
453	0.9998953049588963	0.9996239028850659	-0.00027140207383047343
454	0.999847241156716	0.9993943091104341	-0.0004529320462818287
455	0.9998830521450564	0.9996744511698332	-0.0002086009752231277
456	0.9995670398738883	0.9988964514803708	-0.0006705883935175239
457	0.9994622024447716	0.9995774276813832	0.00011522523661167128
458	0.9994850278064261	0.9985774261310112	-0.0009076016754149263
459	nan	nan	nan
460	0.999946138444844	0.9997182319731304	-0.00022790647171366807
461	0.9997059600947025	0.9997471689403209	4.120884561842342e-05
462	0.9996800719688882	0.9989980973955458	-0.0006819745733424032
463	0.9994072866085761	0.9985594777228745	-0.0008478088857016841
464	0.9999012081479164	0.9996462438240634	-0.00025496432385296863
465	0.9997291495188867	0.9997583731153767	2.9223596490046688e-05
466	0.9998992166968562	0.9997656456875275	-0.00013357100932875898
467	0.9993379400383849	0.9990431374152452	-0.0002948026231397449
468	0.9994455024341481	0.9997172740346361	0.0002717716004879689
469	0.9996215564513612	0.9994751931676366	-0.00014636328372463758
470	0.9996895607059736	0.9988776932036674	-0.0008118675023062183
471	0.9995683331179243	0.9989792054186603	-0.0005891276992640027
472	0.9994259615875907	0.999293908043637	-0.00013205354395362523
473	0.9995892164659794	0.9991936152263512	-0.00039560123962822935
474	0.9997876977230987	0.9990139845390131	-0.0007737131840855893
475	0.9999484123503615	0.9998752234788576	-7.318887150387088e-05
476	0.9997466181646177	0.9990191070398835	-0.000727511124734237
477	0.9996514680522309	0.999430843818519	-0.0002206242337119413
478	0.9997919664815064	0.9992555814594815	-0.00053638502202491
479	0.9994623711170239	0.9990067629430047	-0.0004556081740191287
480	0.9999506955617776	0.9997071731037888	-0.00024352245798886507
481	0.9991098325859146	0.9992720228179374	0.00016219023202279637
482	0.9999416940435205	0.9998021699315548	-0.00013952411196571646
483	0.9995913623177378	0.9993764381697797	-0.00021492414795809545
484	0.9996574991936517	0.9995454921443928	-0.0001120070492588443
485	0.9995602681258925	0.9992763029007004	-0.00028396522519213985
486	0.9999508160557161	0.9998871428431747	-6.367321254141523e-05
487	0.9997131355129559	0.9989605321420819	-0.0007526033708740165
488	0.9997672149980499	0.9991261293603121	-0.0006410856377377927
489	0.9996576735517163	0.9995555259219544	-0.00010214762976190617
490	0.9990534282461482	0.9991712704491129	0.00011784220296473524
491	0.9994949630855894	0.9998375209070608	0.000342557821471412
492	0.9998976651902318	0.9996109645349037	-0.0002867006553280982
493	0.9996631028684664	0.9997142573491756	5.1154480709247885e-05
494	0.9999995575361491	0.9999998822753485	3.247391994198878e-07
495	0.9995977913993545	0.9992107769779658	-0.00038701442138866504
496	0.9995717805957318	0.999157211220117	-0.0004145693756147928
497	0.9999472257799268	0.9997303292552028	-0.00021689652472400844
498	0.9997333829876928	0.9989929515202692	-0.0007404314674235302
499	0.9995496052852099	0.9991447209112343	-0.000404884373975567
500	0.999886466047576	0.9995213085567832	-0.00036515749079280013
501	0.9997817964026608	0.99922844879141	-0.0005533476112508096
502	0.9994537297320512	0.99931431587566	-0.00013941385639115733
503	0.9997350576771962	0.9987962695078102	-0.0009387881693859734
504	0.9998912249635917	0.9994361753399952	-0.00045504962359654844
505	0.99987741931781	0.999506303555735	-0.00037111576207504715
506	0.9988896425540184	0.9988811720650926	-8.470488925715891e-06
507	0.9992583309002088	0.9990215817018382	-0.00023674919837057828
508	0.9995820175925811	0.999343319785452	-0.00023869780712915123
509	0.9999488021543735	0.9997213800034388	-0.00022742215093474183
510	0.9993014243182315	0.9990246833224179	-0.0002767409958136513
511	0.9997810714825823	0.9999296623906417	0.00014859090805940944
512	0.9997851144019225	0.9992890026099116	-0.0004961117920109226
513	0.9995008672910001	0.9989955620268945	-0.0005053052641055267
514	0.9990962857122092	0.9988906166909596	-0.0002056690212496326
515	0.9995935886886232	0.9990975553913908	-0.0004960332972324677
516	0.9999464760804678	0.9998193143597353	-0.00012716172073257148
517	0.9997300759927377	0.9992419213192567	-0.0004881546734809561
518	0.9994854996055845	0.9987859696917376	-0.0006995299138469191
519	0.9993013864833867	0.9990371969215449	-0.0002641895618418211
520	0.9998361939590551	0.9992769728410221	-0.0005592211180329709
521	0.9996270280606562	0.9994088788315058	-0.00021814922915042168
522	0.9993788036276321	0.9985787303119912	-0.0008000733156409146
523	0.9991984024354246	0.9993765997228251	0.00017819728740053886
524	0.9994684072634583	0.9995078633937888	3.9456130330517425e-05
525	0.9998987177944115	0.9995401689752229	-0.0003585488191886199
526	0.9995822232411437	0.9998624149051768	0.000280191664033147
527	0.9998481187087145	0.9993976156617934	-0.00045050304692106913
528	0.9997032965874039	0.9997345709030944	3.127431569049932e-05
529	0.9997972618209983	0.9999339648059219	0.0001367029849236312
530	0.999583897728894	0.9992875296959628	-0.0002963680329312046
531	0.9995406657204503	0.9988552053988132	-0.0006854603216370769
532	0.9994608643482824	0.999589018338081	0.00012815398979859616
533	0.9995531567594709	0.9992155816203558	-0.0003375751391150317
534	0.9998250400990468	0.9994655033376191	-0.0003595367614277478
535	0.9998492797269489	0.9993470009189098	-0.0005022788080391027
536	0.9998941890602624	0.9995169728176851	-0.0003772162425772496
537	0.9992518039662	0.9987337574744142	-0.000518046491785773
538	0.9996789592070375	0.9987709196678497	-0.0009080395391878326
539	0.9994497218194861	0.9996124819709613	0.00016276015147520528
540	0.9995385200904849	0.9984898142798291	-0.0010487058106558589
541	0.9997619390859523	0.9990715807064763	-0.0006903583794760637
542	0.9996939808386053	0.9988287466495103	-0.0008652341890950099
543	0.9997332842588342	0.9988275276474458	-0.0009057566113884752
544	0.9998429710246782	0.9994879618924197	-0.00035500913225849917
545	0.9992411720852716	0.9996552843722951	0.00041411228702348257
546	0.9996005187202657	0.9992902937523793	-0.00031022496788635223
547	0.9995808809488556	0.9992907475817377	-0.00029013336711780635
548	0.9992949191945912	0.9991158921087572	-0.00017902708583406035
549	0.9999525792453433	0.9998888792280642	-6.370001727906693e-05
550	0.9995100756159939	0.9988057554834021	-0.0007043201325918069
551	0.9996353911690851	0.9985065462384521	-0.0011288449306329218
552	0.9995309125922845	0.9991008920229879	-0.0004300205692966408
553	0.9997108820788733	0.9997973819117157	8.649983284247931e-05
554	0.9999453823487645	0.9997060567187607	-0.00023932563000383933
555	0.9995046960429003	0.9988108704493309	-0.0006938255935693416
556	0.9997038853064	0.9996932777305673	-1.0607575832710658e-05
557	0.9992731588811796	0.9988116568593546	-0.0004615020218250443
558	0.9995851561100073	0.9994219727083417	-0.00016318340166565637
559	0.9992823955783463	0.9986489582002396	-0.0006334373781067271
560	0.9998936496202075	0.9996004983245764	-0.0002931512956311222
561	0.9992657425001299	0.9985700168085707	-0.0006957256915591792
562	0.9992942594097005	0.9989468050217083	-0.00034745438799221873
563	0.9996285078463921	0.9995832618315731	-4.5246014819033675e-05
564	0.9998754709165422	0.9995993520339798	-0.0002761188825624039
565	0.9996307969065974	0.9995304510947538	-0.00010034581184359403
566	0.9992738218926385	0.9988177792650899	-0.000456042627548614
567	0.999944784781488	0.999701519065899	-0.00024326571558896948
568	0.9997628711699519	0.9989794820082616	-0.0007833891616902955
569	0.9996720661978518	0.9996905485766705	1.8482378818740486e-05
570	0.9993766561610435	0.9995142389590209	0.00013758279797737583
571	0.9995649400573061	0.9991674285370739	-0.0003975115202322632
572	0.9991321200886555	0.9992153663583385	8.324626968303495e-05
573	0.9994437463804132	0.9994463495955819	2.6032151686505856e-06
574	0.9995980450046316	0.9993294827098268	-0.0002685622948047639
575	0.9994537613790953	0.9995083583981406	5.4597019045310446e-05
576	0.998832352217898	0.9983764309298103	-0.0004559212880876906
577	0.9994261017682152	0.9986597606129397	-0.0007663411552755184
578	0.9995586766221555	0.9994634275285356	-9.524909361990908e-05
579	0.9995978181265182	0.999390459043269	-0.00020735908324920338
580	0.9999027787992245	0.9995070359653221	-0.0003957428339024238
581	0.9997211320334498	0.9989497734682115	-0.0007713585652383559
582	0.9998893905086556	0.9994660299796454	-0.00042336052901015275
583	0.9991108554567038	0.9992680738578579	0.00015721840115412444
584	0.9991860162483818	0.9992572960448319	7.127979645016325e-05
585	0.9993938652818272	0.9994501511580657	5.628587623851544e-05
586	0.999295378118402	0.9996260166851842	0.000330638566782282
587	0.9997385500770207	0.9987174305514116	-0.0010211195256091266
588	0.9995602504761051	0.9991885895432705	-0.00037166093283458324
589	0.9997766156636027	0.9991221362451935	-0.0006544794184091263
590	0.9997369730018585	0.999690519447371	-4.6453554487513316e-05
591	0.9997204200558338	0.9996509201614114	-6.94998944223979e-05
592	0.9994674738767326	0.9997239880215304	0.00025651414479777035
593	0.9996879883110493	0.9989784444306203	-0.0007095438804289866
594	0.999688911279286	0.9996552704337046	-3.364084558143965e-05
595	0.9996147524034191	0.9993615778177898	-0.00025317458562934547
596	0.9991069673227939	0.9990055805938992	-0.00010138672889470346
597	0.9995330753801152	0.9988620289145298	-0.0006710464655853565
598	0.9996724029823641	0.9996332447061184	-3.9158276245787604e-05
599	0.9999454436366308	0.9998097557293383	-0.00013568790729256985
600	0.9993589139253604	0.9993237935450131	-3.512038034725329e-05
601	0.9995510811700653	0.9993157180792461	-0.00023536309081917395
602	0.9998990931660899	0.9997061898301653	-0.00019290333592458797
603	0.9995489005844208	0.9990499342714894	-0.0004989663129314481
604	0.9994592425494374	0.9995836232942623	0.00012438074482490347
605	0.9992133148856068	0.9993543252064457	0.00014101032083890797
606	0.9998925667778595	0.9997150527717711	-0.0001775140060884528
607	0.9996992748200497	0.9994999339718373	-0.00019934084821238152
608	0.9992371135306997	0.9986561255237139	-0.0005809880069858053
609	0.999949449378843	0.9998842703225879	-6.517905625513798e-05
610	0.9991978314387919	0.9980610799250058	-0.0011367515137861162
611	0.9998339604690244	0.9994914690525157	-0.0003424914165086612
612	0.9997375373412258	0.998929709972973	-0.0008078273682528003
613	0.9999043892498491	0.9997715184775808	-0.000132870772268312
614	0.999834327414877	0.9996334982714118	-0.00020082914346519765
615	0.9993536242720085	0.9992605347219827	-9.308955002573782e-05
616	0.9995397161866907	0.9990608657926245	-0.0004788503940661437
617	0.9996458123889207	0.9996052893883393	-4.052300058143832e-05
618	0.9994857926002274	0.9992836040044483	-0.00020218859577914028
619	0.999326761037088	0.9997761939668314	0.00044943292974342075
620	0.9996821619361925	0.999680406517443	-1.7554187494717155e-06
621	0.9999517383853849	0.999886339939214	-6.53984461708168e-05
622	0.999685979899001	0.999471627883543	-0.00021435201545794147
623	0.9997702626405686	0.9990614456771457	-0.0007088169634228425
624	0.9994746973061263	0.9988883038144398	-0.0005863934916864322
625	0.9992368246114803	0.999346706835611	0.00010988222413066406
626	0.9997796273627352	0.9992038073397604	-0.0005758200229747379
627	0.9999381861565284	0.9997947523740479	-0.00014343378248049543
628	0.999707691056531	0.9997964832972674	8.879224073643499e-05
629	0.9998886206328652	0.999683027310563	-0.00020559332230218885
630	0.9997399216324162	0.9999094860894328	0.00016956445701654665
631	0.9995721072219458	0.9992644798554744	-0.0003076273664713858
632	0.9997016685958597	0.9996108718476436	-9.079674821610428e-05
633	0.9996262292327219	0.9993765524808422	-0.0002496767518797016
634	0.9991677469835925	0.9995051066533743	0.00033735966978187815
635	0.999948981315518	0.9997273310191429	-0.0002216502963751088
636	0.9994928158488969	0.9989226269674412	-0.0005701888814557687
637	0.9997972233072825	0.9991958415485644	-0.0006013817587180448
638	0.9999062795025471	0.9996544280139065	-0.0002518514886405976
639	0.9996679318783163	0.9993561042388049	-0.00031182763951131953
640	0.9994223387390947	0.9990434961212243	-0.00037884261787035634
641	0.9994855788167378	0.9991235370579689	-0.0003620417587689717
642	0.9993286206287665	0.9988354114283339	-0.0004932092004326094
643	0.9994975980872999	0.9989098037399703	-0.0005877943473295844
644	0.9997897904348282	0.99993755831961	0.00014776788478176872
645	0.9997858770531891	0.9990722573833407	-0.0007136196698483976
646	0.9998994394453786	0.9995906364427661	-0.00030880300261248994
647	0.9994976737409853	0.9988707802286316	-0.0006268935123536767
648	0.9993939672404039	0.9992819295114513	-0.00011203772895251873
649	0.999844905816806	0.9993346430958262	-0.0005102627209797594
650	0.999944543400874	0.9997997264468054	-0.00014481695406864947
651	0.9996198717407087	0.9991239759552629	-0.0004958957854457324
652	0.99967827576659	0.99899787642241	-0.0006803993441799605
653	0.9996481369619139	0.9995084247482229	-0.00013971221369102338
654	0.9998904910669152	0.9994308316480892	-0.00045965941882597505
655	0.9998832420975369	0.9994960273903237	-0.000387214707213146
656	0.999606478446001	0.9994666268909284	-0.00013985155507267866
657	0.9995807634949613	0.9995044459403629	-7.631755459835965e-05
658	0.9995728782412774	0.999123854954282	-0.00044902328699536476
659	0.9999463688269908	0.9998044879600064	-0.00014188086698441182
660	0.9991635511232883	0.9990880927568262	-7.545836646205561e-05
661	0.9987735937156177	0.998164853021834	-0.0006087406937836937
662	0.9997249253031528	0.999666447138235	-5.847816491777458e-05
663	0.9995670069671896	0.9993470340817546	-0.0002199728854349603
664	0.9994809675754643	0.9989815929549988	-0.0004993746204655647
665	0.9998539899788063	0.9991114429286719	-0.0007425470501343234
666	0.9993668541994989	0.9993203959635322	-4.645823596671761e-05
667	0.9992913493704084	0.9997580352103331	0.0004666858399247076
668	0.9995898591548439	0.9990712791773959	-0.0005185799774479749
669	0.9996899196675589	0.9994978076025889	-0.0001921120649700514
670	0.9995951089287642	0.9995055789069837	-8.953002178058167e-05
671	0.9994027116334757	0.9984016772580598	-0.0010010343754158768
672	0.9998444564575478	0.9994337805459225	-0.00041067591162535777
673	0.9994804818606359	0.9996623191249886	0.0001818372643527244
674	0.9994608832904154	0.998819370362413	-0.0006415129280024079
675	0.9998962996605935	0.9994455326132825	-0.0004507670473109515
676	0.9996568028524373	0.9986736118891715	-0.0009831909632658231
677	0.9995125697414727	0.9990079518196031	-0.0005046179218696212
678	0.9997057903529551	0.9991136474136252	-0.0005921429393299649
679	0.9996481958717607	0.9995186295403997	-0.00012956633136096407
680	0.9997794661635334	0.9992758009790251	-0.000503665184508284
681	0.9993959580807624	0.9993701869730144	-2.5771107748040478e-05
682	0.9998428628217132	0.9996074417981615	-0.00023542102355167405
683	0.99994982763986	0.9997417107781508	-0.00020811686170918442
684	0.9994585879607438	0.9987256928085764	-0.0007328951521674565
685	0.9995657453310394	0.99914843481249	-0.00041731051854931867
686	0.9998823361966381	0.9996504548698134	-0.0002318813268247233
687	0.999624389574924	0.999246458510771	-0.00037793106415306976
688	0.9994441290936793	0.9996973118930378	0.00025318279935848675
689	0.9994287152711538	0.9986049948442529	-0.0008237204269009313
690	0.9999431971602359	0.9998142757441928	-0.00012892141604314844
691	0.9996488977021679	0.9996918165050601	4.291880289220007e-05
692	0.9993022892088834	0.99898576246185	-0.00031652674703341876
693	0.999394964392449	0.9993675691451652	-2.739524728379017e-05
694	0.9994118084614318	0.9991510734708197	-0.0002607349906121881
695	0.999946636299036	0.9998113452085576	-0.0001352910904783844
696	0.9995460613002837	0.9992011647293675	-0.00034489657091618664
697	0.9999465542060116	0.9997291876925227	-0.00021736651348891467
698	0.9998932565207108	0.9995119352848236	-0.0003813212358871887
699	0.9996675842616516	0.999434474999026	-0.00023310926262554155
700	0.9998565328188834	0.9995437064128829	-0.00031282640600049927
701	0.9998433411319184	0.9994874492118913	-0.00035589192002716263
702	0.9988982588314002	0.9985933550221802	-0.00030490380921999183
703	0.9999182041330528	0.9994786374696218	-0.00043956666343092365
704	0.9992154741521808	0.9993163333807867	0.00010085922860592067
705	0.9995057728437279	0.9989892940868573	-0.0005164787568705531
706	0.9996001909028507	0.9992941429789266	-0.00030604792392407987
707	0.9996904828377585	0.9987458778406962	-0.0009446049970622816
708	0.9994868743702114	0.9994840086384124	-2.8657317990843367e-06
709	0.9995881273320919	0.9992797457511323	-0.00030838158095958246
710	0.9996680206731395	0.998840122514759	-0.00082789815838058
711	0.9999996255815592	0.9999998563295812	2.307480220231639e-07
712	0.9998487131987099	0.9993848021236713	-0.0004639110750386255
713	0.999692668052618	0.9997111276371305	1.8459584512520166e-05
714	0.999688364921786	0.999662300137995	-2.6064783791079904e-05
715	0.9992533784097829	0.9986904392697514	-0.0005629391400314709
716	0.9995393234100238	0.9992442710770812	-0.00029505233294258026
717	0.9998382566980365	0.9994740347398665	-0.0003642219581699857
718	nan	nan	nan
719	0.9997151737950886	0.9991154547552628	-0.0005997190398258079
720	0.9996613260456093	0.9996236867005878	-3.763934502154509e-05
721	0.9996746466631483	0.9994342510847073	-0.00024039557844102166
722	0.9998907895055645	0.9995035047935517	-0.00038728471201288084
723	0.9998520106918405	0.9993431755036799	-0.0005088351881605835
724	0.9997902511267361	0.9991833925487676	-0.0006068585779684943
725	0.9999492527652533	0.9998194304573702	-0.00012982230788305404
726	0.9995476284884388	0.9990129663284963	-0.0005346621599424672
727	0.9997965664343744	0.9993534883798486	-0.00044307805452581395
728	0.9991168406264522	0.9989625772667069	-0.00015426335974533245
729	0.9997770075767236	0.9991378094832454	-0.0006391980934782326
730	0.9994315892419594	0.9984905453831802	-0.0009410438587792447
731	0.9989296349257253	0.9982271104716464	-0.0007025244540789233
732	0.9995176335363515	0.9989391439517944	-0.0005784895845570848
733	0.9997059527949888	0.9997055248978022	-4.2789718657232356e-07
734	0.9993224296169376	0.9997764279520999	0.0004539983351622423
735	0.9996888734778789	0.9996009316644323	-8.794181344662366e-05
736	0.9996021440989461	0.999048273640791	-0.0005538704581551368
737	0.9995516187938672	0.9990899709510199	-0.0004616478428473014
738	0.9993822807020027	0.9992056820488201	-0.0001765986531826469
739	0.9997518466826802	0.999134386540505	-0.0006174601421752302
740	0.999949821551955	0.9997312538541279	-0.00021856769782713226
741	0.9996574985647829	0.9996147227540774	-4.277581070555314e-05
742	0.999626788470114	0.9995402735040814	-8.651496603262476e-05
743	0.99957583153928	0.9990612328346595	-0.0005145987046204503
744	0.9990229321332393	0.9989088589510048	-0.0001140731822345531
745	0.9998994742117778	0.9996278234052256	-0.00027165080655222607
746	0.999777732853794	0.9992271358478111	-0.0005505970059829224
747	0.9992650084752982	0.9990353483199017	-0.00022966015539649387
748	0.9993556309743054	0.9990847954844515	-0.000270835489853849
749	0.9991684458352036	0.9993420182380922	0.00017357240288862208
750	0.9992853993820493	0.9991603311492234	-0.00012506823282587565
751	0.9996696478951904	0.9995026781229446	-0.00016696977224583964
752	0.9998489925288176	0.9992688905846271	-0.0005801019441905586
753	0.9991565527539328	0.9990055130131571	-0.0001510397407756825
754	0.9998198053424597	0.9992272317057781	-0.000592573636681637
755	0.9993764413772034	0.9990013145404074	-0.00037512683679596925
756	0.9999451454980642	0.9998836406951791	-6.150480288513727e-05
757	0.9998458492912751	0.9993815800510116	-0.0004642692402634374
758	0.9993748291483826	0.9994503321716315	7.550302324887959e-05
759	0.9995063322180376	0.9989148283913681	-0.0005915038266695039
760	0.9994360497104648	0.9986957391344375	-0.0007403105760273032
761	0.9997462453058897	0.9992108255247804	-0.0005354197811093808
762	0.9995901210123995	0.9993186086603794	-0.00027151235202016455
763	0.99984952435525	0.999366084171821	-0.00048344018342894035
764	0.9991789886573466	0.9992638947370194	8.49060796728196e-05
765	0.99937270387566	0.9995008705177495	0.0001281666420894778
766	0.9994546897778963	0.9994256286956921	-2.9061082204240307e-05
767	0.9997562727808686	0.9993428796176911	-0.0004133931631775667
768	0.9996465692660632	0.9994781959735608	-0.00016837329250241062
769	0.9999444333554375	0.9998884468362833	-5.5986519154171965e-05
770	0.9995493078899862	0.9994383781645033	-0.00011092972548287783
771	0.9997698839542218	0.9992471160648292	-0.0005227678893926502
772	0.9995824169361763	0.9991843836259117	-0.00039803331026466715
773	0.999794312431759	0.9992262657837593	-0.0005680466479996982
774	0.9990836504591093	0.9991176596993107	3.4009240201360313e-05
775	0.9993637382424966	0.9992899109890608	-7.382725343574315e-05
776	0.999847208966817	0.9996384345334809	-0.0002087744333361119
777	0.9990315222990471	0.998847013522147	-0.00018450877690012746
778	0.9996053447246597	0.9992915860379746	-0.0003137586866850395
779	0.9996195139913636	0.9995115695480392	-0.00010794444332440367
780	0.9999395593378907	0.9997935413472503	-0.00014601799064040133
781	0.9995531853232424	0.9994452192819261	-0.00010796604131635412
782	0.9997329010406516	0.9989120472675412	-0.0008208537731103638
783	0.9994031524666036	0.998624561172323	-0.000778591294280595
784	0.999626496551094	0.9994060453323846	-0.00022045121870939433
785	0.9997625733233129	0.9994142799518118	-0.0003482933715011072
786	0.9998400414742697	0.9995000432512484	-0.00033999822302133165
787	0.9995972349287606	0.9992191470909677	-0.00037808783779291755
788	0.9996627077935978	0.9996725508400839	9.843046486102125e-06
789	0.9995836827023005	0.9992744553048111	-0.00030922739748939776
790	0.9996871519499952	0.9994505838341071	-0.00023656811588812499
791	0.9994749459279952	0.9990611527736828	-0.00041379315431244734
792	0.9996366327298357	0.9994506658172158	-0.00018596691261996146
793	0.9983332426244935	0.9984764027041543	0.0001431600796607535
794	0.9996401199313388	0.9994599949226092	-0.00018012500872965909
795	0.9998519478256768	0.999279324754423	-0.0005726230712537195
796	0.9997321245025406	0.9998201603530223	8.803585048178242e-05
797	0.9987905145123366	0.9980375582103913	-0.0007529563019452734
798	0.9992197536021367	0.9990362054350328	-0.00018354816710386412
799	0.9999486716395496	0.9998083656444331	-0.00014030599511649644
800	0.9995120218249276	0.9990739441589158	-0.00043807766601178244
801	0.9997735084079756	0.9999114054043313	0.00013789699635569086
802	0.9998533412582713	0.9993113998481588	-0.0005419414101125453
803	0.999490869125792	0.9997169523377397	0.00022608321194772518
804	0.9996718289594015	0.9996054555100099	-6.637344939164347e-05
805	0.9997915142964645	0.9992479045017121	-0.000543609794752431
806	0.999609457177544	0.9994982259140116	-0.00011123126353240753
807	0.9998453789493092	0.9993381380683071	-0.00050724088100218
808	0.9996923857752623	0.9994936041487231	-0.00019878162653919063
809	0.9997463075455482	0.9997422132114182	-4.094334129955968e-06
810	0.9996621543523159	0.9996033049644502	-5.884938786571148e-05
811	0.999674054554783	0.9991712100831934	-0.0005028444715895475
812	0.9997327946887978	0.9997413814996833	8.586810885446994e-06
813	0.9996844054028092	0.9989754947384054	-0.0007089106644038168
814	0.9994002588603046	0.9996046063605633	0.00020434750025866144
815	0.999571667699843	0.9991987592696203	-0.0003729084302226404
816	0.999798401793269	0.9993137028812225	-0.0004846989120464995
817	0.9996518412272594	0.9992728080039499	-0.0003790332233094551
818	0.9991276437195308	0.9982488887285171	-0.0008787549910136416
819	0.9995971840046958	0.9989653515011784	-0.0006318325035173933
820	0.9999445896661018	0.9998144998536895	-0.00013008981241224848
821	0.9992178758950552	0.9987828270070935	-0.0004350488879616421
822	0.9998870182794677	0.9996783535010466	-0.0002086647784210749
823	0.9994202201463872	0.9994467057815156	2.648563512841484e-05
824	0.9998392585779203	0.9992694728192459	-0.0005697857586743904
825	0.9998828014473672	0.9995393291942435	-0.0003434722531237
826	0.9994950793658166	0.9989281147145626	-0.0005669646512540538
827	0.9995233950730882	0.9992175771541381	-0.0003058179189501242
828	0.999715800966734	0.9997457113090181	2.9910342284167335e-05
829	0.9993589165270187	0.9992487763793345	-0.00011014014768417901
830	0.9999037789669389	0.999528387660405	-0.00037539130653396757
831	0.999948862760256	0.9997271669327158	-0.00022169582754016925
832	0.9996380663254535	0.9995109910482072	-0.0001270752772463135
833	0.999643411353662	0.9988354211504425	-0.0008079902032194219
834	0.9990027961185752	0.9990826276617005	7.983154312529717e-05
835	0.9998329015847937	0.9992193370820871	-0.0006135645027065539
836	0.9997248208603843	0.9996254810424047	-9.933981797960456e-05
837	0.9997017103054329	0.9998053475899061	0.00010363728447326803
838	0.999880841857131	0.9996178619508396	-0.0002629799062914273
839	0.9993279107372499	0.9991723724983488	-0.00015553823890113172
840	0.9996030873844945	0.9995134390141712	-8.964837032332529e-05
841	0.9996287502860313	0.9995939371745483	-3.4813111483011916e-05
842	0.9999440458334217	0.9997266994086994	-0.0002173464247222645
843	0.9988550206634724	0.9989640782558991	0.00010905759242663127
844	0.9995799926219715	0.9990882626192811	-0.000491730002690427
845	0.9997751644450527	0.9994219865950682	-0.000353177849984454
846	0.9998311461322301	0.9994168807052709	-0.000414265426959215
847	0.9998955961443134	0.9995570081140559	-0.00033858803025754725
848	0.9996672595512415	0.999500797978642	-0.00016646157259947447
849	0.9997372833379332	0.9991624005428483	-0.0005748827950848856
850	0.9994770903193575	0.9992138058111283	-0.00026328450822921123
851	0.9998940984481575	0.9993769786360766	-0.0005171198120809128
852	0.9997445726748467	0.9990570458040987	-0.0006875268707480231
853	0.9992138677012183	0.9988231833575734	-0.00039068434364497584
854	0.9996220363419047	0.9992089811597789	-0.00041305518212586545
855	0.999895266696018	0.9993679901569927	-0.0005272765390252898
856	0.9997513826824355	0.9999067325461268	0.0001553498636913675
857	0.999770331098158	0.9993434996052968	-0.0004268314928612682
858	0.9992302619242328	0.9997335246752542	0.000503262751021416
859	0.9997446024304731	0.9991885805833604	-0.0005560218471127865
860	0.9998917955997416	0.9997404613931772	-0.0001513342065644352
861	0.9997671792172289	0.9987591374088095	-0.001008041808419402
862	0.9996128741185728	0.9992385274237333	-0.0003743466948394891
863	0.9999996197310766	0.9999998196208058	1.9988972910223168e-07
864	0.9996525058191029	0.999429259078571	-0.00022324674053186833
865	0.9992905842491719	0.998980044761876	-0.0003105394872959799
866	0.9992778066081266	0.9989079023807782	-0.00036990422734839434
867	0.9997386704375998	0.9998269089150285	8.823847742867041e-05
868	0.9995333513397054	0.9986135616540655	-0.0009197896856399934
869	nan	nan	nan
870	0.9998961126582003	0.9995488185862975	-0.000347294071902815
871	0.9998272268077895	0.9993374344137824	-0.0004897923940070381
872	0.9991910478617841	0.9993181384379867	0.0001270905762025265
873	0.9999434707446855	0.999806460864129	-0.00013700988055642682
874	0.9998909134684448	0.9996169837346799	-0.0002739297337649438
875	0.9999448127418832	0.9998107441786126	-0.00013406856327058403
876	0.9998573216243287	0.9994521179421683	-0.0004052036821604599
877	0.9997783406837576	0.9992691263491076	-0.00050921433465001
878	0.9995606567727918	0.9991940083046404	-0.00036664846815137597
879	0.9994948181128755	0.9997390594634504	0.00024424135057488083
880	0.9997916525393152	0.9990450119634326	-0.0007466405758825845
881	0.9998890446907576	0.9996852207286938	-0.00020382396206375386
882	0.9994882488841079	0.9988418216490661	-0.0006464272350418243
883	0.999149445948129	0.9990400575690934	-0.00010938837903562426
884	0.9993782264143956	0.9987147965406837	-0.0006634298737118183
885	0.9996084044878378	0.9991775501867766	-0.00043085430106126754
886	0.9995816851130785	0.9993304298978938	-0.0002512552151847647
887	0.9993237634671248	0.9988301247874488	-0.0004936386796760006
888	0.9997329735746282	0.999039038226107	-0.0006939353485212463
889	0.9998450801943476	0.9994100418324635	-0.00043503836188407696
890	0.9998520474435036	0.9993088641771903	-0.0005431832663133074
891	0.9994226348915143	0.9993786528694372	-4.398202207711588e-05
892	0.9996219084034784	0.999261783427429	-0.00036012497604942517
893	0.9996425124110101	0.9993687656564734	-0.00027374675453673003
894	0.9996496757691995	0.9994794337659905	-0.00017024200320903127
895	0.9995672277304525	0.9993864042402791	-0.00018082349017334298
896	0.9996713611553891	0.9996843307683415	1.2969612952384857e-05
897	0.9998902868222304	0.9996810419515756	-0.00020924487065476782
898	0.9996150296290333	0.9991835358479514	-0.00043149378108187086
899	0.9996650762163309	0.9986481845431776	-0.0010168916731533306
900	0.9997748516519003	0.9990274592606224	-0.0007473923912778568
901	0.9997928775109777	0.9992014362793783	-0.0005914412315993767
902	0.9995903935896161	0.9991429736097399	-0.00044741997987618465
903	0.9996045255279095	0.9991614791643015	-0.00044304636360792404
904	0.9996690946921382	0.9994700258462578	-0.0001990688458803902
905	0.9998457031212729	0.9995728243535729	-0.0002728787676999911
906	0.9993479436087827	0.9994063226050154	5.8378996232733016e-05
907	0.9997098763060477	0.9997968166114052	8.694030535749686e-05
908	0.9999498161994419	0.9997388501823026	-0.0002109660171393246
909	0.9999505551657764	0.9998928373890331	-5.771777674323797e-05
910	0.999544660410399	0.9991542058523835	-0.0003904545580155627
911	0.9993132344185537	0.9992253139063427	-8.792051221095942e-05
912	0.9999431095470721	0.9998186270834589	-0.0001244824636131847
913	0.9996338796590513	0.9993927386232885	-0.0002411410357627819
914	0.9995474729190431	0.9991817925691401	-0.00036568034990303033
915	0.9996645424782785	0.999526477346826	-0.00013806513145253607
916	0.9998294784809063	0.9993847399599146	-0.0004447385209916943
917	0.9994141397973767	0.9994589513013866	4.481150400992284e-05
918	0.9994164983283742	0.9994393299649663	2.283163659211329e-05
919	0.9996121600640883	0.9996463188627537	3.415879866541793e-05
920	0.9995876632806098	0.9991536650798295	-0.0004339982007802723
921	0.9997211631412445	0.9989072292000276	-0.0008139339412168711
922	0.9994861666628497	0.9989813269187746	-0.000504839744075114
923	0.9996160213868367	0.9994161624099157	-0.00019985897692098575
924	0.9998819172938563	0.9995789065086101	-0.00030301078524619385
925	0.9988544585667662	0.9990688882930427	0.00021442972627649937
926	0.9994163534263343	0.9994125366498181	-3.816776516174514e-06
927	0.9994187046056209	0.9995431716190238	0.0001244670134029624
928	0.9995179437379155	0.9989271438180966	-0.0005907999198189184
929	0.9998501232478685	0.9992086218617331	-0.0006415013861353902
930	0.9993883222431544	0.9995353861136586	0.00014706387050411607
931	0.9997209938435432	0.9990874077363909	-0.0006335861071522508
932	0.9994113777204353	0.9995538949209201	0.00014251720048474859
933	0.9997718956741161	0.9989320107399378	-0.0008398849341783032
934	0.9997527901720655	0.999145703098434	-0.0006070870736315515
935	0.9996923889356785	0.9987624488461466	-0.0009299400895318444
936	0.9993952186243934	0.9997688306904972	0.00037361206610375675
937	0.9997813105194356	0.9989519049993595	-0.0008294055200761541
938	0.999631626971015	0.9992246242211839	-0.0004070027498311868
939	0.9999996506640599	0.9999998577307234	2.0706666348235814e-07
940	0.9998411048556034	0.9994065018260782	-0.000434603029525249
941	0.999511570371576	0.9987105484371193	-0.0008010219344567471
942	0.9996822967917373	0.999464936393682	-0.0002173603980553107
943	0.9998902666059993	0.9995362137435789	-0.00035405286242040646
944	0.9999499054643919	0.9998822292265642	-6.767623782766297e-05
945	0.9999495493646601	0.9997335889603367	-0.0002159604043233676
946	0.9992582889894582	0.9988850059289083	-0.00037328306054995597
947	0.9996862848568422	0.9995456965604185	-0.00014058829642371595
948	0.999645908236167	0.9994316351004406	-0.00021427313572630613
949	0.9994022570765473	0.9995122263047951	0.00010996922824779709
950	0.9993463665892591	0.9989332630098817	-0.00041310357937740516
951	0.9994639143690418	0.9995664958730951	0.00010258150405328958
952	0.9995708302832651	0.9988568729090703	-0.0007139573741947736
953	0.9991564672504739	0.9989076239181014	-0.000248843332372517
954	0.9996469848826035	0.9983801934500631	-0.0012667914325403817
955	0.9993440357218252	0.9988950271930559	-0.0004490085287692791
956	0.9997073932074371	0.9998189250185295	0.00011153181109246901
957	0.999639077118829	0.999499117873363	-0.0001399592454660592
958	0.9998884136186413	0.9996823643287459	-0.00020604928989542692
959	0.9989114133738607	0.9993034690073193	0.00039205563345856564
960	0.9996566034321728	0.9996029157317594	-5.3687700413362904e-05
961	0.9995962651860697	0.9994449832635722	-0.0001512819224974704
962	0.9995868138366557	0.9992205162199277	-0.0003662976167280174
963	0.9996876175447036	0.9995492572572693	-0.00013836028743430262
964	0.9995298453548378	0.9987310955684607	-0.0007987497863770621
965	0.999899409584008	0.9997591947179456	-0.00014021486606241584
966	0.9999454321298087	0.9998009106752933	-0.00014452145451537834
967	0.9994302787892407	0.998592678176334	-0.0008376006129067193
968	0.9994379965842807	0.9993951353515955	-4.286123268515407e-05
969	0.9999531977168786	0.9997265965273868	-0.00022660118949180408
970	0.9997484057313759	0.9992402149970586	-0.0005081907343172931
971	0.9997179752077054	0.9997431580442218	2.5182836516313145e-05
972	0.9995533341841979	0.9993219328670505	-0.00023140131714738388
973	0.9994448780604579	0.9997251151559715	0.00028023709551361353
974	0.9998022677898708	0.9990462451823968	-0.0007560226074739829
975	0.9992492811415785	0.9994771491199097	0.00022786797833118655
976	0.9995420516388454	0.9989430644938038	-0.0005989871450415851
977	0.999416118563848	0.9995672520894294	0.0001511335255813817
978	0.9995448476362936	0.9992684246477465	-0.00027642298854713143
979	0.999500366874618	0.9986779476175262	-0.000822419257091811
980	0.9995756286497691	0.9986813214991067	-0.0008943071506624101
981	0.9993745850610783	0.9992463035596534	-0.00012828150142496497
982	0.9996046241532976	0.9995658590295167	-3.8765123780981625e-05
983	0.9994288650017621	0.9995205018275066	9.163682574453436e-05
984	0.9994795439258649	0.9989001412075653	-0.0005794027182995931
985	nan	nan	nan
986	0.9990294887644408	0.9986049261695009	-0.00042456259493983683
987	0.9998909978696602	0.9997275588639148	-0.0001634390057453361
988	0.998999020410116	0.9995202808872536	0.0005212604771376306
989	0.9993427169446176	0.9991023268264974	-0.00024039011812027056
990	0.9992601552325496	0.9992338797521967	-2.6275480352944136e-05
991	0.9991548344870498	0.9990941763064801	-6.0658180569661546e-05
992	0.9992936330411079	0.9992005294715899	-9.310356951797161e-05
993	0.9995032933822579	0.9989389177721449	-0.0005643756101129105
994	0.9997498326666769	0.9996691547197086	-8.067794696831054e-05
995	0.9998890060813955	0.9996366364071347	-0.0002523696742607884
996	0.99971762142487	0.9997332880618833	1.5666637013356244e-05
997	0.9996239249295397	0.9991421643936861	-0.0004817605358535815
998	0.9997456629762246	0.9999201622977278	0.00017449932150326308
999	0.9997952531062758	0.9990406140134521	-0.0007546390928236946
1000	0.9988854778006531	0.9992158605350626	0.0003303827344095511
1001	0.9995999268782335	0.9993984846629	-0.0002014422153334694
1002	0.9994997295156449	0.9998524776670662	0.00035274815142127824
1003	0.9996513688803366	0.9995948226028422	-5.6546277494406993e-05
1004	0.9994647035622384	0.9996437053548798	0.00017900179264140892
1005	0.9991434213287407	0.998979859007515	-0.00016356232122571868
1006	0.9997033679085958	0.9997292679158782	2.5900007282420034e-05
1007	0.9997496865864	0.9989908007711564	-0.0007588858152435263
1008	0.9998457705859597	0.9994232700078531	-0.00042250057810655495
1009	0.9993014026071878	0.9990626622589407	-0.00023874034824711288
1010	0.9991831914776474	0.9992902119553848	0.0001070204777373629
1011	0.9995859276813566	0.9990984341844922	-0.0004874934968643885
1012	0.9998960766017453	0.9997583446872539	-0.00013773191449140132
1013	0.9991747556417674	0.9995614171889052	0.0003866615471378454
1014	0.9997550152778512	0.9990097410022989	-0.0007452742755522657
1015	0.9998953777815901	0.9995370057985368	-0.0003583719830533294
1016	0.9996189384831908	0.9992515461490099	-0.0003673923341809271
1017	0.9998923407085252	0.9997757691345969	-0.00011657157392830353
1018	0.9998967475374004	0.9994461916142372	-0.0004505559231632317
1019	0.9996017891519868	0.9993618737484905	-0.0002399154034963269
1020	0.9996387903687792	0.9995118380208994	-0.00012695234787984955
1021	0.999312328605399	0.9987828943997796	-0.0005294342056193502
1022	0.9998220162727866	0.999183185605411	-0.0006388306673755784
1023	0.9997891189726709	0.9992367305863132	-0.0005523883863576273
1024	0.9996612419833709	0.9995318340754313	-0.00012940790793958268
1025	0.9998923481538418	0.9996977851596635	-0.00019456299417830447
1026	0.9991334922098065	0.9983517090320361	-0.0007817831777704454
1027	0.9998862824129012	0.9996887050134097	-0.00019757739949155528
1028	0.9994772993412869	0.9996680568582221	0.0001907575169352027
1029	0.9994812010571392	0.9995469070024052	6.57059452660036e-05
1030	0.9996578359918293	0.9986767043559038	-0.000981131635925503
1031	0.9998587423970633	0.9993144898815605	-0.0005442525155028299
1032	0.9993474904792327	0.999019102258273	-0.00032838822095970777
1033	0.9998949326573932	0.9997504333251485	-0.00014449933224469635
1034	0.9993253012190605	0.9991156059618931	-0.00020969525716740822
1035	0.9998976165326181	0.9997582050941334	-0.0001394114384847267
1036	0.9997735640683512	0.9993044213401163	-0.00046914272823483927
1037	0.9996301855892723	0.9988751918089803	-0.0007549937802919793
1038	0.9996784535889808	0.9994747305480969	-0.00020372304088389637
1039	0.9993355196504117	0.999813256167361	0.0004777365169493786
1040	0.9998439593822331	0.999463553910164	-0.0003804054720691896
1041	0.9991899297014459	0.9992329845519826	4.305485053668345e-05
1042	0.9995609970785612	0.9988507087417092	-0.0007102883368519386
1043	0.9996035637313251	0.999313200964118	-0.0002903627672070641
1044	0.9996629239525198	0.9993884189124637	-0.00027450504005610554
1045	0.9999453067496205	0.9998104166158116	-0.0001348901338088515
1046	0.9990422778180255	0.9982959967482807	-0.0007462810697447253
1047	nan	nan	nan
1048	0.999138865086327	0.9986013170550901	-0.0005375480312368452
1049	0.9997006364516325	0.999052847450586	-0.0006477890010465615
1050	0.9996855345816442	0.9993541502008909	-0.0003313843807533079
1051	0.9998871669902968	0.9996633050942643	-0.00022386189603251783
1052	0.9996740804558568	0.9994527222482953	-0.00022135820756152835
1053	0.9999476449801147	0.9997257278672794	-0.00022191711283525706
1054	0.999488261711127	0.998835628380239	-0.0006526333308880528
1055	0.9993384923797877	0.9991030485307938	-0.00023544384899387705
1056	0.9998095719056103	0.9990913022587984	-0.0007182696468118754
1057	0.9996210885749827	0.9993964213778411	-0.00022466719714153705
1058	0.9997693603552589	0.9999164788495815	0.0001471184943225845
1059	0.999308502453351	0.9988430773251252	-0.00046542512822578264
1060	0.9997938205022486	0.9992239119557411	-0.0005699085465075138
1061	0.9998755976209333	0.9994581760351013	-0.0004174215858319119
1062	0.9996690812769798	0.9995641357842957	-0.00010494549268413866
1063	0.9993679635204189	0.9993448570552991	-2.3106465119826503e-05
1064	0.9997448037921098	0.9997459282071294	1.12441501953775e-06
1065	0.9996542617070202	0.999637227536944	-1.7034170076257737e-05
1066	0.9997818569193275	0.9994285756284581	-0.0003532812908694227
1067	0.9996017932225745	0.9991635958334529	-0.0004381973891215418
1068	0.9997828997982244	0.9991375741293079	-0.0006453256689165077
1069	0.9999502288190908	0.9998774221538	-7.280666529074775e-05
1070	0.9999420719827116	0.9997989246405139	-0.00014314734219766923
1071	0.9998376880878339	0.9992902445416697	-0.0005474435461642058
1072	0.9996417316860217	0.9994070144145276	-0.00023471727149404487
1073	0.9998395054492342	0.9995077900646677	-0.00033171538456644445
1074	0.9992445672300068	0.9997172934900653	0.00047272626005856466
1075	0.9991589863374649	0.9990921605678897	-6.682576957517394e-05
1076	0.9999011452449145	0.9995939572046327	-0.0003071880402817362
1077	0.9995480779173356	0.9992106183702414	-0.0003374595470941877
1078	0.9996503359993535	0.9993097936457788	-0.0003405423535747243
1079	0.9998940583720581	0.9997162790117107	-0.0001777793603474631
1080	0.9997042964080353	0.9998048085935263	0.00010051218549100849
1081	0.9996984744428037	0.9995417860895487	-0.00015668835325499675
1082	0.9996959959006084	0.9997873210317386	9.132513113019325e-05
1083	0.9995006789109699	0.9995783962523651	7.771734139516706e-05
1084	0.9996905552653083	0.9997335978723981	4.304260708987151e-05
1085	0.9996326568089096	0.9996091264604399	-2.3530348469691376e-05
1086	0.9997674479638707	0.999294849561698	-0.0004725984021727303
1087	0.9997757714743614	0.9993923827682486	-0.0003833887061127639
1088	0.9999473181058046	0.999743376709382	-0.00020394139642265774
1089	0.9997100608840747	0.9996434017387504	-6.665914532422157e-05
1090	0.999891068841379	0.9996168583096526	-0.0002742105317263821
1091	0.9997908675042095	0.9991622188816625	-0.0006286486225470789
1092	0.9991962236128652	0.9989595886651886	-0.00023663494767656168
1093	0.9993842000106733	0.9992298659143224	-0.00015433409635090545
1094	0.9996940778327035	0.9993915277064063	-0.00030255012629720746
1095	0.9992135482357349	0.9986147205983824	-0.0005988276373525281
1096	0.9999508778073888	0.9998817511726649	-6.9126634723915e-05
1097	0.9997017797419667	0.9995526990662904	-0.00014908067567631633
1098	0.9998374534086476	0.9993390948466093	-0.0004983585620382813
1099	0.9997143563628654	0.9998036784176183	8.93220547528717e-05
1100	0.999847212377896	0.9992482405065961	-0.0005989718712998693
1101	0.9993546047884879	0.9990487098689937	-0.00030589491949417624
1102	0.9996781533195331	0.9996739780069979	-4.175312535270592e-06
1103	0.9995206819117205	0.9998330476427637	0.0003123657310432071
1104	0.9994778473682477	0.9991492056649026	-0.00032864170334512277
1105	0.9998500872655315	0.9993862917853544	-0.00046379548017705385
1106	0.9998982890390178	0.9997002213004781	-0.00019806773853969784
1107	0.9994411403021141	0.9995480522839214	0.00010691198180734496
1108	0.9993736558328824	0.9995255778161604	0.00015192198327795836
1109	0.9985179627065095	0.9990994636219075	0.0005815009153979922
1110	0.9997024089773325	0.9996036073680569	-9.880160927566717e-05
1111	0.9996094438673758	0.9993115246756917	-0.00029791919168409287
1112	0.9997862092913046	0.9989664714234353	-0.0008197378678692635
1113	0.9994130622097683	0.9994915636873617	7.850147759336235e-05
1114	0.9992513337617913	0.9994452171069249	0.00019388334513359418
1115	0.9993267575289373	0.9993202597315203	-6.497797417015505e-06
1116	0.9997139513044623	0.9998141513455224	0.00010020004106015001
1117	0.9995648690781248	0.9990985653639306	-0.000466303714194205
1118	0.9997901624303508	0.9992649205093773	-0.0005252419209734738
1119	0.9999460582522616	0.9996918823780042	-0.0002541758742573563
1120	0.9999494993817116	0.9997321272198566	-0.00021737216185502284
1121	0.9993852361589118	0.9990003792561245	-0.00038485690278733387
1122	0.9997206140924813	0.9997236204400736	3.0063475923158833e-06
1123	0.9996853263966523	0.9997145257033732	2.9199306720850693e-05
1124	0.999685262003231	0.9987200988351378	-0.0009651631680932526
1125	0.9994587246565024	0.9989966019473034	-0.00046212270919898657
1126	0.9992403646906346	0.9986273927393297	-0.0006129719513049414
1127	0.9997599639318894	0.998968043761202	-0.0007919201706874102
1128	0.9995911792740398	0.9992514147967757	-0.0003397644772641373
1129	0.9995347889443545	0.998804768009178	-0.0007300209351766007
1130	0.9995670693750734	0.9990678870741886	-0.0004991823008848595
1131	0.9995523839490721	0.9990191775050244	-0.0005332064440476403
1132	0.9995932282521319	0.9991599491625521	-0.00043327908957979666
1133	0.9993020342340854	0.9991561505572384	-0.00014588367684698067
1134	0.9998035383038708	0.9992160133969357	-0.000587524906935144
1135	0.9992475640100978	0.9989667510654224	-0.0002808129446754126
1136	0.9994556468803939	0.9993979471124305	-5.769976796343723e-05
1137	0.999890716694237	0.9996005567644679	-0.0002901599297691071
1138	0.9990997790801749	0.9988666814435304	-0.0002330976366444748
1139	0.9999526992310765	0.9998858311804664	-6.686805061018042e-05
1140	0.9997893610725109	0.9993667116949341	-0.00042264937757685583
1141	0.999896109326675	0.9995861089250339	-0.00031000040164119724
1142	0.9991881830647518	0.9990588673530271	-0.0001293157117246979
1143	0.999671376848606	0.9994684621771868	-0.0002029146714191965
1144	0.9998949868459271	0.9996182577007161	-0.00027672914521104097
1145	0.9997369471032871	0.9990082542230666	-0.0007286928802204828
1146	0.9997170000706173	0.9997250086103046	8.008539687298644e-06
1147	0.9999996319196337	0.9999998509375663	2.190179325678443e-07
1148	0.999635740493807	0.999626791489727	-8.949004079994438e-06
1149	0.9996039525875416	0.9986327820862659	-0.0009711705012757088
1150	0.9998922726069965	0.9996909279775772	-0.00020134462941934217
1151	0.9994453922570553	0.9986818399101847	-0.000763552346870644
1152	0.9998534538219672	0.9992313359588426	-0.0006221178631246049
1153	0.9989612363245723	0.9986712832178885	-0.0002899531066838934
1154	0.9996307102674354	0.9996352832063994	4.572938963942619e-06
1155	0.999624480583212	0.9994874596981261	-0.00013702088508582566
1156	0.9999498924526533	0.999878190940756	-7.170151189728191e-05
1157	0.9992731458597536	0.9997695727916911	0.0004964269319375214
1158	0.9996727262686406	0.9986212682152295	-0.001051458053411114
1159	0.9991195433350223	0.9993777192062584	0.0002581758712361104
1160	0.9997068123238434	0.9989643958987519	-0.000742416425091541
1161	0.9991424662936631	0.9992711756285567	0.00012870933489361747
1162	0.9995639548927595	0.999389673686667	-0.00017428120609253028
1163	0.9994488806930378	0.9996082729069606	0.00015939221392280434
1164	0.9992689549825925	0.998192035595366	-0.0010769193872265381
1165	0.9993911770643729	0.9993691469213051	-2.2030143067786057e-05
1166	0.9998291220547448	0.9993432170630684	-0.00048590499167644463
1167	0.9998422644236039	0.9994111626601104	-0.00043110176349347995
1168	0.9995230282931347	0.9989388765026943	-0.000584151790440357
1169	0.999666923509649	0.9995042029087862	-0.00016272060086286455
1170	0.9996813428920117	0.9996327555734605	-4.858731855117426e-05
1171	0.9992253540591266	0.9988838190343039	-0.00034153502482270337
1172	nan	nan	nan
1173	0.9998360504291393	0.9990884018832432	-0.0007476485458960402
1174	0.9995290844300992	0.9991279006396614	-0.00040118379043785346
1175	0.9996108093736019	0.9994173633103443	-0.0001934460632576629
1176	0.9998957199888096	0.9997552626585271	-0.00014045733028245078
1177	0.9998843357736819	0.9996101561558416	-0.00027417961784026446
1178	0.9997132489608029	0.999795580227862	8.23312670590326e-05
1179	0.9998135263996377	0.9993368642063721	-0.0004766621932655868
1180	0.9998969332516779	0.9996920313767403	-0.00020490187493760192
1181	0.9999434822461525	0.9998032056969808	-0.00014027654917170285
1182	0.9997693289395564	0.9991202630797239	-0.0006490658598324872
1183	0.9997911545483534	0.9993502160110718	-0.00044093853728166543
1184	0.9993794306887774	0.9994278931734797	4.8462484702249675e-05
1185	0.9995859833785876	0.9993817870202776	-0.00020419635831003813
1186	0.9996815457440931	0.9996240573104482	-5.748843364483669e-05
1187	0.9997871698458654	0.9991366596723397	-0.0006505101735256869
1188	0.9996279891218762	0.9992032492295647	-0.00042473989231150977
1189	0.9992533603037658	0.9989009391136502	-0.0003524211901155816
1190	0.9998512922456653	0.999368817824588	-0.00048247442107729466
1191	0.999194321201192	0.9991246479886859	-6.967321250606062e-05
1192	0.9998468996147606	0.9994835152139258	-0.0003633844008348319
1193	0.9996111700734065	0.9994416053316555	-0.0001695647417510049
1194	0.9995408652871974	0.9998431688784579	0.0003023035912604888
1195	0.9998458034319039	0.9995845385190548	-0.0002612649128490574
1196	0.9997236583050297	0.9997383335465201	1.4675241490347268e-05
1197	0.9996687443764769	0.9995272961300108	-0.00014144824646611376
1198	0.9997075963641202	0.9990625558705959	-0.0006450404935243181
1199	0.9998298742427194	0.999275004398572	-0.000554869844147432
1200	0.9996879666764011	0.9986813963207003	-0.001006570355700842
1201	0.9997279595356364	0.9992440023493973	-0.00048395718623917006
1202	0.9992379603329907	0.9984932870823243	-0.0007446732506664056
1203	0.999896674322357	0.9996945230187166	-0.00020215130364031886
1204	0.9998836617743401	0.999743560978554	-0.00014010079578608003
1205	0.9996738550846532	0.9996178954058328	-5.595967882043862e-05
1206	0.9994494936038251	0.9988251207440367	-0.0006243728597883358
1207	0.9998476962755795	0.999273309976624	-0.0005743862989554538
1208	0.9992477879454673	0.9996131041056997	0.00036531616023238733
1209	0.9997914886579753	0.9992425314624146	-0.0005489571955606953
1210	0.9997838672343229	0.9995122339012021	-0.00027163333312074656
1211	0.9992725787194129	0.9994975123833802	0.0002249336639673638
1212	0.9995276534661406	0.9998500159295709	0.0003223624634303146
1213	0.9993934605811496	0.9994190958819964	2.5635300846760245e-05
1214	0.9997568268710963	0.9992692375815663	-0.0004875892895300771
1215	0.9993870320583959	0.9992000890946274	-0.00018694296376842168
1216	0.999946671708573	0.9996967968843781	-0.0002498748241949178
1217	0.9993202964112924	0.9992514608603392	-6.88355509531613e-05
1218	0.9998065352675578	0.9993058248592932	-0.0005007104082646041
1219	0.9996805200792696	0.999357885523366	-0.00032263455590353374
1220	0.9996604058864544	0.99950506585165	-0.00015534003480444092
1221	nan	nan	nan
1222	0.9998222641674762	0.9994674769107069	-0.00035478725676929557
1223	0.9998856857675024	0.9996158322552439	-0.00026985351225849996
1224	0.9994081219438009	0.9995238330668225	0.00011571112302155573
1225	0.999305660464798	0.9988881919561119	-0.00041746850868606966
1226	0.9998277350128124	0.9993529102758728	-0.00047482473693960525
1227	0.999688066786571	0.9993783259487188	-0.0003097408378521793
1228	0.9995659042851585	0.9993456184143907	-0.00022028587076772244
1229	0.9992097574780612	0.9992045791380318	-5.178340029332595e-06
1230	0.9997525529337228	0.9988587582393543	-0.0008937946943684549
1231	0.9991633119116731	0.9992697713461195	0.00010645943444642647
1232	0.9993667588236494	0.9991069747899133	-0.00025978403373616565
1233	0.9997531119288329	0.9990211717547961	-0.0007319401740367715
1234	0.9999462059005049	0.9998134340197516	-0.0001327718807532241
1235	0.9997851624296828	0.9994192262657953	-0.0003659361638875813
1236	0.9994251020459421	0.9996172329396543	0.0001921308937121724
1237	0.9996504264684997	0.99943590448142	-0.0002145219870797188
1238	0.9990528153540621	0.9991326024835293	7.978712946721256e-05
1239	0.9991057869839387	0.9990377315034271	-6.805548051158627e-05
1240	0.9995866497251912	0.999098477291862	-0.0004881724333292148
1241	0.9999450625828572	0.9998065666600363	-0.00013849592282089151
1242	0.999941518690205	0.9997039536010432	-0.0002375650891617287
1243	0.9998368198617728	0.9992470177256674	-0.0005898021361053774
1244	0.9996470552812781	0.9993887181794198	-0.00025833710185829695
1245	0.9991409940227108	0.9990801777435396	-6.0816279171205245e-05
1246	0.9997758555209163	0.9999019191031002	0.00012606358218392177
1247	0.9997771551100096	0.9991989068772802	-0.0005782482327294503
1248	0.9992959380856665	0.9991494794635967	-0.00014645862206985605
1249	0.9997676182689016	0.9992211550136563	-0.0005464632552453219
1250	0.9997642113572134	0.9989042783287715	-0.0008599330284418949
1251	0.9998912598355646	0.9996971188257451	-0.0001941410098195151
1252	0.999736048774642	0.9996354516966511	-0.00010059707799081608
1253	0.9996780534252688	0.9996022435907068	-7.580983456201285e-05
1254	0.9997912693062134	0.9991792720521911	-0.0006119972540222784
1255	0.9994907575595121	0.9990839184109798	-0.00040683914853234526
1256	0.9996756407068131	0.9985251024887484	-0.0011505382180647672
1257	0.9998431232675067	0.9991691603957219	-0.0006739628717847834
1258	0.9996124093062001	0.9992379864234362	-0.0003744228827639029
1259	0.9996952773849795	0.9997411198366289	4.5842451649402705e-05
1260	0.9992810869210691	0.9991273737608378	-0.00015371316023127246
1261	0.9993985821787533	0.9995337217315421	0.00013513955278876555
1262	0.9992652750871333	0.998627500552321	-0.0006377745348122854
1263	0.9991679074570762	0.9986119296001686	-0.0005559778569075302
1264	0.9998938045927036	0.999551129847194	-0.0003426747455096413
1265	0.9994240896150568	0.9990577932106908	-0.00036629640436602884
1266	0.9996363015030708	0.9993281039926993	-0.00030819751037147736
1267	0.9996777424327508	0.9995174830338182	-0.0001602593989326051
1268	0.9994832150954948	0.9988684223742302	-0.0006147927212645232
1269	0.9995024916754283	0.9983626231208845	-0.0011398685545437326
1270	0.9997309384444503	0.999809404227794	7.846578334369525e-05
1271	0.9998494253618722	0.9993651749388807	-0.00048425042299149457
1272	0.9995663641513722	0.9992336327466633	-0.00033273140470890805
1273	0.9996892755924734	0.9994657588414249	-0.00022351675104859137
1274	0.9997863048557734	0.9989993499211343	-0.0007869549346390947
1275	0.9999482823689072	0.9998809100988595	-6.73722700477164e-05
1276	0.9997675049986746	0.9992559598329361	-0.0005115451657384806
1277	0.9999442700690359	0.9997016057588567	-0.00024266431017916368
1278	0.9997224720464807	0.998704291143081	-0.001018180903399668
1279	0.9999446727299849	0.9997014789397841	-0.0002431937902007686
1280	0.9994798591597531	0.999373622851719	-0.00010623630803408002
1281	0.9994159421478682	0.9986792957785131	-0.0007366463693551095
1282	0.9998364134023564	0.9992261354240436	-0.000610277978312812
1283	0.9993732424399598	0.9994080268847875	3.47844448276291e-05
1284	0.9998418383245117	0.9994167154766539	-0.000425122847857784
1285	0.9997878676475958	0.9993132728087823	-0.0004745948388134025
1286	0.999463345443608	0.9996489579062973	0.00018561246268922194
1287	0.9999430274635854	0.999717106552495	-0.0002259209110904159
1288	0.9997074429940815	0.9997853745266921	7.793153261059782e-05
1289	0.9997943546215702	0.999160034007594	-0.0006343206139761692
1290	0.9998433535342561	0.999542080198224	-0.00030127333603213735
1291	0.9998915500855982	0.9995215157899573	-0.0003700342956408642
1292	0.9997112794404421	0.9998128821494848	0.00010160270904269186
1293	0.9996802819131592	0.9995047188095545	-0.0001755631036046701
1294	0.9997660825446211	0.999932494779984	0.00016641223536295602
1295	0.9993068806215822	0.998955925251219	-0.0003509553703632262
1296	0.9994746590783077	0.9995932344802632	0.00011857540195547855
1297	0.9997165773165417	0.9996923424857059	-2.4234830835800913e-05
1298	0.9998970360760554	0.9996915115616941	-0.00020552451436128827
1299	0.9995615786646397	0.9992114188514629	-0.0003501598131767647
1300	0.9993098943309516	0.9987938820850866	-0.0005160122458650607
1301	0.9997901586043503	0.9992241049997131	-0.000566053604637129
1302	0.9998996329493173	0.9995756918584633	-0.00032394109085398526
1303	0.9998080892243718	0.9993088907511068	-0.0004991984732649613
1304	0.9997659883750323	0.999357464582968	-0.0004085237920642415
1305	0.9999458749514945	0.9998711404444781	-7.473450701633855e-05
1306	0.9995268028317243	0.9989885348643162	-0.0005382679674081903
1307	0.9998826930779268	0.9996526506437556	-0.00023004243417112935
1308	0.9997092518984638	0.999637610617324	-7.164128113978929e-05
1309	0.9993619145420234	0.9992733520200053	-8.856252201805415e-05
1310	0.999517150423141	0.9989955243277032	-0.0005216260954378216
1311	0.9988694644824565	0.9991127405200345	0.00024327603757801075
1312	0.9994289792479746	0.999266106844999	-0.00016287240297563343
1313	0.9996794290303661	0.9996701403721243	-9.288658241790593e-06
1314	0.9994829039918844	0.9996176570978935	0.00013475310600907786
1315	0.9999460881379588	0.9998773818389722	-6.87062989865872e-05
1316	0.9999996370100784	0.9999998559024624	2.1889238399630528e-07
1317	0.999698265316382	0.9997283886485542	3.012333217222718e-05
1318	0.9996848996475772	0.9995178317062419	-0.00016706794133536373
1319	0.9997635424851804	0.9999352784945553	0.00017173600937492317
1320	0.9999000394160369	0.9996089475759932	-0.00029109184004372235
1321	0.9998327246572675	0.9995598191156742	-0.0002729055415933157
1322	0.9999430100646519	0.999798702182447	-0.0001443078822048749
1323	0.9994698476832846	0.9996360343281687	0.00016618664488410317
1324	0.9996140053917958	0.999504993314388	-0.0001090120774077663
1325	0.9994324110886585	0.9985285223672391	-0.0009038887214194435
1326	0.9997814894683099	0.9992977461268991	-0.00048374334141076947
1327	0.9988616164592193	0.9991723498525583	0.00031073339333898
1328	0.9996644732720502	0.9994580446945946	-0.0002064285774555641
1329	0.9994217723493916	0.9994337042938788	1.1931944487231227e-05
1330	0.9997942394348137	0.9993573550915454	-0.0004368843432682734
1331	0.9992291745924338	0.9995038689212713	0.00027469432883753253
1332	0.999528620911638	0.9987065108970511	-0.0008221100145868743
1333	0.9996728076298534	0.9997045299366141	3.1722306760628705e-05
1334	nan	nan	nan
1335	0.999867712209051	0.9995584392574279	-0.0003092729516230852
1336	0.9983348763223198	0.9987073619846086	0.00037248566228886837
1337	0.9993045031482914	0.9997730358924671	0.000468532744175687
1338	0.9996043800607683	0.9983207370197454	-0.0012836430410229083
1339	0.9994449311675676	0.998730534967106	-0.0007143962004616533
1340	0.9997914912200528	0.9990713562039428	-0.0007201350161100128
1341	0.9995550658950355	0.9990573208675151	-0.0004977450275204243
1342	0.9994525054970048	0.9993989215587462	-5.3583938258605635e-05
1343	0.9998820781425626	0.9996673732574626	-0.0002147048851000033
1344	0.9997968036368808	0.9992716773296051	-0.0005251263072757473
1345	0.999525754584236	0.9991153370719195	-0.0004104175123165188
1346	0.9994817741108958	0.9992637826997957	-0.00021799141110012688
1347	0.9995829149337548	0.9988979935353433	-0.0006849213984115865
1348	0.9998451306210614	0.9994415347012474	-0.0004035959198139816
1349	0.9996848552268198	0.9995261161743898	-0.00015873905243002362
1350	0.9999436463309402	0.9998067288926435	-0.0001369174382966909
1351	0.9996625995893449	0.9989666162100306	-0.0006959833793143133
1352	0.9996441704357032	0.9995475498241928	-9.662061151038959e-05
1353	0.9996709274357213	0.9994931306237651	-0.0001777968119561768
1354	0.9992228305253291	0.9995426628316317	0.0003198323063026143
1355	0.9997780065493505	0.9992556307620842	-0.000522375787266216
1356	0.999737578469296	0.9996593036663881	-7.827480290789612e-05
1357	0.999687654937151	0.9997256887130683	3.8033775917378776e-05
1358	0.9993434285388767	0.999318515333339	-2.4913205537657745e-05
1359	0.9996335190421549	0.9986101348332582	-0.0010233842088966938
1360	0.9997428170926399	0.9990024867935677	-0.0007403302990721672
1361	0.9996055770798169	0.9993461797769859	-0.00025939730283097706
1362	0.9998449987766209	0.9995329354225976	-0.00031206335402333973
1363	0.9991943739225173	0.9985989597551679	-0.0005954141673494284
1364	0.9998367982190239	0.9992110383195338	-0.000625759899490097
1365	0.9999412624603726	0.9996878430722153	-0.0002534193881573721
1366	0.9994843985808077	0.999635696321031	0.00015129774022326625
1367	0.9999473752433936	0.9998756586777391	-7.171656565452267e-05
1368	0.9996097815193673	0.9991508447355724	-0.00045893678379493874
1369	0.9994896033365622	0.9994461384970238	-4.346483953843183e-05
1370	nan	nan	nan
1371	0.9993775889235518	0.9991258793475689	-0.00025170957598286137
1372	0.9996847555122219	0.9997046640603401	1.9908548118174885e-05
1373	0.999776794511464	0.9991902256920809	-0.0005865688193830154
1374	0.9998336486628976	0.9995132547812862	-0.0003203938816114249
1375	0.9996866629897495	0.9995653047774596	-0.0001213582122898682
1376	0.9992540052588094	0.9981371305864158	-0.0011168746723935197
1377	0.9998843703278729	0.9997535257627781	-0.00013084456509482312
1378	0.99924810462754	0.9988218094390545	-0.00042629518848547043
1379	0.9995206809535367	0.9988022028490512	-0.0007184781044855537
1380	0.9995176250426784	0.999215193936355	-0.0003024311063233309
1381	0.99965311802537	0.998654943654388	-0.0009981743709820412
1382	0.9998574015207593	0.9993641494860385	-0.0004932520347208369
1383	0.9995474641903271	0.9996773278871481	0.00012986369682099763
1384	0.999767872204664	0.9999212519188062	0.00015337971414219886
1385	0.9996093188838522	0.9991271018768392	-0.0004822170070130083
1386	0.9996160976305682	0.9994480902435045	-0.00016800738706379548
1387	0.9992870930601149	0.9988886695252818	-0.00039842353483310333
1388	0.9996541258191495	0.9993801857841144	-0.000273940035035114
1389	0.9995728131231874	0.9992348767097621	-0.00033793641342527714
1390	0.999535225843752	0.9991339570921357	-0.0004012687516162794
1391	0.99983168830092	0.9993138987239816	-0.0005177895769383767
1392	0.9998960132690736	0.999514021177979	-0.000381992091094574
1393	0.9998834906568683	0.9995341024769486	-0.0003493881799196963
1394	0.9994967688921571	0.998787014260572	-0.0007097546315850689
1395	0.9998912719638556	0.9995644683159968	-0.0003268036478588643
1396	0.9993501370544391	0.9997810613198567	0.000430924265417576
1397	0.9995972503286003	0.9994152276992927	-0.00018202262930755442
1398	0.9995733677846473	0.9992216431697514	-0.0003517246148959652
1399	0.9995527813420295	0.9993245249644025	-0.000228256377627023
1400	0.9998353772923403	0.9995474406783693	-0.0002879366139709738
1401	0.9997856349073329	0.9993602812875276	-0.00042535361980522435
1402	0.9995540441854086	0.9993907930009892	-0.00016325118441939956
1403	0.999614181741089	0.9993701937841079	-0.00024398795698110654
1404	0.9995761913876048	0.9993560713041959	-0.00022012008340888123
1405	0.9991672598657857	0.9996990805507068	0.0005318206849210805
1406	0.9992338686765743	0.999692247043324	0.0004583783667497787
1407	0.9994017240574099	0.9995518294059529	0.00015010534854298374
1408	0.9992701401608437	0.9991764456420655	-9.369451877816459e-05
1409	0.9996840376558682	0.9998087519088381	0.00012471425296989302
1410	0.9992745634939119	0.9987630190351128	-0.0005115444587990847
1411	0.99994786458479	0.9997145146432844	-0.00023334994150558952
1412	0.9996702798061101	0.9996189339253007	-5.134588080946134e-05
1413	0.9995496886829889	0.9991556501380955	-0.00039403854489339363
1414	0.9989706840859585	0.9986867543471393	-0.0002839297388191886
1415	0.999020815991812	0.9988441626322861	-0.00017665335952588013
1416	0.9998398976918718	0.9995080695836148	-0.0003318281082569374
1417	0.9998857604941201	0.9997438453527479	-0.00014191514137229522
1418	0.9994720753580573	0.9997250947981088	0.0002530194400515162
1419	0.9995003250797854	0.9988185421533583	-0.0006817829264270658
1420	0.9996271017508083	0.9987243775408183	-0.0009027242099899357
1421	0.9997151588471621	0.999739239538966	2.4080691803929355e-05
1422	0.99965065902592	0.9995138906470808	-0.00013676837883913606
1423	0.9988350502030999	0.999168479240406	0.00033342903730604334
1424	0.9996825136531459	0.9995704837017587	-0.00011202995138714922
1425	0.9995870083679629	0.9993137369179096	-0.0002732714500532918
1426	0.9994754572907975	0.9987260744948654	-0.0007493827959320631
1427	0.9989739943644547	0.9990380145083354	6.402014388073862e-05
1428	0.9995644694617972	0.9981772452044375	-0.0013872242573597093
1429	0.9996048647605686	0.9994353081294727	-0.0001695566310959684
1430	0.999844056302764	0.9993628506106823	-0.0004812056920816543
1431	0.9996815163719467	0.9997923286969583	0.0001108123250116444
1432	0.9997456599301573	0.999741859684657	-3.8002455002850155e-06
1433	0.9997251603975116	0.9996440647711327	-8.10956263789242e-05
1434	0.9993748434246973	0.9993813755084279	6.5320837305815616e-06
1435	0.9995099951061991	0.9988323261891239	-0.0006776689170752137
1436	0.9994577746060009	0.9987427139365548	-0.0007150606694461548
1437	0.9994480734241085	0.9996435309865668	0.00019545756245831214
1438	0.9996151429399546	0.9991520424992028	-0.000463100440751818
1439	0.9996120526756436	0.999357221439339	-0.0002548312363045424
1440	0.9993524580912453	0.9991580403786656	-0.00019441771257966423
1441	0.9998529318561595	0.9993299527850651	-0.0005229790710944426
1442	0.9997657582087639	0.9999252862311954	0.00015952802243146547
1443	0.9990461265371494	0.9989832826939833	-6.284384316612712e-05
1444	0.9996170840003082	0.9992694880148388	-0.0003475959854694066
1445	0.9996557319373728	0.9997045617901748	4.8829852801968165e-05
1446	0.9994539816577751	0.9995905207138048	0.0001365390560297275
1447	0.9998072930608184	0.9992318106904335	-0.00057548237038485
1448	0.9997830821224892	0.9992054017638595	-0.0005776803586297063
1449	0.9994246825132886	0.9992120359876112	-0.00021264652567742903
1450	0.9996892933052609	0.9996073404770413	-8.195282821965577e-05
1451	0.999792620284058	0.9992683593618606	-0.0005242609221973726
1452	0.9995462254359345	0.9990755267272955	-0.00047069870863902796
1453	0.9999489444514068	0.9997034152807102	-0.0002455291706966456
1454	0.9992286329571499	0.9985647874163324	-0.0006638455408175536
1455	0.9998565564722258	0.99932415975918	-0.0005323967130458351
1456	0.999857883559601	0.9994750867615618	-0.00038279679803920885
1457	0.9996671013316926	0.9996738965167296	6.795185036989615e-06
1458	0.9985470901140663	0.998190504945451	-0.00035658516861525325
1459	0.9990132639316588	0.9989562760428985	-5.6987888760295924e-05
1460	0.9995779450314286	0.9993083068625649	-0.0002696381688637173
1461	0.9998899815520192	0.9995892582472723	-0.00030072330474695264
1462	0.9993934579297677	0.9993592533752116	-3.420455455616089e-05
1463	0.9998429449464793	0.9995703247176941	-0.0002726202287851587
1464	0.9998502398589015	0.9994158682866281	-0.0004343715722734398
1465	0.9994486161740557	0.9987944981169701	-0.0006541180570855953
1466	0.9997213394879787	0.9987861930291236	-0.0009351464588550629
1467	0.9998379331418619	0.9993693999543546	-0.0004685331875072807
1468	0.9998879137347086	0.9996814224040702	-0.0002064913306384364
1469	0.9994789797417863	0.998833491944345	-0.0006454877974413353
1470	0.9994981948121977	0.9988592213795444	-0.0006389734326532892
1471	0.9998383736434485	0.9994111861285315	-0.00042718751491699347
1472	0.9999432242950653	0.9998099078675959	-0.00013331642746938765
1473	0.9992412880105946	0.9990545569690988	-0.00018673104149580233
1474	0.9996323999069004	0.9996058558817772	-2.6544025123254045e-05
1475	0.999840748538117	0.9996632980638899	-0.00017745047422712545
1476	0.9995710834188213	0.9983003130218472	-0.0012707703969740969
1477	0.9991078248893787	0.999311482878373	0.0002036579889943546
1478	0.999836755492391	0.9994441902743227	-0.00039256521806829703
1479	0.9995261775574891	0.9991934843143051	-0.000332693243183968
1480	0.9993651612054355	0.9992959187096625	-6.924249577300312e-05
1481	0.9999460302046862	0.9997022076038742	-0.0002438226008120159
1482	0.9996520004846703	0.9994232135440629	-0.0002287869406073506
1483	0.9997109882695205	0.9998120515848954	0.0001010633153748497
1484	0.9993562854195356	0.9992357100868449	-0.00012057533269071996
1485	0.999091178711707	0.9980440144179022	-0.0010471642938048031
1486	0.9994570264664586	0.9995494247639931	9.239829753449058e-05
1487	0.9997923634143718	0.9994469199912609	-0.000345443423110936
1488	0.9992730009474731	0.9989009355506513	-0.00037206539682177464
1489	0.9998852395765521	0.9994946683673762	-0.00039057120917584953
1490	0.9997784512291865	0.9990880409585492	-0.0006904102706373205
1491	0.999548153034468	0.9992025150414208	-0.00034563799304720977
1492	0.9996354303696807	0.9985998613147912	-0.0010355690548895513
1493	0.9993505842988109	0.9991206526780146	-0.00022993162079620877
1494	0.9995492397894004	0.9989654033453056	-0.0005838364440947652
1495	0.9999472389929409	0.9997144189398454	-0.00023282005309555043
1496	0.999476659535517	0.9996398949703804	0.00016323543486340686
1497	0.9998559780358854	0.9994159948288595	-0.0004399832070259846
1498	0.9998411131654844	0.9992912816416339	-0.0005498315238504636
1499	0.9996784077387406	0.9994648115477129	-0.00021359619102767624
1500	0.9994003192919043	0.9993005793784137	-9.973991349065958e-05
1501	0.9992611949934493	0.9991488137384585	-0.00011238125499080098
1502	0.9995520672015396	0.9998453556155351	0.0002932884139955627
1503	0.9995585838533791	0.9988007460631638	-0.000757837790215321
1504	0.9995236373944275	0.9998540069818115	0.0003303695873839718
1505	0.9995765913727809	0.9990866573067849	-0.0004899340659959561
1506	0.9994756063848826	0.9996790130341605	0.00020340664927787078
1507	0.9998839116749417	0.9997566742826655	-0.0001272373922762693
1508	0.9996149838059091	0.9991493894690798	-0.0004655943368292448
1509	0.999632621514214	0.9996145435730636	-1.807794115038508e-05
1510	0.9995727415076634	0.9990431188407819	-0.0005296226668815018
1511	0.9999428150362222	0.999801594966497	-0.00014122006972516754
1512	0.9995707232641854	0.9991793131683597	-0.00039141009582566166
1513	0.9992684766424561	0.9988095682272075	-0.0004589084152486489
1514	0.9999425151617332	0.9997070294290227	-0.00023548573271048312
1515	0.9998349809572787	0.9994084648016515	-0.00042651615562727674
1516	0.9996712129784097	0.9994504233658584	-0.00022078961255123097
1517	0.9998448325136934	0.9994963113530196	-0.0003485211606737426
1518	0.9996994635950714	0.9997364106955889	3.6947100517492615e-05
1519	0.9994863770183273	0.9986918089108188	-0.0007945681075085531
1520	0.999659200469462	0.999364292311698	-0.0002949081577640067
1521	0.9995366086075271	0.9991598785131943	-0.00037673009433281113
1522	0.9993593156246775	0.9994166645838446	5.7348959167091706e-05
1523	0.9995218978326026	0.9990913766684196	-0.00043052116418296205
1524	0.9997145556222138	0.9996004360479686	-0.00011411957424523056
1525	0.9996601037900347	0.9994861753015287	-0.00017392848850594778
1526	0.9996199700606015	0.9994123604838346	-0.0002076095767669095
1527	0.9992304479762595	0.9991839786477827	-4.6469328476739236e-05
1528	0.9992788499692347	0.9991267757451829	-0.00015207422405172366
1529	0.9994788043761068	0.9996512786223709	0.00017247424626409824
1530	0.9997824365478732	0.9992606917587703	-0.0005217447891029403
1531	0.9998485342971952	0.9995074677432515	-0.0003410665539437252
1532	0.9997490929651486	0.9990142366976036	-0.0007348562675449921
1533	0.9994392937098533	0.9994571424357249	1.7848725871627558e-05
1534	0.9996305975600573	0.9991757693856593	-0.00045482817439801426
1535	0.9993597717130229	0.9991946745761308	-0.0001650971368921672
1536	0.9996632909895296	0.999599853503712	-6.343748581749686e-05
1537	0.9997098640273219	0.9997945255934164	8.4661566094546e-05
1538	0.9993298811260678	0.9989272754498558	-0.00040260567621197563
1539	0.9993023753080932	0.9991183150221109	-0.0001840602859822793
1540	0.9999437896169014	0.9998743759021127	-6.941371478874636e-05
1541	0.9990172520791769	0.9994193090657598	0.00040205698658291045
1542	0.9997368009780631	0.9988354118287168	-0.0009013891493462323
1543	0.9998989572374427	0.9995291095395767	-0.00036984769786596594
1544	0.9996890721186911	0.9995014988747971	-0.00018757324389395702
1545	0.999999222420287	0.9999997215759088	4.991556217248672e-07
1546	0.9998497475308524	0.9995194402729025	-0.00033030725794991334
1547	0.9994626374774777	0.9996213991903403	0.00015876171286266505
1548	0.999716707861064	0.9997412987982239	2.4590937159896242e-05
1549	0.9993224767352694	0.99885325823176	-0.0004692185035094498
1550	0.9988251600749626	0.9988753089067288	5.014883176623908e-05
1551	0.9994803271945238	0.9996342284053666	0.0001539012108427995
1552	0.9995230485254212	0.9996661998133164	0.0001431512878952157
1553	nan	nan	nan
1554	0.9988447504017469	0.9990294083281149	0.0001846579263680148
1555	0.9996469325845496	0.9995036531211404	-0.00014327946340919606
1556	0.999385728272357	0.9994378991997303	5.2170927373196285e-05
1557	0.9998912100659828	0.9997604931791226	-0.00013071688686017158
1558	0.9996466005287535	0.9995990693325882	-4.7531196165295775e-05
1559	0.9996757208187277	0.9995952530970993	-8.046772162839666e-05
1560	0.9996465393011047	0.9995203170911745	-0.0001262222099301935
1561	0.9998336510442766	0.9993083332153521	-0.0005253178289245097
1562	0.9994720008528032	0.9997236112341064	0.00025161038130316893
1563	0.9997918416399233	0.9993510085181571	-0.00044083312176623757
1564	0.9997684744530246	0.9999178342912952	0.00014935983827057964
1565	0.9997043574038613	0.9986925724540742	-0.0010117849497871534
1566	0.9996811341612933	0.9996350258060679	-4.6108355225449316e-05
1567	0.9986133726686551	0.998740193034905	0.00012682036624989124
1568	0.9995361090379401	0.9995997228793196	6.361384137953952e-05
1569	0.9998078597952094	0.9992063906444933	-0.0006014691507160164
1570	0.9994622993420732	0.9986086746726817	-0.0008536246693915395
1571	0.9996180359369932	0.9986707973951884	-0.0009472385418047846
1572	0.9996122848752735	0.9995150749029379	-9.720997233564344e-05
1573	0.9993474902880021	0.9990595872643634	-0.00028790302363868037
1574	0.9999493814908034	0.9997267327717384	-0.0002226487190649662
1575	0.999114273963143	0.9983584204871473	-0.0007558534759957158
1576	0.9999451310866144	0.9998157732333569	-0.0001293578532575168
1577	0.999290341423723	0.9992495624514756	-4.077897224741278e-05
1578	0.9997986911212239	0.9993497195548222	-0.000448971566401668
1579	0.999678741788572	0.9996459880686343	-3.275371993771703e-05
1580	0.9991930876419424	0.9989218539907815	-0.0002712336511608848
1581	0.9996395878235548	0.9994120695974594	-0.00022751822609534678
1582	0.9996587915672589	0.9994517530640603	-0.00020703850319858663
1583	0.999195852988479	0.9989941465643338	-0.00020170642414518714
1584	0.9997838352274933	0.9999235682226914	0.00013973299519809412
1585	0.9997627177151376	0.9991744271498573	-0.0005882905652803139
1586	0.999662538949091	0.9985952224560745	-0.0010673164930165013
1587	0.9996041320234073	0.9994501296466544	-0.00015400237675289308
1588	0.9998139608614417	0.9991159044403145	-0.0006980564211271911
1589	0.9995589458611036	0.9991393468694348	-0.00041959899166876813
1590	0.9993258455586204	0.9991610198914923	-0.00016482566712805458
1591	0.9996577422417073	0.9995216184144236	-0.00013612382728378503
1592	0.9994952240857242	0.9997658418206853	0.000270617734961065
1593	0.9998943531186237	0.9996825603965745	-0.00021179272204918664
1594	0.9995976377281784	0.9994131701619947	-0.0001844675661837325
1595	0.9997399042549292	0.9992576553814037	-0.00048224887352554813
1596	0.9994357796364307	0.9989254462425169	-0.0005103333939138199
1597	0.9991844805318673	0.9994112954358252	0.00022681490395792814
1598	0.9999004926447752	0.9997664699013026	-0.00013402274347262821
1599	0.9998978348866091	0.9994369095197899	-0.00046092536681918705
1600	0.9996525809044158	0.9996809083234646	2.8327419048790325e-05
1601	0.9994793394227888	0.9994779014618247	-1.4379609640791102e-06
1602	0.9992567267004236	0.9987177497626893	-0.0005389769377343034
1603	0.9992957754573437	0.9997524406928137	0.0004566652354699441
1604	0.9996849571017131	0.9987907662250262	-0.0008941908766869622
1605	0.999488831270478	0.9989758044976942	-0.0005130267727838644
1606	0.9996621539875609	0.9996792684473365	1.711445977559123e-05
1607	0.9997934636568828	0.9991388717981112	-0.0006545918587715915
1608	0.9993593406899475	0.9993647811019521	5.440412004675821e-06
1609	0.9996812119937526	0.9988349242204257	-0.0008462877733268481
1610	0.9992888531620311	0.9988041425637301	-0.00048471059830101915
1611	0.9999508491739024	0.99988212439225	-6.872478165242946e-05
1612	0.9997584130875695	0.9999236327147972	0.00016521962722770844
1613	0.9997875059059341	0.9990431848249921	-0.0007443210809420231
1614	0.9995195341292139	0.999219078574584	-0.00030045555462987483
1615	0.9999496997741991	0.9998108952871233	-0.0001388044870758165
1616	0.9994424507043612	0.9985447252327305	-0.0008977254716306948
1617	0.9992901394905958	0.9992957427437426	5.60325314680199e-06
1618	0.999217386868224	0.9993120948273214	9.470795909738428e-05
1619	0.9997322292755427	0.9998217779944667	8.954871892397076e-05
1620	0.999508246395853	0.9991598508446062	-0.0003483955512467718
1621	nan	nan	nan
1622	0.9994370890060971	0.9989176122623221	-0.0005194767437749492
1623	0.9997780777459792	0.9992611112436206	-0.0005169665023585512
1624	0.999419548532415	0.9989487953196295	-0.00047075321278544635
1625	0.9989330538485974	0.9984477412195516	-0.00048531262904583095
1626	0.9994321939115256	0.9993600233734887	-7.217053803687534e-05
1627	0.9998295745703857	0.9995566334145324	-0.00027294115585330125
1628	0.9996424923441806	0.9994515862861911	-0.00019090605798943727
1629	0.9995567554432548	0.999276409328942	-0.00028034611431282386
1630	0.9998445488735224	0.9994884941996235	-0.0003560546738988757
1631	0.999450361753207	0.9996070313084419	0.00015666955523485626
1632	0.9999506375107603	0.999720533998397	-0.00023010351236329996
1633	0.9989432321521766	0.9996080688683198	0.0006648367161431468
1634	0.9997131262834321	0.9989328596179519	-0.0007802666654802559
1635	0.9996456265688584	0.9994408180010377	-0.00020480856782068013
1636	0.9998373149766079	0.999418810493202	-0.0004185044834058571
1637	0.9997020530841974	0.9996697264989084	-3.232658528895538e-05
1638	0.999435468471352	0.9993556578972594	-7.981057409256476e-05
1639	0.9995852252105348	0.9993721913362764	-0.00021303387425841702
1640	0.9999522018518229	0.9997636829485598	-0.00018851890326310183
1641	0.9993709282466431	0.9993677432743805	-3.1849722625931776e-06
1642	0.9995401854606425	0.9989924295410871	-0.0005477559195553594
1643	0.9993921883642704	0.9981912344145955	-0.0012009539496748989
1644	0.9998913327157494	0.9997602799611646	-0.00013105275458480392
1645	0.999244457916694	0.9988327635952932	-0.00041169432140086837
1646	0.9996218496045244	0.9995970398881104	-2.4809716413942695e-05
1647	0.9997990926186917	0.9993803666374579	-0.0004187259812338251
1648	0.9996376213577259	0.9985071375289943	-0.0011304838287315988
1649	0.9999026405688669	0.9997982478105634	-0.00010439275830353978
1650	0.9994695361013517	0.9994807964449698	1.1260343618091362e-05
1651	0.9993802866556375	0.9993215804639983	-5.870619163916846e-05
1652	0.9997334896193056	0.9990204264823742	-0.0007130631369314244
1653	0.9995831433730801	0.9990733300178885	-0.000509813355191624
1654	0.9995007814580852	0.9988574974868362	-0.0006432839712490201
1655	0.9998920041041429	0.99952203294349	-0.0003699711606529599
1656	0.9995991225407321	0.9993155178483624	-0.0002836046923697655
1657	0.9989823077054175	0.9994176296525185	0.00043532194710094174
1658	0.9995546343875346	0.9993790760507226	-0.00017555833681193178
1659	0.9996633783504583	0.9994300243192292	-0.0002333540312290383
1660	0.9997001472750725	0.9997950895999372	9.494232486473297e-05
1661	0.9991690160360943	0.9991195314492496	-4.948458684472801e-05
1662	0.9997635448234472	0.9999266855323207	0.000163140708873466
1663	0.999906856666174	0.9997700448373781	-0.00013681182879587972
1664	0.9994829862666151	0.9996436077028202	0.0001606214362050995
1665	0.9993508880104379	0.9990496456925242	-0.00030124231791373024
1666	0.9995453280356849	0.9987669588050558	-0.0007783692306290169
1667	0.9991857633460175	0.9990352801586285	-0.00015048318738897226
1668	0.9998975252093846	0.9996487909000048	-0.00024873430937977226
1669	0.999406669919218	0.9993164265829939	-9.024333622409397e-05
1670	0.9994620720048335	0.9997087217935519	0.0002466497887183561
1671	0.9993504304601737	0.9992826394122064	-6.779104796728053e-05
1672	0.9996415583182574	0.9995004635743266	-0.0001410947439307586
1673	0.9996226360410608	0.9992981016662179	-0.0003245343748429219
1674	0.9996777724366861	0.999548528840358	-0.0001292435963280436
1675	0.9994837249325325	0.9995471859797473	6.346104721488555e-05
1676	0.9993714043303431	0.998499824643745	-0.0008715796865981229
1677	0.9995110945768795	0.9990538153413544	-0.00045727923552507654
1678	0.9993583975234785	0.999161130719663	-0.0001972668038155989
1679	0.9993328387863021	0.9989925515471921	-0.00034028723910994874
1680	0.9998230761694828	0.9992629722426539	-0.0005601039268289254
1681	0.9995727500109973	0.9990118170900257	-0.0005609329209715908
1682	0.9997304635526595	0.9988422672379372	-0.000888196314722256
1683	0.9993767030574078	0.9993217109868381	-5.4992070569692686e-05
1684	0.9992499528584512	0.9988502367143761	-0.0003997161440750796
1685	0.9990652822386428	0.9991329282005305	6.764596188768568e-05
1686	0.9994558868857712	0.9993933823589989	-6.250452677236673e-05
1687	0.9997299645038583	0.9988668442623464	-0.0008631202415119166
1688	0.9997899224095569	0.9993344338286574	-0.00045548858089949906
1689	0.9998336692937659	0.9996342892222327	-0.00019938007153319504
1690	0.9997260608453069	0.9997433172953427	1.7256450035807447e-05
1691	0.9996157887264238	0.9994296598626011	-0.00018612886382263216
1692	0.9995919223462784	0.9993582261769622	-0.00023369616931612214
1693	0.9996273421429959	0.9993706007377271	-0.00025674140526876776
1694	0.9997842256030245	0.9994543871364723	-0.0003298384665522125
1695	0.9996506259299837	0.9994640321833175	-0.000186593746666186
1696	0.9994726158998408	0.9996977465154893	0.00022513061564843895
1697	0.9995777231666001	0.9992421758390697	-0.0003355473275303833
1698	0.9996485877443761	0.9996748013955769	2.6213651200701626e-05
1699	0.9993519142023535	0.9997425500626885	0.0003906358603350535
1700	0.9991933345375908	0.9986657661824464	-0.0005275683551444477
1701	0.9998501527656982	0.9995046945821159	-0.0003454581835823367
1702	0.9996428176327226	0.999599128452224	-4.3689180498573954e-05
1703	0.9998489048523518	0.9993987621196508	-0.0004501427327009422
1704	0.9998427477223633	0.9992373461540616	-0.0006054015683016889
1705	0.999589044036646	0.9993827585789079	-0.0002062854577380424
1706	0.9995465045006379	0.9992461844658308	-0.0003003200348070667
1707	nan	nan	nan
1708	0.9994267182720554	0.9993971117018574	-2.960657019801527e-05
1709	0.9996479575776843	0.9993207009405484	-0.0003272566371359531
1710	0.9997615681873756	0.999931898154437	0.0001703299670613445
1711	0.9996447838220389	0.9994216516390436	-0.00022313218299530035
1712	0.9997978086144308	0.9991691745148795	-0.0006286340995512729
1713	0.9997337297136539	0.9996981937875311	-3.553592612282053e-05
1714	0.9992335861728108	0.9991304650773036	-0.00010312109550714155
1715	0.9999475711003541	0.9998832039279328	-6.436717242130907e-05
1716	0.9992776515781422	0.9993720607121763	9.440913403413465e-05
1717	0.9997674641741846	0.9999033706568305	0.00013590648264594218
1718	0.9997279216627761	0.999623617753718	-0.00010430390905813436
1719	0.9991391750013322	0.9992401129265731	0.00010093792524090706
1720	0.9994559126008035	0.9996606840257449	0.0002047714249414634
1721	0.9998909874824208	0.999691987473502	-0.00019900000891881486
1722	0.999573701252836	0.9994517381075658	-0.00012196314527013197
1723	0.9997434515636235	0.9988943755086139	-0.0008490760550096121
1724	0.9995249264624912	0.9990430449110531	-0.0004818815514381347
1725	0.9998907551033156	0.9995141096386403	-0.000376645464675307
1726	0.9995581789976373	0.9998568293564606	0.0002986503588232603
1727	0.9996304284994638	0.9995990486296332	-3.137986983059449e-05
1728	0.9999484767716208	0.9997148761838645	-0.00023360058775634407
1729	0.9996607250332794	0.9995641555131712	-9.656952010816955e-05
1730	0.9997218688898449	0.9991489261447549	-0.0005729427450900104
1731	0.9999030504028255	0.9997131023345627	-0.00018994806826277966
1732	0.9998369807448748	0.9991892274392148	-0.000647753305660026
1733	0.9995987750433146	0.9993422417488386	-0.0002565332944760579
1734	0.999507421878172	0.9990952141608502	-0.0004122077173217553
1735	0.9991339929461013	0.9982859072204998	-0.0008480857256014662
1736	0.9995117474174289	0.9989582891433945	-0.0005534582740344129
1737	0.9997033619019355	0.9997852162095169	8.18543075813416e-05
1738	0.9995936862313352	0.9993845870616533	-0.00020909916968181452
1739	0.9994649359270594	0.9985647113221504	-0.0009002246049090168
1740	0.999560308432931	0.9991438817471928	-0.0004164266857381582
1741	0.9997599233205128	0.9999249059240655	0.000164982603552688
1742	0.999640904772382	0.9987431767206383	-0.000897728051743707
1743	0.9993338886646684	0.9991609231348908	-0.00017296552977763557
1744	0.9993705983257744	0.9995853352983319	0.00021473697255758317
1745	0.9998408009033671	0.9996206164882591	-0.00022018441510807119
1746	0.999947144616269	0.9998661196542199	-8.102496204909215e-05
1747	0.999672534824653	0.999491740772073	-0.00018079405257998005
1748	0.9992887968745673	0.9991989986997839	-8.979817478338425e-05
1749	0.9996879250273125	0.9997100956728916	2.217064557907822e-05
1750	0.9995713370705827	0.9993725852599926	-0.00019875181059003655
1751	0.9997415731822366	0.9997241576981925	-1.7415484044103202e-05
1752	0.9994346577283933	0.999529654371828	9.499664343459724e-05
1753	0.999689923006853	0.9995257538464952	-0.0001641691603577744
1754	0.999780580412551	0.9992053390577704	-0.0005752413547805979
1755	0.9995625946564373	0.9992054738750169	-0.0003571207814203614
1756	0.999898283798808	0.999435647322008	-0.00046263647680000464
1757	0.9998330234925656	0.9992969375941324	-0.0005360858984332362
1758	0.9997785683745913	0.99991981667402	0.00014124829942863126
1759	0.999305341698804	0.9989174973172456	-0.00038784438155847756
1760	0.9993120455973156	0.9992278588619447	-8.418673537091692e-05
1761	nan	nan	nan
1762	0.9999478775144466	0.9997292545476809	-0.00021862296676566917
1763	0.9994076898704807	0.9993483531157471	-5.933675473357436e-05
1764	0.9994980247005728	0.9997334726591789	0.00023544795860608314
1765	0.9997358081353049	0.9991129107492219	-0.00062289738608301
1766	0.9994543358294816	0.9987938138174765	-0.0006605220120051714
1767	0.9992580945617321	0.9986427969063455	-0.000615297655386593
1768	0.9997889924610125	0.999469271372947	-0.00031972108806543886
1769	0.9994770806274604	0.9993190068901595	-0.00015807373730092333
1770	0.9995909882701366	0.9993332075811612	-0.0002577806889754175
1771	0.9991666359139345	0.9995404613325123	0.00037382541857777785
1772	0.9996527352401042	0.9996175849336062	-3.515030649803297e-05
1773	0.999314069189861	0.9990144677691766	-0.0002996014206844144
1774	0.9997850106853273	0.9991976605997347	-0.0005873500855926306
1775	0.9999443925559559	0.9997013681755387	-0.00024302438041723384
1776	0.9994201135583433	0.9994247363565052	4.6227981619351155e-06
1777	0.9991056013702609	0.9982140995726061	-0.0008915017976548478
1778	0.9992648330767601	0.9988783126753097	-0.00038652040145037425
1779	0.9996125482749545	0.9991603429456719	-0.0004522053292825845
1780	0.9991163148548556	0.9991356271358854	1.931228102980409e-05
1781	0.9998140259800942	0.9993330321512193	-0.0004809938288748983
1782	0.999374214234975	0.9991337374975657	-0.00024047673740923425
1783	0.9995198558888385	0.9992516470122675	-0.0002682088765709745
1784	0.9993531543982128	0.9991689513577051	-0.0001842030405077022
1785	0.9999995886231301	0.9999998661753126	2.7755218245939517e-07
1786	0.9996112647367265	0.9993160895113405	-0.000295175225385913
1787	0.9997897397161633	0.9992166375348032	-0.0005731021813600856
1788	0.9997445536757839	0.9998077765394463	6.322286366244878e-05
1789	0.9994268054398759	0.9992500166206751	-0.00017678881920080158
1790	0.9993784427191174	0.9994021701887672	2.3727469649847954e-05
1791	0.9994141463352288	0.9987525485422423	-0.0006615977929865791
1792	0.9999443035112604	0.999789978616462	-0.00015432489479838551
1793	0.9995929486881325	0.9994739732833725	-0.00011897540476002444
1794	0.9999497162874402	0.9997336818239118	-0.00021603446352846944
1795	0.9997446309435771	0.9996592969990924	-8.533394448473341e-05
1796	0.9996299011551938	0.9994671446677306	-0.00016275648746322258
1797	0.9990083932352637	0.9985609611453247	-0.00044743208993902606
1798	0.9998344002826502	0.9993034587649727	-0.000530941517677519
1799	0.99989018460679	0.9995778780498141	-0.00031230655697589427
1800	0.999321663406202	0.9992731436725326	-4.851973366937212e-05
1801	0.9989424652843935	0.9987666454216788	-0.00017581986271464345
1802	0.9995099924766154	0.9990466455165204	-0.0004633469600949791
1803	0.9997449033128434	0.99991569830964	0.00017079499679661936
1804	0.999946674297378	0.9998253946175323	-0.00012127967984576493
1805	0.9996453013936698	0.9996610969856516	1.5795591981837553e-05
1806	0.9997073474511462	0.9996345394237067	-7.28080274394749e-05
1807	0.9996435544172142	0.999499103427992	-0.00014445098922222233
1808	0.9995616118917938	0.9992576196768796	-0.0003039922149141727
1809	0.9996954032459113	0.9996071987525563	-8.820449335500413e-05
1810	0.9997328214546455	0.9990340447554578	-0.0006987766991877198
1811	0.9994262953348738	0.9991332459938815	-0.00029304934099227964
1812	0.9996830740202028	0.9989306187688566	-0.0007524552513462623
1813	0.999676803841375	0.9993487270722798	-0.0003280767690951869
1814	0.9998926340679793	0.999690692849969	-0.00020194121801031528
1815	0.999751010479345	0.9989875800737851	-0.0007634304055599284
1816	0.9995541671145167	0.9988578479950424	-0.0006963191194743201
1817	0.9996673863008633	0.9995245328932773	-0.00014285340758601883
1818	0.9995415321717872	0.9991952368794007	-0.00034629529238650036
1819	0.9998945934260849	0.9995602053622424	-0.0003343880638424501
1820	0.9991447439959575	0.9991127797084499	-3.1964287507624256e-05
1821	0.9997202677189297	0.999627625081313	-9.264263761676883e-05
1822	0.9993441382708343	0.9991364069137846	-0.00020773135704976742
1823	0.9998482779772774	0.9994804314659854	-0.0003678465112919582
1824	0.9996846763237783	0.9996264129759392	-5.8263347839093704e-05
1825	0.9991610201529624	0.9992184132091539	5.739305619156809e-05
1826	0.9996295977956714	0.9994007574204963	-0.00022884037517512112
1827	0.9999441337512625	0.999810955034979	-0.00013317871628348854
1828	0.9997547282270837	0.9999231322588675	0.0001684040317838642
1829	0.9996382864893449	0.9995189497180414	-0.00011933677130349096
1830	0.9992861614516185	0.9985961507392449	-0.0006900107123736232
1831	0.9989429467066596	0.9982166691098846	-0.0007262775967750157
1832	0.9995545073952896	0.9982959642405911	-0.0012585431546985326
1833	0.9992991298877918	0.998820311345632	-0.000478818542159809
1834	0.9994078965153994	0.9997123378360466	0.0003044413206472196
1835	0.9998955335852928	0.9996494810427107	-0.0002460525425821425
1836	0.9998409879374801	0.9993976318215454	-0.00044335611593471214
1837	0.9998931129939752	0.9995973125350843	-0.00029580045889088247
1838	0.9998232730873996	0.9990664698053442	-0.0007568032820554071
1839	0.9998356566144855	0.9992942908167503	-0.0005413657977352271
1840	0.9999007955644272	0.999593047956004	-0.00030774760842322557
1841	0.9995437854513027	0.9990730424760855	-0.00047074297521720876
1842	0.9998954752927235	0.9995173136864167	-0.00037816160630677054
1843	0.9998916024410888	0.999757139894598	-0.0001344625464907434
1844	0.9995474099419422	0.999005216051772	-0.000542193890170295
1845	0.9996707780289535	0.9996064918233722	-6.428620558129872e-05
1846	0.9998859561962206	0.999583787962599	-0.0003021682336216136
1847	0.9999989308327331	0.9999996586254629	7.277927298598996e-07
1848	0.9996755709082858	0.9995551441698417	-0.00012042673844414598
1849	0.999759094525895	0.9999234505297816	0.0001643560038866454
1850	0.9993946289122905	0.9997426103496683	0.00034798143737779785
1851	0.9998904144779458	0.9996981422058863	-0.0001922722720595349
1852	0.9997681119851158	0.9992073477920618	-0.0005607641930540641
1853	0.9992089435571102	0.9993016197194395	9.26761623293304e-05
1854	0.9995719690517296	0.9993253761820676	-0.000246592869661999
1855	0.9995561702159813	0.9998378728043481	0.0002817025883667945
1856	0.9998359419803751	0.999257626403145	-0.000578315577230093
1857	0.9997216928085917	0.9996396634684408	-8.202934015089092e-05
1858	0.9997839256689359	0.9990463640548912	-0.0007375616140447017
1859	0.999588751976444	0.999149125165112	-0.00043962681133202786
1860	0.9996308838520805	0.9994252212654026	-0.00020566258667797932
1861	0.9997115392042062	0.9998070951459036	9.555594169741166e-05
1862	0.9996949690121212	0.9996295458302735	-6.542318184765694e-05
1863	0.998941390221165	0.9984040848766246	-0.0005373053445404397
1864	0.9995476918835808	0.9992069351406593	-0.0003407567429215552
1865	0.9997788336248511	0.99918262763285	-0.0005962059920010532
1866	0.9998904120738971	0.9995562549913063	-0.00033415708259076915
1867	0.9997219083181906	0.9998062513732551	8.434305506443973e-05
1868	0.9998350739271022	0.999193180516407	-0.0006418934106952046
1869	0.9998932508193161	0.9995374804577218	-0.00035577036159428754
1870	0.9995165927994125	0.9990236641162724	-0.0004929286831401036
1871	0.9998908477562439	0.9996027950974966	-0.00028805265874731756
1872	0.999596487698128	0.9991187165646105	-0.0004777711335175461
1873	0.9995836912830812	0.999343473085476	-0.00024021819760522423
1874	0.9993497424268679	0.9992254831554065	-0.00012425927146142435
1875	0.9995865821479774	0.9991140119160937	-0.0004725702318836289
1876	0.9998469009469136	0.9994559189755325	-0.00039098197138109914
1877	0.999693676401043	0.9997855160759338	9.183967489079237e-05
1878	0.999700693117231	0.9989590789006848	-0.0007416142165461714
1879	0.9994372759323312	0.9993987073300803	-3.856860225093239e-05
1880	0.9993638313602585	0.9991079238154208	-0.00025590754483773015
1881	0.999753763647555	0.9992919398460045	-0.000461823801550465
1882	0.9995652221662924	0.9992009662840584	-0.0003642558822339881
1883	0.9998798634214086	0.999668262514839	-0.00021160090656957564
1884	0.9999514358549856	0.9997270144848278	-0.00022442137015776797
1885	0.9997975443119748	0.99902137946244	-0.0007761648495347995
1886	0.9997038639022262	0.9988839270543406	-0.0008199368478856162
1887	0.999841749292212	0.999590337116976	-0.0002514121752360543
1888	0.9998491728587073	0.999603537272175	-0.0002456355865323445
1889	0.9997100218698955	0.9997858295871646	7.580771726900526e-05
1890	0.9999055430778112	0.9996239299091597	-0.00028161316865149555
1891	0.9999478761662324	0.9998775567401843	-7.031942604807107e-05
1892	0.9999494748480459	0.9998846276764928	-6.484717155308406e-05
1893	0.9996218801705291	0.9986049844245589	-0.0010168957459701922
1894	0.999679781329749	0.9996312865835147	-4.8494746234251096e-05
1895	0.9993616878346869	0.9991221555757798	-0.00023953225890716023
1896	0.9998276436749763	0.9995401990794581	-0.0002874445955182159
1897	0.9989584468192927	0.9987414700050059	-0.0002169768142867845
1898	0.999536308287548	0.9992420084561393	-0.0002942998314087175
1899	0.9994448561479192	0.9985556039952165	-0.0008892521527027464
1900	0.9994480056394913	0.9988428785773832	-0.000605127062108135
1901	0.9995690232243309	0.999062903291079	-0.0005061199332518918
1902	0.999839297087194	0.9994161174197016	-0.00042317966749239044
1903	0.9993895640246996	0.9994233042078087	3.3740183109087774e-05
1904	0.9996324284974479	0.9994520685541721	-0.00018035994327580962
1905	0.9996714113902875	0.9995303611203405	-0.0001410502699469296
1906	0.9999392137167201	0.9997936280581263	-0.00014558565859379424
1907	0.999371578985694	0.9994598771885411	8.829820284717016e-05
1908	0.9995861162497359	0.9993683612862893	-0.00021775496344667022
1909	0.9997953332440959	0.9994574925220553	-0.00033784072204057214
1910	0.9996583911529756	0.9993905448754815	-0.0002678462774940993
1911	0.9996694647173137	0.9996715540096787	2.089292365003992e-06
1912	0.9991984934916566	0.999174999191064	-2.3494300592563633e-05
1913	0.9987058666278381	0.9982368280051687	-0.00046903862266944873
1914	0.9995514706708075	0.9980835504110792	-0.0014679202597283059
1915	0.9996172294542293	0.9993304581645661	-0.0002867712896631458
1916	0.9998507633836667	0.9992563307882786	-0.0005944325953881613
1917	0.9996008129014956	0.9991968130965148	-0.000403999804980848
1918	0.99957273539519	0.9993570301854248	-0.00021570520976521568
1919	0.9997330380796896	0.9997462848863716	1.3246806682021273e-05
1920	0.9994708394206605	0.9996475519058583	0.00017671248519779414
1921	0.9995898238883019	0.9992074027321263	-0.00038242115617559413
1922	0.9992004535859321	0.9993904253213278	0.00018997173539569978
1923	0.99988218710998	0.9995151464505962	-0.00036704065938375496
1924	0.9992575355976043	0.9989912054106125	-0.00026633018699184774
1925	0.9999995533159814	0.999999857671916	3.043559345661251e-07
1926	0.9995817513688963	0.9991824375831035	-0.0003993137857927209
1927	0.9994869196417306	0.9995861050751786	9.918543344800135e-05
1928	0.9996350559424663	0.998638178350015	-0.0009968775924512618
1929	0.9997822568495643	0.9993928171536234	-0.00038943969594096295
1930	0.9996876410842764	0.9996134831125209	-7.415797175558403e-05
1931	0.9999464451745872	0.9998891442813581	-5.730089322908416e-05
1932	0.9991893014215576	0.9993977035176151	0.00020840209605754723
1933	0.9997317659576076	0.9997936637131889	6.189775558129718e-05
1934	0.9995894463112462	0.9994587202538524	-0.00013072605739383736
1935	0.9997775060589684	0.9992934183324633	-0.00048408772650510024
1936	0.9994049119039239	0.9994933999358063	8.848803188243881e-05
1937	0.9999450394956755	0.9997205113274854	-0.0002245281681900746
1938	0.9992106835263187	0.999349275410259	0.00013859188394027555
1939	0.9996871145098631	0.9993978579118106	-0.0002892565980525674
1940	0.9996781799336966	0.998737242388314	-0.000940937545382603
1941	0.9993471809855307	0.9994516229545414	0.00010444196901071567
1942	0.9991021671225263	0.9988790141897411	-0.00022315293278518666
1943	0.9988265453086113	0.9982105816409328	-0.0006159636676784652
1944	0.9997723656494334	0.9992032407124887	-0.0005691249369447204
1945	0.9997809271475772	0.9999298409338045	0.00014891378622738927
1946	0.9989219024148623	0.9980157641336281	-0.0009061382812342034
1947	0.9998993966210158	0.9996332316995487	-0.000266164921467138
1948	0.9996371382269658	0.999519655798445	-0.000117482428520721
1949	0.9994478261118637	0.9997459511178569	0.0002981250059932439
1950	0.9999405390521804	0.999812881664753	-0.0001276573874273712
1951	0.9989928402430637	0.9985145615354125	-0.00047827870765115854
1952	0.9999477471960574	0.999874208050964	-7.353914509333759e-05
1953	0.9997061628114918	0.9996512010103721	-5.4961801119746134e-05
1954	0.9994482838963887	0.9994400053901674	-8.278506221315318e-06
1955	0.9993349983141524	0.998918606496011	-0.0004163918181413484
1956	0.9994078123799482	0.999222159310919	-0.00018565306902929013
1957	0.9997179923352668	0.9998089035462245	9.091121095772259e-05
1958	0.9995435864609564	0.9988474211021118	-0.000696165358844647
1959	0.9995971750732237	0.9990614073419798	-0.0005357677312438636
1960	0.9993918517691537	0.9994192570451548	2.7405276001091217e-05
1961	0.9998926449377805	0.9997522542130072	-0.0001403907247733427
1962	0.999845746343423	0.999263578201192	-0.0005821681422309988
1963	0.9999016408707206	0.999534384737951	-0.0003672561327696666
1964	0.9998841948479446	0.99950307061131	-0.00038112423663450024
1965	0.9997058390224307	0.999619545374725	-8.629364770573744e-05
1966	0.9997638121762523	0.9990021513457452	-0.0007616608305071049
1967	0.9997857596380406	0.999106140436368	-0.0006796192016725877
1968	0.9993392608525389	0.9983023078982407	-0.001036952954298176
1969	0.9995333204758116	0.9997679404340651	0.00023461995825357906
1970	0.9997325615614098	0.9990079678194271	-0.0007245937419826376
1971	0.9997047310556897	0.9987783323964768	-0.0009263986592128459
1972	0.9994356527033343	0.998574895144436	-0.0008607575588983618
1973	0.9998320076974129	0.9995645270064849	-0.0002674806909279681
1974	0.999654790525574	0.9996113120238334	-4.3478501740690234e-05
1975	0.9992383085750368	0.9992296568185266	-8.651756510213993e-06
1976	0.9995354170890843	0.999197991858427	-0.0003374252306573844
1977	0.9998868984780135	0.9996539218670618	-0.000232976610951674
1978	0.9992752323055	0.9988963409714645	-0.00037889133403545827
1979	0.9990836755307257	0.9983865120988707	-0.0006971634318549969
1980	0.9993364838145865	0.9992270332639782	-0.00010945055060829212
1981	0.9995722520257937	0.9992065349053042	-0.0003657171204894949
1982	0.9991963774781364	0.9986420265262664	-0.000554350951869953
1983	0.9998579239856769	0.9994746084777182	-0.0003833155079586703
1984	0.9997795721569921	0.9994306307731285	-0.00034894138386354356
1985	0.9999473569380886	0.9997088923012796	-0.00023846463680898822
1986	0.9999424035083162	0.9997912657640813	-0.00015113774423491932
1987	0.9993868906434382	0.9985793447502678	-0.0008075458931704471
1988	0.9997903705657223	0.9993868723348756	-0.00040349823084673275
1989	0.9998369872716394	0.9994004223798872	-0.00043656489175214475
1990	0.9988832245950297	0.9990843634449166	0.0002011388498869282
1991	0.9999431971735435	0.9998030686338408	-0.00014012853970268857
1992	0.999393856916214	0.9993150834087651	-7.877350744889267e-05
1993	0.9997370615173813	0.9989402169107624	-0.000796844606618885
1994	0.9993428538800815	0.99853053938315	-0.0008123144969315321
1995	0.9993861673720589	0.9987464678436566	-0.00063969952840226
1996	0.9998923150751505	0.9997116002714238	-0.00018071480372672255
1997	0.9997122397789745	0.9997443771376944	3.2137358719874776e-05
1998	0.9995399326255263	0.9988699750627198	-0.0006699575628065224
1999	0.9998112443067162	0.9993019389585945	-0.0005093053481216581
