draw	ref_metric	arm_metric	delta
0	nan	nan	nan
1	0.9994198124035152	0.9988242356232273	-0.0005955767802878764
2	0.9997549480874021	0.9999239347187866	0.00016898663138453784
3	0.9996712758733052	0.9994103839083326	-0.00026089196497258715
4	0.9998867549813788	0.9994520064963055	-0.00043474848507329966
5	0.9997694437867665	0.9990493874617548	-0.0007200563250117087
6	0.9993826294548613	0.9991311825083958	-0.0002514469464655056
7	0.999622434192256	0.9993771400490639	-0.00024529414319218734
8	0.9992513160589545	0.9989498861347899	-0.0003014299241645979
9	0.9997569148079913	0.9990948069853468	-0.0006621078226445309
10	0.9991297396805493	0.9990243360689933	-0.00010540361155597644
11	0.9999519938037433	0.999727740711322	-0.00022425309242135594
12	0.9999429956797952	0.9997020680847933	-0.00024092759500182748
13	0.999602907194034	0.9994355527571253	-0.00016735443690873986
14	0.9997944669558473	0.9993006907424556	-0.000493776213391639
15	0.9998970168971841	0.9996952230990568	-0.00020179379812734766
16	0.999351018792722	0.9981699236155156	-0.001181095177206437
17	0.9998406396559811	0.9995566138748465	-0.0002840257811346225
18	0.9997707718680695	0.9992470538725825	-0.0005237179954870053
19	0.9988780759203024	0.9989324871428278	5.4411222525363456e-05
20	0.99937883730717	0.9993581174380448	-2.0719869125218615e-05
21	0.9998418911584647	0.9995737011355502	-0.0002681900229144496
22	0.9998974215809049	0.9996107986467293	-0.0002866229341755844
23	0.9996348811571094	0.9994507389804516	-0.00018414217665785326
24	0.9998464547323088	0.9995712433606226	-0.00027521137168617926
25	0.9995953694598686	0.9995267110830388	-6.865837682978881e-05
26	0.9999532309648479	0.9998872979829436	-6.593298190427088e-05
27	0.9994829217425358	0.9995235389544973	4.0617211961468946e-05
28	0.9997160195117386	0.9991813281322232	-0.0005346913795154506
29	0.9996344224577522	0.998498125106086	-0.0011362973516662045
30	0.9998402650077866	0.9995066703987919	-0.0003335946089946251
31	0.999847589088816	0.9992595468507388	-0.0005880422380771799
32	0.9994225591320617	0.9979467333019385	-0.0014758258301231786
33	0.9999991758021712	0.999999720096703	5.44294531779066e-07
34	0.9992332542373332	0.9984024021764428	-0.0008308520608903969
35	0.9999055786531688	0.9997596277551696	-0.00014595089799918082
36	0.9991530709859723	0.9990739898175968	-7.90811683755166e-05
37	0.9997616555514584	0.9987332875137958	-0.001028368037662597
38	0.9998985299866525	0.9996269645270519	-0.00027156545960060896
39	0.9996312189288206	0.9992207521014169	-0.0004104668274036438
40	0.999549853477582	0.9992884989556723	-0.00026135452190967357
41	0.9992390385988192	0.9988137574795781	-0.00042528111924111656
42	0.9996762278252204	0.9994040111220738	-0.0002722167031465883
43	0.9998510504388533	0.9993939962725358	-0.0004570541663174721
44	0.9999032894623935	0.999457776788113	-0.00044551267428050156
45	0.9996495276529881	0.9995925554941879	-5.697215880018369e-05
46	0.9996757735113031	0.9995530585857084	-0.00012271492559468022
47	0.9996509313141673	0.9988099646104714	-0.0008409667036958224
48	0.9994899967112612	0.999746058506624	0.0002560617953628608
49	0.9988269398996058	0.9989410668130198	0.00011412691341394776
50	0.9998992744687228	0.9997152810064697	-0.0001839934622531736
51	0.999537062385255	0.9988871117384162	-0.000649950646838815
52	0.9995995993888676	0.9995107228095935	-8.887657927403314e-05
53	0.9994010624422819	0.9993538266717577	-4.723577052423433e-05
54	0.9998830792488342	0.9995904665995105	-0.00029261264932378683
55	0.999610334638936	0.9991349449244211	-0.00047538971451488443
56	0.9998387911412051	0.9994905868080861	-0.00034820433311899546
57	0.9993911177997882	0.9994498874639136	5.8769664125435384e-05
58	0.9990174401384782	0.9989062400253593	-0.0001112001131188256
59	0.9996415229152324	0.9995480005855792	-9.352232965320617e-05
60	0.9999991840944338	0.9999997124341314	5.283396976585308e-07
61	0.9997648612108254	0.9999139149057467	0.00014905369492124176
62	0.9996652469539754	0.9996799605462545	1.4713592279114174e-05
63	0.9998875295833055	0.9997672193929024	-0.00012031019040315005
64	0.9997659586292261	0.9999239611286816	0.00015800249945552292
65	0.9998441552682912	0.999284072577189	-0.0005600826911021928
66	0.9995763402668796	0.9994178806971371	-0.0001584595697424751
67	0.9997940732012651	0.9999305198316074	0.00013644663034229065
68	0.9994031569065217	0.9994450249645355	4.186805801376092e-05
69	0.9992751833400325	0.9989388169230198	-0.0003363664170127345
70	0.9992846550823187	0.9996201632769146	0.00033550819459593484
71	0.9990991110923734	0.9990601540712251	-3.8957021148311455e-05
72	0.9996726064876471	0.9996374157716272	-3.519071601987278e-05
73	0.9996558662839871	0.9996943601724863	3.849388849919144e-05
74	nan	nan	nan
75	0.9998993091982579	0.9996953895911616	-0.00020391960709631451
76	0.9998516561164341	0.9992357120837847	-0.0006159440326494181
77	0.9998148839437432	0.9991518469813084	-0.0006630369624347487
78	0.999538028122207	0.9992108637662599	-0.00032716435594715154
79	0.9993368526118563	0.9988997928157848	-0.0004370597960715594
80	0.9998542575926405	0.9995484294697277	-0.00030582812291279904
81	0.9996710812632073	0.9989168965118765	-0.0007541847513307109
82	0.9995575853902533	0.9990666808670196	-0.0004909045232337483
83	0.9996630575182601	0.9986656940415272	-0.0009973634767329598
84	0.9999420361995669	0.9998200307444783	-0.00012200545508855853
85	0.9995983674338849	0.9992307093944945	-0.00036765803939031727
86	0.9997544028537053	0.9999094529028543	0.0001550500491489526
87	0.9994444866319132	0.9995405579902988	9.607135838562986e-05
88	0.9993129395987157	0.9988138369625108	-0.0004991026362048956
89	0.9997159209695504	0.9996323316397471	-8.358932980334632e-05
90	0.9992094612019559	0.9989170318501317	-0.00029242935182416385
91	0.9997945396520428	0.9993742987083281	-0.00042024094371473364
92	0.9995882451849538	0.9993364554939255	-0.0002517896910283479
93	0.9997706978707506	0.9992131557543066	-0.0005575421164439875
94	0.9997846525858226	0.9992357732517723	-0.0005488793340503451
95	0.9994965698192658	0.9987447224489298	-0.0007518473703360673
96	0.9998915403176403	0.9996912176685006	-0.00020032264913971698
97	0.9993455332981225	0.9986631254865213	-0.0006824078116012267
98	0.9999991382182278	0.9999996991924486	5.609742207424162e-07
99	0.9997955512852134	0.9991529327935762	-0.0006426184916371591
100	0.9997495692734841	0.9998095337268439	5.996445335976208e-05
101	0.9994933912573861	0.9990387824017822	-0.00045460885560388853
102	0.9998268871743544	0.9993673196708782	-0.00045956750347619924
103	0.9996274445109492	0.9993565670146295	-0.00027087749631971025
104	0.9998912822820668	0.9995752070225776	-0.00031607525948917914
105	0.9997211022166225	0.9988395849778586	-0.0008815172387638404
106	0.9997904242985978	0.9991684587376346	-0.0006219655609631669
107	0.9993999622019412	0.9995621052568772	0.00016214305493600367
108	0.9996101723938221	0.999495223277175	-0.00011494911664711172
109	0.9998346563801386	0.9993995713228141	-0.0004350850573244802
110	0.9994166279867372	0.9995085505626363	9.192257589907271e-05
111	0.9995697604080999	0.9990747949625013	-0.0004949654455985719
112	0.9994146342726736	0.9994829988425822	6.836456990855222e-05
113	0.9995650193190623	0.9992713793673763	-0.00029363995168596446
114	0.9998368164658865	0.9994976537476852	-0.0003391627182013357
115	0.9997931933241024	0.9992460390510518	-0.0005471542730506318
116	0.9995945124643323	0.9992821261328944	-0.0003123863314379305
117	0.9998367783171334	0.9992167120688507	-0.0006200662482827024
118	0.9996161754315056	0.9995642891045038	-5.18863270018155e-05
119	0.9998414892397653	0.9992938959395481	-0.0005475933002172528
120	0.9996596680455624	0.9994533090672248	-0.0002063589783375397
121	0.9996016975169019	0.9995191235124962	-8.257400440569995e-05
122	0.9994003624565184	0.9993662265096241	-3.4135946894275904e-05
123	0.9998972365703217	0.99964192398015	-0.00025531259017175234
124	0.9998968525440738	0.9994420947391024	-0.0004547578049713952
125	0.9998360735153526	0.9993937410321896	-0.00044233248316305485
126	0.9996250262156176	0.9993847345385732	-0.0002402916770443131
127	0.9996684523514496	0.9996318989662674	-3.655338518226969e-05
128	0.9996062044013456	0.9993826303663574	-0.00022357403498818318
129	0.9994825514560044	0.9989235276488317	-0.0005590238071726539
130	0.9992643819915468	0.9989350635651566	-0.0003293184263901683
131	0.9999429093600181	0.999868248463066	-7.466089695207234e-05
132	0.9999466671249428	0.9998179760886364	-0.00012869103630641643
133	0.9994519954712636	0.9995294952799526	7.749980868898554e-05
134	0.9998792560037478	0.999609085152833	-0.0002701708509148526
135	0.9994020103273673	0.9986050804291472	-0.0007969298982201112
136	0.9998312257867675	0.9993257628328968	-0.0005054629538707722
137	0.9998504966679116	0.9995967129156366	-0.0002537837522750275
138	0.9995748709224894	0.9993312061714982	-0.00024366475099124596
139	0.9996070078520382	0.9992780072314513	-0.0003290006205868279
140	0.9996406565620488	0.9995431594252941	-9.749713675466509e-05
141	0.9992850025068499	0.9987556275270847	-0.0005293749797652403
142	0.9997603171811791	0.9990631838122371	-0.000697133368941949
143	0.999432581748564	0.9995437701371782	0.00011118838861423619
144	0.9999459020224798	0.9998186728289724	-0.00012722919350738326
145	0.9994192633539895	0.9987558766861824	-0.0006633866678070754
146	0.9999526284486516	0.9997402029130418	-0.00021242553560985034
147	0.9993895569032725	0.9993249829792388	-6.457392403369511e-05
148	0.9989886186028702	0.9977649613058505	-0.0012236572970197868
149	0.9997712390530963	0.9999271436448541	0.00015590459175784943
150	0.9996935861786171	0.9993972232411399	-0.00029636293747725695
151	0.9996778756900312	0.9987933424301447	-0.0008845332598864664
152	0.9996583392193251	0.9994317370828373	-0.00022660213648784122
153	0.9998359984156852	0.9994454390362008	-0.0003905593794844009
154	0.9997746261253301	0.9993341893728771	-0.0004404367524529773
155	0.9994522580294228	0.999510308215067	5.805018564419839e-05
156	0.9995027971091761	0.998915398234452	-0.0005873988747241432
157	0.9996259064823716	0.9994082634703163	-0.0002176430120552908
158	0.9994047389465649	0.999316556771459	-8.818217510586646e-05
159	0.9994451962467633	0.9993852131822392	-5.9983064524149476e-05
160	0.9994925825594773	0.999806639189023	0.00031405662954575586
161	0.9996097524426043	0.9994638533075841	-0.0001458991350201666
162	0.9999413712112294	0.9997990150642434	-0.00014235614698598908
163	0.9998898349626608	0.9997497028879839	-0.00014013207467689082
164	0.999278443906577	0.9997704477888232	0.0004920038822461281
165	0.9998057349757727	0.999231783679013	-0.0005739512967597449
166	0.9992826445464534	0.9995960504202361	0.0003134058737827017
167	0.999579627385436	0.999387336638984	-0.00019229074645199518
168	0.9998326886363724	0.9993046233640815	-0.0005280652722908785
169	0.9997996082801985	0.9991648207719455	-0.0006347875082530763
170	0.9998303988555417	0.9995482654354885	-0.00028213342005323216
171	0.9995091374740098	0.9988941386727643	-0.0006149988012454921
172	0.9998957367465479	0.9994692212826447	-0.0004265154639031543
173	0.9995596534945451	0.998961687423712	-0.000597966070833067
174	0.999608155483878	0.9991904310793712	-0.00041772440450682513
175	0.9996283723801844	0.9995243432653942	-0.00010402911479023835
176	0.9998406399713169	0.9993011042808203	-0.0005395356904965842
177	0.9992052573116259	0.9987050732799764	-0.000500184031649531
178	0.9996588916268333	0.999587136374192	-7.175525264124794e-05
179	0.9995318733437383	0.9989486199307308	-0.0005832534130074674
180	0.9997347011836167	0.9988759545710404	-0.0008587466125763443
181	0.9997963919726094	0.9999263965474964	0.00013000457488698824
182	0.99895903409803	0.9992885973395378	0.00032956324150779093
183	0.9998442083130498	0.9995713359725467	-0.00027287234050310527
184	0.9995210811671974	0.999074754235774	-0.00044632693142343527
185	0.9995425452410766	0.9998288812652975	0.0002863360242209012
186	0.9999444590214454	0.9996971453467006	-0.0002473136747447313
187	0.9993095720032956	0.9990601295829905	-0.00024944242030511266
188	0.9993872280910134	0.9996141406476774	0.0002269125566639607
189	0.9992802669405023	0.9987747891527994	-0.0005054777877029348
190	0.9998486907116929	0.9993328260631225	-0.0005158646485704521
191	0.9996410716712906	0.9991692305144644	-0.00047184115682619154
192	0.9996392951211301	0.9996241215389657	-1.5173582164407229e-05
193	0.9996403947709782	0.9994760787160808	-0.00016431605489741763
194	0.9999491360654243	0.9998747108947531	-7.442517067124399e-05
195	0.9999488809726476	0.9998758742010828	-7.300677156474311e-05
196	0.999752423488388	0.9988449926441533	-0.0009074308442347245
197	0.9995926245018998	0.9993926514058862	-0.0001999730960136059
198	0.9995298548334355	0.9990138884451201	-0.0005159663883154142
199	0.9996425773287121	0.9996555613796956	1.298405098348887e-05
200	0.9995649539210436	0.999137845851132	-0.0004271080699116414
201	0.9997228675419858	0.9998136158131058	9.074827111998918e-05
202	0.9994318434966721	0.9988710629609218	-0.0005607805357503715
203	0.999663834584751	0.9995606243892522	-0.00010321019549885957
204	0.9999483088046017	0.999881944775646	-6.636402895576765e-05
205	0.9998548780073545	0.9994867201881237	-0.0003681578192308299
206	0.9993304525978661	0.9991470448126049	-0.00018340778526126922
207	0.9994239148855272	0.9993584639200991	-6.545096542809326e-05
208	0.9992775999972429	0.9990693267003239	-0.00020827329691897045
209	0.9993229005910254	0.9990107222787206	-0.00031217831230478943
210	0.9999460564287093	0.9998061050878967	-0.00013995134081257188
211	0.9997798322175695	0.9990800732169908	-0.0006997590005787258
212	0.9993629167405402	0.9994318296597962	6.891291925592569e-05
213	0.9998822558764718	0.9997345211094409	-0.00014773476703089372
214	0.9997536843021994	0.9999242314372234	0.00017054713502406837
215	0.9996247138458064	0.999240057305111	-0.0003846565406954161
216	0.9997285493053578	0.9990759477362342	-0.000652601569123612
217	0.9996545815044751	0.9996308902757954	-2.3691228679623144e-05
218	nan	nan	nan
219	0.9994198366776478	0.9995379733876238	0.00011813670997606884
220	0.9995583161810248	0.9990272782240422	-0.0005310379569825052
221	nan	nan	nan
222	0.9995125988380957	0.9990420681567385	-0.00047053068135727294
223	0.9994867614343089	0.9988381656506459	-0.0006485957836630529
224	0.9997867998924501	0.9992298242156701	-0.000556975676780036
225	0.999768522597685	0.9992797297369809	-0.0004887928607041347
226	0.9993071835320158	0.9991036578777447	-0.00020352565427106395
227	0.999203140993171	0.9993933577510646	0.00019021675789365755
228	0.9993839833205315	0.9994589186112921	7.493529076063599e-05
229	0.9997187911223772	0.9996231444401037	-9.564668227346473e-05
230	0.9998966301881215	0.9997575291624315	-0.000139101025689925
231	0.9995368258113847	0.9992174224639895	-0.0003194033473952196
232	0.9998046511807753	0.9991028582832534	-0.0007017928975219245
233	0.9994162659696567	0.998363734434418	-0.0010525315352387654
234	0.9997624006674796	0.9991389672816179	-0.0006234333858616825
235	0.9999427153113833	0.9997947893523378	-0.00014792595904555839
236	0.999947174057704	0.9998820043551342	-6.516970256975618e-05
237	0.9994024189165795	0.9985365492874908	-0.0008658696290887447
238	0.999068058924907	0.9991802058281176	0.00011214690321059706
239	0.9998012031591984	0.999437087121773	-0.000364116037425366
240	0.9995025332560891	0.9991567759746246	-0.00034575728146446494
241	0.9999003152480378	0.9996281776141253	-0.0002721376339125392
242	0.99966387491098	0.9996085446833574	-5.533022762260753e-05
243	0.9994538033893638	0.999544832245896	9.102885653211601e-05
244	0.9995266822828563	0.99876457011872	-0.0007621121641363526
245	0.9996790375796558	0.9995197508280299	-0.00015928675162590888
246	0.9998942947964439	0.9997578397328729	-0.0001364550635709616
247	0.999672113813765	0.9996234561665376	-4.86576472273903e-05
248	0.9991684502132968	0.9991760929836714	7.642770374571839e-06
249	0.9995776497973947	0.9988355408339002	-0.00074210896349447
250	0.9998874918486623	0.9996895257163794	-0.00019796613228295623
251	0.9995686305535826	0.9993357493405102	-0.00023288121307241116
252	0.9996607434866267	0.9994095565098263	-0.00025118697680037716
253	0.9989518628371491	0.9988227721478334	-0.00012909068931565848
254	0.999420615851251	0.9987549645404118	-0.0006656513108391771
255	0.999437208798559	0.9992778454430703	-0.0001593633554887175
256	0.999829198752491	0.9991714471793478	-0.0006577515731431838
257	0.9998385686151874	0.9992249890893548	-0.0006135795258326304
258	0.9996675570355981	0.9993324071106734	-0.00033514992492467144
259	0.9995657065814769	0.9990471974804395	-0.0005185091010374565
260	0.9992487086551919	0.9986086579726168	-0.0006400506825751107
261	0.9997142001525777	0.998856828271832	-0.0008573718807457498
262	0.9991351160365057	0.9983091925719663	-0.0008259234645394686
263	0.9998347426770695	0.9993171673405863	-0.0005175753364832225
264	0.9999555622925055	0.9999004867476763	-5.50755448291973e-05
265	0.9994473486425346	0.9992038778715184	-0.0002434707710161632
266	0.9994855163878474	0.9989875415303386	-0.0004979748575087983
267	0.9998779267063356	0.9995257534562054	-0.00035217325013015
268	0.9996690304846706	0.9996090287321437	-6.000175252685036e-05
269	0.9990580239661281	0.9991329860404164	7.496207428836499e-05
270	0.999539418334543	0.999860255756327	0.00032083742178401486
271	0.999831994902386	0.9992274104168931	-0.0006045844854928317
272	0.9998425068386106	0.9995676376349707	-0.00027486920363994916
273	0.9998397903517008	0.9994918003560121	-0.00034798999568863564
274	0.9997769718126108	0.9999469200646293	0.000169948252018437
275	0.9994833491970299	0.9996639390273226	0.00018058983029278775
276	0.9998946230460839	0.9995200174727306	-0.0003746055733533371
277	0.9994976217397287	0.9988410424092419	-0.0006565793304867951
278	0.9999451237972087	0.9998007106289909	-0.00014441316821778294
279	0.9998254020123848	0.9994049908253084	-0.0004204111870763638
280	0.9996717663497462	0.99960999610882	-6.177024092623995e-05
281	0.9996532136642886	0.9993340209345637	-0.0003191927297249153
282	0.9997100521731154	0.9997250561173844	1.500394426900975e-05
283	0.9999450567515239	0.99981148409149	-0.00013357266003388713
284	0.9997907808462716	0.9991950966428862	-0.0005956842033854048
285	0.9999533769603601	0.9998854104296203	-6.796653073981584e-05
286	0.9996965915271333	0.9993818354190243	-0.00031475610810904886
287	0.9999996267158818	0.9999998588109825	2.3209510069399641e-07
288	0.9999470173268588	0.9997010011174123	-0.0002460162094464202
289	0.9997466411877043	0.9992897513501094	-0.0004568898375948427
290	0.9998403102937641	0.999323019773863	-0.0005172905199011257
291	0.9996425294338394	0.9995856996955823	-5.682973825704707e-05
292	0.999593978058282	0.9993318440475878	-0.00026213401069419273
293	0.9997598507757001	0.9998923506000704	0.0001324998243703579
294	0.9994461679350694	0.9997058650815545	0.000259697146485105
295	0.9997808718116354	0.9993253643627861	-0.0004555074488493682
296	0.9998453397119005	0.9995008055628276	-0.0003445341490728726
297	0.9998903329049397	0.9995969834701824	-0.0002933494347572285
298	0.9991037083556789	0.9982623158779917	-0.0008413924776871085
299	0.9995881480355927	0.9992965160494182	-0.00029163198617454533
300	0.9995252713494609	0.9991117509007571	-0.0004135204487037969
301	0.999429219020956	0.9992356166899848	-0.00019360233097120982
302	0.9995792378964685	0.998853379904091	-0.0007258579923775654
303	0.9995175867602301	0.9998486367044706	0.0003310499442404913
304	0.9998989104763216	0.9997076317578665	-0.00019127871845514566
305	0.9993560057502039	0.9989848490175697	-0.00037115673263421467
306	0.9997157378399564	0.9996480577634388	-6.768007651758445e-05
307	0.9997140048727482	0.9997357164789884	2.1711606240204517e-05
308	0.9997836961361317	0.9990195577778603	-0.0007641383582713823
309	nan	nan	nan
310	0.999619472417144	0.9994428788387757	-0.00017659357836830036
311	0.9994254515895851	0.9986809808286026	-0.0007444707609824963
312	0.9998971487115338	0.9996849168101831	-0.00021223190135066794
313	0.9992230340763624	0.9988212620027092	-0.0004017720736532171
314	0.9993899880481172	0.9995613995322958	0.00017141148417865182
315	0.9997191691481462	0.9997263406260245	7.171477878320509e-06
316	0.9997451044654018	0.9999255812586015	0.00018047679319976861
317	0.9997341541922521	0.9998161601797771	8.200598752505783e-05
318	0.9994111713615585	0.9993185638357189	-9.26075258396164e-05
319	0.9995934180369144	0.9993237095602118	-0.00026970847670260145
320	0.9996860842186946	0.9994930095158	-0.00019307470289464668
321	0.9994321235301373	0.9994249860303183	-7.137499819065418e-06
322	0.9992769705220221	0.998849072264239	-0.0004278982577831103
323	0.999694952177896	0.9997251760174208	3.022383952488994e-05
324	0.9994303490274965	0.9983540606802683	-0.0010762883472281715
325	0.9997710290043389	0.9992063695189043	-0.0005646594854346043
326	0.999163175163931	0.9994012236983513	0.000238048534420221
327	0.9996075717152194	0.999405946294675	-0.00020162542054436017
328	0.9998497847612504	0.9992511469993594	-0.0005986377618910632
329	0.9990547063603186	0.9989526590885074	-0.00010204727181117867
330	0.999650568884861	0.9993763567384407	-0.0002742121464203162
331	0.9997807541611915	0.9994718961744986	-0.0003088579866928898
332	0.9999447584883168	0.9997217920500945	-0.0002229664382222829
333	0.9994246891602879	0.9995137777639048	8.908860361689364e-05
334	nan	nan	nan
335	0.9997562478530531	0.9992112040335417	-0.0005450438195113705
336	0.9991896521997276	0.9994988758993449	0.00030922369961738916
337	0.9990873948707808	0.9990557355093628	-3.1659361418023835e-05
338	0.9996818780921983	0.9996113722003616	-7.050589183676959e-05
339	0.9997262111613459	0.999838956636074	0.00011274547472817087
340	0.9996520407260506	0.9996063090442433	-4.573168180732612e-05
341	0.9996510755680404	0.9985311653820803	-0.001119910185960138
342	0.9996647806646346	0.9995138463611838	-0.0001509343034508115
343	0.9997181253462024	0.9996369791436424	-8.114620256005622e-05
344	0.9999495028360461	0.999884015098151	-6.54877378951646e-05
345	0.9993658796015846	0.9992884918618685	-7.738773971610602e-05
346	0.9992565299464498	0.9990174741411184	-0.00023905580533134518
347	0.9998388085565516	0.9995744692876865	-0.0002643392688651547
348	0.9994589286206746	0.9988821959851236	-0.0005767326355510249
349	0.9994573307663486	0.9995223225214345	6.499175508589694e-05
350	0.9990899059457157	0.9991869590808548	9.70531351390802e-05
351	0.999807049158769	0.9991796036766735	-0.0006274454820954789
352	0.9997818022651214	0.9992548532532343	-0.0005269490118871012
353	0.9999421191544996	0.9998604904123207	-8.162874217887417e-05
354	0.9997411083952095	0.999120507965772	-0.0006206004294374567
355	0.9995164343659416	0.9989561718041636	-0.000560262561777991
356	0.9995962543362752	0.9992135358417865	-0.00038271849448867634
357	0.9993343427793826	0.9989501477999495	-0.00038419497943309455
358	0.9998982540612019	0.9996925572703562	-0.0002056967908456997
359	0.999598763911771	0.999424081800832	-0.00017468211093907282
360	0.9995856741999415	0.9994358252509097	-0.00014984894903180557
361	0.9992128910475762	0.998995209565094	-0.00021768148248213492
362	0.9995365686051852	0.9990323881998884	-0.0005041804052968724
363	0.9997323340702783	0.9991306954756948	-0.000601638594583509
364	0.9994158651422963	0.9994097674865129	-6.097655783410261e-06
365	0.9994402923763364	0.9993830602766396	-5.723209969676901e-05
366	0.9997089661171716	0.9997162242227062	7.258105534591053e-06
367	0.9997999884548925	0.999076177293458	-0.0007238111614344955
368	0.9993518130090441	0.9989734733357009	-0.00037833967334321983
369	0.999669516519378	0.9996214236897589	-4.809282961903971e-05
370	0.9995361271133218	0.9989441644569471	-0.0005919626563747338
371	0.9998945857072501	0.9994334793442745	-0.00046110636297558294
372	0.9993868678692611	0.998097579242214	-0.001289288627047136
373	0.9995288034638894	0.999068964858932	-0.0004598386049573522
374	0.9999995655660487	0.9999998695148578	3.039488090106346e-07
375	0.999620982218606	0.9991896158427747	-0.0004313663758312991
376	0.9998246371168589	0.9993324410753563	-0.0004921960415025239
377	0.9999002608725291	0.9997591613878026	-0.00014109948472651457
378	0.9996706788061983	0.9985915794744015	-0.00107909933179684
379	0.9996049320756953	0.9993626759155683	-0.00024225616012707452
380	0.9994730719260787	0.9995253643958175	5.229246973881274e-05
381	0.9994286423770563	0.9994073515060403	-2.12908710159887e-05
382	0.9996651839900142	0.9994538134077683	-0.00021137058224596217
383	0.9993550258799647	0.9992357254181129	-0.00011930046185182341
384	0.999301615222619	0.999436913710097	0.00013529848747806383
385	0.9997165341964992	0.9997351253604754	1.8591163976178215e-05
386	0.9995186461342123	0.9990771713497855	-0.00044147478442679855
387	0.9996469689802719	0.9994206140166049	-0.00022635496366707475
388	0.9992385340551163	0.9988567158893711	-0.0003818181657452291
389	0.9995208465125539	0.999098252416605	-0.00042259409594891384
390	0.9995240646543041	0.9989116862768688	-0.0006123783774353297
391	0.9999409314805745	0.9997122315792412	-0.00022869990133334017
392	0.9997279538412677	0.9990882183786579	-0.0006397354626097584
393	0.9991341865135952	0.9994392948680632	0.00030510835446795337
394	0.9998499436672003	0.9992141254955899	-0.0006358181716104028
395	0.9988852437705892	0.9989314347500328	4.61909794435833e-05
396	0.9999399748465595	0.9997930684416687	-0.00014690640489078977
397	0.9998000937235404	0.9994270976497189	-0.00037299607382146327
398	0.999703176246343	0.9989092413358704	-0.0007939349104725268
399	0.9996854526078581	0.9997970059230394	0.00011155331518131195
400	0.9994931278034958	0.9996488566356787	0.0001557288321829553
401	0.999115465247131	0.9988477187336111	-0.0002677465135199064
402	0.9994125255563637	0.9994329271226677	2.0401566304006913e-05
403	0.9995795837900221	0.999400987475669	-0.00017859631435312995
404	0.9998936212882478	0.9996180871106616	-0.0002755341775861897
405	0.9994009625388445	0.9993155700095555	-8.539252928896346e-05
406	0.9990895384896845	0.9988087102972065	-0.00028082819247798874
407	0.9996056024539189	0.9993052151504698	-0.00030038730344916775
408	0.9996703658965498	0.9997042424118228	3.387651527297919e-05
409	0.9997184849960251	0.9988597185674174	-0.0008587664286077157
410	0.9999495169182882	0.9998806497235095	-6.886719477861014e-05
411	0.9998056660805077	0.9993204118619593	-0.0004852542185483921
412	0.999570083223781	0.9991121151024475	-0.0004579681213335851
413	0.999629391414058	0.9984899176155453	-0.0011394737985127579
414	0.9991232637357956	0.9993700651877627	0.0002468014519670936
415	0.9996236011708372	0.9992975573287008	-0.0003260438421363032
416	0.9998916764320288	0.9996063879481747	-0.0002852884838541181
417	0.9996816337461379	0.9986179841774725	-0.001063649568665448
418	0.9997653013597487	0.9999173585916084	0.00015205723185962583
419	0.9997775441749406	0.9991574710251216	-0.0006200731498189338
420	0.9995598381663915	0.9989859523178636	-0.0005738858485279108
421	0.9996184502554183	0.9993461818146133	-0.00027226844080496804
422	0.9992798114805707	0.9991915367717153	-8.827470885530708e-05
423	0.9997829273536645	0.9994342906395186	-0.00034863671414586683
424	0.9997822409291989	0.9994126557125821	-0.00036958521661678567
425	0.9995678651009856	0.9993804970522333	-0.00018736804875230106
426	0.9993575652615775	0.9997847380756688	0.00042717281409132557
427	0.999507686016871	0.9980179467968856	-0.0014897392199854087
428	0.9993201458169473	0.9990069525564977	-0.0003131932604495402
429	0.9993933656631653	0.9994051129207087	1.1747257543381906e-05
430	0.9997787620733528	0.9991498885189769	-0.0006288735543759083
431	0.9997345255466064	0.9996477194821384	-8.680606446798134e-05
432	0.9994268542780576	0.9987901647814478	-0.0006366894966097769
433	0.9995885686216944	0.9993039314082518	-0.00028463721344262893
434	0.9998999595852219	0.9995824556947812	-0.0003175038904407179
435	0.9999487290970166	0.9998813799903236	-6.734910669303762e-05
436	0.9998416213272246	0.9994709607791596	-0.0003706605480650049
437	0.9996205224780369	0.9994080829560138	-0.00021243952202310012
438	0.9996037806406265	0.9991801336253096	-0.0004236470153169414
439	0.9995737188944583	0.9993942317380641	-0.0001794871563942646
440	0.999840998991655	0.9994888350189706	-0.00035216397268444943
441	0.9998906162284555	0.9995683424300814	-0.0003222737983741286
442	0.9992044237479849	0.9987853953121927	-0.0004190284357922236
443	0.9999497609640764	0.9998760406078288	-7.372035624764184e-05
444	0.9995406745699366	0.9988176706873322	-0.0007230038826043783
445	0.9997093398369405	0.999660205553354	-4.9134283586549365e-05
446	0.9993433275603796	0.9992174973529951	-0.0001258302073844364
447	nan	nan	nan
448	0.999588604925096	0.998931349849443	-0.0006572550756530626
449	0.9997613183138105	0.9988010880641854	-0.0009602302496251047
450	0.9995643067862099	0.9992951292184762	-0.0002691775677337027
451	0.9997628524679667	0.9989752970103333	-0.0007875554576334265
452	0.9998869182825063	0.9995880992281968	-0.00029881905430950706
453	0.9998321496546999	0.999249176321933	-0.0005829733327669118
454	0.9997375015922093	0.9990730428878488	-0.0006644587043604933
455	0.9993224399912478	0.9991817633017714	-0.00014067668947637113
456	0.9995296756979315	0.9996080975187039	7.84218207724452e-05
457	0.9993430524885012	0.9991834615880041	-0.00015959090049710856
458	0.9997531048379495	0.9999201059920673	0.00016700115411771854
459	0.99960026844227	0.9992944823234317	-0.00030578611883835816
460	0.9994908309575359	0.9990023964125905	-0.0004884345449454042
461	0.9998452158050998	0.9994589118762521	-0.0003863039288476422
462	0.9999404535283487	0.9997880511371916	-0.00015240239115710263
463	0.9998412505013408	0.999409709203977	-0.00043154129736378
464	0.9993901254917744	0.99947208308788	8.195759610563069e-05
465	0.9997329925775158	0.9997157522012851	-1.7240376230742704e-05
466	0.9991529296389987	0.9989952521047732	-0.00015767753422546438
467	0.9997879957887175	0.9991883369896682	-0.0005996587990492186
468	0.9998097875104054	0.9992517043919006	-0.0005580831185048041
469	0.9997584789732491	0.999244534079475	-0.0005139448937740987
470	0.999758827255195	0.9987361087406333	-0.0010227185145617046
471	0.9991127795160961	0.9991453739052664	3.259438917024848e-05
472	0.9997279113028754	0.9990117650466291	-0.000716146256246275
473	0.9997707817888	0.9991580822540977	-0.0006126995347022213
474	0.9995480045530213	0.9990203148651774	-0.0005276896878438908
475	0.9994357534465877	0.9994277344747382	-8.01897184954381e-06
476	0.9995677443821277	0.99931001862654	-0.00025772575558768995
477	0.9993746907285989	0.998396994633928	-0.0009776960946709101
478	0.9996947847297886	0.9994799650186694	-0.00021481971111914078
479	0.9998334976903006	0.9996109454974108	-0.00022255219288980221
480	0.9996074451755085	0.9991374284653084	-0.00047001671020008295
481	0.9994381848151492	0.9993540928655094	-8.40919496398751e-05
482	0.9995050662772272	0.9993187817955539	-0.00018628448167334888
483	0.9996588075058361	0.998946244693663	-0.0007125628121731342
484	0.9994159647455838	0.9994163722152846	4.074697007583339e-07
485	0.9996175197584762	0.9992908164866019	-0.0003267032718743401
486	0.999233079188845	0.9995528831899387	0.00031980400109377083
487	0.9997341882054809	0.9989923530266558	-0.0007418351788250899
488	0.999303524174559	0.9986732363385731	-0.0006302878359859543
489	0.9996653008963546	0.9994707201194073	-0.00019458077694733955
490	0.9996278125431883	0.9994355420666927	-0.00019227047649561513
491	0.9997955345668051	0.9992007165891813	-0.0005948179776238405
492	0.9998460671855056	0.9996698633362902	-0.00017620384921546162
493	0.999897963429148	0.999595864484747	-0.00030209894440103024
494	0.9991168954469271	0.9984966982443557	-0.0006201972025713376
495	0.999739633752673	0.9988897276176955	-0.000849906134977596
496	0.998895679944924	0.9984156519717399	-0.00048002797318413837
497	0.9998840598401277	0.999664207025118	-0.00021985281500969123
498	0.9998584740526587	0.9995526928071115	-0.00030578124554725417
499	0.9993558058470651	0.9993957968503948	3.999100332974237e-05
500	0.999587400455362	0.999486398135525	-0.00010100231983700692
501	0.9995441624972576	0.9990673603823542	-0.0004768021149034185
502	0.9998958639050675	0.9996854567919091	-0.0002104071131583396
503	0.999552014337457	0.9993883920541976	-0.00016362228325939032
504	0.9996923463981751	0.9996415404719423	-5.080592623274427e-05
505	0.9994631515661173	0.9994682975583737	5.145992256427867e-06
506	0.9995631945990001	0.9993318318111774	-0.0002313627878227642
507	0.999777318788055	0.9991626170336888	-0.0006147017543661759
508	0.9997561667461052	0.9990656912665783	-0.0006904754795269419
509	0.9996682799951468	0.9990563132509235	-0.0006119667442233689
510	0.9996154035815097	0.9987138934298103	-0.0009015101516993695
511	0.9997741826912301	0.9999189332051452	0.00014475051391515947
512	0.9996918196321617	0.9996299373991591	-6.18822330026303e-05
513	0.9996939141954423	0.9996445303586173	-4.938383682495662e-05
514	0.999498525996602	0.9990130600129462	-0.0004854659836558417
515	0.999643151918907	0.9994466984614627	-0.00019645345744423448
516	0.9999501714424701	0.9998768539767893	-7.331746568084441e-05
517	0.9993184107575307	0.998734872782072	-0.0005835379754587366
518	0.999950594642026	0.9997272486765868	-0.00022334596543915897
519	0.9997029571782192	0.9987878352473541	-0.0009151219308650704
520	0.9995585825933931	0.9991731102196044	-0.00038547237378872
521	0.9998937452066609	0.9996058848394999	-0.00028786036716099694
522	0.9998907775921069	0.9995018521404476	-0.00038892545165924997
523	0.9996316855851144	0.9992650904448411	-0.00036659514027326257
524	0.9990734238234316	0.9996746087353624	0.000601184911930841
525	0.9993806524618276	0.9991581821821889	-0.00022247027963873123
526	0.9994806067678739	0.9991214416033875	-0.0003591651644864191
527	0.9995749255757372	0.9993399612200656	-0.00023496435567160745
528	0.9997301603481927	0.9992331409682796	-0.0004970193799130884
529	0.9994049033652613	0.9993367492954275	-6.815406983384786e-05
530	0.9999995375331023	0.9999998265975286	2.890644262842912e-07
531	0.9997406999858715	0.9991386982104633	-0.0006020017754081453
532	0.9995407943730901	0.9991798794080398	-0.0003609149650503074
533	0.9996833819698323	0.9996049088786662	-7.847309116615353e-05
534	0.9999023731373649	0.9997538593980245	-0.00014851373934032797
535	0.9997053586981229	0.9997716676231665	6.630892504355668e-05
536	0.999596181476675	0.9995820334921388	-1.4147984536139191e-05
537	0.9996224731332214	0.9993261604161073	-0.0002963127171140556
538	0.9994498905839381	0.9995806361231752	0.0001307455392370871
539	0.9992200717094334	0.9993491369221051	0.00012906521267175286
540	0.999784674618178	0.9999307242622499	0.00014604964407194387
541	0.9998481944976418	0.9993766226067217	-0.00047157189092017493
542	0.9998959099942396	0.9996195541746158	-0.00027635581962381917
543	0.9993431929494285	0.9992543069532741	-8.888599615441972e-05
544	0.9995654434987665	0.999138215546691	-0.000427227952075504
545	0.9998361218232702	0.9995580783083668	-0.0002780435149033478
546	0.9994977616305979	0.9996881638532874	0.0001904022226895119
547	0.9993424854101522	0.9988605171723451	-0.0004819682378071066
548	0.999681889872251	0.9993954532274635	-0.0002864366447875577
549	0.9995341202778828	0.9990399514094126	-0.0004941688684702017
550	0.9996913531935273	0.9996078451565877	-8.350803693957243e-05
551	0.9994933749144632	0.9987230790300033	-0.0007702958844598706
552	0.9995140631166292	0.9992113267026066	-0.0003027364140225641
553	0.9994409390075191	0.999319557629539	-0.00012138137798012316
554	0.9993184957884294	0.9997625585147474	0.00044406272631802857
555	0.9994845426033404	0.9988270888757887	-0.0006574537275516601
556	0.9994386870319424	0.9995904254299696	0.00015173839802717914
557	0.9998960628693768	0.9995040476386918	-0.00039201523068499444
558	0.9990107439596254	0.9986488587421593	-0.0003618852174661624
559	0.9998877575484624	0.9997557470985362	-0.00013201044992616762
560	0.9993584407127403	0.9992521910355221	-0.00010624967721817313
561	0.9996223862764344	0.9994872373935384	-0.0001351488828960079
562	0.999485682060674	0.9993603419198852	-0.00012534014078879885
563	0.9999496241859486	0.9998865881236655	-6.30360622830839e-05
564	0.9998533571786323	0.9995815018843675	-0.00027185529426487776
565	0.9994245407722526	0.9989583713823098	-0.00046616938994281654
566	0.9998385077972367	0.9993898412762862	-0.00044866652095054693
567	0.9996562687301292	0.9996664835608169	1.0214830687638177e-05
568	0.9998862456419826	0.9996229448029811	-0.00026330083900150125
569	0.9998550826964953	0.9995082243187271	-0.00034685837776815553
570	0.9995161752525628	0.9989132891510987	-0.0006028861014640841
571	0.9997582451680735	0.9999028166859674	0.00014457151789382117
572	0.999398304185667	0.9994430341857365	4.4730000069548304e-05
573	0.9997279187532999	0.9997081668749038	-1.9751878396090383e-05
574	0.9998381094837442	0.9993224668499109	-0.000515642633833302
575	0.9993846245868742	0.9984825666850299	-0.0009020579018442776
576	0.9996778012949534	0.9994287133542594	-0.00024908794069400386
577	0.9997860427570668	0.9991345995198038	-0.0006514432372630719
578	0.9995266934458584	0.9991359841494074	-0.0003907092964510195
579	0.9992831252542216	0.9989112066316944	-0.00037191862252716756
580	0.9996963009122447	0.9989948143862772	-0.0007014865259674652
581	0.9995667338388133	0.9991054713952326	-0.00046126244358069
582	0.9995322163709436	0.9989356850125792	-0.0005965313583643495
583	0.9998559206777741	0.9994977408325405	-0.00035817984523356383
584	0.9999427807692455	0.9998037851986566	-0.00013899557058882905
585	0.9997391093998574	0.9996475245671075	-9.158483274995799e-05
586	0.9998287878719325	0.9992285034259182	-0.000600284446014343
587	0.9994315806548216	0.9992456708595866	-0.0001859097952350286
588	0.9996201752937974	0.9991967589641171	-0.00042341632968034837
589	nan	nan	nan
590	0.9993748774703948	0.9987841010594395	-0.0005907764109552849
591	0.999288653065424	0.9993090186997745	2.036563435048322e-05
592	0.9996591566920014	0.9996018835069478	-5.727318505366341e-05
593	0.9988789369173042	0.9989629466156729	8.40096983686367e-05
594	0.9995536237378562	0.9992329627040856	-0.0003206610337705973
595	0.9999089173452529	0.9994698636220144	-0.0004390537232384917
596	0.9999461490814615	0.9998179451674921	-0.00012820391396939357
597	0.9993225289102633	0.9990508202259906	-0.0002717086842727312
598	0.9994509509520394	0.9991991854055992	-0.0002517655464402413
599	0.9996753360166689	0.9993407484997424	-0.0003345875169264989
600	0.9995761322419412	0.9992030520377598	-0.0003730802041813641
601	0.999569390683092	0.999231483158762	-0.00033790752433005
602	0.9997775777395056	0.9993744464531535	-0.0004031312863520542
603	0.999492869696582	0.9988946325861225	-0.0005982371104594764
604	0.9998408775744363	0.9994112030472135	-0.00042967452722275645
605	0.999660426408207	0.999356794610846	-0.00030363179736092594
606	0.9993480304047297	0.9991223326984633	-0.0002256977062664589
607	0.9997556131913864	0.9999157246076874	0.000160111416301012
608	0.9997774175766131	0.9992733216683674	-0.0005040959082457386
609	0.9993979136256941	0.9992274532169203	-0.000170460408773776
610	0.9993454698695178	0.99889338101495	-0.00045208885456782255
611	0.9997987808700961	0.9992335220622516	-0.0005652588078445264
612	0.9996168610263385	0.9996531167756917	3.625574935317566e-05
613	0.9996347901747124	0.9995917556241034	-4.303455060894468e-05
614	0.9994745474633857	0.999558231865208	8.368440182227044e-05
615	0.9998469869283518	0.9993235346818383	-0.0005234522465135116
616	0.9994054096819535	0.9993174831936009	-8.792648835254102e-05
617	0.9994218265466095	0.999525325435849	0.00010349888923955053
618	0.9999475103903007	0.9997194507576133	-0.00022805963268746066
619	0.9992364464867198	0.9993923075588462	0.00015586107212639533
620	0.9998290281721678	0.9991003475001394	-0.000728680672028359
621	0.9992107523183595	0.9986965179641348	-0.0005142343542247074
622	0.9996336002357686	0.9992993744818253	-0.0003342257539433735
623	0.9998195590444846	0.9991578735704437	-0.0006616854740408851
624	0.9996086744474588	0.9995781848282558	-3.0489619203044604e-05
625	0.9997905158218777	0.9991030375594274	-0.0006874782624503029
626	0.9998845424125065	0.9994053879348974	-0.00047915447760904506
627	0.9994127971320641	0.9980738202357947	-0.0013389768962693838
628	0.9996461675999372	0.9993267009122185	-0.0003194666877186503
629	0.9995870620552182	0.9992678010774118	-0.0003192609778064348
630	0.9992180463872525	0.9996910567271095	0.0004730103398569163
631	0.9996240995691045	0.9992077634105484	-0.0004163361585560743
632	0.9994376810357932	0.9994910933143012	5.341227850796937e-05
633	0.999218750202944	0.9988593062589926	-0.0003594439439514874
634	0.9995764713513927	0.9990722370967515	-0.0005042342546411893
635	0.999845005185827	0.9993314570479582	-0.0005135481378687468
636	0.9998440504130958	0.9994584299648116	-0.000385620448284163
637	0.9992654503609455	0.9992847335758025	1.928321485700213e-05
638	0.999160551316488	0.9994504254216011	0.0002898741051131637
639	0.9996488470450331	0.9993590034644588	-0.0002898435805742672
640	0.9992282827515162	0.9990184747066394	-0.0002098080448768025
641	0.9998809389452334	0.9994967029538179	-0.0003842359914155713
642	0.999605388824485	0.9987522982104986	-0.0008530906139864181
643	0.9998965991918244	0.9997486620137566	-0.00014793717806782514
644	0.9999496493585505	0.9998239653638102	-0.00012568399474022218
645	0.9998923489302662	0.9995305358862112	-0.000361813044055026
646	0.9999988587535573	0.999999520175917	6.614223596601576e-07
647	0.9998141041074128	0.9993804002598023	-0.0004337038476104338
648	0.9997864495560087	0.9993219185345704	-0.00046453102143828584
649	0.9995761437602143	0.9990216544017348	-0.0005544893584794597
650	0.9996103906475471	0.9992485920642408	-0.0003617985833063164
651	0.9999426462081812	0.9997964647863362	-0.00014618142184497085
652	0.9995723999881806	0.9991285654415646	-0.0004438345466160065
653	0.9998828513185608	0.9996202140074183	-0.00026263731114251065
654	0.9995496924474998	0.999824923059778	0.0002752306122781878
655	0.9996438667983234	0.9994602276950447	-0.0001836391032786766
656	0.9995773453785572	0.9993049099343632	-0.0002724354441940857
657	0.9998306118459851	0.9994581529866285	-0.0003724588593565503
658	0.9998444043775141	0.9994371187474176	-0.00040728563009651
659	0.99947117339937	0.9994774144495004	6.241050130473269e-06
660	0.9996096418994845	0.9993896640726883	-0.00021997782679628042
661	0.9996324306482035	0.9996345130184092	2.0823702057137794e-06
662	0.9997656416890941	0.9999322197388125	0.00016657804971842438
663	0.9997836072257671	0.9999302325691779	0.00014662534341081113
664	0.9998931634848819	0.9995562039478971	-0.00033695953698476
665	0.9998353821934727	0.9992150840050251	-0.0006202981884475545
666	0.9996670414200711	0.9994981959248144	-0.00016884549525675308
667	0.9998944045745632	0.9994384556889608	-0.00045594888560240854
668	0.9989325954626559	0.998842623949166	-8.997151348988375e-05
669	0.9998002565103183	0.999077439724052	-0.0007228167862662893
670	0.998801958935195	0.9989657787248096	0.00016381978961466093
671	0.9996989133701984	0.9987636616110992	-0.0009352517590992537
672	0.9994806242258821	0.9996453277725306	0.000164703546648437
673	0.9996990726382294	0.9997432872329117	4.4214594682290276e-05
674	0.9993583566776815	0.9996394328142566	0.0002810761365751313
675	0.9993332826010547	0.9992432168548173	-9.006574623737773e-05
676	0.9995423427758762	0.9991357428567482	-0.0004065999191279479
677	0.9997281184106901	0.9990439477079681	-0.0006841707027219757
678	0.9996607531811655	0.9995178151552989	-0.00014293802586662352
679	0.9996118449151443	0.9994430346962861	-0.00016881021885817304
680	0.9997033488805129	0.999789419630135	8.607074962208028e-05
681	0.9999510747209513	0.999711539026418	-0.0002395356945333882
682	0.999385518999857	0.999310451833205	-7.506716665195423e-05
683	0.9995294302633205	0.9991530460371507	-0.0003763842261698125
684	0.999718006142738	0.9997313290743747	1.3322931636694513e-05
685	0.9996923671741362	0.9994773805195437	-0.00021498665459251942
686	0.9995526555339947	0.9992721118255735	-0.00028054370842123255
687	0.9997175832582007	0.9997462865022988	2.8703244098093883e-05
688	0.9996896460651254	0.9995926585996282	-9.698746549724468e-05
689	nan	nan	nan
690	0.9997864699025147	0.9993205650103659	-0.00046590489214881625
691	0.9997740675579199	0.9990482745108289	-0.0007257930470909724
692	0.999944527630791	0.9998140279702619	-0.00013049966052913753
693	0.9995718264477853	0.9991854063349167	-0.0003864201128686018
694	0.9997842808771048	0.9990661519367294	-0.0007181289403753732
695	0.9998263633441331	0.9993425644731705	-0.0004837988709626151
696	0.9993130856745608	0.9989991102630715	-0.00031397541148925345
697	0.9998336941098047	0.9995066799981507	-0.0003270141116540337
698	0.9997112130676873	0.9991945131052953	-0.0005166999623920088
699	0.9998541078226272	0.9992376319897077	-0.0006164758329194608
700	0.9997270934209096	0.999731202253683	4.108832773352944e-06
701	0.9999461780887203	0.9998788776281436	-6.730046057668027e-05
702	0.9995395398376703	0.9988509066876238	-0.0006886331500465248
703	0.9998387583316627	0.9993946758303666	-0.00044408250129612803
704	0.9990533987917983	0.998945223345165	-0.00010817544663332956
705	0.9993543819135124	0.9992401781801268	-0.00011420373338566492
706	0.9998992244304146	0.9995918975539406	-0.00030732687647394563
707	0.9995211377855924	0.9993451690277474	-0.00017596875784497978
708	0.9986254186458323	0.9989826032100841	0.0003571845642518223
709	0.999854469269658	0.9996021499118866	-0.00025231935777147996
710	0.999353679412158	0.999185423762773	-0.00016825564938505178
711	0.999511443357477	0.9995737460513595	6.230269388252108e-05
712	0.9995519557324327	0.9998639336911174	0.0003119779586846505
713	0.9995432533297398	0.9991811336467831	-0.0003621196829567408
714	0.9997968694613691	0.9990857297688989	-0.0007111396924702751
715	0.9999493943778126	0.9997241704237317	-0.00022522395408086648
716	0.9993982252357422	0.9992730443212405	-0.0001251809145016436
717	0.9996947571075117	0.9994699851129488	-0.00022477199456283348
718	0.9987692516206281	0.9985650957721759	-0.00020415584845223655
719	0.9999017212008408	0.999701982125841	-0.00019973907499970522
720	0.9995513178203013	0.9991958338387548	-0.0003554839815465005
721	0.9995683958061118	0.9998511122976762	0.00028271649156441647
722	0.9997401152826435	0.9997373025176831	-2.8127649603915117e-06
723	0.9992975653194374	0.9989953921544885	-0.00030217316494884905
724	0.9996245437719673	0.9983045232966659	-0.0013200204753014422
725	0.9997410832339079	0.9992669948538168	-0.0004740883800911089
726	0.9998481049783674	0.9994883680134721	-0.0003597369648953297
727	0.9997565634728612	0.9992309946820576	-0.0005255687908036766
728	0.9997125289497617	0.9997277766004422	1.5247650680505487e-05
729	0.999731296927203	0.9988550466623493	-0.0008762502648537174
730	0.9998358344938859	0.9994597933327769	-0.00037604116110900865
731	0.9996456908096621	0.9996210019689508	-2.468884071138433e-05
732	0.9997799213217391	0.9992409829766786	-0.000538938345060469
733	0.999797187038236	0.9990521430851925	-0.0007450439530434227
734	0.9995171143614292	0.9987575663134596	-0.000759548047969627
735	0.9992659005742044	0.9990014680430286	-0.0002644325311758067
736	0.9997101317695384	0.9996305340373449	-7.959773219345934e-05
737	0.9995122090451708	0.9998538171417123	0.00034160809654149027
738	0.9995376056982129	0.9991094605293613	-0.00042814516885159026
739	0.9992930462221626	0.999157187090212	-0.00013585913195068855
740	0.9996486807190635	0.999625629579583	-2.305113948053439e-05
741	0.9989231983389234	0.9992836923037279	0.00036049396480453133
742	0.9993599245841236	0.9984938636484882	-0.0008660609356353488
743	0.9993475304294198	0.9991185102928503	-0.00022902013656955766
744	0.9997480423813986	0.9991093825215531	-0.0006386598598454585
745	0.9995561201904298	0.9998625236616553	0.0003064034712254582
746	0.9997985180545252	0.9992508566798947	-0.0005476613746305814
747	0.9996417147812335	0.9994280237230764	-0.0002136910581571616
748	0.9996348759568133	0.9988348680395513	-0.0008000079172619801
749	0.9997062848124704	0.9996480210392712	-5.8263773199174196e-05
750	0.9995106977148146	0.998890386142163	-0.0006203115726516328
751	0.9997120275743112	0.9998251879563114	0.00011316038200015477
752	0.9998858943397556	0.9996741698395261	-0.0002117245002295487
753	0.9994831068725587	0.998891069179552	-0.0005920376930067528
754	0.9998348548023925	0.9992154881927628	-0.0006193666096296901
755	0.9987082669833766	0.9989404168030233	0.00023214981964669867
756	0.9993597867138176	0.9987671038745116	-0.0005926828393060246
757	0.9995258325691354	0.9991072683886736	-0.0004185641804618223
758	0.999207705191346	0.9985674760461103	-0.00064022914523576
759	0.9999068359954452	0.9994464579229089	-0.0004603780725362938
760	0.9994846714251254	0.9987901042854438	-0.0006945671396816344
761	0.9997484777104909	0.999079666346707	-0.0006688113637839388
762	0.9998859875938922	0.9994506047794802	-0.000435382814412022
763	0.9993469882175352	0.9992067397670683	-0.0001402484504668955
764	0.9997332237574029	0.9999106244336358	0.00017740067623284173
765	0.9997291128721953	0.9989319975876584	-0.0007971152845369645
766	0.9994193743452509	0.9995238716298656	0.00010449728461470187
767	0.9993963833587195	0.9990701792218732	-0.00032620413684625316
768	0.9988482615593363	0.9994434268206009	0.0005951652612646852
769	0.9993817715559893	0.9991524695513395	-0.00022930200464976735
770	0.9998904168720455	0.9996129649393803	-0.00027745193266515145
771	0.9990196381125814	0.9989780718821647	-4.156623041673413e-05
772	0.9999508457343851	0.9998830923815145	-6.775335287056983e-05
773	0.9996127633006011	0.9990652517282396	-0.0005475115723615476
774	0.9997631038783618	0.9999264266108085	0.00016332273244679119
775	0.9998612534728594	0.9995044302505051	-0.00035682322235430775
776	0.9995589584679124	0.999865160578581	0.00030620211066856307
777	0.9995149007546605	0.9989715166042649	-0.000543384150395676
778	0.9993641606990751	0.9986348764671636	-0.0007292842319114312
779	0.9997967640590165	0.9993557551767703	-0.0004410088822461855
780	0.9998072356889616	0.9991309843906558	-0.00067625129830573
781	0.9998458686520922	0.9993353615769335	-0.0005105070751587615
782	0.9995992053606343	0.999209500535905	-0.0003897048247293311
783	0.9998493105561455	0.9994025453986133	-0.0004467651575321696
784	0.9997268819451612	0.9998209407191456	9.405877398438456e-05
785	0.9996062638847557	0.9991946929760118	-0.0004115709087438857
786	0.9998566335533868	0.9996900847127728	-0.00016654884061406694
787	0.999898705638042	0.999713791019574	-0.000184914618467924
788	0.9996636514364365	0.9996143955882021	-4.925584823445295e-05
789	0.999541705661617	0.9986236263722202	-0.0009180792893968004
790	0.9995004406474344	0.9988510670004201	-0.0006493736470142286
791	0.9997527635742385	0.9988310503110205	-0.0009217132632179936
792	0.9996434900935331	0.9982049514239343	-0.0014385386695988656
793	0.9995434401265519	0.9990978238279675	-0.000445616298584417
794	0.9993611122155796	0.9994497953433823	8.868312780274668e-05
795	0.9998531453724465	0.9995353273862778	-0.00031781798616870027
796	0.999899894118297	0.9997555489307565	-0.00014434518754058434
797	0.9998863700553235	0.9994968369561195	-0.00038953309920408685
798	0.9997780327252703	0.9991916784904284	-0.0005863542348418793
799	0.9996652375834708	0.9996482319340332	-1.7005649437629167e-05
800	0.9994611434938507	0.999027902964669	-0.00043324052918169986
801	0.9993230467139709	0.999120538528654	-0.0002025081853168631
802	0.9994827714288603	0.9996741088866653	0.00019133745780497424
803	0.9994725319287371	0.9987852902839823	-0.0006872416447547547
804	0.9998278487861354	0.9994716994212774	-0.00035614936485794946
805	0.9992767507879464	0.9991127490596513	-0.0001640017282951156
806	0.9999445521998592	0.9998848215413202	-5.9730658539036696e-05
807	0.9998291967516474	0.9994755559671226	-0.0003536407845248224
808	0.9995962457812969	0.9991158841414479	-0.00048036163984899183
809	0.9994643865727054	0.9988785383249698	-0.0005858482477356652
810	0.9996567451526339	0.9996109683605785	-4.5776792055418625e-05
811	0.9994016252315294	0.9987735842605697	-0.0006280409709596979
812	0.9997729087658379	0.9992444758623282	-0.0005284329035096791
813	0.9998055663680763	0.9991336326920803	-0.0006719336759959393
814	0.9996318874391416	0.9993357370322361	-0.0002961504069054488
815	0.9997236788668494	0.9990800601400099	-0.00064361872683949
816	0.999664028690504	0.9996103762465134	-5.3652443990581666e-05
817	0.9997962991941574	0.9991633184812705	-0.0006329807128868659
818	0.9994798277049437	0.9998340610409937	0.00035423333605000273
819	0.9996962609612642	0.9998276907323533	0.0001314297710891532
820	0.9992639172112918	0.9993279853691787	6.406815788684295e-05
821	0.9995505741496138	0.9993329947564478	-0.00021757939316602304
822	0.9996532959545253	0.9993429404407822	-0.0003103555137431435
823	0.9994720075388559	0.9987445707386047	-0.0007274368002512244
824	0.999702253511736	0.9997361812389861	3.392772725008264e-05
825	0.9996742914163036	0.99945842728648	-0.00021586412982355085
826	0.999482769552112	0.9996377188151627	0.00015494926305070766
827	0.999713370408618	0.9996191545401457	-9.421586847224717e-05
828	0.9997826680015562	0.9993615634080976	-0.00042110459345867657
829	0.9996847328123744	0.9996221816779894	-6.255113438491389e-05
830	0.99926420711757	0.9990485880551375	-0.00021561906243250384
831	0.9990608175043747	0.999313042064841	0.0002522245604662521
832	0.9996444055867058	0.9994192339902069	-0.0002251715964988188
833	0.9985711483306329	0.9979788221747565	-0.0005923261558763437
834	0.999617708766846	0.998742394972768	-0.0008753137940780142
835	0.9994707191531951	0.9990349696240954	-0.00043574952909963827
836	0.9997702960426255	0.9990757903962915	-0.0006945056463339982
837	0.9993358447896421	0.9989393429536677	-0.00039650183597439437
838	0.999772191663213	0.999088886235212	-0.0006833054280009909
839	0.999604448674613	0.9993642299631862	-0.0002402187114267651
840	0.9993448836134984	0.9991384673859464	-0.00020641622755201983
841	0.9995489260100531	0.9991082447141053	-0.0004406812959477646
842	0.9998342924620639	0.9995910956713441	-0.00024319679071982403
843	0.9997802998364395	0.9994130670559241	-0.00036723278051531416
844	0.9994330125061843	0.9987537989117824	-0.0006792135944019284
845	0.9996017938629885	0.9992311305892358	-0.0003706632737526805
846	0.9991712839479122	0.9988053324513488	-0.000365951496563377
847	0.9995786613042887	0.9991019181884835	-0.00047674311580525597
848	0.999272209494353	0.9985143535204871	-0.0007578559738659063
849	0.9993068609237896	0.9990623912696764	-0.00024446965411317745
850	0.9998510990406513	0.999419516831681	-0.00043158220897032695
851	0.9996040397849494	0.9993907326457943	-0.00021330713915512778
852	0.9996835857518975	0.9996128163954724	-7.076935642513771e-05
853	0.9997013021264404	0.999639112295133	-6.218983130734657e-05
854	0.9994260558177281	0.9993494342861587	-7.662153156939855e-05
855	0.9998931133971952	0.9995586380822106	-0.0003344753149846502
856	0.9992293778094453	0.9987288466207401	-0.0005005311887051889
857	0.9997272288311899	0.9994038594947869	-0.0003233693364029788
858	0.9994118675818514	0.9996224861789268	0.00021061859707538488
859	0.9998980083000087	0.9997118764279641	-0.000186131872044637
860	0.9993714023412963	0.9994285102327913	5.710789149504514e-05
861	0.9995474399047454	0.9991327865224212	-0.0004146533823241594
862	0.9995218172449084	0.9991096060170931	-0.0004122112278153178
863	0.9994521691331455	0.9996580419819302	0.00020587284878470502
864	0.9997580261049923	0.999904682837892	0.00014665673289970815
865	0.9994756864509032	0.9997223434526282	0.0002466570017249925
866	0.9996904829841953	0.9997695758805601	7.909289636487404e-05
867	0.99994758004529	0.9998829155725059	-6.466447278419274e-05
868	0.9998523726611982	0.9993999482500665	-0.0004524244111316911
869	0.9996883957514819	0.998946508325613	-0.0007418874258688923
870	0.9997678029796119	0.9987745649301103	-0.000993238049501577
871	0.9999438559490984	0.9997190100037092	-0.0002248459453891849
872	0.9994022178467703	0.9993679506984898	-3.426714828047572e-05
873	0.9997013016348333	0.9997286121532933	2.7310518460055278e-05
874	0.9996696285045132	0.9996520955349961	-1.7532969517120023e-05
875	0.9996721845195167	0.9994945464186878	-0.00017763810082882525
876	0.9997000529117791	0.9996509397068518	-4.911320492728688e-05
877	0.9992418648935824	0.9980176742902348	-0.0012241906033475525
878	0.9998495343956879	0.9993928368098554	-0.00045669758583255504
879	0.9997263428747297	0.9989120345758442	-0.0008143082988855133
880	0.9993847433067369	0.9982561505793793	-0.001128592727357547
881	0.9998915751803815	0.9995509800026252	-0.00034059517775630876
882	0.9999024974091658	0.9995411492955371	-0.00036134811362875663
883	0.999591204377702	0.9994918769128238	-9.93274648781739e-05
884	0.9997864605310439	0.9988232574613982	-0.0009632030696457017
885	0.9999459867280809	0.9998793969919751	-6.658973610573771e-05
886	0.9994620994043153	0.9995290683034849	6.696889916957272e-05
887	0.9994191136990774	0.9993208980832006	-9.821561587686212e-05
888	0.998745421121578	0.9982603546616947	-0.0004850664598833321
889	0.9996381846585056	0.9995742727737991	-6.391188470655784e-05
890	0.9998914202619797	0.9996994088047142	-0.0001920114572655507
891	0.9999403301717461	0.9998025389943891	-0.00013779117735701618
892	0.9994482891719186	0.9985705634927773	-0.0008777256791413501
893	0.9998989570895217	0.9995423142625098	-0.000356642827011866
894	0.9997473835432942	0.9991590584215667	-0.0005883251217274621
895	0.9993362099837078	0.9985813588459896	-0.0007548511377181155
896	0.9994853942298129	0.9998409922046354	0.0003555979748225413
897	0.9992452577764595	0.9995760276880895	0.00033076991163005776
898	0.9996366424598364	0.9992786748411298	-0.00035796761870665605
899	0.999541165635323	0.9990333638252715	-0.0005078018100515003
900	0.9994316337545527	0.9996132042807632	0.00018157052621048386
901	0.9992596404734276	0.9997871080200704	0.0005274675466427903
902	0.9996972871126079	0.9996283189106943	-6.896820191359954e-05
903	0.9995284589744062	0.998865633953907	-0.0006628250204991915
904	0.999701543888309	0.9997032703918429	1.726503533916457e-06
905	0.9995787544404421	0.9991721503063017	-0.0004066041341403981
906	0.999521242390715	0.999779591530442	0.0002583491397269988
907	0.9999023045924137	0.9996162648649024	-0.00028603972751128914
908	0.9996062370133362	0.9992881015447589	-0.00031813546857728525
909	0.9994009871609676	0.9992814951853707	-0.00011949197559690816
910	0.9995741587021	0.9991861173522378	-0.0003880413498621449
911	0.999725663619809	0.999276141178768	-0.000449522441041017
912	0.999716065660984	0.9997993913539323	8.332569294822179e-05
913	0.9994893675989778	0.9997226891663841	0.00023332156740629717
914	0.9996008220530456	0.9993271604309378	-0.0002736616221077348
915	0.9991828460962224	0.9992919936773355	0.0001091475811130227
916	0.999941992155276	0.999805029341672	-0.00013696281360398022
917	0.9998456208134163	0.9995361742689822	-0.0003094465444340999
918	0.9998919975656718	0.9995612996333406	-0.00033069793233120315
919	0.9998537389257224	0.999496921741959	-0.00035681718376334715
920	0.9997804921842468	0.9992963742516732	-0.00048411793257363556
921	0.9994314231269938	0.9994603406321165	2.8917505122683096e-05
922	0.9997928564007978	0.9991591205038884	-0.0006337358969094042
923	0.999318300751475	0.9987750852763289	-0.0005432154751461304
924	0.999867988605273	0.9995816381713578	-0.00028635043391522785
925	0.9998299422887066	0.99919016170226	-0.0006397805864465367
926	0.9996384015717809	0.9991906426049494	-0.00044775896683146854
927	0.9997891166054325	0.9991502435620584	-0.0006388730433740664
928	0.9996863717201265	0.9997013464892442	1.4974769117714892e-05
929	0.9998317623785395	0.9993923723687531	-0.0004393900097864334
930	0.9996264982859338	0.9995006327705266	-0.00012586551540716417
931	0.9997507307091323	0.9987491789054094	-0.0010015518037229665
932	0.9997974064703373	0.9999285276069078	0.00013112113657043345
933	0.999572952446555	0.9989328255050658	-0.000640126941489183
934	0.9993948035554981	0.9994706448105861	7.584125508797168e-05
935	0.9996465112606079	0.9995095047482951	-0.00013700651231274286
936	0.9996386009874857	0.9993104692364829	-0.00032813175100276926
937	0.9998862025363445	0.9995825072218979	-0.0003036953144466281
938	0.9997085138146413	0.9996489847905335	-5.952902410777394e-05
939	0.9993008606426268	0.999226826072381	-7.403457024579563e-05
940	0.9999454346708129	0.9998765391613978	-6.889550941502343e-05
941	0.9994506100997737	0.9994718742846254	2.1264184851710333e-05
942	0.9996779811853634	0.9996888956242264	1.0914438862918985e-05
943	0.9995443358586668	0.9990638400956874	-0.0004804957629793716
944	0.9995213245789039	0.9988219466676992	-0.0006993779112046683
945	0.9993209536867163	0.999035192418147	-0.0002857612685692734
946	0.9995607512433179	0.9988846657739539	-0.0006760854693640406
947	0.9996755384667921	0.9988364173107795	-0.00083912115601259
948	0.9998000339598848	0.9991005430112493	-0.0006994909486355283
949	0.9995464251200425	0.9989589384954565	-0.0005874866245860755
950	0.9998531724081264	0.999524138055874	-0.00032903435225239974
951	0.9997670251801024	0.9991798344678074	-0.0005871907122949604
952	0.9996904464451749	0.9997751218742403	8.467542906542835e-05
953	0.9997782731082618	0.9990907463517802	-0.000687526756481649
954	0.9990391389159532	0.9987528314558984	-0.0002863074600547577
955	0.9996495718926556	0.9994721790746435	-0.00017739281801210094
956	0.9997160109493878	0.9998191728749047	0.00010316192551695913
957	0.9996012808630452	0.999155012650052	-0.00044626821299320607
958	0.9997123723515198	0.999661574488616	-5.079786290373978e-05
959	0.9996075143993678	0.9990702561760272	-0.0005372582233406087
960	0.999638851690006	0.999480938987956	-0.0001579127020500115
961	0.999846573034227	0.9995068695642433	-0.0003397034699836876
962	0.9989885305427607	0.9987560316218682	-0.0002324989208924988
963	0.9999424295694088	0.999806068318305	-0.00013636125110383368
964	0.9998871168910926	0.9995942694564691	-0.0002928474346234333
965	0.9992879346584351	0.9995149107986918	0.000226976140256685
966	0.9989044528534469	0.9983720512979174	-0.0005324015555294714
967	0.998796340050556	0.9990826944272185	0.0002863543766625787
968	0.999529693913645	0.9992091938330668	-0.0003205000805781566
969	0.9997430825387168	0.9988933271687955	-0.0008497553699212679
970	0.9996718033396959	0.9994601046237026	-0.00021169871599324708
971	0.999697651959335	0.9997727275019109	7.507554257590865e-05
972	0.9998059442092178	0.9994513815655752	-0.00035456264364253087
973	0.9995635752685096	0.9992702347453094	-0.00029334052320018067
974	0.9996968286697654	0.9997405503614214	4.372169165600681e-05
975	0.998863134811402	0.9989379692443262	7.48344329242201e-05
976	0.999262742953111	0.9995782880571537	0.000315545104042636
977	0.9997137592903205	0.9997925653665778	7.880607625732061e-05
978	0.9996124371996439	0.9993553512748514	-0.00025708592479245507
979	0.9993177262714472	0.9987671312224171	-0.0005505950490301004
980	0.9997530248452107	0.999910177239862	0.00015715239465130537
981	0.9997764711936572	0.9994386781563995	-0.00033779303725767207
982	0.9997551830258299	0.9990850681868587	-0.0006701148389711697
983	0.9996153596603383	0.9995665148217646	-4.884483857370281e-05
984	0.999904043123844	0.9994139711895312	-0.0004900719343127191
985	0.9998305005911265	0.9995146261764362	-0.0003158744146903869
986	0.9996035244889415	0.9994162766022664	-0.0001872478866751237
987	0.9993625115095922	0.9993001527504448	-6.235875914739619e-05
988	0.9996000321633828	0.9988361977752478	-0.0007638343881349874
989	0.9989653926197927	0.9994146057123892	0.0004492130925964899
990	0.9993750874583482	0.9992784418775648	-9.664558078348318e-05
991	0.9994287923418044	0.9985059387490549	-0.0009228535927494619
992	0.9991570142632447	0.9985639650216083	-0.0005930492416363897
993	0.9997236663001922	0.9998128469153632	8.918061517104725e-05
994	0.9994522057236415	0.9987514045083236	-0.0007008012153179033
995	0.9994936150017055	0.9995330799463795	3.946494467399475e-05
996	0.9998954833965085	0.9996060991618352	-0.00028938423467328445
997	0.9997954806626091	0.9991964266322285	-0.0005990540303806302
998	0.999201990143297	0.9987113944519888	-0.000490595691308271
999	0.9994985627109263	0.9987812002378315	-0.0007173624730948402
1000	0.9992982430430453	0.9992606405714816	-3.7602471563702444e-05
1001	0.9993627148128634	0.9993786836196709	1.5968806807431513e-05
1002	0.9999984861339892	0.9999994836883643	9.975543751039595e-07
1003	0.9997945401385074	0.9990000839118627	-0.0007944562266447575
1004	0.9993808618655299	0.9994577485444075	7.688667887761902e-05
1005	0.9996492113005222	0.9995781324965899	-7.107880393231181e-05
1006	0.9995569765653767	0.999025499650975	-0.0005314769144016962
1007	0.9989954411290821	0.9986473081044616	-0.00034813302462055606
1008	0.9998373197125168	0.9993681805845293	-0.0004691391279875168
1009	0.9999476498758214	0.9997122978060553	-0.0002353520697661038
1010	0.9992836431959381	0.9990551090073075	-0.00022853418863055808
1011	0.9999011034205253	0.9995992042875558	-0.00030189913296951865
1012	0.9994310368266505	0.9993187828534639	-0.00011225397318659347
1013	0.9996004253861025	0.9992970161432803	-0.000303409242822239
1014	0.9994551852737152	0.9986514828110487	-0.000803702462666589
1015	0.9994936466134797	0.9986726197262524	-0.0008210268872272941
1016	0.9997929056246355	0.9989279038134967	-0.0008650018111387991
1017	0.9996267136585061	0.9995952447307173	-3.146892778882471e-05
1018	0.9998983660875476	0.99940892208719	-0.0004894440003575529
1019	0.9997842092677203	0.9989532819902853	-0.0008309272774349452
1020	0.9995534621561467	0.9994662807425223	-8.718141362440424e-05
1021	0.9999433485224875	0.9998151638726531	-0.00012818464983432865
1022	0.9997432818074452	0.9988959816366819	-0.0008473001707632877
1023	0.9998919485412383	0.999534590069333	-0.00035735847190532244
1024	0.999433614212242	0.9989293883594798	-0.000504225852762219
1025	0.9996122394576704	0.9992599458880407	-0.0003522935696297358
1026	0.9995216695402432	0.9986805809819445	-0.0008410885582987859
1027	0.9996534934363493	0.9996188292227044	-3.4664213644952646e-05
1028	0.9994820308339769	0.9994774163160509	-4.614517925993766e-06
1029	0.9998376594837506	0.9994931487248921	-0.0003445107588584406
1030	0.9993248915045719	0.9990152390364313	-0.00030965246814063097
1031	0.9996565726688932	0.9996053744775584	-5.1198191334811405e-05
1032	0.9990434471201702	0.9990214732691556	-2.19738510146561e-05
1033	0.999889275098451	0.9996184439404565	-0.0002708311579945333
1034	0.9996719622091986	0.9995463893176474	-0.00012557289155123996
1035	0.9996578079124199	0.9994446570462476	-0.00021315086617224033
1036	0.9994139978979247	0.9995744623260234	0.00016046442809869443
1037	0.999582212159398	0.9986704157602306	-0.0009117963991673861
1038	0.9998879529657878	0.9994896701310839	-0.00039828283470388914
1039	0.9997275901184507	0.9997562464224357	2.8656303984964104e-05
1040	0.9995017554685219	0.99886620465155	-0.0006355508169719748
1041	0.9991143871931683	0.9990482829555255	-6.610423764275009e-05
1042	0.9997196289749056	0.999725300747039	5.671772133397646e-06
1043	0.9995384353369726	0.9993127960495531	-0.0002256392874194768
1044	0.9990680929689606	0.9990798508217934	1.1757852832805504e-05
1045	0.9993772218919126	0.9993567654273549	-2.045646455772765e-05
1046	0.9996996463813338	0.9987072172309006	-0.0009924291504331828
1047	0.9996582366001051	0.9995108875325461	-0.00014734906755897725
1048	0.9993610577037084	0.9992197111836549	-0.0001413465200534869
1049	0.999799821461769	0.9993563585289511	-0.0004434629328179396
1050	0.9994195290271461	0.9984069458018179	-0.0010125832253282674
1051	0.9992689561514333	0.998626677036576	-0.0006422791148572582
1052	0.9995200375351775	0.9990299804883509	-0.0004900570468265864
1053	0.9996656461882132	0.9994550278187979	-0.0002106183694152719
1054	0.99977366229441	0.9990536375344962	-0.0007200247599138399
1055	0.9991764092897316	0.9988431991518951	-0.00033321013783649267
1056	0.9995165684983536	0.9991111475395494	-0.00040542095880413687
1057	0.9995593945433628	0.9990331654424764	-0.0005262291008863995
1058	0.9996555855966116	0.9995030677460167	-0.00015251785059489098
1059	0.9997852304261111	0.9991463881551874	-0.0006388422709237007
1060	0.9995980552796014	0.9992107227435302	-0.00038733253607126095
1061	0.9996677361211591	0.9984712082316155	-0.0011965278895436082
1062	0.9998352524191998	0.9995346467239526	-0.000300605695247147
1063	0.9998360114087306	0.9994525978239032	-0.00038341358482740784
1064	0.9997827497959308	0.9991154362311694	-0.0006673135647614625
1065	0.9997188765933297	0.9995669828474134	-0.00015189374591628724
1066	0.9999003505631539	0.9996191487927616	-0.0002812017703922587
1067	0.9998412961928411	0.9995027599451279	-0.0003385362477131837
1068	0.9998288725935806	0.9993558178423753	-0.00047305475120529294
1069	0.9996677939339806	0.999657565889143	-1.022804483763462e-05
1070	0.9994417135876889	0.9993832906665695	-5.842292111934988e-05
1071	0.9996582452146553	0.999507892380801	-0.00015035283385433917
1072	0.9994659412989856	0.9988286663844044	-0.0006372749145812096
1073	0.9996772736141635	0.9989259471950277	-0.0007513264191357782
1074	0.9998908704806582	0.9996905686739546	-0.00020030180670360664
1075	0.99972746642589	0.9989398943912227	-0.0007875720346673942
1076	0.9999528601902207	0.9998873722563661	-6.548793385452445e-05
1077	0.9992427059973179	0.9988244619437056	-0.00041824405361234884
1078	0.9987740515371296	0.9990796614039683	0.0003056098668386964
1079	0.9993787238814789	0.998894839065161	-0.00048388481631789215
1080	0.9998435923794481	0.9995793550401392	-0.0002642373393089148
1081	0.9993619331335368	0.998546793993889	-0.0008151391396478136
1082	0.9999097657155546	0.9997833332970526	-0.00012643241850196496
1083	0.9997454293391487	0.9999446453486625	0.0001992160095137807
1084	0.9997332778320024	0.9992202835705328	-0.0005129942614695571
1085	0.9994943795825277	0.9998044517762192	0.00031007219369150185
1086	0.9998450844093203	0.9993251577600699	-0.0005199266492503796
1087	0.9992960125316145	0.9989150488927243	-0.0003809636388901749
1088	0.999526787409021	0.9992305339668607	-0.00029625344216033245
1089	0.9999456915727537	0.9998792284426895	-6.646313006419824e-05
1090	0.9998391082204509	0.999379238333108	-0.000459869887342812
1091	0.999504670577759	0.9996956780307655	0.00019100745300648647
1092	0.9995415114577912	0.9991956009013234	-0.0003459105564678211
1093	0.9998429442037376	0.9992931089642776	-0.0005498352394600614
1094	0.9998439958622988	0.999561181456379	-0.0002828144059198179
1095	0.9997340049921015	0.9991179210809475	-0.0006160839111539751
1096	0.9996496400625589	0.9996128437640623	-3.679629849651089e-05
1097	0.9994824816857963	0.9987244118188079	-0.0007580698669884534
1098	0.9994478832452275	0.9994622892526632	1.4406007435741053e-05
1099	0.9996622363703379	0.9994591770101826	-0.0002030593601552999
1100	0.999456642658459	0.9995516817424729	9.50390840138704e-05
1101	0.9998912116872996	0.9995997405564389	-0.00029147113086069876
1102	0.9994840897893454	0.99870567817469	-0.0007784116146554165
1103	0.9997779921304528	0.9999362756226629	0.0001582834922100318
1104	0.9994978513766356	0.9996680876973211	0.00017023632068546846
1105	0.9999469287085843	0.9998067252534529	-0.00014020345513132693
1106	0.9995963242660165	0.9992149211090423	-0.0003814031569742138
1107	0.9998518490756562	0.9994677491665412	-0.0003840999091149211
1108	0.9993678018099051	0.9993005627493002	-6.72390606049067e-05
1109	0.9995579826547014	0.9995844874968888	2.6504842187358157e-05
1110	0.9999988992900265	0.9999997018123001	8.025222736351978e-07
1111	0.9997085886163767	0.9995367267672804	-0.00017186184909623314
1112	0.9995842300891341	0.9990483963287142	-0.0005358337604198793
1113	0.9995642705590019	0.9990780584719698	-0.0004862120870320341
1114	0.9993697485453821	0.9993183627799858	-5.1385765396316785e-05
1115	0.9995391176330626	0.9991514239693291	-0.00038769366373347935
1116	0.9992076041336695	0.9983155911389319	-0.0008920129947376232
1117	0.9996242258191431	0.9993792356906744	-0.0002449901284686806
1118	0.9993503321118884	0.999095727424453	-0.0002546046874354335
1119	0.9997806669983427	0.9992572914282456	-0.0005233755700970733
1120	0.9997634456262715	0.9992738700210723	-0.0004895756051992439
1121	0.99949182344934	0.9986832394185094	-0.0008085840308305059
1122	0.9997437917057712	0.9992490923804683	-0.0004946993253028831
1123	0.9996879914341812	0.9994123172323002	-0.00027567420188101543
1124	0.9999452743193082	0.9997293877942723	-0.0002158865250359021
1125	0.9997070760303532	0.9997884630454312	8.138701507798274e-05
1126	0.9993462839669688	0.9991527476094291	-0.0001935363575397142
1127	0.9994824226277835	0.9986742884697817	-0.0008081341580018497
1128	0.9999996346990333	0.9999998238853246	1.8918629129949238e-07
1129	0.9998817337116664	0.9996007125653532	-0.0002810211463132317
1130	0.999671729223332	0.9987834110101462	-0.0008883182131858014
1131	0.9994910146657867	0.9996793576138479	0.0001883429480611376
1132	0.9996046560673049	0.9995196087018343	-8.504736547054748e-05
1133	0.999323309111376	0.9991856889094233	-0.00013762020195273728
1134	0.999782584312655	0.9993966786141624	-0.0003859056984926168
1135	0.9994065858054256	0.9992329863578099	-0.00017359944761574653
1136	0.9996981403276275	0.9998069806233358	0.00010884029570834564
1137	0.9992035348768893	0.9987721961939742	-0.0004313386829151167
1138	0.9999496600764571	0.99973857531548	-0.00021108476097708717
1139	0.9992463326090317	0.9989098299571937	-0.0003365026518380443
1140	0.9991473215982393	0.9992995224341449	0.00015220083590561373
1141	0.9991748405796177	0.9992036749500279	2.883437041023562e-05
1142	0.9999430103669724	0.9998688623490419	-7.414801793048653e-05
1143	0.9997486458023481	0.9991278742235584	-0.0006207715787897028
1144	0.9998440439995541	0.9994782854876109	-0.00036575851194320386
1145	0.9995429911480804	0.9989799044316165	-0.0005630867164638786
1146	0.9991504545340834	0.9990693877584883	-8.106677559505115e-05
1147	0.9996188036844126	0.9995335611756372	-8.524250877539608e-05
1148	0.999749379516478	0.9989202661831111	-0.0008291133333668821
1149	0.9994092200256897	0.999547996213604	0.00013877618791435786
1150	0.9995871765556718	0.99929183409568	-0.00029534245999174313
1151	0.9997093145388268	0.99971195873215	2.644193323186883e-06
1152	0.9998016779192312	0.9991976536426089	-0.000604024276622317
1153	0.9999483234516184	0.9998731429362356	-7.518051538280002e-05
1154	0.999525923213413	0.999530878194268	4.954980854954272e-06
1155	0.999639178408439	0.9995994068540316	-3.977155440737512e-05
1156	0.9993997498106967	0.9986792043592884	-0.0007205454514083165
1157	0.9999422914036784	0.9998055076281389	-0.00013678377553949517
1158	0.9994528207049368	0.9995301991699078	7.737846497102296e-05
1159	0.9999996313888372	0.9999998938120234	2.6242318618141525e-07
1160	0.9998595129224657	0.9994459864619147	-0.0004135264605509281
1161	0.9994586740433651	0.999547774497735	8.910045436993919e-05
1162	0.9999996574583011	0.9999998393608723	1.8190257122796538e-07
1163	0.999768063527697	0.9990404383421394	-0.0007276251855575788
1164	0.999393100853836	0.9988185580199282	-0.0005745428339077874
1165	0.9994689102121964	0.9997002608437168	0.00023135063152035507
1166	0.9996912752888488	0.9996188226432162	-7.245264563260356e-05
1167	0.9997819521381558	0.9990198074557135	-0.0007621446824422895
1168	nan	nan	nan
1169	0.9996213790503999	0.9992636385648898	-0.0003577404855101829
1170	0.9997354750934075	0.9997352774044568	-1.976889507648849e-07
1171	0.9991354183558003	0.9992710593132269	0.0001356409574265749
1172	0.9992838604231989	0.9988596938162069	-0.0004241666069920713
1173	0.9996366498391069	0.9995841514801638	-5.24983589431649e-05
1174	0.999390363128517	0.9994539285066518	6.356537813478891e-05
1175	0.999843595685021	0.9994716827971066	-0.00037191288791438293
1176	0.9998906092432647	0.9995561262930186	-0.00033448295024607333
1177	0.9997803810643199	0.9990241465365387	-0.0007562345277811744
1178	0.9991706360170626	0.9996622475907896	0.0004916115737270133
1179	0.9998284697118801	0.9993025290118409	-0.0005259407000391958
1180	0.9993024969283406	0.9992967189447204	-5.777983620225413e-06
1181	0.9998284378657709	0.9993450502076315	-0.0004833876581393781
1182	0.9996187845235265	0.9991806176917885	-0.0004381668317380294
1183	0.9998470140751448	0.9994561322593088	-0.0003908818158359084
1184	0.9996182978695515	0.998808379286763	-0.0008099185827884492
1185	0.9997979248185	0.9995007435960592	-0.00029718122244082323
1186	0.99987822583411	0.9996010058764776	-0.00027721995763241303
1187	0.9994638937106153	0.9989307931940916	-0.0005331005165236657
1188	0.999435180014471	0.9989846672548482	-0.0004505127596227121
1189	0.999452864425878	0.9996487415758007	0.00019587714992275185
1190	0.9998241130460154	0.9993693563769247	-0.00045475666909067236
1191	0.9997807048822219	0.9987849818911578	-0.0009957229910640963
1192	0.9996335302310415	0.9992220368503272	-0.00041149338071433395
1193	0.9995787297414689	0.9992944339309066	-0.00028429581056232944
1194	0.9995600146634471	0.9982363015471877	-0.0013237131162594507
1195	0.9998887689305019	0.9993497816074985	-0.0005389873230033926
1196	0.9996213897791305	0.9993864474786888	-0.0002349423004417428
1197	0.9995342576757884	0.9988476484058318	-0.0006866092699565618
1198	0.999639250455462	0.9994051789178521	-0.0002340715376099034
1199	0.9996730199330671	0.9995366476195039	-0.00013637231356322665
1200	0.9993825724762871	0.9992974202094774	-8.515226680971821e-05
1201	0.9997133991041999	0.999750672835672	3.727373147210944e-05
1202	0.9999406727661639	0.9997908536184065	-0.0001498191477574684
1203	0.9999479609948796	0.9997082248210334	-0.0002397361738462056
1204	0.9998306299573176	0.9991952864862126	-0.0006353434711050543
1205	0.9995536294275955	0.9996803700695351	0.00012674064193962664
1206	0.9997533363203753	0.9989410337324041	-0.0008123025879712698
1207	0.9988235919834159	0.9991062776912214	0.00028268570780554114
1208	0.9995383913812537	0.9997503118735808	0.00021192049232710009
1209	0.9991894133786787	0.999639075610877	0.00044966223219822243
1210	0.9996824299998734	0.9997015967986804	1.9166798806979912e-05
1211	0.9998945938543052	0.9995431556208496	-0.0003514382334556254
1212	0.9996757105067934	0.9996227136932034	-5.299681358994501e-05
1213	0.9998425193250856	0.9995657192633925	-0.00027680006169306104
1214	0.9996292836034227	0.9994286821650645	-0.00020060143835820554
1215	0.9992327124530964	0.9989468737965383	-0.0002858386565580684
1216	0.9993566393573616	0.9993844357921118	2.7796434750149146e-05
1217	0.9991872424914237	0.9993910619942357	0.00020381950281200822
1218	0.9995220283009982	0.9981996882066118	-0.001322340094386476
1219	0.9998730632162462	0.9995654591888823	-0.0003076040273639613
1220	0.9995809069640323	0.9994120860545195	-0.00016882090951286788
1221	0.9993313759195043	0.9992066978081362	-0.0001246781113680706
1222	0.9996295020364993	0.9993077779093381	-0.0003217241271611382
1223	0.9999498606801789	0.9997962389631209	-0.00015362171705801675
1224	0.999660727404702	0.9995418270961518	-0.00011890030855021827
1225	0.9998560459116761	0.999497143230207	-0.00035890268146909765
1226	0.9996982331512946	0.9997997852035156	0.00010155205222106556
1227	0.9998498520142233	0.9994990924867865	-0.0003507595274367947
1228	0.9994509259205595	0.9996349969873349	0.0001840710667754264
1229	0.999369573589367	0.9991911365871097	-0.0001784370022572812
1230	0.9998911452684763	0.9995040173165199	-0.0003871279519563897
1231	0.9994976188454711	0.9996534627510816	0.00015584390561051986
1232	0.9996033470995328	0.9994358362921866	-0.00016751080734622725
1233	0.9992642824156452	0.9990540148812097	-0.00021026753443553758
1234	0.9997859664681348	0.9991311474397128	-0.0006548190284220157
1235	0.9997596145572554	0.9999158038174178	0.00015618926016247592
1236	0.999888802207025	0.9995174405909529	-0.0003713616160720967
1237	0.9998415028473946	0.9993842707690185	-0.000457232078376113
1238	0.9996175112936024	0.999502388949891	-0.00011512234371147123
1239	0.9999995838145175	0.9999998395172084	2.557026909100202e-07
1240	0.9998844296434775	0.9996637286852028	-0.00022070095827464442
1241	0.9997890313277235	0.9992076805320332	-0.0005813507956902164
1242	0.9995847676306163	0.9998593771078834	0.00027460947726709595
1243	0.9998540672739414	0.9995308745421785	-0.0003231927317629557
1244	0.9998813819604485	0.9997315720010799	-0.00014980995936864083
1245	0.9998925853141389	0.9995024058837138	-0.000390179430425186
1246	0.9999475577601457	0.999877547478846	-7.001028129960396e-05
1247	0.999730371811801	0.998835084072656	-0.0008952877391450453
1248	0.9995521953941597	0.9992878599637169	-0.00026433543044279695
1249	0.9992873029618337	0.9989240529907172	-0.00036324997111647495
1250	0.9995990293185172	0.9996006982264083	1.668907891105853e-06
1251	0.9998912635492917	0.999612113822667	-0.0002791497266246834
1252	0.9992542534245564	0.9993067156465637	5.246222200727679e-05
1253	0.9994510747761189	0.9995621406126256	0.00011106583650666302
1254	0.9992484596362481	0.999248031109703	-4.2852654513758637e-07
1255	0.9997530075369618	0.9992141574740173	-0.0005388500629445181
1256	0.9997195009124392	0.9989886155829631	-0.000730885329476072
1257	0.9999475221102723	0.9997353288343866	-0.00021219327588561931
1258	0.9999516012498212	0.9997340699243127	-0.00021753132550850207
1259	0.9997290831222799	0.9998234677777136	9.438465543365471e-05
1260	0.9995203032957911	0.9993188639592117	-0.00020143933657945645
1261	0.999464807238472	0.9988082766648783	-0.0006565305735937166
1262	0.9998970845633472	0.9996069485072537	-0.0002901360560935151
1263	0.9995076728321841	0.9996630631449698	0.00015539031278566373
1264	0.999392061525334	0.9991840339911503	-0.0002080275341836968
1265	0.9999426847428494	0.9998012999300246	-0.0001413848128247741
1266	0.9999041267731222	0.9994145390034215	-0.0004895877697007611
1267	0.9998121862133176	0.9994917799670517	-0.00032040624626583636
1268	0.9994209735140722	0.9993566841077414	-6.4289406330853e-05
1269	0.999777712695196	0.9994900581527899	-0.00028765454240609056
1270	0.9983686775867777	0.9989584019177584	0.000589724330980701
1271	0.9993280375683463	0.9990948170520332	-0.00023322051631313734
1272	0.9991788193122513	0.998447446025323	-0.0007313732869282941
1273	0.9996042958313276	0.9995416943164598	-6.260151486781051e-05
1274	0.9996117427938436	0.9982611763885906	-0.0013505664052529953
1275	0.9992476492598349	0.9986398343374512	-0.0006078149223837093
1276	0.9996449084958055	0.99952059050779	-0.00012431798801548766
1277	0.9995007566151238	0.9993438649771339	-0.000156891637989931
1278	0.9999401390572479	0.9997903894079253	-0.0001497496493225725
1279	0.9995369893345639	0.999190650975203	-0.0003463383593609315
1280	0.9993117518618845	0.9991287864394496	-0.00018296542243489977
1281	0.9993745996319277	0.999468957526387	9.43578944593293e-05
1282	0.9996232308981274	0.9991809725441488	-0.00044225835397859736
1283	0.9997698379331262	0.9999139689260333	0.00014413099290710996
1284	0.9998407978439714	0.9995580466010188	-0.000282751242952628
1285	0.999793190706802	0.9992878485583507	-0.0005053421484512155
1286	0.9999464569975045	0.9997101518176272	-0.00023630517987727195
1287	0.9996190950942131	0.9990614260815873	-0.0005576690126257722
1288	0.9995611861942723	0.9991705421256845	-0.00039064406858779765
1289	0.9995250153438505	0.9997236911892187	0.00019867584536814586
1290	0.9999503995619821	0.9998787554096413	-7.164415234073296e-05
1291	0.9997132010442267	0.9990581205241782	-0.0006550805200484788
1292	0.9997511306485216	0.9999126040567808	0.0001614734082592273
1293	0.9998464073772048	0.9991992862975588	-0.0006471210796459292
1294	0.9998956829718285	0.9995423173154745	-0.00035336565635402106
1295	0.9997857325377032	0.9991918126178738	-0.0005939199198293776
1296	0.9995294521878926	0.9990709032841881	-0.0004585489037044477
1297	0.999783895150451	0.9992153719918243	-0.0005685231586266548
1298	0.999602359030567	0.9994068605805237	-0.00019549845004329658
1299	0.9996383950733635	0.9995538746083961	-8.452046496743026e-05
1300	0.9994082321650513	0.9994029486105397	-5.283554511570365e-06
1301	0.9997151437031763	0.9997155132038785	3.69500702257497e-07
1302	0.9994036524241984	0.9995491563088574	0.0001455038846590595
1303	0.9996957080957639	0.9985501234065596	-0.0011455846892043375
1304	0.9998321034372337	0.9991920905861862	-0.0006400128510475334
1305	0.9998496759967244	0.9993542165255177	-0.0004954594712066607
1306	0.9997634162092297	0.9999185163045399	0.00015510009531016777
1307	0.9999996590564982	0.9999998671578608	2.0810136258653245e-07
1308	0.9997079368632409	0.9987049196158749	-0.001003017247365956
1309	0.9998439215240885	0.999355304521784	-0.0004886170023045144
1310	0.9998984529313796	0.9997044309043839	-0.00019402202699569937
1311	0.9995665898168966	0.9992054855888004	-0.00036110422809620957
1312	0.9994840129654728	0.9997339055812612	0.00024989261578833855
1313	0.999999198261073	0.9999996708862118	4.7262513880319545e-07
1314	0.999281847240416	0.9987922943304958	-0.0004895529099202545
1315	0.999606464242385	0.9992034665274663	-0.00040299771491869585
1316	0.9998962862869513	0.999640832558204	-0.0002554537287472458
1317	0.999628867761983	0.9993644912556565	-0.00026437650632649135
1318	0.9999003989892856	0.9995810578963036	-0.0003193410929820395
1319	0.9996653525035252	0.9995175852588679	-0.00014776724465725977
1320	0.9997999532651756	0.9993703074110933	-0.0004296458540822279
1321	0.9999017833313009	0.9995304361347161	-0.0003713471965847148
1322	0.9994436792858139	0.9989693573806582	-0.0004743219051557279
1323	0.9998912128121537	0.9996906682800524	-0.00020054453210127665
1324	0.9996303065688179	0.9996759774997505	4.5670930932550924e-05
1325	0.9996809800019861	0.9989923468461895	-0.0006886331557965919
1326	0.9999992371796964	0.99999966399626	4.2681656353682484e-07
1327	0.9991746926942131	0.9995179476194148	0.0003432549252017081
1328	0.9997499725187002	0.9999172459137591	0.0001672733950588423
1329	0.9995698572655702	0.9989997306519893	-0.0005701266135809124
1330	0.9993451354095939	0.9983201914476273	-0.0010249439619666179
1331	0.9990255471768719	0.9989134015465996	-0.00011214563027228674
1332	0.9998360777316675	0.9993030643901395	-0.0005330133415279992
1333	0.9993275326427989	0.9990216986057118	-0.0003058340370871715
1334	0.9996495333213768	0.9994816679773232	-0.0001678653440536637
1335	0.9993547819516336	0.9993353039239461	-1.9478027687536148e-05
1336	0.9996088516922407	0.9993616049878112	-0.00024724670442943797
1337	0.9994541803164861	0.9987412266811034	-0.0007129536353827071
1338	0.999060882094779	0.9995443833314969	0.00048350123671792034
1339	0.9996106462431326	0.9993680942587915	-0.00024255198434108838
1340	0.9993609092223893	0.9993238746880039	-3.703453438541615e-05
1341	0.9994106879363521	0.9994748611413243	6.417320497220658e-05
1342	0.9997412147361979	0.9988493526422119	-0.0008918620939860622
1343	0.9993316373347643	0.9989426804504897	-0.00038895688427453834
1344	0.9999521932199192	0.9997047923889403	-0.00024740083097896104
1345	0.9993899470041225	0.9992830593926078	-0.00010688761151478321
1346	0.9996101668400713	0.9994294596282761	-0.00018070721179519467
1347	0.9998846473712484	0.9996207543991531	-0.00026389297209528095
1348	0.9997876807740843	0.9993182346381586	-0.0004694461359256996
1349	0.9995629336379763	0.9991037862327716	-0.0004591474052046962
1350	0.9995227925818517	0.9996577060620281	0.0001349134801763574
1351	0.9999011062337163	0.9995200075164838	-0.00038109871723246425
1352	0.999190299052026	0.9993094540755454	0.00011915502351933505
1353	0.9996494917985637	0.9995117992635345	-0.00013769253502915468
1354	0.9997779843875114	0.9992791464502229	-0.0004988379372885543
1355	0.9993345439604138	0.9983459694215291	-0.000988574538884679
1356	0.9993228504810382	0.999040817798273	-0.00028203268276516535
1357	0.9996148313322342	0.9991171083373586	-0.0004977229948756046
1358	0.9994345679718895	0.9995328227612429	9.825478935343579e-05
1359	0.9994512436518084	0.9995439835391207	9.273988731228755e-05
1360	0.9996072669563948	0.9994275680326773	-0.0001796989237174973
1361	0.999471084422774	0.9996311263119941	0.00016004188922014162
1362	0.9996189040286795	0.9992046514075811	-0.0004142526210983988
1363	0.9993965528345992	0.9992771173953102	-0.00011943543928893963
1364	0.999761303255246	0.9992305432700006	-0.0005307599852454326
1365	0.9992651127850103	0.9993872736385422	0.0001221608535318941
1366	0.9997939646757635	0.9991473344635073	-0.000646630212256194
1367	0.9993768809921801	0.9991660156934282	-0.00021086529875191662
1368	0.9995342429099042	0.9990660801471802	-0.00046816276272398927
1369	0.9994281749903662	0.9985977016627788	-0.0008304733275873444
1370	0.9998884077692796	0.9995241913588574	-0.000364216410422169
1371	0.9996911329822852	0.9995545573541958	-0.00013657562808933044
1372	0.9994561390429302	0.9996214509400569	0.00016531189712676309
1373	0.9998869501464149	0.9996329512196142	-0.0002539989268007803
1374	0.9993075358949182	0.999051158177053	-0.00025637771786513053
1375	0.9995853934505144	0.9992979141266557	-0.0002874793238587525
1376	0.9993610504386351	0.9994184233521731	5.7372913538022985e-05
1377	0.9998230108158426	0.9992514861398258	-0.0005715246760167325
1378	0.9994549511443923	0.9985903346645183	-0.0008646164798740141
1379	0.9992815782737942	0.9991021112018305	-0.00017946707196370149
1380	0.999470294562932	0.9991885412842136	-0.0002817532787183774
1381	0.9995657773569983	0.9990883060592367	-0.00047747129776154473
1382	0.9993131959142765	0.9992479964573638	-6.519945691263462e-05
1383	0.9998112694383303	0.9993966841468583	-0.00041458529147198053
1384	0.9996628215866897	0.9995334062426929	-0.0001294153439967971
1385	0.9998495420068215	0.9992007095602821	-0.0006488324465394602
1386	0.9995756541194455	0.9991289915151188	-0.00044666260432668636
1387	0.9996445958122021	0.9988853150560039	-0.000759280756198244
1388	0.9996476787492165	0.9994223062915014	-0.000225372457715034
1389	0.9993279158502625	0.9997940882702482	0.0004661724199856998
1390	0.9999452798730323	0.999871164337683	-7.411553534930615e-05
1391	0.9998848827941441	0.9995145976165374	-0.00037028517760673285
1392	0.9991729488580656	0.9994554403176342	0.0002824914595686012
1393	0.9995538926944868	0.9998287348018364	0.00027484210734962655
1394	0.9997279518486629	0.9989417328726395	-0.0007862189760233784
1395	0.9996829816197331	0.9989435348392004	-0.0007394467805327265
1396	0.9999434091669832	0.9997264493582184	-0.00021695980876479393
1397	0.9997686512416305	0.99880687917312	-0.0009617720685104469
1398	0.9998329816788626	0.999488362987167	-0.0003446186916955529
1399	0.9999064994972231	0.9994542695679263	-0.00045222992929683237
1400	0.9993811648008291	0.9994919104368725	0.00011074563604340781
1401	0.9998460993015248	0.9993036407168799	-0.000542458584644856
1402	0.9999071492204445	0.9996327907571858	-0.00027435846325873925
1403	0.9992592188566378	0.998795552605716	-0.0004636662509218681
1404	0.9998994346979438	0.9997518684729678	-0.00014756622497602567
1405	0.9997832757197124	0.9992224224785243	-0.0005608532411880418
1406	0.9994727489113486	0.9993038308742501	-0.00016891803709850883
1407	0.9997989836419979	0.9992621320551436	-0.0005368515868543478
1408	0.9995108089056236	0.999029740186496	-0.0004810687191275642
1409	0.9995662699240737	0.9991262048138346	-0.0004400651102390851
1410	0.999641209664205	0.9993570034738034	-0.00028420619040159245
1411	0.9995241833814525	0.998902956672005	-0.000621226709447531
1412	0.9996321990108531	0.9992339506172428	-0.00039824839361024544
1413	0.999655670425348	0.9994725960475851	-0.00018307437776288182
1414	0.9995428944487618	0.9998526043348535	0.00030970988609169137
1415	0.9997449187311326	0.9998107218141934	6.58030830608114e-05
1416	0.999585854490301	0.9993195908275188	-0.0002662636627822623
1417	0.9995193374752152	0.9992607024931861	-0.000258634982029049
1418	0.9996187932074954	0.999277005302497	-0.00034178790499839184
1419	0.9999023979370696	0.9996192942285756	-0.00028310370849393696
1420	0.9997954490437647	0.9993009096449935	-0.0004945393987711988
1421	0.9993848394642033	0.9992074172233171	-0.00017742224088623804
1422	0.9996723616894285	0.9989691047458243	-0.0007032569436041802
1423	0.9996836172999201	0.9997780565714279	9.443927150787346e-05
1424	0.9995920604801384	0.9994182021294319	-0.00017385835070649058
1425	0.9993396651390585	0.9990715613032691	-0.00026810383578934616
1426	0.9996312631320405	0.998509509431124	-0.0011217537009164946
1427	0.999166164844745	0.9994301349213315	0.00026397007658651717
1428	0.999507564861682	0.9990349087260287	-0.00047265613565328213
1429	0.9997693089230323	0.9990735785709463	-0.0006957303520860325
1430	0.999492484628177	0.9989109163035786	-0.000581568324598325
1431	0.99865888850322	0.9987110869969716	5.219849375159846e-05
1432	0.9999429743248855	0.9998797936418167	-6.318068306887525e-05
1433	0.9997933135066834	0.9994471847287475	-0.000346128777935939
1434	0.9997787101234371	0.999928240746986	0.00014953062354894353
1435	0.9997394519321716	0.9992177893656675	-0.0005216625665040997
1436	0.9995713738474267	0.9993311296544442	-0.00024024419298251942
1437	0.9997329338732226	0.9990205479052142	-0.0007123859680083777
1438	0.9990550709184837	0.9989821946488351	-7.287626964858074e-05
1439	0.9997659869336409	0.9999114138755855	0.00014542694194452643
1440	0.9996883278173265	0.9995364204659	-0.0001519073514265612
1441	0.9995296888937579	0.9988704667007927	-0.0006592221929652142
1442	0.999684596511227	0.999554471762542	-0.00013012474868501211
1443	0.9994356118620155	0.9997450100057929	0.00030939814377739516
1444	0.9995435232083587	0.9988822552539407	-0.00066126795441801
1445	0.9993908875508997	0.9994206446131721	2.975706227248409e-05
1446	0.9997749216371384	0.9989579679768112	-0.000816953660327191
1447	0.9994666968476201	0.9989379666243429	-0.0005287302232772628
1448	0.9994712196799201	0.9996053460889113	0.00013412640899113093
1449	0.9996711473123803	0.9995859230616237	-8.522425075652151e-05
1450	0.9995505752784691	0.9992889649319087	-0.0002616103465604702
1451	0.9993471010439645	0.9989791669150675	-0.0003679341288970184
1452	0.9990158350006335	0.9987571537235348	-0.0002586812770987157
1453	0.9990099359692914	0.9986459173736053	-0.00036401859568613304
1454	0.9999460597085331	0.9998804370068348	-6.562270169829798e-05
1455	0.9998413724165215	0.99962528701366	-0.0002160854028614434
1456	0.9994238281035761	0.9987274801945616	-0.0006963479090145164
1457	0.9997107136273087	0.9997272439086554	1.6530281346738285e-05
1458	0.9998898031475528	0.999485310038124	-0.0004044931094288051
1459	0.9999471233215182	0.9998714459260302	-7.567739548808294e-05
1460	0.999423265741766	0.9994693201646201	4.605442285410266e-05
1461	0.9998940327940098	0.9995563279676566	-0.0003377048263532023
1462	0.9993434704344873	0.9984204768185917	-0.0009229936158956509
1463	0.9997553361991519	0.9991294202106221	-0.0006259159885297905
1464	0.9994467271260685	0.999618953351755	0.00017222622568646706
1465	0.9996849033165239	0.999468367684107	-0.00021653563241696983
1466	0.9994941889735272	0.9990470363551771	-0.00044715261835004405
1467	0.99990028999453	0.9996149947916292	-0.0002852952029007705
1468	0.9997803064660108	0.999136402345261	-0.000643904120749772
1469	0.9991957541387727	0.9980915698722133	-0.0011041842665594492
1470	0.9996386170407096	0.9995248969707723	-0.00011372006993726202
1471	0.9999479181768319	0.9998782602287538	-6.965794807811676e-05
1472	0.9996058945666346	0.9994715108299446	-0.000134383736690058
1473	0.9994429571069713	0.9996270017444399	0.00018404463746857225
1474	0.9995522934131789	0.9996025573461901	5.0263933011218676e-05
1475	0.9996934203885477	0.9997228716176778	2.945122913011744e-05
1476	0.999177912592687	0.9993583067248275	0.0001803941321405489
1477	0.999998785321595	0.9999995706642405	7.853426454706991e-07
1478	0.9988271375745801	0.9989017922111249	7.465463654476867e-05
1479	0.9994600123545934	0.9984324464982888	-0.0010275658563045909
1480	0.9998011354648719	0.9992120891492259	-0.0005890463156460468
1481	0.9992539137894824	0.9995312415629384	0.00027732777345601534
1482	0.9995218283561431	0.9991425108002974	-0.00037931755584574844
1483	0.9996629755924848	0.999449575081	-0.0002134005114848847
1484	0.9998007324141455	0.9990186107486289	-0.0007821216655166108
1485	0.999633386716898	0.9993416521217573	-0.00029173459514075795
1486	0.9998882602434338	0.9995429269745342	-0.000345333268899628
1487	0.9993926679671628	0.9992274766720647	-0.00016519129509806607
1488	0.9991666455080856	0.9992774730299017	0.00011082752181601485
1489	0.9989190005613219	0.9995275258536319	0.0006085252923100359
1490	0.9992647799914147	0.9996484820259363	0.00038370203452153806
1491	0.999840450941049	0.9992678129773672	-0.000572637963681788
1492	0.9996610974325565	0.9994632170461228	-0.00019788038643364647
1493	0.9994353699526438	0.9994204774275676	-1.489252507624883e-05
1494	0.9996330977579192	0.9984832623173069	-0.0011498354406123124
1495	nan	nan	nan
1496	0.9999436172018931	0.9998034570481634	-0.0001401601537296404
1497	0.9989260683861089	0.9982908242783906	-0.0006352441077183135
1498	0.9997608960505406	0.9990427621505302	-0.0007181339000104092
1499	0.9996021453857268	0.9993099791633361	-0.00029216622239069956
1500	0.9992396696614907	0.9978337536679158	-0.0014059159935748688
1501	0.9997326639763894	0.9988954296587831	-0.0008372343176062946
1502	0.9999415957673203	0.9998004293648857	-0.00014116640243466705
1503	0.9991994560206476	0.9989796407335213	-0.0002198152871263348
1504	0.999745359239769	0.9987995542726725	-0.0009458049670965085
1505	0.9997915466068736	0.9991123758578613	-0.0006791707490123589
1506	0.9999508901161221	0.9997298087579662	-0.00022108135815590568
1507	0.9999035301362248	0.9997319011330341	-0.00017162900319067642
1508	0.9999432115908893	0.9998719723715274	-7.123921936191824e-05
1509	0.9996619677373416	0.9994484300457517	-0.00021353769158993785
1510	0.9996231050796147	0.9994972183454431	-0.00012588673417157636
1511	0.9998308242792374	0.9994160521901003	-0.0004147720891370943
1512	0.9996857524505569	0.9996142121574554	-7.15402931015241e-05
1513	0.9994182324713831	0.9993907894555695	-2.7443015813588545e-05
1514	0.9989375138545789	0.9988315942298498	-0.00010591962472905614
1515	0.9998332968774478	0.9992178843747136	-0.000615412502734225
1516	0.9992574312906194	0.9988763163728834	-0.0003811149177359585
1517	0.9996613495865283	0.9995175577443836	-0.00014379184214474705
1518	0.9995504921094528	0.9991632688723905	-0.0003872232370623063
1519	0.9997867380230058	0.9991717692973028	-0.0006149687257029912
1520	0.9995551319507374	0.9994351847916342	-0.00011994715910323972
1521	0.9996317734694136	0.9993411427399684	-0.00029063072944512935
1522	0.9996636349396775	0.9986915693096626	-0.00097206563001484
1523	0.9997548214084953	0.9989087988577963	-0.0008460225506989882
1524	0.9995001989728802	0.9997236700752995	0.00022347110241927037
1525	0.9998429186768479	0.9995209818263633	-0.0003219368504846498
1526	0.9996237634285358	0.9991423938929732	-0.000481369535562548
1527	0.9996139390999775	0.9993826016949632	-0.00023133740501435351
1528	0.9997345481320233	0.9990521741118482	-0.0006823740201751249
1529	0.999713749929792	0.9986476924451809	-0.0010660574846110826
1530	0.9995805901744708	0.999153077104155	-0.0004275130703157437
1531	0.9998442690848208	0.9993557090656506	-0.0004885600191701922
1532	0.9996066289273037	0.9992521781427508	-0.00035445078455287327
1533	0.9993673129579684	0.9990965699681313	-0.00027074298983709166
1534	0.9996667078205299	0.9994599032907387	-0.00020680452979116026
1535	0.9999528768824316	0.9997299124766688	-0.00022296440576285992
1536	0.9998357323407857	0.9996503508795425	-0.00018538146124325028
1537	0.9988292358749443	0.9993317521278714	0.0005025162529270766
1538	0.9998952254800308	0.9994981010962692	-0.0003971243837616045
1539	0.9993634040145178	0.9989771108186742	-0.0003862931958436011
1540	0.9997987128575816	0.9994543471722154	-0.00034436568536622136
1541	0.9993875853127266	0.9996098237963119	0.00022223848358526865
1542	0.9990485773962056	0.9988007386831768	-0.0002478387130288029
1543	0.9995036365911907	0.9995636114642735	5.9974873082846436e-05
1544	0.9993934989598972	0.9993179716822997	-7.552727759740918e-05
1545	0.9997105620239175	0.9988659643266188	-0.0008445976972987213
1546	0.9996505505342291	0.9995104194110342	-0.00014013112319488652
1547	0.999713062574343	0.9997870341142513	7.397153990829075e-05
1548	0.9992067992530064	0.9996202698461966	0.00041347059319019053
1549	0.9995834876196001	0.9990624911204329	-0.0005209964991672589
1550	0.9999429206469037	0.9998073743714835	-0.00013554627542022857
1551	0.9998373243393627	0.9993819508069347	-0.00045537353242797174
1552	0.9989988436922855	0.9982673411501961	-0.0007315025420894239
1553	0.9995716380216615	0.9993348084849042	-0.00023682953675729923
1554	0.9998314328129912	0.9991951682390086	-0.0006362645739826922
1555	0.9990247449660692	0.9991769866118173	0.00015224164574811905
1556	0.9994184573993413	0.9985811672253652	-0.0008372901739761573
1557	0.999896036942183	0.9995970682065982	-0.00029896873558477033
1558	0.9999436750403793	0.9996998333112367	-0.00024384172914260205
1559	0.9997729528214978	0.9999241624626325	0.00015120964113468638
1560	0.9996897860937952	0.9997129547828641	2.316868906893088e-05
1561	0.9999995942496298	0.9999998120559307	2.1780630088397146e-07
1562	0.9996586966372184	0.9993809784121557	-0.0002777182250627286
1563	0.9995556391481427	0.9989389739832656	-0.0006166651648771282
1564	0.9994363881352384	0.9994584955319498	2.21073967113794e-05
1565	0.9998373847769525	0.9994556018069862	-0.00038178296996627115
1566	0.9992481926909774	0.9988139017499589	-0.0004342909410185447
1567	0.9998989695781854	0.9997705850969029	-0.00012838448128249524
1568	0.9994375326240957	0.9987261732877595	-0.0007113593363362591
1569	0.9988121114911821	0.9979901939079335	-0.0008219175832485659
1570	0.9995652911472642	0.9990223179009791	-0.0005429732462851611
1571	0.9996575274229518	0.9994914968174705	-0.00016603060548125992
1572	0.999268344165832	0.9985445939572836	-0.0007237502085484238
1573	0.9994946733237948	0.9992705993782123	-0.000224073945582548
1574	0.9997112383426622	0.9998128742351619	0.00010163589249967409
1575	0.9997861409238946	0.9991052949582035	-0.0006808459656910681
1576	0.9997860184469634	0.9990889211778506	-0.000697097269112712
1577	0.9999526810109393	0.9997296396416865	-0.0002230413692527744
1578	0.9991381388222228	0.9995234293266716	0.00038529050444879864
1579	0.9991343074969578	0.999334716509477	0.0002004090125192759
1580	0.9996333031693633	0.9995351007627229	-9.820240664037971e-05
1581	0.9998903038114252	0.9996840884036439	-0.0002062154077813183
1582	0.9997332075308837	0.9987469779983914	-0.0009862295324922776
1583	0.9998899873382558	0.9995406243177108	-0.00034936302054500157
1584	0.9995926931744196	0.9992188800791899	-0.0003738130952296581
1585	0.9995808752058006	0.9998562311875389	0.0002753559817382234
1586	0.9995483683487557	0.9998577381011728	0.0003093697524171324
1587	0.9998905583232948	0.999663322516954	-0.00022723580634076423
1588	nan	nan	nan
1589	0.9997715078786736	0.9990981172478037	-0.0006733906308699078
1590	0.9992957815394758	0.9983002189065694	-0.0009955626329064549
1591	0.9994667773052537	0.9989503466081538	-0.0005164306970998345
1592	0.9992899732508851	0.9995933874404349	0.00030341418954982213
1593	0.9998932567386639	0.9996942687697529	-0.0001989879689110463
1594	0.9998521977688496	0.999527057190604	-0.0003251405782456196
1595	0.9995155905545469	0.9997271450224909	0.00021155446794407506
1596	0.9998237787956191	0.9992674915270504	-0.0005562872685687115
1597	0.9999450363011314	0.9996963644954456	-0.00024867180568577396
1598	0.9995996639104171	0.9995492688174914	-5.0395092925703544e-05
1599	0.9998944028040488	0.999586402732199	-0.00030800007184983436
1600	0.9997190900639017	0.9997136419965275	-5.4480673742363095e-06
1601	0.9999991971648505	0.9999997596345698	5.624697192452288e-07
1602	0.9996637551078034	0.9994165414022775	-0.00024721370552582833
1603	0.9994752675708828	0.9994175734174939	-5.76941533888542e-05
1604	0.9997147077927185	0.9997209131637642	6.205371045675534e-06
1605	0.9993405599597132	0.9990465999398543	-0.0002939600198588188
1606	0.9993941239033469	0.999245440716412	-0.0001486831869349503
1607	0.9996792043921995	0.9994658705001721	-0.00021333389202737862
1608	0.9997183827323859	0.9991052187369305	-0.0006131639954554124
1609	0.9998309377404939	0.9996122549814107	-0.00021868275908321078
1610	0.9997475121956915	0.999009494106082	-0.0007380180896094934
1611	0.9998300212159006	0.999528780766416	-0.0003012404494845411
1612	0.9996600966869482	0.9994916073569745	-0.0001684893299737089
1613	0.999703478025148	0.9996998571535837	-3.620871564358197e-06
1614	0.9994763789483714	0.9996279614178273	0.00015158246945590204
1615	0.9998418118268988	0.9993437516042445	-0.0004980602226543063
1616	0.9998485760632901	0.9992970612588287	-0.0005515148044614726
1617	0.9998491326935055	0.999359829613173	-0.0004893030803324594
1618	0.9999476221589719	0.9998894275455633	-5.8194613408613094e-05
1619	0.9991103428711327	0.999250573139523	0.00014023026839038444
1620	0.9992969733604811	0.9994537477175249	0.0001567743570438651
1621	0.9993083650589911	0.9981213629598026	-0.0011870020991885388
1622	0.999950900789596	0.9998848266844637	-6.607410513237433e-05
1623	0.9997811246854851	0.9990703510882023	-0.0007107735972827767
1624	0.999831938719002	0.9995488004868375	-0.00028313823216452594
1625	0.9998923831190576	0.999583367971367	-0.00030901514769055005
1626	0.9995234721217738	0.9989571319498999	-0.000566340171873958
1627	0.9996184947298138	0.9995396882763904	-7.880645342339676e-05
1628	0.9994905815735954	0.9996592761230774	0.0001686945494819847
1629	0.999108324265351	0.9988287122620465	-0.00027961200330450797
1630	0.9994903751192054	0.9997176367071561	0.00022726158795072227
1631	0.9987950909119908	0.9987716353027832	-2.345560920757883e-05
1632	0.999350127216381	0.9990830557563893	-0.000267071459991608
1633	0.999780556697536	0.9992471972555746	-0.0005333594419613119
1634	0.9999028660445463	0.9995345129303768	-0.0003683531141694951
1635	0.9993589524068912	0.9993081001220211	-5.0852284870117614e-05
1636	0.9997487409859095	0.9990621380303285	-0.0006866029555809838
1637	0.9993861393572699	0.9994566510152716	7.051165800164849e-05
1638	0.999855951306183	0.9992962068773772	-0.0005597444288057973
1639	0.9996570060996747	0.9997152372594424	5.8231159767774265e-05
1640	0.9995883079061046	0.9991271430957311	-0.00046116481037350443
1641	0.9995093944734682	0.9991643941760543	-0.00034500029741391103
1642	0.9997756159128666	0.9992215299992699	-0.0005540859135966247
1643	0.999525310481451	0.9991476030631821	-0.0003777074182689244
1644	0.9993319048946678	0.9992063117368051	-0.00012559315786275782
1645	0.9999062975746313	0.9997776858239171	-0.0001286117507142137
1646	0.9996811039214968	0.999577984014176	-0.00010311990732081444
1647	0.9998348806559627	0.9994743111362117	-0.0003605695197510528
1648	0.9996467391581266	0.9995379864952074	-0.00010875266291920926
1649	0.9996264202779046	0.9995088269521075	-0.00011759332579708293
1650	0.9992442207902049	0.9988297791631116	-0.00041444162709336485
1651	0.9995455295695658	0.9993669650343581	-0.00017856453520770366
1652	0.9996622992959677	0.9995636803887454	-9.861890722229205e-05
1653	0.9997824434517097	0.9991074021397911	-0.0006750413119186449
1654	0.9992468478666539	0.9989972579370355	-0.00024958992961832127
1655	0.9996340198489718	0.9994046619010265	-0.00022935794794531894
1656	0.9995638490571622	0.9991448182996461	-0.0004190307575161478
1657	0.9999500048185868	0.9998753982871161	-7.460653147062235e-05
1658	0.999602956439005	0.9987069199968708	-0.0008960364421342071
1659	0.9996328441437187	0.9995335751773146	-9.92689664041091e-05
1660	0.9995084292474492	0.9987382100814847	-0.0007702191659645363
1661	0.9991465953800515	0.998141392794261	-0.00100520258579051
1662	0.9997844765615254	0.9992144576695544	-0.000570018891970947
1663	0.9995065633163384	0.9990632753279556	-0.00044328798838277894
1664	0.9998456761890124	0.9994647741506162	-0.0003809020383962469
1665	0.9998249655438078	0.9993342096898583	-0.0004907558539495316
1666	0.9996384315456165	0.9996746411500883	3.6209604471815204e-05
1667	0.9996075382962016	0.9994373891294241	-0.00017014916677748904
1668	0.99936689625715	0.9991108065625917	-0.00025608969455837016
1669	0.999945399291043	0.9998812826141075	-6.41166769355106e-05
1670	0.9997648160441504	0.9991438947605698	-0.0006209212835806
1671	0.9998219722099483	0.9995746332831484	-0.0002473389267998449
1672	0.9997227820466118	0.9990280704749825	-0.0006947115716292585
1673	0.999352329025593	0.9993036095885989	-4.8719436994137943e-05
1674	0.999419519877187	0.9984992668670698	-0.0009202530101172224
1675	0.9998095487802412	0.9992926429919751	-0.000516905788266131
1676	0.9997070569699187	0.9997331362346578	2.607926473907618e-05
1677	0.9993750222005736	0.9991966605069185	-0.0001783616936551491
1678	0.9994518675575965	0.998778500484656	-0.0006733670729405228
1679	0.9997194909852664	0.9991955112356465	-0.0005239797496198184
1680	0.9997797400966383	0.9991714341842985	-0.000608305912339735
1681	0.9996709845429902	0.9986608053197917	-0.0010101792231984597
1682	0.9994301746827519	0.9995651868129866	0.00013501213023470182
1683	0.9998496941135612	0.9994391135986852	-0.0004105805148759689
1684	0.9999497434102387	0.999891616285298	-5.8127124940687835e-05
1685	0.9994786985934245	0.9989981825834033	-0.0004805160100211925
1686	0.9997198979788278	0.9997401714025823	2.027342375454655e-05
1687	0.9995978523996191	0.9994156315343247	-0.0001822208652944024
1688	0.9997042604082693	0.9996406723203731	-6.358808789619363e-05
1689	0.9994847217455736	0.9990136224188958	-0.00047109932667777077
1690	0.9998442952032656	0.9994670411267764	-0.0003772540764891419
1691	0.99941788872281	0.998701392949929	-0.0007164957728810206
1692	0.9997969428581985	0.9994388312474028	-0.0003581116107956861
1693	0.9997702369293531	0.9999215441294488	0.0001513072000957072
1694	0.9994760002198042	0.9990804114137856	-0.000395588806018643
1695	0.9995480149114335	0.9988278539695571	-0.0007201609418764354
1696	0.9990849288871618	0.9989362835342126	-0.0001486453529492282
1697	0.9989706873023957	0.9990188445104263	4.8157208030641385e-05
1698	0.9994494082801183	0.9994164528548848	-3.2955425233516245e-05
1699	0.9995942758888323	0.9994655373010938	-0.00012873858773854163
1700	0.9998988349823119	0.9995783097323256	-0.00032052524998626986
1701	0.999629270041788	0.999272462738163	-0.00035680730362508406
1702	0.9996233876353289	0.9994026111982207	-0.00022077643710816108
1703	0.9998888313048989	0.9996730577942733	-0.00021577351062562755
1704	0.9997360686760907	0.9997973765223405	6.13078462498029e-05
1705	0.9998961953592088	0.9995915408919295	-0.00030465446727934165
1706	0.99958785568319	0.9992790825853739	-0.000308773097816073
1707	0.9994934360345417	0.9990702884516176	-0.00042314758292405497
1708	0.999206707656531	0.9993570647276147	0.00015035707108368435
1709	0.9998993954855748	0.9996960581824507	-0.00020333730312416254
1710	0.9997504064526733	0.9989441012836487	-0.0008063051690245793
1711	0.9998921357677051	0.999595705485723	-0.0002964302819821185
1712	0.9996950269938629	0.9998082487045551	0.00011322171069216846
1713	0.9998256487916766	0.9992380779594163	-0.0005875708322602424
1714	0.9993185763019674	0.9990164904704375	-0.000302085831529908
1715	0.9996110374576779	0.9993405672015674	-0.0002704702561104888
1716	0.9991295094281595	0.9991391512481784	9.641820018946312e-06
1717	0.9999989992499281	0.9999995609370049	5.616870768498927e-07
1718	0.9996833086586289	0.9995241642553828	-0.00015914440324604762
1719	0.9996005635980814	0.9994266282953856	-0.00017393530269571578
1720	0.9982616752308313	0.9992529415698744	0.0009912663390431176
1721	0.9993775129717367	0.999402287572605	2.477460086824923e-05
1722	0.9997464907788822	0.9989531408873267	-0.0007933498915555504
1723	0.9992217081323735	0.9992699119009221	4.820376854852704e-05
1724	0.9992784819120158	0.9994637444481111	0.00018526253609529864
1725	0.9994845150202633	0.998868270681102	-0.0006162443391612982
1726	0.9998027007052469	0.9990078751757183	-0.0007948255295285866
1727	0.9995386062593564	0.9989908038802725	-0.000547802379083917
1728	0.9995844613800668	0.9988003088234869	-0.0007841525565799312
1729	0.9994542282616166	0.9991282082790512	-0.0003260199825653176
1730	0.9995356440414495	0.9991730101710378	-0.00036263387041168826
1731	0.9993966241460553	0.9990163150951917	-0.0003803090508636142
1732	0.9999436808435518	0.9998149721672296	-0.00012870867632219785
1733	0.999314207597264	0.9991714056500508	-0.00014280194721316697
1734	0.9996474995521316	0.9994442074574208	-0.00020329209471081633
1735	0.999940967132859	0.999796441287503	-0.00014452584535595836
1736	0.9994770222768625	0.999008819722115	-0.00046820255474755434
1737	0.9989559410704141	0.999254941151772	0.0002990000813579696
1738	0.9991859823649802	0.9983154200086957	-0.0008705623562845766
1739	0.9996034663439306	0.9993857576096418	-0.00021770873428883508
1740	0.9999991333197282	0.9999996799806437	5.466609154236579e-07
1741	0.9993700705593589	0.999460923928245	9.08533688861457e-05
1742	0.9998889195156385	0.9996775464933668	-0.00021137302227169918
1743	0.99950814916973	0.9987313134212176	-0.0007768357485123945
1744	0.9999443886686709	0.9997875796837384	-0.00015680898493242168
1745	0.999578178979749	0.9990948080490282	-0.0004833709307208167
1746	0.9995788732724216	0.9991845221971157	-0.00039435107530583213
1747	0.9997033361915307	0.9997133449314535	1.0008739922739984e-05
1748	0.9997325622816123	0.9990456359643305	-0.0006869263172818441
1749	0.999631345669284	0.9994357257276273	-0.0001956199416567328
1750	0.9996082607165919	0.9992547986292624	-0.0003534620873295591
1751	0.9997074468943193	0.9998032462223985	9.579932807912694e-05
1752	0.9997271820097158	0.9988283806310673	-0.0008988013786485061
1753	0.9994883538885823	0.999616250161906	0.00012789627332376874
1754	0.9989946937316009	0.9992470781262339	0.00025238439463304285
1755	0.9998567985048346	0.9993442849302514	-0.0005125135745831511
1756	0.9997828708295295	0.9993151027620389	-0.00046776806749060373
1757	0.9995641286735875	0.9990515213197914	-0.0005126073537961018
1758	0.9990642542373932	0.9990579627505867	-6.2914868065311325e-06
1759	0.9992295916235746	0.9984591447153635	-0.0007704469082111531
1760	0.9998862693060708	0.9996900749146395	-0.00019619439143137019
1761	0.9997862180839239	0.9991391850336415	-0.0006470330502823529
1762	0.9998590941429031	0.9992567747495408	-0.000602319393362305
1763	0.9991586425374215	0.9989289984055767	-0.00022964413184478616
1764	0.9987975454099397	0.9996340479305892	0.0008365025206494847
1765	0.9999478303814356	0.9998848492808173	-6.298110061830897e-05
1766	0.9997951006070478	0.9990933297794946	-0.0007017708275531831
1767	0.9998412825561739	0.9995517586323008	-0.0002895239238730474
1768	0.9996018416734075	0.9993248658095669	-0.00027697586384056727
1769	0.9995415362430103	0.9991504816784509	-0.00039105456455945653
1770	0.9989297531878878	0.9987194418824338	-0.000210311305454014
1771	0.9999475118956085	0.9998798311061425	-6.768078946595146e-05
1772	0.9997907973142556	0.9991516469190013	-0.0006391503952543065
1773	0.9995990634306309	0.9991782346677998	-0.0004208287628311158
1774	0.99968255856419	0.9988033088489123	-0.0008792497152776413
1775	0.9995273717785482	0.9998766655839684	0.00034929380542014776
1776	0.9996687737304726	0.999502078918728	-0.00016669481174458323
1777	0.9998917845033741	0.99958584785361	-0.0003059366497640825
1778	0.999897425294575	0.9996440300614828	-0.0002533952330922018
1779	0.9995637732229393	0.9990953918980803	-0.00046838132485904627
1780	0.9996559656200603	0.9992967971124075	-0.0003591685076528295
1781	0.9996517212530628	0.9996626006421363	1.0879389073514822e-05
1782	0.9997401317663386	0.9999038903617457	0.00016375859540707083
1783	0.9997972871332413	0.9994902812580823	-0.0003070058751590832
1784	0.999685231482845	0.9996063579887564	-7.88734940886382e-05
1785	0.9999495212564441	0.9998893692447599	-6.0152011684189155e-05
1786	nan	nan	nan
1787	0.999433154343734	0.9993996838594338	-3.347048430024646e-05
1788	0.999665744106424	0.999604749190892	-6.0994915531908944e-05
1789	0.9999464429632994	0.9998201243590741	-0.00012631860422529506
1790	0.9996142874727805	0.9992615172185835	-0.00035277025419699903
1791	0.9995088189531531	0.9997477151319097	0.00023889617875660907
1792	0.9996508443908578	0.9989343148709198	-0.0007165295199380584
1793	0.9997778316230003	0.9992263698723935	-0.0005514617506067188
1794	0.9993429633065187	0.9993310389724154	-1.1924334103352585e-05
1795	0.9993845087597828	0.998511053039573	-0.0008734557202098037
1796	0.9998962152993336	0.9996339575578682	-0.00026225774146537706
1797	0.9998418782430512	0.9994625809955029	-0.00037929724754826033
1798	0.9997379230224152	0.9988343448450019	-0.0009035781774132667
1799	0.9995788765330283	0.9989281155581465	-0.0006507609748818144
1800	0.9993255122654026	0.9991138754536593	-0.00021163681174329874
1801	0.9996036878325736	0.9991721740027093	-0.0004315138298642829
1802	0.9997894832030304	0.999286774034389	-0.0005027091686413687
1803	0.9996886402575861	0.9998055999179031	0.00011695966031699534
1804	0.9995604474971548	0.9989691559946394	-0.0005912915025153564
1805	nan	nan	nan
1806	0.9995243712541565	0.999009520920958	-0.0005148503331985355
1807	0.9996841974082881	0.9996338154134248	-5.038199486329109e-05
1808	0.9993248601642578	0.9984627778263471	-0.0008620823379107412
1809	0.9992469656033991	0.9987778008584096	-0.0004691647449894809
1810	0.9995882578465989	0.999218041449388	-0.0003702163972109096
1811	0.9997342130723741	0.9992410022231396	-0.0004932108492344822
1812	0.9994516346367683	0.9985567282933427	-0.0008949063434255944
1813	0.999567966952583	0.9991914095242339	-0.000376557428349078
1814	0.9998311121114115	0.9992943440839729	-0.0005367680274386277
1815	0.9990548663441999	0.999161491062136	0.00010662471793609907
1816	0.9995369997700526	0.9991802615860301	-0.000356738184022487
1817	0.9990576973399319	0.9989700615644033	-8.763577552861612e-05
1818	0.9994926834026763	0.9991271370408428	-0.000365546361833502
1819	0.99915879677205	0.9995721909070688	0.0004133941350188408
1820	0.9998056668548184	0.9995344593444291	-0.00027120751038933744
1821	0.9996299842173698	0.9994223020388249	-0.00020768217854494342
1822	0.9998351528883167	0.9994929392314412	-0.00034221365687547856
1823	0.9996815064338208	0.9985823297510424	-0.0010991766827783689
1824	0.9996032861704615	0.9993583076534108	-0.00024497851705063134
1825	0.9997446882252297	0.9991439470143999	-0.0006007412108297583
1826	0.999339682679821	0.9997785995810418	0.0004389169012207761
1827	0.9992239305343975	0.9994817022058246	0.0002577716714270428
1828	0.9992714172772642	0.9988844496064688	-0.0003869676707953795
1829	0.9992499487903146	0.9983500150226655	-0.0008999337676490748
1830	0.9996318524223731	0.9994099794731857	-0.0002218729491874072
1831	0.9998879514834463	0.9995560997640284	-0.00033185171941796376
1832	0.9996125757520301	0.9992197129219376	-0.0003928628300925441
1833	0.9996159787608154	0.9993738859790826	-0.00024209278173281668
1834	0.9995961190966629	0.9990913951291173	-0.0005047239675456394
1835	0.9994381130249109	0.999475615307607	3.750228269605582e-05
1836	0.9995595830659573	0.9992400070798892	-0.0003195759860680214
1837	0.9993158166295203	0.9990813585159694	-0.00023445811355093937
1838	0.9996365396433976	0.999493046840956	-0.00014349280244163598
1839	0.9998507293055905	0.9993423221516959	-0.0005084071538945523
1840	0.9997032180076851	0.9995397904499348	-0.00016342755775033968
1841	0.9990649009704942	0.9989182911878192	-0.00014660978267500013
1842	0.9997668218173721	0.9999166783178837	0.0001498565005115804
1843	0.9998449263124745	0.9991623685691209	-0.0006825577433535734
1844	0.9996676720299918	0.9991161382299701	-0.0005515338000217085
1845	0.9994960529040078	0.9997322867123184	0.00023623380831061525
1846	0.99935589714776	0.9990525067230661	-0.00030339042469385014
1847	0.9994903163068102	0.9990706410695364	-0.00041967523727381995
1848	0.9998444919475711	0.9994748738675723	-0.00036961807999880136
1849	0.9997630311763794	0.9992289274585979	-0.0005341037177815089
1850	0.9995748999780035	0.999245053872649	-0.0003298461053545809
1851	0.9999510335994384	0.9997348625600637	-0.00021617103937465743
1852	0.9992287951425672	0.9988565309085001	-0.00037226423406711007
1853	0.9992736079285359	0.9996217275728174	0.0003481196442814971
1854	0.9994200521427605	0.9993767790219834	-4.3273120777120866e-05
1855	0.9996377316734314	0.9992793107104844	-0.00035842096294702586
1856	0.9996231763234089	0.9993186801872075	-0.00030449613620142646
1857	0.999950834509973	0.9998806824768267	-7.015203314630902e-05
1858	0.9995952701893591	0.999465455727229	-0.00012981446213011782
1859	0.999329690667158	0.9990378554369095	-0.0002918352302485605
1860	0.9994588569875592	0.999654282591703	0.00019542560414376187
1861	0.9997346778795148	0.9990542385788044	-0.0006804393007103782
1862	0.9998329214997046	0.9992691026759776	-0.0005638188237270247
1863	0.999734085306591	0.9997474024085918	1.3317102000809378e-05
1864	0.9998181532018843	0.9989212053443175	-0.0008969478575667766
1865	0.9998568483593753	0.9994841040858125	-0.00037274427356281947
1866	0.9989838675046159	0.9985345510436147	-0.0004493164610012146
1867	0.9994971049271703	0.9995410861157206	4.3981188550312744e-05
1868	0.9994131822546846	0.999209192208246	-0.00020399004643856244
1869	0.9997439972457538	0.9998214074231385	7.7410177384718e-05
1870	0.999826109475525	0.9993930206065119	-0.0004330888690130541
1871	0.9991684235784368	0.9992689843164053	0.00010056073796849141
1872	0.9996275933165052	0.9992279224626298	-0.00039967085387537793
1873	0.9998115044947028	0.9995686309137749	-0.00024287358092789368
1874	0.9989868203695825	0.9984974822795006	-0.0004893380900818922
1875	0.9999506238361705	0.9998873724887961	-6.325134737439342e-05
1876	0.9999508829318356	0.9998858914063629	-6.499152547279063e-05
1877	0.9990713747935774	0.9990916901382794	2.031534470192664e-05
1878	0.9999505057173825	0.9997303952948132	-0.00022011042256930846
1879	0.9999992398012651	0.9999996124075783	3.726063131370694e-07
1880	0.9996140364963368	0.999307365524457	-0.00030667097187986325
1881	0.9995503519448982	0.9990052766730513	-0.0005450752718468843
1882	0.9992621327548699	0.9997528173463825	0.0004906845915126912
1883	0.99919217207233	0.9994419325545436	0.00024976048221359015
1884	0.9993004028382602	0.9989171033649988	-0.00038329947326132263
1885	0.9995210754837728	0.9989219237763551	-0.0005991517074176445
1886	0.999640487427253	0.9992740279150605	-0.0003664595121924963
1887	0.9998386664156874	0.9992480488667808	-0.0005906175489066579
1888	0.9995512058089158	0.9991983229776339	-0.0003528828312818755
1889	0.9998926461772615	0.9997488390873024	-0.00014380708995909153
1890	0.9991934077351152	0.999121951078163	-7.145665695218462e-05
1891	0.9997060362249606	0.9996408730923626	-6.516313259796735e-05
1892	0.9998957323084067	0.9995261229103471	-0.00036960939805952275
1893	0.9997497932162727	0.9998252610201556	7.546780388290042e-05
1894	0.998950506612509	0.9993431246115732	0.00039261799906420425
1895	0.9997796868574486	0.9999264402260215	0.0001467533685729494
1896	0.9995784796419386	0.9982526580873956	-0.001325821554542972
1897	0.9993022666966177	0.9996087866176312	0.0003065199210134928
1898	0.9992530794376676	0.9989852502104183	-0.00026782922724932767
1899	0.9998994735927605	0.9995508710284645	-0.00034860256429603
1900	0.999827202627521	0.9993820359449421	-0.00044516668257887915
1901	0.9994780700990499	0.9990007877976024	-0.0004772823014475014
1902	0.9997353725731308	0.9992049462910374	-0.0005304262820934325
1903	0.9991459276961515	0.9982911301548404	-0.0008547975413111253
1904	0.9997801972041701	0.9993192074348533	-0.0004609897693168552
1905	0.9996059223215756	0.9993634199005778	-0.000242502420997881
1906	0.9997769202838653	0.9991410705672819	-0.0006358497165834809
1907	0.999945294021205	0.999722906544237	-0.0002223874769680112
1908	0.9993505122601803	0.9989946522312118	-0.0003558600289685909
1909	0.9999396534816739	0.9997992315341043	-0.00014042194756958004
1910	0.9994445939989149	0.9992470252287647	-0.0001975687701502027
1911	0.9995528818839428	0.9993319916769109	-0.00022089020703186524
1912	0.9996249135133968	0.9995203612984792	-0.00010455221491756372
1913	0.99983072245837	0.9992490286632927	-0.0005816937950773315
1914	0.9998375218293625	0.9992636126921809	-0.000573909137181583
1915	0.9998890295694751	0.9995132100365948	-0.0003758195328803504
1916	0.9999448904316589	0.9996923737499196	-0.0002525166817393121
1917	0.9999449587042394	0.9998727354797878	-7.222322445155083e-05
1918	0.9998826616566999	0.9996817895448195	-0.00020087211188046794
1919	0.9993235037756465	0.9996654854399457	0.00034198166429921795
1920	0.9996387266682499	0.9994559490649622	-0.00018277760328777592
1921	0.9982638476875411	0.9985674503860457	0.0003036026985046014
1922	0.9991973879533818	0.9987803221819836	-0.0004170657713981063
1923	0.9992391726455505	0.9993951860089073	0.0001560133633567995
1924	0.999620000787019	0.9993136319634929	-0.00030636882352608197
1925	0.9995038244809163	0.999846860982638	0.0003430365017216275
1926	0.9991935748535772	0.9995413045933419	0.0003477297397647128
1927	0.999611227932628	0.9994114727252478	-0.00019975520738024777
1928	0.9997720932154585	0.9999132257581218	0.00014113254266334696
1929	0.9993829458902264	0.9995831471567543	0.00020020126652797732
1930	0.9995487975084669	0.9990663110111321	-0.00048248649733484417
1931	0.9985744572773002	0.9987419512245892	0.00016749394728898803
1932	0.9999495073205766	0.9997275431962884	-0.00022196412428820977
1933	0.9990976562026104	0.9992751419134701	0.0001774857108597372
1934	0.9997704329126347	0.9990605450685701	-0.0007098878440645606
1935	0.9999993176809968	0.9999997610886582	4.434076613657467e-07
1936	0.9998447383374843	0.9992803578866319	-0.0005643804508523864
1937	0.999740768329644	0.9991508422948212	-0.0005899260348227742
1938	0.9998849811962044	0.9996019645347719	-0.00028301666143248916
1939	0.9993746260476326	0.9993672790603177	-7.346987314860165e-06
1940	0.9995725111082707	0.9990471415741723	-0.0005253695340984299
1941	0.9989890851295024	0.9986373923732996	-0.0003516927562027261
1942	0.9995790491780139	0.9992221761061478	-0.00035687307186604844
1943	0.9998469891004488	0.9994816954845915	-0.00036529361585724285
1944	0.9998057256942479	0.9994196781767428	-0.0003860475175050393
1945	0.9996822083456611	0.9997049851984169	2.2776852755757027e-05
1946	0.9999993290138312	0.9999996827009795	3.536871483467152e-07
1947	0.9992912317294333	0.9997581223749148	0.00046689064548144366
1948	0.9993839212325638	0.9992332397083943	-0.00015068152416952696
1949	0.9994987558995714	0.9991262533479244	-0.00037250255164700263
1950	0.9994543990769232	0.9987986025804207	-0.0006557964965024921
1951	0.9998503599475299	0.9994543174595927	-0.0003960424879372315
1952	0.9994488218392746	0.9993788075722517	-7.001426702291091e-05
1953	0.9996309843419073	0.9987750210331866	-0.0008559633087207308
1954	0.9997067348931525	0.9997233598473233	1.662495417076304e-05
1955	0.9999019860535198	0.9996201911376265	-0.0002817949158933075
1956	0.9994775226358001	0.9990267602084633	-0.00045076242733688154
1957	0.9994025245080447	0.9988576982779251	-0.0005448262301195328
1958	0.9997869449384118	0.9994367154381165	-0.0003502295002952849
1959	0.9994888408712879	0.9991714981625484	-0.00031734270873950976
1960	0.9996338499563321	0.9994959048679182	-0.0001379450884139155
1961	0.9997660371366138	0.999070700762475	-0.0006953363741388774
1962	0.9994736770003365	0.9988329299187534	-0.0006407470815831262
1963	0.9992622756463446	0.9997395567204658	0.00047728107412114973
1964	0.9997392040502423	0.9991818611870831	-0.000557342863159227
1965	0.9999500528321331	0.9998799404047518	-7.011242738130807e-05
1966	0.9997866620005792	0.9991742499055949	-0.0006124120949843048
1967	0.9995768673988098	0.9994506133283733	-0.0001262540704365378
1968	0.9996300611184745	0.9995248687390731	-0.00010519237940143089
1969	0.9999074249485556	0.9995835098857403	-0.00032391506281526095
1970	0.9995430521404425	0.9989690026251737	-0.0005740495152687375
1971	0.9997841352009319	0.9993937347533944	-0.0003904004475374645
1972	0.9998390977027976	0.9993112836880127	-0.0005278140147848553
1973	0.9992720862117642	0.9988503015108898	-0.0004217847008743947
1974	0.9996531201710924	0.999467934035634	-0.0001851861354583706
1975	0.9998886516043232	0.9996928200833212	-0.00019583152100199896
1976	0.9996301947751449	0.9993251238868875	-0.00030507088825737494
1977	0.9994214605270321	0.9994276559310565	6.195404024467166e-06
1978	0.9997036154922748	0.9985537523863263	-0.0011498631059485565
1979	0.9995702745285475	0.9992937329176456	-0.00027654161090195917
1980	0.9994821805525803	0.9996909940801836	0.00020881352760326877
1981	0.9998271003258851	0.9993672151812003	-0.0004598851446847574
1982	0.9997117702869187	0.9996308655374639	-8.090474945476878e-05
1983	0.9997232860796541	0.9997939684856016	7.068240594754194e-05
1984	0.9999420289913321	0.999797845157892	-0.00014418383344005914
1985	0.9994861787537238	0.9985920898688895	-0.000894088884834332
1986	0.9995122286093909	0.9988012121533477	-0.000711016456043212
1987	0.9990147536874876	0.9987094293544436	-0.000305324333043977
1988	0.9996687539163521	0.9987455216576463	-0.0009232322587058306
1989	0.9996067933614431	0.9992352140998082	-0.0003715792616348912
1990	0.9998313359508667	0.9990580496814394	-0.0007732862694272979
1991	0.9999435159665369	0.9998216155292667	-0.00012190043727011712
1992	0.9996241709361494	0.9994152656530743	-0.00020890528307515588
1993	0.9995504182001923	0.9989801920408161	-0.0005702261593761859
1994	0.9993800521395122	0.9991479045044487	-0.00023214763506351765
1995	0.9996869697742301	0.998800210838908	-0.000886758935322085
1996	0.9993946222245118	0.9993662772827256	-2.8344941786162536e-05
1997	0.9993840595917544	0.99947153864903	8.747905727568561e-05
1998	0.9999481847378792	0.9997180426173098	-0.00023014212056937655
1999	0.9994739155569996	0.9987471803132008	-0.0007267352437988484
