draw	ref_metric	arm_metric	delta
0	0.9517725122836019	0.9528401524544244	0.0010676401708225036
1	0.9171873816556844	0.9174808755585852	0.0002934939029007877
2	0.9202207888065209	0.9198356920509612	-0.0003850967555597551
3	0.9417583187390542	0.941800350262697	4.203152364279372e-05
4	0.9201726461900255	0.9197281252688635	-0.00044452092116198383
5	0.9192958875683833	0.9202980569703829	0.0010021694019995975
6	0.9489420528288091	0.9504729914998629	0.0015309386710538053
7	0.8915361924211481	0.8937919619856112	0.0022557695644630504
8	0.9218352002455117	0.9225870799447599	0.0007518796992481702
9	0.9282626905679343	0.9287150276428212	0.00045233707488689934
10	0.9365283222928215	0.9364719931503763	-5.6329142445132874e-05
11	0.9482249088466705	0.948762233736327	0.0005373248896564098
12	0.9565042246996385	0.9572192513368984	0.0007150266372599745
13	0.926057701616807	0.9278729789911898	0.0018152773743828066
14	0.8918427263830522	0.8921651027574693	0.0003223763744171215
15	0.9197109594540345	0.9222645969936215	0.002553637539587039
16	0.9295952732644017	0.9293353028064992	-0.00025997045790249196
17	0.930030685870677	0.9304038924059381	0.0003732065352610725
18	0.9370909090909091	0.9396363636363636	0.0025454545454545174
19	0.9272369205255111	0.9271937325628601	-4.3187962651014544e-05
20	0.9138862548790438	0.9140847244580678	0.00019846957902391882
21	0.9222222222222223	0.9219082125603865	-0.00031400966183581236
22	0.9350940117626092	0.9368650864373552	0.0017710746747460204
23	0.9186322069811531	0.9191619270659084	0.0005297200847552697
24	0.9381821834334055	0.9381152206423964	-6.696279100915081e-05
25	0.966120009300926	0.967050101899851	0.0009300925989249587
26	0.9268177933961268	0.9272594598227574	0.00044166642663057143
27	0.9386272141706924	0.9388385668276973	0.00021135265700489292
28	0.93966617574865	0.9411021109474718	0.0014359351988217917
29	0.9590625265482967	0.9599226913601223	0.0008601648118256033
30	0.9034401442641143	0.9041198501872659	0.0006797059231515856
31	0.9468056338028169	0.9471661971830986	0.00036056338028167545
32	0.9174928332537028	0.9178014014970537	0.00030856824335090405
33	0.9344387054919281	0.9344886094268533	4.9903934925210613e-05
34	0.9202904167635584	0.9219827920316255	0.0016923752680670923
35	0.9554250616776315	0.9556692023026315	0.000244140625
36	0.9536752343176688	0.9540932440340725	0.0004180097164037111
37	0.9207945597709377	0.9231448341684562	0.002350274397518448
38	0.8878486712057984	0.8890978475730288	0.0012491763672304312
39	0.9195342465753424	0.9196438356164384	0.00010958904109592549
40	0.9116756112104949	0.912892069171139	0.0012164579606440684
41	0.915356306457009	0.9157821101615012	0.0004258037044921892
42	0.9429438266093026	0.9464445166003734	0.0035006899910707823
43	0.9386605834187413	0.9385724204053294	-8.816301341185717e-05
44	0.9387871586990961	0.9403830025160749	0.0015958438169787481
45	0.9339923698922667	0.9351680783165774	0.0011757084243106952
46	0.90812413995805	0.9080439807083406	-8.015924970938837e-05
47	0.9567360889129313	0.9566992057832747	-3.688312965655083e-05
48	0.9481241109530584	0.9489798186344239	0.0008557076813655584
49	0.8958915161670701	0.8965276484825917	0.0006361323155216203
50	0.9395511459740495	0.9392105890499597	-0.00034055692408985205
51	0.9563684394376037	0.9567941664483451	0.00042572701074139463
52	0.9339941135734072	0.935022074099723	0.0010279605263158187
53	0.9366610576614302	0.9381896186304608	0.0015285609690306456
54	0.915855840132641	0.9163685152057245	0.0005126750730835017
55	0.9102358164335275	0.9133034379671151	0.003067621533587639
56	0.9259215747702589	0.9262479114452798	0.0003263366750209107
57	0.9528292706660828	0.953230671921374	0.0004014012552912005
58	0.9159966144731274	0.9168006771053745	0.0008040626322470823
59	0.936378141204627	0.9374367156576969	0.0010585744530698937
60	0.9500550025488986	0.9532746639478414	0.003219661398942808
61	0.9546530386349987	0.9552535826572307	0.0006005440222319747
62	0.9637913989125062	0.9653429999450761	0.0015516010325699048
63	0.9281774694076674	0.9282452265119998	6.77571043323777e-05
64	0.9374653739612189	0.9375761772853186	0.0001108033240997397
65	0.9371243643088303	0.9378388601689572	0.0007144958601269513
66	0.9389814221652787	0.9403587443946189	0.0013773222293401721
67	0.9370826773790782	0.9383041094403127	0.0012214320612344842
68	0.9287808911108527	0.9288713198723663	9.042876151355017e-05
69	0.9409058143280011	0.9413352555942394	0.00042944126623822854
70	0.9129679843965558	0.9153227724656297	0.0023547880690738543
71	0.9363564875491481	0.9363914373088685	3.494975972040404e-05
72	0.9347613091515531	0.9357202418178028	0.00095893266624969
73	0.9261640123866401	0.9273252598982527	0.0011612475116125065
74	0.9036934338952972	0.9056233362910382	0.0019299023957409789
75	0.9365289142226717	0.9363450399926451	-0.00018387423002663716
76	0.9246556473829202	0.9243175557225144	-0.00033809166040577043
77	0.940779480806407	0.9419531897265948	0.0011737089201877549
78	0.9180812538901149	0.9178124823176597	-0.00026877157245519534
79	0.9362237348327908	0.9365320114432277	0.00030827661043697496
80	0.922815448631542	0.9227373068432672	-7.814178827481033e-05
81	0.9407348524995583	0.9411323087793676	0.0003974562798092496
82	0.9377393673444322	0.9380185129356067	0.0002791455911744789
83	0.9223357400255738	0.9223486560841093	1.2916058535483721e-05
84	0.9502167449672045	0.9500351785025306	-0.00018156646467393234
85	0.9486167413412986	0.9490671597563	0.0004504184150013746
86	0.9287035164263631	0.9303071455401775	0.0016036291138143977
87	0.9114118693607828	0.9124920574405897	0.0010801880798069208
88	0.9350368919087916	0.9348868231272667	-0.00015006878152490355
89	0.9518173021822657	0.9516106304427472	-0.0002066717395184936
90	0.9251936948971413	0.9274200730252026	0.002226378128061257
91	0.9363486842105263	0.9382785087719299	0.0019298245614035592
92	0.9354689299484252	0.9368959991988384	0.0014270692504131377
93	0.9304568240391968	0.9305134668214903	5.664278229344788e-05
94	0.9183585963936401	0.9199925833217448	0.0016339869281046804
95	0.922022738582858	0.9223481223442943	0.0003253837614363153
96	0.9429911686571093	0.9441758609960988	0.0011846923389895458
97	0.8963745819397994	0.896066889632107	-0.0003076923076923421
98	0.9260793868479666	0.9262641883808468	0.00018480153288014112
99	0.9535105094132805	0.9541739581931117	0.000663448779831155
100	0.9653476414039794	0.9670942320590208	0.0017465906550413468
101	0.9602857891448495	0.9602555575709938	-3.0231573855732385e-05
102	0.9052321525463143	0.9058677621889776	0.0006356096426632929
103	0.9177000169865805	0.9180397485986072	0.00033973161202660584
104	0.9313669611475254	0.932316899401539	0.0009499382540135715
105	0.9449093270719888	0.9449218164560124	1.2489384023539607e-05
106	0.9349052208244439	0.9351872287206651	0.0002820078962211259
107	0.9046250684181719	0.9041537432342031	-0.0004713251839688626
108	0.954365289392282	0.9545299507192172	0.000164661326935156
109	0.9213971432906344	0.9219823568935995	0.0005852136029651511
110	0.8751499400239904	0.8770241903238705	0.001874250299880087
111	0.9031635031635031	0.904055944055944	0.0008924408924408933
112	0.9539603075272662	0.9543536563561594	0.0003933488288931919
113	0.9244118596835345	0.9248543851885518	0.0004425255050173327
114	0.8906709435979685	0.8911721464848971	0.0005012028869285645
115	0.9377891175328638	0.9377558378168507	-3.327971601307933e-05
116	0.9400035925992456	0.9402331197732671	0.00022952717402147105
117	0.9198320719016083	0.9202459791863765	0.00041390728476820016
118	0.8988250652741514	0.9003969734107742	0.0015719081366227794
119	0.942916517842647	0.9433061661850181	0.00038964834237109613
120	0.9386886998351966	0.940002672486749	0.0013139726515523087
121	0.948937309730522	0.951925245236216	0.002987935505693984
122	0.9558448596519319	0.9561774088261014	0.00033254917416947194
123	0.9252962390520351	0.9251199869844627	-0.00017625206757232448
124	0.9240402408194115	0.9243660246553207	0.0003257838359091991
125	0.9393395638629284	0.9405482866043614	0.0012087227414330215
126	0.934352260223942	0.9345186911135152	0.00016643088957313257
127	0.9465367736166508	0.9468544468367983	0.00031767322014752963
128	0.9185824472068295	0.918189306574809	-0.00039314063202045
129	0.9552847531974666	0.9557406540328741	0.0004559008354074745
130	0.9310150687199867	0.931859579400563	0.000844510680576227
131	0.931559405940594	0.931958195819582	0.000398789878987893
132	0.9491993749009128	0.9498675061717211	0.0006681312708083365
133	0.9466183630088455	0.9468812141436768	0.00026285113483126565
134	0.9358922803512822	0.9357625601577397	-0.00012972019354251518
135	0.9324748595439308	0.9323568292337472	-0.00011803031018364774
136	0.9292630790902017	0.9301003772767122	0.0008372981865105711
137	0.92591280943443	0.9277307551557649	0.0018179457213348682
138	0.9657883846047731	0.9659110068821753	0.00012262227740222897
139	0.9373218390804597	0.9371724137931035	-0.00014942528735628624
140	0.928359096313912	0.9288435284273572	0.0004844321134451768
141	0.9361623143881208	0.937647209421403	0.0014848950332821964
142	0.9322173813345563	0.9326912787586945	0.00047389742413816993
143	0.9386448598130841	0.9394548286604362	0.0008099688473520716
144	0.9243495475113123	0.9246323529411765	0.0002828054298642524
145	0.9456931216931217	0.9461022927689594	0.00040917107583771095
146	0.9388608129560316	0.9390064518008243	0.00014563884479268374
147	0.9408947230389112	0.941267409278507	0.0003726862395958541
148	0.923985826001955	0.9263196480938416	0.002333822091886595
149	0.9473295498717251	0.9479514887662287	0.0006219388945035709
150	0.9136652542372882	0.9148360838537021	0.0011708296164139043
151	0.9333751262494341	0.9336769639768282	0.0003018377273941164
152	0.9254591454272864	0.9256777861069465	0.00021864067966015366
153	0.9567563884156729	0.9576831345826236	0.0009267461669506538
154	0.9430505324492666	0.9436030741410488	0.0005525416917822046
155	0.9229734974495454	0.9237081392770016	0.000734641827456195
156	0.9248846777209824	0.9251464904625358	0.0002618127415534577
157	0.9003367003367003	0.9013396375098502	0.0010029371731499204
158	0.9078756089894704	0.9085337105139085	0.0006581015244381261
159	0.9536453201970443	0.9538669950738916	0.000221674876847322
160	0.9553303184592518	0.955978621801967	0.0006483033427152618
161	0.918640350877193	0.9206486611265005	0.0020083102493074767
162	0.9376713174465984	0.9378812199036918	0.00020990245709340272
163	0.9378529163144548	0.9391039729501268	0.0012510566356720432
164	0.9340207360145836	0.9344195055258061	0.0003987695112225298
165	0.9376768820247433	0.9378689253658931	0.0001920433411497502
166	0.9336133096430302	0.9344304350717835	0.0008171254287532292
167	0.9498956703182055	0.9502608242044862	0.0003651538862806669
168	0.954731027857829	0.9553434197886648	0.0006123919308357317
169	0.9490197789729771	0.9491943314096201	0.00017455243664299402
170	0.9165220409580007	0.9169311251053701	0.00040908414736939847
171	0.9183485338825145	0.9196528390703148	0.0013043051878003364
172	0.9357111975789019	0.9365902867848394	0.0008790892059374888
173	0.9422810100823236	0.9431795657861701	0.0008985557038465597
174	0.9260428626100268	0.9275258323765786	0.0014829697665518227
175	0.9484900284900285	0.9485185185185185	2.849002849003579e-05
176	0.9525163660061021	0.9531532332118843	0.0006368672057821545
177	0.8916622481442206	0.8921792152704136	0.0005169671261929798
178	0.908641975308642	0.9097329888027562	0.0010910134941142235
179	0.9135711377976796	0.9141054345613678	0.0005342967636882134
180	0.908670244484198	0.908252832438879	-0.0004174120453189767
181	0.9340573219883564	0.9348876698014629	0.0008303478131064246
182	0.9439911087713141	0.9453949869848791	0.001403878213565024
183	0.9295093157725667	0.9296097012528108	0.00010038548024415839
184	0.919108582266477	0.9191559981033666	4.7415836889608265e-05
185	0.9333083603873581	0.9336274591414856	0.00031909875412750033
186	0.9417268445839875	0.9434536891679749	0.0017268445839874191
187	0.9160111449491349	0.9169053327285687	0.0008941877794337305
188	0.9523313492063492	0.9529885912698413	0.0006572420634920473
189	0.9194457820096615	0.9216359371844857	0.0021901551748241266
190	0.9295672378739471	0.9292879644317344	-0.0002792734422126797
191	0.9421649969962168	0.9440159768789881	0.0018509798827712753
192	0.9479016382930974	0.9486230002244237	0.0007213619313263253
193	0.9334547239010279	0.9336613461439124	0.00020662224288447995
194	0.9280350894245724	0.9289463452566097	0.0009112558320373276
195	0.9236217232867051	0.9246209004349359	0.0009991771482308343
196	0.9249175027721741	0.9263737291418952	0.001456226369721092
197	0.9247078589698581	0.9262751391744821	0.0015672802046240442
198	0.9578038262146167	0.9582855438821857	0.0004817176675689927
199	0.9403664504381473	0.9406794127688631	0.0003129623307158713
200	0.9635761973875181	0.9635297532656023	-4.6444121915789616e-05
201	0.9327878433664524	0.9334372361841679	0.0006493928177154773
202	0.9230199695379929	0.9230199695379929	0.0
203	0.9312067474048443	0.9316176470588236	0.00041089965397922423
204	0.9173336217463408	0.9185233254019757	0.0011897036556348661
205	0.9217948717948717	0.9260897435897436	0.004294871794871868
206	0.9325916230366492	0.9328097731239092	0.00021815008726000507
207	0.9392203175791024	0.9414302752508127	0.002209957671710283
208	0.9151190476190476	0.9154315476190477	0.00031250000000004885
209	0.9276642582975841	0.9278147813652442	0.00015052306766005774
210	0.9588292011019284	0.9593526170798898	0.0005234159779614611
211	0.9406354940470133	0.9407245344459143	8.904039890100801e-05
212	0.9517976685133888	0.9521583564173592	0.00036068790397048023
213	0.9499534974790739	0.9501590875715894	0.0002055900925155285
214	0.9313173444560305	0.9342138801992816	0.002896535743251105
215	0.9271170525587487	0.9276606785440707	0.0005436259853220937
216	0.9090117252931323	0.9099095477386935	0.0008978224455611361
217	0.9577984877791454	0.9586190727389954	0.0008205849598499348
218	0.918577430972389	0.9188625450180072	0.00028511404561826215
219	0.9422900763358779	0.942997918112422	0.0007078417765440381
220	0.8976239618654479	0.8978819598014645	0.00025799793601655185
221	0.9358355044145318	0.9359621508177739	0.0001266464032421144
222	0.9382220455749868	0.9389904610492846	0.0007684154742978455
223	0.9195357778160326	0.9197079244849945	0.00017214666896192554
224	0.9616493340631271	0.9628534938879767	0.00120415982484956
225	0.9502063357203544	0.9498270421167617	-0.0003792936035926786
226	0.9382533795324777	0.9398394417061149	0.001586062173637215
227	0.9300881806318952	0.9303781617831205	0.00028998115122524926
228	0.9330734243014944	0.9339633302257253	0.0008899059242308827
229	0.9231056268255337	0.923800455498797	0.0006948286732633147
230	0.9473896889627227	0.948366240501072	0.0009765515383493018
231	0.9116822429906543	0.9122769753610875	0.0005947323704332819
232	0.9321390230810521	0.9330246913580247	0.0008856682769725621
233	0.925454809421172	0.9270071362362217	0.0015523268150496872
234	0.9419153094462541	0.9417328990228013	-0.00018241042345279457
235	0.9206415955785173	0.9214826384717049	0.000841042893187538
236	0.9334023505052763	0.9335082291213251	0.00010587861604882676
237	0.934560352664284	0.9346973338480505	0.0001369811837664825
238	0.9423193685488768	0.9426108075288403	0.00029143897996353196
239	0.9063948100092678	0.9057083032986647	-0.0006865067106031075
240	0.9455035225859926	0.9457222452456601	0.00021872265966749183
241	0.8904893904893905	0.892007392007392	0.0015180015180015216
242	0.9257824143070045	0.9272998238721041	0.0015174095650996033
243	0.93589896164946	0.9359733420606349	7.438041117491245e-05
244	0.9179316970914491	0.9184732291029785	0.0005415320115293998
245	0.9433591844698078	0.9437006145741879	0.00034143010438003607
246	0.9278752685971554	0.9279264299600941	5.116136293870088e-05
247	0.9261997544440292	0.9258928094805957	-0.00030694496343353084
248	0.9462723380491437	0.9464817572598659	0.00020941921072226144
249	0.9453787459629167	0.9461379106244451	0.0007591646615283665
250	0.9377640352216623	0.9382475696035018	0.00048353438183945663
251	0.9254663489193853	0.9263155011367683	0.0008491522173830202
252	0.8743777757906346	0.8740946078869712	-0.00028316790366333944
253	0.9380841693173477	0.9389894788353316	0.0009053095179838433
254	0.9157732562581171	0.9159005831571978	0.00012732689908068195
255	0.9335099493700695	0.9335099493700695	0.0
256	0.9099884748367268	0.9110449481367653	0.0010564733000384408
257	0.91091348606152	0.9126211439089841	0.0017076578474640725
258	0.9383885131126142	0.9396938412246351	0.001305328112020887
259	0.9487944108375224	0.948822811053364	2.8400215841606347e-05
260	0.9432028645511792	0.9472620076552661	0.0040591431040869486
261	0.8904811647189398	0.8904321995168767	-4.89652020631004e-05
262	0.9545686384275673	0.9549045219879331	0.0003358835603657351
263	0.9499056499056499	0.9512043512043512	0.0012987012987013546
264	0.9557773006048869	0.9592859248031662	0.003508624198279353
265	0.9218193551471116	0.9223690814790029	0.0005497263318913204
266	0.9402877547611093	0.9400893752088206	-0.00019837955228863002
267	0.9574787044891983	0.9577808508907508	0.0003021464015525721
268	0.9270842185773774	0.9274949718138297	0.0004107532364522326
269	0.9389912125581522	0.9395761351579291	0.0005849225997769381
270	0.9415105053946621	0.9415105053946621	0.0
271	0.9104809897083134	0.910560976910361	7.998720204760446e-05
272	0.8910802078943671	0.8915437561455261	0.0004635482511589073
273	0.9249179991799918	0.9256867568675686	0.0007687576875767821
274	0.9172357814599194	0.9189151365875504	0.0016793551276310659
275	0.9374716883453051	0.93766582540607	0.00019413706076487625
276	0.9239566737065719	0.9250188348339446	0.001062161127372785
277	0.919681254743233	0.9207943334176575	0.0011130786744244503
278	0.9311548047632234	0.9310994184436444	-5.5386319579020515e-05
279	0.9313679245283019	0.9323427672955975	0.0009748427672956472
280	0.9423029035310524	0.9440086657702077	0.0017057622391553062
281	0.9299496644295302	0.9301276184665447	0.00017795403701448276
282	0.8869769136917495	0.8864064901522714	-0.0005704235394781154
283	0.9157512567492088	0.9167403649227331	0.0009891081735243779
284	0.9452077036444932	0.9469812404766068	0.0017735368321135647
285	0.9337359943977591	0.9352678571428571	0.0015318627450979783
286	0.9338304858367188	0.9339974400356169	0.00016695419889811713
287	0.8990518683770218	0.8993772076594162	0.0003253392823944212
288	0.9501039774671616	0.9502487562189055	0.00014477875174390142
289	0.9584131715279256	0.9589099425164999	0.0004967709885742577
290	0.9375253481141003	0.9376267405705015	0.00010139245640128358
291	0.9383878775123645	0.9388087972219299	0.0004209197095653705
292	0.9475393480341254	0.9480891006454503	0.0005497526113248385
293	0.9478355598876211	0.9508399747720887	0.0030044148844675655
294	0.9404700991365526	0.9404221298369044	-4.796929964812069e-05
295	0.9287200443067343	0.9289146346939692	0.0001945903872349053
296	0.9399360170621168	0.9402292721940816	0.0002932551319647647
297	0.9049221092664375	0.9052877934615666	0.00036568419512916783
298	0.93671829509724	0.9371957610341214	0.0004774659368813605
299	0.9530608068756001	0.9533756237308946	0.0003148168552944419
300	0.914624631214493	0.9157096530368419	0.0010850218223489305
301	0.963717067583047	0.9637027491408935	-1.4318442153493649e-05
302	0.9592936707561214	0.9596914942764745	0.0003978235203531133
303	0.9256483756483757	0.9257166257166257	6.825006825006419e-05
304	0.9011906429471915	0.9010365597422608	-0.0001540832049307106
305	0.9436409954928473	0.9456888105036253	0.002047815010777998
306	0.9046716829968061	0.9057543441779895	0.0010826611811833864
307	0.9376909069548872	0.9379699248120301	0.0002790178571429047
308	0.8868408539179619	0.8907450509297494	0.003904197011787569
309	0.9477096546863989	0.9480502701432933	0.00034061545689445527
310	0.9477965197679845	0.9499633308887259	0.002166811120741352
311	0.9402259814601222	0.9413046264257336	0.0010786449656114971
312	0.9380333093451219	0.9389971214146191	0.0009638120694972496
313	0.9630209074100412	0.9635108013717031	0.0004898939616618803
314	0.9269667041509803	0.927504522563927	0.0005378184129467556
315	0.952345757223806	0.9526097209024038	0.00026396367859782277
316	0.9570323470091143	0.957504659296893	0.0004723122877786645
317	0.9253481141003109	0.9249695822630797	-0.00037853183723124406
318	0.9324647780639297	0.9322981366459627	-0.00016664141796696175
319	0.9141246350548676	0.9144014899828853	0.00027685492801765577
320	0.9073972602739726	0.9083592085235921	0.000961948249619482
321	0.9140570633263744	0.9137249319921553	-0.0003321313342190546
322	0.923959508908724	0.9245750829315003	0.000615574022776233
323	0.9563744469026548	0.9567201327433629	0.0003456858407080432
324	0.9168155196864884	0.9172701980015805	0.0004546783150920497
325	0.9064797271693823	0.906956098089103	0.00047637091972074774
326	0.9168802548686134	0.9167724626919299	-0.0001077921766834411
327	0.9404606286959228	0.9418767507002801	0.0014161220043572564
328	0.9485294117647058	0.94921875	0.0006893382352941568
329	0.9303667922056656	0.9302576278587413	-0.00010916434692431753
330	0.9163677655413565	0.9164578864836611	9.012094230465006e-05
331	0.9541214736815461	0.9544758457469024	0.00035437206535626764
332	0.9173140579612241	0.9190299263662771	0.0017158684050530004
333	0.9360623331279524	0.9364602587800369	0.0003979256520845187
334	0.9400339630651666	0.939967628953513	-6.63341116535765e-05
335	0.9165253039298841	0.9191051738761662	0.0025798699462821206
336	0.9416088489535942	0.9419074158325751	0.0002985668789808882
337	0.9481800480393411	0.9493170738640402	0.0011370258246991005
338	0.9448289181446551	0.9449254836321499	9.65654874948152e-05
339	0.9346010439970172	0.9349614715386527	0.00036042754163556623
340	0.9242424242424242	0.9246682279469165	0.0004258037044923002
341	0.8967896174863388	0.8977868852459017	0.000997267759562881
342	0.8912696300239553	0.8931919675864313	0.0019223375624759509
343	0.9403575922818792	0.9408950293624161	0.0005374370805368844
344	0.9330340441451552	0.9340690859209377	0.0010350417757825081
345	0.9244541322006111	0.925758253223042	0.0013041210224308264
346	0.9365399194031042	0.9375673303275746	0.00102741092447034
347	0.9091845654345654	0.9090388777888778	-0.00014568764568756443
348	0.9306771323157057	0.9326303986110106	0.0019532662953049007
349	0.91397545067488	0.9144283902527403	0.0004529395778603007
350	0.9357581880946367	0.9361791698240296	0.0004209817293928664
351	0.9483533095777994	0.948968793866753	0.0006154842889536383
352	0.9193912559012404	0.9201096677711639	0.0007184118699234965
353	0.9168055555555555	0.9168181818181819	1.2626262626325158e-05
354	0.9274329314651896	0.9272835885739111	-0.0001493428912784367
355	0.9406442936609817	0.9417201540436457	0.0010758603826640512
356	0.9094907407407408	0.9151234567901234	0.005632716049382647
357	0.9281458840594726	0.9297691205166727	0.0016232364572000835
358	0.8408195161728731	0.8418218265833107	0.0010023104104376346
359	0.9244068538472432	0.9246771971832799	0.0002703433360367047
360	0.8876384689436362	0.8891570512385937	0.0015185822949574934
361	0.9405490604150089	0.9414213135826651	0.0008722531676562673
362	0.9190419161676646	0.9189774297558728	-6.448641179179759e-05
363	0.9222830595652896	0.9221945688844644	-8.849068082517064e-05
364	0.8996182980234347	0.9002544679843768	0.0006361699609420679
365	0.95507571657958	0.9555192817792287	0.0004435651996487211
366	0.9451477969882878	0.9453430005577245	0.00019520356943669714
367	0.9152750071245369	0.9153462524935879	7.124536905100953e-05
368	0.932562686910513	0.933517368299977	0.0009546813894639739
369	0.9417515563101302	0.942572156196944	0.000820599886813822
370	0.9096069182389938	0.9093553459119497	-0.0002515723270440917
371	0.927900455660708	0.9283210655450403	0.0004206098843323458
372	0.9357907253269917	0.9367538644470867	0.0009631391200950468
373	0.9459038901601831	0.9461670480549199	0.000263157894736854
374	0.9199277721863715	0.9205494050085844	0.0006216328222129475
375	0.9561893129770992	0.9569221374045801	0.0007328244274809048
376	0.9423018931144245	0.9430390350142402	0.0007371418998157742
377	0.9097861526658995	0.9108529919447641	0.0010668392788646397
378	0.9072485207100591	0.9113609467455621	0.004112426035502992
379	0.9014056224899598	0.9019076305220883	0.0005020080321285203
380	0.9397749154063301	0.9403824942513694	0.0006075788450393693
381	0.9530648808999325	0.9534760771874174	0.0004111962874849828
382	0.8902757576657069	0.8908842648935854	0.0006085072278785297
383	0.9195240698794553	0.9204743679866698	0.0009502981072144756
384	0.9076718457167039	0.9076960280515084	2.418233480450116e-05
385	0.938642828118651	0.938818908302858	0.00017608018420700589
386	0.9309852670349907	0.9318753836709638	0.0008901166359730484
387	0.9091638164877933	0.9090104965208161	-0.00015331996697720562
388	0.9272532871915835	0.927889912749651	0.0006366255580675384
389	0.9435339345589085	0.94323043126373	-0.00030350329517858654
390	0.9506806555102748	0.9533685944680482	0.002687938957773417
391	0.9442215023610372	0.9447372238069912	0.0005157214459540205
392	0.9418033632518312	0.9424533168265758	0.0006499535747446217
393	0.9054496437512035	0.9071827460042364	0.0017331022530329143
394	0.9288960342979635	0.9292497320471597	0.0003536977491961357
395	0.9228233242228626	0.9250778998415417	0.0022545756186790333
396	0.9276409609477841	0.9319054409828872	0.0042644800351030465
397	0.9518658911182276	0.9531621026948129	0.0012962115765853266
398	0.9098527488771391	0.9104099152879641	0.0005571664108250385
399	0.9459314006888634	0.9460151167240719	8.371603520851423e-05
400	0.8944655987394958	0.8946953781512605	0.00022977941176471894
401	0.9238156377738183	0.923881144534116	6.550676029770663e-05
402	0.9429162561576354	0.9438916256157636	0.0009753694581281502
403	0.9284045326238165	0.9294444969678962	0.0010399643440797135
404	0.9158483228001945	0.915787554691298	-6.0768108896436246e-05
405	0.9464651236025823	0.9473311289560699	0.0008660053534875756
406	0.9575773413972474	0.9581622240473879	0.0005848826501405613
407	0.948178531701891	0.9487764182424917	0.0005978865406006673
408	0.9429635399844204	0.9444644994585146	0.0015009594740942322
409	0.915340613624545	0.9157566302652106	0.0004160166406655952
410	0.9104258951642673	0.9111757105943152	0.0007498154300479287
411	0.9391796322489392	0.9399145796932634	0.0007349474443242299
412	0.9337554853232077	0.933846433687274	9.094836406631224e-05
413	0.8895378539966585	0.8901453957996769	0.0006075418030183632
414	0.9103439519200925	0.9099489292062864	-0.00039502271380609244
415	0.9417667864361104	0.9420896025151583	0.0003228160790478274
416	0.8838916732612327	0.8854743691198452	0.0015826958586124817
417	0.9506688506688507	0.9510647010647011	0.0003958503958504389
418	0.9408681711678382	0.9413614502404736	0.0004932790726354108
419	0.9192788040429489	0.9193969038175752	0.00011809977462629018
420	0.9299271921494143	0.9303070591959481	0.00037986704653381054
421	0.9593201244152727	0.9619039455315814	0.0025838211163087266
422	0.9637358688742088	0.9640675530003593	0.0003316841261504777
423	0.954371097234612	0.9550289919714541	0.0006578947368420796
424	0.9086548918954191	0.9094161917605603	0.000761299865141174
425	0.9528702518139138	0.9544921041399914	0.0016218523260775886
426	0.9325517518590474	0.9326053460172841	5.359415823669167e-05
427	0.9237192103536709	0.924446830082901	0.0007276197292300779
428	0.9280508344817027	0.9285714285714286	0.0005205940897259342
429	0.9149704442720732	0.9163078075266804	0.0013373632546072045
430	0.9028283718879788	0.9027587647045175	-6.960718346127326e-05
431	0.9418413978494624	0.942513440860215	0.0006720430107526321
432	0.9297798877859301	0.9300100704934542	0.00023018270752406256
433	0.9254840503513473	0.9254840503513473	0.0
434	0.9367661691542288	0.9368407960199004	7.462686567161203e-05
435	0.9521924678640038	0.9522440401748301	5.1572310826308865e-05
436	0.9186966149952547	0.9194498425754357	0.0007532275801810373
437	0.8848260869565218	0.8866376811594203	0.0018115942028985588
438	0.951921618204804	0.952275600505689	0.00035398230088501403
439	0.930322962962963	0.930157037037037	-0.00016592592592601374
440	0.900306289621768	0.9010470831255788	0.0007407935038108437
441	0.9351702819378565	0.9364493950860736	0.0012791131482171592
442	0.9592570116255548	0.9591023215411892	-0.00015469008436552745
443	0.9488969878628927	0.9487720971422733	-0.0001248907206193861
444	0.941837567164599	0.9421329507412721	0.0002953835766731361
445	0.9096904194907492	0.9112016852903462	0.001511265799596928
446	0.9478182715353165	0.9480914281686169	0.00027315663330040874
447	0.923362952836637	0.9238414217361586	0.0004784688995215225
448	0.921904738054693	0.9221802063507963	0.000275468296103365
449	0.9233180234590672	0.9230287030004942	-0.0002893204585729947
450	0.9701034367701035	0.9713046379713046	0.001201201201201152
451	0.9422379657459091	0.9426315538380803	0.00039358809217115986
452	0.9485026131206161	0.9489066153211387	0.00040400220052261293
453	0.9300521257042996	0.9298713429148212	-0.00018078278947841753
454	0.9516837481698389	0.9528827198210765	0.0011989716512376125
455	0.910206788285606	0.9103691874627835	0.00016239917717753016
456	0.9470406882517091	0.947418446803066	0.0003777585513569104
457	0.9568486780922014	0.9569948186528497	0.00014614056064832237
458	0.9227104218880535	0.923702485380117	0.0009920634920634885
459	0.94305412301178	0.9448184137668965	0.0017642907551164155
460	0.9177054478301016	0.9188774060657717	0.0011719582356701785
461	0.9427060113503548	0.9441398672177171	0.0014338558673623325
462	0.9136978417266187	0.9151510791366907	0.0014532374100719725
463	0.9668742158276755	0.9679178246033701	0.0010436087756945378
464	0.9369951176209499	0.9389258766089659	0.0019307589880159792
465	0.9154262345051819	0.9154897378581589	6.350335297700127e-05
466	0.9313144709696434	0.9318891836133215	0.0005747126436781436
467	0.9233478669744379	0.92327947336924	-6.839360519794724e-05
468	0.9322650840751731	0.9329080118694362	0.0006429277942631151
469	0.9403085753532182	0.9403576334379906	4.905808477240203e-05
470	0.9368215244543013	0.9367923427104003	-2.91817439009856e-05
471	0.9275897319400273	0.9303914887172497	0.002801756777222497
472	0.9179460442827351	0.9190664241025869	0.0011203798198518022
473	0.9298693568094238	0.9309345530875027	0.0010651962780788837
474	0.940856120039607	0.9414654581460888	0.0006093381064818937
475	0.8981173864894795	0.8973356784574295	-0.0007817080320500214
476	0.8936372823383084	0.8934429415422885	-0.0001943407960198762
477	0.920465637540219	0.9217671089259246	0.001301471385705577
478	0.9411726804123711	0.9412371134020618	6.443298969072142e-05
479	0.9222222222222223	0.9229369720597791	0.0007147498375568162
480	0.9324133683039263	0.9330591320934668	0.00064576378954051
481	0.9457122267595484	0.9468332132276404	0.001120986468092
482	0.9214954422271495	0.9219389012071939	0.00044345898004438666
483	0.9353054353054353	0.9371587018645842	0.0018532665591488584
484	0.9191019691458673	0.9189295121033488	-0.00017245704251844796
485	0.9435694707990723	0.9438962681846932	0.00032679738562091387
486	0.9201032710172656	0.9207717664415297	0.0006684954242640595
487	0.9200392798690671	0.9229983633387888	0.002959083469721735
488	0.9128776063536242	0.912541689660964	-0.00033591669266019863
489	0.9191176470588235	0.9197874802094751	0.0006698331506516109
490	0.9646038581794585	0.9649971486441311	0.0003932904646726243
491	0.9420078636959371	0.9420602883355177	5.242463958055055e-05
492	0.9016666666666666	0.9032200647249191	0.0015533980582524975
493	0.914270211611503	0.9150740539780149	0.0008038423665118755
494	0.9266417393026941	0.9270874603803486	0.00044572107765450397
495	0.9275014907573047	0.9271675611210495	-0.00033392963625522576
496	0.9322076676509932	0.9345927664622297	0.002385098811236497
497	0.9373333333333334	0.9374269005847953	9.356725146192346e-05
498	0.9406915885446806	0.9435721358486684	0.0028805473039877905
499	0.9111826667361944	0.9118475256818064	0.000664858945611968
500	0.9293710247349823	0.9297950530035336	0.0004240282685512575
501	0.9474850479755604	0.9486683017081882	0.0011832537326277315
502	0.8977925000632159	0.8978430727994539	5.057273623798597e-05
503	0.935630896291171	0.9358505485815953	0.00021965229042431034
504	0.9274415584415584	0.9279090909090909	0.00046753246753250544
505	0.9392333199356914	0.9404516680064309	0.0012183480707395056
506	0.9475207613505486	0.9484451718494271	0.0009244104988784807
507	0.9404832261428819	0.9407787241439249	0.00029549800104300417
508	0.9210332606324972	0.9216875681570338	0.000654307524536546
509	0.93781328320802	0.9385338345864662	0.000720551378446177
510	0.9195810249307479	0.920850646352724	0.0012696214219760638
511	0.93526233861368	0.9359338277935476	0.0006714891798675904
512	0.94741550060699	0.9486135071241454	0.0011980065171554033
513	0.9505452962470787	0.950980616780461	0.0004353205333822441
514	0.9430845129115081	0.9449530185103037	0.001868505598795589
515	0.9558260975165462	0.9571619406157023	0.00133584309915602
516	0.9134905459953261	0.9140004248990865	0.000509878903760419
517	0.8510513654663525	0.8514626880554413	0.000411322589088825
518	0.8725764499121266	0.8722671353251318	-0.0003093145869947911
519	0.925	0.9261351495726495	0.0011351495726494853
520	0.9310107376283847	0.9314075630252101	0.0003968253968253954
521	0.9340217265016847	0.9349076333217149	0.0008859068200302023
522	0.9668139087099332	0.9667815478213032	-3.2360888630011964e-05
523	0.9431952662721893	0.9441179420318925	0.0009226757597031732
524	0.9428571428571428	0.942888198757764	3.105590062113528e-05
525	0.9274357578709141	0.9278368235597445	0.00040106568883035987
526	0.9199410232843137	0.9226122089460784	0.002671185661764719
527	0.9005842259006815	0.9014362220058423	0.000851996105160735
528	0.9512691878912615	0.9513656633221851	9.647543092361488e-05
529	0.9360612603683646	0.9380788880629595	0.0020176276945949034
530	0.8958974774482796	0.8976665046183763	0.0017690271700966376
531	0.9422132023071993	0.9420529801324503	-0.0001602221747489807
532	0.9626595269968764	0.9628737170905846	0.00021419009370815534
533	0.9341929746554024	0.9345486883059138	0.00035571365051134674
534	0.9418436887851453	0.9420079058801449	0.0001642170949995858
535	0.9474947494749475	0.9477947794779478	0.0003000300030002734
536	0.9564017769986254	0.9564515807717593	4.980377313390516e-05
537	0.9286446108565255	0.929697105174919	0.0010524943183934932
538	0.9013156255450626	0.9025739416440336	0.0012583160989709796
539	0.9441617189708793	0.9448119875600791	0.0006502685891998095
540	0.9196596756046068	0.9197860962566845	0.0001264206520776856
541	0.9094771241830065	0.9104458450046685	0.0009687208216619947
542	0.9352401969105415	0.9362728455836586	0.0010326486731171425
543	0.9606100299401198	0.9612415793413174	0.0006315494011975842
544	0.9270417082917083	0.9304913836163836	0.0034496753246753276
545	0.9228395061728395	0.9232771328542473	0.0004376266814077878
546	0.9457926536491678	0.9460127240717029	0.00022007042253513465
547	0.9444405853477817	0.9442553487079745	-0.00018523663980729577
548	0.9465587345663709	0.947116576585511	0.000557842019140109
549	0.9180004757535597	0.9192691519126426	0.0012686761590828821
550	0.9250824988620847	0.9251251706873008	4.267182521611179e-05
551	0.9437905788092278	0.9436938803702168	-9.669843901094488e-05
552	0.9365693928921882	0.9370600281581979	0.0004906352660096758
553	0.9337780707337031	0.9344940449131739	0.0007159741794707797
554	0.9178464606181456	0.9195698618430423	0.0017234012248967812
555	0.9340626029654037	0.9353278418451401	0.0012652388797363967
556	0.9556689165463697	0.955863992821193	0.0001950762748234025
557	0.9358212411238036	0.9375964803951837	0.0017752392713801246
558	0.9347286234400319	0.9346444430414378	-8.418039859414694e-05
559	0.9218466077757588	0.9225572567151827	0.0007106489394239635
560	0.9243584530586428	0.9256686545585976	0.001310201499954755
561	0.9397404682967261	0.9401678408619976	0.0004273725652714777
562	0.9221952861952862	0.9223030303030303	0.00010774410774405663
563	0.9241234061930783	0.9244222449908925	0.00029883879781422706
564	0.9212909773284313	0.9221335018382353	0.0008425245098039325
565	0.946560258611981	0.9466410748560461	8.081624406508503e-05
566	0.9191427303278169	0.9191934563439224	5.0726016105451244e-05
567	0.9168224299065421	0.9180106809078772	0.0011882510013351277
568	0.9120610524068737	0.9156473476358202	0.00358629522894649
569	0.932545731707317	0.9348909474671669	0.002345215759849917
570	0.9463239463239463	0.9469035469035469	0.0005796005796006032
571	0.9342940954841488	0.9348457936379784	0.0005516981538296051
572	0.9302632454370051	0.9307844137411013	0.000521168304096209
573	0.9406533754441374	0.9414034741413344	0.0007500986971969992
574	0.9361490683229814	0.9374669187145558	0.0013178503915743933
575	0.9527935222672065	0.9530595720069405	0.0002660497397339867
576	0.9300494543212989	0.9313243390913294	0.00127488477003046
577	0.9385344968862668	0.9385447394296952	1.0242543428407025e-05
578	0.9106072766185126	0.9111289459604066	0.0005216693418940155
579	0.9523683863306505	0.9528631745612878	0.0004947882306373108
580	0.9426514813989753	0.9428324793940744	0.0001809979950991858
581	0.8908492822966507	0.8918614280456386	0.0010121457489878916
582	0.9357623721671207	0.9381263168713706	0.002363944704249943
583	0.9265033173763333	0.9268602502729487	0.00035693289661542504
584	0.9324801412180053	0.9325860547219771	0.00010591350397182175
585	0.9609070935342122	0.9613308223477715	0.0004237288135592321
586	0.928863188976378	0.9292199803149607	0.00035679133858268486
587	0.9605062552430973	0.9604187183134552	-8.753692964214022e-05
588	0.923980732582044	0.924235830794856	0.0002550982128119994
589	0.8831015193253452	0.8834057223977962	0.00030420307245104805
590	0.9330593142247442	0.935011397254959	0.0019520830302147685
591	0.8885470085470085	0.88996336996337	0.001416361416361478
592	0.9395932707596041	0.9397343181002206	0.00014104734061648472
593	0.9195309471507946	0.9204031528621269	0.0008722057113322856
594	0.9448173415492958	0.9454555457746479	0.0006382042253521014
595	0.9191625472521082	0.9194533294562373	0.00029078220412903644
596	0.9501508592417683	0.952544929817657	0.002394070575888696
597	0.9328104758236756	0.933195616399986	0.00038514057631044984
598	0.9329061697360511	0.9330564511721952	0.00015028143614403966
599	0.9471996052306934	0.9471996052306934	0.0
600	0.9591164323170449	0.9597289897443037	0.000612557427258742
601	0.957391304347826	0.9581709145427286	0.0007796101949025802
602	0.9448924731182796	0.9488000221704911	0.0039075490522114675
603	0.9353188824327615	0.9364090787840831	0.0010901963513215707
604	0.920761679412966	0.9209025224996831	0.00014084308671702406
605	0.9417973326124178	0.9439150220780391	0.0021176894656212975
606	0.9518130970336852	0.9530857214680744	0.0012726244343891358
607	0.9249707931288131	0.924956369982548	-1.4423146265096776e-05
608	0.9304615384615385	0.9317894736842105	0.0013279352226720498
609	0.9231024353264474	0.9243698474367479	0.0012674121103004587
610	0.926166686730067	0.9262870671321376	0.00012038040207063005
611	0.9289186733303044	0.9290663334847796	0.0001476601544752043
612	0.9052195140853256	0.906278658245179	0.0010591441598533091
613	0.9505424491788832	0.9512212549570686	0.000678805778185354
614	0.9453429440252281	0.9470661110485415	0.0017231670233134322
615	0.9520636563591668	0.9528399534221762	0.0007762970630094124
616	0.9141502056055905	0.9156386387143974	0.0014884331088069747
617	0.9442113442113442	0.9450530950530951	0.0008417508417508657
618	0.9250498459307595	0.9262021284859784	0.0011522825552189309
619	0.9060637865655471	0.9100589111592633	0.003995124593716204
620	0.9164956011730205	0.9184017595307918	0.0019061583577713037
621	0.9140134059488898	0.9138693967322999	-0.00014400921658985766
622	0.9236754677391152	0.923358541703095	-0.000316926036020293
623	0.9152306967984934	0.9193502824858757	0.004119585687382243
624	0.9204707792207792	0.9210714285714285	0.000600649350649296
625	0.9628865979381444	0.9631555356342447	0.00026893769610036866
626	0.9346336452578702	0.9359114084207097	0.0012777631628395625
627	0.9408664772727273	0.9427130681818182	0.001846590909090895
628	0.9319841576506955	0.932718315301391	0.0007341576506955105
629	0.9302298533067764	0.9308259308259308	0.0005960775191543588
630	0.9590873634945398	0.9601014040561623	0.0010140405616224646
631	0.9179087756735129	0.9177380634835957	-0.0001707121899172659
632	0.9440094672292815	0.9445115172669353	0.0005020500376538006
633	0.9522102747909199	0.9526881720430107	0.0004778972520907976
634	0.9391843820256695	0.9416697496608707	0.002485367635201241
635	0.955798654741666	0.9564176953211619	0.0006190405794959108
636	0.9164797561536692	0.9176299746951921	0.0011502185415229738
637	0.9406532392850061	0.9410073369026373	0.0003540976176311661
638	0.9347801861035271	0.9356577701008525	0.000877583997325404
639	0.9465048612589596	0.9467745369384714	0.0002696756795117494
640	0.9323403536434283	0.9327486203401284	0.0004082666967001325
641	0.9382551736736345	0.9405255878284924	0.002270414154857847
642	0.9066899913381681	0.9067239593063741	3.396796820598347e-05
643	0.8988952245188881	0.8997505345687812	0.0008553100498930322
644	0.8990600507628371	0.8995342091317323	0.00047415836889519447
645	0.9114080834419818	0.914135158626684	0.0027270751847022767
646	0.9524382344776534	0.9529141165117847	0.00047588203413129193
647	0.9521359063170047	0.952674693496069	0.000538787179064304
648	0.9357749469214437	0.9362276757836893	0.0004527288622455661
649	0.9276643100288033	0.929248494370254	0.0015841843414506895
650	0.9427630805408583	0.9428689006466784	0.00010582010582005363
651	0.9690653885655598	0.9700239643957549	0.0009585758301950964
652	0.9356943150046598	0.9360473325990567	0.0003530175943968761
653	0.943814993015676	0.9435433804128511	-0.00027161260282482225
654	0.910347028320702	0.9117510969285999	0.0014040686078978792
655	0.8991585302102831	0.8990404883560142	-0.00011804185426889102
656	0.9264999879567406	0.9266324638100055	0.00013247585326492395
657	0.936820987654321	0.9373456790123457	0.000524691358024687
658	0.9341792228390167	0.9351044144858578	0.0009251916468411281
659	0.9430147058823529	0.9431550291872475	0.0001403233048945518
660	0.931156725091822	0.9318657306243898	0.000709005532567808
661	0.9246457122093024	0.9249182412790697	0.0002725290697673799
662	0.9538825532341049	0.954708761563787	0.0008262083296821654
663	0.9485044658311985	0.9485910129474486	8.654711625011302e-05
664	0.9389052769583743	0.9394843220801923	0.0005790451218179449
665	0.916766577017379	0.9174254452761306	0.0006588682587516104
666	0.9261546216369478	0.9270524856656795	0.0008978640287317097
667	0.9397570809771686	0.940730754347202	0.000973673370033401
668	0.9476888086159609	0.9484692398599683	0.0007804312440073957
669	0.9390878444401016	0.9410787570842291	0.0019909126441274294
670	0.934978978978979	0.9353993993993994	0.00042042042042045313
671	0.9479747162022704	0.9479618163054696	-1.2899896800755428e-05
672	0.9331236497649003	0.934415639428983	0.0012919896640827266
673	0.9003496503496503	0.9009452086375164	0.0005955582878660604
674	0.9230180806675938	0.9229369494668521	-8.11312007417131e-05
675	0.9312295751633987	0.9326388888888889	0.0014093137254902466
676	0.9249173826834104	0.9255783212161269	0.0006609385327165374
677	0.9461712247324614	0.9464803804994054	0.0003091557669440137
678	0.9469531817709955	0.9477447316516142	0.0007915498806186916
679	0.9238367627975954	0.9249755038266995	0.0011387410291040512
680	0.9236075375529907	0.9237790683427676	0.00017153078977683034
681	0.9506834870053882	0.9514679217622777	0.000784434756889496
682	0.9150950060040969	0.9146711873984601	-0.0004238186056367832
683	0.9490154046613286	0.9490048967068071	-1.0507954521510321e-05
684	0.953442444080742	0.9536170212765958	0.00017457719585378673
685	0.9676062753572525	0.9688986345483628	0.0012923591911102594
686	0.9418616226978597	0.9421270947403352	0.0002654720424755119
687	0.9173317612914929	0.9188131084104239	0.001481347118930998
688	0.9024058551541676	0.9036297999653834	0.0012239448112157936
689	0.9280542211748593	0.9282254247358933	0.0001712035610340612
690	0.9472573839662447	0.9471056066539174	-0.00015177731232729474
691	0.9282232426704344	0.9295655245496292	0.0013422818791947178
692	0.9435368118878757	0.9438006585612969	0.0002638466734211642
693	0.9525028616441222	0.9526997919923197	0.00019693034819745492
694	0.9442401960784313	0.9472576766555679	0.0030174805771365776
695	0.9276750493096647	0.9277490138067062	7.396449704144548e-05
696	0.9034054401370744	0.9046048404369244	0.0011994002998499953
697	0.9346094647089004	0.9354279152720432	0.0008184505631427808
698	0.9475177722791721	0.94841129570716	0.0008935234279878745
699	0.9304214096814993	0.9302920547315167	-0.00012935494998267405
700	0.9454973799864773	0.9454762508451656	-2.112914131169319e-05
701	0.9165035366585754	0.9176519719155378	0.001148435256962399
702	0.9102322580645161	0.9098967741935484	-0.00033548387096771215
703	0.9041604371810074	0.9069830386142187	0.002822601433211336
704	0.9568252885326056	0.956893512991074	6.822445846832448e-05
705	0.9472665699080793	0.9478309950008064	0.0005644250927270278
706	0.9156230889899232	0.9166733136582382	0.0010502246683150585
707	0.956507446835411	0.9570005310137305	0.0004930841783195028
708	0.9424916731627808	0.9434365624926181	0.0009448893298372729
709	0.9484314626172012	0.948877300116188	0.0004458374989867453
710	0.9434517172167708	0.9437862399643175	0.0003345227475467505
711	0.9177830940988836	0.9194178628389155	0.0016347687400318778
712	0.9139084825465726	0.914436004099596	0.0005275215530233801
713	0.9492467340918669	0.9503397597977244	0.0010930257058575643
714	0.9603862342163902	0.9605453966681994	0.00015916245180913613
715	0.9113131861503198	0.9120068765834238	0.0006936904331040772
716	0.9275986622073579	0.9283745819397994	0.0007759197324415101
717	0.9193285924786981	0.9211480556089435	0.0018194631302453912
718	0.9549794647762053	0.9555288147121145	0.0005493499359091603
719	0.959841628959276	0.9604072398190046	0.0005656108597285048
720	0.9107969576719577	0.9128637566137566	0.002066798941798953
721	0.929636923076923	0.9293784615384615	-0.00025846153846154074
722	0.9451473759884975	0.9457800143781452	0.0006326383896476662
723	0.9305593300520377	0.9307103099113245	0.0001509798592868039
724	0.9312883435582822	0.932015451033856	0.0007271074755738072
725	0.9022097392687213	0.9026970874533492	0.0004873481846279226
726	0.9243594613988434	0.9255413448144865	0.0011818834156430702
727	0.9628343785997696	0.9641942915653399	0.0013599129655702535
728	0.9474480860645484	0.9483487615711784	0.0009006755066299776
729	0.9492619926199262	0.9493388683886839	7.687576875770041e-05
730	0.9448324128592511	0.9453953474219119	0.0005629345626607662
731	0.9295216062133356	0.9294271786215932	-9.442759174238535e-05
732	0.9242600943347328	0.9239231845747162	-0.00033690976001654604
733	0.9366479218111265	0.9397190346745243	0.0030711128633977847
734	0.9326500012290145	0.9331784774967431	0.0005284762677285615
735	0.9187194490596933	0.9209227286956103	0.0022032796359170437
736	0.9324448942869995	0.9326360773729194	0.0001911830859199215
737	0.9211217571861006	0.9213344007204863	0.00021264353438577022
738	0.8927230487633172	0.8929107804946731	0.00018773173135588905
739	0.935108024691358	0.9361265432098765	0.0010185185185185297
740	0.9411589789946951	0.9412184504127317	5.9471418036527446e-05
741	0.9452458853856831	0.9476006345429308	0.0023547491572476487
742	0.9316004077471968	0.9318425076452599	0.0002420998980631195
743	0.9055452809927216	0.9058883188163703	0.0003430378236487508
744	0.9263932847117105	0.9267510664648411	0.0003577817531306149
745	0.9527471686562595	0.9537610958065503	0.0010139271502908054
746	0.9451672248690975	0.945308740978348	0.00014151610925050573
747	0.9335893593106033	0.9380319006583525	0.00444254134774924
748	0.9297617225368642	0.9299454053778254	0.00018368284096126342
749	0.9260487685031632	0.9282599348934341	0.002211166390270858
750	0.9448162673714724	0.9446137778156706	-0.00020248955580182137
751	0.9338001887439945	0.936674245024022	0.0028740562800274594
752	0.9220183486238532	0.9219175320092752	-0.00010081661457805868
753	0.9262357228458923	0.9288649203903441	0.002629197544451789
754	0.9268569496764223	0.9271225731671979	0.00026562349077563496
755	0.9378424683964376	0.9383981354284039	0.0005556670319663004
756	0.9661977150410727	0.9684122883065381	0.0022145732654654804
757	0.954665211837343	0.9554103683202044	0.0007451564828614421
758	0.9440873766015543	0.9446334803612686	0.0005461037597143115
759	0.8953670443032146	0.8960808694851248	0.0007138251819102104
760	0.9285805561234921	0.9296411776732775	0.0010606215497853677
761	0.9399030890369473	0.9402543912780134	0.0003513022410660538
762	0.918577040337711	0.919280605065666	0.0007035647279549639
763	0.9654750783096114	0.9653102159696654	-0.00016486233994605914
764	0.9570057378566329	0.9573230386842593	0.0003173008276263767
765	0.9340103191034868	0.9348099948514027	0.0007996757479159511
766	0.9608787053277108	0.9610279757684318	0.00014927044072099438
767	0.9405584020197519	0.9410286874087275	0.0004702853889755332
768	0.9165721997300945	0.9187854251012145	0.002213225371120009
769	0.930136842406822	0.9302323360612688	9.549365444672109e-05
770	0.9321921245744205	0.9329788532750973	0.0007867287006768642
771	0.9294242141300965	0.9301960784313725	0.0007718643012760706
772	0.9657534246575342	0.9658790115346716	0.0001255868771373736
773	0.9454231916480239	0.9454231916480239	0.0
774	0.9337345132743363	0.9339327433628318	0.00019823008849551016
775	0.9401076716016151	0.9402653936742934	0.0001577220726782791
776	0.9364752828622062	0.9361158960504629	-0.0003593868117433008
777	0.9434473706736668	0.943361771335635	-8.559933803176101e-05
778	0.9139392054730623	0.9145222731866595	0.000583067713597174
779	0.8701457272885844	0.8697492983207269	-0.0003964289678575206
780	0.9311128424879885	0.9313855343461888	0.0002726918582002247
781	0.9310682943570133	0.9322776225261885	0.0012093281691751834
782	0.9100007457677679	0.9106271906928183	0.0006264449250503734
783	0.9124269005847954	0.9133306751727804	0.0009037745879850734
784	0.942999405469679	0.9432223543400713	0.00022294887039231437
785	0.9614319198806733	0.961396405994744	-3.5513885929372435e-05
786	0.9501428331372879	0.9510166358595195	0.000873802722231587
787	0.9431406799827853	0.9440393914078125	0.0008987114250271766
788	0.935855794252284	0.9366820521587175	0.0008262579064334252
789	0.9098693759071118	0.9108208353491373	0.0009514594420254596
790	0.9347000261985853	0.9370840974587372	0.002384071260151943
791	0.9399480789200415	0.940404984423676	0.0004569055036345304
792	0.9322929895859792	0.9326898653797308	0.0003968757937515832
793	0.9349554953560372	0.9350328947368421	7.739938080497666e-05
794	0.8915103163686382	0.8928858321870702	0.0013755158184319827
795	0.9099640042201949	0.9109725066716317	0.001008502451436799
796	0.9714408725602756	0.9715006697282816	5.979716800608159e-05
797	0.9381274606299213	0.9382874015748032	0.00015994094488192
798	0.9230791780259725	0.9237094362852871	0.00063025825931462
799	0.9681669429215011	0.9681386090923257	-2.8333829175331005e-05
800	0.9220177089869623	0.9221687698993702	0.00015106091240790764
801	0.9266582220175035	0.9265430677107324	-0.00011515430677111471
802	0.9465172239108409	0.9471251266464032	0.0006079027355623268
803	0.9381387672189424	0.9383926871072177	0.000253919888275278
804	0.9403245374582955	0.9416009503589121	0.0012764129006166414
805	0.8811545228586589	0.8816851453626386	0.0005306225039797274
806	0.9319155844155844	0.9323051948051948	0.0003896103896103842
807	0.9465871517476301	0.9470866173194682	0.0004994655718381091
808	0.9421276595744681	0.942370820668693	0.0002431610942249529
809	0.9288199672120178	0.9292716383953963	0.0004516711833785214
810	0.9234442122373157	0.9243440148612563	0.0008998026239406265
811	0.9251035752646923	0.9252723645849317	0.00016878932023933757
812	0.9224876545815219	0.9224348963828979	-5.2758198624047736e-05
813	0.9385434173669468	0.9405042016806723	0.0019607843137254832
814	0.9254568459984914	0.9256636737474755	0.00020682774898406198
815	0.9387659629530094	0.9393333134262992	0.0005673504732898182
816	0.939660758528683	0.9422400101645385	0.002579251635855484
817	0.9164522768201698	0.9167953005745648	0.0003430237543949888
818	0.9235188387331634	0.9250204768838733	0.0015016381507099164
819	0.9166193853427896	0.9181796690307329	0.0015602836879432536
820	0.9556469298245615	0.9574561403508772	0.0018092105263157743
821	0.9556917969586636	0.9556917969586636	0.0
822	0.94649162516976	0.9467783310698658	0.0002867059001057104
823	0.9232979067760034	0.9226909797151489	-0.000606927060854523
824	0.9189146453306347	0.9198633819297303	0.0009487365990955565
825	0.925826183972608	0.9257492401800484	-7.6943792559514e-05
826	0.9170055398396982	0.9184789014615747	0.001473361621876501
827	0.9169394435351882	0.9174338516093835	0.0004944080741953183
828	0.9217483644175374	0.9223586563812127	0.0006102919636753468
829	0.8584986519970702	0.8590440867085353	0.0005454347114650648
830	0.9264744571861894	0.9265208845969327	4.642741074334378e-05
831	0.9499209486166008	0.9499341238471674	1.317523056654224e-05
832	0.9262443323653777	0.927836364562637	0.00159203219725923
833	0.941260471130601	0.9423286670039916	0.0010681958733906871
834	0.9011534947464596	0.9063308969087863	0.005177402162326761
835	0.9115810706967213	0.9115650614754098	-1.600922131150817e-05
836	0.9368223730874455	0.9379268416252913	0.0011044685378457375
837	0.9523362486928415	0.9523600152105713	2.376651772983962e-05
838	0.9024852904427634	0.9036438810513642	0.0011585906086007958
839	0.9127485638532921	0.912417145382236	-0.0003314184710561108
840	0.9576687700161715	0.957933009903711	0.0002642398875395413
841	0.9555024581858214	0.9561654803157487	0.0006630221299273042
842	0.9431341719077568	0.9444625171690885	0.0013283452613316316
843	0.9480907732028808	0.9491037566863086	0.0010129834834278206
844	0.9246404002501564	0.9254221388367729	0.0007817385866165649
845	0.942828432409562	0.9433573090755236	0.0005288766659615751
846	0.9286939242160279	0.9298099956445993	0.0011160714285713969
847	0.9665690104166667	0.9671712239583333	0.0006022135416666741
848	0.9465448435202688	0.9475050259549315	0.0009601824346626708
849	0.9381474447513812	0.9406854281767956	0.0025379834254143363
850	0.9290165002171081	0.9296244029526705	0.0006079027355623268
851	0.946020618556701	0.9467903780068728	0.0007697594501717697
852	0.9119775798012522	0.9134688315528302	0.0014912517515780488
853	0.9176560121765601	0.9182648401826484	0.0006088280060883022
854	0.9464285714285714	0.946663379355687	0.00023480792711561005
855	0.9578747211759974	0.9578869102034349	1.2189027437492506e-05
856	0.9436724960254372	0.9445468998410175	0.000874403815580238
857	0.9178544061302683	0.922884012539185	0.005029606408916698
858	0.938288151081328	0.9394456289978678	0.0011574779165397509
859	0.9028562460765851	0.9038135593220339	0.0009573132454487876
860	0.9370716981132076	0.9382641509433962	0.0011924528301886506
861	0.9275739243512184	0.9302171086108442	0.0026431842596257304
862	0.9260078376595662	0.9258267696167825	-0.00018106804278372746
863	0.9485689915511141	0.9488802056318222	0.00031121408070811096
864	0.9307765151515152	0.9312144886363637	0.0004379734848485306
865	0.9422482417497489	0.9426829739547106	0.0004347322049617075
866	0.9531313387423935	0.9535370182555781	0.00040567951318459805
867	0.9231970471323112	0.9234938826080223	0.00029683547571113245
868	0.8767094417384789	0.8771543649306857	0.000444923192206792
869	0.9484033695758645	0.9486727397394455	0.0002693701635810841
870	0.9140217391304348	0.9145108695652174	0.0004891304347826031
871	0.9415982180147571	0.9421133231240428	0.0005151051092857628
872	0.9254950495049505	0.9282728272827283	0.002777777777777768
873	0.9316949568155192	0.9322943628586219	0.0005994060431027126
874	0.9090021990104453	0.9095519516217702	0.0005497526113248385
875	0.8882440661115943	0.8879085373431093	-0.00033552876848508273
876	0.9317463433788161	0.933267890448611	0.001521547069794904
877	0.8844554138671785	0.8847296494355318	0.0002742355683532649
878	0.9311237159212693	0.9311367854248895	1.3069503620233291e-05
879	0.8966469681397738	0.89568345323741	-0.0009635149023637934
880	0.9524689133177149	0.9542079653991711	0.0017390520814561938
881	0.9404103755323268	0.940952380952381	0.0005420054200542257
882	0.9310911003360784	0.9317324713307166	0.0006413709946381241
883	0.9369266514441373	0.9373973480751512	0.00047069663101384496
884	0.9321215682982117	0.9326532896762096	0.0005317213779979513
885	0.9299452769632178	0.9300145466300307	6.926966681286562e-05
886	0.8929372937293729	0.8936468646864687	0.0007095709570957842
887	0.9492185582194583	0.950380492594714	0.001161934375255691
888	0.9319788977438546	0.9336204961275115	0.0016415983836569614
889	0.9375928261174162	0.9384895614403811	0.0008967353229648589
890	0.9246674820363858	0.9244891199103094	-0.00017836212607647006
891	0.9499611324255874	0.9520925800546653	0.0021314476290779094
892	0.954735508394045	0.9547196705733291	-1.5837820715902673e-05
893	0.9319253061500643	0.9350262736519248	0.0031009675018605076
894	0.9374600055879516	0.9398213658035385	0.0023613602155868607
895	0.9529856	0.953088	0.000102400000000058
896	0.9448012023500478	0.9448012023500478	0.0
897	0.8847107205227874	0.884654385668413	-5.633485437439578e-05
898	0.9041405593953878	0.9048672566371682	0.0007266972417803164
899	0.9295794392523364	0.9302803738317758	0.0007009345794393163
900	0.8990561759537441	0.9006575590952893	0.0016013831415452318
901	0.9407795069549649	0.9405729238396915	-0.00020658311527343987
902	0.9209536173208942	0.9213716775215631	0.0004180602006689238
903	0.9520449995233101	0.9528349427291176	0.0007899432058074973
904	0.9444953288148012	0.9464580116714207	0.001962682856619491
905	0.9548076701202206	0.9550499573113044	0.00024228719108376762
906	0.9388548900233588	0.9387914724503493	-6.341757300942774e-05
907	0.9177744461102781	0.9193403298350824	0.0015658837248042623
908	0.9482451510753398	0.9486079957778071	0.00036284470246727984
909	0.9452207875549065	0.9456080370874409	0.0003872495325344394
910	0.9303763344236369	0.9306998310628661	0.0003234966392292593
911	0.9512670565302144	0.9516719148298096	0.00040485829959524544
912	0.9374414245548266	0.9381287097781943	0.0006872852233676952
913	0.9402983032293377	0.9406677613574165	0.000369458128078759
914	0.9150650084793669	0.9152063312605992	0.00014132278123235587
915	0.9492255413308045	0.9494132290184921	0.000187687687687621
916	0.9505349383512458	0.950279336408671	-0.0002556019425747902
917	0.9464598592560678	0.9473646416774378	0.0009047824213700428
918	0.9367329976042634	0.9371567333235549	0.0004237357192914404
919	0.9604258522421766	0.9603183137971825	-0.00010753844499411525
920	0.9160907318802055	0.9183206332329139	0.0022299013527083966
921	0.9477055958082606	0.9484628924638749	0.0007572966556143035
922	0.9318980870560226	0.9334299187021879	0.001531831646165327
923	0.9414150206229415	0.9414348028209414	1.9782197999917983e-05
924	0.9144329896907216	0.9152545103092784	0.0008215206185567814
925	0.9074302502915582	0.908674979815197	0.0012447295236387435
926	0.9536679536679536	0.953997953997954	0.0003300003300003018
927	0.932534069733504	0.93282593565479	0.0002918659212860497
928	0.9647360126083531	0.9649122807017544	0.00017626809340132166
929	0.9419664682368505	0.9422540476806718	0.0002875794438212953
930	0.9085075031990384	0.9093605800922874	0.000853076893248983
931	0.937521241644953	0.9380735244137306	0.0005522827687776122
932	0.9267375756464331	0.9281893758787212	0.0014518002322880807
933	0.9541722627737226	0.9559474452554745	0.0017751824817519024
934	0.9500402900886382	0.9502449381579116	0.00020464806927333878
935	0.9103230642743144	0.9122938530734632	0.0019707887991488038
936	0.9255021318128114	0.9255021318128114	0.0
937	0.9303013854425145	0.9307020264681555	0.0004006410256409687
938	0.9286136885092137	0.928801281403772	0.00018759289455838601
939	0.9650400836528407	0.9655106308818404	0.00047054722899975143
940	0.8918233082706767	0.893515037593985	0.0016917293233082997
941	0.931471433871267	0.9319351697273233	0.0004637358560563021
942	0.9235765655646835	0.9243156428551125	0.0007390772904289911
943	0.9380278060836057	0.9381332208908723	0.00010541480726655728
944	0.915476572052661	0.915939551503496	0.000462979450835066
945	0.9273954703832753	0.929006968641115	0.001611498257839683
946	0.9013764321340919	0.9044188334822489	0.003042401348157031
947	0.9412593636431061	0.9416450344878736	0.0003856708447674828
948	0.9440488425586062	0.9438775510204082	-0.00017129153819805953
949	0.9072120488322718	0.9073945063694268	0.00018245753715495638
950	0.9107269503546099	0.9103834219858156	-0.00034352836879436577
951	0.9432324653999531	0.9437276826439388	0.0004952172439857128
952	0.9445694867381614	0.9462171028436088	0.0016476161054473915
953	0.9349393685688822	0.9364922894104303	0.0015529208415481222
954	0.9347864474119855	0.9353934444321819	0.0006069970201963981
955	0.9193990610328638	0.9207261345852895	0.0013270735524256727
956	0.9208224273315884	0.9239794278367085	0.0031570005051201333
957	0.9424208707873393	0.9422305507568881	-0.0001903200304511632
958	0.9541700295937584	0.9550309389292441	0.0008609093354856601
959	0.9242424242424242	0.9262288696735997	0.001986445431175543
960	0.9523908523908524	0.9526264726264726	0.00023562023562018197
961	0.9145854145854145	0.915757711676079	0.0011722970906644647
962	0.9447881588221474	0.9459405032276831	0.001152344405535688
963	0.9336775717372733	0.9335016835016835	-0.00017588823558978284
964	0.907049747273211	0.9072758712423517	0.00022612396914067912
965	0.9429853723404256	0.9439571399345336	0.0009717675941079973
966	0.9307496036464527	0.9306381292112564	-0.0001114744351962127
967	0.9410031211439356	0.9414095957029832	0.0004064745590476315
968	0.9305156723963599	0.9329558476575666	0.0024401752612066563
969	0.9155031078281236	0.9172275341989782	0.0017244263708545704
970	0.9322223334334234	0.9343409068161346	0.002118573382711153
971	0.9493728185640941	0.9495038536219281	0.00013103505783407243
972	0.9366900044689409	0.937264582579643	0.0005745781107020509
973	0.9295927564732874	0.9314568993772534	0.0018641429039659707
974	0.9231614654002713	0.9229443690637721	-0.0002170963364992451
975	0.925000332681278	0.9249204891745512	-7.984350672685103e-05
976	0.9290824999011741	0.9319682175752065	0.002885717674032451
977	0.9224137931034483	0.923395356777057	0.0009815636736086875
978	0.9568599717114569	0.9577692463123864	0.0009092746009294883
979	0.9118731363513147	0.9132827324478179	0.0014095960965031518
980	0.935720218319886	0.9363876364499288	0.000667418130042785
981	0.9586521860206071	0.9605458089668616	0.001893622946254503
982	0.9512861169837914	0.9520348837209303	0.0007487667371388618
983	0.9048094762380476	0.9054754769040483	0.0006660006660006434
984	0.9198911870925379	0.9221307630974157	0.0022395760048777857
985	0.9221309523809523	0.9223690476190476	0.00023809523809525945
986	0.952102039602783	0.9523993577927098	0.0002973181899268429
987	0.9429787234042554	0.9423373419673142	-0.0006413814369411464
988	0.9121655729429581	0.9124753338534257	0.000309760910467638
989	0.8959003092373167	0.8962677199105967	0.0003674106732800553
990	0.9245750878713467	0.9254538013385334	0.0008787134671867092
991	0.921331594435527	0.923204253611557	0.0018726591760299671
992	0.9290022618748429	0.9295467872999916	0.0005445254251487119
993	0.9419183889772125	0.9425278219395866	0.0006094329623741457
994	0.9334563994374121	0.9377747011251758	0.004318301687763704
995	0.9579928765975277	0.9587261680284936	0.0007332914309658989
996	0.9118893920416226	0.9123069017567524	0.00041750971512988233
997	0.9487942672941494	0.9487493401323105	-4.492716183890355e-05
998	0.9379991196629567	0.9382978054455134	0.00029868578255676237
999	0.947030031524805	0.947185581549693	0.00015555002488798486
1000	0.9341650521024245	0.9379483688537467	0.003783316751322152
1001	0.9536345538999819	0.9537793328105206	0.00014477891053876757
1002	0.9072642366065637	0.9069658840316513	-0.0002983525749123972
1003	0.9457100276772408	0.9487971045348095	0.0030870768575687046
1004	0.9548315404153593	0.9550089645898701	0.0001774241745107208
1005	0.926994750656168	0.92749343832021	0.0004986876640420412
1006	0.9358971402214022	0.9364506457564575	0.0005535055350552875
1007	0.952883387366146	0.9528440907751252	-3.9296591020754335e-05
1008	0.8851974719713296	0.8894956050076277	0.004298133036298113
1009	0.9054465942221044	0.906197543952646	0.0007509497305415724
1010	0.8953341740226987	0.8959188352630976	0.0005846612403989093
1011	0.8770702981229297	0.8778064041221936	0.0007361059992638808
1012	0.9439565333570856	0.9445622160862207	0.0006056827291350819
1013	0.9318010167848406	0.9318122893440498	1.1272559209185573e-05
1014	0.9131635010652024	0.9131635010652024	0.0
1015	0.9262144683411039	0.9268762219882689	0.0006617536471650309
1016	0.9400378708184305	0.9436746716359592	0.003636800817528707
1017	0.9481327800829875	0.9482033477291332	7.056764614565836e-05
1018	0.9294822006472492	0.9296763754045307	0.0001941747572815622
1019	0.9464647487844409	0.9464394246353323	-2.5324149108607585e-05
1020	0.923180324604202	0.9237404162102957	0.0005600916060937156
1021	0.9459830713422007	0.9504135429262395	0.004430471584038753
1022	0.9294607601717687	0.9309728090411882	0.001512048869419469
1023	0.9396761824927429	0.9415389869448455	0.0018628044521026288
1024	0.9514898872935	0.9516134012660182	0.00012351397251819662
1025	0.9368079419625811	0.937094310805651	0.000286368843069873
1026	0.9487716988323343	0.9502442742801704	0.0014725754478361885
1027	0.929863301787592	0.9308797756747283	0.0010164738871363266
1028	0.9253542895704987	0.9254631342926182	0.00010884472211947216
1029	0.9088671879369554	0.9089678624562345	0.000100674519279087
1030	0.9524272173706746	0.9523029474564207	-0.00012426991425384948
1031	0.9179500898077732	0.9176316225271016	-0.0003184672806715305
1032	0.953242501990622	0.9539679731044856	0.0007254711138635628
1033	0.9191144939965694	0.919194897084048	8.04030874785866e-05
1034	0.9313316944477755	0.9319013071111644	0.000569612663388841
1035	0.9329260281171988	0.9335304165024307	0.0006043883852319132
1036	0.9199819168173599	0.9207448010849909	0.0007628842676310477
1037	0.9213698321505013	0.9215528894896925	0.00018305733919121714
1038	0.9425852841001243	0.9439233389198248	0.001338054819700507
1039	0.9434633163446723	0.9450634111651061	0.0016000948204337728
1040	0.9422531833246119	0.944259113901971	0.002005930577359094
1041	0.9529631164525487	0.9533516369664319	0.00038852051388316156
1042	0.9345826687931951	0.9351674641148325	0.0005847953216374657
1043	0.9247314285714285	0.92528	0.0005485714285714538
1044	0.9011622892137836	0.9012161987320482	5.390951826456103e-05
1045	0.9392696535642905	0.939873417721519	0.0006037641572285146
1046	0.9245028473582483	0.9257092451581937	0.001206397799945469
1047	0.9442115874363328	0.9443707555178268	0.00015916808149396555
1048	0.9409454002808989	0.9422621137640449	0.0013167134831459926
1049	0.9375324675324676	0.9390422077922078	0.0015097402597402665
1050	0.9585459336447478	0.9587854832914121	0.00023954964666428324
1051	0.9697533838538701	0.9703118840071838	0.0005585001533137124
1052	0.9308702750841085	0.9314516129032258	0.0005813378191172891
1053	0.9205671004078462	0.9209555253447271	0.00038842493688096
1054	0.9302992893130025	0.931683961162457	0.0013846718494544552
1055	0.9610381782455125	0.961062288283727	2.4110038214453233e-05
1056	0.8901970303839463	0.8907364701757226	0.0005394397917762861
1057	0.9216273166993918	0.9219026866529381	0.00027536995354626725
1058	0.9361315684713376	0.9363181727707006	0.00018660429936301348
1059	0.9545460353970993	0.9556322279726535	0.0010861925755542012
1060	0.9583975346687211	0.9585288555820143	0.00013132091329315365
1061	0.9692446245637735	0.969424743892829	0.00018011932905548367
1062	0.9150351528171077	0.91542573967386	0.0003905868567523063
1063	0.9159255599472991	0.916701957462827	0.0007763975155279379
1064	0.9219842680050293	0.9233247087918368	0.0013404407868075063
1065	0.933036599880976	0.9326646498710573	-0.00037195000991863125
1066	0.9459102564102564	0.9478076923076924	0.0018974358974359617
1067	0.9289947557970557	0.9304985151955519	0.0015037593984962294
1068	0.9276369484852849	0.9282010658216909	0.0005641173364060448
1069	0.8945996794648456	0.8946275520869625	2.7872622116897894e-05
1070	0.9262685275343503	0.9262144325435465	-5.409499080377689e-05
1071	0.9314612218370883	0.931488301559792	2.7079722703660103e-05
1072	0.9368957182320442	0.9375986582478295	0.0007029400157853027
1073	0.9328980895202476	0.9326137593910961	-0.0002843301291514111
1074	0.9321752557421348	0.9325709322524609	0.00039567651032612616
1075	0.9146505376344086	0.914613880742913	-3.6656891495567834e-05
1076	0.9404408906657782	0.9409406407907157	0.0004997501249375258
1077	0.9162201037906137	0.9161918998194946	-2.8203971119133975e-05
1078	0.9071129017057771	0.9144048628781454	0.0072919611723683
1079	0.9463383352571502	0.9475567525971528	0.0012184173400026088
1080	0.935697126405164	0.9368524325612954	0.0011553061561313527
1081	0.9274509803921569	0.9279593318809005	0.0005083514887436191
1082	0.9386721006004206	0.9393912977149146	0.0007191971144939746
1083	0.9330463892874223	0.9331898613103778	0.0001434720229555042
1084	0.9355519129849172	0.9388302265594226	0.003278313574505365
1085	0.9204298868101578	0.9232156471761187	0.0027857603659608987
1086	0.9175168490694368	0.9180630268554587	0.0005461777860219508
1087	0.9143969508105544	0.9145768922477957	0.0001799414372413155
1088	0.9292603049124788	0.9292151326933935	-4.517221908528768e-05
1089	0.9380372350960586	0.9382154882154882	0.00017825311942953892
1090	0.9326963971079653	0.9332887781760739	0.0005923810681086605
1091	0.9201200490841083	0.9199574210145035	-0.0001626280696047644
1092	0.9562384293091689	0.9565551008477053	0.00031667153853642827
1093	0.9517033248081841	0.9532890025575448	0.0015856777493606922
1094	0.9519668093980875	0.9519002507044129	-6.65586936746676e-05
1095	0.9464580444972602	0.9472172707466825	0.0007592262494222624
1096	0.9301633232241729	0.930320989028315	0.00015766580414200426
1097	0.9260668259164234	0.9277477955704975	0.0016809696540740493
1098	0.9348889500185382	0.9356304792431618	0.0007415292246235605
1099	0.9127544942603422	0.9145684427117176	0.0018139484513753912
1100	0.9649008409407744	0.9663623690245986	0.0014615280838241596
1101	0.9307811753463927	0.9312231247013856	0.0004419493549928655
1102	0.943342243475224	0.9443631039531479	0.001020860477923935
1103	0.9373061514603257	0.9386953993279917	0.0013892478676660325
1104	0.9212602739726028	0.9213287671232877	6.84931506849118e-05
1105	0.9302463850837138	0.9308052701674278	0.0005588850837139336
1106	0.935410239044824	0.9358742819876088	0.0004640429427847925
1107	0.9441427139037433	0.9447554590017825	0.0006127450980392135
1108	0.9373985801217039	0.9378930020283975	0.0004944219066936872
1109	0.9246268656716418	0.9248841996911992	0.0002573340195574092
1110	0.8994432003873388	0.9003510258427646	0.0009078254554257814
1111	0.9563628323188179	0.9568830966130795	0.0005202642942615521
1112	0.9412426765340733	0.9409959913660191	-0.00024668516805426144
1113	0.9541798941798941	0.9557671957671958	0.0015873015873016927
1114	0.9356909657928077	0.935313322288276	-0.0003776435045317328
1115	0.936224919912325	0.936702635868038	0.0004777159557129984
1116	0.931958669855164	0.9329625953165185	0.0010039254613545268
1117	0.9384255450431921	0.9387469148498561	0.00032136980666397363
1118	0.9351055900621118	0.9358012422360249	0.0006956521739130972
1119	0.9180703797529145	0.9183825383294714	0.00031215857655686463
1120	0.9375869608427748	0.9391061135247182	0.0015191526819433587
1121	0.9308528391693633	0.9312591603662695	0.00040632119690620083
1122	0.9319080573405832	0.931633437688801	-0.00027461965178221526
1123	0.9423633553463538	0.9434312210200927	0.0010678656737388437
1124	0.9340139512553306	0.9357931599310909	0.0017792086757603132
1125	0.8963032915479872	0.8958158804624312	-0.00048741108555594437
1126	0.941464256935651	0.9415649821572465	0.00010072522159554342
1127	0.9221106855105006	0.9232730154537049	0.00116232994320431
1128	0.9388108156685652	0.9399903391410822	0.0011795234725170411
1129	0.9226706497969385	0.9289772727272727	0.006306622930334238
1130	0.924063670411985	0.9246410736579276	0.000577403245942576
1131	0.9422236386814787	0.9425423420142051	0.00031870333272632223
1132	0.9518583009819593	0.9557975565197534	0.003939255537794062
1133	0.9688279024216524	0.9688946759259259	6.677350427353179e-05
1134	0.9548698572628044	0.9619280016792612	0.007058144416456802
1135	0.9547486790407804	0.9552093212301856	0.00046064218940522483
1136	0.9198470374940964	0.9203650380120968	0.0005180005180004388
1137	0.9365856176759073	0.9372463992566207	0.0006607815807133655
1138	0.920120305670904	0.9204019881329905	0.0002816824620864855
1139	0.9312293923692887	0.9316576028775746	0.0004282105082858978
1140	0.918441317047265	0.9191848114710568	0.0007434944237918462
1141	0.9247030373893864	0.9256729823815472	0.0009699449921607428
1142	0.9442783094098883	0.9444278309409888	0.00014952153110048272
1143	0.9367647058823529	0.936624649859944	-0.0001400560224089631
1144	0.9389613076763915	0.9407407407407408	0.001779433064349245
1145	0.9370202679555197	0.9371035989741026	8.333101858282177e-05
1146	0.9149989660639202	0.9176412471566758	0.0026422810927556606
1147	0.9249551662298248	0.929427047408838	0.004471881179013204
1148	0.9277216155643507	0.9281150159744409	0.00039340041009017224
1149	0.9058974194787731	0.9050393801626433	-0.0008580393161298216
1150	0.9363669657571874	0.9382795173859082	0.0019125516287208377
1151	0.9098948194425581	0.9110718758959965	0.001177056453438352
1152	0.9518606814124287	0.9526410878652142	0.0007804064527854315
1153	0.9103775855705506	0.911821814272189	0.0014442287016384059
1154	0.9564416937600376	0.9564416937600376	0.0
1155	0.9355039204436795	0.9360617071460445	0.0005577867023650596
1156	0.9387044697810514	0.9395368782161235	0.0008324084350721517
1157	0.9413003895663956	0.9413215616531165	2.1172086720921968e-05
1158	0.8960722511819614	0.8977330585525518	0.001660807370590378
1159	0.9431749017871963	0.943811210092403	0.0006363083052066676
1160	0.9407141385299226	0.9408416983113047	0.00012755978138212498
1161	0.9468529953417831	0.9474054815296284	0.0005524861878453136
1162	0.9168247161980154	0.9172232758857646	0.00039855968774915596
1163	0.9355068649383691	0.9358797210159231	0.00037285607755399575
1164	0.8961093088222042	0.897461025502388	0.0013517166801838565
1165	0.9209496930085166	0.9212344028520499	0.0002847098435333484
1166	0.9612224157955865	0.9611933797909408	-2.9036004645766056e-05
1167	0.8948065029985007	0.8977581521739131	0.002951649175412352
1168	0.9392930733872246	0.9398406317093906	0.0005475583221660196
1169	0.9442093663911846	0.944099173553719	-0.00011019283746560582
1170	0.9047475961538461	0.9060353708791209	0.0012877747252747485
1171	0.9280642919725671	0.9280945043656909	3.0212393123729697e-05
1172	0.9339543937708565	0.9353170189098999	0.001362625139043394
1173	0.9285693430656934	0.9299124087591241	0.0013430656934306784
1174	0.9532589285714286	0.9535535714285714	0.0002946428571428683
1175	0.9432754589705262	0.9444731899888851	0.0011977310183588497
1176	0.9341574352578681	0.935086689653486	0.0009292543956178623
1177	0.9287677208287896	0.9289131225009087	0.0001454016721191831
1178	0.9472140439092703	0.9471699361540242	-4.410775524610333e-05
1179	0.9193436089503505	0.9194156343032748	7.202535292427648e-05
1180	0.9095217883418223	0.9111606300697982	0.0016388417279759038
1181	0.9338295514766103	0.9344317579611697	0.0006022064845594421
1182	0.9483172105305705	0.9491390692786505	0.000821858748080051
1183	0.9487179487179487	0.9491160285680834	0.000398079850134736
1184	0.9327235289459096	0.9340698503207413	0.0013463213748317049
1185	0.952068185593621	0.9530265663135566	0.000958380719935592
1186	0.9124452782989368	0.912381135645676	-6.414265326082358e-05
1187	0.9423922706218125	0.943047302671595	0.0006550320497824558
1188	0.932572711119424	0.9326896100252502	0.00011689890582622375
1189	0.9623788105947026	0.9625687156421789	0.0001899050474762909
1190	0.9309617424951632	0.9314110965487112	0.0004493540535480678
1191	0.9370702328448808	0.9380977221352809	0.0010274892904000854
1192	0.9565287653522948	0.9572936867054515	0.0007649213531566446
1193	0.9347182246694198	0.9349128881102351	0.0001946634408153125
1194	0.901830709991218	0.9033033844490982	0.0014726744578802409
1195	0.949078329248366	0.9498570261437909	0.0007786968954248685
1196	0.932817861227602	0.9341522112085399	0.0013343499809378434
1197	0.908948968690936	0.9094283288136522	0.0004793601227162103
1198	0.9575353692201518	0.9575030193236715	-3.234989648026598e-05
1199	0.917319065052098	0.9175537407303107	0.0002346756782126702
1200	0.9154445943919628	0.9161793372319688	0.0007347428400059641
1201	0.9441681353967986	0.9440594896062193	-0.00010864579057923152
1202	0.9302297497207379	0.9311052742807113	0.0008755245599734174
1203	0.933475988486593	0.9332487501893653	-0.0002272382972277054
1204	0.9260522530047798	0.9258202236762727	-0.00023202932850707736
1205	0.9492616120782114	0.9489831697054698	-0.0002784423727415497
1206	0.9276840323285277	0.9280389908256881	0.00035495849716038474
1207	0.9455090618336887	0.9452825159914712	-0.00022654584221748486
1208	0.9559179891665874	0.9568207735436662	0.0009027843770788024
1209	0.8950151297977385	0.8947921643573817	-0.00022296544035671495
1210	0.9441708287088421	0.9443673695893452	0.00019654088050313767
1211	0.9376326910245264	0.937733788947975	0.00010109792344858981
1212	0.9208060872666746	0.9210557603138747	0.0002496730472001385
1213	0.922284402723334	0.9227743965339386	0.0004899938106045498
1214	0.9529584813499112	0.9535690497335702	0.000610568383658916
1215	0.9171680503736569	0.9171568462684727	-1.1204105184181579e-05
1216	0.9541148985876606	0.9543060422639906	0.00019114367632999674
1217	0.9080732700135685	0.9083496658123523	0.0002763957987838017
1218	0.9445382034436342	0.9453619432222289	0.0008237397785947342
1219	0.9492105467838532	0.9505846361255866	0.001374089341733442
1220	0.9322199265381084	0.932139577594123	-8.03489439853422e-05
1221	0.8803625970241264	0.8814834533583658	0.0011208563342393063
1222	0.9358727097396335	0.9365055448408872	0.0006328351012536704
1223	0.9164097796480241	0.9175188791570844	0.0011090995090603517
1224	0.9162414314184972	0.9184971857821773	0.0022557543636800848
1225	0.9479182749215171	0.9480983994647728	0.0001801245432556664
1226	0.9244530375496082	0.9244733896407856	2.0352091177455733e-05
1227	0.9613642499325075	0.9621041685414604	0.0007399186089529497
1228	0.9188665799095247	0.9195327508210944	0.0006661709115697301
1229	0.9320729592468723	0.9323671497584541	0.00029419051158185994
1230	0.9484704769453002	0.9493653086530226	0.000894831707722421
1231	0.9559415553661078	0.9565927820403524	0.0006512266742445538
1232	0.9098285364360074	0.9101347213717085	0.0003061849357011148
1233	0.9175867639685812	0.9178987243050526	0.0003119603364714063
1234	0.9409703412784398	0.942578548212351	0.0016082069339111715
1235	0.956249265598684	0.9565626101601974	0.00031334456151344003
1236	0.9225243300585766	0.9224666758913335	-5.765416724312633e-05
1237	0.9490327634357333	0.949015734622982	-1.7028812751229694e-05
1238	0.9343727173119065	0.934292823228634	-7.989408327246927e-05
1239	0.9402509281782102	0.9396364101907566	-0.0006145179874536
1240	0.8792858673524054	0.8803975141969356	0.0011116468445301342
1241	0.9303090958081527	0.9306170368374457	0.0003079410292929907
1242	0.941812865497076	0.9419103313840156	9.746588693959612e-05
1243	0.9157386639384042	0.9170765618646625	0.001337897926258269
1244	0.9183543957546911	0.9200612724984956	0.0017068767438044308
1245	0.9066791195476576	0.9066286348949919	-5.0484652665661045e-05
1246	0.9482186663693131	0.9488598349687779	0.0006411685994648364
1247	0.9205882352941176	0.9212257316719792	0.0006374963778615905
1248	0.957457094512932	0.9583102276443572	0.00085313313142521
1249	0.9320625369895443	0.9320625369895443	0.0
1250	0.876285046728972	0.8793029595015577	0.0030179127725856736
1251	0.9244707049286862	0.9263091288435886	0.0018384239149024095
1252	0.9309856135670732	0.9314143483231707	0.0004287347560975041
1253	0.924176279784406	0.924225056703168	4.8776918762039045e-05
1254	0.9076395948642645	0.9077525509243571	0.00011295606009265047
1255	0.9106889969829444	0.910699259076822	1.0262093877666523e-05
1256	0.9198277608915907	0.924387031408308	0.00455927051671734
1257	0.9264678908431329	0.9267328346954165	0.0002649438522835945
1258	0.9621506818689918	0.9620947909680304	-5.5890900961363954e-05
1259	0.9217781384549492	0.9224431369896982	0.0006649985347489951
1260	0.9444816285081241	0.9451855612998523	0.0007039327917282012
1261	0.9138492975734355	0.9163116219667944	0.0024623243933589167
1262	0.9341335438335809	0.9337040304606241	-0.00042951337295682457
1263	0.926058766726445	0.9289132718571261	0.0028545051306810842
1264	0.9276538974652182	0.9288450543167525	0.0011911568515342585
1265	0.8729950949414703	0.8736872197646776	0.0006921248232072408
1266	0.9534522605806731	0.9529466994077712	-0.0005055611729019027
1267	0.9127951844420436	0.9135283222719556	0.0007331378299120228
1268	0.943131256952169	0.9433461421781778	0.00021488522600876525
1269	0.9095359915314044	0.9104034344860032	0.0008674429545988405
1270	0.9422650275363453	0.9420692715266359	-0.00019575600970944684
1271	0.9226533166458073	0.922890455174231	0.00023713852842366379
1272	0.9362964327054615	0.935717668104809	-0.0005787646006524261
1273	0.943991913906891	0.9440989357274511	0.00010702182056010479
1274	0.9412488956559334	0.9439463147803531	0.0026974191244196755
1275	0.931883870967742	0.9322838709677419	0.00039999999999995595
1276	0.9533942833123161	0.9542454812946616	0.000851197982345453
1277	0.9210419210419211	0.9223036223036223	0.0012617012617012202
1278	0.9269899572929876	0.9274855335461396	0.0004955762531519969
1279	0.9355367108791767	0.9361890265999855	0.000652315720808816
1280	0.9262918796138557	0.9265900056785917	0.000298126064736004
1281	0.9043138390272148	0.904734958151287	0.0004211191240721668
1282	0.9379603693329184	0.9379455485898063	-1.4820743112098356e-05
1283	0.9378138337936229	0.9379550590007532	0.00014122520713022446
1284	0.9250920419144718	0.9254696497687152	0.00037760785424334475
1285	0.9177423989884476	0.9192597275705501	0.0015173285821025173
1286	0.9128660631251305	0.914934806126516	0.002068743001385487
1287	0.9211047482701026	0.9232760677642567	0.002171319494154167
1288	0.9307236467236467	0.9322849002849003	0.0015612535612535838
1289	0.9448249619482496	0.9452380952380952	0.00041313328984560194
1290	0.9654588127540215	0.9659282156963764	0.0004694029423549795
1291	0.9405500895551684	0.9416419265402263	0.0010918369850578813
1292	0.9151177027102232	0.9159385608548055	0.000820858144582326
1293	0.9303931524735238	0.9307993616712606	0.00040620919773681763
1294	0.9211231613064074	0.9227281226626777	0.001604961356270307
1295	0.9161910593998775	0.9163380281690141	0.00014696876913655732
1296	0.9533283446121812	0.9537350338365435	0.0004066892243622666
1297	0.9373884305495248	0.9373884305495248	0.0
1298	0.9675977327178169	0.9680067784725063	0.00040904575468936333
1299	0.9022937960541954	0.9028523888756834	0.0005585928214880687
1300	0.9397873221930673	0.9432398839939234	0.00345256180085618
1301	0.9031747495236339	0.9030825496342738	-9.219988936004508e-05
1302	0.8926943760823991	0.8928424938474159	0.00014811776501677532
1303	0.9345881183456719	0.9345096397833992	-7.847856227272132e-05
1304	0.9127789046653144	0.9138151512479055	0.0010362465825910494
1305	0.919073561628041	0.9198806641300588	0.0008071025020177647
1306	0.9539172540065959	0.9557040909742673	0.0017868369676714568
1307	0.9383584627086037	0.9390407588027382	0.0006822960941345046
1308	0.9144530101960076	0.9147695159722379	0.0003165057762303247
1309	0.9144806060180963	0.9146559584765378	0.00017535245844146896
1310	0.9467278782968764	0.947069943289225	0.00034206499234856746
1311	0.9557282865833052	0.9560047927739715	0.00027650619066632576
1312	0.9061014492753623	0.905927536231884	-0.00017391304347824654
1313	0.9400652140158376	0.9404533926815383	0.00038817866570062254
1314	0.9491447064262598	0.9495218629097014	0.0003771564834416097
1315	0.9217451364107286	0.9228502359848049	0.0011050995740762293
1316	0.9317155292765049	0.9318934603487449	0.0001779310722399563
1317	0.924929676511955	0.9277839827914288	0.002854306279473806
1318	0.9343679880329095	0.9352873348292197	0.0009193467963101165
1319	0.9378189121702313	0.9377510585169906	-6.785365324069037e-05
1320	0.9463274694166414	0.946656050955414	0.0003285815387726876
1321	0.9634895870269248	0.9650261210788833	0.0015365340519585269
1322	0.9244136590108154	0.924425811155669	1.2152144853616598e-05
1323	0.9352838093151885	0.9367487199145696	0.0014649105993811418
1324	0.9365558570782452	0.9364767073722298	-7.914970601541338e-05
1325	0.9524014513252568	0.9524321997417133	3.074841645656079e-05
1326	0.9190715983742747	0.9200557245469185	0.0009841261726438733
1327	0.9538854974426663	0.9540622716666274	0.00017677422396111808
1328	0.9158580858085809	0.9158745874587458	1.650165016497951e-05
1329	0.9592822955444057	0.9599990751231242	0.0007167795787185183
1330	0.9225878200323961	0.9233010178178566	0.0007131977854604177
1331	0.9434074790457769	0.9436814958091554	0.0002740167633784596
1332	0.9181349998553366	0.9183809275815178	0.0002459277261811499
1333	0.9637885661891663	0.9640267209659558	0.0002381547767894565
1334	0.9085480093676815	0.908912308092636	0.00036429872495447047
1335	0.9471438228832179	0.9478902597036787	0.0007464368204608274
1336	0.9276387974544656	0.9284982810328433	0.0008594835783776178
1337	0.9398004694835681	0.9399647887323944	0.00016431924882631677
1338	0.940976267860428	0.9415588397620653	0.0005825719016373521
1339	0.9261973027503452	0.926409684612934	0.00021238186258887293
1340	0.901398888467854	0.9048724264241506	0.0034735379562965685
1341	0.9047083053932369	0.9077976817702845	0.003089376377047648
1342	0.9145590562508992	0.9193785066896849	0.004819450438785733
1343	0.8946372313913575	0.8947665397094089	0.00012930831805135767
1344	0.946747433464701	0.9468447428599231	9.730939522212267e-05
1345	0.9266833732839399	0.927696665940292	0.0010132926563520828
1346	0.9434657346620696	0.9435916812292385	0.00012594656716891084
1347	0.9531269288694665	0.9529664469298571	-0.0001604819396093804
1348	0.9648228571428571	0.9652342857142857	0.0004114285714286181
1349	0.9430666404105226	0.943217227119508	0.00015058670898537851
1350	0.9418415579504632	0.9423898657591228	0.0005483078086595539
1351	0.94988117549317	0.9498908360221806	9.660529010635521e-06
1352	0.9586523553965415	0.9588670244484198	0.00021466905187828011
1353	0.9121404950395832	0.9127041787754284	0.0005636837358452551
1354	0.9398877643541549	0.9412600779278065	0.00137231357365164
1355	0.9209525734692502	0.9211643420254699	0.000211768556219738
1356	0.9555415749187376	0.9555116164112704	-2.99585074672315e-05
1357	0.9445283299091561	0.9475853362706997	0.0030570063615436016
1358	0.9065819397993311	0.9069832775919733	0.00040133779264217573
1359	0.9600128301079868	0.960392981455742	0.00038015134775526427
1360	0.8872417840375587	0.8873004694835681	5.8685446009398845e-05
1361	0.9119406556592486	0.9123527691366887	0.0004121134774400792
1362	0.9243668337211384	0.924724807589046	0.00035797386790759056
1363	0.9213488713161702	0.9243415185207207	0.0029926472045505026
1364	0.9267275871860399	0.9273213041121351	0.0005937169260952224
1365	0.9367523157845739	0.9376600102406554	0.0009076944560815203
1366	0.9257406641863029	0.9256166459969685	-0.00012401818933438502
1367	0.903089817983435	0.903966010348989	0.0008761923655540294
1368	0.919608598096098	0.9201263957301611	0.0005177976340631218
1369	0.9423792824386297	0.9424197464256812	4.046398705148668e-05
1370	0.9566544566544567	0.957029082029082	0.00037462537462529255
1371	0.9193711967545639	0.9202269269776876	0.0008557302231236852
1372	0.9355759763702002	0.9354775188710207	-9.845749917947177e-05
1373	0.9401695865110499	0.9425208937404059	0.002351307229356059
1374	0.9663539553752536	0.9668103448275862	0.0004563894523326173
1375	0.9326416118718707	0.933232792423237	0.0005911805513663104
1376	0.9085072231139647	0.9096745950678535	0.0011673719538888294
1377	0.9109301386458474	0.9106609234082649	-0.00026921523758249855
1378	0.9504100971492276	0.9511367255932474	0.0007266284440197168
1379	0.9373114314448542	0.937491020544993	0.00017958910013882168
1380	0.9411080431559032	0.9412486577695965	0.00014061461369330175
1381	0.9056183115338883	0.9060047562425684	0.0003864447086801004
1382	0.908296748932131	0.9085192216421453	0.0002224727100142987
1383	0.943662783992619	0.9438646061584592	0.00020182216584019308
1384	0.9038280818131564	0.9039110005527916	8.291873963517382e-05
1385	0.9301287375415282	0.9314264950166113	0.0012977574750830945
1386	0.9544107283505369	0.9562865315259296	0.0018758031753927096
1387	0.9303624480095068	0.9307040998217468	0.00034165181223999586
1388	0.9203227055312028	0.921534100133628	0.001211394602425253
1389	0.9188983794661015	0.9216278123862737	0.002729432920172137
1390	0.9425418569254186	0.9434621783299706	0.0009203214045520047
1391	0.9360449942582733	0.9361493892890699	0.00010439503079662238
1392	0.9183071136369876	0.9195425967108695	0.0012354830738818823
1393	0.915064935064935	0.9159090909090909	0.0008441558441558694
1394	0.9449440724746775	0.9448912483657541	-5.282410892337719e-05
1395	0.945748031496063	0.9459492563429571	0.00020122484689411024
1396	0.9371459009248947	0.9369522057043242	-0.00019369522057044453
1397	0.9264902998236332	0.9292533803644915	0.002763080540858276
1398	0.9008306414397785	0.9036763574834641	0.0028457160436855533
1399	0.899375714830347	0.9007696340068624	0.0013939191765154346
1400	0.9473892014608627	0.9472288026848288	-0.00016039877603390984
1401	0.9301004805591961	0.9303534064519096	0.00025292589271341814
1402	0.9276826233347972	0.9282681891377543	0.0005855658029570998
1403	0.9533393970893971	0.9534303534303534	9.095634095634964e-05
1404	0.9458836259645236	0.9459222713161318	3.864535160824634e-05
1405	0.9441921221864952	0.9442725080385852	8.03858520900258e-05
1406	0.9381401736106737	0.9405087372280246	0.0023685636173509383
1407	0.9189891381474811	0.9194912941433327	0.000502155995851683
1408	0.9255345690426922	0.9258427625882387	0.00030819354554656453
1409	0.9350481645404842	0.9351210622233793	7.289768289509002e-05
1410	0.9272368588519792	0.9283696067201221	0.0011327478681429914
1411	0.9253319153315722	0.9260523517101787	0.000720436378606526
1412	0.9557028998559077	0.9571325648414986	0.0014296649855908283
1413	0.9400519701551506	0.9400823620587475	3.0391903596882486e-05
1414	0.9235452487303433	0.9236829223520774	0.00013767362173411346
1415	0.9626540309106099	0.9628889933166249	0.00023496240601506013
1416	0.9227831483470581	0.9230964315550781	0.00031328320802004317
1417	0.9426607793244525	0.9431846529960585	0.0005238736716060011
1418	0.9222324133522333	0.922635426220851	0.0004030128686177692
1419	0.919270727511615	0.9197177184498896	0.0004469909382746051
1420	0.9121548074984882	0.9124773231203387	0.0003225156218504832
1421	0.9306572769953052	0.930680751173709	2.3474178403759538e-05
1422	0.9215193155302048	0.922647135079077	0.0011278195488721998
1423	0.9254258759209254	0.9256759009234257	0.0002500250025002648
1424	0.9457298606904906	0.9456390066626287	-9.085402786190855e-05
1425	0.9409696634733481	0.9425970277573078	0.0016273642839597091
1426	0.9341932087391419	0.9347781579947939	0.0005849492556520008
1427	0.9287815853236414	0.9285364024460597	-0.00024518287758168444
1428	0.9368290290944753	0.9369859431186662	0.00015691402419093503
1429	0.9280524121500894	0.9282072662298988	0.0001548540798094189
1430	0.8989292103928008	0.9007850676920612	0.0018558572992604105
1431	0.8990951332844216	0.8997798972853999	0.0006847640009782774
1432	0.9501508674880563	0.9511723661051044	0.0010214986170480334
1433	0.9249814658588338	0.9321650433315438	0.007183577472710034
1434	0.92866159003435	0.928227041344204	-0.0004345486901460305
1435	0.9286306385134357	0.9290220820189274	0.0003914435054916954
1436	0.9003997093023256	0.9026344476744186	0.0022347383720929814
1437	0.9318988732432106	0.930894036629644	-0.0010048366135666509
1438	0.9	0.904561824729892	0.004561824729891972
1439	0.9380792564863818	0.9387763005034206	0.0006970440170388503
1440	0.9496621355138958	0.9501485552020613	0.00048641968816554026
1441	0.9410446930483665	0.9413368954193799	0.00029220237101346136
1442	0.9276695344129555	0.9271887651821862	-0.0004807692307693401
1443	0.9497942287500453	0.9499269843951773	0.0001327556451320433
1444	0.9372488483779281	0.9375183769479565	0.0002695285700283767
1445	0.951002316108937	0.953571333493065	0.0025690173841279584
1446	0.9300303951367781	0.9305268490374873	0.0004964539007091817
1447	0.9343524692361902	0.9348945628015396	0.0005420935653493997
1448	0.9201708002853666	0.9212723991774728	0.0011015988921062592
1449	0.9337633953750705	0.9337457698815567	-1.762549351380649e-05
1450	0.9257599818511797	0.9253818814277072	-0.00037810042347252715
1451	0.9385735080058224	0.9392430858806404	0.0006695778748180281
1452	0.964763185782995	0.9652624928670417	0.0004993070840466629
1453	0.9308905109489051	0.9314014598540146	0.0005109489051094984
1454	0.9105196806275389	0.9107297940888079	0.00021011346126909025
1455	0.942063492063492	0.9432773109243697	0.00121381886087768
1456	0.8960059050274748	0.896388638289729	0.0003827332622542423
1457	0.9438859013327099	0.9452010755202245	0.0013151741875145895
1458	0.9649901613537977	0.9660448642266825	0.001054702872884783
1459	0.9420666666666667	0.9421666666666667	9.999999999998899e-05
1460	0.9277860326894503	0.9290522643581627	0.0012662316687124253
1461	0.9573770073272231	0.95738977252419	1.2765196966912917e-05
1462	0.9075862068965517	0.9089367816091954	0.0013505747126437706
1463	0.9479407500293898	0.9480387162506367	9.796622124691456e-05
1464	0.9201225385273972	0.9212328767123288	0.0011103381849315586
1465	0.9395160618827957	0.9408150010824493	0.001298939199653626
1466	0.9338504807643493	0.9345510666165765	0.000700585852227209
1467	0.9272727272727272	0.9278745198463508	0.000601792573623583
1468	0.9736372317017479	0.973751401170756	0.00011416946900810743
1469	0.9239070348739394	0.925709616170356	0.0018025812964165278
1470	0.9286027439653394	0.9308335052609862	0.0022307612956468104
1471	0.9324228791773779	0.9340081405312768	0.0015852613538989146
1472	0.9584070572771852	0.9590389767959153	0.0006319195187300952
1473	0.9134343947606143	0.9139848690153568	0.0005504742547425279
1474	0.9007451600536707	0.9010686218133027	0.0003234617596320488
1475	0.939666366996304	0.9407276995305164	0.001061332534212367
1476	0.9152836770737546	0.9159696982966239	0.0006860212228693152
1477	0.9123783641623564	0.913328073405219	0.0009497092428626397
1478	0.9024745654938533	0.9063029885544722	0.003828423060618924
1479	0.9246912707390649	0.9250801282051282	0.0003888574660633193
1480	0.9511838989739542	0.9518942383583268	0.0007103393843725936
1481	0.9411781143463924	0.9414296093444364	0.00025149499804399955
1482	0.9354915939561609	0.9379256224728666	0.0024340285167057107
1483	0.9111956440665324	0.9121354516297456	0.000939807563213213
1484	0.9104066506410257	0.9104400373931624	3.3386752136710385e-05
1485	0.9455019448812381	0.945570912301029	6.89674197908996e-05
1486	0.9094681313025716	0.9106100326487286	0.0011419013461569927
1487	0.8824529883818422	0.8828123128518386	0.00035932446999642487
1488	0.9232473035439137	0.9235774818401937	0.0003301782962800148
1489	0.9242220514790627	0.9256266807529774	0.0014046292739147148
1490	0.9308659217877095	0.9314584391400034	0.0005925173522938199
1491	0.9076309299289134	0.9073262730306108	-0.0003046568983026132
1492	0.9261024902682238	0.926219804831227	0.00011731456300323462
1493	0.9679150066401062	0.9683187250996016	0.00040371845949538354
1494	0.9051585052108315	0.9054964461692757	0.0003379409584441939
1495	0.9274994293540287	0.9305381191508788	0.0030386897968500692
1496	0.9286403861625101	0.9288012872083669	0.0001609010458567539
1497	0.9342168411867364	0.9348385689354276	0.000621727748691181
1498	0.9037722278713326	0.9038342303018279	6.2002430495256e-05
1499	0.9207883026064845	0.9214452214452215	0.0006569188387369751
1500	0.9477710732097777	0.9481866880118219	0.0004156148020442174
1501	0.9415787035908437	0.9416762146217791	9.751103093535995e-05
1502	0.9012683223209539	0.9024943310657596	0.0012260087448057178
1503	0.9566692069080254	0.9570770766473108	0.0004078697392854158
1504	0.9371546804301858	0.9372115231577272	5.684272754136188e-05
1505	0.9445812807881774	0.9453487541943314	0.0007674734061540178
1506	0.9455074875207987	0.9453184087127515	-0.0001890788080471939
1507	0.9418325077489065	0.942295993742939	0.0004634859940325642
1508	0.9136717932621887	0.9147311152960871	0.0010593220338983578
1509	0.8889542936288088	0.8902700831024931	0.0013157894736842701
1510	0.9426427707844393	0.9434606358011521	0.000817865016712882
1511	0.9214216522902348	0.9219867152543937	0.0005650629641589244
1512	0.8967502016597624	0.8989376973873098	0.002187495727547395
1513	0.9382201173393653	0.9383850521900992	0.0001649348507338777
1514	0.9497516907489206	0.9504878840058896	0.0007361932569689422
1515	0.9515378650814164	0.9519608073497967	0.0004229422683803552
1516	0.9428013086533605	0.9429110950091123	0.00010978635575176199
1517	0.9407292385553255	0.9415458937198068	0.0008166551644812614
1518	0.9488694282272264	0.9490779353164674	0.0002085070892410279
1519	0.942672858617131	0.9427416580667355	6.879944960447304e-05
1520	0.9511612903225807	0.9508924731182796	-0.0002688172043010528
1521	0.9102214017409587	0.9122085048010974	0.0019871030601387174
1522	0.9461417991665119	0.9473761049027155	0.0012343057362036447
1523	0.9444098411709748	0.9449288902730199	0.0005190491020450327
1524	0.8940118650352243	0.8938079347423062	-0.0002039302929180975
1525	0.9631639063392348	0.9641347801256425	0.0009708737864076999
1526	0.9498781582659998	0.949724252917789	-0.00015390534821080326
1527	0.9311161618927652	0.9323484309107837	0.0012322690180184281
1528	0.9465617232808616	0.9488855659061975	0.0023238426253359146
1529	0.9301859018495215	0.9310168807426578	0.0008309788931362139
1530	0.9505269781343401	0.9506351266320592	0.00010814849771911828
1531	0.8925775978407557	0.892246350141087	-0.00033124769966874634
1532	0.9224449821407996	0.9245304758612743	0.0020854937204747293
1533	0.9493327095759749	0.9494236741907398	9.096461476487683e-05
1534	0.9378453038674033	0.9394516063024351	0.0016063024350317923
1535	0.91184408847138	0.9120660848025985	0.00022199633121855467
1536	0.9565252026367673	0.9570031665106645	0.0004779638738972025
1537	0.9553642315822034	0.9553539207093881	-1.0310872815333383e-05
1538	0.9173316173316173	0.9167453167453168	-0.0005863005863004922
1539	0.9294987567072373	0.9296558042141081	0.00015704750687084434
1540	0.9104843374227526	0.9117629151572346	0.0012785777344820337
1541	0.9218952686556974	0.921775790264218	-0.00011947839147941064
1542	0.8937941846363179	0.8944153577661431	0.0006211731298252365
1543	0.911045111994976	0.9121833786895541	0.0011382666945781716
1544	0.947549452095081	0.9472681473525387	-0.00028130474254228766
1545	0.9365971403301887	0.9367998231132075	0.00020268278301882603
1546	0.9259685581549693	0.9264663182346109	0.0004977600796416404
1547	0.907555953689754	0.9092389755283196	0.0016830218385656126
1548	0.9305919886565048	0.9308350635539575	0.00024307489745267752
1549	0.9157949172576832	0.9161938534278959	0.0003989361702126937
1550	0.9427073418364109	0.9446268798781648	0.001919538041753932
1551	0.926438008808221	0.928212998798879	0.0017749899906579492
1552	0.923136929865191	0.9228322078935179	-0.0003047219716730831
1553	0.9424355479026163	0.9426029559477687	0.00016740804515236185
1554	0.9322355101464287	0.9328593624935261	0.0006238523470973867
1555	0.9236868579900456	0.9244281478343747	0.000741289844329085
1556	0.9267057945583994	0.9279461890643593	0.0012403945059599186
1557	0.9430293663060278	0.9434518289541474	0.00042246264811951484
1558	0.9183469304363754	0.9180792154541996	-0.00026771498217581513
1559	0.9047323644097838	0.9056924258537161	0.0009600614439323474
1560	0.9147214441332089	0.9149108918929891	0.00018944775978024797
1561	0.968278592061624	0.9685032630790628	0.00022467101743872675
1562	0.8689843589918721	0.8688067754934772	-0.0001775834983949176
1563	0.9475132625994694	0.9478779840848807	0.0003647214854112235
1564	0.9668338192419825	0.9670087463556851	0.00017492711370259428
1565	0.9375875968992248	0.939646511627907	0.0020589147286822485
1566	0.9127618273745034	0.9129762549656916	0.000214427591188171
1567	0.9555388513043236	0.9560260586319218	0.00048720732759821583
1568	0.9409937203922001	0.9413352429216701	0.0003415225294700619
1569	0.9222269603170622	0.9230171073094868	0.000790146992424634
1570	0.9176299254428548	0.9174284196449835	-0.0002015057978713708
1571	0.9125229478101232	0.9134408602150538	0.0009179124049305543
1572	0.9605072087957681	0.9609869308163054	0.0004797220205372543
1573	0.9157250470809792	0.9170451608138548	0.0013201137328755497
1574	0.916030534351145	0.9178845536370887	0.0018540192859436422
1575	0.9110031385803959	0.9126478754225013	0.00164473684210531
1576	0.9415878239407651	0.9421705745235157	0.0005827505827505908
1577	0.9402460164010934	0.9402793519567971	3.333555570372848e-05
1578	0.9443099273607748	0.9444566732702326	0.00014674590945784605
1579	0.9466318467925539	0.9474755591268247	0.0008437123342708297
1580	0.9379213483146067	0.9392322097378277	0.0013108614232210103
1581	0.9338231943495101	0.9343472317156528	0.0005240373661427045
1582	0.9002035468625708	0.9029993916990314	0.0027958448364606703
1583	0.9001734354675531	0.9008238184708773	0.0006503830033242064
1584	0.9306506309645374	0.9313944253243069	0.0007437943597695673
1585	0.896250128244588	0.8991228070175439	0.002872678772955828
1586	0.9362722962293971	0.9374952961541356	0.0012229999247385104
1587	0.9227941176470589	0.9258189061577808	0.003024788510721965
1588	0.9656112508727406	0.9665421741491472	0.0009309232764066477
1589	0.9108171261329305	0.9105220921450151	-0.00029503398791541624
1590	0.9568189159506428	0.9589637573486659	0.0021448413980230674
1591	0.9452248703706553	0.9475789700429277	0.002354099672272403
1592	0.927832512315271	0.9282122331691297	0.0003797208538587338
1593	0.9463381452649081	0.9472127147283976	0.0008745694634895163
1594	0.9570008810027976	0.9572018114654013	0.00020093046260372116
1595	0.9320217295551314	0.932155203481	0.00013347392586859907
1596	0.9506208274864991	0.9509822681464473	0.00036144065994814234
1597	0.9449727282082947	0.9454872903159411	0.0005145621076464435
1598	0.9180102162981882	0.9179802857370899	-2.9930561098345798e-05
1599	0.9247519921938526	0.9256139209627582	0.0008619287689055621
1600	0.92383008008008	0.9246955288621955	0.0008654487821154744
1601	0.9241823972655947	0.9260245696973732	0.0018421724317785326
1602	0.9363760905616844	0.9369240752757949	0.0005479847141105498
1603	0.9275007191332048	0.9281612562990742	0.0006605371658694459
1604	0.9464370385423017	0.9474530921899343	0.0010160536476326865
1605	0.9030182926829269	0.9035162601626017	0.0004979674796747879
1606	0.897863846774536	0.8987981483840829	0.0009343016095468837
1607	0.9335333697035825	0.9336892421998805	0.00015587249629800404
1608	0.9390078612089997	0.9394983799971601	0.0004905187881604212
1609	0.9067353834795695	0.9065934065934066	-0.00014197688616290893
1610	0.921933389387145	0.9227508408071748	0.0008174514200298688
1611	0.922633987893105	0.9229456830224585	0.0003116951293534731
1612	0.9354924910480465	0.9354791299235744	-1.3361124472144326e-05
1613	0.9507114501092823	0.9525848610553548	0.001873410946072518
1614	0.9216724307823096	0.9224066309871128	0.0007342002048031926
1615	0.9343686868686869	0.934040404040404	-0.0003282828282828998
1616	0.9269991922455574	0.927112782714055	0.00011359046849757082
1617	0.9618761981324594	0.9624533630160987	0.0005771648836393473
1618	0.9224805194805195	0.9232467532467532	0.0007662337662337482
1619	0.9338911503090608	0.93458842152872	0.0006972712196592346
1620	0.8837727528617001	0.8837492963032464	-2.345655845370498e-05
1621	0.9543652224064595	0.9547668826019341	0.00040166019547460685
1622	0.9456824886028425	0.9473585411638509	0.0016760525610083343
1623	0.9506852544028016	0.9513250496683167	0.000639795265515053
1624	0.9375673088428862	0.9384946751226517	0.0009273662797655291
1625	0.8956232043523443	0.8969221835075494	0.001298979155205049
1626	0.9169540229885057	0.9163908045977012	-0.0005632183908045318
1627	0.9507451115513825	0.9509690757171161	0.00022396416573355893
1628	0.9209938750264007	0.921416286998763	0.0004224119723622577
1629	0.9188773814798405	0.9193066016836509	0.0004292202038103099
1630	0.8727689873417721	0.8720727848101266	-0.0006962025316454845
1631	0.9504305545245342	0.9516461287209561	0.0012155741964219313
1632	0.9018331462775907	0.9020014964459409	0.00016835016835015093
1633	0.9404490612745382	0.940842365842655	0.0003933045681168146
1634	0.9315948996655519	0.932117474916388	0.0005225752508360992
1635	0.943836853459088	0.9446520844830181	0.0008152310239301075
1636	0.9352453211937278	0.9354881133029843	0.00024279210925648442
1637	0.961019392033543	0.9618991464510332	0.0008797544174902194
1638	0.9373031224095054	0.941033434650456	0.0037303122409505507
1639	0.9477357571822757	0.9488854623167234	0.001149705134447787
1640	0.9524624583504496	0.9529645351225524	0.0005020767721027886
1641	0.9061770324771811	0.9060464053034633	-0.00013062717371781218
1642	0.936980205616081	0.9372103728709529	0.0002301672548719047
1643	0.9405440544054405	0.9418275160849419	0.0012834616795013298
1644	0.9494574477625325	0.9499237736525872	0.0004663258900546863
1645	0.9423509836546932	0.943917001076637	0.0015660174219438439
1646	0.9070866956341817	0.9100248292985723	0.002938133664390663
1647	0.9353504202786814	0.9355384644314485	0.0001880441527670751
1648	0.931867417677643	0.9347703639514732	0.0029029462738301426
1649	0.9501062596599691	0.9509080370942813	0.0008017774343122008
1650	0.9760759649771859	0.976240391334731	0.00016442635754509993
1651	0.8968697968697968	0.8968864468864469	1.665001665007715e-05
1652	0.941014525819454	0.9413947828732223	0.0003802570537683181
1653	0.9362578929877036	0.936773014290462	0.0005151213027584367
1654	0.9470319634703196	0.9476857617268576	0.0006537982565379963
1655	0.9436102564102564	0.943825641025641	0.00021538461538461728
1656	0.9421161463187325	0.943208294501398	0.0010921481826654533
1657	0.9374290338946198	0.9406542168965767	0.003225183001956844
1658	0.9323091874112283	0.9327203408836062	0.0004111534723779675
1659	0.913395276330929	0.9134942531579794	9.8976827050401e-05
1660	0.9191919191919192	0.9210322402103224	0.001840321018403146
1661	0.9263395799981166	0.9267068462190413	0.0003672662209247557
1662	0.9316412288838294	0.9316693369311634	2.8108047333996744e-05
1663	0.9445579462273953	0.9468344677025812	0.0022765214751858664
1664	0.9189026487788098	0.9189133986928104	1.0749914000629524e-05
1665	0.9394883351007424	0.939899257688229	0.00041092258748665067
1666	0.9202483285577842	0.9213315628858294	0.0010832343280452461
1667	0.9337458478732718	0.9352208271875861	0.0014749793143143952
1668	0.9622792022792023	0.9636923076923077	0.0014131054131054643
1669	0.9134377967711301	0.9141025641025641	0.0006647673314339464
1670	0.937494623655914	0.9380215053763441	0.000526881720430139
1671	0.9568665506625619	0.9566211573640298	-0.0002453932985321261
1672	0.9376307189542483	0.9390196078431372	0.001388888888888884
1673	0.9519326733741537	0.9521889245542579	0.00025625118010419445
1674	0.948582002661344	0.9491225881570193	0.000540585495675372
1675	0.9389180672268908	0.9401260504201681	0.0012079831932773066
1676	0.9082969432314411	0.9084721548331447	0.0001752116017036398
1677	0.9463640986524282	0.9472412916348844	0.0008771929824561431
1678	0.9152386217062835	0.916067809102635	0.0008291873963515162
1679	0.9501891551071879	0.9497604035308953	-0.0004287515762926297
1680	0.9232420995296903	0.9254836648545601	0.002241565324869854
1681	0.9030173437871228	0.9031004989308624	8.315514373957722e-05
1682	0.9504665745038017	0.9511084230275502	0.0006418485237484894
1683	0.9389208314904909	0.939562140645732	0.0006413091552410766
1684	0.9029986665365727	0.903714183497577	0.0007155169610043588
1685	0.9578865174388339	0.9579515877147319	6.507027589797154e-05
1686	0.9261443374962789	0.9261585132472393	1.4175750960410127e-05
1687	0.9438551548386236	0.946110021481274	0.0022548666426503994
1688	0.9272189433671063	0.9283764665532961	0.0011575231861897795
1689	0.9283097958979989	0.9291681221617846	0.0008583262637856803
1690	0.9063625214618592	0.9067745891586951	0.00041206769683588274
1691	0.9377558375151293	0.9376606421606626	-9.51953544666706e-05
1692	0.9191578947368421	0.9200902255639097	0.0009323308270676733
1693	0.9310979060554613	0.9317895994466453	0.0006916933911840228
1694	0.9460561908714881	0.9471296283043983	0.001073437432910218
1695	0.9104330708661418	0.9106022391732284	0.0001691683070865757
1696	0.9237436386768448	0.9244891062340967	0.0007454675572519109
1697	0.9165688680251787	0.9177881757632105	0.0012193077380318051
1698	0.9132275721826817	0.9164031923339415	0.003175620151259828
1699	0.9467457988797012	0.9474926647105895	0.0007468658308882326
1700	0.9215890926187118	0.9216643159379407	7.522331922893422e-05
1701	0.93557218208921	0.9364895080839353	0.000917325994725271
1702	0.9338944190484328	0.9342504379031914	0.0003560188547585552
1703	0.9422704954619848	0.9426176660219213	0.0003471705599364938
1704	0.9492665684830633	0.9493726067746686	0.00010603829160527045
1705	0.9266493055555556	0.9266814557613169	3.215020576130545e-05
1706	0.9512406015037594	0.9543045112781955	0.0030639097744360466
1707	0.941697396740099	0.9438496442622726	0.002152247522173578
1708	0.9010697024532148	0.9019286712325629	0.0008589687793481016
1709	0.9361313868613139	0.9362685911859941	0.00013720432468022903
1710	0.9348020123336579	0.9344909661365357	-0.00031104619712218895
1711	0.9421818684147735	0.9422069848924387	2.5116477665232395e-05
1712	0.9243145641253253	0.9270784998083402	0.0027639356830149175
1713	0.9265457255863719	0.9282167802743415	0.0016710546879695753
1714	0.9117984145681449	0.91348572156251	0.0016873069943650343
1715	0.9309665301598053	0.933660744526896	0.0026942143670906082
1716	0.9356556167617549	0.9358892386385993	0.00023362187684439206
1717	0.9154403866809881	0.9159640171858217	0.0005236305048335055
1718	0.9415167095115681	0.9416403005734625	0.0001235910618944125
1719	0.927324702454578	0.927324702454578	0.0
1720	0.9297275641025641	0.9300595238095238	0.0003319597069597613
1721	0.9428195645379727	0.9432623189915617	0.00044275445358898935
1722	0.9195136682335022	0.9207872692418791	0.0012736010083769234
1723	0.9284865389279651	0.9292747999029832	0.0007882609750181624
1724	0.9275715955581532	0.9275862068965517	1.4611338398529128e-05
1725	0.9271094298025855	0.9276355346227076	0.0005261048201221641
1726	0.9469368018000237	0.9469861445545336	4.934275450985126e-05
1727	0.9336077610071977	0.9340651404636383	0.00045737945644064304
1728	0.9117211131276467	0.9120387174833636	0.00031760435571692724
1729	0.9392403295629103	0.9392961876832845	5.5858120374230325e-05
1730	0.936868861132197	0.9370873875738964	0.00021852644169939595
1731	0.9189597017575004	0.9192513504602977	0.00029164870279729804
1732	0.9536684199227136	0.9543124731644482	0.0006440532417346656
1733	0.9307122231547205	0.9310962859703276	0.0003840628156071002
1734	0.9303302694421915	0.9321550869604398	0.0018248175182482562
1735	0.9291860027593127	0.9308666750282203	0.001680672268907557
1736	0.931474894319002	0.9317326528508093	0.0002577585318073172
1737	0.9367910373111934	0.9390017005101531	0.0022106631989596837
1738	0.939693417032103	0.9398724062543948	0.00017898922229186986
1739	0.9205300988319857	0.9203840970350404	-0.00014600179694523874
1740	0.9099665322686905	0.9106516984214826	0.0006851661527921271
1741	0.9524614856116058	0.955632481568586	0.003170995956980227
1742	0.9437640680591524	0.9443570443158991	0.0005929762567467023
1743	0.9334659176594782	0.9348137535816619	0.0013478359221836822
1744	0.9295210166177909	0.9319229157938835	0.002401899176092681
1745	0.9437164850371907	0.9439110880470507	0.0001946030098599616
1746	0.9115839243498818	0.9128594205288911	0.00127549617900935
1747	0.9552199440392642	0.9555868996835007	0.0003669556442364996
1748	0.907040704070407	0.9068992613547069	-0.00014144271570015743
1749	0.9401349072512648	0.9401230316129492	-1.187563831561711e-05
1750	0.9051108784619777	0.9047437762580048	-0.00036710220397284665
1751	0.9215434083601286	0.922220946256316	0.0006775378961874079
1752	0.9104406908126252	0.9104406908126252	0.0
1753	0.910641855831495	0.9116736639863374	0.001031808154842384
1754	0.9461438050690743	0.9462090721200914	6.526705101717045e-05
1755	0.954274800584204	0.9550362630915378	0.0007614625073337766
1756	0.9252907418668288	0.9254617664943752	0.00017102462754636782
1757	0.9407243916242218	0.9422863610639503	0.0015619694397284167
1758	0.9521035067563871	0.9537812061199555	0.00167769936356843
1759	0.9268585131894485	0.9275598389213158	0.0007013257318673194
1760	0.9632538390320212	0.9632538390320212	0.0
1761	0.9281369141063018	0.9286975779322718	0.0005606638259699759
1762	0.9167645906776342	0.9192966258183649	0.0025320351407307484
1763	0.9363176953842828	0.9369932980218355	0.0006756026375527302
1764	0.9392382189344101	0.9395205692181721	0.00028235028376200066
1765	0.9108153638814016	0.911472371967655	0.0006570080862533523
1766	0.9146773320001667	0.9162049188295908	0.0015275868294241102
1767	0.9336351750520556	0.936092683163043	0.0024575081109873276
1768	0.9107963246554365	0.9129795952154298	0.0021832705599933444
1769	0.9384955752212389	0.9386090310869072	0.00011345586566824384
1770	0.9309988862024938	0.9318546086767542	0.0008557224742603564
1771	0.9348398651495997	0.9352191319005478	0.00037926675094812623
1772	0.9618112384069831	0.9629555706359028	0.0011443322289196312
1773	0.9480423365344318	0.9502090968265433	0.0021667602921114915
1774	0.9443036658739751	0.9464088469585331	0.0021051810845580388
1775	0.948798490195318	0.9489794599345923	0.00018096973927428373
1776	0.9494744413764299	0.9507970392370698	0.0013225978606399291
1777	0.9524485648264149	0.9525181658732147	6.960104679976098e-05
1778	0.9255701225637935	0.926411492867189	0.0008413703033955944
1779	0.9307971014492754	0.9327569169960475	0.001959815546772048
1780	0.9595708885473352	0.9599759066173722	0.00040501807003701096
1781	0.918780193236715	0.9193463164251208	0.0005661231884057649
1782	0.9046770094450556	0.9068011986496226	0.0021241892045670285
1783	0.924550841729672	0.9248494946478253	0.0002986529181533415
1784	0.9080190215621132	0.91046837339587	0.002449351833756719
1785	0.927060236511456	0.9275683665927569	0.000508130081300906
1786	0.9351910225696634	0.9349159225593471	-0.00027510001031627596
1787	0.9106786973566063	0.911248111079477	0.0005694137228706708
1788	0.9493045563549161	0.9501358912869704	0.0008313349320543395
1789	0.9291604395604396	0.9297054945054946	0.000545054945054968
1790	0.9302870533099004	0.9304683795017714	0.00018132619187105625
1791	0.9371810878297687	0.9379410487460645	0.000759960916295821
1792	0.9214605067064083	0.9224043715846995	0.000943864878291123
1793	0.896940331010453	0.8984647212543554	0.0015243902439023849
1794	0.9389877994529158	0.9401993355481728	0.0012115360952570375
1795	0.8933457711442786	0.8944651741293532	0.0011194029850746245
1796	0.9500147885241053	0.9499762097655697	-3.8578758535523505e-05
1797	0.9161449016100179	0.9173287382931706	0.0011838366831526947
1798	0.9313893653516295	0.9308448365052139	-0.0005445288464156484
1799	0.9090883932030774	0.9108180660873416	0.0017296728842641773
1800	0.9441454416818273	0.944499191429149	0.0003537497473216078
1801	0.9175601659751037	0.9180746887966805	0.0005145228215768238
1802	0.9318426000537201	0.9335405395034726	0.0016979394497524947
1803	0.9406374007936508	0.9411334325396825	0.0004960317460317443
1804	0.9161781159095994	0.9167897367047065	0.0006116207951071262
1805	0.9323181049069373	0.9329540421762682	0.0006359372693308663
1806	0.9691484833342587	0.9696666851738752	0.0005182018396164834
1807	0.9239718326528197	0.9252855198532458	0.001313687200426128
1808	0.9391916987789591	0.9410487952086912	0.0018570964297320858
1809	0.9556674490800333	0.9561596123267964	0.0004921632467630443
1810	0.9423192126658109	0.9439024390243902	0.001583226358579326
1811	0.932323424796748	0.9330644478319783	0.0007410230352302705
1812	0.9277056277056277	0.9269671504965623	-0.0007384772090653913
1813	0.9103922393396078	0.9104579630895421	6.572374993429886e-05
1814	0.9405318002155947	0.9414899988022518	0.000958198586657133
1815	0.9318807582336122	0.9321190299692894	0.00023827173567725346
1816	0.9615360162756691	0.961822112022379	0.00028609574670990234
1817	0.9407416847202753	0.9421782499391776	0.0014365652189023415
1818	0.9069653777080634	0.9067380481484008	-0.0002273295596626479
1819	0.9134370219275879	0.912799592044875	-0.0006374298827128699
1820	0.9579827972192766	0.9587604571697891	0.0007776599505124882
1821	0.9434493221749132	0.9437796701414378	0.0003303479665246467
1822	0.9299990692912653	0.9317906836055656	0.001791614314300305
1823	0.9224385873921448	0.9229415185377277	0.0005029311455828633
1824	0.9288973668461998	0.9290968481946938	0.00019948134849401278
1825	0.9533592819977796	0.955419124433209	0.0020598424354293376
1826	0.9347535456870495	0.9353929318763078	0.0006393861892582953
1827	0.9300301567211988	0.9300457819653432	1.562524414433497e-05
1828	0.9114957847756013	0.9145487230349616	0.0030529382593602605
1829	0.9227655648840768	0.9228370782499249	7.151336584809709e-05
1830	0.8937642251189737	0.893647837781916	-0.00011638733705765514
1831	0.9362184441009789	0.9371752410392287	0.0009567969382497932
1832	0.9355435963266515	0.936111385405352	0.0005677890787004758
1833	0.9049807687655724	0.9057548561890708	0.0007740874234983819
1834	0.8945001858045336	0.8947603121516166	0.00026012634708294513
1835	0.9216223698781838	0.9266749723145072	0.005052602436323439
1836	0.9283248603527271	0.9290466327747442	0.0007217724220170973
1837	0.8989310758594876	0.9001199925142285	0.001188916654740857
1838	0.9280575539568345	0.9285542994176088	0.0004967454607742727
1839	0.9204881493578143	0.9203667740654102	-0.00012137529240408007
1840	0.9131428571428571	0.9134586466165413	0.0003157894736841582
1841	0.9451706036745406	0.9454593175853019	0.0002887139107612402
1842	0.9646112071978421	0.9662511537875597	0.0016399465897175558
1843	0.9475889008620689	0.9474811422413794	-0.00010775862068956865
1844	0.9496283255086072	0.9502012072434608	0.000572881734853592
1845	0.9303917253521127	0.9347271126760563	0.0043353873239436735
1846	0.9185352749893962	0.9193835713275837	0.0008482963381875042
1847	0.9164636752136752	0.9180555555555555	0.0015918803418802918
1848	0.9208142767464801	0.9215018085074582	0.0006875317609781328
1849	0.9254206631255811	0.9248474658310724	-0.000573197294508776
1850	0.9408335094765025	0.9411153385471711	0.0002818290706686488
1851	0.9190949185765983	0.9212718636911942	0.002176945114595874
1852	0.9359531436666773	0.9405732288792329	0.004620085212555636
1853	0.9476875808538163	0.949017176944085	0.0013295960902687254
1854	0.9374614173228346	0.9373732283464566	-8.818897637796752e-05
1855	0.9517369178006416	0.9522209315189734	0.0004840137183317328
1856	0.8849487695544781	0.885531973286982	0.0005832037325038675
1857	0.8881116158338741	0.8904088254380272	0.0022972096041531387
1858	0.919897329103809	0.920950674383127	0.0010533452793181075
1859	0.929413257069053	0.9305664467918262	0.001153189722773229
1860	0.9206542435309174	0.9241658082841714	0.0035115647532539818
1861	0.9673546838090075	0.9675483096464392	0.00019362583743176565
1862	0.918212960319726	0.918768040092619	0.0005550797728930412
1863	0.9170015002845368	0.9175878183793478	0.0005863180948110225
1864	0.9449658818135233	0.9451277072039269	0.00016182539040365818
1865	0.9207461552217453	0.9212714592274678	0.0005253040057224823
1866	0.9500278706800446	0.950515607580825	0.0004877369007804111
1867	0.8844785887039408	0.8856451842367336	0.0011665955327927469
1868	0.925837037037037	0.9262370370370371	0.00040000000000006697
1869	0.9397908431907352	0.9401700675311037	0.00037922434036841146
1870	0.924080405421789	0.9266021677456899	0.002521762323900889
1871	0.9644862846940432	0.965054374289888	0.0005680895958448673
1872	0.9211474836592517	0.9216182048040455	0.00047072114479385085
1873	0.932160705150907	0.9326197877726623	0.00045908262175531345
1874	0.9275891012396694	0.9286759641873278	0.0010868629476583624
1875	0.9385619673199066	0.9404755442158406	0.001913576895933966
1876	0.9427445980844039	0.9430224575855644	0.0002778595011604379
1877	0.9179688553020569	0.9201703703038091	0.0022015150017522522
1878	0.9323281369792997	0.9321492461027345	-0.00017889087656519642
1879	0.912774417562724	0.912410394265233	-0.0003640232974910784
1880	0.935062397051844	0.9356068008598788	0.0005444038080347768
1881	0.9245909032341193	0.9267652364386033	0.0021743332044840136
1882	0.8743668953626208	0.8739178849815008	-0.00044901038111999636
1883	0.926553731910046	0.9280621070840893	0.0015083751740433415
1884	0.9450781309940922	0.9450397688038669	-3.836219022534948e-05
1885	0.9355029303854767	0.9359984752465812	0.0004955448611044799
1886	0.9087888531618435	0.908985351911397	0.00019649874955340874
1887	0.9288480609635158	0.9294326426222663	0.000584581658750527
1888	0.9421047955398592	0.9427489393838431	0.0006441438439839242
1889	0.9047318679438933	0.9071480499486828	0.0024161820047895466
1890	0.9327687077519073	0.9335691979286082	0.0008004901767008077
1891	0.9185410031847133	0.9184041600318471	-0.0001368431528662173
1892	0.934903748733536	0.9344604863221885	-0.00044326241134751143
1893	0.9426791661527075	0.9432959171086716	0.0006167509559640294
1894	0.9064732414970132	0.9070827745946605	0.0006095330976472191
1895	0.9561673490517201	0.9564120664501858	0.0002447173984657658
1896	0.943056805680568	0.9434443444344435	0.00038753875387542713
1897	0.9141980533220483	0.915180460673478	0.0009824073514297371
1898	0.8793546071882073	0.8799895102964721	0.0006349031082647505
1899	0.938302773641102	0.9386401712583767	0.00033739761727469286
1900	0.9484563055991627	0.9487070469213327	0.00025074132216995615
1901	0.9417265135934005	0.9438057025973005	0.0020791890038999172
1902	0.9066326388307813	0.9075391180654339	0.0009064792346525907
1903	0.9291752300956125	0.9321329639889196	0.002957733893307113
1904	0.9545745076179859	0.9548123374210331	0.00023782980304720702
1905	0.9544496044660596	0.9551321900025597	0.0006825855365000244
1906	0.9530781201369437	0.95348895113601	0.0004108309990662473
1907	0.9625924314919531	0.963686451289757	0.0010940197978039912
1908	0.9314730213606618	0.9321027287319422	0.0006297073712804302
1909	0.9295545454545454	0.9301545454545455	0.0006000000000000449
1910	0.9216896257973364	0.9269567204803757	0.0052670946830393195
1911	0.9546897830729459	0.955336068337642	0.0006462852646960116
1912	0.9184958077837567	0.918520835940433	2.5028156676265567e-05
1913	0.9367285764664394	0.938095098154461	0.001366521688021649
1914	0.9290276110444178	0.9287274909963985	-0.00030012004801927006
1915	0.9240599593495935	0.9261051829268293	0.0020452235772357996
1916	0.9385459126954717	0.9394204402282665	0.0008745275327948221
1917	0.949468537414966	0.950297619047619	0.0008290816326530503
1918	0.9578835978835979	0.9585185185185185	0.0006349206349206549
1919	0.9442921539961013	0.9445053606237817	0.00021320662768031795
1920	0.9286954365079365	0.9292929292929293	0.0005974927849927703
1921	0.9388151112728155	0.9386453216906191	-0.00016978958219637796
1922	0.9018237783762986	0.9031935359753751	0.0013697575990765376
1923	0.946044055770976	0.9463033460228412	0.0002592902518652185
1924	0.9057188962770523	0.9052839992217632	-0.0004348970552890963
1925	0.9730778138026864	0.9729909680407596	-8.6845761926857e-05
1926	0.9169217793327502	0.9183587404723229	0.001436961139572701
1927	0.9428046335486745	0.9436177322343506	0.0008130986856761391
1928	0.9238083164300203	0.9243295019157088	0.00052118548568858
1929	0.9211284779957876	0.9213501829065514	0.00022170491076378696
1930	0.9467331657340577	0.9470845835698646	0.00035141783580683317
1931	0.938060766721044	0.9390548531810766	0.0009940864600326282
1932	0.9077386581642303	0.9089951092977384	0.0012564511335081407
1933	0.9156106870229007	0.915941475826972	0.0003307888040713358
1934	0.9323694454274304	0.9340882665183762	0.001718821090945788
1935	0.9352080768283674	0.9373848805712879	0.002176803742920508
1936	0.9069203816804465	0.9072250612821472	0.00030467960170066366
1937	0.9045854442270566	0.9052203319555838	0.0006348877285272669
1938	0.937962962962963	0.9393974960876369	0.001434533124673898
1939	0.9325782829662823	0.9328651838898301	0.00028690092354777263
1940	0.9206887639723461	0.92054877129504	-0.0001399926773061333
1941	0.9211776808896291	0.9225860970949885	0.001408416205359364
1942	0.9674165216670809	0.9678204490844312	0.0004039274173502916
1943	0.8970157246482644	0.8975122924881943	0.0004965678399299067
1944	0.9083197306016477	0.9083839954757529	6.426487410515769e-05
1945	0.9308571428571428	0.9312605042016807	0.0004033613445378892
1946	0.9020586467456637	0.9027241112828439	0.0006654645371801937
1947	0.9288472964943553	0.9302247069626749	0.0013774104683196287
1948	0.9356661977491961	0.935452672829582	-0.00021352491961412756
1949	0.9456796628029505	0.9460221285563751	0.00034246575342467
1950	0.9483188862621487	0.9501411872865774	0.0018223010244287074
1951	0.9333809297160083	0.9338410280818658	0.0004600983658574753
1952	0.9369792165501388	0.9381764198831529	0.0011972033330140963
1953	0.9477654648561469	0.9487955881587846	0.001030123302637742
1954	0.9194497266460661	0.9198954124078916	0.00044568576182557607
1955	0.9538123167155426	0.9538367546432063	2.443792766371189e-05
1956	0.9439026348002327	0.9440932715268998	0.00019063672666708165
1957	0.9456224972697488	0.9459956315981071	0.0003731343283582822
1958	0.922182382013761	0.9224038874198773	0.00022150540611631797
1959	0.9528870507518195	0.9541374114327851	0.0012503606809656231
1960	0.9307608709884383	0.9307870582535713	2.6187265133037485e-05
1961	0.9095499331313628	0.9123611452277628	0.0028112120964000065
1962	0.9488317823500954	0.9490594496143886	0.0002276672642932409
1963	0.8801394623949613	0.8841723035395813	0.004032841144619992
1964	0.9484325925925926	0.949842962962963	0.0014103703703703951
1965	0.9361930871364834	0.93605332473257	-0.00013976240391344597
1966	0.9040024204702628	0.9047372060857538	0.0007347856154910071
1967	0.9343181523103334	0.9345489692580677	0.0002308169477343025
1968	0.9343261606417079	0.9341574515728286	-0.0001687090688793358
1969	0.9180664274842357	0.9182566862361383	0.00019025875190259445
1970	0.9149143714283084	0.9154665169738743	0.0005521455455658186
1971	0.954254664204074	0.9550175325892021	0.0007628683851280682
1972	0.9482666015625	0.95064697265625	0.00238037109375
1973	0.9187583206156443	0.9205929148943078	0.0018345942786635039
1974	0.918229387211905	0.9185016030488173	0.0002722158369123928
1975	0.9308366955182362	0.9312734921893858	0.0004367966711495974
1976	0.9320312182981428	0.9335190921264422	0.001487873828299402
1977	0.9351312618070484	0.9355221158230734	0.0003908540160250107
1978	0.9033927919470088	0.9052443540395347	0.0018515620925259046
1979	0.8960007880220646	0.8971040189125296	0.0011032308904649346
1980	0.9253166209687949	0.9265642454048251	0.0012476244360302147
1981	0.9240860849056604	0.9243071933962265	0.00022110849056611315
1982	0.931549356355034	0.9323788749270331	0.0008295185719990883
1983	0.9426221654423507	0.9432290003193867	0.0006068348770360554
1984	0.9525187302259389	0.952730437646284	0.00021170742034504197
1985	0.9379944264653003	0.9383427723840345	0.0003483459187342275
1986	0.919487185666261	0.9199571048160688	0.00046991914980787364
1987	0.9370571253608608	0.9369259032455604	-0.00013122211530047778
1988	0.9267874012119537	0.9277896822653856	0.0010022810534319193
1989	0.9655158709130411	0.9661120237401304	0.0005961528270892469
1990	0.9434702886247878	0.943918505942275	0.0004482173174872317
1991	0.9217679748416835	0.921595657605652	-0.00017231723603150506
1992	0.926344221899286	0.9265969545713022	0.0002527326720161982
1993	0.9451476793248945	0.9458294741175259	0.0006817947926314183
1994	0.9167619460652894	0.9170379277716448	0.0002759817063554548
1995	0.8921637355603645	0.8938553445700875	0.001691609009722983
1996	0.9602937497240578	0.9613386510471089	0.0010449013230511284
1997	0.9247292714942026	0.9240866331218551	-0.0006426383723474594
1998	0.9144624976383904	0.9147340827508029	0.00027158511241254235
1999	0.9620266186587797	0.9623352407895582	0.0003086221307785353
