draw	ref_metric	arm_metric	delta
0	0.9989088005518117	0.9988323256739535	-7.64748778582236e-05
1	0.9978310286978228	0.9975550052752937	-0.0002760234225290814
2	0.9998456507696153	0.9997213738153589	-0.00012427695425643037
3	0.9999164173368302	0.9999647226561291	4.830531929889137e-05
4	nan	nan	nan
5	0.9989873585425697	0.9988981903230028	-8.916821956694854e-05
6	0.9997751360194265	0.9998803506266145	0.00010521460718804221
7	0.9999605308688805	0.999983812017363	2.3281148482490188e-05
8	0.9991359692805795	0.9990596574435242	-7.631183705525402e-05
9	0.9997186615743594	0.9995031374830287	-0.00021552409133074324
10	0.9999997394508592	0.9999999628350905	2.2338423133483332e-07
11	0.999923049601383	0.999852067134442	-7.09824669410386e-05
12	0.9982177504479455	0.998122628094344	-9.512235360142896e-05
13	0.9998362888341725	0.9997128094530955	-0.0001234793810770407
14	0.9982882094867206	0.9982569047281986	-3.130475852197723e-05
15	0.9999320647492643	0.9998573336776669	-7.473107159738923e-05
16	0.9991270473434685	0.9989876720623796	-0.00013937528108887154
17	0.9979282106930203	0.9979331956820824	4.984989062095657e-06
18	0.999899252730739	0.9998529550829872	-4.629764775176959e-05
19	0.9999653735325589	0.999986106941647	2.0733409088147248e-05
20	0.9988799260449576	0.9985619046206758	-0.00031802142428172253
21	0.9999444981659521	0.9998683162454821	-7.618192046998651e-05
22	0.9999192334430882	0.9999726614961079	5.3428053019666244e-05
23	0.9999996539713454	0.9999999575037688	3.035324234179626e-07
24	0.997124706971565	0.9973648963847477	0.00024018941318271203
25	0.999864173157137	0.9998366565977864	-2.751655935062658e-05
26	0.9998555705565946	0.9997110476802873	-0.00014452287630728478
27	0.9955214260883646	0.9955060852779436	-1.5340810420982898e-05
28	0.9990382625453408	0.9989444791358602	-9.378340948063002e-05
29	0.999981075731878	0.9999909201928896	9.84446101159886e-06
30	0.999867896808207	0.9996986759170717	-0.00016922089113524663
31	0.9972179169064769	0.9972238357723024	5.918865825571551e-06
32	0.9998738630108668	0.999845388464024	-2.8474546842738313e-05
33	0.9999633908114359	0.9999783573066737	1.4966495237800359e-05
34	0.9999802952360115	0.9999861252626671	5.8300266555511016e-06
35	0.9998216089385813	0.9997977145452669	-2.389439331440535e-05
36	0.9972721699280468	0.997275170151986	3.0002239391757612e-06
37	0.9970446758465221	0.9972015927069806	0.00015691686045848918
38	0.9982487057191316	0.9980700082734684	-0.00017869744566323398
39	0.9971899446729603	0.9970526790283706	-0.00013726564458971247
40	0.9979580724627836	0.9978262899988268	-0.0001317824639567311
41	0.9990837207302684	0.9991583488929855	7.462816271708306e-05
42	0.9983064195580847	0.9984615231837161	0.0001551036256313143
43	0.9999453420192216	0.9999750161688965	2.967414967491866e-05
44	0.9981285515770925	0.9980448372541503	-8.37143229421855e-05
45	0.9998707706239618	0.9998283807079007	-4.238991606109188e-05
46	0.9989249471945748	0.9988371191424644	-8.782805211038358e-05
47	0.9992252531285557	0.9992733526055769	4.809947702122397e-05
48	0.9990877222615442	0.9990322457657103	-5.547649583392822e-05
49	0.9990504302224589	0.9991801070766241	0.00012967685416520602
50	0.9989887513150554	0.998983680486251	-5.070828804409899e-06
51	0.9997075834376993	0.9995254405751165	-0.00018214286258277923
52	0.9989761914335185	0.9991101119875628	0.00013392055404437553
53	0.9978680419312087	0.9978997180747851	3.167614357635351e-05
54	0.9988757355379955	0.9990020569142517	0.0001263213762562332
55	0.9991082474862616	0.9991343759516416	2.6128465379970933e-05
56	0.9980350142846773	0.9980040033820996	-3.101090257773276e-05
57	0.9980605596443649	0.998196866755107	0.00013630711074208435
58	0.9991099451963952	0.9991729234156541	6.297821925893565e-05
59	0.9999006829322339	0.9998289122958036	-7.177063643026838e-05
60	0.9990096812805038	0.9988564103611423	-0.00015327091936157
61	0.9999351961656804	0.9998607270722312	-7.446909344921426e-05
62	0.99817848585943	0.9980273530795799	-0.00015113277985012719
63	0.999999556955825	0.9999999715869781	4.1463115307838194e-07
64	0.9999077568866322	0.9998551263533827	-5.263053324955358e-05
65	0.9998863847887193	0.9999469794360497	6.05946473304364e-05
66	0.9983777859728367	0.9983397237863232	-3.8062186513476703e-05
67	0.9998630593969587	0.9999451780485965	8.211865163776366e-05
68	0.9999416822689631	0.9999759248384732	3.424256951012339e-05
69	0.9999997317223338	0.999999977181599	2.454592652467724e-07
70	0.9998934574755699	0.9998457725410322	-4.768493453766176e-05
71	0.9981771543240049	0.9978823339616653	-0.0002948203623396317
72	0.9990980975163792	0.9990751006389539	-2.2996877425351947e-05
73	0.9998085534213916	0.9998127113602092	4.157938817583862e-06
74	0.9990427905268439	0.9989798137076324	-6.297681921141329e-05
75	0.9981849942843789	0.998161632394148	-2.3361890230888527e-05
76	0.999893692283643	0.9998530956707964	-4.059661284661065e-05
77	0.9981499682943367	0.9980434973106886	-0.00010647098364802154
78	0.9990115825758009	0.9988445381668468	-0.0001670444089540979
79	0.9954744852258718	0.9954745327395393	4.751366755595399e-08
80	0.9999346207533567	0.9998584509583472	-7.616979500946197e-05
81	0.9991270330657771	0.9990658367091484	-6.119635662871215e-05
82	0.9990210911315873	0.9988856930459354	-0.00013539808565188327
83	0.9999814109228943	0.9999863373602548	4.92643736049736e-06
84	0.9998784836789284	0.9999554395964558	7.695591752743258e-05
85	0.9988617160742543	0.9987466870612697	-0.00011502901298465762
86	0.999075429690076	0.999036355024591	-3.907466548502825e-05
87	0.9982955538056435	0.9982077212669604	-8.783253868305252e-05
88	0.9982190410636868	0.9977748634943974	-0.00044417756928938346
89	0.9999390510183356	0.9998690907701903	-6.996024814531765e-05
90	0.9988824322230777	0.9989615266337925	7.909441071474177e-05
91	0.9991053174837599	0.999081247296801	-2.4070186958824458e-05
92	0.9978659887156265	0.9977684387619304	-9.754995369604114e-05
93	0.9998566448859393	0.9997126439750277	-0.0001440009109116014
94	0.9989713041844822	0.9990625948836918	9.129069920954525e-05
95	0.9980349156302972	0.998196223252708	0.0001613076224107335
96	0.9999872084129372	0.999989658313093	2.4499001558542233e-06
97	0.9974781500590276	0.997663712790184	0.00018556273115633015
98	0.9989955389241759	0.9987161167299891	-0.0002794221941868624
99	0.9998031512196793	0.9999163002610881	0.00011314904140879989
100	0.9991182352238717	0.9991497274668385	3.149224296683517e-05
101	0.9999381276729855	0.9999728801303477	3.4752457362174916e-05
102	0.9974809824366719	0.9974409073536974	-4.007508297454443e-05
103	0.9990010132613112	0.9989609649237967	-4.004833751447556e-05
104	0.9982084324065919	0.9983993119097274	0.0001908795031355659
105	0.9990846167435008	0.9990983838321101	1.376708860933995e-05
106	0.9989438790699513	0.9988358146760826	-0.00010806439386867872
107	0.9988721513592113	0.9987027016820811	-0.00016944967713017345
108	0.9982531862494061	0.9983406374985226	8.745124911657687e-05
109	0.9979436158098773	0.9980740630502772	0.0001304472403999002
110	0.999919828015374	0.9998488102318637	-7.101778351037424e-05
111	0.9990021785978519	0.9991362116664356	0.00013403306858372765
112	0.9975506700205187	0.997559224733361	8.554712842334666e-06
113	0.9998580697363038	0.9998336026804701	-2.4467055833699014e-05
114	0.9989589994219559	0.9990829483626165	0.0001239489406605898
115	0.9984312745925223	0.9982853315178957	-0.00014594307462667544
116	0.9981756447255407	0.9982085609292545	3.291620371381754e-05
117	0.9982881582220249	0.99825986822317	-2.8289998854846843e-05
118	0.9989801150877109	0.998948415195903	-3.169989180784594e-05
119	0.9989760658083353	0.9990252859795558	4.92201712204432e-05
120	0.9975549769579499	0.9975863821857054	3.1405227755465503e-05
121	0.9990284844709729	0.9990427827787705	1.4298307797533383e-05
122	0.9999649801305853	0.9999870912710687	2.211114048333851e-05
123	0.9988549663029282	0.9986628905625942	-0.0001920757403340856
124	0.9998046572764595	0.9998146901544727	1.0032878013155333e-05
125	0.9999825058263566	0.9999888354735501	6.329647193492605e-06
126	0.9982036548655462	0.9982156543657716	1.1999500225456927e-05
127	0.9989121473138772	0.9990722313101474	0.00016008399627021053
128	0.999972512409154	0.999981766595153	9.25418599906358e-06
129	0.9990851130349969	0.9991307990702007	4.568603520382908e-05
130	0.997707200170676	0.9976396318711318	-6.75682995442406e-05
131	0.998044907460109	0.9979019936663145	-0.00014291379379449687
132	0.9999600635892899	0.9999834449621082	2.3381372818320756e-05
133	0.9982103901472436	0.9981141602524547	-9.622989478885735e-05
134	0.9999620260222624	0.9999840404351492	2.2014412886850465e-05
135	0.9991031446972561	0.9992031402314986	9.999553424244745e-05
136	0.9990747005790945	0.9990825470449785	7.846465883920573e-06
137	0.9990718424687253	0.9989234777319312	-0.00014836473679402662
138	0.9998667032013385	0.999940389846002	7.368664466345098e-05
139	0.9990327920587021	0.9990206558212893	-1.213623741280756e-05
140	0.9998525754831874	0.9996983955108298	-0.00015417997235755987
141	0.9999246140552305	0.9998532118645913	-7.14021906391693e-05
142	0.9984111397044388	0.9980078595177735	-0.0004032801866653557
143	0.9999092673653434	0.9999629038472281	5.3636481884722365e-05
144	0.998206959249662	0.997946070182528	-0.00026088906713395144
145	0.9999342453077072	0.9999615587673731	2.7313459665889717e-05
146	0.9983565587404651	0.9982444243593472	-0.00011213438111790097
147	0.9990570654598959	0.9988892375261272	-0.00016782793376868277
148	0.9989729997799918	0.9989122671634537	-6.073261653805062e-05
149	0.9982777196780497	0.9981581710191236	-0.00011954865892604971
150	0.996656960286229	0.9965013506095404	-0.00015560967668859504
151	0.9973945123758888	0.9972184216895362	-0.0001760906863526035
152	0.998977835171673	0.9989774870177787	-3.481538943805873e-07
153	0.9982735844802471	0.9985139995312018	0.00024041505095473426
154	0.9981924691852895	0.9981308790794664	-6.159010582307278e-05
155	0.9999650627390173	0.9999755753245239	1.051258550655021e-05
156	0.9988621594951954	0.9988964723178817	3.431282268628877e-05
157	0.9999189530863826	0.9998522389687591	-6.671411762348978e-05
158	0.9989253443194304	0.9989868006463517	6.145632692133862e-05
159	0.9990315636338357	0.9990337176809826	2.1540471468739497e-06
160	0.9987493978633718	0.9986019369975819	-0.00014746086578987239
161	0.9969107001223048	0.9971441419696738	0.0002334418473690647
162	0.9982815704751221	0.9981749803383148	-0.00010659013680736074
163	0.9983891285952152	0.9983681664036208	-2.0962191594420254e-05
164	0.9990817778664409	0.9991129621415609	3.118427511994426e-05
165	0.9998887121951527	0.9998411451022062	-4.756709294650996e-05
166	0.9998999140144473	0.9998407429044671	-5.917110998021613e-05
167	0.9981074953002979	0.998290153690986	0.0001826583906880952
168	0.9983392492939679	0.9984038494855225	6.460019155463126e-05
169	0.9989805874384488	0.998942766102261	-3.7821336187793264e-05
170	0.9983169047569874	0.9981761947565501	-0.0001407100004373607
171	0.9999221809873989	0.9998489480444186	-7.323294298033911e-05
172	0.9979694897746602	0.9977457479818398	-0.00022374179282036444
173	0.9997980342385604	0.9996962014669972	-0.00010183277156317061
174	0.9999243025456048	0.9998545469219674	-6.975562363742416e-05
175	0.9998685660855432	0.9997090554630482	-0.00015951062249497383
176	0.9981237166350175	0.9983038383288567	0.00018012169383918586
177	0.9991065085840191	0.9990871628259541	-1.9345758064948093e-05
178	0.9998439229461608	0.9998229857949089	-2.0937151251843034e-05
179	0.9999112081179663	0.9998455932284431	-6.561488952316896e-05
180	0.9980267013877198	0.9980658359307625	3.913454304271813e-05
181	0.9971296315710548	0.9973249656468959	0.00019533407584104712
182	0.9999864141819007	0.9999912154060056	4.801224104844515e-06
183	0.9999374991941911	0.999854529311479	-8.296988271205841e-05
184	0.9998227905540041	0.9997852029615066	-3.75875924975011e-05
185	0.9991334633094892	0.9990266351854702	-0.00010682812401896502
186	0.9991258931103447	0.9990398472731837	-8.604583716098624e-05
187	0.9998632930164663	0.9998166458204526	-4.664719601366052e-05
188	0.9990825001453774	0.9990982248507292	1.572470535182724e-05
189	0.9979566488831245	0.9977997505111179	-0.0001568983720066086
190	0.999846167789034	0.9998310361210893	-1.5131667944756622e-05
191	0.9999198243112486	0.99996248037036	4.2656059111356726e-05
192	0.9989850305659456	0.9990129320954946	2.7901529549012594e-05
193	0.9990787974833696	0.9991586004235621	7.980294019249712e-05
194	0.9999612820244977	0.999984271241804	2.298921730625736e-05
195	0.999121312616295	0.999153683062742	3.237044644699427e-05
196	0.9973338665197967	0.997698890843005	0.00036502432320828504
197	0.9991182169150787	0.9990353527614364	-8.28641536423369e-05
198	0.9989604748230357	0.9988944501468356	-6.602467620009378e-05
199	0.9989956170698618	0.999104556468792	0.00010893939893019677
200	0.9998726793337098	0.9999369473812071	6.426804749726234e-05
201	0.9990800566522997	0.999063670176743	-1.6386475556684488e-05
202	0.9997829019072972	0.9998864496032214	0.00010354769592413327
203	0.9991172936431636	0.9990451215692209	-7.217207394272229e-05
204	0.9991167290142484	0.9991626743222008	4.594530795243301e-05
205	0.9990502054384611	0.9988635473289227	-0.0001866581095384401
206	0.9989702986081408	0.9989283187569807	-4.197985116005665e-05
207	0.9991693961303824	0.9992169721962811	4.757606589878005e-05
208	0.9990160635318617	0.998873460470084	-0.00014260306177771298
209	0.998111484651829	0.9981912002232108	7.971557138186647e-05
210	0.9999464805244196	0.9999787694372788	3.2288912859224084e-05
211	0.9971304202412447	0.9971722262650354	4.1806023790780245e-05
212	0.9972508417896507	0.9972682235921186	1.7381802467908436e-05
213	0.9989136745785396	0.9988938408394056	-1.9833739134056394e-05
214	0.9990251283963967	0.9991704690813298	0.00014534068493310404
215	0.9988934019910878	0.9986596496509963	-0.0002337523400914865
216	0.9974244642849354	0.9975008231692082	7.635888427282023e-05
217	0.9998708746099976	0.9998024625862082	-6.841202378937705e-05
218	0.9989441106327307	0.9989825387687743	3.842813604360007e-05
219	0.9983134376112389	0.9984290746105012	0.00011563699926231408
220	0.9991096653458748	0.999048003542433	-6.166180344180372e-05
221	0.9998394108279475	0.999697898089476	-0.00014151273847151646
222	0.9990352791251936	0.99892114215818	-0.00011413696701367826
223	0.9999242827288365	0.9998578177073764	-6.6465021460127e-05
224	0.9987304114252863	0.9986792454269985	-5.1165998287805436e-05
225	0.9989615858572133	0.9987785039833604	-0.0001830818738528528
226	0.9998730647089282	0.9998333900427908	-3.967466613741255e-05
227	0.9988957584086757	0.998766688385482	-0.00012907002319373362
228	0.9999630914417545	0.9999853291477186	2.2237705964101018e-05
229	0.9973042596432088	0.9973833765886483	7.911694543949466e-05
230	0.9990122990718063	0.9989204143188699	-9.188475293642195e-05
231	0.9982628705105702	0.9982829360058137	2.006549524358192e-05
232	0.9999367907541777	0.9998674389054252	-6.93518487525635e-05
233	0.9991465005177066	0.9991130126280595	-3.348788964707694e-05
234	0.9999058164744219	0.999844435249071	-6.13812253509316e-05
235	0.9990891576260114	0.9991129695247718	2.3811898760439654e-05
236	0.9982857880279232	0.9984106772522224	0.00012488922429920724
237	0.9991825015371719	0.9991913623216072	8.860784435293922e-06
238	0.9999675787977196	0.9999768749878158	9.296190096264034e-06
239	0.999030533340215	0.9989795256195283	-5.100772068666881e-05
240	0.9999633690109899	0.9999744953344128	1.112632342292752e-05
241	0.9989652974929428	0.9987578707602794	-0.00020742673266338496
242	0.9990078661100048	0.9988726808106515	-0.00013518529935330204
243	0.9990566634011323	0.9991009254534613	4.426205232899161e-05
244	0.9988956481893209	0.998772136007017	-0.0001235121823038865
245	0.9999328640258258	0.9998500462819611	-8.281774386476037e-05
246	0.9990624900737437	0.999027331277796	-3.515879594773175e-05
247	0.9956099171405655	0.9960902056955241	0.00048028855495863
248	0.9999707582548083	0.9999784900336376	7.73177882928966e-06
249	0.997940027118743	0.9978512148656495	-8.881225309342877e-05
250	0.998457039220928	0.9984077864068963	-4.925281403167503e-05
251	0.9991086584630058	0.9990808413794049	-2.7817083600889525e-05
252	0.9999648777058703	0.9999866463444975	2.1768638627239767e-05
253	0.9990971533396592	0.9991391576593956	4.200431973644392e-05
254	0.9980062384618836	0.9980811867217031	7.494825981946285e-05
255	nan	nan	nan
256	0.9999126979158701	0.9999571258586363	4.442794276615647e-05
257	0.9998311466559398	0.9995907600169022	-0.00024038663903758195
258	0.998973692753337	0.9990215658426909	4.787308935383372e-05
259	0.9999231523151421	0.9999682802247677	4.5127909625630735e-05
260	0.9989689694072191	0.9990796690374636	0.00011069963024445961
261	0.9998894670852138	0.9998517275184724	-3.7739566741357145e-05
262	0.9989695988943488	0.9989620446041757	-7.554290173072964e-06
263	0.9991253005957675	0.9990754174943975	-4.98831013699963e-05
264	0.9998386849242299	0.9998320018729758	-6.6830512540638765e-06
265	0.9989474070791479	0.9988350444096324	-0.00011236266951542007
266	0.999032194829171	0.9989410986613367	-9.109616783431473e-05
267	0.9991189250143183	0.9992179596687016	9.903465438332315e-05
268	0.999940004380392	0.9999686597868006	2.8655406408617523e-05
269	0.9998142855203062	0.9998084341115653	-5.851408740875641e-06
270	0.9999067122583336	0.9999604530269638	5.3740768630183844e-05
271	0.9998890384739709	0.999846285435828	-4.2753038142939737e-05
272	0.9999592663939967	0.999984891977922	2.562558392527059e-05
273	0.9999202476585906	0.9998534711966421	-6.677646194841458e-05
274	0.9998137406276738	0.9996949605832597	-0.00011878004441412404
275	0.9999229865482848	0.9999620974637004	3.911091541553002e-05
276	0.9976718943393921	0.9979198671708284	0.0002479728314362939
277	0.9991348538058744	0.9989888980133005	-0.00014595579257392632
278	0.9982991918572114	0.9978911003584161	-0.00040809149879528217
279	0.9982402254631089	0.9981827534902428	-5.747197286609662e-05
280	0.9969683179506219	0.9969388472667865	-2.947068383540863e-05
281	0.999109816868279	0.9990738377281739	-3.5979140105113494e-05
282	0.9990829342620706	0.9990044317830922	-7.850247897844831e-05
283	0.9972380801676863	0.9972412031347343	3.122967047963776e-06
284	0.9990265764545929	0.9990167137492572	-9.86270533576139e-06
285	0.9999866868854078	0.999990111173872	3.424288464226599e-06
286	0.9980737283643196	0.9980017031893011	-7.202517501847527e-05
287	0.9997985920181408	0.9997000068515347	-9.858516660610217e-05
288	0.9991350785346107	0.9991176571587804	-1.7421375830273256e-05
289	0.9999169133775445	0.9998551723436754	-6.174103386913377e-05
290	0.999882108778307	0.9997272701069297	-0.00015483867137722207
291	0.9999159494832972	0.9998388695803431	-7.70799029541358e-05
292	0.9983233524444844	0.9981845844130786	-0.00013876803140588923
293	0.9989297132869671	0.9988338935147067	-9.581977226036376e-05
294	0.9989591293721963	0.9987896055582357	-0.00016952381396062588
295	0.9987743533010258	0.9986907450970486	-8.360820397723678e-05
296	0.9988999222726175	0.9988444645089126	-5.545776370485811e-05
297	0.9998695428791392	0.9998237821913312	-4.576068780803855e-05
298	0.9974822038099469	0.9974936779504924	1.1474140545475464e-05
299	0.9988326907063767	0.9987829063146783	-4.9784391698448616e-05
300	0.9987738630995242	0.9986960012194482	-7.786188007596895e-05
301	0.9982491995690983	0.9981983326459659	-5.086692313238661e-05
302	0.9998507755628495	0.9998174563224743	-3.3319240375195847e-05
303	0.9980452247703673	0.997722467842281	-0.0003227569280862541
304	0.999244660048889	0.9992495398292933	4.879780404309919e-06
305	0.9998491746985981	0.9998086963115591	-4.04783870390224e-05
306	0.9991338144222364	0.9990862819563581	-4.753246587829718e-05
307	0.9998821949632475	0.9998383786057587	-4.3816357488735136e-05
308	0.999096904338848	0.9990603807611996	-3.65235776483841e-05
309	0.999934896629076	0.9999691647523121	3.4268123236147474e-05
310	0.9980037876802899	0.998003720441162	-6.723912782113928e-08
311	0.9984309252217818	0.9982944882550915	-0.00013643696669030092
312	0.999895994568014	0.9998440639391191	-5.1930628894969466e-05
313	0.9989299880917402	0.9987220804616689	-0.0002079076300712801
314	0.9999847828577747	0.9999919321957664	7.149337991729787e-06
315	0.9998574954378917	0.9996996661770075	-0.00015782926088425686
316	0.998122020903957	0.9981792473442331	5.722644027617019e-05
317	0.9990090045922387	0.9991415444418764	0.00013253984963768062
318	0.9971353215939446	0.997216483959004	8.116236505939511e-05
319	0.999144165764357	0.9991896189508747	4.545318651760777e-05
320	0.9999153744817886	0.9999522489615289	3.6874479740323096e-05
321	0.999178100358552	0.9992160707778037	3.7970419251687204e-05
322	0.9996988464693412	0.9996395937652045	-5.9252704136647516e-05
323	0.9990233189822104	0.9991222040753213	9.888509311084537e-05
324	0.9997993656673373	0.9999190796978569	0.00011971403051957985
325	0.9979752301541557	0.9981445045084982	0.00016927435434255234
326	0.9999125818379762	0.9998418028264991	-7.077901147700683e-05
327	0.9998934851799811	0.9999317005377228	3.8215357741733236e-05
328	0.9980091138683217	0.9980782305658386	6.911669751685778e-05
329	0.9990949606865738	0.9989683970680328	-0.00012656361854102016
330	0.999067805944543	0.9991472148172922	7.940887274915376e-05
331	0.9998914180039101	0.9999464910202345	5.507301632434736e-05
332	0.9976224278549651	0.9976868495643146	6.442170934950475e-05
333	0.9973737939724459	0.997377229003346	3.4350309001673907e-06
334	0.9999576913257371	0.9999850508629767	2.7359537239646237e-05
335	0.9998858755928265	0.9998378798685338	-4.799572429270427e-05
336	0.9999673311224843	0.9999776123222053	1.0281199721018375e-05
337	0.9978528620713014	0.9978136411631943	-3.922090810715151e-05
338	0.9992274251949068	0.99919105303684	-3.637215806684413e-05
339	0.9989103612140219	0.9988456042039655	-6.475701005637102e-05
340	0.9985114813909605	0.998377911265732	-0.0001335701252284105
341	0.9989418185219547	0.9989772797010233	3.5461179068607684e-05
342	0.9990513622393433	0.9990526368488973	1.274609554013928e-06
343	0.998862580473484	0.9988842019339004	2.1621460416398897e-05
344	0.9990810231900816	0.999120870192332	3.984700225034832e-05
345	0.9997240514886632	0.9994468609550017	-0.0002771905336614866
346	0.9998173418055581	0.9997133552612946	-0.000103986544263579
347	0.9990929550281831	0.9991019282516208	8.973223437735989e-06
348	0.9999273030406698	0.9998513970390137	-7.590600165607864e-05
349	0.9990887579494814	0.9989774890724179	-0.0001112688770634751
350	0.9982451634441841	0.9982390165250473	-6.146919136806872e-06
351	0.9980824952725694	0.9979881677825676	-9.432749000182206e-05
352	0.9998773045278304	0.9998250305662464	-5.2273961584026196e-05
353	0.9989623888985488	0.9989355838693257	-2.680502922314254e-05
354	0.9999996968216622	0.9999999928891441	2.9606748186417065e-07
355	0.9990640730337923	0.9990877774849926	2.3704451200257104e-05
356	0.999892694509649	0.9999483384849038	5.564397525481546e-05
357	0.9983956603850627	0.9982903214515592	-0.00010533893350350709
358	0.9978591644394241	0.9976774731921457	-0.0001816912472784038
359	0.9999208057036396	0.9999581565071619	3.7350803522295806e-05
360	0.9999502556459953	0.9999723952359467	2.2139589951453154e-05
361	0.9999114735083314	0.9999713737343828	5.990022605140144e-05
362	0.9978923866605927	0.9979456139868781	5.322732628543214e-05
363	0.9999056195448396	0.999960541686878	5.492214203839385e-05
364	0.9989417309936436	0.9989889146442966	4.7183650653037645e-05
365	0.998156572980103	0.9980830618074231	-7.351117267984097e-05
366	0.9998961887559755	0.9998395760040678	-5.66127519077142e-05
367	0.9975444023934394	0.997421164068144	-0.00012323832529548273
368	0.9982213683133639	0.9983761339524297	0.00015476563906580143
369	0.9984860192535341	0.9983274965719531	-0.00015852268158100813
370	0.9989977423038426	0.9990258294104454	2.808710660273661e-05
371	0.9998603693446728	0.999938279983531	7.791063885820293e-05
372	0.9990349408043829	0.9989282660575802	-0.00010667474680270406
373	0.9997811270646996	0.9995598708055943	-0.00022125625910529578
374	0.9950689359311847	0.9954809693946325	0.0004120334634477585
375	0.9975594903012787	0.9975034277110293	-5.606259024937277e-05
376	0.9999070712456872	0.9998426613502305	-6.44098954567518e-05
377	0.9983483196418977	0.9983252205496073	-2.309909229047946e-05
378	0.9980362562204058	0.9981232471941116	8.699097370579167e-05
379	0.9981198533022402	0.997975799948856	-0.00014405335338418812
380	0.9991419421797377	0.999043045343536	-9.889683620167844e-05
381	0.994766315676847	0.994897032881351	0.00013071720450397173
382	0.9989908993232239	0.9990548488241273	6.394950090338192e-05
383	0.9980300248495692	0.9981440440207686	0.00011401917119946425
384	0.9991340335433017	0.9989512910408217	-0.00018274250247996005
385	0.9991095551986026	0.9989963958808621	-0.00011315931774047439
386	0.9998034888531133	0.9996911256396707	-0.00011236321344265665
387	0.9997937375190954	0.9995454576174981	-0.0002482799015972592
388	0.9974297002025859	0.9971994354915718	-0.000230264711014172
389	0.9997695582340885	0.9996749644726048	-9.459376148368559e-05
390	0.9973767808666213	0.9972401740683233	-0.00013660679829796685
391	0.9998864751608307	0.9998283278397714	-5.814732105935416e-05
392	0.9991547684701633	0.9991150617180095	-3.970675215381192e-05
393	0.999063406136246	0.9989235370654836	-0.0001398690707623551
394	0.9997319234665333	0.9994554734196357	-0.00027645004689758057
395	0.9974610339504264	0.9971267206939087	-0.00033431325651767096
396	0.999883619815338	0.9999380044897402	5.438467440221917e-05
397	0.9998138209138674	0.9996644038473748	-0.00014941706649262976
398	0.9990256990004233	0.9990153134139925	-1.0385586430738947e-05
399	0.9999668621869681	0.9999906523565446	2.3790169576543008e-05
400	0.9998850535376399	0.9998270046391688	-5.8048898471052546e-05
401	0.9990481921952176	0.9990033175162345	-4.487467898306452e-05
402	0.9984097222621728	0.9985068779559291	9.715569375623456e-05
403	0.9988547133676879	0.9987861277203729	-6.85856473150448e-05
404	0.9982375987088375	0.9982270460749347	-1.0552633902816133e-05
405	0.9998555238463708	0.9997106352193599	-0.00014488862701089733
406	0.9989977377356585	0.9990835261549249	8.578841926643044e-05
407	0.9981876631782926	0.9983680944806098	0.00018043130231726323
408	0.9980583866744308	0.9982683821364062	0.00020999546197542074
409	0.9990943677964804	0.9990587629024519	-3.560489402854028e-05
410	0.9998498517043078	0.999825323139242	-2.4528565065851105e-05
411	0.9999843066888346	0.9999879637324822	3.6570436475757973e-06
412	0.9990907883628217	0.9991287826809467	3.799431812501197e-05
413	0.999903835977947	0.9998488962506386	-5.493972730841179e-05
414	0.9981093604514018	0.9980228052504182	-8.65552009835513e-05
415	0.9990791172134618	0.9989865837422278	-9.253347123394651e-05
416	0.9984864629483505	0.9985115274270773	2.5064478726744e-05
417	0.9998980840270786	0.9998471170931584	-5.096693392014906e-05
418	0.9998088007455105	0.9997108883163843	-9.791242912615683e-05
419	0.9990593716490054	0.9990077403290673	-5.163131993812797e-05
420	0.9983377152740996	0.9984505599330522	0.00011284465895256002
421	0.9999127600584944	0.9999631409445597	5.038088606534874e-05
422	0.999184211367661	0.9992094592126042	2.5247844943177e-05
423	0.9999274544049809	0.9998477190069371	-7.973539804373431e-05
424	0.9988520125859706	0.998709864174017	-0.00014214841195359096
425	0.9999130583665997	0.9998429896265326	-7.00687400670974e-05
426	0.9990436704258924	0.9991619310608973	0.00011826063500497419
427	0.9979980986704493	0.9979188991882233	-7.919948222601114e-05
428	0.9983982362762367	0.9983193750392154	-7.886123702127712e-05
429	0.9997214316009907	0.9996203397429793	-0.00010109185801143727
430	0.9998403832189187	0.9998139963781352	-2.638684078348774e-05
431	0.9983941552120857	0.9984525827906878	5.84275786020827e-05
432	0.9991440471995416	0.9991430414742609	-1.0057252807227357e-06
433	0.9990899297902991	0.9991818248297827	9.189503948359157e-05
434	0.9983232593829025	0.998292213624089	-3.104575881340832e-05
435	0.9980734559424975	0.9979952487284093	-7.820721408824394e-05
436	0.9999825726221001	0.9999867259541119	4.15333201175816e-06
437	0.9991132666478088	0.9991618159991927	4.8549351383986306e-05
438	nan	nan	nan
439	0.9964689203052512	0.9963366122362509	-0.00013230806900033087
440	0.9998018353378053	0.9995967756617729	-0.00020505967603245967
441	0.9990232501015317	0.9989262272945804	-9.702280695134124e-05
442	0.999839439319684	0.9996978234385334	-0.00014161588115058077
443	0.9997593890064614	0.9996633124171919	-9.607658926957807e-05
444	0.9999997920369057	0.9999999857232892	1.936863834872682e-07
445	0.9998603705954061	0.9999375832751065	7.721267970040024e-05
446	0.9999201653274263	0.9998490891225399	-7.10762048864444e-05
447	0.9983233094853088	0.998422436863294	9.912737798523086e-05
448	0.9998835248068645	0.9998482258947605	-3.529891210396485e-05
449	0.9991253346175143	0.9992099231808014	8.45885632870802e-05
450	0.9983458623847195	0.9982871519315772	-5.87104531422078e-05
451	0.9990567137890801	0.9989717690646303	-8.494472444986467e-05
452	0.9999509320185317	0.9999692515808178	1.8319562286150948e-05
453	0.999904098952732	0.9998373507580671	-6.674819466490067e-05
454	0.9998383970471832	0.999725896179347	-0.00011250086783620716
455	0.9991549881222528	0.9990368068530882	-0.00011818126916463001
456	0.998997907750313	0.9991272047748065	0.000129297024493491
457	0.9998893868743726	0.9998563596205383	-3.30272538342502e-05
458	0.9991702302859172	0.9992390778343928	6.884754847558128e-05
459	0.9995074935040316	0.9990537847097184	-0.0004537087943131679
460	0.9990754432868832	0.9991008295168445	2.5386229961288365e-05
461	0.9976865380742642	0.9975902556135965	-9.628246066772927e-05
462	0.9989568495997915	0.9990039061051745	4.70565053830585e-05
463	0.9999639615044936	0.9999870012905828	2.3039786089196213e-05
464	0.9989228306087009	0.9988165228694774	-0.00010630773922348791
465	0.9982728432311302	0.9982487354166739	-2.4107814456275634e-05
466	0.9990086143712698	0.9991215018479771	0.00011288747670734622
467	0.9998553051277779	0.9998218857349307	-3.341939284717821e-05
468	0.9982628944050811	0.9982320181636053	-3.087624147579682e-05
469	0.9998546887656452	0.9998281468384064	-2.6541927238832308e-05
470	0.9992089896044346	0.9991873292693264	-2.166033510819787e-05
471	0.997915584368461	0.9980873418528317	0.00017175748437070482
472	0.9981900002363427	0.9980763669135959	-0.00011363332274683113
473	0.9979766522025119	0.9982827879461365	0.0003061357436245915
474	0.9972664772015348	0.9970803289589915	-0.00018614824254337137
475	0.9997273247298115	0.9995423559928726	-0.00018496873693896188
476	0.9991562619021921	0.999195685605002	3.942370280995977e-05
477	0.9999222057335126	0.9999493697250558	2.71639915431221e-05
478	0.9990610670484241	0.9989663983436506	-9.466870477348177e-05
479	0.9998848583723036	0.9998312875602655	-5.35708120380507e-05
480	0.9988897944024451	0.9988694211262692	-2.037327617587792e-05
481	0.9998555395198127	0.999729449978597	-0.00012608954121562377
482	0.9998996591638997	0.9998478242157551	-5.183494814453571e-05
483	0.9999378710754488	0.999866207324229	-7.166375121980817e-05
484	0.9999186215854564	0.9999680908871782	4.946930172178288e-05
485	0.9990254322970482	0.9989756198907308	-4.981240631740658e-05
486	0.9998863806148006	0.9997175013374943	-0.0001688792773063552
487	0.99816811643655	0.9982315956098605	6.347917331051e-05
488	0.9979419622104917	0.9978335247022948	-0.00010843750819689024
489	0.9988816388995343	0.9985681782482655	-0.0003134606512688043
490	0.9991591768658858	0.9990796673218671	-7.950954401869659e-05
491	0.9982803323103187	0.9983021273063069	2.1794995988200228e-05
492	0.9990844468590735	0.9990897845996551	5.337740581645711e-06
493	0.999894948827485	0.9999494707850214	5.452195753641309e-05
494	0.9983438893341929	0.9983760876297271	3.2198295534136e-05
495	0.9983002972367884	0.9979083547799071	-0.0003919424568812335
496	0.9992256508823446	0.9992296058987836	3.955016439016745e-06
497	0.9999027166888692	0.9998427860131123	-5.9930675756936225e-05
498	0.9985979548228491	0.9985321038120245	-6.585101082456912e-05
499	0.9990490074187947	0.9990054555994515	-4.355181934312391e-05
500	0.9981650462274009	0.9979975217601156	-0.00016752446728529602
501	0.9998249290345907	0.9996906325490078	-0.00013429648558294094
502	0.9999371598613083	0.9998646319240566	-7.252793725165407e-05
503	0.9997917889743088	0.99958876226616	-0.0002030267081487569
504	0.9988655477144612	0.9985088409537334	-0.000356706760727854
505	0.999947990407256	0.9999763454052056	2.8354997949620042e-05
506	0.9999597631381031	0.9999852584396912	2.549530158812985e-05
507	0.9999678727374149	0.9999815931513323	1.3720413917339691e-05
508	0.9990104094530309	0.9989157926768172	-9.461677621369624e-05
509	0.9990009775124008	0.9989585873093697	-4.23902030310952e-05
510	0.9999255012156975	0.9999608855427387	3.538432704119909e-05
511	0.9998253234973073	0.9996826481003164	-0.00014267539699097664
512	0.9999824430197058	0.9999899935986281	7.550578922210782e-06
513	0.9980906083120257	0.9981439645269939	5.335621496826981e-05
514	0.9983432785228956	0.9983995526599464	5.6274137050782436e-05
515	0.9990035842468954	0.9990495423625916	4.595811569618746e-05
516	0.9983108122077883	0.9984328408128429	0.00012202860505461377
517	0.998980749923562	0.9988497107341658	-0.00013103918939616488
518	0.9998985101948399	0.9998469209141965	-5.158928064341595e-05
519	0.9998333105174365	0.9997073683139082	-0.00012594220352835084
520	0.9999431475431696	0.9999728994184511	2.9751875281536222e-05
521	0.999957421522832	0.9999876360637283	3.0214540896356112e-05
522	0.9990486548940463	0.998932202785013	-0.00011645210903321601
523	0.9988039438132355	0.9987879808017054	-1.596301153006241e-05
524	0.9999573333332923	0.9999854146858497	2.808135255738531e-05
525	0.9990786686128384	0.9991249409079203	4.627229508180619e-05
526	0.9999297745140625	0.9999634836265443	3.3709112481794534e-05
527	0.9999730004907244	0.9999792954161267	6.294925402383633e-06
528	0.9982181105201373	0.9982602452375631	4.213471742575692e-05
529	0.9990449892127904	0.9990567249080632	1.1735695272796498e-05
530	0.9999308818544563	0.999850857677265	-8.002417719132904e-05
531	0.9987793865522832	0.998779296187513	-9.036477011115096e-08
532	0.9990487046890649	0.9991047936281544	5.608893908948254e-05
533	0.9999799875793851	0.999986462413826	6.4748344409393255e-06
534	0.998270793548985	0.9981593588588007	-0.00011143469018426444
535	0.9990926549554936	0.9990260647232352	-6.659023225841221e-05
536	0.9990107212009912	0.9989706530305492	-4.006817044199806e-05
537	0.998204652125932	0.9983629271106673	0.0001582749847353071
538	0.9974346318083668	0.9975594349449817	0.00012480313661489273
539	0.9989106361386547	0.9988243560885801	-8.628005007460526e-05
540	0.9990973304967122	0.9990413315636312	-5.599893308105841e-05
541	0.9999291312263996	0.9999608294646178	3.1698238218247354e-05
542	0.9998302408434097	0.999917939241936	8.769839852629246e-05
543	0.9983890412150292	0.9982990001299643	-9.004108506494024e-05
544	0.9982700743699122	0.9985156869772679	0.0002456126073556719
545	0.9999035268723044	0.9998549981096467	-4.852876265770689e-05
546	0.9990518665026326	0.9990566107852351	4.74428260255344e-06
547	0.9990201919731037	0.9990611197254674	4.092775236375079e-05
548	0.9999215203179094	0.9999727960129967	5.127569508733831e-05
549	0.998327954264556	0.9984430644140038	0.00011511014944776132
550	0.9997843497152257	0.9996963439282885	-8.800578693712868e-05
551	0.9998348058210059	0.9996923478077692	-0.000142458013236757
552	0.998327956695616	0.9983178173784244	-1.0139317191626418e-05
553	0.9980084149697033	0.9980574585065476	4.9043536844317615e-05
554	0.9998165590678165	0.9997355832652383	-8.097580257826476e-05
555	0.9975334745961505	0.9974862535244635	-4.722107168697587e-05
556	0.9981373974339977	0.9980416085573472	-9.578887665040448e-05
557	0.9989152172120636	0.9990857112572042	0.00017049404514069
558	0.9990113265474383	0.9991071539570887	9.582740965041747e-05
559	0.9998702445139861	0.9999470083702049	7.676385621879778e-05
560	0.998982550173255	0.9988477600998193	-0.0001347900734356422
561	0.9999567187579838	0.999984680268272	2.796151028827687e-05
562	0.9999421862419656	0.999970807341461	2.8621099495418356e-05
563	0.9982516465824036	0.9982756756355655	2.4029053161900293e-05
564	0.999895475418226	0.999839156923808	-5.631849441800618e-05
565	0.9998268378945561	0.9997914100543344	-3.542784022170231e-05
566	0.996336606861955	0.9963058052876945	-3.080157426049723e-05
567	0.9991217087439226	0.9990185370778991	-0.00010317166602347161
568	0.999012786182414	0.9990951905413908	8.240435897688414e-05
569	0.9988662693458152	0.998602636109258	-0.0002636332365572036
570	0.9998350737195644	0.9997997460140319	-3.53277055324952e-05
571	0.9990267947528375	0.9990283665301251	1.5717772875456504e-06
572	0.9998879972825525	0.9997300792626269	-0.00015791801992559584
573	0.99896553858029	0.9989815858355119	1.6047255221862677e-05
574	0.9962983810362183	0.9961058554262741	-0.0001925256099442052
575	0.9982818898751793	0.9983603935911424	7.850371596307415e-05
576	0.9999442385190174	0.9998723296262583	-7.190889275909829e-05
577	0.9999202016032078	0.9998480587304027	-7.214287280510323e-05
578	0.9990399985973245	0.9989980253268209	-4.197327050359245e-05
579	0.9974355424162983	0.9972176483851681	-0.00021789403113015027
580	0.9997600302406072	0.9995546698100589	-0.000205360430548307
581	0.9972975240330298	0.9973506310628161	5.3107029786225723e-05
582	0.999898878279554	0.9998474519216418	-5.1426357912220944e-05
583	0.9991379682364033	0.9991766070059815	3.8638769578214216e-05
584	0.9998524551194544	0.9998391519196752	-1.3303199779213237e-05
585	0.9990438783161393	0.9991420465058375	9.816818969821117e-05
586	0.9983571988068344	0.9982093174421285	-0.00014788136470589297
587	0.9990824173051579	0.9991760653444042	9.364803924627463e-05
588	0.9997790553683406	0.999680730425741	-9.832494259953695e-05
589	0.9990343802519714	0.9990796444083567	4.5264156385282917e-05
590	0.997666896126411	0.99745767838553	-0.00020921774088100697
591	0.9988815522511071	0.9989309122114155	4.935996030841494e-05
592	0.9996776853773235	0.9996275649908162	-5.0120386507312986e-05
593	0.9999052021047126	0.9999494264704097	4.422436569717636e-05
594	0.9987620767471659	0.9987712024417369	9.125694571010534e-06
595	0.9991282891869439	0.9990833475441981	-4.494164274571055e-05
596	0.999851156225645	0.9999320605068996	8.090428125462346e-05
597	0.9999515760984922	0.9999782852240635	2.670912557134475e-05
598	0.9982007965924874	0.9980565447132911	-0.000144251879196311
599	0.9984397959345434	0.9984212098081544	-1.858612638894197e-05
600	0.9998971670645981	0.9999336772672668	3.651020266870475e-05
601	0.9990014192673105	0.9988642606927777	-0.0001371585745327808
602	0.9998901058326494	0.9998433132637852	-4.6792568864195694e-05
603	0.9999288300722913	0.9999703783018327	4.154822954138826e-05
604	0.9982383392136601	0.9984355520175323	0.0001972128038721932
605	0.9999388035181526	0.9998600174045531	-7.878611359946053e-05
606	0.9999829119782434	0.9999889394542957	6.027476052272718e-06
607	0.9999996130348744	0.9999999570518031	3.440169287216577e-07
608	0.9999443735361774	0.9999747697524796	3.0396216302186474e-05
609	0.9999066853845343	0.9998481683178442	-5.851706669013357e-05
610	0.9989398947940061	0.9989082233615096	-3.1671432496493956e-05
611	0.9955192418450933	0.9953330310449454	-0.00018621080014791236
612	0.9998489428833478	0.9997000681749896	-0.00014887470835822647
613	0.9999836721991455	0.9999886249058291	4.952706683547525e-06
614	0.9980398725620556	0.9980035573181786	-3.631524387703866e-05
615	0.998963809120409	0.9989024805596524	-6.132856075669046e-05
616	0.9990372527977308	0.999062487198027	2.52344002962257e-05
617	0.9991644238349472	0.9990653981686164	-9.902566633079868e-05
618	0.9990265202458974	0.9990729481849103	4.6427939012883e-05
619	0.9998191568365558	0.9998052917513053	-1.386508525047514e-05
620	0.9991136569988838	0.9989630395087314	-0.00015061749015232717
621	0.999838650722003	0.9998160961820924	-2.255453991051315e-05
622	0.9980592503954853	0.9978962170767108	-0.0001630333187744304
623	0.9999834486192872	0.9999887544603501	5.305841062841488e-06
624	0.998038829441842	0.9977422283224938	-0.0002966011193481499
625	0.9971233296597993	0.9970085398121211	-0.00011478984767820943
626	0.9998688650268882	0.9997255986004219	-0.00014326642646633747
627	0.999218894670664	0.9992191449088501	2.5023818606140225e-07
628	0.9991998349841085	0.9992235722134643	2.3737229355780265e-05
629	0.999154079999792	0.999105685107876	-4.8394891915992666e-05
630	0.9989817958973808	0.998918233182756	-6.356271462482077e-05
631	0.9997724685855766	0.9995468122093639	-0.00022565637621263512
632	0.999942590906278	0.9998696284547822	-7.296245149579494e-05
633	0.9998415163875165	0.9997109153528183	-0.00013060103469819673
634	0.9974328508322381	0.9973930602667215	-3.9790565516617526e-05
635	0.999103584104019	0.9991603825815175	5.679847749850975e-05
636	0.998339906206881	0.9983318315233718	-8.074683509162739e-06
637	0.9998966332993272	0.9998436168558232	-5.301644350397261e-05
638	0.998949347770097	0.998877189054301	-7.21587157960224e-05
639	0.9982343865594197	0.998289797331253	5.541077183335297e-05
640	0.9982322523489698	0.9982913162493467	5.9063900376910006e-05
641	0.9982646633747476	0.9983738764164853	0.00010921304173772128
642	0.999123100387405	0.999201921987918	7.882160051297937e-05
643	0.9997066861147674	0.9994258561943795	-0.000280829920387915
644	0.999052262242787	0.9991087434491592	5.648120637224974e-05
645	0.9981122563243795	0.9979438165895625	-0.00016843973481694974
646	0.9990504508326743	0.9990568063250821	6.3554924077946495e-06
647	0.9998768050603144	0.9998345469302082	-4.2258130106165304e-05
648	0.9981899659624535	0.9981394848389504	-5.0481123503032244e-05
649	0.9989641619057887	0.9987921028119313	-0.00017205909385742402
650	0.9991749418637329	0.9991973531261726	2.2411262439736568e-05
651	0.9999569752843487	0.9999832640176194	2.6288733270707354e-05
652	0.9973225988909836	0.9974099700113008	8.73711203172034e-05
653	0.9989933524976989	0.9989914644060162	-1.888091682777926e-06
654	0.9997609487852652	0.9997744626257726	1.351384050740645e-05
655	0.999189243104125	0.9991133995169629	-7.58435871621721e-05
656	0.9961490686601423	0.9963629953816469	0.00021392672150455372
657	0.9981955047588605	0.9981636094680689	-3.1895290791617015e-05
658	0.999841472305399	0.9996893132424403	-0.00015215906295873438
659	0.9979239134382055	0.997913247224401	-1.0666213804522151e-05
660	0.998403006594383	0.9985113800157376	0.00010837342135461281
661	0.9971170710793669	0.9971548630339576	3.779195459074902e-05
662	0.9990974801852985	0.9991646699799036	6.718979460507146e-05
663	0.9962267843994296	0.9965493161360532	0.00032253173662366574
664	0.9980529666812122	0.998013830533323	-3.913614788919606e-05
665	0.9982317276541579	0.997976720179913	-0.0002550074742448949
666	0.9973933944145008	0.9974073731979914	1.3978783490631308e-05
667	0.9981096761418914	0.9982169421346648	0.00010726599277344206
668	0.9986537114665729	0.998499216367169	-0.00015449509940390627
669	0.9999991829463687	0.9999999547153184	7.717689497477309e-07
670	0.9998671371941609	0.9997320582942798	-0.00013507889988106925
671	0.9998889034733296	0.9998327708199732	-5.613265335635553e-05
672	0.9989144252001504	0.9988439762020155	-7.044899813490879e-05
673	0.9981773672225891	0.9983273878632561	0.0001500206406670479
674	0.9988367821054163	0.9988813154901535	4.453338473719981e-05
675	0.9999048762805722	0.9998441585762499	-6.071770432236612e-05
676	0.9998808647961478	0.9998150853433736	-6.577945277419506e-05
677	0.9982904867975894	0.998219419415628	-7.106738196138718e-05
678	0.9999832757129029	0.9999870919704085	3.816257505562248e-06
679	0.9991651676106919	0.9991367696775029	-2.839793318898387e-05
680	0.9998388588513055	0.9997476209877141	-9.123786359144237e-05
681	0.9975063800624593	0.9973999201147263	-0.00010645994773295087
682	0.9979707701839959	0.9981478762123582	0.00017710602836229494
683	0.9989791743502439	0.9989928079620198	1.3633611775976107e-05
684	0.9999853687094707	0.9999902086577482	4.839948277490791e-06
685	0.9999863954235383	0.9999906881008547	4.292677316386495e-06
686	0.9989024676556972	0.9988962066864389	-6.260969258375937e-06
687	0.999816588318209	0.9998118405368863	-4.747781322644862e-06
688	0.9999685405214618	0.9999739629459556	5.422424493861655e-06
689	0.9998196649353365	0.999685299244449	-0.000134365690887428
690	0.998180783490643	0.9984028771723751	0.00022209368173209398
691	0.9982341878711204	0.9982154311221065	-1.8756749013859597e-05
692	0.9998407756585452	0.9999313254216613	9.054976311606566e-05
693	0.997224878325846	0.9972490029485853	2.4124622739263302e-05
694	0.9971772242477843	0.9974380525417224	0.0002608282939380313
695	0.9998865282051594	0.9999440787022029	5.7550497043479254e-05
696	0.9989721180812298	0.998961172958776	-1.0945122453809297e-05
697	0.9981893408796441	0.9981193781907399	-6.996268890413493e-05
698	0.9999251806873227	0.9998468541144313	-7.832657289141842e-05
699	0.9990051226642406	0.9987597298095734	-0.0002453928546671813
700	0.9990516407282384	0.9989004503347155	-0.0001511903935228487
701	0.9990322142529358	0.9990526162672072	2.0402014271447833e-05
702	0.9990628088864753	0.9990563284914139	-6.480395061347899e-06
703	0.9983327889981236	0.9984287240036439	9.593500552029788e-05
704	0.9999424961548812	0.9998790335574966	-6.346259738454485e-05
705	0.9973168066419205	0.9973655044468864	4.8697804965969205e-05
706	0.9990652930787809	0.9990754816880176	1.01886092367387e-05
707	0.9998843356791638	0.9998360913088317	-4.8244370332128916e-05
708	0.9997708878072837	0.9995824407302739	-0.00018844707700982344
709	0.9990823560848998	0.9989646327840825	-0.000117723300817274
710	0.9999611319790385	0.9999852299526018	2.4097973563286246e-05
711	0.9999118120333572	0.9999543674952416	4.2555461884363766e-05
712	0.9990413166254504	0.9990059990743203	-3.5317551130065183e-05
713	0.9982587838817304	0.9984172135766456	0.00015842969491519643
714	0.998340757656324	0.9983055145740876	-3.5243082236458e-05
715	0.9980413760505508	0.9981378236736327	9.64476230819189e-05
716	0.9998994681318133	0.9998256679381251	-7.380019368818935e-05
717	0.9999564218494345	0.9999835279696313	2.7106120196851435e-05
718	0.9999230884851986	0.9998455444188789	-7.754406631976796e-05
719	0.9991291952933303	0.9991472899691012	1.809467577085222e-05
720	0.9978658160812548	0.9980078325304598	0.00014201644920497358
721	0.9980184253767265	0.9978691805648761	-0.00014924481185041305
722	0.9973468188863521	0.9972923355228674	-5.448336348468086e-05
723	0.9999395563864322	0.9998596067569011	-7.9949629531062e-05
724	0.9990406574295959	0.9991506843656295	0.00011002693603356928
725	0.9990487423993811	0.9990087912066644	-3.995119271671399e-05
726	0.999779143907426	0.999682884810237	-9.625909718891101e-05
727	0.9998971023716093	0.9999551108935524	5.8008521943042624e-05
728	0.9999833816155452	0.9999887759069112	5.394291365923287e-06
729	0.9991280428090671	0.9990715863274072	-5.645648165986117e-05
730	0.9992219904598486	0.9992398863947355	1.7895934886880127e-05
731	0.9979976986304893	0.9981417840975259	0.00014408546703659209
732	nan	nan	nan
733	0.9989851556530662	0.9991308996264031	0.00014574397333688704
734	0.999894824608986	0.9998446375500817	-5.0187058904360704e-05
735	0.9998347634663581	0.999935635679347	0.00010087221298882287
736	0.9999240614693738	0.9999703782708503	4.631680147648698e-05
737	0.9998692493710837	0.9998198228965371	-4.942647454653226e-05
738	0.9983524027860278	0.9980315321846036	-0.00032087060142416135
739	0.9983670812453584	0.9982525956857496	-0.00011448555960880125
740	0.9990577122991514	0.9990846072681211	2.68949689696818e-05
741	0.9965237720249962	0.9967792378077065	0.00025546578271029574
742	0.9990441208072873	0.9989546094710696	-8.95113362177069e-05
743	0.9990420462931154	0.9991854948118251	0.00014344851870962128
744	0.9988718137752166	0.9988430195353526	-2.879423986401619e-05
745	0.9980744210828417	0.99819474792241	0.0001203268395683077
746	0.9999818055691048	0.999988689939608	6.884370503223991e-06
747	0.9991055532988065	0.9991927032765435	8.714997773706656e-05
748	0.9999687308650136	0.9999736571918884	4.926326874765685e-06
749	0.9999352225589786	0.9999725311106884	3.730855170980263e-05
750	0.9998162046148484	0.9996773044227094	-0.00013890019213902427
751	0.9981209223220514	0.9982592803627246	0.00013835804067319213
752	0.999078815493656	0.999016195314837	-6.262017881897286e-05
753	0.9982551155601427	0.9981571078404686	-9.800771967405364e-05
754	0.9999440138929049	0.9999755418766927	3.1527983787804637e-05
755	0.9998951385489621	0.9999556556963789	6.051714741683867e-05
756	0.9982196482574902	0.9983200230452468	0.00010037478775659636
757	0.9982023111829718	0.9981276152390112	-7.469594396058987e-05
758	0.9990543574955416	0.9990610272052756	6.669709733952978e-06
759	0.9983893320098202	0.9984945082047825	0.00010517619496230868
760	0.9970464880577007	0.9969912255014941	-5.526255620658116e-05
761	0.9981515546322115	0.998116252382774	-3.53022494374855e-05
762	0.9989950163544649	0.9991685207367834	0.0001735043823185567
763	0.9999434052484324	0.9999728455095755	2.9440261143154345e-05
764	0.997866327178614	0.9978072384730258	-5.908870558823942e-05
765	0.9997753417067093	0.9996988616323808	-7.648007432858872e-05
766	0.9981658840491031	0.9977839595644711	-0.00038192448463203466
767	0.9982745039563465	0.9984181374827014	0.00014363352635482496
768	0.9999111589933665	0.999938540390457	2.7381397090575632e-05
769	0.9990182938227516	0.9990460513112063	2.775748845462722e-05
770	0.9991100753856852	0.9992271075154772	0.00011703212979197186
771	0.9999151760565406	0.9999590149185226	4.383886198200404e-05
772	0.9998284097916655	0.9996960003084969	-0.00013240948316861623
773	0.9999323561544542	0.9999665845797574	3.422842530320658e-05
774	0.9983875383372505	0.9982655870244721	-0.00012195131277836779
775	0.9988689946594399	0.998954443044665	8.544838522506204e-05
776	0.9998779612506877	0.9998119412881807	-6.601996250699127e-05
777	0.9989253504882303	0.9987529556007562	-0.00017239488747411436
778	0.9990439054869364	0.9989881383548155	-5.576713212096518e-05
779	0.9977209296777249	0.9976837246042535	-3.7205073471380246e-05
780	0.9999315916621005	0.9998408765538088	-9.071510829172791e-05
781	0.998141590122775	0.9980518048988613	-8.97852239137853e-05
782	0.9989620932076549	0.9989129788450911	-4.911436256382906e-05
783	0.9991267683826526	0.9989835634047258	-0.00014320497792674747
784	0.9984072997638034	0.9983976752492342	-9.624514569206433e-06
785	0.9983573263221095	0.9983587452306284	1.418908518902029e-06
786	0.9998247295254673	0.9998245360652038	-1.9346026347566436e-07
787	0.9997704752491773	0.9996706563970713	-9.981885210597063e-05
788	0.9999256226376285	0.999855322316576	-7.030032105248551e-05
789	0.9998389002966646	0.9997151703077233	-0.00012372998894127907
790	0.999197934664254	0.9991778957034928	-2.0038960761192826e-05
791	0.9983355756146582	0.9983301262435764	-5.44937108182264e-06
792	0.9998090118733666	0.9997949460764783	-1.406579688822962e-05
793	0.9990335440582968	0.9990010406633383	-3.250339495852739e-05
794	0.9980143152616133	0.9981904360992317	0.0001761208376184209
795	0.999002920964049	0.9991113362334647	0.00010841526941574031
796	0.9990166956660916	0.999055909852641	3.921418654939668e-05
797	0.9969852525933776	0.9973654311027672	0.00038017850938965037
798	0.9988698740013374	0.9986261109354989	-0.00024376306583850926
799	0.9962851459756394	0.9964816062275652	0.00019646025192576744
800	0.9991706318026382	0.9990490022226076	-0.0001216295800305911
801	0.9990042635437477	0.9989410312626621	-6.32322810856234e-05
802	0.9971827724229622	0.9972344317440246	5.165932106243609e-05
803	0.9999997277248152	0.9999999657047416	2.3797992643181942e-07
804	0.9999162837151131	0.9998396041691232	-7.667954598988835e-05
805	0.9990255028647914	0.9989709824718868	-5.45203929046556e-05
806	0.9998650802412059	0.9998329097299599	-3.217051124604353e-05
807	0.9998341836036775	0.9997163708874862	-0.00011781271619126787
808	0.9999159997577213	0.9998373080582172	-7.869169950402988e-05
809	0.9990902952394198	0.9990695557004126	-2.07395390072751e-05
810	0.9999996920384975	0.9999999819913606	2.8995286316391145e-07
811	0.9989120169382694	0.998991099121395	7.908218312568938e-05
812	0.9986870947544778	0.9986764748255265	-1.0619928951349777e-05
813	0.9999398732173582	0.9998586955665061	-8.11776508521378e-05
814	0.9988484792948594	0.9986882131220384	-0.00016026617282105526
815	0.9992097169589523	0.9990913077142791	-0.00011840924467321212
816	0.9975078603067115	0.9975699071313833	6.20468246718131e-05
817	0.997984217474181	0.9979835470646236	-6.704095574239233e-07
818	0.9982139320695261	0.9983823769470551	0.00016844487752898374
819	0.999854112705385	0.9996853615521606	-0.00016875115322445566
820	0.9989710818736223	0.9989540668435442	-1.7015030078115778e-05
821	0.9990253947779933	0.9990079724103408	-1.742236765256422e-05
822	0.9973345458399395	0.9972383166621759	-9.622917776364037e-05
823	0.9998058425215598	0.9996141229414526	-0.00019171958010721912
824	0.9979936064184306	0.9978565203752461	-0.00013708604318452
825	0.9989562483694306	0.9988954109456558	-6.0837423774828814e-05
826	0.999031224768599	0.9988896534342185	-0.00014157133438041924
827	0.9974126222829475	0.9974274494194463	1.4827136498807292e-05
828	0.9999837568696893	0.9999886217343982	4.864864708853389e-06
829	0.9983685264764169	0.998416171556793	4.764508037602422e-05
830	0.9998807768096953	0.9999539619160495	7.318510635412334e-05
831	0.9980878444579985	0.9981555013074923	6.765684949383566e-05
832	0.9991040422783065	0.9990270549073357	-7.698737097083796e-05
833	0.9983899707803705	0.9983084319352034	-8.15388451671506e-05
834	0.9992018490569434	0.9992258012538295	2.3952196886112276e-05
835	0.9995273636405462	0.9992620129975411	-0.00026535064300503564
836	0.9989184194138097	0.99896319755497	4.4778141160328744e-05
837	0.9998868445773806	0.9998394958517821	-4.734872559852832e-05
838	0.9991323485772974	0.9991133775234518	-1.8971053845628916e-05
839	0.9991425614077456	0.9990445191629983	-9.804224474729839e-05
840	0.9990327508388502	0.9988554422665582	-0.00017730857229203423
841	0.9990191818807004	0.9987957750565032	-0.00022340682419719204
842	0.9998238480548968	0.9996798701052205	-0.0001439779496762439
843	0.9998983243361395	0.9998524908273507	-4.5833508788728494e-05
844	nan	nan	nan
845	0.999947346436185	0.999975874406077	2.852796989205597e-05
846	0.9981041746264159	0.9981403678195782	3.6193193162281645e-05
847	0.9999726442991805	0.9999805429815801	7.898682399587464e-06
848	0.9998911783585588	0.9998271836246091	-6.399473394969046e-05
849	0.9990154316572146	0.9989824856076518	-3.294604956283198e-05
850	0.9975467611092126	0.9974866902720676	-6.007083714498762e-05
851	0.999842749099386	0.9996935543608069	-0.00014919473857910592
852	0.9989954005541953	0.9988519734285115	-0.00014342712568382598
853	0.9972125408165458	0.9974323136366012	0.00021977282005547494
854	0.9975601758755931	0.9973817237797318	-0.0001784520958613145
855	0.9991042226624257	0.9991524047205231	4.8182058097423486e-05
856	0.999128884718862	0.9991656449034013	3.6760184539352814e-05
857	0.9999717161140509	0.9999784576834496	6.741569398727165e-06
858	0.9980233834390967	0.9980610931667635	3.7709727666812576e-05
859	0.9999393148862155	0.9999733512587565	3.4036372541068616e-05
860	0.9999405692293613	0.9999692662377436	2.8697008382372324e-05
861	0.9975299828992813	0.9975284726405761	-1.5102587052062688e-06
862	0.9990943840152208	0.9991295954882188	3.5211472998009086e-05
863	0.9980379811921949	0.9980745921131607	3.661092096585161e-05
864	0.9989975545205856	0.9990044133101211	6.858789535546528e-06
865	0.9981031569133433	0.9981359646120298	3.2807698686521114e-05
866	0.9998778536207759	0.9998303452549746	-4.750836580125206e-05
867	0.9995785730870536	0.9992568462132306	-0.0003217268738229251
868	0.9988485521693716	0.9986010928126876	-0.0002474593566840211
869	0.9990939040419519	0.9990595115957307	-3.439244622116533e-05
870	0.9990911364730473	0.9991218849702924	3.0748497245158823e-05
871	0.9990714119250307	0.999145953783898	7.454185886734965e-05
872	0.9990192305082105	0.9989533732050867	-6.585730312380633e-05
873	0.9979205119037652	0.9976274848706276	-0.00029302703313760503
874	0.9983362975006291	0.9984822115309651	0.0001459140303359252
875	0.9998637855043372	0.9997276381457605	-0.00013614735857669924
876	0.9998692196118658	0.999707225539224	-0.00016199407264183563
877	0.9990548656861719	0.999049549969769	-5.315716402831683e-06
878	0.9999397326620091	0.9998660392808368	-7.369338117224622e-05
879	0.998336041548711	0.9983674776507341	3.143610202305247e-05
880	0.9991973547311978	0.9991503498852878	-4.700484590991483e-05
881	0.9999194377612094	0.9998500286123152	-6.940914889419503e-05
882	0.9996966282488052	0.9995546835198709	-0.00014194472893436227
883	0.9990366346536663	0.9991076019112225	7.096725755617594e-05
884	0.9981907937675926	0.9981404476714038	-5.034609618881358e-05
885	0.999118933533975	0.9991242162593909	5.282725415889367e-06
886	0.9997978461556137	0.9996862662644674	-0.00011157989114629618
887	0.9997357408335943	0.9997783724009436	4.263156734929385e-05
888	0.9989140863696668	0.9990822656130249	0.00016817924335810197
889	0.9990948863815032	0.9991787038082114	8.381742670815484e-05
890	0.9972945914248518	0.9973026396156233	8.048190771492436e-06
891	0.9981449604376559	0.9983067080504886	0.00016174761283271888
892	0.9990754567789818	0.999090517536181	1.5060757199258923e-05
893	0.9964308734962598	0.9965091699555175	7.829645925772066e-05
894	0.9998748339021971	0.9998251866656838	-4.964723651335046e-05
895	0.9990366075793916	0.9991171898170229	8.058223763129924e-05
896	0.9990740109117712	0.9991154855703193	4.147465854809074e-05
897	0.9998041773657024	0.999809031945358	4.854579655599878e-06
898	0.9963148397015963	0.9964611138717446	0.00014627417014834165
899	0.9980974939620482	0.9982004090116701	0.0001029150496218989
900	0.9973067600819525	0.9977255634113158	0.000418803329363282
901	0.9992163198982251	0.9992977904974195	8.14705991943887e-05
902	0.9990117855458149	0.9989741835664084	-3.7601979406498565e-05
903	0.9999043961811358	0.9998510736598264	-5.3322521309406845e-05
904	0.9989843348916183	0.9989551752645018	-2.9159627116470688e-05
905	0.9973407889732089	0.9975150887836635	0.0001742998104545812
906	0.9989263158626784	0.9987254936686764	-0.00020082219400208157
907	0.9983838965151782	0.998491506215149	0.00010760969997081204
908	0.9990674392133158	0.9990018850816365	-6.55541316793018e-05
909	0.9980646813988889	0.9982519033897411	0.00018722199085219327
910	0.9998923161968692	0.9999524458871881	6.012969031887749e-05
911	0.9991339930192902	0.9991454520854902	1.1459066200036894e-05
912	0.9982034300879972	0.9983614233019146	0.00015799321391740673
913	0.9998164333122229	0.9995852003954294	-0.0002312329167935001
914	0.9997302058116749	0.9995267513291797	-0.00020345448249525777
915	0.9982425535940819	0.998278267919385	3.5714325303137784e-05
916	0.9991421342578833	0.9991694859053094	2.7351647426065995e-05
917	0.9990070039928218	0.9989842566910576	-2.2747301764214356e-05
918	0.9981849370078445	0.9981988759755265	1.3938967681981218e-05
919	0.9991658426532254	0.9991632387139566	-2.6039392687637886e-06
920	0.9975914634082688	0.9976783916710706	8.692826280187749e-05
921	0.9971303603956438	0.9972006524346307	7.029203898689662e-05
922	0.9973746693342727	0.9972831615051444	-9.150782912825672e-05
923	0.9999433743972044	0.9999718340943076	2.8459697103189185e-05
924	0.9990937261783289	0.9991171300867103	2.340390838140305e-05
925	0.9989323542558872	0.9989267162134977	-5.638042389510822e-06
926	0.9988843251904912	0.9986583180623109	-0.00022600712818032775
927	0.9990906569699173	0.9990239121252544	-6.674484466284714e-05
928	0.999832722845045	0.9997241635226282	-0.00010855932241682353
929	0.9991957633028098	0.9991643457199878	-3.141758282199092e-05
930	0.9998562673887622	0.9998192996850268	-3.6967703735402146e-05
931	0.9991999098360305	0.9991164083843862	-8.350145164426337e-05
932	0.9992207323043344	0.9992152952485823	-5.437055752066655e-06
933	0.9989593778343403	0.9987702276324886	-0.00018915020185172882
934	0.9998683684296253	0.999837501646621	-3.086678300434631e-05
935	0.9998346682400726	0.9997263664635044	-0.00010830177656817597
936	0.9983043803236678	0.9979590125302594	-0.00034536779340832435
937	0.9999618219507181	0.9999854083147399	2.358636402177705e-05
938	0.9991347394029105	0.9990671033000088	-6.763610290172473e-05
939	0.998934308321614	0.9990601001146353	0.0001257917930213015
940	0.9979030312191002	0.9980984486321611	0.00019541741306094984
941	0.9984511779578424	0.9984832839138315	3.210595598901467e-05
942	0.9990312749402183	0.9990300084495802	-1.2664906380299712e-06
943	0.9991092469508471	0.9991126205679279	3.373617080804081e-06
944	0.9999418974902387	0.9999726509297056	3.075343946690179e-05
945	0.9989291672470012	0.9988234644875379	-0.00010570275946331087
946	0.9999291031492026	0.9999668322495328	3.772910033017496e-05
947	0.9998639435340018	0.99983714883864	-2.679469536170931e-05
948	0.999026998511968	0.9990563360670848	2.9337555116804026e-05
949	0.9999468135335478	0.9999761048450253	2.9291311477552817e-05
950	0.998980487894462	0.9987655585013145	-0.00021492939314748938
951	0.9990781600157785	0.9989460404799173	-0.00013211953586123037
952	0.9997118621188037	0.9995347020243639	-0.00017716009443979885
953	0.9998673370563373	0.9998408927668777	-2.6444289459637282e-05
954	0.9999354677063613	0.9998642669650037	-7.120074135757992e-05
955	0.9976111643752501	0.9976542273435035	4.30629682534045e-05
956	0.9991300776426248	0.9992064572142499	7.63795716250959e-05
957	0.9991516959218966	0.9990529592459809	-9.873667591564494e-05
958	0.9989294674457785	0.9988969149907994	-3.255245497912895e-05
959	0.9989574123860419	0.9989459870371108	-1.1425348931060064e-05
960	0.9997616973459323	0.999556861125271	-0.0002048362206613641
961	0.9997910659811604	0.9996847031019535	-0.00010636287920695597
962	0.9991127945335746	0.9992183634958911	0.00010556896231650459
963	0.9991270207212295	0.9991337357563843	6.715035154813975e-06
964	0.9998985623140413	0.9998454855933256	-5.307672071563907e-05
965	0.9963121141412774	0.9968911930625102	0.0005790789212327674
966	0.9999853442602884	0.9999887523569146	3.408096626245083e-06
967	0.9971635451201074	0.9972374974358361	7.39523157287092e-05
968	0.9989035800170799	0.9989069101787428	3.3301616628733655e-06
969	0.9999834497221296	0.9999906636350337	7.2139129041470795e-06
970	0.9972889284762996	0.9974958985053558	0.0002069700290562304
971	0.9990468117066275	0.9990337133928922	-1.3098313735304679e-05
972	0.9998858200417611	0.9998325813821558	-5.32386596052703e-05
973	0.9998874347336547	0.9999541665134363	6.67317797815592e-05
974	0.9998131133226607	0.9996948864613646	-0.00011822686129603355
975	0.9990040301431544	0.9990933047569643	8.927461380991986e-05
976	0.999763775586603	0.9997803094410389	1.6533854435896167e-05
977	0.9982977060900592	0.9983808028850093	8.309679495011046e-05
978	0.998236384832458	0.9983776229925135	0.00014123816005551237
979	0.9997030651346451	0.9996601488560796	-4.291627856556346e-05
980	0.9999575821763403	0.999982441434351	2.4859258010656582e-05
981	0.9989450018233785	0.9987631797977364	-0.0001818220256420977
982	0.9999277160284825	0.9998587584825245	-6.895754595803716e-05
983	0.9998723137089055	0.9998419053242498	-3.0408384655733478e-05
984	0.9991334110387937	0.9991842529805636	5.084194176985246e-05
985	0.9989396831534285	0.9987507072342985	-0.00018897591913002998
986	0.9991644817874897	0.9991297965287211	-3.4685258768596405e-05
987	0.9997933548279901	0.9996758794276583	-0.00011747540033180126
988	0.9990309099227161	0.9988764940947107	-0.00015441582800546083
989	0.9982979465076005	0.9982774106057204	-2.0535901880114338e-05
990	0.9998639955517784	0.9998308905353942	-3.3105016384205044e-05
991	0.9981627548199455	0.9980411272815422	-0.00012162753840339047
992	0.9989905597934852	0.9990703280873309	7.97682938457056e-05
993	0.999879895002608	0.9999454856058767	6.559060326871702e-05
994	0.9999622130061688	0.9999869899591172	2.4776952948335484e-05
995	0.9990738966549915	0.9988444988868277	-0.00022939776816377488
996	0.9983211565635369	0.9983377572432671	1.66006797301943e-05
997	0.9982450845019443	0.9981750445018832	-7.004000006105571e-05
998	0.9996893277670764	0.9995490479560212	-0.0001402798110552439
999	0.9981883655067895	0.9981778306344414	-1.053487234803363e-05
1000	0.9973742063327043	0.9972043628780869	-0.00016984345461745765
1001	0.9990165166621936	0.998746766267818	-0.0002697503943756008
1002	0.9971740593726072	0.997169212758523	-4.846614084175194e-06
1003	0.9999693351425593	0.9999776962362601	8.361093700837152e-06
1004	0.9990582272399812	0.9990304661418175	-2.7761098163714415e-05
1005	0.9998906995527416	0.9998401234543128	-5.0576098428734007e-05
1006	0.9989055855029045	0.9986487575740829	-0.00025682792882164573
1007	0.9981537143821886	0.9982082621540085	5.454777181990167e-05
1008	0.9999501750414757	0.9999740256683617	2.385062688603501e-05
1009	0.9990884366744529	0.9990139098060792	-7.452686837372546e-05
1010	0.9991969866444798	0.9992241836630511	2.7197018571345488e-05
1011	0.9980852572121066	0.9981624098334504	7.715262134377898e-05
1012	0.9998454170399318	0.9997253467946977	-0.00012007024523408294
1013	0.9991324227561075	0.9991489153474015	1.649259129399283e-05
1014	0.9990057053654534	0.9988837008369378	-0.00012200452851562904
1015	0.9997519018475058	0.9995246341652361	-0.00022726768226977168
1016	0.9999061218485517	0.9998580238215029	-4.809802704874855e-05
1017	0.998166930337532	0.9981655589179007	-1.37141963130194e-06
1018	0.9989138430879423	0.9990582723566416	0.00014442926869928652
1019	0.9977428436887839	0.9978382635587161	9.541986993222284e-05
1020	0.9998482846093968	0.9998234508277671	-2.4833781629651774e-05
1021	0.998120007846684	0.9979716965520076	-0.00014831129467640647
1022	0.9963358577789098	0.9965420421333556	0.0002061843544458597
1023	0.9998637170621265	0.9998287999107385	-3.4917151388036416e-05
1024	0.9989123508071449	0.9988338940923901	-7.845671475481542e-05
1025	0.9975850856000574	0.9975593320727589	-2.575352729849989e-05
1026	0.9969025131491644	0.9967398453624241	-0.00016266778674034477
1027	0.9999232441304602	0.9999592940926147	3.604996215456069e-05
1028	0.9981399691556166	0.9981006130382726	-3.93561173440693e-05
1029	0.9996603001954911	0.9994343730138765	-0.00022592718161462688
1030	0.9999796086078144	0.9999881541047229	8.545496908429762e-06
1031	0.9998471993080207	0.9996767194964519	-0.0001704798115688133
1032	0.9989853797470363	0.9988696929976497	-0.00011568674938655654
1033	0.9981404302897827	0.998016946320737	-0.00012348396904571235
1034	0.99915658322971	0.9991622745515499	5.69132183991794e-06
1035	0.9982749225677293	0.9981380551372998	-0.00013686743042951033
1036	0.9973762594001127	0.9974925860611016	0.00011632666098893019
1037	0.9989206904026021	0.998905158113259	-1.5532289343145322e-05
1038	0.9971906339120842	0.9969776728915274	-0.00021296102055679
1039	0.9990779330893284	0.9991161314757103	3.819838638197126e-05
1040	0.9990413077616312	0.9989067522495253	-0.0001345555121059494
1041	0.9981448493663471	0.9981599331192794	1.5083752932354422e-05
1042	0.9969805946265736	0.9970854231765888	0.0001048285500151458
1043	0.9998159213787229	0.9996961049577487	-0.00011981642097413925
1044	0.9999664251245911	0.9999750849774935	8.659852902437315e-06
1045	0.9991671937853293	0.9991597455824033	-7.448202925974812e-06
1046	0.9998447256778046	0.9998203520570025	-2.4373620802098372e-05
1047	0.9981215470370292	0.9981145253292545	-7.021707774668151e-06
1048	0.9989928996598982	0.9990983959525838	0.00010549629268552518
1049	0.998987737698179	0.9991557026964099	0.00016796499823090727
1050	0.999816241846831	0.9995836620820945	-0.0002325797647365624
1051	0.9971042192951403	0.9972020034459415	9.778415080119451e-05
1052	0.999002897600521	0.9990242019353659	2.130433484492933e-05
1053	0.9990542595523836	0.9989637354508577	-9.052410152587953e-05
1054	0.9989334817014034	0.9988526143044852	-8.086739691814948e-05
1055	0.9990432871281452	0.9991325168316695	8.922970352431836e-05
1056	0.9999202362161494	0.9999617565043477	4.152028819826015e-05
1057	0.9990904372870485	0.9991473115041134	5.687421706490614e-05
1058	0.9988704017759233	0.9990776572332102	0.0002072554572868368
1059	0.9989148245426961	0.9989639230119776	4.909846928147221e-05
1060	0.9990093980273108	0.999033708786652	2.4310759341172883e-05
1061	0.9987600744488512	0.998772251243052	1.2176794200846608e-05
1062	0.9983435380227471	0.9984297653533631	8.622733061602883e-05
1063	0.9989659935832385	0.9990830778009897	0.000117084217751251
1064	0.9998832447874717	0.9998364212919163	-4.682349555540366e-05
1065	0.9989470999686061	0.9990350850642292	8.798509562313317e-05
1066	0.9998714605229713	0.9997038719411317	-0.0001675885818395173
1067	0.9989299775855948	0.9988127056594563	-0.00011727192613841808
1068	0.9989629507325222	0.9987851671596587	-0.0001777835728634658
1069	0.999831746151466	0.9998094037198124	-2.2342431653554762e-05
1070	0.9999377920370491	0.9999689624244688	3.117038741962119e-05
1071	0.998261773929711	0.9981996178521964	-6.215607751469676e-05
1072	0.9972765199001628	0.9975048528945281	0.00022833299436531007
1073	0.9982792691016741	0.9983365915393533	5.732243767919698e-05
1074	0.9991176236393745	0.999090886851119	-2.6736788255488086e-05
1075	0.9998491671565459	0.9997069262500379	-0.000142240906508051
1076	0.9981532507847349	0.998314163499339	0.00016091271460405565
1077	0.9990657197010042	0.9988374987581377	-0.0002282209428665638
1078	0.9982459609105303	0.9983900834044259	0.00014412249389561538
1079	0.9997804606569825	0.999673833124736	-0.0001066275322464394
1080	0.9980676360846961	0.9981101944553101	4.255837061406531e-05
1081	0.9989605171117969	0.9990287698351015	6.825272330457377e-05
1082	0.9991050120640486	0.999137538742867	3.2526678818478594e-05
1083	0.9990937821074004	0.9990597025203045	-3.4079587095892094e-05
1084	0.9989856236072019	0.999056276303514	7.065269631212345e-05
1085	0.9980285165534974	0.9980968722158036	6.835566230611878e-05
1086	0.9985267103070977	0.998558979393265	3.22690861672692e-05
1087	0.9981916524271408	0.9980849015908516	-0.00010675083628919335
1088	0.9999378010250334	0.999858714903519	-7.908612151441563e-05
1089	0.9991537672782809	0.9991915643915523	3.779711327145385e-05
1090	0.9990553973215429	0.9989994253534079	-5.59719681350046e-05
1091	0.9989433193579357	0.9988267718904471	-0.00011654746748857026
1092	0.9972789131304134	0.9971553184399468	-0.00012359469046663296
1093	0.9989077751616892	0.9989721965239681	6.442136227891027e-05
1094	0.9983070396861383	0.9981023082905824	-0.00020473139555587938
1095	0.999936217415413	0.9998572869751149	-7.893044029816387e-05
1096	0.9990272282807648	0.9991482645958039	0.00012103631503901369
1097	0.9998519464102951	0.9997052535809945	-0.00014669282930057648
1098	0.9998662854251223	0.999933778977817	6.749355269464186e-05
1099	0.9988950163520431	0.999035747271973	0.00014073091992983233
1100	0.9998481255663436	0.9998216621865031	-2.646337984046898e-05
1101	0.9999572436391169	0.9999822278304741	2.4984191357213525e-05
1102	0.9967399672512817	0.9966222054489787	-0.00011776180230294031
1103	0.9991311541793232	0.9991359869715819	4.832792258713248e-06
1104	0.9991298269988879	0.9990860735572115	-4.3753441676397387e-05
1105	0.9999352017078135	0.9998627720409794	-7.242966683407293e-05
1106	0.9999565397429376	0.9999810765799234	2.453683698577791e-05
1107	0.9998151761476269	0.9997032055999121	-0.00011197054771483472
1108	0.9990344205514174	0.9990603285503628	2.5907998945307043e-05
1109	0.9983207738889496	0.9982899394817449	-3.083440720463848e-05
1110	0.9997829414245926	0.9998124926142767	2.9551189684173806e-05
1111	0.9998834281074871	0.9997364092040566	-0.00014701890343049584
1112	0.9999226348165338	0.9998591219856606	-6.351283087313586e-05
1113	0.9989842646353954	0.9991238618056096	0.00013959717021427842
1114	0.9980864828896907	0.9980150031566299	-7.147973306076416e-05
1115	0.9989738305850797	0.9989685787525874	-5.251832492336739e-06
1116	0.9999028661973963	0.9998475983094701	-5.526788792620252e-05
1117	0.9989998026072399	0.9988597257063911	-0.00014007690084871793
1118	0.9998496752909769	0.999714380517456	-0.000135294773520922
1119	0.9990303435140984	0.999011883745816	-1.8459768282408362e-05
1120	0.9999997169179174	0.9999999883555619	2.7143764447234986e-07
1121	0.9998325525395622	0.9997014735869195	-0.00013107895264263814
1122	0.9988844558501135	0.9987613655779884	-0.0001230902721250926
1123	0.9998143665424896	0.9996889882836366	-0.0001253782588529484
1124	0.9970894865135539	0.9971783964988505	8.890998529664795e-05
1125	0.9999820411722032	0.9999872031017102	5.1619295069471605e-06
1126	0.9988987156947055	0.9987064839320492	-0.00019223176265625863
1127	0.9991414821486074	0.999057165472033	-8.43166765743808e-05
1128	0.9999411796050206	0.9999736695642232	3.2489959202575136e-05
1129	0.9980498816749181	0.9980237739627652	-2.610771215294516e-05
1130	0.9999705982818463	0.9999777756147079	7.177332861596497e-06
1131	0.9981946008717524	0.9981196539981427	-7.494687360964924e-05
1132	0.9999518599584057	0.9999682347537134	1.6374795307694257e-05
1133	0.9990498776949909	0.9989231339652265	-0.0001267437297644003
1134	0.9998841655008002	0.9998324702773251	-5.1695223475034524e-05
1135	0.9972552614027196	0.997302379564072	4.7118161352388555e-05
1136	0.9999855416349134	0.9999902154352676	4.673800354182411e-06
1137	0.9990652693154335	0.9991723449975707	0.0001070756821371921
1138	0.9975993580950249	0.9975034988574849	-9.585923753996362e-05
1139	0.9990481895035633	0.9990458257490585	-2.3637545047971997e-06
1140	0.9999399316633613	0.9999711765415256	3.124487816430488e-05
1141	0.998265352424717	0.9981429436435334	-0.00012240878118363607
1142	0.9997153647439372	0.9995421132140141	-0.00017325152992309079
1143	0.998311866598474	0.9980946435154091	-0.00021722308306493243
1144	0.9991609403286011	0.9991798588873266	1.89185587254892e-05
1145	0.9984378065298882	0.998227513690924	-0.00021029283896423223
1146	0.9991368401041686	0.999063727023026	-7.311308114255066e-05
1147	0.998457722805241	0.9982466076886461	-0.00021111511659488436
1148	0.9998095707894957	0.9996832799566191	-0.0001262908328766299
1149	0.9991999159707462	0.9991568620261121	-4.3053944634108277e-05
1150	0.9982614526161383	0.9983702767268888	0.00010882411075052723
1151	0.9997784654271776	0.9996860274512103	-9.243797596736325e-05
1152	0.9981084672235202	0.998077385663111	-3.10815604092074e-05
1153	0.9988888113167768	0.9988171201571032	-7.169115967353701e-05
1154	0.9990139729682764	0.999126973053739	0.00011300008546255569
1155	0.99977910656556	0.9997966331220224	1.7526556462366116e-05
1156	0.9998070452859276	0.9996864173706869	-0.00012062791524070082
1157	0.9987873102705855	0.9986558582993554	-0.000131451971230101
1158	0.9990274512376538	0.9989169714230929	-0.00011047981456091538
1159	0.9998639200028541	0.9999501700073431	8.62500044890302e-05
1160	0.9990747202841065	0.9989968991136087	-7.7821170497816e-05
1161	0.9981026830334734	0.9981484173753861	4.573434191268433e-05
1162	0.9982597497646791	0.9980694880761894	-0.00019026168848967906
1163	0.9998670742908797	0.9998422685319901	-2.4805758889634433e-05
1164	0.9989271805381232	0.9989848527610172	5.7672222893989655e-05
1165	0.9982783187968784	0.998380837593287	0.00010251879640854611
1166	0.9982449139891862	0.9981965817694746	-4.833221971167756e-05
1167	0.9999199548670231	0.9999599372699531	3.998240293001665e-05
1168	0.9979836454701971	0.9981893933307302	0.0002057478605330676
1169	0.999981491306714	0.999989847346798	8.356040083978833e-06
1170	0.9983423698923435	0.9983287441155779	-1.3625776765557873e-05
1171	0.9990276651042832	0.9988318517054517	-0.00019581339883145699
1172	0.9980163972057664	0.9981523957299576	0.0001359985241912165
1173	0.99996311270642	0.9999868695256384	2.3756819218401226e-05
1174	0.9982625119426928	0.9982573351569805	-5.176785712324161e-06
1175	0.9991504918432527	0.9991243332195655	-2.6158623687155824e-05
1176	0.9991438695373132	0.9991459539415465	2.0844042333267865e-06
1177	0.9999040810038305	0.9998444872137258	-5.959379010478383e-05
1178	0.998290871946119	0.9982676122135878	-2.325973253114455e-05
1179	0.9999431127050243	0.9998686471827416	-7.446552228274061e-05
1180	0.999001671535989	0.9990987482921037	9.707675611470012e-05
1181	0.999132317069963	0.9991647861837766	3.246911381360462e-05
1182	0.9997845293451583	0.9999163624267244	0.00013183308156616835
1183	0.9980402664787378	0.9978889639278781	-0.000151302550859711
1184	0.9989605291336959	0.9990718380467005	0.000111308913004593
1185	0.999891528411697	0.9998485017801092	-4.302663158783915e-05
1186	0.9992297482934637	0.9992387034771126	8.955183648962084e-06
1187	0.9991342608449995	0.9991198472924616	-1.4413552537839713e-05
1188	0.9991701155267975	0.9991771506053476	7.0350785501549495e-06
1189	0.998155126962307	0.9983397845677382	0.00018465760543118215
1190	0.9998388025799829	0.9998358532324791	-2.949347503777844e-06
1191	0.9998962403010082	0.9998423367073511	-5.390359365708974e-05
1192	0.9975401765335521	0.997594894679024	5.471814547186593e-05
1193	0.9991566968338687	0.9991940275798145	3.733074594580721e-05
1194	0.9997266389689914	0.9995628573052829	-0.00016378166370845104
1195	0.9990052984324492	0.9989282143801552	-7.70840522940075e-05
1196	0.9982560042874477	0.9982651338287215	9.129541273855679e-06
1197	0.999942885067416	0.9999725245262097	2.963945879363994e-05
1198	0.9981036083646043	0.9981025487191421	-1.059645462264669e-06
1199	0.9989459220420748	0.9988655873339465	-8.033470812829346e-05
1200	0.9990198578191836	0.9991055727317889	8.571491260533914e-05
1201	0.9998636471976272	0.9999400938801215	7.64466824942911e-05
1202	0.9983488922932566	0.9983280356991785	-2.085659407813356e-05
1203	0.9999219470158373	0.9998464786973285	-7.546831850879787e-05
1204	0.9999570944638967	0.9999682221663175	1.1127702420843377e-05
1205	0.9983082840723426	0.9983361176798153	2.7833607472715904e-05
1206	0.9988888051462707	0.9987731369583387	-0.00011566818793196099
1207	0.9984047584383611	0.9982613634218975	-0.00014339501646354336
1208	0.9989291277587704	0.9988986637808961	-3.046397787431765e-05
1209	0.9989275599146945	0.9987899186657765	-0.000137641248918019
1210	0.9997070863048193	0.9997843604682225	7.727416340319593e-05
1211	0.9998925856714805	0.9999421463649689	4.956069348838188e-05
1212	0.9999357767500435	0.9998552296759305	-8.05470741129799e-05
1213	0.99994804813484	0.9999631098065977	1.5061671757798933e-05
1214	0.9979823195162778	0.9977980556018765	-0.00018426391440129475
1215	0.9999007034229133	0.9999656571840967	6.495376118342833e-05
1216	0.9999478081117321	0.9999765457799343	2.8737668202216682e-05
1217	0.9999845557268265	0.9999877981500642	3.2424232376815354e-06
1218	0.9998812494408296	0.9999491692462275	6.791980539788689e-05
1219	0.9998032176662842	0.9997931612183464	-1.0056447937834001e-05
1220	0.9980899357699393	0.9980962955835985	6.359813659151392e-06
1221	0.9990265844718683	0.9990264893229438	-9.514892451711887e-08
1222	0.9998601849976978	0.9997076425905774	-0.0001525424071203707
1223	0.9975217571083755	0.9975720496103246	5.029250194910073e-05
1224	0.9981833256873439	0.997903184269504	-0.00028014141783994084
1225	0.9998354890999495	0.9998125941721788	-2.2894927770633622e-05
1226	0.998295869979472	0.9982863509772789	-9.519002193036918e-06
1227	0.9983479297322065	0.9983323467339538	-1.5582998252772207e-05
1228	0.9999207550095695	0.99984127344713	-7.948156243942073e-05
1229	0.9999358149704336	0.9998681856784093	-6.762929202430712e-05
1230	0.9980653437774298	0.9979053888579353	-0.00015995491949449825
1231	nan	nan	nan
1232	0.9971310735747548	0.9969196556558042	-0.00021141791895062934
1233	0.9972043906577107	0.9973623410175212	0.000157950359810477
1234	0.9990112826615959	0.9989116256901795	-9.965697141633978e-05
1235	0.9990654207129618	0.9991212436483774	5.5822935415617e-05
1236	0.9982233907046736	0.9982369085776828	1.351787300918339e-05
1237	0.9982142525422595	0.9982271339327223	1.2881390462848863e-05
1238	0.9997787361692291	0.9996587107706051	-0.00012002539862399075
1239	0.9967369356908952	0.9966388259410153	-9.810974987989329e-05
1240	0.9999430333347646	0.9999721445523191	2.9111217554445012e-05
1241	0.9980771620542144	0.9980790722852357	1.910231021362563e-06
1242	0.9983060263295387	0.9980839315624226	-0.00022209476711609888
1243	0.9988294659941002	0.9987986584535659	-3.0807540534305566e-05
1244	0.9999532495527088	0.999982806617735	2.955706502616451e-05
1245	0.9981855872077614	0.9981834070390704	-2.180168691023887e-06
1246	0.9999365002247805	0.9998648212195757	-7.167900520488324e-05
1247	0.998063943058392	0.9981742159892361	0.00011027293084409084
1248	0.9998987964363368	0.9998612107193959	-3.758571694090218e-05
1249	0.9998839711708881	0.9998344434906705	-4.9527680217598125e-05
1250	0.9990940586960161	0.9991111953626935	1.7136666677464163e-05
1251	0.9982653710535064	0.9982232718151263	-4.2099238380166604e-05
1252	0.9990499710222686	0.9988107114300905	-0.00023925959217807602
1253	0.9998362148506523	0.9998259063752286	-1.0308475423714825e-05
1254	0.9974902810721858	0.9975175602597188	2.727918753298031e-05
1255	0.9990286649115105	0.9989652355645416	-6.342934696890179e-05
1256	0.9998910333791168	0.9998372407860405	-5.379259307625173e-05
1257	0.9991174753487059	0.9990026568508418	-0.00011481849786409981
1258	0.999969246302255	0.9999737754327338	4.529130478769794e-06
1259	0.9990298737800095	0.9990540198291151	2.4146049105611134e-05
1260	0.9999680677689231	0.9999755183261763	7.450557253152468e-06
1261	0.9970765842850963	0.9972033567815383	0.00012677249644199584
1262	0.999927891025399	0.9998528515811276	-7.503944427145193e-05
1263	0.9998913067510576	0.9998256114235532	-6.569532750444473e-05
1264	0.9983563307864134	0.9983395903586352	-1.6740427778216826e-05
1265	nan	nan	nan
1266	0.9971317461721857	0.9971754517553356	4.3705583149922234e-05
1267	0.9983859468336854	0.9983108396279657	-7.510720571968221e-05
1268	0.9991581965402849	0.9991622166853733	4.020145088379223e-06
1269	0.999796922092058	0.9999024390347752	0.0001055169427172098
1270	0.9998196964863438	0.999806330679878	-1.3365806465825969e-05
1271	0.9970411566887337	0.9970853956052225	4.4238916488748004e-05
1272	0.9986620446974607	0.9985500473106317	-0.00011199738682898808
1273	0.9990314458154309	0.9990300085705937	-1.4372448372546032e-06
1274	0.9980729672362966	0.9981994396879093	0.00012647245161268028
1275	0.9999037130967388	0.9998507156884843	-5.2997408254484846e-05
1276	0.9977840018488447	0.997866695691738	8.269384289327775e-05
1277	0.998083634002502	0.9981089049334073	2.5270930905318956e-05
1278	0.9978713292462159	0.997864196466416	-7.1327797999121145e-06
1279	0.9999834541765256	0.9999893862352945	5.932058768975956e-06
1280	0.998149575650886	0.9983002435649952	0.00015066791410922598
1281	0.9998814186881407	0.9998270554908473	-5.436319729346106e-05
1282	0.9999661989772741	0.9999771683639529	1.0969386678771897e-05
1283	0.99665944436726	0.9968031675854979	0.00014372321823796774
1284	0.9998133602680529	0.9997977367064106	-1.562356164230838e-05
1285	0.9998771028902845	0.9997474566503451	-0.00012964623993938496
1286	0.9976937540217933	0.9975101582303527	-0.0001835957914405606
1287	0.9989761453640525	0.9989167175609451	-5.942780310741469e-05
1288	0.9976210862275037	0.9977610178805348	0.00013993165303116673
1289	0.9992247899175378	0.9992221022846207	-2.6876329171088287e-06
1290	0.9997639072016886	0.9995592407711177	-0.00020466643057093226
1291	0.9981266165390802	0.998222915631197	9.629909211683607e-05
1292	0.9980126942327484	0.9979142303239065	-9.846390884193923e-05
1293	0.9971458709088111	0.9972010086206803	5.513771186915761e-05
1294	0.9983321547797094	0.9982061403349919	-0.00012601444471749268
1295	0.9998659478577073	0.9999472399358901	8.129207818274864e-05
1296	0.9988712624907594	0.9987881074150923	-8.315507566714064e-05
1297	0.9981117185795969	0.9981846318524656	7.291327286873539e-05
1298	nan	nan	nan
1299	0.999060366572527	0.9989552761201295	-0.00010509045239748271
1300	0.9998971933821145	0.9998482418717026	-4.89515104118432e-05
1301	0.9983243464825041	0.998323661058832	-6.854236721531848e-07
1302	0.9999010088647351	0.9999615307548307	6.0521890095643904e-05
1303	0.9972151969332816	0.9973229917395016	0.00010779480621991855
1304	0.9998284588731053	0.9999277479600555	9.928908695011618e-05
1305	0.9974181241700919	0.9974138227980972	-4.301371994697156e-06
1306	0.999929776441263	0.9998583977608865	-7.137868037654371e-05
1307	0.9988770012046786	0.9990601205276002	0.00018311932292158772
1308	0.9979306970044163	0.9981182584602315	0.00018756145581522166
1309	0.99825216771483	0.9981030027555139	-0.00014916495931616147
1310	0.9981073792116555	0.9981090187306477	1.6395189922358e-06
1311	0.9998988239690101	0.99985553624771	-4.32877213001337e-05
1312	0.9991244931724284	0.9990660338610288	-5.845931139958349e-05
1313	0.9999997596969884	0.9999999723169332	2.1261994476162727e-07
1314	0.999019610353131	0.9991503893386847	0.00013077898555369227
1315	0.9999231657724897	0.9999720629711024	4.889719861267405e-05
1316	0.9997905695910687	0.9995845919909916	-0.00020597760007712296
1317	0.9981309671169595	0.9981083313654305	-2.263575152894326e-05
1318	0.9981213850949284	0.9980371012211782	-8.428387375025714e-05
1319	0.999925256520495	0.9998551756339319	-7.008088656312861e-05
1320	0.9990888351988959	0.9991966735036218	0.00010783830472593792
1321	0.9979175649184365	0.9978114270572371	-0.00010613786119939572
1322	0.9982855322804913	0.9983000505529916	1.4518272500319007e-05
1323	0.9990194529594635	0.9991609131521909	0.00014146019272742727
1324	0.9997541414985635	0.999442684510996	-0.0003114569875674045
1325	0.9982041624364064	0.9982465319898902	4.236955348380089e-05
1326	0.9990019813294481	0.998917746643056	-8.423468639207066e-05
1327	0.9989405386491917	0.9987207191790042	-0.00021981947018756554
1328	0.9988722989475053	0.9987939653357394	-7.83336117659017e-05
1329	0.9999341153880607	0.999855425376155	-7.869001190563552e-05
1330	0.9959924459732555	0.9960196014742537	2.715550099818831e-05
1331	0.9999013608358643	0.9998332700358314	-6.809080003289392e-05
1332	0.9990177160338375	0.999098364472959	8.06484391214779e-05
1333	0.9972569182858165	0.9972941555553587	3.7237269542189644e-05
1334	0.9990633705254204	0.99913066566715	6.729514172965079e-05
1335	0.9991182724755416	0.9991383512884254	2.007881288379476e-05
1336	0.9966521309131855	0.9968689969012254	0.00021686598803993817
1337	0.9999030245238753	0.9998350931665636	-6.793135731164579e-05
1338	0.9966571097305648	0.996818562656496	0.00016145292593128246
1339	0.9997710931807802	0.9995856595269189	-0.00018543365386125554
1340	0.9998788366815987	0.9999548409131793	7.600423158060643e-05
1341	nan	nan	nan
1342	0.9981898009865964	0.9983557732448255	0.00016597225822911899
1343	0.9968039994791091	0.9968248660902747	2.086661116551536e-05
1344	0.9998427688999402	0.9998187337038119	-2.4035196128258107e-05
1345	0.9998142750527851	0.9996822568648737	-0.00013201818791142017
1346	0.9998365562692696	0.9997287001582457	-0.00010785611102392956
1347	0.9989929523935323	0.9989762425180327	-1.6709875499509863e-05
1348	0.9997616354370245	0.9995440114213465	-0.00021762401567793077
1349	0.999929359933537	0.9999697251054999	4.0365171962819524e-05
1350	0.9981973079493012	0.9981255637714002	-7.174417790101195e-05
1351	0.9999225718658137	0.9999658858385851	4.331397277146376e-05
1352	0.9989627772844014	0.9990695146089624	0.00010673732456101259
1353	0.9981791620424785	0.9980891470414478	-9.001500103067439e-05
1354	0.9998636474242831	0.9998173136643872	-4.633375989593347e-05
1355	0.9972209599041746	0.9971668083409215	-5.415156325305759e-05
1356	0.9991532946808946	0.9991466273801002	-6.667300794460651e-06
1357	0.9990017978989713	0.9990737206011575	7.192270218625563e-05
1358	0.9999700071736065	0.9999797240178363	9.716844229790134e-06
1359	0.9999318882144772	0.9999579536977509	2.606548327366287e-05
1360	0.999988045663938	0.9999898891752531	1.8435113151582527e-06
1361	0.99917746068324	0.9991321567980415	-4.530388519852213e-05
1362	0.99988277135902	0.999935749879996	5.297852097596589e-05
1363	0.9990527750733571	0.9990537825988721	1.0075255150177043e-06
1364	0.9973592073129576	0.9972589329356506	-0.00010027437730697475
1365	0.999958685702859	0.9999680623070976	9.376604238608977e-06
1366	0.9990628970157748	0.9990864300680612	2.3533052286417444e-05
1367	0.9990980817622588	0.9990833729499352	-1.4708812323571685e-05
1368	0.9990378949314275	0.9990425404610452	4.645529617763877e-06
1369	0.9997889326927457	0.9996940309155	-9.490177724569282e-05
1370	0.9991119182237054	0.9990443553560898	-6.756286761555597e-05
1371	0.998869455308994	0.9986989353015399	-0.00017052000745410023
1372	0.9989930635691169	0.9990626238488828	6.956027976590118e-05
1373	0.9998882467659511	0.9998445365771328	-4.371018881832445e-05
1374	0.9998789121735289	0.999717464104142	-0.0001614480693868936
1375	0.9990232185584699	0.999066464499832	4.324594136217996e-05
1376	0.9999244691104934	0.9999682686127405	4.3799502247088284e-05
1377	0.9990810134837594	0.9989889315248287	-9.208195893073423e-05
1378	0.9990221840532789	0.999188878026491	0.00016669397321211754
1379	0.9999422092398156	0.9999734860909703	3.127685115467127e-05
1380	0.9999153851741897	0.9998451755887575	-7.020958543213496e-05
1381	0.9998907447619636	0.9998454634130381	-4.5281348925452214e-05
1382	0.9998768834559197	0.9997425528860454	-0.00013433056987433023
1383	0.9990279019271335	0.9991430021831635	0.00011510025603000962
1384	0.9998287705489103	0.9996726279671436	-0.00015614258176666063
1385	0.9990142754935062	0.9990077523649846	-6.523128521562782e-06
1386	0.9972159892006579	0.9971901407803924	-2.5848420265539573e-05
1387	0.9982919841715646	0.9982000657906607	-9.191838090394366e-05
1388	0.9998404004442152	0.9998110948365272	-2.930560768799051e-05
1389	0.9989516572185021	0.9989835124024667	3.185518396464637e-05
1390	0.997146652566275	0.9971402161433692	-6.436422905764516e-06
1391	0.9999419646668644	0.9998725981338936	-6.936653297073825e-05
1392	0.9990624580868854	0.99910202690342	3.956881653455202e-05
1393	0.999013106008676	0.9989707550626443	-4.2350946031666226e-05
1394	0.9982842707694451	0.9980512130247892	-0.0002330577446559845
1395	0.9998604436441402	0.9998353972153925	-2.504642874767704e-05
1396	0.9998056242457958	0.9995812792186403	-0.00022434502715551474
1397	0.9979649277314648	0.9978798649079288	-8.506282353604178e-05
1398	0.9998661533503279	0.9998292573357666	-3.68960145613606e-05
1399	0.9991165050057412	0.9990339917805519	-8.251322518937343e-05
1400	0.9992341560040078	0.9991797873087358	-5.436869527197796e-05
1401	0.9999997535347207	0.9999999536671837	2.001324630462875e-07
1402	0.9997861951252474	0.9995787340874522	-0.00020746103779512026
1403	0.996620609517813	0.9965734161765746	-4.719334123837182e-05
1404	0.9989609753765495	0.999027065353689	6.608997713952736e-05
1405	0.999145686829595	0.9991526939150868	7.007085491728127e-06
1406	0.9989009652716685	0.9988862719884789	-1.4693283189592954e-05
1407	0.9996786728935759	0.9994396605663671	-0.0002390123272087985
1408	0.9988273646025602	0.9986933689313857	-0.00013399567117444722
1409	0.9998822957628466	0.9998360674424848	-4.622832036182967e-05
1410	0.9998781651071393	0.99983375329867	-4.4411808469368985e-05
1411	0.9991072846737822	0.9991523486282028	4.506395442060995e-05
1412	0.998893214333809	0.9989825753962952	8.936106248624842e-05
1413	0.9999260446130432	0.9999644509238079	3.8406310764682594e-05
1414	0.9982449847416224	0.9979944708183593	-0.00025051392326302935
1415	0.9998978688496882	0.9998494234757701	-4.8445373918126755e-05
1416	0.9990029230657804	0.9991040334244669	0.00010111035868642926
1417	0.996506165773676	0.9965496243243823	4.3458550706310106e-05
1418	0.998997232171257	0.9991402499645478	0.00014301779329073394
1419	0.9982195508461991	0.9980435653156544	-0.00017598553054465338
1420	0.9998880723384692	0.9999493536403211	6.128130185190095e-05
1421	0.9999602190825471	0.9999825262243611	2.2307141814059683e-05
1422	0.9999647484026113	0.9999838397508705	1.909134825917036e-05
1423	0.9979431572735832	0.9979124689999691	-3.068827361407678e-05
1424	0.9998321743477979	0.9998148797342977	-1.729461350019612e-05
1425	0.998301613888163	0.9984270073475743	0.00012539345941131597
1426	0.9974340642332081	0.9973499186792595	-8.414555394864465e-05
1427	0.9998654050277601	0.9998373331612872	-2.807186647291182e-05
1428	0.9966829177175929	0.9967563458466968	7.342812910393626e-05
1429	0.9990634213675845	0.9989709815205258	-9.243984705875619e-05
1430	0.9989142354885608	0.9986670635576157	-0.0002471719309451448
1431	0.9989551271984383	0.9990426282974735	8.75010990352143e-05
1432	0.9984769736731564	0.9985720303104191	9.505663726272484e-05
1433	0.9999613025924523	0.999983338530057	2.2035937604747424e-05
1434	0.9974097599541069	0.997398765892114	-1.0994061992897208e-05
1435	0.9991607925311299	0.9991431638517849	-1.762867934496093e-05
1436	0.9981311663025205	0.9983124184091655	0.00018125210664499125
1437	0.9997690153327363	0.99968647640731	-8.253892542631203e-05
1438	0.9999377151047496	0.9998613741687434	-7.634093600616954e-05
1439	0.9990811223721863	0.9991056616855747	2.4539313388416417e-05
1440	0.9982966227983162	0.9983959098344101	9.928703609385359e-05
1441	0.999832701289835	0.9999184175318531	8.571624201803019e-05
1442	0.9999024129421968	0.999836777292734	-6.563564946282519e-05
1443	0.9991336725081612	0.9990703276630546	-6.334484510661653e-05
1444	0.9992082506588967	0.9992097262276916	1.4755687948175833e-06
1445	0.9981171662467825	0.9981788320314455	6.166578466304529e-05
1446	0.9999541254742301	0.9999669992474871	1.2873773256982801e-05
1447	0.9989342056875918	0.9988567334164747	-7.747227111709609e-05
1448	0.9982091717110204	0.9982159759178422	6.804206821753311e-06
1449	0.9989433702519568	0.998913521797032	-2.9848454924819023e-05
1450	0.9990602051935139	0.9989568669788653	-0.00010333821464858506
1451	0.9999844726312461	0.9999894413870054	4.968755759282573e-06
1452	0.9999261597367496	0.9998650266448825	-6.113309186706051e-05
1453	0.9981130286324884	0.9977690237119723	-0.00034400492051611664
1454	0.9990081379011462	0.9989621315480427	-4.6006353103478226e-05
1455	0.9989927524049301	0.9988343139407018	-0.00015843846422836094
1456	0.9989230606081602	0.9988992053683444	-2.3855239815739893e-05
1457	0.9984281235843132	0.9984774008986868	4.9277314373541437e-05
1458	0.9981348527195189	0.9980540627135451	-8.079000597371877e-05
1459	0.9981479077960208	0.9980424374763042	-0.00010547031971663845
1460	0.9982237445036931	0.9982470390983776	2.3294594684530878e-05
1461	0.9989773324149173	0.998788636646013	-0.00018869576890423456
1462	0.9990734501219176	0.9990078000670959	-6.565005482173092e-05
1463	0.9998462333244132	0.9996845011783616	-0.00016173214605164077
1464	0.9998155116980194	0.9996932134223525	-0.00012229827566689888
1465	0.999827755140014	0.9997950772362517	-3.26779037622682e-05
1466	0.9998791716286793	0.99983956061085	-3.9611017829344064e-05
1467	0.9977519016266176	0.9978365118069707	8.46101803531063e-05
1468	0.9982625748906335	0.9983272906347347	6.471574410116254e-05
1469	0.9999017151852925	0.9998567240072468	-4.499117804568353e-05
1470	0.9980639439332495	0.9980685320337551	4.5881005056314095e-06
1471	0.9991765453918535	0.999134062940816	-4.2482451037550994e-05
1472	0.9989976149380944	0.9988747112784874	-0.00012290365960698768
1473	0.9998432944467952	0.9999299761980248	8.668175122961141e-05
1474	0.9991509685211819	0.9991730656042579	2.2097083075989232e-05
1475	0.9982913899829641	0.9984444664738343	0.0001530764908702631
1476	0.9987055029613701	0.9987875099546092	8.200699323912541e-05
1477	0.9983570107261166	0.9983775661759831	2.0555449866455078e-05
1478	0.9999587848955043	0.9999843474320718	2.5562536567491634e-05
1479	0.9960168730084199	0.9960740701938927	5.7197185472812606e-05
1480	0.99909894413924	0.9990639719372488	-3.497220199122353e-05
1481	0.9999143317492235	0.9999691433853698	5.4811636146290255e-05
1482	0.9983152666661561	0.9983448830620986	2.9616395942455576e-05
1483	0.9990499217642019	0.9990799241204324	3.00023562305185e-05
1484	0.9989526577518232	0.9986718132253456	-0.00028084452647758607
1485	0.9981326274494773	0.9981865632617485	5.39358122711997e-05
1486	0.9998817118508344	0.9999463032134992	6.459136266478982e-05
1487	0.9999601584974714	0.9999841055707308	2.394707325936718e-05
1488	0.99803112047728	0.9980048902919572	-2.6230185322884125e-05
1489	0.9991103638856769	0.9991765228362818	6.615895060491095e-05
1490	0.9990307260372718	0.9990556963949921	2.4970357720310865e-05
1491	0.9999079899593194	0.999841015830035	-6.697412928435842e-05
1492	0.9999579482402805	0.999986428758274	2.848051799353435e-05
1493	0.9992441236986197	0.9992655591006493	2.1435402029590378e-05
1494	0.9981559263493719	0.9983871141322717	0.0002311877828997666
1495	0.9991051001502972	0.9991911824556164	8.60823053192572e-05
1496	0.9990129232543724	0.9988531250147414	-0.0001597982396309705
1497	nan	nan	nan
1498	0.9998928129503275	0.9999354702170451	4.2657266717593956e-05
1499	0.997465764815669	0.9972841809752366	-0.00018158384043232
1500	0.9969726645182115	0.9971236583615865	0.00015099384337491362
1501	0.9983019761416961	0.9981823701997407	-0.00011960594195548069
1502	0.9975436783043397	0.9975820299043009	3.835159996123938e-05
1503	0.999962187268501	0.9999878646442157	2.5677375714794337e-05
1504	0.9983093054022358	0.998327493966589	1.8188564353205372e-05
1505	0.9984831487629784	0.998529276677277	4.61279142985882e-05
1506	0.9982177295063153	0.9984157541204873	0.0001980246141720654
1507	0.9982018865267024	0.9983585528576997	0.00015666633099731264
1508	0.9990267895307673	0.9988227640859251	-0.0002040254448422152
1509	0.9999145296728926	0.9999621391826389	4.760950974624922e-05
1510	0.9987762446587282	0.9987573973570755	-1.884730165269133e-05
1511	0.9982342657369305	0.9982834447164405	4.91789795099562e-05
1512	0.9970874424733824	0.9969869946928216	-0.00010044778056084169
1513	0.9988796572573079	0.9989275165723083	4.7859315000398084e-05
1514	0.9997661202108594	0.9996835764827469	-8.254372811256072e-05
1515	0.9998593810161107	0.9998346638729725	-2.4717143138230924e-05
1516	0.9998270637128366	0.999717265514579	-0.00010979819825762682
1517	0.9990353665083672	0.9989947634814903	-4.0603026876917525e-05
1518	0.9990043146635044	0.9988526229019867	-0.00015169176151763608
1519	0.9999045711435958	0.9999621441870877	5.757304349196524e-05
1520	0.9978582412257734	0.9978817845865725	2.3543360799127555e-05
1521	0.9991310902430025	0.9990850058274394	-4.6084415563085734e-05
1522	0.9991225811071794	0.9991056501703234	-1.6930936856063283e-05
1523	0.9991782097243346	0.9991624035973703	-1.580612696427952e-05
1524	0.9989994173814497	0.9988918865866465	-0.00010753079480319006
1525	0.9989771116772972	0.999017984333294	4.087265599683754e-05
1526	0.9990613415283011	0.9990268641376961	-3.4477390604914504e-05
1527	0.9980981085710373	0.9979816736170009	-0.00011643495403645954
1528	0.9999382373685671	0.9998559775207982	-8.225984776888406e-05
1529	0.9990584700540979	0.9990485023381387	-9.967715959180445e-06
1530	0.9990460664604038	0.9991211750807442	7.510862034032506e-05
1531	0.9998547784084489	0.9999375089624707	8.273055402174823e-05
1532	0.9998104897268352	0.9996700846515805	-0.00014040507525470147
1533	0.999986784444297	0.9999880977351863	1.3132908892599104e-06
1534	0.9998388599769479	0.9998157169458659	-2.3143031081973575e-05
1535	0.9955749672113904	0.9952337194113329	-0.0003412478000575092
1536	0.9990489542425696	0.9990419451016899	-7.009140879699061e-06
1537	0.9991168449286011	0.9990554592938035	-6.138563479762826e-05
1538	0.9991381134161341	0.9991052295729967	-3.28838431373768e-05
1539	0.9998980598794193	0.9998563465996161	-4.1713279803179404e-05
1540	0.9990057770043456	0.9988233037628534	-0.0001824732414921204
1541	0.9988914054455108	0.9987010008919462	-0.00019040455356456043
1542	0.998312666589874	0.9983424298420839	2.9763252209824564e-05
1543	0.9999989425367998	0.9999998831195765	9.40582776776111e-07
1544	0.9999014479870301	0.999844516618959	-5.693136807105592e-05
1545	0.9998986137848287	0.9998533101812058	-4.530360362287045e-05
1546	0.999935486888562	0.9998530349852687	-8.245190329336793e-05
1547	0.9999433787619478	0.9999728335811637	2.945481921590165e-05
1548	0.9989420284260879	0.9988807722555055	-6.125617058239108e-05
1549	0.9982587351786333	0.9981842442026191	-7.449097601419652e-05
1550	0.9991373794251956	0.9991201592359519	-1.7220189243771777e-05
1551	0.9990170457534179	0.9989020368920145	-0.00011500886140336508
1552	0.9999822053193481	0.9999890597896272	6.854470279038516e-06
1553	0.9999645769125133	0.9999762022767434	1.162536423016114e-05
1554	0.9990199874862381	0.9989905524935861	-2.9434992651955483e-05
1555	0.999164735650029	0.9990267628129421	-0.0001379728370868305
1556	0.9999381414907818	0.9998542584208224	-8.388306995932293e-05
1557	0.9981451062401511	0.9979777039340437	-0.00016740230610734486
1558	0.9982844438911944	0.9983639835657165	7.953967452212218e-05
1559	0.9980521519014315	0.9981841146286814	0.00013196272724991243
1560	0.99985398472516	0.9997086084355382	-0.00014537628962174587
1561	0.9988943452988883	0.9989718171300924	7.747183120410117e-05
1562	0.9999640513176996	0.9999869676187391	2.2916301039455078e-05
1563	0.9998561810295717	0.9998162062169808	-3.997481259099267e-05
1564	0.9979687702422173	0.9980068690506786	3.809880846128433e-05
1565	0.9998749312524378	0.9998512836874455	-2.3647564992290704e-05
1566	0.9997570991567991	0.9995414406275078	-0.00021565852929128493
1567	0.9999472485701635	0.9999775971109183	3.0348540754787656e-05
1568	0.998897314929396	0.99875325597043	-0.00014405895896607568
1569	0.9982339884537307	0.9981470095698401	-8.697888389053166e-05
1570	0.9998692370840274	0.9998156986327281	-5.353845129929535e-05
1571	0.9998088119726367	0.9996690196361746	-0.00013979233646210787
1572	0.9980629949137946	0.9980013871408149	-6.160777297969933e-05
1573	0.9990440765671325	0.9992040928365544	0.00016001626942196978
1574	0.9991298288048791	0.9991380346806339	8.205875754785374e-06
1575	0.9991255659520006	0.9990559766997	-6.958925230060586e-05
1576	0.9984012194917018	0.9985228966047622	0.0001216771130604366
1577	0.9990059648194102	0.9990264257762478	2.0460956837609068e-05
1578	0.9990178676537131	0.9990014285084287	-1.6439145284485868e-05
1579	0.9990436730369677	0.9988800576775556	-0.00016361535941211702
1580	0.9987897263643255	0.9986249563136744	-0.0001647700506510752
1581	0.998952719763029	0.9989862621960452	3.35424330162315e-05
1582	0.9991209844727593	0.9991407457177974	1.9761245038107944e-05
1583	0.9980927498372493	0.9979550860882623	-0.00013766374898693812
1584	0.9989609737232258	0.9990067313626327	4.5757639406951434e-05
1585	0.9998390357174896	0.9996817294053285	-0.00015730631216104296
1586	0.9999996871376465	0.9999999720386024	2.849009558270055e-07
1587	0.9990617536756056	0.9990465599716208	-1.5193703984728302e-05
1588	0.9974112763843677	0.9973073031623292	-0.00010397322203847814
1589	0.9991458554965488	0.9991958244063046	4.9968909755837565e-05
1590	0.9976932593167311	0.9975588082086084	-0.00013445110812271288
1591	0.9990239510038261	0.9989137614817085	-0.00011018952211760968
1592	0.9982358379355737	0.9981057221823747	-0.00013011575319898938
1593	0.9999111864254969	0.999838019503774	-7.316692172287809e-05
1594	0.9999570791791215	0.9999849621177906	2.7882938669177015e-05
1595	0.999916634454388	0.999970137837463	5.3503383074970934e-05
1596	0.9980648846258452	0.9978600548106703	-0.00020482981517488952
1597	0.9980004295299443	0.9978528437961471	-0.0001475857337971398
1598	0.9990785173263109	0.9990795501417631	1.0328154521621613e-06
1599	0.999075514955999	0.9989841147240643	-9.14002319346574e-05
1600	0.9999075089693413	0.9999488942166186	4.138524727725912e-05
1601	0.9998578486043785	0.9998334391803195	-2.440942405901314e-05
1602	0.998205823772377	0.9980234854796479	-0.00018233829272906732
1603	0.9990169031629531	0.9989226787818662	-9.422438108686038e-05
1604	0.9980899305179377	0.997991638694065	-9.829182387266489e-05
1605	0.9982429638987386	0.9982244183417488	-1.8545556989768563e-05
1606	0.9991030538210328	0.9990663745971958	-3.6679223836988406e-05
1607	0.998422059989208	0.9983099054924628	-0.00011215449674517597
1608	0.9999357731020778	0.9999659312975663	3.0158195488461104e-05
1609	0.9999184251476744	0.9999666168043391	4.8191656664697824e-05
1610	0.9998404173838996	0.999738478216315	-0.00010193916758460819
1611	0.9989877994071024	0.9990600887021993	7.228929509695003e-05
1612	0.9991240622207133	0.9990920133860772	-3.2048834636033696e-05
1613	0.9999480523315725	0.9999756339587137	2.7581627141226583e-05
1614	0.9999638980885817	0.9999842442854473	2.034619686563932e-05
1615	0.9973267897877315	0.9972801984987367	-4.6591288994757285e-05
1616	0.9997992369094783	0.9995820843752624	-0.00021715253421583647
1617	0.9989181499645939	0.9989074902461651	-1.0659718428840392e-05
1618	0.9998703903384119	0.9998244122012592	-4.5978137152680176e-05
1619	0.9991337097761458	0.998966870007869	-0.00016683976827680524
1620	0.9991449920733113	0.999125093168758	-1.9898904553339314e-05
1621	0.9982264782799714	0.998241881516103	1.5403236131694698e-05
1622	0.9972052453494238	0.9974597623398525	0.00025451699042866593
1623	0.9997992004085487	0.9996758949847061	-0.00012330542384264565
1624	0.998240166056538	0.9982283266686967	-1.1839387841328097e-05
1625	0.9991009171714049	0.9991889508804167	8.803370901178109e-05
1626	0.9999243459096442	0.999971185304573	4.683939492877709e-05
1627	0.9990068040722856	0.9991785587802522	0.0001717547079665982
1628	0.999943701098506	0.9999734181922363	2.971709373023046e-05
1629	0.9990807574281909	0.9990325896832787	-4.816774491223086e-05
1630	0.998997455605416	0.9988280023917723	-0.00016945321364369992
1631	0.9983642760603088	0.998562203476231	0.00019792741592228325
1632	0.9988978329679281	0.9987020005369066	-0.00019583243102150316
1633	0.9973599268925937	0.997359929601164	2.7085703679929907e-09
1634	0.9999203561935126	0.9999697238925859	4.93676990732661e-05
1635	0.9979048099975089	0.9981234380423365	0.0002186280448276401
1636	0.9999635663521292	0.9999838079230965	2.0241570967249878e-05
1637	0.9999090755967966	0.9998399685769788	-6.910701981788225e-05
1638	0.9991045071970511	0.9990311285921807	-7.337860487044434e-05
1639	0.9983178949332888	0.9983596962054141	4.1801272125274735e-05
1640	0.9981533795123975	0.9982466350893937	9.325557699624287e-05
1641	0.9998794473141406	0.9997184661765381	-0.00016098113760243393
1642	0.9972820423353383	0.9971962386380668	-8.580369727151371e-05
1643	0.998965715878566	0.9989838768263356	1.8160947769629843e-05
1644	0.9979775638080858	0.9979446818230874	-3.288198499840078e-05
1645	0.9998226844615016	0.9998063953056967	-1.628915580487167e-05
1646	0.9990414642572332	0.9990800617368039	3.859747957069004e-05
1647	0.999919149897465	0.9999579266989731	3.8776801508100256e-05
1648	0.9981706616820026	0.9980692662923072	-0.0001013953896954467
1649	0.9981979708998576	0.9981220593015218	-7.591159833586492e-05
1650	0.9992003888117235	0.9992414207458045	4.103193408100392e-05
1651	0.9982169510293353	0.998329754343072	0.00011280331373675345
1652	0.9983734179699564	0.9985266145150646	0.00015319654510825842
1653	0.9991282957056278	0.9991121170305818	-1.6178675045996904e-05
1654	0.9989243630898011	0.9987348687806361	-0.00018949430916503918
1655	0.9998755722381305	0.9998287739145011	-4.6798323629415606e-05
1656	0.9990516861269343	0.9988964516447234	-0.00015523448221088643
1657	0.9982512998473624	0.9982899616674218	3.866182005940466e-05
1658	0.999868843185593	0.9999382299348037	6.93867492107536e-05
1659	0.9990996552166219	0.9992079637279991	0.00010830851137721975
1660	0.9989467750809102	0.998983886693475	3.711161256481077e-05
1661	0.9990031916945153	0.9989982351130858	-4.956581429516049e-06
1662	0.9998507282084053	0.9998303136473844	-2.041456102086503e-05
1663	0.9990643499711569	0.99920880231557	0.00014445234441307075
1664	0.9991406548322492	0.9991527356703622	1.208083811299332e-05
1665	0.9999535743510444	0.9999831688425086	2.9594491464224326e-05
1666	0.9991499174514444	0.9990992970241127	-5.062042733172678e-05
1667	0.999065360470748	0.9991290194408755	6.365897012750033e-05
1668	0.9991126809895806	0.9991948873288237	8.220633924305165e-05
1669	0.9998446221449562	0.9998177058960254	-2.691624893080835e-05
1670	0.9990843926849701	0.9989451012534698	-0.0001392914315002658
1671	0.9981973148309309	0.9980268930350629	-0.00017042179586801431
1672	0.9990908034346752	0.9991528247077509	6.202127307575189e-05
1673	nan	nan	nan
1674	0.9997605318501983	0.9996632883865212	-9.724346367712133e-05
1675	0.9998513341735679	0.9998246524106591	-2.668176290876456e-05
1676	0.999157300989783	0.9991213679761476	-3.593301363535861e-05
1677	0.9990840121387281	0.9991434423632897	5.9430224561562994e-05
1678	0.9973886342037662	0.9969972985182622	-0.00039133568550397957
1679	0.9990791398323531	0.9991483800416011	6.924020924803376e-05
1680	0.9967916739595393	0.9964303208083887	-0.00036135315115060074
1681	0.9998849415211087	0.9998419373081168	-4.300421299197055e-05
1682	0.9999688434435677	0.9999813429065215	1.2499462953785567e-05
1683	0.9998844437849445	0.9999495628228047	6.511903786021733e-05
1684	0.9990596249383734	0.9988331345236606	-0.00022649041471278775
1685	0.9991534534308979	0.9989707804990985	-0.00018267293179941024
1686	0.9999672534830706	0.999978380580024	1.1127096953389426e-05
1687	0.9998752317175714	0.9998241318352004	-5.1099882371064e-05
1688	0.999921077608825	0.9998510543197152	-7.00232891097663e-05
1689	0.999072623110725	0.9991069044618488	3.428135112382158e-05
1690	0.998916524409967	0.9989116774352027	-4.846974764327605e-06
1691	0.9990877067162877	0.9990631450776142	-2.456163867348149e-05
1692	0.9996795631387724	0.9994444275546022	-0.00023513558417020963
1693	0.9999997319926649	0.9999999738023644	2.418096994860619e-07
1694	0.9975571916376965	0.997640778700404	8.358706270750194e-05
1695	0.9982159745975412	0.9980537720937631	-0.000162202503778075
1696	0.9991765435804383	0.9992112773602465	3.4733779808227006e-05
1697	0.9999057374887045	0.9999593430520054	5.3605563300918035e-05
1698	0.9998912395870083	0.9999341040836219	4.286449661361491e-05
1699	0.9989855245896577	0.9988901583741359	-9.536621552186375e-05
1700	0.999800410783502	0.9996699716046616	-0.00013043917884036915
1701	0.9990049403626569	0.9990828991610199	7.795879836303143e-05
1702	0.998270289802966	0.9983468189085872	7.652910562128135e-05
1703	0.9975272211329197	0.997474135650923	-5.308548199667307e-05
1704	0.99823147089997	0.9980937618269735	-0.0001377090729964836
1705	0.9999996033111777	0.99999997667026	3.733590823173927e-07
1706	0.9999010299228482	0.999842119750585	-5.891017226322681e-05
1707	0.9999669670382529	0.9999770530315873	1.0085993334407739e-05
1708	0.9990271431041633	0.998950651940203	-7.649116396024613e-05
1709	0.9989938283724005	0.9989542138852183	-3.9614487182149105e-05
1710	0.9999828972233477	0.9999891219308621	6.224707514435046e-06
1711	0.9999377199477198	0.9998745161758363	-6.320377188351323e-05
1712	0.9991331531306263	0.9991911813511363	5.8028220509931394e-05
1713	0.998200736482643	0.9983375359630466	0.00013679948040368206
1714	0.9999654820082537	0.9999860570128661	2.0575004612388703e-05
1715	0.9999304597380789	0.9998380049180029	-9.245482007602668e-05
1716	0.9999567982724178	0.9999827355067362	2.5937234318429425e-05
1717	0.9998016793920822	0.9997024922781187	-9.918711396350588e-05
1718	0.9980279199668622	0.9980308685835338	2.9486166716052864e-06
1719	0.9999003434315816	0.9998464958902507	-5.38475413309758e-05
1720	0.9999406579900451	0.9999696637094551	2.9005719410002406e-05
1721	0.9974363439064188	0.9973598289215057	-7.651498491312303e-05
1722	0.9969996499331628	0.9971327046221472	0.00013305468898439088
1723	0.9998827828036577	0.9998326185537721	-5.0164249885575884e-05
1724	0.9998888064618284	0.9998319231576787	-5.68833041497685e-05
1725	0.9990739490972539	0.9990028080710326	-7.11410262212997e-05
1726	0.9999370020818454	0.9998572072377293	-7.979484411613225e-05
1727	0.9990119919951199	0.9989719566772353	-4.003531788465686e-05
1728	0.9990967224366225	0.9991022297077925	5.507271169991057e-06
1729	0.9990262110926763	0.9989721725216518	-5.403857102448395e-05
1730	0.9982453088009811	0.9981698621604644	-7.544664051661876e-05
1731	0.999856025091903	0.9997078001509757	-0.00014822494092725513
1732	0.9998225567975141	0.9998056023850265	-1.695441248761309e-05
1733	0.9999502608247987	0.999972298065399	2.203724060034773e-05
1734	0.9997374041074575	0.9996705131123156	-6.689099514189945e-05
1735	0.9998761337859653	0.9999474301397967	7.129635383140709e-05
1736	0.999975439097709	0.9999796575083458	4.218410636802616e-06
1737	0.9991371500334533	0.9990790679587817	-5.808207467161708e-05
1738	0.999924943797629	0.9999665300740409	4.1586276411931244e-05
1739	0.9960097474513835	0.996071184326689	6.143687530546504e-05
1740	0.9980619577078378	0.9981785109693779	0.00011655326154014212
1741	0.9965002844668412	0.9964118716397893	-8.841282705196463e-05
1742	0.9989183375995622	0.9987514792190587	-0.00016685838050345403
1743	0.999235283557486	0.9991855840494682	-4.969950801780865e-05
1744	0.9971476219786239	0.9968837912924746	-0.0002638306861493245
1745	0.9970928171783529	0.9970852826452853	-7.534533067565796e-06
1746	0.9981417451333521	0.9981839244078656	4.217927451355408e-05
1747	0.9990142885125506	0.9990857928142577	7.150430170710376e-05
1748	0.9991363876183194	0.9991273758013925	-9.011816926807192e-06
1749	0.9992064819749649	0.9992193266029592	1.2844627994335056e-05
1750	0.9984456593974822	0.9984375391088111	-8.120288671142895e-06
1751	0.9998852751900932	0.9998455357195595	-3.973947053370619e-05
1752	0.9999592671767795	0.9999824009231656	2.3133746386072573e-05
1753	0.9988727253206747	0.9987294311695001	-0.0001432941511746444
1754	0.9988844490213256	0.9990831279414999	0.0001986789201743333
1755	0.9991630298793337	0.999238056541325	7.502666199132868e-05
1756	0.9999997324920955	0.9999999639059618	2.3141386629177418e-07
1757	0.998312531651731	0.998341012106977	2.8480455246060465e-05
1758	0.9991539282539442	0.9992049168201144	5.098856617014036e-05
1759	0.9989979030378875	0.9991461959131428	0.000148292875255307
1760	0.9988712732607872	0.9986833816835756	-0.00018789157721155192
1761	0.9989559572033643	0.9988930687205284	-6.288848283586557e-05
1762	0.9998576959199152	0.9998303554562452	-2.734046367003362e-05
1763	0.9998450833571405	0.9997117857015712	-0.00013329765556935325
1764	0.9981274792954388	0.9981214165501405	-6.0627452982409125e-06
1765	nan	nan	nan
1766	0.9990505830134047	0.9989790309200355	-7.1552093369176e-05
1767	0.9990722140670103	0.9988742040721548	-0.00019800999485553028
1768	0.9999838293619786	0.9999904001996195	6.570837640884619e-06
1769	0.9982885218707243	0.9982079140010576	-8.060786966668232e-05
1770	0.9999466602358258	0.99997680651133	3.0146275504239206e-05
1771	0.9973706558900257	0.9971013021191212	-0.0002693537709045346
1772	0.9989182081203823	0.9991154207152806	0.00019721259489824394
1773	0.9970615055096697	0.9972234024030713	0.00016189689340162516
1774	0.999101898596292	0.9992296365117453	0.0001277379154533964
1775	0.9981550271716095	0.9981961083770104	4.1081205400916865e-05
1776	0.9999199828584129	0.9998583412723396	-6.164158607324666e-05
1777	0.9999321589969763	0.9998502538178614	-8.190517911488282e-05
1778	0.9979002239280088	0.9979489168074932	4.869287948439105e-05
1779	0.9991433565712069	0.9992157992627027	7.244269149575544e-05
1780	0.9991447967201041	0.9991903193724976	4.552265239343711e-05
1781	0.9975315269918131	0.9973084592540682	-0.00022306773774494193
1782	0.9990008457807592	0.9989170422226774	-8.38035580817964e-05
1783	0.9999529778517131	0.999982793341936	2.9815490222850904e-05
1784	0.998877990343781	0.998949334699395	7.134435561395591e-05
1785	0.9990197317141264	0.9987997994509846	-0.0002199322631417644
1786	0.9981247741352506	0.9981550265877548	3.025245250420916e-05
1787	0.9991559048199549	0.9990445749421464	-0.00011132987780848591
1788	0.9999543483035442	0.999983830750489	2.948244694478408e-05
1789	0.9997360852650806	0.9996551539614289	-8.093130365172119e-05
1790	0.9989615507673614	0.9988469745968925	-0.00011457617046883861
1791	0.9991802208298027	0.9991582708934345	-2.1949936368281797e-05
1792	0.9998201198856772	0.9998159196224294	-4.200263247766678e-06
1793	0.9998337309294463	0.9998185749853915	-1.5155944054767723e-05
1794	0.9980475447179902	0.9979082591947611	-0.00013928552322906018
1795	0.9990534375696325	0.999049975181499	-3.462388133534944e-06
1796	0.9999257770244008	0.9998458152323237	-7.996179207703236e-05
1797	0.9972947219257647	0.9973066596431381	1.1937717373400325e-05
1798	0.9991467884456228	0.9991650490132347	1.8260567611894096e-05
1799	0.9990475758907609	0.9990200769112828	-2.7498979478068897e-05
1800	0.9999996909148583	0.9999999836891241	2.92774265830964e-07
1801	0.9991487469899987	0.9991329392424422	-1.58077475564955e-05
1802	0.998140794644459	0.9981470804419929	6.285797533811532e-06
1803	0.9997620826201644	0.9996548908822858	-0.00010719173787865355
1804	0.9981262867093643	0.9982375869898331	0.0001113002804687957
1805	0.9990918152946028	0.9991538870239083	6.207172930550175e-05
1806	0.9984610713930359	0.9985174763836467	5.6404990610881e-05
1807	0.9999764661517077	0.9999869265645062	1.0460412798507512e-05
1808	0.9970574072501265	0.9968008196262713	-0.00025658762385516454
1809	0.9981632603621208	0.9979517710288727	-0.00021148933324810493
1810	0.9990671982913012	0.9991048308114611	3.763252015986929e-05
1811	0.9997677471386914	0.9996925653856701	-7.518175302134722e-05
1812	0.9999308570712919	0.9998663179271925	-6.453914409942918e-05
1813	0.9982947652556178	0.9983084077866118	1.3642530994006918e-05
1814	0.9998794215409378	0.9998401421326538	-3.927940828396537e-05
1815	0.9989208225162549	0.9990108947322477	9.007221599277582e-05
1816	0.9999620320094594	0.9999862010573942	2.416904793478558e-05
1817	0.9991526396646675	0.9991265168671052	-2.6122797562311284e-05
1818	0.999897048616194	0.9998461601082689	-5.0888507925117565e-05
1819	0.9982247289245744	0.9983767473085795	0.000152018384005137
1820	0.9990739580462583	0.9990330102683229	-4.094777793539617e-05
1821	0.9990111934926751	0.999108951664529	9.775817185386781e-05
1822	0.999964493849146	0.9999859774375619	2.148358841591591e-05
1823	0.9998459015303718	0.9999323806000489	8.647906967707009e-05
1824	0.9979831373077931	0.9980947958251459	0.00011165851735284171
1825	0.9989727218200823	0.998950319648287	-2.240217179538817e-05
1826	0.9991781025276807	0.9992265957043546	4.8493176673880534e-05
1827	0.9974830675843036	0.99714497269898	-0.0003380948853236587
1828	0.998912465396786	0.9989588142889675	4.6348892181469203e-05
1829	0.9990875491997466	0.9990282382801955	-5.931091955113654e-05
1830	0.9989869577616532	0.9988488797508209	-0.00013807801083232096
1831	0.9999997403594293	0.9999999890881127	2.487286834274016e-07
1832	0.9998851823090904	0.9998451134580574	-4.006885103302604e-05
1833	0.9998512949282161	0.9999300221950445	7.872726682833786e-05
1834	0.9990521764712196	0.9991176679496766	6.549147845702485e-05
1835	0.9997910672750565	0.9996724491914559	-0.00011861808360058568
1836	0.9989949964326643	0.9990109060598367	1.5909627172350227e-05
1837	0.9997784050421942	0.9995887011801989	-0.00018970386199523848
1838	0.9998924570783533	0.9998358483085578	-5.6608769795518654e-05
1839	0.998340546860395	0.9982339204192769	-0.00010662644111802955
1840	0.9999862672922141	0.9999906097885047	4.342496290665743e-06
1841	0.9990140360033513	0.9989811558386127	-3.288016473856903e-05
1842	0.9998917829085641	0.999842298794421	-4.948411414307241e-05
1843	0.998077382199199	0.9980306265464686	-4.675565273037918e-05
1844	0.9982100050448052	0.9981506238035638	-5.938124124138522e-05
1845	0.9998761664920184	0.9997269226543052	-0.0001492438377131977
1846	0.9997295884742494	0.9995270708757739	-0.00020251759847556006
1847	0.9991202604926914	0.9991982214187825	7.796092609102523e-05
1848	0.9983692023617117	0.9982422697857577	-0.00012693257595397522
1849	0.9991578570567988	0.999253785669799	9.592861300022903e-05
1850	0.9998704758483774	0.9998152048647829	-5.5270983594479794e-05
1851	0.9999220907135595	0.9998448806442065	-7.721006935301755e-05
1852	0.9974860961476477	0.9975225194307693	3.642328312158938e-05
1853	0.9981021276311945	0.9983282044470863	0.00022607681589170703
1854	0.9999021114848291	0.9998405999056954	-6.151157913369953e-05
1855	0.9982114803238893	0.9980898775045497	-0.0001216028193395946
1856	0.9981468589136951	0.9982338812106628	8.702229696766484e-05
1857	0.9999198185008993	0.9999666038015751	4.6785300675811214e-05
1858	0.9999617631303441	0.9999865906820002	2.482755165611472e-05
1859	0.9980264531853137	0.9978505730080948	-0.00017588017721892335
1860	0.9979584532371322	0.9978457559539793	-0.00011269728315288496
1861	0.999011991927388	0.9988714545432356	-0.00014053738415242822
1862	0.9991590102482233	0.9991808202404819	2.180999225864788e-05
1863	0.999239226076524	0.9991586508953303	-8.057518119375384e-05
1864	0.9989509624090334	0.9988032800325474	-0.00014768237648599136
1865	0.9990995955489219	0.9991298464273376	3.025087841568297e-05
1866	0.9990806804418991	0.9991028243075233	2.2143865624157932e-05
1867	0.9982563099634179	0.9984586224158071	0.00020231245238921947
1868	0.9984275742043358	0.9985366934598049	0.00010911925546908119
1869	0.9990562903802026	0.9990475833357847	-8.707044417910481e-06
1870	0.9998627404688818	0.9997102547639715	-0.0001524857049103323
1871	0.9973376348963817	0.9973608735094908	2.3238613109044515e-05
1872	0.9998511881523326	0.9996913379202701	-0.00015985023206255278
1873	0.9973102844824273	0.9973419076775258	3.162319509852907e-05
1874	0.9999744720631815	0.9999810557521603	6.583688978878399e-06
1875	0.9975445505105657	0.9975468025815546	2.252070988917332e-06
1876	0.9998592159561731	0.9998231237375023	-3.6092218670846776e-05
1877	0.9992171845694061	0.9992460345056293	2.884993622320753e-05
1878	0.9972954770183063	0.9971804812823918	-0.00011499573591455814
1879	0.9997646260645252	0.9996594893909609	-0.00010513667356426559
1880	nan	nan	nan
1881	0.9968990343105342	0.9970165560855707	0.00011752177503654426
1882	0.9989963381259074	0.9990130723434287	1.6734217521352512e-05
1883	0.9989900569087757	0.9989611474621589	-2.890944661682049e-05
1884	0.999958320084258	0.9999833441971802	2.5024112922156228e-05
1885	0.9991737782479405	0.9991934082633552	1.963001541471776e-05
1886	0.9999453732260101	0.9999708442206254	2.5470994615361953e-05
1887	0.9989846892028357	0.9990560518127477	7.136260991202903e-05
1888	0.9999015490737778	0.9999582752568562	5.672618307839272e-05
1889	0.9983012942345294	0.9983347502916908	3.345605716142952e-05
1890	0.9982584906097908	0.9980464027228743	-0.00021208788691651215
1891	0.999750932411261	0.9995266307877133	-0.00022430162354769578
1892	0.9978200480857946	0.9980905188740942	0.0002704707882995594
1893	0.9981277544328898	0.9980217783036835	-0.00010597612920626442
1894	0.9998694299297699	0.9998215042091658	-4.7925720604080624e-05
1895	0.9999403903541482	0.9998624232666036	-7.79670875445948e-05
1896	0.9999596486427716	0.9999831148912631	2.346624849147716e-05
1897	0.9999850779902376	0.9999895474586236	4.469468385948083e-06
1898	0.9983480601961147	0.9983809684292023	3.2908233087658445e-05
1899	0.9991397452145718	0.9990878787757388	-5.186643883303699e-05
1900	0.9972619192300245	0.9971027131482579	-0.00015920608176656081
1901	0.9998623081821171	0.9997082323725462	-0.00015407580957083056
1902	0.998930692314944	0.9987777650269027	-0.00015292728804128242
1903	0.999912207449552	0.9998480758744752	-6.41315750767868e-05
1904	0.999058174421635	0.9990737392704724	1.5564848837357204e-05
1905	0.9982711222564469	0.9981371995409924	-0.00013392271545442647
1906	0.9984349680938558	0.9984533735479603	1.840545410447536e-05
1907	0.9982722608335339	0.9983303173536986	5.805652016466212e-05
1908	0.9999499794638939	0.9999655063021418	1.5526838247903463e-05
1909	0.9989030394752998	0.9988309857935168	-7.205368178297977e-05
1910	nan	nan	nan
1911	0.9998923890427345	0.9998276809176762	-6.470812505832146e-05
1912	0.9990028454637694	0.9989208219802256	-8.202348354380273e-05
1913	0.9982490549852777	0.9980938936262403	-0.00015516135903737016
1914	0.9975105837045166	0.9974939782172568	-1.660548725979094e-05
1915	0.9989987738890098	0.9989230044153423	-7.576947366749742e-05
1916	0.9997087681897472	0.9995325441459352	-0.00017622404381201218
1917	0.998131255851662	0.9981162031276949	-1.505272396706836e-05
1918	0.9998805819527579	0.999830069494993	-5.051245776488411e-05
1919	0.9982227619584451	0.9981944458952378	-2.8316063207300957e-05
1920	0.9955096677088858	0.9955056383561854	-4.029352700385402e-06
1921	0.9971004591969712	0.9968172849352012	-0.00028317426177004723
1922	0.9981520815806536	0.9981606039780702	8.522397416554917e-06
1923	0.9998059354757073	0.9998051626994	-7.727763072784555e-07
1924	0.9984914545223204	0.998560210862835	6.875634051461965e-05
1925	0.9990593231627729	0.9989377054018587	-0.00012161776091423881
1926	0.9982465452845721	0.9981259194186555	-0.00012062586591665703
1927	0.9981399951231367	0.9982011659322292	6.117080909251449e-05
1928	0.9980734347080569	0.9981061939352623	3.2759227205469976e-05
1929	0.9999558796434104	0.9999828463727352	2.696672932478439e-05
1930	0.9990518819858383	0.9990047538944371	-4.71280914011718e-05
1931	0.998063736500448	0.9980386400164857	-2.5096483962316896e-05
1932	0.9999518872897144	0.9999751233116934	2.3236021978956245e-05
1933	0.9981763357131228	0.9980046237598997	-0.00017171195322307486
1934	0.9988840267260232	0.9987768767469505	-0.00010714997907268486
1935	0.9965923420301571	0.9966201732101198	2.7831179962634067e-05
1936	0.9999872540564149	0.9999909861156573	3.732059242422814e-06
1937	0.9998978777734123	0.9998347684710363	-6.310930237607426e-05
1938	0.9989094083287101	0.9988532272283744	-5.6181100335672696e-05
1939	0.9997005900451802	0.9996428485997666	-5.774144541359494e-05
1940	0.9990241631950363	0.9989684821267523	-5.56810682840192e-05
1941	0.9989737248640982	0.99898557137567	1.1846511571822482e-05
1942	0.9991177562370074	0.9991433188915635	2.556265455611051e-05
1943	0.9999139413633984	0.9999659452598507	5.200389645232395e-05
1944	0.9998723965093119	0.9998475390911714	-2.4857418140511456e-05
1945	0.9999184088087593	0.9999644927031449	4.608389438565119e-05
1946	0.9981806523781959	0.9981149820956587	-6.567028253712248e-05
1947	0.9996971747421045	0.9996308515923908	-6.632314971366515e-05
1948	0.9988764491124655	0.9988188923409518	-5.755677151375593e-05
1949	0.9980761717881715	0.9980851907824586	9.018994287068871e-06
1950	0.9982010986090782	0.9983832026493588	0.0001821040402805174
1951	0.9997719061828471	0.9996498166190092	-0.00012208956383785718
1952	0.9999344761371453	0.9998576177170165	-7.685842012872257e-05
1953	0.9990015504571341	0.9989020634663252	-9.948699080897239e-05
1954	0.9998387003341402	0.9999229335158201	8.423318167982696e-05
1955	0.9989808330573616	0.999081324899694	0.00010049184233240638
1956	0.9991012904102988	0.9992100008921952	0.00010871048189642352
1957	0.998215278117479	0.9983373927162068	0.00012211459872779606
1958	0.9989012459695571	0.9988575200176667	-4.37259518903943e-05
1959	0.9999426681043454	0.9999727005256394	3.0032421293957334e-05
1960	0.9998979072807532	0.999824311581006	-7.35956997471865e-05
1961	0.9982029695869281	0.9980682432341121	-0.00013472635281597256
1962	0.9999548062711439	0.9999853295300848	3.052325894092878e-05
1963	0.9990212942632805	0.9989171120601579	-0.00010418220312258253
1964	0.9989107332569224	0.9988029838975724	-0.00010774935934998453
1965	0.9990382087956152	0.9991370306547221	9.882185910692343e-05
1966	0.9997622867725	0.9996660945690878	-9.619220341217094e-05
1967	0.9982317804575838	0.9980877441884012	-0.00014403626918257917
1968	0.999891537129973	0.9999556029635028	6.406583352980277e-05
1969	0.9982159513332725	0.9981866280646808	-2.9323268591618934e-05
1970	0.9990100070407003	0.9989716941533063	-3.8312887393976425e-05
1971	0.9980811681051988	0.9980328231033533	-4.834500184547341e-05
1972	0.9999209791686592	0.9999638813037017	4.290213504254403e-05
1973	0.9989314904190703	0.9987646723350276	-0.00016681808404261922
1974	0.9981088667508665	0.9981146221330162	5.7553821496414415e-06
1975	0.99895204742691	0.9990725463207278	0.00012049889381782197
1976	0.9998984175870311	0.9998475009920649	-5.091659496625489e-05
1977	0.9980505333067557	0.9980479562251549	-2.5770816008963138e-06
1978	0.9991296654274251	0.9991267065095656	-2.95891785950797e-06
1979	0.9998905073723949	0.9998377705632019	-5.273680919304358e-05
1980	0.9981232777206961	0.997886275989949	-0.00023700173074714392
1981	0.998857248461193	0.9987290133985159	-0.0001282350626770068
1982	0.9997125422356798	0.999538127686764	-0.00017441454891586883
1983	0.9999845844964346	0.9999866582616389	2.0737652043356647e-06
1984	0.9998945249336206	0.9999517376891586	5.72127555379387e-05
1985	0.9998888016729325	0.999717093829455	-0.00017170784347753099
1986	0.9998988728851655	0.9998494769877722	-4.9395897393389454e-05
1987	0.9988321600389389	0.9986527083816814	-0.00017945165725752332
1988	0.9988035472781142	0.9987009563812284	-0.00010259089688580136
1989	0.9988743516522516	0.9988261749217292	-4.81767305223757e-05
1990	0.9999379917680374	0.9998542820507309	-8.370971730653487e-05
1991	0.9990563726020731	0.9990585913906654	2.2187885923008466e-06
1992	0.9983763262803168	0.9984185841665206	4.225788620382254e-05
1993	0.9981130486305818	0.9981315611524705	1.8512521888669475e-05
1994	0.9982854246188346	0.9982539034539847	-3.1521164849945826e-05
1995	0.9982523265865719	0.9983921407735568	0.0001398141869848324
1996	0.999875803886081	0.9999341640548518	5.8360168770810184e-05
1997	0.9997896360258038	0.9996782496791267	-0.00011138634667717806
1998	0.9983010074533877	0.9982932342166078	-7.773236779917703e-06
1999	0.9998907303788254	0.999844849904256	-4.5880474569326424e-05
