draw	ref_metric	arm_metric	delta
0	0.9983636439909073	0.997710147827437	-0.000653496163470213
1	0.9981636436324042	0.9974461529994367	-0.0007174906329674435
2	0.9998710424546523	0.9992653257519726	-0.0006057167026797261
3	0.9999654950915573	0.9998616954974017	-0.00010379959415562912
4	0.9998519733450224	0.9995555855092956	-0.00029638783572683014
5	0.9989018579532963	0.9979217339788297	-0.0009801239744666734
6	0.9998417483099151	0.9993322777816463	-0.0005094705282687739
7	0.9974822281542278	0.9965996727064439	-0.0008825554477839281
8	0.9981290466170568	0.9971813529465753	-0.0009476936704815309
9	0.9991396740900835	0.9988717706719803	-0.0002679034181032325
10	0.9998963325850407	0.9996192940972409	-0.0002770384877998078
11	0.9990878970922297	0.9984838349249291	-0.0006040621673005786
12	0.999098548803873	0.9981982311783911	-0.0009003176254819278
13	0.9999998246648943	0.99999936281301	-4.618518842924857e-07
14	0.9975342288279097	0.9966990232475749	-0.0008352055803347858
15	0.9991316958406453	0.9986007231204951	-0.0005309727201502357
16	0.9976462208729401	0.9967934556939283	-0.000852765179011783
17	0.9973614428088841	0.9968709267064298	-0.0004905161024542082
18	0.9998579932268733	0.9992587644538367	-0.0005992287730366419
19	0.9991337208355379	0.9988649273025136	-0.00026879353302422526
20	0.9980642135050786	0.9978165762829344	-0.0002476372221441592
21	0.9981343636442958	0.9978755454202365	-0.00025881822405926513
22	0.9978877228392119	0.9968513189928575	-0.0010364038463543945
23	0.9998947349104628	0.9998471171582802	-4.7617752182538275e-05
24	0.9991300133137764	0.9986165264477109	-0.000513486866065449
25	0.9997682901700576	0.9988627183991201	-0.0009055717709375299
26	0.999109654213418	0.9987202213360082	-0.00038943287740977883
27	0.9990588494857677	0.998839206936557	-0.00021964254921069681
28	0.9998469951446045	0.9995426273319393	-0.000304367812665185
29	0.9998469824313364	0.9995320362510638	-0.0003149461802726128
30	0.9990513045918006	0.9983995940751955	-0.0006517105166050641
31	0.9980731843261218	0.9966491413709005	-0.0014240429552212497
32	0.9983039970329645	0.9977006642002935	-0.0006033328326709997
33	0.9997232032220651	0.9991182559717563	-0.000604947250308796
34	0.998178828221344	0.99746625018494	-0.0007125780364040102
35	0.9989952145860149	0.9982109332489094	-0.000784281337105508
36	0.9998396152627473	0.999076246173176	-0.0007633690895713086
37	0.999905747340348	0.9995266517210182	-0.0003790956193298056
38	0.9998077069245976	0.998843951654294	-0.0009637552703036789
39	0.9981967095290198	0.9974945729622688	-0.0007021365667509993
40	0.9990158747851094	0.9984673044205716	-0.0005485703645378148
41	0.998926934181757	0.9981536055944387	-0.0007733285873183782
42	0.9974894735593307	0.9964386522271589	-0.0010508213321718252
43	0.9973296796779128	0.9966662189058337	-0.0006634607720790164
44	0.9975515297550135	0.9968421208182305	-0.0007094089367829515
45	0.9997938336662088	0.9992239327230729	-0.0005699009431359148
46	0.9998432118045976	0.9995236311674879	-0.0003195806371096843
47	0.9998752534532273	0.9995430654596807	-0.00033218799354650663
48	0.9990464115005407	0.9985889607000699	-0.00045745080047088216
49	0.9989726002419118	0.9981511188993324	-0.0008214813425794221
50	0.9990387142358236	0.9988550282176826	-0.00018368601814100494
51	0.9991585204639812	0.9989228974237118	-0.00023562304026947256
52	0.9998769978586115	0.9995410782971141	-0.00033591956149736646
53	0.9990582880431119	0.9988590015548642	-0.00019928648824774076
54	0.9999992133821615	0.9999978215290877	-1.3918530737955237e-06
55	0.997958438975454	0.9969036038510988	-0.0010548351243552245
56	0.9991375827532359	0.9989643373070578	-0.00017324544617813853
57	0.999108373568661	0.9985796947522965	-0.0005286788163645362
58	0.9982024321291306	0.9973824377488473	-0.0008199943802833509
59	0.9974999659302229	0.99676040785053	-0.000739558079692948
60	0.9999154520520617	0.9995557724033616	-0.0003596796487000953
61	0.9989183032638674	0.9983307034969593	-0.0005875997669081423
62	0.9998455998334647	0.9991119035367664	-0.000733696296698283
63	0.9998808648988421	0.9998951019228286	1.4237023986507502e-05
64	0.9991244146932569	0.9989171286335962	-0.00020728605966069402
65	0.9999237243234591	0.999567650777666	-0.0003560735457931452
66	0.9981255990144936	0.9971291282515942	-0.0009964707628994374
67	0.9964977159103043	0.9951354993468983	-0.0013622165634060712
68	0.9990235198974718	0.9985264845162242	-0.0004970353812476791
69	0.9991012423948015	0.9988710551685028	-0.0002301872262986393
70	0.9990262388940291	0.9981983196932409	-0.0008279192007881742
71	0.9990491814855837	0.9984875106806338	-0.0005616708049499541
72	0.9989128969934572	0.9984937203506606	-0.0004191766427965593
73	0.9998955647232765	0.9998545000412347	-4.106468204179148e-05
74	0.9998900234728447	0.9996025843073821	-0.0002874391654625885
75	0.9999306057401152	0.999853434170362	-7.717156975317607e-05
76	0.9999815887240315	0.999934684512659	-4.690421137254486e-05
77	0.9998909504830128	0.9996014175830854	-0.0002895328999273916
78	0.9972434835205239	0.9968046807486761	-0.0004388027718478238
79	0.9998684277975942	0.9991954593615279	-0.0006729684360663457
80	0.9999597033652916	0.999984007939251	2.4304573959410547e-05
81	0.999901344478727	0.9996092488155492	-0.0002920956631777827
82	0.9990439183599658	0.9977923638158414	-0.0012515545441244003
83	0.9982382772241237	0.9976682944675676	-0.0005699827565561755
84	0.9997979173806407	0.9993790137003246	-0.00041890368031616276
85	0.9991471209919184	0.9985823974777125	-0.0005647235142058893
86	0.9990802421001288	0.9988011077708828	-0.00027913432924597803
87	0.9982760068602204	0.9978166545599906	-0.00045935230022986495
88	0.9999384186069089	0.9996413514892436	-0.00029706711766530614
89	0.9983660822742279	0.997736480142487	-0.0006296021317409028
90	0.9989235826642398	0.9980994528405568	-0.000824129823682962
91	0.9998941530551295	0.9994793601053066	-0.0004147929498229397
92	0.9990188693910738	0.9982186894052704	-0.0008001799858033953
93	0.999871234430613	0.9995025757892226	-0.0003686586413903514
94	0.9988370853334018	0.9982779719522578	-0.0005591133811440052
95	0.9990617296152204	0.998600188028569	-0.0004615415866514594
96	0.9988699080195328	0.9984111959343709	-0.0004587120851619053
97	0.999999553309215	0.9999984304999262	-1.1228092887671792e-06
98	0.9982288639117344	0.9978665099554155	-0.0003623539563188949
99	0.9982625418637033	0.9979208104381514	-0.0003417314255519388
100	0.9997727199453182	0.9986773453890755	-0.0010953745562427564
101	0.9990409299414659	0.9987623614357312	-0.0002785685057347109
102	0.9998352941031001	0.9992401351199716	-0.0005951589831285631
103	0.9989643694121023	0.9988181475141091	-0.00014622189799318175
104	0.9998166193951806	0.9994470984814923	-0.00036952091368835926
105	0.9990297509445707	0.9985621150176951	-0.0004676359268755981
106	0.9997513132123379	0.9986878106366469	-0.0010635025756909888
107	0.9981960518270573	0.9973671328709074	-0.0008289189561498933
108	0.998172113697324	0.9976944696213909	-0.00047764407593309244
109	0.999207392305832	0.9989770256254995	-0.0002303666803324944
110	0.9992263822363675	0.9990314718293632	-0.00019491040700425621
111	0.9998275446178468	0.9994710352508953	-0.00035650936695152957
112	0.9990623396798436	0.9988030473755207	-0.00025929230432286676
113	0.9999214975684946	0.9995784261511028	-0.0003430714173917604
114	0.9990234985106556	0.9988717226765408	-0.0001517758341148534
115	0.9997784187326705	0.998743027999376	-0.0010353907332945056
116	0.998992163238407	0.9984645211407636	-0.0005276420976434437
117	0.9981972329960653	0.9972658884428941	-0.0009313445531712317
118	0.9990807235676971	0.9985340204169042	-0.0005467031507928599
119	0.9999997700097494	0.999999379296915	-3.907128344193822e-07
120	0.9998440515833543	0.99953838082309	-0.0003056707602643316
121	0.9980922373424195	0.9971676824289767	-0.0009245549134427877
122	0.9982425020713207	0.9979142972721287	-0.0003282047991920445
123	0.998154563537935	0.9969926163574767	-0.001161947180458256
124	0.9998503101565168	0.9994387680748454	-0.00041154208167137885
125	0.9997452000833345	0.9988212927838059	-0.0009239072995285147
126	0.9999596961321812	0.9999861244787193	2.642834653809878e-05
127	0.9999437661961585	0.999913187739519	-3.057845663956282e-05
128	0.998209158129512	0.9977636572287725	-0.0004455009007395816
129	0.9985331498169591	0.9980766913223406	-0.00045645849461850574
130	0.9982439137306736	0.9974019674335212	-0.0008419462971523961
131	0.9998133276596642	0.9995668441280315	-0.00024648353163270187
132	0.9999364374386229	0.9998682740802117	-6.816335841119958e-05
133	0.9991359036491481	0.9987897427373555	-0.0003461609117925146
134	0.9991199934876617	0.9988564863117554	-0.0002635071759062857
135	0.999900294453398	0.9996482194530664	-0.0002520750003316419
136	0.9964267493008093	0.9955793336600521	-0.0008474156407571876
137	0.9999196186318892	0.9995556734111297	-0.0003639452207594429
138	0.9998543897221059	0.9995475097600702	-0.000306879962035711
139	0.9990126206896969	0.9983400023632252	-0.0006726183264716967
140	0.9991121915701303	0.9988844137257171	-0.0002277778444131906
141	0.9988924113865423	0.9980183229861952	-0.0008740884003470839
142	0.9990657714186892	0.9985596338814215	-0.0005061375372676924
143	0.9999059481781993	0.9998988455653623	-7.102612836984434e-06
144	0.9999845828970204	0.9999439648861551	-4.0618010865300924e-05
145	0.9990275534726534	0.9985595937516394	-0.00046795972101398853
146	0.9991156206073015	0.9988708575156688	-0.0002447630916326826
147	0.9990000281438589	0.9984357905148818	-0.0005642376289770601
148	0.9990001563867039	0.9978374689726782	-0.0011626874140256982
149	0.9983952292042564	0.99761657111907	-0.0007786580851864011
150	0.9998367634693481	0.9992094178147651	-0.0006273456545830003
151	0.9981272354860905	0.9974620803685033	-0.0006651551175872461
152	0.9989303852889571	0.9984298958171388	-0.000500489471818244
153	0.9972092893223796	0.9965598522385553	-0.0006494370838243668
154	0.9992494763173441	0.9989767063882369	-0.0002727699291071861
155	0.9982224074421473	0.9970213649630522	-0.001201042479095138
156	0.9990819715287866	0.9985648167573267	-0.0005171547714599711
157	0.9999563218042684	0.9999823756774318	2.6053873163345287e-05
158	0.998986154667286	0.9984099985159134	-0.000576156151372631
159	0.9999141951827202	0.9995712392578116	-0.0003429559249086278
160	0.9982000304221328	0.9971339344768384	-0.0010660959452943874
161	0.9991203837155946	0.9989230930113556	-0.00019729070423901707
162	0.9998988373515442	0.9995004538478165	-0.00039838350372767284
163	0.9983520187028393	0.9979560177195159	-0.00039600098332337463
164	0.9980685420970997	0.9967974683834187	-0.0012710737136810701
165	0.9969794977710811	0.9960093430009314	-0.0009701547701497226
166	0.9979622160840478	0.9972773603342131	-0.0006848557498346786
167	0.9998363803326362	0.9995263585164473	-0.0003100218161888879
168	0.9997828043883554	0.9992260918020481	-0.0005567125863072953
169	0.9998246056626752	0.9990452998736489	-0.0007793057890262967
170	0.999906763593869	0.9994900404044901	-0.0004167231893789092
171	0.9991228804947405	0.9988089709108711	-0.0003139095838694539
172	0.9990522247962507	0.9986366958870656	-0.0004155289091850589
173	0.9989742629489007	0.9986504326891776	-0.0003238302597230458
174	0.9963991825081489	0.994970040394382	-0.0014291421137668792
175	0.9991043898239104	0.998461994912534	-0.0006423949113764094
176	0.9990255058083122	0.998508221128707	-0.0005172846796052122
177	0.9990435323900682	0.9986162668648606	-0.0004272655252075541
178	0.9999229407736823	0.9998417650532335	-8.11757204487451e-05
179	0.9998679492307364	0.9994340207529951	-0.0004339284777412633
180	0.9999598630909411	0.9999841143789963	2.4251288055165965e-05
181	0.9989130073050814	0.9987666469039632	-0.00014636040111815074
182	0.9999254735110327	0.999973405180051	4.793166901828627e-05
183	0.9989747531080877	0.9979561927316591	-0.0010185603764285567
184	nan	nan	nan
185	0.9990631893005587	0.9987676657554876	-0.0002955235450711191
186	0.9983007369645032	0.9978221336101682	-0.00047860335433491663
187	0.9998917782811269	0.9999576861032687	6.590782214188629e-05
188	0.9983304955595022	0.9975139402057475	-0.0008165553537546888
189	0.999148149968188	0.9986017761708967	-0.0005463737972912774
190	0.9990531739691941	0.9988766902252225	-0.0001764837439716116
191	0.9999558065761812	0.999982793726012	2.6987149830737245e-05
192	0.9984428094598943	0.9980216240780388	-0.00042118538185542675
193	0.9997667975149226	0.9991053206733012	-0.0006614768416214334
194	0.9970646610359534	0.995015990659457	-0.0020486703764963643
195	0.9982360398251757	0.9977392962899129	-0.0004967435352628558
196	0.9990650844095124	0.9988820122257475	-0.00018307218376489853
197	0.9975604050334604	0.9972511142272433	-0.0003092908062171107
198	0.9980807673149008	0.9976760290186782	-0.0004047382962225621
199	0.999869539448377	0.9994898543641035	-0.00037968508427344005
200	0.9982262479584101	0.9976420063243634	-0.0005842416340466894
201	0.9998959506697223	0.9999014652353048	5.514565582509512e-06
202	0.9990379411226931	0.9988526991422013	-0.000185241980491746
203	0.9990814007822609	0.9986006705394093	-0.000480730242851668
204	0.9972108498804537	0.99648969772483	-0.0007211521556237388
205	0.998151057416064	0.9976158991815104	-0.0005351582345536343
206	0.9980201425413304	0.9971423927354253	-0.0008777498059051592
207	0.9999623940855906	0.9999847665942971	2.2372508706514083e-05
208	0.9981550776476659	0.9974163533190892	-0.0007387243285766898
209	0.9986907485885596	0.9978337156820035	-0.0008570329065560323
210	0.9999854397316272	0.9999372794029485	-4.816032867871467e-05
211	0.9981006523679998	0.9974342309604326	-0.0006664214075672303
212	0.9999992538787712	0.9999981184367074	-1.1354420638154394e-06
213	0.999224054181765	0.9989015925964196	-0.0003224615853453239
214	0.9984142235540565	0.9978747111925454	-0.0005395123615110631
215	0.9974686949935394	0.9968665203686562	-0.0006021746248832116
216	0.9990517564323752	0.9989497527586912	-0.00010200367368395913
217	nan	nan	nan
218	0.9990189901291595	0.9984971396375868	-0.0005218504915727173
219	0.9999817679341001	0.9999333540923284	-4.841384177167729e-05
220	0.9990976228749969	0.99893127237607	-0.00016635049892688158
221	0.9998486809982094	0.9995823422647953	-0.00026633873341419534
222	0.9990744267157113	0.9985595233905985	-0.0005149033251128365
223	0.9996644500602301	0.9983943782486384	-0.0012700718115916665
224	0.9980741295543392	0.9975030047335552	-0.0005711248207839192
225	0.998063021677018	0.9974231343855229	-0.0006398872914951115
226	0.9991380939271974	0.9987880045325944	-0.0003500893946030148
227	0.9982991641331341	0.9981156648521865	-0.0001834992809476299
228	0.9979886421275478	0.9972851262763992	-0.000703515851148584
229	0.9990591453546163	0.9988630380475967	-0.00019610730701957735
230	0.9983154001789082	0.9972648529035686	-0.0010505472753395972
231	0.9999417473350699	0.999916441047736	-2.5306287333881627e-05
232	0.9998225428813825	0.9994565561263161	-0.0003659867550663831
233	0.9998951685466138	0.9994267589458259	-0.00046840960078786686
234	0.9990943359524165	0.9988133851802959	-0.0002809507721205362
235	0.99721884619417	0.9963522507582435	-0.0008665954359264871
236	0.9991041676727975	0.9989382043099714	-0.0001659633628261492
237	0.9991510969253419	0.9989625532884854	-0.00018854363685649744
238	0.9972089224605406	0.996314120929632	-0.0008948015309085955
239	0.9989825151479751	0.9978942513697505	-0.001088263778224574
240	0.9966423990088192	0.995618799913152	-0.0010235990956671825
241	0.9971926013959184	0.9964017551695135	-0.0007908462264049065
242	0.9999258155422754	0.9995733058471509	-0.00035250969512456987
243	0.999983090998139	0.9999331859806744	-4.9905017464602075e-05
244	0.998901323613922	0.9985904752551785	-0.0003108483587435096
245	0.9999368629446165	0.9998789191544092	-5.794379020729323e-05
246	0.9989157911818362	0.9983227938074702	-0.0005929973743659112
247	0.9991483709382365	0.9989344045938936	-0.0002139663443428974
248	0.9998343033470241	0.9998176504684718	-1.665287855223685e-05
249	0.9999996092340672	0.9999986855394507	-9.236946164614679e-07
250	0.9964531116848429	0.995490790905812	-0.0009623207790308008
251	0.9998373764405153	0.999175265106813	-0.0006621113337023088
252	0.9999047537290229	0.9994844894073395	-0.00042026432168340566
253	0.9990060176967289	0.9984178746974338	-0.0005881429992951048
254	0.998426844958048	0.9977969551737381	-0.0006298897843098894
255	0.9997983734511919	0.9992499705130519	-0.000548402938140069
256	0.9988982859470789	0.9982880316814318	-0.0006102542656470922
257	0.9999340926845497	0.9996437635022798	-0.00029032918226989946
258	0.9990191887213723	0.9981761170031879	-0.0008430717181844294
259	0.9987823183235094	0.9974551546018963	-0.0013271637216131227
260	0.9982844063232601	0.9976207893463059	-0.0006636169769541622
261	0.9990759420628655	0.9987535326193757	-0.0003224094434898239
262	0.9982394925215554	0.9979366299777404	-0.0003028625438150634
263	0.9992174554479207	0.9989474557463368	-0.00026999970158392284
264	0.9999312083953728	0.999617243450304	-0.0003139649450687454
265	0.9989859456610394	0.9988789890647511	-0.0001069565962882324
266	0.9989971389346516	0.9985084569622971	-0.000488681972354521
267	0.998965568483594	0.9985140442108728	-0.0004515242727212154
268	0.9988680707807871	0.9980005854865064	-0.0008674852942807121
269	0.9999221501427279	0.9995832859374116	-0.00033886420531625827
270	0.9982322613153314	0.9974346388544157	-0.0007976224609156368
271	0.9999162991492883	0.9995526025757371	-0.00036369657355117546
272	0.9999397326773737	0.9996179046373315	-0.00032182804004221577
273	0.9998250548638575	0.9994883022067366	-0.00033675265712096447
274	0.9987631089567421	0.9977705137285399	-0.0009925952282022754
275	0.9998003940189537	0.9995998346587673	-0.00020055936018636977
276	0.9988439843195054	0.9978228095705547	-0.0010211747489506928
277	0.9988864500976309	0.9974505360792298	-0.001435914018401041
278	0.999044439034237	0.9982154525367907	-0.0008289864974463379
279	0.9972377136342487	0.9961533320347178	-0.001084381599530948
280	0.9988151684917357	0.9978200006912933	-0.000995167800442398
281	0.9998870234219871	0.9995731232338266	-0.0003139001881604653
282	0.9990445521282116	0.9989323570622286	-0.00011219506598303397
283	0.9980641082992839	0.9977778187650005	-0.00028628953428344595
284	0.9999374687054442	0.9996420309831527	-0.00029543772229145837
285	0.9964057402804742	0.9958590754985364	-0.0005466647819378778
286	0.9997961947907735	0.9995562950884872	-0.00023989970228632806
287	0.9999022619707183	0.999456487023576	-0.0004457749471422634
288	0.9999286576510192	0.9997527737432133	-0.00017588390780598484
289	0.9991289529806224	0.9988036264709973	-0.00032532650962513454
290	0.9998162734082976	0.9994487201437683	-0.0003675532645293078
291	0.999905422238457	0.9995150075148034	-0.0003904147236536426
292	0.9981281131143743	0.9971055160266409	-0.0010225970877334456
293	0.9997155337341305	0.9983335431627859	-0.0013819905713445824
294	0.999094247012402	0.9989321161624343	-0.0001621308499677454
295	0.9998334143512594	0.9991647373794328	-0.0006686769718265984
296	0.9979973370926599	0.9965572330852356	-0.0014401040074243365
297	0.9982150595388487	0.9974836232152074	-0.0007314363236412547
298	0.9998851568439252	0.9998389194567991	-4.623738712605796e-05
299	0.9991094642835103	0.9987622446484871	-0.0003472196350232659
300	0.9976225297875545	0.9968332357819475	-0.0007892940056070108
301	0.9965246595152046	0.9945960720112594	-0.0019285875039452005
302	0.999893152173678	0.999557702266468	-0.000335449907210017
303	0.9990145025849674	0.9984471992437921	-0.0005673033411752737
304	0.9999834866923888	0.9999393998442115	-4.4086848177249394e-05
305	0.9990909877187504	0.9989134753996021	-0.00017751231914830967
306	0.9998206243976834	0.9994569478347672	-0.0003636765629161376
307	0.9972953859869758	0.9958737784383856	-0.0014216075485901092
308	0.9984052902073718	0.9977928040161583	-0.0006124861912134572
309	0.9999140322118161	0.9999640042507595	4.997203894341329e-05
310	0.9991023390765992	0.9986444816425832	-0.00045785743401594026
311	0.9990446966091001	0.9982393148159614	-0.0008053817931387153
312	0.997036824624904	0.9965448763859399	-0.0004919482389640351
313	0.9981690988788492	0.9973212947156606	-0.0008478041631886368
314	0.9972388092642913	0.9962946298044334	-0.000944179459857919
315	0.9999587819657302	0.9999836243775746	2.4842411844416823e-05
316	0.9997940929368202	0.9991068021425269	-0.0006872907942933049
317	0.9998786539792727	0.9999514035551306	7.274957585789998e-05
318	0.9984186412238943	0.9976227727968252	-0.0007958684270691352
319	0.9991537302089808	0.9989442129245842	-0.00020951728439655426
320	0.9990243856456649	0.9987739145402565	-0.00025047110540832307
321	0.9991729598031581	0.9985634414466611	-0.0006095183564970297
322	0.9990626588335256	0.9985853543659321	-0.0004773044675935312
323	0.9989951747226432	0.9981287574059489	-0.0008664173166943456
324	0.9990421022321372	0.9988280892052531	-0.00021401302688406343
325	0.9973206437805969	0.9965890493895628	-0.0007315943910340961
326	0.9991522817022653	0.9988641265204947	-0.0002881551817706107
327	0.9991854916207937	0.9988626884228676	-0.00032280319792610257
328	0.9989934647622384	0.9984110523598172	-0.0005824124024211841
329	0.9991776964010806	0.9989523199504143	-0.00022537645066622591
330	0.9999514595780357	0.9999280223431768	-2.3437234858869616e-05
331	0.9981650273272911	0.997925357977375	-0.0002396693499160385
332	0.9979377981915669	0.9973917513119396	-0.0005460468796273377
333	0.999121959490475	0.998913529369961	-0.00020843012051396936
334	0.9989884639074846	0.9988195517899359	-0.00016891211754876956
335	0.9990666824596653	0.9988542553826257	-0.00021242707703961194
336	0.9998538643930741	0.9996174205896242	-0.0002364438034498928
337	0.9991303677199022	0.9990176746630507	-0.00011269305685146502
338	0.9989379501861042	0.9983912005814931	-0.0005467496046110965
339	0.999884879037835	0.9995540302394395	-0.00033084879839551107
340	0.9982365547298488	0.9979176571894064	-0.0003188975404424532
341	0.9997679511875222	0.9988655550009442	-0.0009023961865779473
342	0.9999593705343063	0.9999855595123509	2.618897804462783e-05
343	0.9999777068869896	0.9998888696852984	-8.883720169117204e-05
344	0.999884309257837	0.9995757289607375	-0.0003085802970994589
345	0.9978013108510579	0.9961967685432158	-0.0016045423078421273
346	0.9999231114532494	0.999579653895195	-0.00034345755805442746
347	0.997421303730677	0.9961158943763705	-0.0013054093543064527
348	0.9980626119591689	0.9975825288622164	-0.0004800830969524661
349	0.99913433434354	0.9985372521027297	-0.0005970822408103427
350	0.9983831878777094	0.9979255949436917	-0.0004575929340177032
351	0.9999997673454608	0.9999993239132332	-4.434322276036795e-07
352	0.9960801616654125	0.9949743896750212	-0.0011057719903913021
353	0.9999693401747785	0.9998707087955572	-9.863137922128118e-05
354	0.9999169083022527	0.9995254708539402	-0.0003914374483124927
355	0.9990685834576545	0.9985814751486964	-0.0004871083089580397
356	0.9997098834299081	0.9985300222108028	-0.0011798612191052937
357	0.997123176876278	0.996371981296735	-0.0007511955795430625
358	0.9981175889301633	0.9978415276472267	-0.0002760612829366682
359	0.999846097748213	0.9995759353089494	-0.0002701624392635882
360	0.9997979407551634	0.9987876304424865	-0.0010103103126768431
361	0.997077723106288	0.9964865126735996	-0.0005912104326883938
362	0.9989842919583632	0.9984695273183548	-0.000514764640008436
363	0.9997272308133909	0.9987816702046154	-0.0009455606087754864
364	0.9998307334228618	0.999225362724605	-0.0006053706982567242
365	0.9990040954632747	0.9988591350508447	-0.00014496041243006186
366	0.9999634599175127	0.9999853373756914	2.1877458178720666e-05
367	0.9998343256642352	0.9991342428830636	-0.0007000827811716182
368	0.9983337089152168	0.9980484622211669	-0.0002852466940498344
369	0.999915766774403	0.999546423623379	-0.00036934315102399307
370	0.9998912990502767	0.9996063256327533	-0.0002849734175234264
371	0.9991835106351123	0.9990485771415009	-0.00013493349361148876
372	0.9997450467054179	0.999211615717455	-0.0005334309879628796
373	0.999972014343031	0.9998565261441488	-0.00011548819888218542
374	0.999639973376346	0.9991501989796385	-0.0004897743967074986
375	0.9998670566521496	0.9992283397052989	-0.0006387169468506926
376	0.9981999375571601	0.9965451485329316	-0.0016547890242284424
377	0.9988661174751282	0.9981200691852848	-0.0007460482898433707
378	0.9999356239509603	0.9996118891370156	-0.00032373481394465387
379	0.9997668800038403	0.9985651414409674	-0.0012017385628728672
380	0.9990853491791978	0.9986251518790786	-0.0004601973001191473
381	0.9997336116394644	0.9987045872293784	-0.0010290244100860102
382	0.9991225320837058	0.9984997852679642	-0.0006227468157415927
383	0.999834720322155	0.999268980501343	-0.0005657398208119835
384	0.9982499644867201	0.9974675125863691	-0.0007824519003509778
385	0.999808544702889	0.9994945937364648	-0.0003139509664242812
386	0.9978360021037777	0.996739338700606	-0.001096663403171605
387	0.998117252383311	0.997056003165444	-0.0010612492178669886
388	0.999674402285163	0.9984669857510111	-0.001207416534151906
389	0.9999121896919156	0.9996293201216748	-0.00028286957024081794
390	0.9980433639480066	0.9964075178572067	-0.0016358460907999195
391	0.9997973049180865	0.9992037129933095	-0.0005935919247770371
392	0.9998160300255481	0.9995292913024373	-0.00028673872311080206
393	0.9999348578436668	0.9996270943946642	-0.0003077634490025183
394	0.9990108254525166	0.9982911551437605	-0.0007196703087560818
395	0.9989762701287317	0.9984631544750844	-0.0005131156536473114
396	0.9982470881699966	0.99732303218564	-0.0009240559843566309
397	0.9998287175249246	0.999254857470089	-0.0005738600548356176
398	0.9998154722451109	0.9994613551684103	-0.00035411707670063297
399	0.9989113613274369	0.9983262952980512	-0.0005850660293856835
400	0.9990952720281062	0.998587328999993	-0.0005079430281131891
401	0.9998194086209912	0.9989848527973726	-0.0008345558236185768
402	0.9999441349004116	0.9999180079064124	-2.612699399917595e-05
403	0.9980769371866641	0.9974929940398485	-0.0005839431468156464
404	0.9999022602630042	0.9996340911007923	-0.00026816916221195086
405	0.9980178088389376	0.9972753527501496	-0.0007424560887880904
406	0.9999387824012975	0.9996467232402513	-0.0002920591610462431
407	0.9989826604166568	0.9981075921796445	-0.000875068237012333
408	0.9998417556555447	0.9995875623946437	-0.00025419326090092564
409	0.9992501060384973	0.9989471510192637	-0.00030295501923360835
410	0.9990211100074529	0.9984080727772173	-0.0006130372302355358
411	0.9974850418794416	0.9969842321827336	-0.0005008096967080711
412	0.9999995062868807	0.9999985681409781	-9.38145902629195e-07
413	0.9998687395093392	0.9995777424539081	-0.0002909970554311192
414	0.9997986167561946	0.9988255667690976	-0.0009730499870970188
415	0.9981794160725349	0.9978086047646276	-0.0003708113079072817
416	0.9999996682073067	0.999999106191146	-5.620161607211571e-07
417	0.9970237459225898	0.9965875797302802	-0.00043616619230957276
418	0.9999644027984589	0.999986975953823	2.2573155364136177e-05
419	0.9990901193329961	0.9989025864269521	-0.00018753290604400785
420	0.9991711426361546	0.9989505563673892	-0.00022058626876542142
421	0.9975331292155882	0.9969176009604851	-0.0006155282551031371
422	0.9979791440373333	0.9970632632990465	-0.0009158807382868561
423	0.9998945542161094	0.9996152998258385	-0.00027925439027087773
424	0.9998942158546538	0.9995876466031051	-0.00030656925154870507
425	0.999956984087009	0.9999822491200554	2.5265033046451002e-05
426	0.9990795100281821	0.9985573285724093	-0.0005221814557727633
427	0.9998492947085693	0.9991867275511771	-0.0006625671573922132
428	0.9989069954362975	0.9980085107333956	-0.0008984847029018805
429	0.9990687784553933	0.998868190887401	-0.00020058756799234967
430	0.9981619975884557	0.9974555287528136	-0.0007064688356420712
431	0.9991211280389812	0.9988802877009214	-0.0002408403380598223
432	0.9990095935059254	0.9984479605691651	-0.0005616329367603701
433	0.9990255379846228	0.998904444677813	-0.00012109330680976083
434	0.9990493379530199	0.9986107272943305	-0.00043861065868933125
435	0.9970754162194579	0.9957836679985687	-0.0012917482208892883
436	0.9974175581347449	0.9964737016842241	-0.0009438564505207525
437	0.9999598714136639	0.9999847671906118	2.4895776947864157e-05
438	0.9991327232655465	0.9988910512873432	-0.0002416719782032395
439	0.9998575970628704	0.9992301911198657	-0.0006274059430046997
440	0.9991864788168023	0.9990073088129465	-0.00017917000385581083
441	0.9989339927442078	0.9980021771687013	-0.0009318155755064783
442	0.9988203120863782	0.9977095558343844	-0.0011107562519938607
443	0.9981209036101178	0.9965222004792874	-0.0015987031308304367
444	0.9992656470162167	0.9990009724935927	-0.0002646745226240199
445	0.9991066427176744	0.9990151300119734	-9.151270570095793e-05
446	0.999047425238048	0.9984590993397171	-0.0005883258983309103
447	0.999082572137103	0.9988948932934046	-0.00018767884369841337
448	0.9998631464247523	0.9992383772109354	-0.0006247692138168226
449	0.9999433848227902	0.9999261658692029	-1.721895358730574e-05
450	0.9990246936021597	0.9984898782582937	-0.000534815343866013
451	0.9982305268898694	0.9977961990159776	-0.00043432787389174887
452	0.9996114727608194	0.9984454137804267	-0.0011660589803926813
453	0.9999430650054393	0.9999208154547586	-2.224955068064194e-05
454	0.999880861833155	0.9995665408383226	-0.0003143209948324177
455	0.999884406316061	0.9995782294611355	-0.0003061768549255106
456	0.9990862584122754	0.9984230628112926	-0.0006631956009828244
457	0.9982532600150198	0.9975634596323498	-0.0006898003826699695
458	0.9990479446831135	0.9982855132363637	-0.0007624314467498117
459	nan	nan	nan
460	0.9999841445033915	0.9999344598002697	-4.9684703121721796e-05
461	0.9990734307103717	0.9985702115445266	-0.0005032191658450591
462	0.9997412531774972	0.9995067421536138	-0.00023451102388338807
463	0.998877339237252	0.9975305949027713	-0.0013467443344806762
464	0.9999491219165851	0.9999243154026786	-2.4806513906572292e-05
465	0.9991035707046418	0.9986337537138279	-0.0004698169908139427
466	0.9999175025235219	0.9999666477742587	4.914525073684839e-05
467	0.9981921459779702	0.9977699884332262	-0.00042215754474406175
468	0.9982824152084956	0.9978522807927548	-0.0004301344157408016
469	0.9990180794368342	0.9986082627076508	-0.00040981672918338763
470	0.9997702940334833	0.9990835095402867	-0.0006867844931965905
471	0.9991091492615842	0.9981811886862685	-0.0009279605753157449
472	0.9982251820645563	0.9977640477926031	-0.0004611342719532674
473	0.9989983455052449	0.998797390717729	-0.00020095478751591678
474	0.9999121276962809	0.9997914479210778	-0.00012067977520313633
475	0.9999636150706577	0.9999843144327712	2.069936211357426e-05
476	0.999844668100703	0.9994747381201475	-0.00036992998055551674
477	0.9991025873692925	0.9989215802062346	-0.0001810071630579113
478	0.9998298493169441	0.9992205794291361	-0.0006092698878079617
479	0.9989192367582851	0.9981036646878892	-0.0008155720703958425
480	0.9999857016645677	0.9999385416362512	-4.716002831650634e-05
481	0.99752002589347	0.9967375374911928	-0.0007824884022772371
482	0.9999350891189115	0.9996061786532786	-0.0003289104656328812
483	0.9990012824737051	0.9988048541418475	-0.0001964283318576232
484	0.999051544345236	0.9988536576884235	-0.00019788665681252926
485	0.9989161761407849	0.9983958310836513	-0.0005203450571336088
486	0.9999607700042845	0.9999862305968764	2.5460592591897147e-05
487	0.9998120029351956	0.999434828045773	-0.00037717488942257127
488	0.9997740146018211	0.998819151367436	-0.0009548632343850949
489	0.9990837237700236	0.9989004572119801	-0.00018326655804357106
490	0.9973713210935646	0.9966398098026231	-0.0007315112909415111
491	0.9982460541390532	0.9979413174240873	-0.00030473671496589194
492	0.9999463565654781	0.9999204889808176	-2.5867584660499432e-05
493	0.9990757959835457	0.9989978427696398	-7.795321390591248e-05
494	0.9999997425398086	0.9999992063329985	-5.36206810064499e-07
495	0.9990392517820139	0.9982470175564454	-0.0007922342255685111
496	0.9990224836281477	0.9981863829985738	-0.0008361006295739548
497	0.9999822235651823	0.9999363961808017	-4.5827384380636715e-05
498	0.9998200797925132	0.9994515623039409	-0.00036851748857225086
499	0.9989547899064246	0.9981727380463038	-0.0007820518601208137
500	0.99991270021282	0.9995569937359998	-0.0003557064768201501
501	0.9998217190366478	0.9991832475229112	-0.0006384715137366381
502	0.9981220322583871	0.9972692140305943	-0.0008528182277928176
503	0.9998474719693055	0.999400350018909	-0.000447121950396423
504	0.9999709592853371	0.9998686357288928	-0.0001023235564442393
505	0.9999104175499103	0.9995323460181385	-0.0003780715317718286
506	0.9968232033686333	0.9954560999033897	-0.001367103465243602
507	0.9979624452278326	0.997470962149264	-0.0004914830785686108
508	0.9990078646071796	0.9985226467631997	-0.00048521784397992374
509	0.9999861475121008	0.9999441959672765	-4.195154482433683e-05
510	0.9982426064597784	0.996778571864111	-0.0014640345956673517
511	0.9992408180297472	0.9990724013809722	-0.00016841664877498275
512	0.9998352222328803	0.9995390025134007	-0.0002962197194796845
513	0.9989494102184245	0.9981458757255075	-0.0008035344929170352
514	0.9975259100351943	0.9963980715213949	-0.001127838513799384
515	0.9990050104301202	0.9978020939051053	-0.0012029165250149187
516	0.9999355926688573	0.9996456214181034	-0.0002899712507539176
517	0.9997377045982487	0.998896746603048	-0.0008409579952007862
518	0.9990113310635674	0.9981014475023048	-0.0009098835612626477
519	0.9981477870332989	0.9975851753216541	-0.0005626117116447338
520	0.9999198353857685	0.9998588007118924	-6.103467387608141e-05
521	0.9989260704062313	0.998443724160599	-0.00048234624563225914
522	0.9988855339835803	0.9974925173536143	-0.0013930166299659374
523	0.9974219646267609	0.9961456329054945	-0.0012763317212663994
524	0.9984416178130153	0.9980569278037118	-0.00038469000930352326
525	0.999923487115371	0.9995851243003648	-0.0003383628150062101
526	0.9982926099577077	0.9979345721526732	-0.00035803780503451677
527	0.9998803028693499	0.9995515043459756	-0.00032879852337430737
528	0.999106351693202	0.9985922642082664	-0.0005140874849356436
529	0.9992176046236038	0.9990896508418078	-0.00012795378179597527
530	0.9991106566845959	0.9985860012138877	-0.0005246554707081241
531	0.9990455245338521	0.9984060551942575	-0.0006394693395945783
532	0.9980330922752759	0.9973904297700713	-0.0006426625052046164
533	0.9989883066609884	0.9985050544353087	-0.00048325222567968673
534	0.9998918320135273	0.9998920799535775	2.4794005026862465e-07
535	0.9999260590028182	0.9998426559226223	-8.340308019583187e-05
536	0.9999214453184947	0.999581889744577	-0.00033955557391773805
537	0.9981652370886329	0.9974654928163553	-0.0006997442722775915
538	0.9997589153864062	0.999080479970639	-0.0006784354157671757
539	0.9981095477963722	0.9972917045947691	-0.0008178432016030523
540	0.9996424119524825	0.9987134584914282	-0.0009289534610542605
541	0.999777718031413	0.9987532890653418	-0.0010244289660712447
542	0.9997658099915245	0.9991359361924982	-0.0006298737990263481
543	0.9998266208686215	0.9990945883231227	-0.0007320325454988064
544	0.9999007579459185	0.9999075790791343	6.821133215817454e-06
545	0.9977207606092138	0.9970158444242837	-0.0007049161849300711
546	0.9990407702214276	0.9981047858487739	-0.000935984372653631
547	0.9989756950639823	0.9985443319352256	-0.0004313631287566899
548	0.9980482620024802	0.9970444935767191	-0.001003768425761109
549	0.9999635128792321	0.9999846856592312	2.117277999902356e-05
550	0.9990156176010244	0.9983102873785361	-0.0007053302224883096
551	0.9997867126382597	0.999085072833161	-0.0007016398050987416
552	0.9989822226808075	0.9982077572818875	-0.0007744653989200101
553	0.9990735298308928	0.9989215195378546	-0.00015201029303824054
554	0.9999825090701135	0.9999317449955902	-5.0764074523312885e-05
555	0.9989650559828713	0.9980568345596769	-0.0009082214231944663
556	0.999205405898997	0.9989683780293716	-0.000237027869625428
557	0.9982291652320089	0.9975319874886746	-0.0006971777433343318
558	0.9989910248111126	0.9981487021062112	-0.000842322704901366
559	0.9981771815042293	0.997356451164003	-0.0008207303402263388
560	0.9999445771154067	0.9999210110392335	-2.3566076173264783e-05
561	0.9982369772397027	0.9975799539479722	-0.000657023291730563
562	0.99823762331765	0.9974322310989225	-0.0008053922187274409
563	0.9989676134161483	0.9984943288967717	-0.00047328451937656
564	0.9998634594121578	0.9991991389056483	-0.0006643205065095525
565	0.9989897809877287	0.9986119304062647	-0.00037785058146400097
566	0.9981040625781419	0.997541230538487	-0.0005628320396549036
567	0.9999792881637923	0.999929585341859	-4.9702821933284014e-05
568	0.9998639213208379	0.9994594571057484	-0.00040446421508955055
569	0.9990972080632236	0.9989572393904373	-0.00013996867278620595
570	0.9979918816809917	0.9973447034920815	-0.0006471781889102468
571	0.9989757662578594	0.9978331236324609	-0.0011426426253985378
572	0.9972897208076652	0.9966976410870638	-0.0005920797206013795
573	0.9983550980825168	0.9980682337264357	-0.0002868643560810513
574	0.9990349294732745	0.9985156115169035	-0.000519317956371057
575	0.99813487572541	0.9977805253132158	-0.00035435041219422647
576	0.9967049495188463	0.995445908446764	-0.0012590410720823009
577	0.998894114614311	0.9979397678405112	-0.0009543467737997968
578	0.9988668791757614	0.9984511848172938	-0.00041569435846766645
579	0.9989844217988114	0.9988504120047118	-0.0001340097940996099
580	0.9999738961099911	0.9998840041060847	-8.989200390641106e-05
581	0.9997430328519945	0.9987669530051193	-0.0009760798468751997
582	0.9999565252648956	0.999848442259046	-0.00010808300584963515
583	0.9972442546860055	0.9965817104262497	-0.0006625442597558706
584	0.9975501488078701	0.9963300039090581	-0.0012201448988119479
585	0.9982773603387088	0.9978642117593084	-0.00041314857940044636
586	0.9975712586918037	0.9967674468328821	-0.0008038118589216436
587	0.999877060545222	0.9994110659383345	-0.0004659946068874543
588	0.9989976647737299	0.9983029614764551	-0.0006947032972747236
589	0.9998588303360899	0.9994572882241989	-0.00040154211189102895
590	0.9992535536134725	0.9990359721200992	-0.0002175814933732534
591	0.9991366525231611	0.9989898618953659	-0.00014679062779521246
592	0.9979769046414293	0.9977422589792291	-0.00023464566220021688
593	0.9997174771300411	0.9988992492771768	-0.0008182278528643394
594	0.9991610718896488	0.9986166842529082	-0.0005443876367405842
595	0.9991031460694061	0.9985431986764816	-0.0005599473929245313
596	0.9975107588570756	0.9956561406183191	-0.0018546182387565446
597	0.9989516848606554	0.9980549146910949	-0.000896770169560579
598	0.9991211445917094	0.9987267917718523	-0.00039435281985711335
599	0.9999398988991592	0.9996249925199125	-0.0003149063792466933
600	0.9981232560345288	0.9977410447709357	-0.00038221126359305746
601	0.998906918732681	0.9986750093606963	-0.0002319093719846954
602	0.9998981058350663	0.9996360774401253	-0.00026202839494104957
603	0.9990601356337362	0.9985785996340493	-0.00048153599968692173
604	0.9981690507634415	0.9974844877537451	-0.0006845630096964372
605	0.9974769437617037	0.9960265582844016	-0.0014503854773021407
606	0.9999028366691277	0.9996369097932991	-0.00026592687582860375
607	0.9991568688582837	0.9985916369440749	-0.0005652319142087636
608	0.9981352959721029	0.9969930556873564	-0.0011422402847465207
609	0.9999566127665022	0.9999848277466495	2.8214980147378554e-05
610	0.9982179656878863	0.9972867663833168	-0.0009311993045695299
611	0.9998294002136383	0.9992417020006765	-0.0005876982129617847
612	0.9997468139563693	0.998464796591551	-0.0012820173648183664
613	0.9999276158177581	0.9999717978605461	4.418204278799909e-05
614	0.9998710175617881	0.99995224563019	8.122806840193952e-05
615	0.9983143940951948	0.9974843665619363	-0.0008300275332585594
616	0.9988828218072515	0.9981323008041364	-0.0007505210031151233
617	0.9990287037259296	0.9985780128477948	-0.00045069087813476294
618	0.9988429950591473	0.9981359776967963	-0.0007070173623510145
619	0.9975247143186845	0.996883696095124	-0.0006410182235605522
620	0.9990924435111525	0.9989911673013105	-0.00010127620984190511
621	0.9999639713312369	0.9999851562870612	2.11849558242605e-05
622	0.9990760035799561	0.9984777888591765	-0.0005982147207795885
623	0.9997824155476587	0.9987351291360338	-0.0010472864116248815
624	0.9989166249054634	0.9978904542369205	-0.0010261706685429361
625	0.9973954147295832	0.9964646388130614	-0.0009307759165217977
626	0.999808623425989	0.9991718967232013	-0.0006367267027876933
627	0.9999271979813529	0.9996175828579827	-0.00030961512337013275
628	0.9991346065228841	0.9990061346024814	-0.00012847192040266187
629	0.9999030115934093	0.9995916381278228	-0.00031137346558651746
630	0.999172814715428	0.9990059330238982	-0.0001668816915297855
631	0.9990919274162562	0.9987639108834797	-0.00032801653277647613
632	0.9991397421404209	0.9989532059318437	-0.00018653620857722597
633	0.9991254973217114	0.9986163381483709	-0.0005091591733404899
634	0.997326125501627	0.9966341089935746	-0.0006920165080523955
635	0.9999832245237766	0.9999360980115127	-4.7126512263906406e-05
636	0.998990112050919	0.9984340863697504	-0.000556025681168637
637	0.9998314947412956	0.9991952301470955	-0.0006362645942000755
638	0.9999499107283123	0.9999298204972253	-2.0090231086955512e-05
639	0.9992078135006325	0.9989375877102007	-0.0002702257904317884
640	0.9988603287778003	0.9988055158924071	-5.481288539321838e-05
641	0.998995072234285	0.9989046819688373	-9.03902654476596e-05
642	0.9981929189744897	0.9970628776772662	-0.0011300412972234941
643	0.9990165279728926	0.9981056166020013	-0.0009109113708913874
644	0.9991805251733042	0.998998212845256	-0.0001823123280482175
645	0.9998643928156025	0.999475567802377	-0.0003888250132254578
646	0.9999472514795126	0.9999281470520578	-1.91044274547858e-05
647	0.9989289396744542	0.998377452981021	-0.0005514866934331897
648	0.998041489280975	0.9973787941530833	-0.0006626951278917437
649	0.9999260018203789	0.9998628058072663	-6.31960131126652e-05
650	0.999939618134829	0.9996265453772248	-0.0003130727576041714
651	0.9991224054165126	0.9984040971178287	-0.0007183082986839118
652	0.9997505053070052	0.9991294082812766	-0.0006210970257285453
653	0.9989685712497994	0.9981785657082067	-0.0007900055415926976
654	0.9999683598568188	0.9998714695528285	-9.689030399029352e-05
655	0.9999222370519569	0.9995477318433836	-0.0003745052085732947
656	0.9989817588654911	0.9985890520212465	-0.0003927068442446391
657	0.9989724227978175	0.9986070313709225	-0.0003653914268949565
658	0.9990362067321845	0.9984826054149165	-0.0005536013172680043
659	0.9999405329543387	0.9996336151626593	-0.00030691779167946187
660	0.9974056145581023	0.9967475208068498	-0.0006580937512524754
661	0.9966665704996865	0.9947095810299786	-0.0019569894697079038
662	0.9991970147385871	0.9989582508889856	-0.00023876384960153096
663	0.9989128784342304	0.998130882045784	-0.0007819963884463377
664	0.9988499709330622	0.9976631499900227	-0.0011868209430394572
665	0.9999546990667737	0.9998210083532918	-0.0001336907134819043
666	0.9980654171519192	0.9974126378273872	-0.0006527793245320046
667	0.9975487410820091	0.9970131627497967	-0.0005355783322124053
668	0.999062145187339	0.9985128122115916	-0.0005493329757474408
669	0.9991068355804134	0.9985331685839949	-0.000573666996418476
670	0.9990025493121654	0.9986226178528711	-0.0003799314592942693
671	0.9988937196125834	0.9976434125204982	-0.00125030709208529
672	0.9998823110720407	0.9995538564432539	-0.00032845462878683396
673	0.9983145172955445	0.9976125520842397	-0.0007019652113048336
674	0.9989383837854897	0.9983880965293337	-0.0005502872561560235
675	0.9999663254008065	0.9998665233679259	-9.980203288062484e-05
676	0.9997016921648119	0.9984147226527167	-0.0012869695120951707
677	0.9989478106145597	0.9981203717554495	-0.0008274388591101856
678	0.9997894397538487	0.9995455392881184	-0.00024390046573030677
679	0.9990790081365312	0.9988616937481145	-0.00021731438841665618
680	0.9998253099376028	0.9995364639394121	-0.0002888459981906788
681	0.9982700060297046	0.9975455246050389	-0.0007244814246657461
682	0.9998486218219667	0.9996265386239082	-0.00022208319805849808
683	0.9999837171652544	0.99993916397863	-4.455318662432983e-05
684	0.9988773005280464	0.9983900739912722	-0.0004872265367741324
685	0.9989564112311664	0.9978378008081964	-0.0011186104229700122
686	0.9998915778077894	0.9995894662885614	-0.00030211151922798773
687	0.9991286664075407	0.9988953961180732	-0.00023327028946751316
688	0.9982147965707514	0.9978586122416994	-0.000356184329052045
689	0.9989809173828014	0.9982986539704232	-0.0006822634123782034
690	0.9999347900739783	0.9996140539160602	-0.0003207361579181667
691	0.9990622594067783	0.9989473245325172	-0.00011493487426106341
692	0.9981913323131524	0.9971812615470451	-0.0010100707661072628
693	0.9981172310267299	0.9973160152687004	-0.0008012157580294943
694	0.998310851651812	0.9975845352863963	-0.0007263163654156468
695	0.999937552682753	0.9996329135574845	-0.0003046391252684577
696	0.9990174222138429	0.9984516818253842	-0.0005657403884586909
697	0.9999826047209287	0.9999293520876147	-5.3252633314015974e-05
698	0.9999238010435806	0.9995664595953129	-0.00035734144826771175
699	0.9990677556688321	0.9985833391990543	-0.00048441646977781527
700	0.9999145266862005	0.9999143323837578	-1.94302442690919e-07
701	0.9999017998425211	0.9998974024062982	-4.39743622293598e-06
702	0.9969265963658237	0.9956294170269119	-0.0012971793389118247
703	0.9999759272200852	0.9998928960636511	-8.30311564341546e-05
704	0.9975313578614265	0.9968210054700632	-0.0007103523913633003
705	0.9989975726680557	0.9979673088751863	-0.0010302637928694125
706	0.9990286433840182	0.9985162992051204	-0.0005123441788977834
707	0.9998157478638527	0.9994101115247134	-0.00040563633913937025
708	0.9984095454482808	0.9980220933245333	-0.00038745212374746707
709	0.9991271936618167	0.9985805846549074	-0.0005466090069092822
710	0.999767592242808	0.9994414098835951	-0.00032618235921288985
711	0.999999762698601	0.9999994136944779	-3.490041231568597e-07
712	0.9998600383504895	0.9992283873598241	-0.0006316509906654222
713	0.9991237618185402	0.9985881495149739	-0.0005356123035663574
714	0.9990774553646424	0.9987916221496945	-0.0002858332149479059
715	0.9980508128942618	0.997009453637009	-0.001041359257252794
716	0.9988170928935425	0.9980610108107496	-0.0007560820827928749
717	0.9998435747641948	0.9992352001388587	-0.0006083746253361388
718	nan	nan	nan
719	0.9997900953507484	0.9994816371688667	-0.0003084581818816323
720	0.9990301984717757	0.9986819048783583	-0.0003482935934173703
721	0.9991930919604541	0.9986343321655252	-0.0005587597949289203
722	0.9999200184563154	0.999557632256716	-0.0003623861995993849
723	0.9999331883023438	0.9998701910533944	-6.299724894942571e-05
724	0.9998670022784752	0.9995048972108318	-0.00036210506764344785
725	0.9999433641349488	0.9996498267012046	-0.0002935374337441621
726	0.9989580054361202	0.9983858183377224	-0.0005721870983977917
727	0.9998045789440667	0.9992253584068636	-0.0005792205372031622
728	0.997264828297592	0.9966737528815135	-0.0005910754160785014
729	0.9998062293246847	0.9991295180395521	-0.0006767112851325807
730	0.9989515559794947	0.9980282900661188	-0.0009232659133758814
731	0.997093098769209	0.9959913341514399	-0.0011017646177691187
732	0.9990604076644772	0.9978749170283637	-0.0011854906361135065
733	0.9991574147407452	0.9989880882988512	-0.00016932644189393553
734	0.9977556547485968	0.9971346766313567	-0.0006209781172401563
735	0.9990570570749185	0.998879900727717	-0.00017715634720150142
736	0.9991700723979877	0.9982973846486405	-0.000872687749347234
737	0.9989929601324847	0.9983554882371337	-0.0006374718953510161
738	0.9981980689338205	0.9970443504895312	-0.0011537184442892423
739	0.9996992269303197	0.9985109781294487	-0.0011882488008709835
740	0.9999869196387908	0.9999427379206863	-4.418171810449678e-05
741	0.999041523309802	0.99855302449975	-0.0004884988100519738
742	0.9990834684652168	0.9985366153583485	-0.0005468531068683058
743	0.9990504784184671	0.9979325991466339	-0.0011178792718331554
744	0.9973830005269236	0.9966813571428101	-0.0007016433841134928
745	0.9998818828793442	0.9993223908652448	-0.0005594920140994386
746	0.9998081399106362	0.9991735967732427	-0.0006345431373935284
747	0.9980778645525503	0.9967394171444198	-0.0013384474081304942
748	0.9981314642702066	0.997497136105561	-0.0006343281646455923
749	0.9973612434620968	0.9968424632999195	-0.0005187801621772126
750	0.9980778074647217	0.9973897786203717	-0.0006880288443500415
751	0.9990679820414765	0.9989236031657918	-0.0001443788756847475
752	0.999915558266633	0.9995258660460898	-0.00038969222054319186
753	0.9975851007387858	0.9966402369083284	-0.000944863830457443
754	0.9998908720230921	0.9994557776839594	-0.00043509433913269113
755	0.9982777543060806	0.9974219207831013	-0.0008558335229792435
756	0.9999558045574957	0.9999826319116885	2.682735419279325e-05
757	0.9998849896472604	0.9995528335290791	-0.00033215611818127044
758	0.998212476985529	0.9975181390235835	-0.0006943379619454015
759	0.9989270116415043	0.9977771446365665	-0.001149867004937799
760	0.9988875548835328	0.9977384125539379	-0.0011491423295948433
761	0.9998089006521246	0.9995360005403423	-0.00027290011178227047
762	0.9989628765474418	0.9984765906919985	-0.0004862858554433025
763	0.999866116376426	0.9992448408224557	-0.0006212755539702908
764	0.997133506193829	0.996255284813814	-0.0008782213800150318
765	0.998185923860329	0.9976281335677328	-0.000557790292596172
766	0.9983469594573398	0.9978943502304235	-0.00045260922691625627
767	0.9997601436528386	0.9991483142874822	-0.00061182936535642
768	0.9991104550493939	0.9989671510851224	-0.00014330396427153502
769	0.9999562181721791	0.9999832127483733	2.6994576194261377e-05
770	0.9988960930950431	0.9987501309131182	-0.00014596218192497457
771	0.9997332467844184	0.9984865628864692	-0.0012466838979492412
772	0.9990228195020979	0.9982035762428776	-0.0008192432592203369
773	0.9998417321711464	0.9995289039558497	-0.0003128282152966566
774	0.9974098968096495	0.9965040772589685	-0.0009058195506810307
775	0.998187666574132	0.9978008254499879	-0.00038684112414411054
776	0.9998870263471843	0.9999449895479781	5.796320079376471e-05
777	0.9974051234514586	0.9962281202877606	-0.0011770031636979539
778	0.9990592890718223	0.9981415015093771	-0.0009177875624452048
779	0.9989158760375894	0.9980834923137186	-0.0008323837238707332
780	0.999935096999154	0.9996179335423839	-0.0003171634567700199
781	0.9988585154722545	0.9988447124179902	-1.3803054264238668e-05
782	0.9997992495393013	0.9991090198753344	-0.0006902296639669236
783	0.9987499608813181	0.9975358192917815	-0.0012141415895365881
784	0.9991289802194802	0.9989091711254554	-0.0002198090940247477
785	0.9998261198619062	0.999930385723419	0.00010426586151279782
786	0.9998396858371904	0.9992384042665365	-0.0006012815706538666
787	0.9990795949548648	0.9984502641419465	-0.0006293308129182718
788	0.9991194452640245	0.9990161350791678	-0.00010331018485676413
789	0.9989397284318838	0.9984550362476672	-0.0004846921842166507
790	0.9991218548543594	0.9985147318146315	-0.0006071230397279859
791	0.998959194254839	0.9984671454435317	-0.0004920488113073773
792	0.9990822942113595	0.9982092019569052	-0.0008730922544543107
793	0.9947347860735597	0.9929903169996458	-0.0017444690739139013
794	0.9990803064627066	0.9987876537136774	-0.0002926527490292319
795	0.9999299599532177	0.999862125339614	-6.783461360360121e-05
796	0.9990984933853765	0.9989785820881499	-0.00011991129722654925
797	0.996787092948317	0.9945557799387812	-0.002231313009535829
798	0.9977082382102586	0.9971538906792844	-0.0005543475309741641
799	0.9999456730678284	0.999644931678073	-0.0003007413897554434
800	0.9989621078733197	0.9985608164604307	-0.0004012914128890266
801	0.9991454877779125	0.9990298630221001	-0.00011562475581239351
802	0.9999301194100001	0.9998539875756302	-7.613183436994131e-05
803	0.998335126347784	0.9979045403344285	-0.00043058601335543845
804	0.9990533869474727	0.9986273146039495	-0.00042607234352320944
805	0.999835897196962	0.9995305886748668	-0.00030530852209520454
806	0.9989246295914941	0.9980881109795168	-0.0008365186119773105
807	0.9999318128872772	0.9998576429014817	-7.416998579545808e-05
808	0.9991369639677112	0.9988870145105173	-0.0002499494571939209
809	0.9992199185451085	0.9987517992403755	-0.00046811930473300567
810	0.9990409387943007	0.9985185340240257	-0.0005224047702749868
811	0.9997216917206159	0.9992322253088888	-0.0004894664117270908
812	0.9990945595764799	0.998605954367715	-0.0004886052087648141
813	0.9996943807749107	0.9985242964769991	-0.0011700842979115444
814	0.9982287906057382	0.9979089464844633	-0.0003198441212749481
815	0.9989683236791224	0.9982170751689897	-0.0007512485101326405
816	0.9998448561328299	0.9995489988600886	-0.0002958572727412845
817	0.999132037804208	0.9986013193267076	-0.0005307184775004137
818	0.9981889329063272	0.9975392297143542	-0.0006497031919729945
819	0.999103249046143	0.998217945402851	-0.0008853036432919792
820	0.99993459444243	0.9996336285087359	-0.0003009659336941084
821	0.9980535856859601	0.9972405526042273	-0.0008130330817328613
822	0.9998843693604126	0.99962036126348	-0.00026400809693261085
823	0.998226360566649	0.9972946020725487	-0.000931758494100321
824	0.9999072491513868	0.9994985115476738	-0.0004087376037130719
825	0.9999349344879326	0.9999082991406195	-2.6635347313064273e-05
826	0.9989941726120416	0.9978651501090458	-0.0011290225029958467
827	0.9989963750029721	0.9988465908611901	-0.0001497841417820167
828	0.999184330031296	0.9987411715063925	-0.0004431585249035086
829	0.9981984419272827	0.9974594729196401	-0.000738969007642587
830	0.9999328162743181	0.9995827806109048	-0.00035003566341329506
831	0.9999850795668932	0.9999391677798941	-4.59117869990866e-05
832	0.9990227308003014	0.9987782777692298	-0.00024445303107156757
833	0.999648664870759	0.9983518657870942	-0.001296799083664757
834	0.9970974385861812	0.9964140979339188	-0.0006833406522623875
835	0.999905531518754	0.999493257480788	-0.000412274037966065
836	0.9991489496154421	0.9988653888456706	-0.0002835607697715403
837	0.9991708104679418	0.9990150734685275	-0.00015573699941429098
838	0.9998720426928875	0.9993047156986974	-0.0005673269941901538
839	0.998130121914064	0.9971078377134638	-0.001022284200600243
840	0.9989883690341863	0.9985818036437728	-0.0004065653904135047
841	0.9990204318813884	0.998622538406865	-0.0003978934745234586
842	0.999981000320986	0.9999321241324215	-4.8876188564528356e-05
843	0.9964429403742767	0.9954698153893178	-0.0009731249849589396
844	0.999053581986598	0.9984319085448797	-0.0006216734417182623
845	0.9998134594414835	0.9995663229320049	-0.0002471365094786071
846	0.9997983438906899	0.9988979164683301	-0.0009004274223597397
847	0.9999189463118261	0.9995885127517381	-0.00033043356008799485
848	0.9991442891488527	0.9989457876699643	-0.00019850147888833547
849	0.9997953457745763	0.9995061718916409	-0.0002891738829353674
850	0.9988477664347704	0.998137650126665	-0.0007101163081053574
851	0.9999662137189839	0.9998601741645277	-0.00010603955445620539
852	0.9997935298431546	0.9992026985767517	-0.0005908312664029136
853	0.9980694446511681	0.9971577282799341	-0.0009117163712339948
854	0.9990553315143184	0.9982090254608192	-0.0008463060534991129
855	0.9999686181657896	0.9998633858969163	-0.00010523226887337866
856	0.999061172900607	0.9989190972628473	-0.00014207563775969767
857	0.9997649269442944	0.9991865946841514	-0.000578332260143033
858	0.9973376197655115	0.9967655345229028	-0.0005720852426086553
859	0.9998169811074378	0.9995528688783694	-0.0002641122290684139
860	0.9999140631871335	0.9999636580913264	4.959490419287338e-05
861	0.9999157292579687	0.999760045428011	-0.0001556838299576757
862	0.9990785964396147	0.9987843935743902	-0.0002942028652245243
863	0.9999996776725162	0.9999993152307008	-3.6244181533806596e-07
864	0.999097252237108	0.9985905002654999	-0.0005067519716080993
865	0.9980340571030393	0.9966479750066255	-0.0013860820964137766
866	0.9980339623065664	0.9969823643039148	-0.0010515980026515326
867	0.9991728954872899	0.9989753373989433	-0.0001975580883466499
868	0.9990761018267166	0.998456639751538	-0.0006194620751786006
869	nan	nan	nan
870	0.9999231582297414	0.9995546428060273	-0.00036851542371407753
871	0.9999172826564087	0.9998433119449353	-7.39707114734145e-05
872	0.9974130216392901	0.9961412121662067	-0.001271809473083474
873	0.9999358212780594	0.9996337318380926	-0.0003020894399667906
874	0.9999454925375915	0.999923071730039	-2.2420807552436806e-05
875	0.9999400284333069	0.9996341605050801	-0.0003058679282267329
876	0.9998900913881839	0.9995877694939502	-0.0003023218942336259
877	0.9997739270574947	0.9986117207499056	-0.0011622063075891198
878	0.9989575332632238	0.9980861953753493	-0.0008713378878745237
879	0.9982490585065498	0.9978450318667866	-0.00040402663976313313
880	0.9999154921143969	0.9998088865115958	-0.00010660560280106868
881	0.9998832163929878	0.9996088571200953	-0.0002743592728925437
882	0.9989498143073897	0.9978431821665318	-0.0011066321408579327
883	0.9974761137491233	0.9967978087280661	-0.0006783050210571462
884	0.9987801871617399	0.9977964455905752	-0.0009837415711646535
885	0.9990860642915141	0.9987771599425076	-0.0003089043490065446
886	0.9989442088980085	0.9983624808462137	-0.0005817280517947943
887	0.9982871642844899	0.9970634191303436	-0.0012237451541463606
888	0.9998237020145261	0.999455376332901	-0.00036832568162503687
889	0.9998826852749474	0.9995382828127943	-0.0003444024621530595
890	0.9999260820119014	0.9998619041938916	-6.417781800971412e-05
891	0.998100439517415	0.9977478316693758	-0.0003526078480392547
892	0.9990367681587615	0.9981645087396954	-0.0008722594190661015
893	0.9991122087410046	0.9987556145912854	-0.0003565941497192249
894	0.9990661531624357	0.9987880560172838	-0.0002780971451519232
895	0.9988226770073999	0.9981674539577151	-0.0006552230496847944
896	0.9989994608643351	0.9988828320989663	-0.00011662876536877587
897	0.999897125307111	0.9996045679902862	-0.0002925573168247597
898	0.9991007565461899	0.9984864367882809	-0.0006143197579090431
899	0.9997184769409415	0.9983581063267473	-0.0013603706141942506
900	0.9998387969361826	0.9991144391945959	-0.0007243577415867453
901	0.9997795389725659	0.9986688244276783	-0.0011107145448875366
902	0.9990528867841613	0.9984875762398401	-0.0005653105443211848
903	0.9989407416472091	0.9982965809928834	-0.0006441606543257095
904	0.9990309879165894	0.9985002313986954	-0.0005307565178940266
905	0.9998586302993259	0.9995910438345937	-0.000267586464732128
906	0.9981683283114035	0.9974334869911871	-0.000734841320216395
907	0.9990285504577378	0.9989155455553697	-0.0001130049023680968
908	0.9999874263828497	0.9999420286434726	-4.539773937706215e-05
909	0.9999626204584827	0.9999851731286867	2.2552670204012415e-05
910	0.998828287322765	0.9973522262416376	-0.001476061081127411
911	0.9979683239459329	0.9974754375262643	-0.0004928864196686034
912	0.9999387883295823	0.9996109911112114	-0.00032779721837083997
913	0.99907345385476	0.9983523219711143	-0.0007211318836456426
914	0.99895591221198	0.9984677657915436	-0.000488146420436375
915	0.9991341839108951	0.9988944285690152	-0.00023975534187992142
916	0.9998530328702037	0.9991722617293783	-0.0006807711408253203
917	0.998103151305177	0.9971781966482269	-0.0009249546569500833
918	0.9983295795085085	0.9979496897219599	-0.00037988978654868166
919	0.9989573654445553	0.9988286162160196	-0.00012874922853567394
920	0.9990168198710311	0.9984690105364966	-0.0005478093345344659
921	0.9997973186980089	0.9991054913052432	-0.0006918273927657426
922	0.9989331418338429	0.9972627463848264	-0.0016703954490164818
923	0.9989532775676068	0.9983920338679988	-0.0005612436996079717
924	0.9998632587437917	0.999244971124944	-0.0006182876188476349
925	0.9964815699257885	0.9952252479249724	-0.0012563220008161569
926	0.9983086444256403	0.997801416919369	-0.0005072275062713016
927	0.9982208433187212	0.9977147075638383	-0.0005061357548828971
928	0.9990457176829413	0.9982068804987795	-0.0008388371841617781
929	0.9999126519361158	0.9994989131797162	-0.00041373875639960644
930	0.9982045116466173	0.9975450383842996	-0.0006594732623176336
931	0.9997722915773838	0.9991518949272841	-0.0006203966500997193
932	0.9982782577401226	0.9975699860138293	-0.0007082717262932858
933	0.9998925540910772	0.9994300384906041	-0.00046251560047316786
934	0.9997484452617362	0.99867190579849	-0.0010765394632462622
935	0.9998155706373554	0.9994467716185267	-0.0003687990188286916
936	0.9976557554204428	0.9970060158764984	-0.0006497395439444276
937	0.9998877377785662	0.9994520486556012	-0.0004356891229649884
938	0.9990710721824158	0.9987544667736339	-0.00031660540878186705
939	0.9999997240184922	0.999999359827604	-3.6419088822459145e-07
940	0.9998788227562468	0.9995326816729779	-0.0003461410832689138
941	0.9990056609077432	0.9986388877045819	-0.0003667732031613635
942	0.9991256770721465	0.9985714738155513	-0.0005542032565951649
943	0.9999174327177593	0.9995865495572009	-0.00033088316055840394
944	0.9999617264232131	0.9999846357107479	2.2909287534789158e-05
945	0.9999859553969894	0.9999383625502953	-4.759284669408892e-05
946	0.9980703351124222	0.9973906335899586	-0.0006797015224635494
947	0.9991709327933923	0.9989315608992225	-0.000239371894169782
948	0.99905082311086	0.9985286431538094	-0.0005221799570506169
949	0.9979354273486485	0.9973801349266816	-0.0005552924219668354
950	0.9981502447851813	0.9973866278538929	-0.0007636169312884578
951	0.9982723878438446	0.9978246862142913	-0.00044770162955332093
952	0.9990157423325247	0.9984930344122166	-0.0005227079203080631
953	0.997829323203248	0.9968685794382898	-0.0009607437649582495
954	0.9998031601754693	0.9993426752074218	-0.00046048496804751426
955	0.9982681070886629	0.99720333555083	-0.0010647715378329092
956	0.9990614619072888	0.999002875929382	-5.858597790686648e-05
957	0.9990409490739341	0.9987755364920304	-0.0002654125819037123
958	0.9998880963977775	0.9996116520925046	-0.0002764443052729604
959	0.996346440684182	0.9950985365427403	-0.0012479041414417136
960	0.9990094306316193	0.9985607339038626	-0.00044869672775671443
961	0.9990121634871649	0.9982960192580277	-0.0007161442291372389
962	0.9990033803484244	0.998767195069025	-0.00023618527939939238
963	0.9991785214299221	0.999027294609453	-0.00015122682046908587
964	0.9990588092854297	0.9982583039304158	-0.0008005053550138586
965	0.9999139247045196	0.9999662108630256	5.2286158506054115e-05
966	0.9999370166401842	0.9996401052340729	-0.00029691140611132205
967	0.9989845871026793	0.9983155687776013	-0.0006690183250780413
968	0.9982010412607415	0.9974945634311126	-0.0007064778296288488
969	0.999985415280563	0.9999414562411701	-4.3959039392804655e-05
970	0.9998082198190674	0.9995526685397982	-0.0002555512792692394
971	0.9991322805961436	0.9985844381461915	-0.0005478424499520962
972	0.9989634408230603	0.9981775221543602	-0.0007859186687001474
973	0.9981701547288216	0.9978501360408949	-0.0003200186879267486
974	0.9999268075005626	0.999827369982795	-9.943751776764209e-05
975	0.9973630270629719	0.9966725003783976	-0.0006905266845742553
976	0.999113508123034	0.9984562110675511	-0.0006572970554828972
977	0.998206070393535	0.9978128596392952	-0.00039321075423981444
978	0.9989114988089272	0.998183568250726	-0.0007279305582011952
979	0.9990047377065242	0.9984244144593235	-0.0005803232472006981
980	0.9995448771994726	0.9980868282043807	-0.0014580489950919429
981	0.9982700546711996	0.9975090728897655	-0.0007609817814340225
982	0.9989735900344914	0.9988673695918385	-0.00010622044265284902
983	0.9982993299607716	0.9975230698208019	-0.0007762601399697866
984	0.9989186037193242	0.9971035865053197	-0.0018150172140044551
985	nan	nan	nan
986	0.9972345994259889	0.9960503005849414	-0.0011842988410475375
987	0.9999168431087917	0.9999633929554232	4.6549846631549485e-05
988	0.9967190651287009	0.9959026657372988	-0.0008163993914021006
989	0.9983243820397637	0.9980366069284995	-0.0002877751112642102
990	0.997537740830474	0.9964799311027075	-0.0010578097277664789
991	0.9973395776501246	0.9964981669038626	-0.0008414107462619835
992	0.9980755840812883	0.9973876828571232	-0.0006879012241650662
993	0.9989481407959346	0.9977611836534392	-0.0011869571424953929
994	0.9992331443177391	0.9989284739038465	-0.00030467041389259375
995	0.9998762486314666	0.9992444387863559	-0.0006318098451106868
996	0.9991126464146779	0.9985287517097938	-0.0005838947048840692
997	0.9991045730721205	0.9984231615561416	-0.0006814115159788914
998	0.999153500917044	0.9989607703603965	-0.00019273055664748018
999	0.9999109120184184	0.9997898718729058	-0.00012104014551261866
1000	0.9965451314751507	0.9954988407219553	-0.0010462907531954002
1001	0.9989721780076597	0.9981918499167595	-0.0007803280909002286
1002	0.9983003630783701	0.9979372701170549	-0.0003630929613152034
1003	0.9989761950431959	0.9984967060663782	-0.0004794889768177102
1004	0.9981487217281154	0.9973671839999249	-0.0007815377281905622
1005	0.9975607706423861	0.9970789144664893	-0.00048185617589679985
1006	0.9990409513260271	0.9985519785567978	-0.0004889727692293233
1007	0.9998049896444637	0.9991308263333406	-0.0006741633111231327
1008	0.9999078089640091	0.9999129742590681	5.165295059006425e-06
1009	0.9981221395155292	0.9970733265350487	-0.0010488129804805402
1010	0.997554360708474	0.9970557898816866	-0.0004985708267873923
1011	0.9991079319393892	0.9988363619665906	-0.00027156997279853545
1012	0.9999180633958711	0.9999712048657354	5.314146986434842e-05
1013	0.9974192646793502	0.9968927114854044	-0.000526553193945789
1014	0.9998332110270606	0.9994806771396431	-0.00035253388741751657
1015	0.9999231736145479	0.9995571993172473	-0.0003659742973005642
1016	0.9989642133352191	0.998181005926759	-0.0007832074084601626
1017	0.9999148815029291	0.9999675330400568	5.265153712774584e-05
1018	0.999967967155248	0.9998650460156261	-0.0001029211396219587
1019	0.9989919112523324	0.9977934443033659	-0.0011984669489665256
1020	0.9989256167465956	0.9981793124806048	-0.0007463042659908714
1021	0.9981638583234023	0.9977121574997501	-0.0004517008236522013
1022	0.9998993379176905	0.9994897632402187	-0.0004095746774718245
1023	0.9998483039707983	0.9995307068124537	-0.0003175971583445625
1024	0.9991358522830335	0.9988702068663096	-0.0002656454167239142
1025	0.9999028280639238	0.9995996890817302	-0.0003031389821935848
1026	0.997921603595479	0.9967311034891921	-0.0011905001062868514
1027	0.9998925281311686	0.9996246642330306	-0.0002678638981379322
1028	0.9981861071757806	0.9975403509739628	-0.0006457562018178375
1029	0.9982983605531008	0.9978340366727438	-0.00046432388035699823
1030	0.9997389018771966	0.9987032202430689	-0.0010356816341277053
1031	0.9999389725098835	0.9998610512615921	-7.792124829142377e-05
1032	0.9982092389099493	0.997870179035627	-0.00033905987432225615
1033	0.9999145605440753	0.9999659366111762	5.137606710081677e-05
1034	0.9980654018862009	0.9975837111684493	-0.00048169071775150396
1035	0.9999226747604611	0.999967601070718	4.4926310256876434e-05
1036	0.9998379878847521	0.999530759303034	-0.00030722858171805534
1037	0.9997007470516495	0.9991039084466857	-0.0005968386049637342
1038	0.9991878702060687	0.9986949051382247	-0.0004929650678440201
1039	0.9976303076624441	0.9971968710184311	-0.00043343664401296333
1040	0.9998967519406446	0.9998979252668869	1.1733262422763957e-06
1041	0.9973209699394031	0.9966431627073927	-0.0006778072320103856
1042	0.9991331689309245	0.9988052344147469	-0.00032793451617763036
1043	0.9991157076875588	0.9985073187627432	-0.0006083889248155172
1044	0.9991701285128334	0.9988972944686911	-0.000272834044142245
1045	0.9999364825168896	0.9996536535076073	-0.0002828290092823371
1046	0.9972534170216852	0.9960063958369252	-0.0012470211847600554
1047	nan	nan	nan
1048	0.9977752639068088	0.9965210905909611	-0.001254173315847762
1049	0.9997497170971384	0.9991112040998176	-0.0006385129973208725
1050	0.9990655891529886	0.9988250357587121	-0.00024055339427653255
1051	0.9998925543802355	0.9995854802338271	-0.0003070741464084037
1052	0.9991830851191064	0.998606327857574	-0.0005767572615323902
1053	0.9999856290406612	0.9999403936844867	-4.523535617451113e-05
1054	0.9989880853822362	0.9984856040699236	-0.0005024813123125638
1055	0.9982696880902205	0.9972579417832399	-0.0010117463069806432
1056	0.9998739871874174	0.9995214210488008	-0.0003525661386165613
1057	0.9990827850967019	0.9985281932193847	-0.000554591877317212
1058	0.999231466319513	0.9989599508857979	-0.0002715154337150638
1059	0.9981558415989836	0.9973214571362211	-0.0008343844627625163
1060	0.9999003235408621	0.9998574793965705	-4.284414429156502e-05
1061	0.9999079172029298	0.9995224726167493	-0.0003854445861805056
1062	0.9990498451814938	0.9982335840763985	-0.0008162611050952506
1063	0.9982165621915116	0.9970308193064785	-0.0011857428850330365
1064	0.999170333469299	0.998612481181437	-0.0005578522878619818
1065	0.9990660946366055	0.9985939987985054	-0.0004720958381000395
1066	0.9997980848794356	0.9995568684076713	-0.00024121647176422734
1067	0.9990321245729267	0.9983891407823566	-0.0006429837905700397
1068	0.9998603035352323	0.9994840022074277	-0.0003763013278045291
1069	0.9999627447045588	0.9999860087981941	2.326409363528903e-05
1070	0.9999298922668525	0.9996180916414434	-0.0003118006254090311
1071	0.9999233174685072	0.9998496276028905	-7.368986561662183e-05
1072	0.9990457673819568	0.9985548249795919	-0.0004909424023649134
1073	0.9998377017651336	0.999241633984979	-0.000596067780154641
1074	0.9972535227404073	0.9965631720176067	-0.0006903507228006589
1075	0.9975089480347007	0.9962398624576556	-0.0012690855770450815
1076	0.9999448260084015	0.9999253846763809	-1.944133202058662e-05
1077	0.9990056242413986	0.9984182631820507	-0.0005873610593478684
1078	0.9991182510468135	0.9982424389041386	-0.0008758121426749588
1079	0.9999063351736679	0.9996152502325518	-0.00029108494111607097
1080	0.999074323550563	0.9989737105158213	-0.00010061303474173666
1081	0.999158763439419	0.998858073101603	-0.00030069033781598975
1082	0.9990942752828784	0.998988631905814	-0.00010564337706442384
1083	0.9986006843107322	0.9980551174374599	-0.0005455668732723407
1084	0.9989968743134698	0.998549107535422	-0.00044776677804780896
1085	0.9990221358671397	0.9986249290910045	-0.00039720677613519495
1086	0.9997443959867641	0.9988333710559394	-0.0009110249308247331
1087	0.9997874819071739	0.9992674849638857	-0.0005199969432881923
1088	0.9999829268378537	0.9999308976540185	-5.2029183835178294e-05
1089	0.9991582124628992	0.9989226347270685	-0.00023557773583060548
1090	0.9999406354440591	0.999914363289102	-2.627215495709656e-05
1091	0.9998920779295999	0.9998471982051446	-4.487972445532673e-05
1092	0.9978400803965088	0.9962450282795308	-0.0015950521169780796
1093	0.998212120192514	0.9974087754290231	-0.0008033447634909763
1094	0.999228796525542	0.9988646102594866	-0.0003641862660553885
1095	0.9980398925035634	0.9969327329828337	-0.0011071595207297058
1096	0.9999625113346524	0.9999832198263429	2.070849169044653e-05
1097	0.9991911279571434	0.9989366466322419	-0.0002544813249014677
1098	0.9998547659951352	0.9992045076207525	-0.0006502583743827062
1099	0.9992104300237763	0.9990296305426087	-0.0001807994811675595
1100	0.9999086579199858	0.9995215059227587	-0.0003871519972271642
1101	0.9981824915435283	0.9972106968828314	-0.0009717946606969674
1102	0.9990294227975374	0.9989242707185928	-0.00010515207894457035
1103	0.9982370289414216	0.9980587869291782	-0.00017824201224347913
1104	0.9989747527554212	0.9988626974187723	-0.00011205533664893075
1105	0.9999387609992543	0.9998751911732063	-6.356982604793782e-05
1106	0.9998976248677898	0.9996240703111563	-0.0002735545566334707
1107	0.9982441807228667	0.9975036732293471	-0.0007405074935196154
1108	0.998260616631163	0.9978714430403332	-0.0003891735908297944
1109	0.9952422182917647	0.9937663745035129	-0.0014758437882518294
1110	0.9991157425493582	0.9988969772903942	-0.00021876525896402654
1111	0.9991052355433059	0.99888847058628	-0.00021676495702582788
1112	0.9999119009511577	0.9997851571198676	-0.00012674383129007705
1113	0.9981423140883305	0.9977937505650871	-0.000348563523243417
1114	0.9973655253716516	0.9967165836606006	-0.0006489417110510098
1115	0.9981688006769176	0.9976292322618519	-0.0005395684150657498
1116	0.9990755378409034	0.9988593342351825	-0.00021620360572094377
1117	0.9989813706110077	0.9978503106041051	-0.0011310600069025512
1118	0.9998176167415714	0.9991903762269685	-0.0006272405146029447
1119	0.99998277185589	0.9999314120494198	-5.1359806470197e-05
1120	0.9999877666494407	0.9999443867141998	-4.3379935240839274e-05
1121	0.9982297878714299	0.9974677844463234	-0.0007620034251064611
1122	0.999082471363028	0.998578289491216	-0.0005041818718120039
1123	0.9991704994703674	0.9989456091788612	-0.00022489029150618567
1124	0.9997947786770823	0.9990631086227738	-0.0007316700543085197
1125	0.9988918191072653	0.9979736041830591	-0.0009182149242061843
1126	0.9979794115564459	0.9975931356173292	-0.0003862759391166648
1127	0.9998460029789912	0.9994822465188798	-0.0003637564601113308
1128	0.9990441152437224	0.9982320200319927	-0.0008120952117296465
1129	0.9989713767499311	0.9982601917886982	-0.0007111849612329024
1130	0.9989980415652093	0.9986713343066304	-0.0003267072585789732
1131	0.9990983237345891	0.9981989346052329	-0.0008993891293561651
1132	0.9991132974501775	0.998625432902318	-0.00048786454785954003
1133	0.9980310507452969	0.9969759014049628	-0.0010551493403340162
1134	0.9998722843002094	0.9995265750179702	-0.00034570928223920383
1135	0.9982316834948339	0.9975011927110641	-0.0007304907837698549
1136	0.9983001016844384	0.9976405415629606	-0.0006595601214778313
1137	0.9999406641511766	0.9999150131058784	-2.5651045298169528e-05
1138	0.9973343185148731	0.9961532441678227	-0.0011810743470503926
1139	0.9999618313686361	0.9999867365306434	2.490516200726045e-05
1140	0.9998619410571534	0.9998935977481794	3.165669102600521e-05
1141	0.9999452386278403	0.9999165302505044	-2.870837733592868e-05
1142	0.9973010038465314	0.9966390290940702	-0.0006619747524612141
1143	0.999087526655379	0.998573380499244	-0.0005141461561349869
1144	0.9999406520806181	0.9999140168218958	-2.663525872226291e-05
1145	0.999719586845837	0.9984549622679156	-0.0012646245779213139
1146	0.9991013264344871	0.9986411921779266	-0.0004601342565605515
1147	0.9999997449362455	0.9999993142776576	-4.3065858790214406e-07
1148	0.9990040152269801	0.9985512802745552	-0.0004527349524249269
1149	0.9996086633570257	0.9984085084320747	-0.001200154924950958
1150	0.9998948245953889	0.9996310201261095	-0.00026380446927942724
1151	0.9989816306316697	0.9982102320592628	-0.0007713985724068229
1152	0.9999207076607253	0.9995033990357679	-0.00041730862495736876
1153	0.997039085288042	0.996477424815049	-0.0005616604729929975
1154	0.9989847762340598	0.9985001607044033	-0.0004846155296565069
1155	0.9991087085128945	0.998613735010801	-0.0004949735020934876
1156	0.9999647054588374	0.9999846510438078	1.9945584970426644e-05
1157	0.9974256862110269	0.9969495682289965	-0.00047611798203039957
1158	0.9998219740224089	0.9993350607555107	-0.00048691326689820347
1159	0.9970412385070281	0.9964945715231003	-0.0005466669839278016
1160	0.9997254114937317	0.9987247349791119	-0.0010006765146198804
1161	0.9973406329420433	0.996495468215457	-0.000845164726586356
1162	0.9988824301907304	0.9981597366134883	-0.0007226935772420839
1163	0.9983329482771478	0.9980379974951624	-0.0002949507819853814
1164	0.9988028551634117	0.9967616181699875	-0.002041236993424178
1165	0.9982027640551295	0.9973093097465605	-0.0008934543085690194
1166	0.9999251683713335	0.9998516710580315	-7.34973133019734e-05
1167	0.9998763332196322	0.9995373980485384	-0.00033893517109384597
1168	0.9990059762767024	0.9981917739660129	-0.0008142023106895158
1169	0.9991295963543598	0.9986487359667974	-0.00048086038756245397
1170	0.9990914715508639	0.9986295166510631	-0.0004619548998007206
1171	0.9979347047203513	0.9968649722018345	-0.0010697325185168305
1172	nan	nan	nan
1173	0.9999461186199947	0.9997771402378038	-0.00016897838219087635
1174	0.9988863261346794	0.9983512548167911	-0.0005350713178883248
1175	0.9989638488452453	0.9984241560190213	-0.0005396928262239031
1176	0.9999275031119973	0.9999729945373781	4.549142538079476e-05
1177	0.9998629832409557	0.9992600854340029	-0.0006028978069527735
1178	0.9991043528083037	0.9989378259935806	-0.00016652681472306696
1179	0.9998681938452857	0.9994981194138427	-0.00037007443144299046
1180	0.9998995516009037	0.9996219256647716	-0.00027762593613211983
1181	0.9999374848970892	0.999638716032319	-0.0002987688647702047
1182	0.9997938951901825	0.9987991461993407	-0.0009947489908417317
1183	0.999818714047199	0.9992698266155988	-0.0005488874316001979
1184	0.9982231075581859	0.9971512011691531	-0.0010719063890327618
1185	0.9988708083313832	0.9980903523004678	-0.0007804560309153663
1186	0.9990732000028352	0.9985593709454519	-0.000513829057383286
1187	0.9998650335951322	0.9995045684065714	-0.0003604651885608101
1188	0.999067009886466	0.9988323133847361	-0.00023469650172991408
1189	0.9981007159890757	0.9969134863967636	-0.0011872295923121001
1190	0.9998789137367362	0.9992371727597361	-0.0006417409770000937
1191	0.9979902052334526	0.9969860494220888	-0.001004155811363816
1192	0.9999058665253652	0.9999017558882526	-4.110637112586524e-06
1193	0.9989857383662084	0.998165702268838	-0.000820036097370358
1194	0.9982306275775201	0.9978367857827704	-0.0003938417947497719
1195	0.9998584416642292	0.9996145447758945	-0.0002438968883347048
1196	0.999104027600282	0.9985229950670074	-0.0005810325332746835
1197	0.9991351118175097	0.9989011975637253	-0.00023391425378438413
1198	0.9997759853028372	0.9994814128673334	-0.00029457243550379264
1199	0.9998452968837233	0.9991328731885664	-0.0007124236951568941
1200	0.9997344512710774	0.998431019295601	-0.0013034319754764434
1201	0.9997257378458206	0.9991727130651521	-0.0005530247806685429
1202	0.9982130656495894	0.9971142577707406	-0.001098807878848862
1203	0.9999016576960118	0.9996166005894657	-0.00028505710654613825
1204	0.999911482083514	0.99996268405029	5.120196677599331e-05
1205	0.9991455118831128	0.9986501533673054	-0.0004953585158073981
1206	0.998952256005018	0.9984436993948647	-0.0005085566101533656
1207	0.9999278772993683	0.999861109696296	-6.67676030722264e-05
1208	0.9974096890873102	0.996875420467977	-0.0005342686193332558
1209	0.9998174690120109	0.9991283794532162	-0.0006890895587946533
1210	0.9998411440869064	0.9999344812791575	9.333719225113057e-05
1211	0.9976006733225059	0.997085976954543	-0.0005146963679628636
1212	0.998407998014481	0.997970894855205	-0.00043710315927603105
1213	0.9980039548175516	0.9968476471836812	-0.0011563076338703127
1214	0.9997439935062117	0.99879741193554	-0.000946581570671734
1215	0.9981956777196002	0.9973962549128623	-0.0007994228067378373
1216	0.9999794153034127	0.9999250090831009	-5.440622031183118e-05
1217	0.9980904335528523	0.9975550899589981	-0.0005353435938542095
1218	0.9998401577742331	0.9992283697457676	-0.0006117880284655097
1219	0.9991365909451231	0.998877614136053	-0.00025897680907005505
1220	0.999053287456732	0.9987548515926136	-0.00029843586411848477
1221	nan	nan	nan
1222	0.9998050729307121	0.9991876660331527	-0.0006174068975594027
1223	0.9998720724316293	0.9992392299336745	-0.0006328424979548108
1224	0.9982274581670297	0.9976252878002009	-0.000602170366828858
1225	0.9982664897157121	0.9975618724760602	-0.0007046172396518724
1226	0.9998442686906146	0.999161514971815	-0.0006827537187995558
1227	0.9991569846977736	0.9989436242628856	-0.00021336043488795475
1228	0.9988935978349139	0.9986853408080624	-0.000208257026851566
1229	0.9976397171509243	0.9965665780517117	-0.0010731390992125833
1230	0.9998370789199894	0.9991090595034088	-0.0007280194165806275
1231	0.9973822747181663	0.9959235216689408	-0.0014587530492254919
1232	0.9980914252506913	0.9970026654268964	-0.0010887598237948604
1233	0.9998432396522972	0.9994966430913046	-0.00034659656099256253
1234	0.9999439163671058	0.9996458356784871	-0.00029808068861869597
1235	0.9998146252787191	0.9995769377888815	-0.00023768748983765686
1236	0.9980909518534443	0.9978686917968683	-0.0002222600565759958
1237	0.9991312378797119	0.9986225684958937	-0.0005086693838182166
1238	0.9969639618376772	0.9963880633893334	-0.0005758984483438256
1239	0.9973688776221509	0.9963233005480213	-0.0010455770741295556
1240	0.9990656017977084	0.9984937883820305	-0.0005718134156779131
1241	0.9999312444693436	0.9996181130686795	-0.000313131400664024
1242	0.9999838345612728	0.9999264108608013	-5.742370047157053e-05
1243	0.9999079935422616	0.9995124290793309	-0.00039556446293065317
1244	0.9990796127934726	0.9988645501767424	-0.00021506261673021054
1245	0.9973164286294858	0.996402492514114	-0.0009139361153718273
1246	0.9991349265088703	0.9989446304692446	-0.0001902960396256148
1247	0.9998125503485279	0.9991587621163612	-0.0006537882321666633
1248	0.9980247333018915	0.9970554567232177	-0.000969276578673739
1249	0.9998268887836202	0.9994954026422296	-0.0003314861413906689
1250	0.9998651215738735	0.9994427916197896	-0.00042232995408397755
1251	0.9999003109868551	0.9996222224215225	-0.0002780885653325127
1252	0.999133790845456	0.9987634396074491	-0.00037035123800688297
1253	0.9990356898738676	0.9985780848058914	-0.0004576050679762078
1254	0.9998033425791375	0.9988302448206766	-0.0009730977584608835
1255	0.9988338277611855	0.9977425548067792	-0.0010912729544062527
1256	0.9998043888242152	0.9990152962693132	-0.0007890925549020045
1257	0.9999550099370517	0.9998063119355803	-0.00014869800147132572
1258	0.9991021118997132	0.9987330989159221	-0.00036901298379110603
1259	0.9990364907562724	0.9985766461048535	-0.00045984465141890585
1260	0.9979414359388618	0.9969463797422038	-0.0009950561966579619
1261	0.9980915099868839	0.9975342620291527	-0.0005572479577311551
1262	0.9982429086548867	0.9970355596115071	-0.001207349043379602
1263	0.9977563533859158	0.996074383906089	-0.0016819694798267948
1264	0.9999247183549654	0.9995681641581071	-0.00035655419685831635
1265	0.9984673949767848	0.9978128351962702	-0.0006545597805146519
1266	0.9989891088356107	0.9987440643338988	-0.0002450445017118108
1267	0.9991507756334415	0.9988838710360862	-0.0002669045973552331
1268	0.9990091973796198	0.9981715458365994	-0.0008376515430204012
1269	0.9996143886573867	0.9989885943957624	-0.0006257942616243461
1270	0.9991620170271246	0.9989650929550985	-0.00019692407202609452
1271	0.9999290644081893	0.9998583430665624	-7.072134162688926e-05
1272	0.9990827669364071	0.998538481128213	-0.0005442858081941004
1273	0.9991632842225167	0.9985977172520022	-0.0005655669705144639
1274	0.9998848708420063	0.9994409061630479	-0.0004439646789583529
1275	0.9999620552164189	0.9999863459791494	2.429076273047226e-05
1276	0.9997733407597891	0.9988819171037904	-0.0008914236559987021
1277	0.9999825128800388	0.999934281003226	-4.8231876812798724e-05
1278	0.9998794004611854	0.999299958219354	-0.0005794422418313738
1279	0.9999857588927886	0.9999356547797716	-5.010411301697992e-05
1280	0.998481776944421	0.9976988327953631	-0.0007829441490578848
1281	0.9989029502451089	0.9979437249678331	-0.0009592252772757659
1282	0.9999036829316557	0.9995205711372682	-0.00038311179438743626
1283	0.998362558015421	0.9977307193610822	-0.000631838654338801
1284	0.999879758494603	0.9995458854524909	-0.00033387304211207613
1285	0.9998418680688308	0.999543036614045	-0.0002988314547858195
1286	0.9981957370989734	0.9976696146361147	-0.000526122462858658
1287	0.9999863135412593	0.9999299084318277	-5.640510943161203e-05
1288	0.9991142891292258	0.9989790565742184	-0.00013523255500746956
1289	0.9998443782209624	0.999161977403512	-0.0006824008174504126
1290	0.9998720086236987	0.9996113945928937	-0.00026061403080501755
1291	0.999917353616544	0.9995705157587504	-0.00034683785779354714
1292	0.9991656488717425	0.9989039118770202	-0.00026173699472231693
1293	0.999154520315691	0.9982436842805358	-0.0009108360351551825
1294	0.9991206453372454	0.9989721238647531	-0.0001485214724923356
1295	0.9983354116359079	0.9971541565044707	-0.0011812551314371866
1296	0.998265383344851	0.9977005020999102	-0.0005648812449408069
1297	0.9990919109243601	0.9985951068005916	-0.0004968041237685128
1298	0.9999054937546377	0.999627165476919	-0.00027832827771867574
1299	0.999101321023436	0.9986324722742344	-0.00046884874920161135
1300	0.9983536673975311	0.9978335865417962	-0.0005200808557348502
1301	0.999834559859566	0.9992145623717236	-0.0006199974878424719
1302	0.9999447370782945	0.9999244030909754	-2.0333987319043345e-05
1303	0.9998642127234486	0.9995734690682526	-0.00029074365519599077
1304	0.9997794398654628	0.9992039573246948	-0.000575482540768002
1305	0.9999568726820397	0.9999824337196918	2.556103765205542e-05
1306	0.9989379624292237	0.9980657330328562	-0.000872229396367552
1307	0.9998921819129888	0.9995966275039556	-0.00029555440903317187
1308	0.9991328260309217	0.9988243247618281	-0.0003085012690935418
1309	0.9981545138829248	0.9974137055151123	-0.0007408083678124289
1310	0.9990040336146562	0.9981655583721147	-0.0008384752425414366
1311	0.9967677268287808	0.9955969216123202	-0.0011708052164606242
1312	0.9984072482096489	0.9979631695870127	-0.00044407862263617925
1313	0.9990387861905288	0.9989009727978672	-0.00013781339266161208
1314	0.9982964424592127	0.997894368866484	-0.00040207359272870224
1315	0.9999585680175901	0.9999827698890377	2.4201871447582235e-05
1316	0.9999997354886708	0.9999992503213627	-4.851673081063268e-07
1317	0.9991027301853641	0.9986282082696009	-0.00047452191576324854
1318	0.9991018695121333	0.9989293749197509	-0.0001724945923824439
1319	0.999231483583339	0.9990371896510079	-0.00019429393233116876
1320	0.9998832639081823	0.999289881232513	-0.0005933826756692184
1321	0.9998525051914542	0.9995833510117509	-0.00026915417970330147
1322	0.9999400712992571	0.9996215573461634	-0.0003185139530936798
1323	0.9981280136251371	0.9974213934356052	-0.0007066201895319368
1324	0.9990487263100115	0.9988113841325659	-0.000237342177445643
1325	0.9988673261600217	0.9975493687317594	-0.0013179574282623507
1326	0.9998354919583023	0.9995153270526496	-0.00032016490565278666
1327	0.9961354392290883	0.9958063327069187	-0.0003291065221696643
1328	0.9990949579347971	0.9986068212391629	-0.00048813669563418927
1329	0.9984217459500043	0.9980406185772125	-0.00038112737279183406
1330	0.9998742612900464	0.9999047879530438	3.0526662997409915e-05
1331	0.9975941896057462	0.9966384179770016	-0.0009557716287446061
1332	0.9989746868931291	0.9983088621259415	-0.0006658247671875728
1333	0.9990424050061332	0.9989940671370823	-4.833786905089621e-05
1334	nan	nan	nan
1335	0.9998769965742451	0.999623380341455	-0.00025361623279007706
1336	0.9947477991524556	0.9931241500278403	-0.0016236491246153228
1337	0.9975525142686347	0.9968869199876387	-0.0006655942809959958
1338	0.9996916232145687	0.9987191222661097	-0.0009725009484590208
1339	0.9988486600547787	0.9974164080446187	-0.0014322520101599512
1340	0.9998665607117745	0.9994733321367344	-0.00039322857504009434
1341	0.9989509321919846	0.9980890406833068	-0.0008618915086777701
1342	0.9983228977501891	0.9979279154097178	-0.000394982340471306
1343	0.9998940534326155	0.9995977418003151	-0.0002963116323003723
1344	0.999845199760166	0.9995338852174661	-0.0003113145426998365
1345	0.9989300508434975	0.9980724425860992	-0.0008576082573983346
1346	0.9988511630201541	0.9983727983957332	-0.00047836462442085725
1347	0.9990953043472846	0.9985137426143377	-0.0005815617329468781
1348	0.9998809373193648	0.9995493192286831	-0.0003316180906817179
1349	0.9991149471608095	0.998880432359376	-0.00023451480143354964
1350	0.9999366231024711	0.9996070789098891	-0.00032954419258202083
1351	0.999710287441444	0.9991415508092496	-0.0005687366321943665
1352	0.9990328427098244	0.9983371535523852	-0.0006956891574392277
1353	0.9990674276578665	0.9988110807607203	-0.00025634689714615355
1354	0.9972110250925522	0.9968505721674946	-0.0003604529250575972
1355	0.9998336696770411	0.9995184960354272	-0.0003151736416139306
1356	0.9990996377416259	0.9988455426156119	-0.00025409512601404227
1357	0.9990748058367608	0.9985994992529185	-0.0004753065838423165
1358	0.998018763706184	0.9971416229013659	-0.000877140804818155
1359	0.9996828742545404	0.9984144168257331	-0.0012684574288073236
1360	0.9997796613921895	0.9988130039376543	-0.0009666574545352802
1361	0.9990676643978824	0.998633037526981	-0.0004346268709014556
1362	0.9998415079639165	0.9995959221726024	-0.00024558579131406244
1363	0.9979439146259266	0.996800089881554	-0.001143824744372579
1364	0.9999017613251482	0.9995136196063413	-0.0003881417188068559
1365	0.9999817924169109	0.9999295072641117	-5.228515279920298e-05
1366	0.9982877785123611	0.9974642542037643	-0.0008235243085967792
1367	0.9999562245060736	0.9999819416777544	2.5717171680872397e-05
1368	0.9990544465701808	0.9984871836863419	-0.0005672628838389038
1369	0.9982017399399294	0.9979971400604428	-0.00020459987948662217
1370	nan	nan	nan
1371	0.9983318296998728	0.9974940333160209	-0.000837796383851841
1372	0.9990587019350026	0.9985213382499029	-0.0005373636850997121
1373	0.9998160159351647	0.9991242636747645	-0.0006917522604001913
1374	0.9998292573515837	0.9992366529091944	-0.0005926044423892884
1375	0.9991701668361248	0.9989663829614376	-0.00020378387468722448
1376	0.9987009261681459	0.9968222653858614	-0.0018786607822844914
1377	0.9999090506514692	0.999962749486818	5.369883534878106e-05
1378	0.9979944203479011	0.9970387647333792	-0.000955655614521933
1379	0.9989269989367122	0.9981043005277577	-0.0008226984089545475
1380	0.9988596099263889	0.9977664463369266	-0.0010931635894623204
1381	0.9996858686068131	0.9983439897830978	-0.0013418788237152812
1382	0.9999388441535867	0.9998622856515257	-7.655850206100823e-05
1383	0.998444279576587	0.9979295570022447	-0.0005147225743422634
1384	0.999158097105195	0.9990113039350729	-0.000146793170122117
1385	0.9990908436935171	0.9984436601647249	-0.0006471835287922278
1386	0.9989549319096784	0.998211121914688	-0.0007438099949904631
1387	0.9982298579983437	0.9975603725489296	-0.0006694854494141422
1388	0.9991799237741152	0.9988984543908783	-0.00028146938323692083
1389	0.9990255791129514	0.9984982249576624	-0.0005273541552890393
1390	0.998982141346191	0.9978884439282311	-0.001093697417959949
1391	0.999858127954091	0.9991665315779904	-0.0006915963761006116
1392	0.9999205924590685	0.9995602499719689	-0.0003603424870995964
1393	0.999919648492198	0.9995512453207273	-0.00036840317147079915
1394	0.999015174806557	0.9987461935165798	-0.0002689812899772104
1395	0.9999377979451416	0.9999166664785903	-2.1131466551249645e-05
1396	0.9978210840289854	0.9972587125087612	-0.000562371520224203
1397	0.9990108953103064	0.9981842504669636	-0.0008266448433428275
1398	0.9988484220612568	0.9980589141832898	-0.000789507877966944
1399	0.9989837201872963	0.9982250242265576	-0.0007586959607387422
1400	0.9998427586305072	0.9995967129050837	-0.0002460457254235271
1401	0.9998588212351907	0.9998854207355091	2.659950031846936e-05
1402	0.9988288518906181	0.9980866282897218	-0.0007422236008962635
1403	0.9990580405603804	0.9985081743686043	-0.000549866191776105
1404	0.9989900742023304	0.998750629676117	-0.00023944452621338375
1405	0.9973808228502634	0.9969574963492838	-0.0004233265009796483
1406	0.9974561194923262	0.99669868660605	-0.0007574328862761659
1407	0.9983274387052326	0.9975865653577165	-0.0007408733475160467
1408	0.9980677245201696	0.9971096980563899	-0.0009580264637796265
1409	0.9990417835763008	0.9989157150882296	-0.00012606848807117377
1410	0.9981738186387397	0.9977597606367973	-0.0004140580019423856
1411	0.9999846103321188	0.9999369934309836	-4.761690113519457e-05
1412	0.9990272836508164	0.9986154847808922	-0.0004117988699241515
1413	0.9990159620848199	0.9979980404809661	-0.001017921603853833
1414	0.9971248675516143	0.9955930069703367	-0.0015318605812776331
1415	0.9971827481939791	0.996563551284355	-0.0006191969096240868
1416	0.9999100313429757	0.9999080258311831	-2.005511792635417e-06
1417	0.99990789481881	0.9999708476950745	6.29528762644549e-05
1418	0.998313636556028	0.9980153410638588	-0.00029829549216919826
1419	0.9990192515268049	0.9980641009755242	-0.0009551505512807035
1420	0.9997287022674008	0.9994204119607865	-0.0003082903066143894
1421	0.9990935529476456	0.9986659272955267	-0.00042762565211884596
1422	0.9990912995408566	0.998834007829809	-0.0002572917110476025
1423	0.9961493393182975	0.9952515185918164	-0.0008978207264811466
1424	0.9990372037405583	0.9981807334364681	-0.0008564703040901955
1425	0.9989295286351675	0.9984262775862935	-0.0005032510488739428
1426	0.9990885774565902	0.9988104491649487	-0.00027812829164153285
1427	0.9964567674427517	0.9953748390268353	-0.0010819284159163667
1428	0.9997193706716594	0.9989827803240288	-0.0007365903476306279
1429	0.9989869214167841	0.9982395471480937	-0.0007473742686904261
1430	0.999868059716491	0.9992202248372913	-0.0006478348791996158
1431	0.9990765655727611	0.9989154990472359	-0.00016106652552527745
1432	0.9991499614588529	0.9986498641538135	-0.0005000973050394153
1433	0.9991395183562017	0.998948363290453	-0.0001911550657487382
1434	0.9980938227784578	0.9973491539139837	-0.0007446688644741073
1435	0.9990282254411937	0.99816773581242	-0.0008604896287737196
1436	0.9988972660418911	0.998010762791918	-0.0008865032499730807
1437	0.9984205277549502	0.9980749414858361	-0.0003455862691140732
1438	0.9990338640018981	0.9984326615175546	-0.0006012024843434771
1439	0.9990310763204399	0.9985306590264261	-0.000500417294013733
1440	0.9981326669272333	0.9971885956512087	-0.0009440712760246939
1441	0.9999312501813254	0.9998609831124693	-7.026706885615575e-05
1442	0.9992183284726924	0.9990287739556885	-0.00018955451700397585
1443	0.9974332240601106	0.9961303632328773	-0.0013028608272332987
1444	0.9989688310109481	0.9981860578292604	-0.0007827731816877348
1445	0.9990843701721044	0.999000244193069	-8.412597903539876e-05
1446	0.9983153399393512	0.9979651565858956	-0.00035018335345560203
1447	0.999891282751533	0.9998584490014406	-3.283375009244249e-05
1448	0.9998784186634999	0.9998466928138704	-3.1725849629515857e-05
1449	0.9982508240153265	0.9972578484474546	-0.0009929755678719232
1450	0.999047116865754	0.9988051963757032	-0.0002419204900507843
1451	0.9998440135745439	0.9995457617579293	-0.0002982518166145809
1452	0.9990241407566092	0.9981361626839723	-0.0008879780726368525
1453	0.9999829004624801	0.9999357982247885	-4.7102237691554194e-05
1454	0.998049904159341	0.9963242049006273	-0.0017256992587136866
1455	0.9999295443636285	0.9998707091162845	-5.883524734395795e-05
1456	0.9998925318023301	0.9995907079923937	-0.0003018238099363746
1457	0.9991681293121408	0.9989866421582636	-0.00018148715387722447
1458	0.996187767749162	0.9950324188495376	-0.00115534889962432
1459	0.9972615168402533	0.9958512354146821	-0.0014102814255712026
1460	0.9989218157366327	0.9977001701627555	-0.0012216455738772725
1461	0.9998689289723403	0.9992350328346483	-0.0006338961376919361
1462	0.9982541786461047	0.9979248719211857	-0.00032930672491893187
1463	0.9998544134725218	0.9995933540167496	-0.0002610594557721502
1464	0.9998870822977034	0.9995627533586008	-0.00032432893910261384
1465	0.9989793315655746	0.9983832298712253	-0.0005961016943493158
1466	0.9998300665794116	0.9990389813996279	-0.0007910851797837681
1467	0.9998766432618958	0.9995489746367051	-0.0003276686251907357
1468	0.9998854415116505	0.9996078695411079	-0.0002775719705425672
1469	0.9989650410332495	0.9977288619887753	-0.0012361790444741505
1470	0.9989964745742913	0.9986487296058885	-0.0003477449684028411
1471	0.9998749766952101	0.9995637122950337	-0.0003112644001763698
1472	0.9999363953720549	0.999635049050624	-0.00030134632143097306
1473	0.9978677589644395	0.996912881785233	-0.0009548771792065036
1474	0.9989511313276537	0.9985044393461905	-0.00044669198146318756
1475	0.9998732767167988	0.9999498950372021	7.661832040328775e-05
1476	0.999707123798226	0.9989866336075752	-0.000720490190650791
1477	0.9970169508723811	0.9962179915965406	-0.0007989592758405051
1478	0.9998693407276423	0.9995479704749027	-0.0003213702527395945
1479	0.9988834871875116	0.9984336459644212	-0.0004498412230904414
1480	0.9982216576396817	0.9974246803150865	-0.0007969773245952716
1481	0.9999816343431135	0.9999271288380918	-5.450550502172913e-05
1482	0.9990456071927161	0.9985109784388755	-0.0005346287538405825
1483	0.9990844335712048	0.9988943466540878	-0.00019008691711697168
1484	0.9982089538422102	0.9976711532326434	-0.0005378006095667631
1485	0.9979998011219972	0.9968849833956035	-0.0011148177263936576
1486	0.9983875485777088	0.9976328416002295	-0.0007547069774793691
1487	0.9998220743723905	0.9995812088535583	-0.00024086551883217844
1488	0.9979940695132656	0.9973589470579124	-0.0006351224553532431
1489	0.9999203682210163	0.9995638892999564	-0.0003564789210598329
1490	0.9998597370780719	0.9994790518714619	-0.0003806852066099431
1491	0.9989740840440527	0.9978258866293587	-0.0011481974146940743
1492	0.9997390325597048	0.99905594090728	-0.0006830916524247499
1493	0.9981592878772486	0.9971952567477811	-0.0009640311294675241
1494	0.9990552051926505	0.9987465316715612	-0.00030867352108920887
1495	0.9999845563984747	0.9999351624964758	-4.939390199887317e-05
1496	0.9982199176642753	0.9974672950483844	-0.0007526226158909299
1497	0.9998945789355356	0.9995672490804406	-0.00032732985509498214
1498	0.9999201365800944	0.9998402976669901	-7.983891310425761e-05
1499	0.9991452459175582	0.998498345173523	-0.0006469007440351726
1500	0.9982886953462445	0.9978957323219906	-0.00039296302425395613
1501	0.9979847686136558	0.9973528669197825	-0.0006319016938732824
1502	0.9982987897649797	0.9979296475233747	-0.00036914224160500275
1503	0.9990564098338701	0.998357005958834	-0.0006994038750360865
1504	0.9983391227712614	0.9978720240979783	-0.00046709867328309507
1505	0.9990382381322671	0.9984559697515775	-0.0005822683806896434
1506	0.9982391610353425	0.997494848511951	-0.000744312523391466
1507	0.9999082560727202	0.9999617721351008	5.35160623806874e-05
1508	0.9990556554802321	0.9984126171183129	-0.000643038361919257
1509	0.9990463169366535	0.998583474032169	-0.00046284290448450616
1510	0.9989122133775545	0.9978052535086175	-0.001106959868937052
1511	0.9999360291132471	0.9996210556917267	-0.00031497342152042584
1512	0.9989918633329025	0.9985413290158577	-0.00045053431704478175
1513	0.9979456209890324	0.9969822465698328	-0.0009633744191995808
1514	0.9999811691063071	0.9999238762153276	-5.7292890979443456e-05
1515	0.9998809595394612	0.9995474052268292	-0.00033355431263204505
1516	0.9990639117715292	0.9985283914012327	-0.0005355203702964717
1517	0.9998422087282597	0.9993075054346416	-0.000534703293618044
1518	0.9991531045004411	0.9989461451492827	-0.00020695935115844222
1519	0.9990146727968385	0.998128005621251	-0.0008866671755874966
1520	0.9991203509279061	0.9985732022432695	-0.000547148684636567
1521	0.9989293667464911	0.998183235888968	-0.0007461308575231751
1522	0.9980623892077208	0.9970164403368913	-0.0010459488708295384
1523	0.9989758317909129	0.9987465311370607	-0.00022930065385218246
1524	0.9991147005930807	0.9989029006695154	-0.00021179992356534783
1525	0.9991523434978082	0.9989646550701857	-0.00018768842762251214
1526	0.9989352250493386	0.9983693353562886	-0.0005658896930500479
1527	0.998014417094198	0.9975248464265741	-0.0004895706676238953
1528	0.9982167596250197	0.9975889868027888	-0.0006277728222308099
1529	0.9983141400807984	0.997788805940311	-0.0005253341404873879
1530	0.999845612104681	0.9995087805455202	-0.00033683155916086616
1531	0.9998488004291955	0.9992595099225279	-0.0005892905066676724
1532	0.9998281198857535	0.9994716751561166	-0.00035644472963691776
1533	0.998362052801583	0.997433997468741	-0.0009280553328420149
1534	0.9991178006914473	0.9985481949550931	-0.0005696057363542284
1535	0.9981979995973433	0.9973017949822386	-0.0008962046151047565
1536	0.9990410427102205	0.9986387627589091	-0.0004022799513114794
1537	0.9990495012456406	0.9989036808702436	-0.00014582037539700998
1538	0.9979929583181089	0.9971094243570012	-0.0008835339611076298
1539	0.9981738494522949	0.9976522948664118	-0.0005215545858830994
1540	0.9999572999118385	0.9999819485978905	2.4648686052008983e-05
1541	0.9967340673185596	0.9958008331742235	-0.0009332341443361036
1542	0.9998362986556799	0.9990623006401157	-0.0007739980155642145
1543	0.9999283743575285	0.9995793158922398	-0.00034905846528865414
1544	0.9991881984563895	0.9986134474359852	-0.0005747510204042738
1545	0.9999995420715306	0.9999986319367674	-9.101347632212153e-07
1546	0.9999093595018332	0.9999104404575803	1.0809557470237152e-06
1547	0.9982468593115463	0.998006264745226	-0.00024059456632030685
1548	0.9991532788598089	0.998653354521481	-0.0004999243383279062
1549	0.9982418172906034	0.997785468923931	-0.00045634836667229894
1550	0.9964799110349056	0.9955861912972567	-0.000893719737648957
1551	0.9982114596224038	0.9974538282041031	-0.0007576314183006527
1552	0.9984146202017038	0.997697184575709	-0.0007174356259948
1553	nan	nan	nan
1554	0.9964863999406267	0.9955585032734852	-0.0009278966671415478
1555	0.9990564947085169	0.9988400805681905	-0.00021641414032635975
1556	0.9981005591309953	0.9976878345896522	-0.00041272454134311243
1557	0.9999144615115727	0.9999683672992293	5.3905787656627346e-05
1558	0.998959846194766	0.9985115493113538	-0.0004482968834121914
1559	0.9990612040481182	0.9987459549777056	-0.0003152490704125821
1560	0.9989508106701441	0.9981513812100754	-0.0007994294600687235
1561	0.9999180421496188	0.9998431640304827	-7.487811913609033e-05
1562	0.9981668768129229	0.9978357415575189	-0.0003311352554040692
1563	0.9997989335950238	0.9989443445334749	-0.0008545890615488938
1564	0.9991189966892381	0.9989282171417291	-0.00019077954750901238
1565	0.9998204069712113	0.9990096723772851	-0.0008107345939262212
1566	0.9991390554659204	0.9986721694328018	-0.00046688603311861865
1567	0.9958033648843341	0.9948308290817122	-0.00097253580262191
1568	0.998471753441237	0.9980028537342341	-0.00046889970700281225
1569	0.9998794328410053	0.999527088122378	-0.00035234471862732875
1570	0.9989109805159654	0.9979978368376796	-0.000913143678285766
1571	0.9997463081482725	0.9994303252565411	-0.00031598289173140337
1572	0.999011925172342	0.9985377461459609	-0.0004741790263811385
1573	0.998102146830373	0.9971365168264021	-0.0009656300039708743
1574	0.9999854334297611	0.9999382930600367	-4.714036972441882e-05
1575	0.9979484963494748	0.9974541119282601	-0.0004943844212147441
1576	0.9999415722560637	0.9996150571817501	-0.0003265150743135825
1577	0.9979828059188616	0.9970460597772735	-0.0009367461415881184
1578	0.9998665179260992	0.9998921719072931	2.5653981193918263e-05
1579	0.9991179578633541	0.9985894081212124	-0.0005285497421416707
1580	0.9980438757525834	0.9967344654337993	-0.0013094103187840656
1581	0.99913431232186	0.9988859592899908	-0.00024835303186920843
1582	0.9990473643264953	0.9985895464983705	-0.00045781782812481797
1583	0.9976212623263853	0.9967373427658762	-0.0008839195605090389
1584	0.99917620206343	0.9990408601941135	-0.0001353418693165187
1585	0.9997812432389711	0.9990941965179411	-0.0006870467210300379
1586	0.9998153850404122	0.9994078663956035	-0.00040751864480870204
1587	0.9989985121910144	0.9984194162799267	-0.0005790959110877347
1588	0.9999237839355746	0.9998194312958797	-0.0001043526396948824
1589	0.9989951674985171	0.9982007732819685	-0.0007943942165485884
1590	0.9981658419704357	0.9972612829256073	-0.0009045590448283347
1591	0.999104645840555	0.9982955471526949	-0.0008090986878601658
1592	0.9982531928812799	0.9979343110580157	-0.00031888182326422765
1593	0.9999059517874681	0.9996233383575619	-0.00028261342990620886
1594	0.9989871725839873	0.9982337024348144	-0.0007534701491729301
1595	0.9997659417805734	0.9992412401338056	-0.0005247016467678778
1596	0.9989176649551745	0.9981420104146609	-0.0007756545405136483
1597	0.9973468867794999	0.9963467215289679	-0.0010001652505320369
1598	0.999919013690593	0.9999685124794943	4.9498788901258806e-05
1599	0.9999673580185087	0.9998777376767369	-8.96203417717345e-05
1600	0.9990645903642029	0.9988861813316977	-0.00017840903250521123
1601	0.99846557626517	0.997906534579536	-0.0005590416856339209
1602	0.9981752876433695	0.9976994560551365	-0.00047583158823294447
1603	0.9973487807818789	0.9968787703938115	-0.00047001038806748774
1604	0.9997386915631361	0.998756836409808	-0.0009818551533281594
1605	0.998880688765982	0.9984673459224395	-0.00041334284354255235
1606	0.9990892670062922	0.9989657878856583	-0.00012347912063392918
1607	0.9998837143806913	0.9998348466922827	-4.8867688408615884e-05
1608	0.9980826049030694	0.997095054814419	-0.0009875500886504796
1609	0.9997715034714005	0.9991040016796107	-0.0006675017917898707
1610	0.9979747944910369	0.9970577306620513	-0.0009170638289855981
1611	0.999957349199157	0.9999850093259282	2.7660126771134053e-05
1612	0.9991800286220116	0.9989823459412752	-0.0001976826807363885
1613	0.9998363566498445	0.9991267388113021	-0.0007096178385423979
1614	0.9989860709013151	0.9982401235020747	-0.0007459473992403876
1615	0.9999431814975055	0.9996367864509386	-0.00030639504656693184
1616	0.9989187656123634	0.9977837147759014	-0.001135050836461926
1617	0.9980604056077282	0.9975781315690638	-0.00048227403866440977
1618	0.9974737953880826	0.9966122127213825	-0.0008615826667001114
1619	0.9991633347137288	0.9989967433659999	-0.00016659134772889495
1620	0.9988374561993425	0.9981241087874639	-0.0007133474118785621
1621	nan	nan	nan
1622	0.9989368540026247	0.9982186344085062	-0.000718219594118441
1623	0.9998286649269887	0.9995198874985619	-0.00030877742842683187
1624	0.998900828986465	0.9984021204811069	-0.0004987085053581586
1625	0.9971281201837044	0.9952129539745982	-0.001915166209106256
1626	0.9983705290932102	0.9976790362850849	-0.0006914928081253047
1627	0.9998449598954496	0.9995597232320672	-0.0002852366633824266
1628	0.9990670358594861	0.9989253712261389	-0.0001416646333471938
1629	0.998963275811216	0.9982864457375163	-0.0006768300736996746
1630	0.9998396347893643	0.9992507763518933	-0.0005888584374710293
1631	0.9981697075861697	0.997519494259944	-0.0006502133262257237
1632	0.9999836145433559	0.9999339195724034	-4.9694970952529616e-05
1633	0.9964768010176265	0.9957652696049702	-0.00071153141265623
1634	0.9997985022837608	0.999480746688738	-0.00031775559502278394
1635	0.9990348622086594	0.998518462963148	-0.0005163992455115007
1636	0.9998747551632395	0.9995370078839472	-0.00033774727929236636
1637	0.9990233907407388	0.9989009807756435	-0.00012240996509527147
1638	0.9982243609488971	0.9974353255779035	-0.0007890353709936182
1639	0.9990489220826043	0.9986319435248275	-0.0004169785577767815
1640	0.999985037258156	0.9999417729189064	-4.32643392496157e-05
1641	0.9979715811079449	0.9973079837700165	-0.0006635973379284232
1642	0.9989720571094294	0.9983559485766665	-0.000616108532762838
1643	0.9989131858321773	0.9981996375029231	-0.0007135483292541878
1644	0.9999082795684144	0.9999668060179515	5.852644953707742e-05
1645	0.9980950881241019	0.9967797441753413	-0.001315343948760539
1646	0.9990709509117295	0.9990160254553963	-5.4925456333232425e-05
1647	0.9998038685008934	0.9992663323912327	-0.0005375361096606746
1648	0.9997324837337571	0.9987171396885359	-0.0010153440452211893
1649	0.9999279669791856	0.9999676738816734	3.9706902487779416e-05
1650	0.9982804124752245	0.9973098417915767	-0.000970570683647809
1651	0.9980938446180216	0.9972588714486095	-0.0008349731694121676
1652	0.9998195557432354	0.9994431260043297	-0.00037642973890572584
1653	0.9990735298719094	0.998460596201646	-0.0006129336702634935
1654	0.9988162346020957	0.9979974860889352	-0.0008187485131604388
1655	0.9999204482992039	0.9995525440592402	-0.00036790423996369004
1656	0.9991392884146008	0.9985484878472926	-0.0005908005673082029
1657	0.996651817683598	0.9956766217354512	-0.0009751959481467676
1658	0.9989308761012665	0.9981454585198684	-0.0007854175813981623
1659	0.9990829172687827	0.9985697394091101	-0.0005131778596726422
1660	0.9990692069117734	0.9989433332785738	-0.00012587363319960243
1661	0.9974461832278666	0.9969768972271539	-0.00046928600071272086
1662	0.9991754106705121	0.9990596702755586	-0.00011574039495343413
1663	0.9999266665446744	0.9999728186393994	4.6152094724916104e-05
1664	0.9982202461768943	0.9975212881831527	-0.0006989579937416446
1665	0.998284118626446	0.9970236439080841	-0.0012604747183618814
1666	0.9990291164043108	0.9984841590317144	-0.0005449573725964107
1667	0.9975130383653031	0.9963449028261672	-0.0011681355391359727
1668	0.999875408755577	0.9992868654172591	-0.0005885433383179262
1669	0.9982893795918747	0.997773648166774	-0.0005157314251006406
1670	0.998363363648132	0.997984960896474	-0.0003784027516580135
1671	0.9981931871529979	0.9975496475665825	-0.000643539586415387
1672	0.9990704145639547	0.9985447171628066	-0.0005256974011481619
1673	0.9990835602787549	0.9985221319762794	-0.0005614283024755196
1674	0.9991181925424197	0.9982993099287131	-0.0008188826137066618
1675	0.9982297148813513	0.9976836675439384	-0.0005460473374128139
1676	0.9988795125532691	0.9982792500118371	-0.0006002625414319729
1677	0.9988485774034472	0.9980050433879076	-0.0008435340155396043
1678	0.9981225780859613	0.9977115696769767	-0.0004110084089845589
1679	0.9983200268973678	0.9974346280154397	-0.0008853988819280678
1680	0.9998514154021412	0.9991608642846588	-0.0006905511174823964
1681	0.9991213739246836	0.9981525359585564	-0.0009688379661272339
1682	0.9998702254686697	0.9997763242121726	-9.390125649710868e-05
1683	0.998167309751662	0.9971507058355837	-0.0010166039160782736
1684	0.9978309036013348	0.997294807386493	-0.0005360962148417414
1685	0.9973042073378232	0.9964811060623905	-0.0008231012754327249
1686	0.9984324994101431	0.9973879685787819	-0.0010445308313612456
1687	0.9998025598873369	0.9990808574640159	-0.0007217024233210356
1688	0.9998491939307844	0.9995496667210805	-0.00029952720970394253
1689	0.9998771437051117	0.9999545702956929	7.742659058118662e-05
1690	0.9991391967838977	0.9986383808226272	-0.0005008159612704954
1691	0.999028704305218	0.9983695493055561	-0.0006591549996618484
1692	0.9990707189561536	0.9979821872666974	-0.001088531689456218
1693	0.999191979502445	0.998956314433402	-0.00023566506904293405
1694	0.9998074926687842	0.9995729800303876	-0.00023451263839657788
1695	0.9990943012137985	0.9986147563089003	-0.00047954490489821033
1696	0.9983153101519303	0.9980011196103319	-0.00031419054159842474
1697	0.9989301713484909	0.9980962063838387	-0.0008339649646522673
1698	0.9989781906397965	0.9989276501796109	-5.0540460185599656e-05
1699	0.9976661745024419	0.9970900701627881	-0.0005761043396538268
1700	0.998112045584343	0.9971250501848533	-0.000986995399489654
1701	0.9999058139071476	0.9999135637255933	7.749818445645928e-06
1702	0.9990356174514535	0.9985401300687294	-0.0004954873827240913
1703	0.999878166585999	0.9995710569826308	-0.00030710960336821636
1704	0.9999043921891037	0.9995183633350739	-0.00038602885402971854
1705	0.9989944900883767	0.9987605771206327	-0.00023391296774399883
1706	0.9989830109647462	0.9981353475521024	-0.000847663412643751
1707	nan	nan	nan
1708	0.9982438784782175	0.9975632883923242	-0.0006805900858932734
1709	0.9991096046139655	0.9984756935073495	-0.0006339111066159253
1710	0.9992010223225223	0.9990190816044459	-0.0001819407180764232
1711	0.9991581316800033	0.9982887784884664	-0.0008693531915369146
1712	0.9998760574272777	0.9995020171187928	-0.0003740403084848687
1713	0.9991698280918907	0.9989833859705243	-0.0001864421213664258
1714	0.9976419852793755	0.9964425078894719	-0.0011994773899036693
1715	0.999961905689904	0.9999820630752005	2.0157385296593056e-05
1716	0.9979189643929578	0.9973758658831032	-0.0005430985098545671
1717	0.9991365770350261	0.9988520441933002	-0.0002845328417259152
1718	0.9991675283376951	0.9989236296756935	-0.00024389866200158483
1719	0.9974519924420525	0.9962518887923351	-0.0012001036497174544
1720	0.9982225581897144	0.9976755893323971	-0.0005469688573173093
1721	0.9998909205186393	0.9996251847621423	-0.00026573575649690984
1722	0.9990192648898978	0.9985382370286007	-0.00048102786129711195
1723	0.9998552757539982	0.9994385993365107	-0.00041667641748754924
1724	0.9989560525261243	0.998443306209793	-0.0005127463163312473
1725	0.999921271970881	0.9995528190750407	-0.00036845289584030994
1726	0.9982519787901013	0.9979520794675686	-0.0002998993225327151
1727	0.9990164551683989	0.9985244874825846	-0.0004919676858142763
1728	0.9999818558922973	0.9999298767948699	-5.197909742737927e-05
1729	0.9991582952302287	0.9985530181111805	-0.0006052771190482309
1730	0.9997247538063246	0.9988193888212045	-0.0009053649851201717
1731	0.9998996928177516	0.9996400421550132	-0.00025965066273836435
1732	0.9999040268364708	0.999457884409101	-0.00044614242736984444
1733	0.9990242408738117	0.9985566712073471	-0.0004675696664645512
1734	0.9989666445538913	0.998274307665975	-0.0006923368879162561
1735	0.9981199210175132	0.9971353872959936	-0.0009845337215196315
1736	0.9990133870465926	0.9985160480541174	-0.0004973389924751714
1737	0.9990004635402336	0.9988530281225146	-0.0001474354177189996
1738	0.9990290114781877	0.9981509955229501	-0.000878015955237621
1739	0.9990583315262312	0.998008952602771	-0.0010493789234602424
1740	0.9989164839922081	0.9983142180176282	-0.0006022659745799075
1741	0.9991173186176625	0.9989262693237534	-0.00019104929390911796
1742	0.9997334823786275	0.999006428691672	-0.00072705368695547
1743	0.9981670870484296	0.9974874176044423	-0.0006796694439873407
1744	0.9981465802882435	0.9978044649152724	-0.00034211537297113015
1745	0.9998597629995285	0.9996116403661287	-0.00024812263339979435
1746	0.999959774718005	0.9999850246714342	2.524995342922942e-05
1747	0.999126559623785	0.9986042577771819	-0.0005223018466031792
1748	0.9981935702641076	0.997182534463407	-0.0010110358007006104
1749	0.9990621845446338	0.9988593946228426	-0.00020278992179123545
1750	0.9988856042608539	0.9980631163018422	-0.0008224879590117418
1751	0.9991460595798762	0.9986511593099772	-0.0004949002698990679
1752	0.9981091990259019	0.9976597490892478	-0.0004494499366540783
1753	0.9991283561603401	0.9988510018392105	-0.0002773543211296303
1754	0.9998072835172974	0.9991682179786154	-0.0006390655386819821
1755	0.9989749179256302	0.9985028175248882	-0.00047210040074197046
1756	0.9999710971003578	0.999874621251595	-9.647584876282256e-05
1757	0.9999239643759096	0.9998305500618214	-9.341431408815826e-05
1758	0.999195093595463	0.9989765948309258	-0.0002184987645371672
1759	0.9983955499253363	0.997627623403868	-0.0007679265214682873
1760	0.9982024271811466	0.9974107650162595	-0.0007916621648871303
1761	nan	nan	nan
1762	0.9999836161803045	0.9999390438418478	-4.457233845667208e-05
1763	0.9982695408118474	0.9975041723359739	-0.0007653684758734958
1764	0.9983475857085083	0.9980032671072055	-0.00034431860130279546
1765	0.9997043191774202	0.9981746790416287	-0.001529640135791488
1766	0.9989150873591104	0.9980797423348474	-0.0008353450242629679
1767	0.9982737586541977	0.9964591457101624	-0.0018146129440352876
1768	0.9998235708846882	0.9995807952023784	-0.00024277568230979263
1769	0.9984569249021864	0.9979098118805209	-0.0005471130216655462
1770	0.9989223653854358	0.9978166459612934	-0.0011057194241423929
1771	0.9971733376631229	0.9962241240399456	-0.0009492136231772363
1772	0.9991014482127764	0.9986297724862128	-0.0004716757265635918
1773	0.9982050932927369	0.9975864301764891	-0.0006186631162478085
1774	0.9998278830737256	0.9992031173740262	-0.0006247656996993811
1775	0.9999836100600473	0.9999318030712655	-5.180698878182177e-05
1776	0.9983549401458295	0.9978566343506341	-0.0004983057951953862
1777	0.9979831066763528	0.9965902594725465	-0.00139284720380628
1778	0.9981196098371982	0.9975941422867423	-0.0005254675504559048
1779	0.9990140804506756	0.9983727342371133	-0.0006413462135623771
1780	0.9973369914629233	0.9961582648204907	-0.0011787266424325704
1781	0.9998819753145946	0.9998873056147584	5.33030016380831e-06
1782	0.9984787737148417	0.9976280943922098	-0.000850679322631942
1783	0.99892506683324	0.9980506689941192	-0.0008743978391207996
1784	0.9982295077629599	0.9976659153527194	-0.0005635924102405099
1785	0.9999997299424458	0.9999991693188469	-5.60623598877541e-07
1786	0.999072214793079	0.998597992140519	-0.00047422265255991913
1787	0.9998853536117679	0.9998312171177721	-5.413649399577114e-05
1788	0.9991667465428046	0.9990270297938851	-0.00013971674891943842
1789	0.9982668717904573	0.9973137959431366	-0.000953075847320628
1790	0.9981275822234125	0.9970637626701002	-0.0010638195533122508
1791	0.9988444104563519	0.9983296321947962	-0.0005147782615556595
1792	0.9999371998473171	0.999630264449597	-0.00030693539772008727
1793	0.9990459875042028	0.9985015376585861	-0.0005444498456167457
1794	0.9999848423865615	0.9999368454570137	-4.79969295478222e-05
1795	0.999147794003688	0.9988333819467545	-0.0003144120569334996
1796	0.9989221762872775	0.9980364636732018	-0.0008857126140757732
1797	0.9971673064524265	0.9956498324783826	-0.0015174739740438925
1798	0.9999274904348627	0.9998511173277554	-7.637310710728595e-05
1799	0.9999372739260622	0.9999127896050238	-2.4484321038409362e-05
1800	0.9980762214972911	0.997564277478129	-0.0005119440191621027
1801	0.9972828695903242	0.9965351519607303	-0.0007477176295939136
1802	0.9989360388784436	0.9983695312993267	-0.000566507579116915
1803	0.999102356526121	0.9988840855636064	-0.00021827096251458844
1804	0.9999412996032515	0.9996333305699303	-0.0003079690333211982
1805	0.9990226336739801	0.9988766540465547	-0.00014597962742546322
1806	0.9991575023782567	0.9989131263609721	-0.0002443760172846643
1807	0.9991057443104269	0.998635049340624	-0.0004706949698028984
1808	0.9989823878434468	0.9985442337978623	-0.00043815404558456006
1809	0.999112978239473	0.9989047525579472	-0.00020822568152578658
1810	0.9998308683434444	0.9995022213687396	-0.00032864697470480486
1811	0.9984329145258899	0.9975071553849825	-0.0009257591409074228
1812	0.9996761224834871	0.9984644984374751	-0.0012116240460120498
1813	0.9991660864279382	0.9989247336161603	-0.00024135281177795065
1814	0.9998891130758283	0.999600411738675	-0.0002887013371533076
1815	0.9998109781274931	0.9991893058184902	-0.0006216723090028964
1816	0.9990452185630747	0.9984107665329275	-0.0006344520301472256
1817	0.9990884055448471	0.9982663745673938	-0.0008220309774533696
1818	0.9989655883296463	0.9978556145333506	-0.0011099737962957379
1819	0.9999252016445253	0.9995682313248028	-0.0003569703197224827
1820	0.997276572249247	0.9963215475950551	-0.0009550246541919494
1821	0.9991803176696469	0.9989304998890839	-0.00024981778056298864
1822	0.9981345233507227	0.9969316308095793	-0.0012028925411434743
1823	0.9999071232171928	0.9999036434832431	-3.479733949651731e-06
1824	0.9991369880337964	0.9986259929096623	-0.000510995124134106
1825	0.9974070362331025	0.9969511844810224	-0.000455851752080072
1826	0.9990350519463392	0.9984102233475424	-0.0006248285987968671
1827	0.9999370101773611	0.9996564309667693	-0.0002805792105918803
1828	0.9990972934859343	0.9988937168563156	-0.00020357662961878464
1829	0.999033976461654	0.9988522063292135	-0.00018177013244058404
1830	0.9980465157574913	0.996350840411571	-0.0016956753459203
1831	0.9973386333875729	0.9958985776238883	-0.0014400557636845557
1832	0.9996210476357039	0.9983682923763869	-0.0012527552593170066
1833	0.9980782760686615	0.9974752975056608	-0.0006029785630007334
1834	0.998217030884503	0.9979807108194755	-0.00023632006502749547
1835	0.9998787193238309	0.9993022871432191	-0.0005764321806117634
1836	0.9998813575317159	0.9995371834324347	-0.0003441740992812248
1837	0.9999421704229599	0.9999175776190486	-2.459280391120533e-05
1838	0.9999470235908932	0.9997922356837577	-0.0001547879071354119
1839	0.9999261958774468	0.9998393350772509	-8.686080019593145e-05
1840	0.9999464941981878	0.9999192301836856	-2.726401450225957e-05
1841	0.9989644244731819	0.9984440219480893	-0.0005204025250925559
1842	0.9999246278160207	0.9995778155559115	-0.0003468122601091306
1843	0.9999179404482624	0.9999684884502699	5.054800200743337e-05
1844	0.9988838923464846	0.9978176655832736	-0.0010662267632109979
1845	0.9990206775175203	0.9986208489157278	-0.0003998286017925512
1846	0.9998657970581416	0.9992047957037	-0.0006610013544415816
1847	0.9999991291449771	0.999997720497308	-1.4086476691765881e-06
1848	0.999088438718877	0.9988761416008575	-0.000212297118019511
1849	0.9991781475024876	0.9989652653089999	-0.00021288219348769566
1850	0.9980477056195769	0.9978853713989105	-0.00016233422066636027
1851	0.9999024974060132	0.9996312404419996	-0.0002712569640136442
1852	0.9997561186062717	0.9987838016614863	-0.0009723169447853897
1853	0.9975910053497127	0.99673156191116	-0.0008594434385527094
1854	0.999067537353368	0.9988486802395886	-0.00021885711377933603
1855	0.9982385272616711	0.9979784734499031	-0.0002600538117679685
1856	0.999912298224691	0.9995350660288923	-0.0003772321957986602
1857	0.9991207212477496	0.9989428039138494	-0.0001779173339002682
1858	0.9999150172624139	0.9997767392810446	-0.0001382779813693391
1859	0.9990325519423896	0.9983521246273402	-0.0006804273150493589
1860	0.9990148886042198	0.9982075975731474	-0.0008072910310724657
1861	0.9991286376392383	0.9988606529423081	-0.00026798469693023463
1862	0.999016972303059	0.9988818298990116	-0.00013514240404732814
1863	0.9971449716308145	0.9957884944813609	-0.0013564771494536387
1864	0.9989238866401071	0.997804594794676	-0.0011192918454311362
1865	0.9998201800776565	0.9991301577708872	-0.000690022306769289
1866	0.9999198614399332	0.9995766292689783	-0.000343232170954888
1867	0.9990493137628336	0.9989575343442512	-9.177941858240501e-05
1868	0.9999051310868746	0.9994674407836237	-0.00043769030325091496
1869	0.9999231924969536	0.999576181598502	-0.00034701089845157185
1870	0.9988933449790286	0.9983242376835572	-0.0005691072954714382
1871	0.9998681752792367	0.9992510284334902	-0.0006171468457464302
1872	0.9990218342456458	0.9984518866385118	-0.0005699476071340248
1873	0.9990205090145712	0.9984945283351918	-0.0005259806793793675
1874	0.9980529001055205	0.997427886650846	-0.0006250134546744723
1875	0.9989832786456946	0.9984247921965665	-0.0005584864491280372
1876	0.9998936144996523	0.9999037008207717	1.0086321119429087e-05
1877	0.9990505801311624	0.9988146527019559	-0.00023592742920652832
1878	0.9998012246929552	0.9994909674976292	-0.0003102571953259581
1879	0.9982099381665673	0.9974250934822348	-0.0007848446843324863
1880	0.9982392712948096	0.9974115754945235	-0.0008276958002860768
1881	0.9998268899072311	0.9998857753485586	5.888544132748308e-05
1882	0.998995719718758	0.9984782340100429	-0.0005174857087151263
1883	0.9998856056284476	0.9995904817916069	-0.0002951238368407161
1884	0.9999846584550914	0.9999409129475468	-4.374550754460138e-05
1885	0.9999013125418935	0.9994679428987765	-0.00043336964311702086
1886	0.9997976281868921	0.9994811186529111	-0.0003165095339809909
1887	0.9998613302197094	0.9996051945839991	-0.0002561356357102529
1888	0.9998658768810339	0.9996008566975761	-0.0002650201834577537
1889	0.9990760147917428	0.9988835745922435	-0.00019244019949926638
1890	0.9999467043423045	0.9999265392225076	-2.0165119796855535e-05
1891	0.9999601297580037	0.9999831053853151	2.2975627311350166e-05
1892	0.9999604646456731	0.9999834805785917	2.301593291853532e-05
1893	0.9997076060050712	0.9990266714700489	-0.0006809345350223817
1894	0.9991401468314073	0.9986423092591127	-0.0004978375722946016
1895	0.9981289387933585	0.9974832471574132	-0.0006456916359453002
1896	0.9998521249808646	0.9995756137051648	-0.00027651127569983114
1897	0.9970648317703167	0.9965552450340807	-0.0005095867362360229
1898	0.9988885678975413	0.9978503686575353	-0.0010381992400060325
1899	0.9988852051382728	0.9979897877134715	-0.0008954174248013702
1900	0.9989049113433176	0.9983780767591105	-0.0005268345842071032
1901	0.9989967187504563	0.9978163352489003	-0.001180383501555915
1902	0.9998758254355634	0.9995443905230912	-0.0003314349124722282
1903	0.9984593084258376	0.9979082904311493	-0.0005510179946883742
1904	0.9989813229835819	0.9984614334904127	-0.0005198894931691678
1905	0.9991346544309535	0.9989233246489648	-0.00021132978198867836
1906	0.9999323733866098	0.9996198901724311	-0.0003124832141786493
1907	0.9981842850143919	0.997710406211443	-0.0004738788029489127
1908	0.9990213183100204	0.9987596851850932	-0.0002616331249272186
1909	0.9998187015685521	0.9995512052422869	-0.00026749632626521525
1910	0.999107771272745	0.998473715837479	-0.0006340554352659566
1911	0.9991423038910816	0.9989596321126202	-0.00018267177846142957
1912	0.9975378573418934	0.9963429142138747	-0.0011949431280187106
1913	0.9966860394974327	0.9946628059838011	-0.0020232335136316504
1914	0.9997035877747202	0.9989614593758651	-0.0007421283988551242
1915	0.9991182883362661	0.9984788621491719	-0.0006394261870942275
1916	0.9999077011443508	0.9995135716403365	-0.0003941295040142956
1917	0.9989589306904316	0.9981272151223659	-0.0008317155680657162
1918	0.9990871338902806	0.9984059003065571	-0.0006812335837235173
1919	0.9991148296373618	0.9985667062532534	-0.0005481233841083677
1920	0.9983690050177012	0.998044367967467	-0.0003246370502342222
1921	0.9991250451619005	0.9986659090494253	-0.00045913611247516695
1922	0.997424020089883	0.9968453022578664	-0.0005787178320165731
1923	0.9999101776388675	0.9995390580751777	-0.00037111956368973686
1924	0.9980052381750212	0.9970574120084448	-0.0009478261665764043
1925	0.9999997337920834	0.9999991833526822	-5.504394011701663e-07
1926	0.9990099963927257	0.998471606096225	-0.0005383902965007126
1927	0.998368170936351	0.9979893201336936	-0.00037885080265742666
1928	0.9997038117350793	0.9987408866512868	-0.0009629250837924763
1929	0.9997929522952044	0.9992116272528088	-0.0005813250423956084
1930	0.9991328998538069	0.9988981694988117	-0.00023473035499521622
1931	0.9999555351758012	0.9999845073111711	2.8972135369897956e-05
1932	0.9973937153354783	0.9965396683605359	-0.0008540469749424018
1933	0.9991530833670933	0.9989993993489458	-0.0001536840181475263
1934	0.998953998915816	0.9984817135746524	-0.0004722853411636141
1935	0.9997630314702396	0.9988753295450923	-0.0008877019251473106
1936	0.9980354671383519	0.9973792914411124	-0.000656175697239525
1937	0.999984807873216	0.999930777327968	-5.403054524799611e-05
1938	0.9974773176370461	0.996692604377942	-0.0007847132591040085
1939	0.999144455126078	0.998925006725987	-0.00021944840009091582
1940	0.9997558675701996	0.9990980438814746	-0.0006578236887250233
1941	0.9982309545001403	0.997945582899417	-0.00028537160072328316
1942	0.9974437385754897	0.9964922455170375	-0.000951493058452213
1943	0.9971979069705702	0.995059139800819	-0.0021387671697512545
1944	0.999753717829336	0.9985017190934024	-0.0012519987359336238
1945	0.9991466207838868	0.9990092684389381	-0.00013735234494871573
1946	0.9971402417584101	0.996288850689887	-0.0008513910685230552
1947	0.9998843799513893	0.9993063054232577	-0.0005780745281316335
1948	0.9991436157269702	0.9988373203243471	-0.000306295402623058
1949	0.9980581097733907	0.9978346813079243	-0.00022342846546641315
1950	0.9999325488429983	0.9996243660027936	-0.0003081828402047293
1951	0.9971292755277301	0.9966272635266337	-0.0005020120010964524
1952	0.9999591522745431	0.9999823724138347	2.3220139291568742e-05
1953	0.9990935895935843	0.9988948288759052	-0.00019876071767910286
1954	0.9984297860307947	0.997858122565668	-0.000571663465126715
1955	0.998342872789102	0.9975776339291048	-0.0007652388599972415
1956	0.9982452522413082	0.9970793206756815	-0.001165931565626721
1957	0.9990661099154242	0.9989060618274909	-0.000160048087933351
1958	0.9990318302539146	0.9987070640352971	-0.00032476621861754484
1959	0.9990711692128039	0.9987857393314985	-0.00028542988130542124
1960	0.998178819677587	0.997607660328455	-0.0005711593491319888
1961	0.9999177375395548	0.9999660400246437	4.830248508891355e-05
1962	0.9999189058122213	0.9994990525013269	-0.0004198533108944469
1963	0.9999283521619597	0.9995894093170604	-0.0003389428448993259
1964	0.9999154610148118	0.9995532737291677	-0.00036218728564407776
1965	0.9991475488335709	0.9990197739719318	-0.00012777486163917384
1966	0.9998374805473995	0.9994432719774354	-0.00039420856996408293
1967	0.999875573551752	0.9998317328496465	-4.384070210550206e-05
1968	0.998836326494931	0.9975635772352676	-0.0012727492596634749
1969	0.9983442917921191	0.9980436592723907	-0.00030063251972844984
1970	0.9997590403248569	0.9988410726701442	-0.000917967654712637
1971	0.9998320601055442	0.9993859876720727	-0.0004460724334715005
1972	0.9990275738220867	0.9981912157510429	-0.0008363580710438745
1973	0.999849717797998	0.9995784650592701	-0.0002712527387279673
1974	0.9990566995987575	0.9985847631575734	-0.0004719364411841509
1975	0.997694632364973	0.9969682839431241	-0.0007263484218489324
1976	0.9989486934587001	0.9983879675417338	-0.0005607259169663203
1977	0.999871326880619	0.999205263502609	-0.0006660633780100067
1978	0.9981650341243752	0.9970049615816216	-0.0011600725427536318
1979	0.9979829621541033	0.9966859268122924	-0.0012970353418109148
1980	0.9980460771055717	0.9972472925775461	-0.0007987845280256201
1981	0.9990574758888275	0.9987837583330957	-0.00027371755573180057
1982	0.9978575167224103	0.9965795604535033	-0.0012779562689070323
1983	0.9999163901161231	0.9999168597740514	4.6965792832587283e-07
1984	0.9998343589591092	0.9995640859547927	-0.00027027300431647916
1985	0.9999846915409519	0.9999334829613907	-5.120857956120162e-05
1986	0.9999372488091384	0.999622252271926	-0.000314996537212342
1987	0.998855077854611	0.9978357325453224	-0.0010193453092885996
1988	0.9998001604648931	0.9992543824904413	-0.0005457779744517666
1989	0.9998749142222292	0.9995658613373657	-0.00030905288486349214
1990	0.9963666463064508	0.995735636776009	-0.0006310095304418173
1991	0.999934280445274	0.9996307178855679	-0.00030356255970609425
1992	0.9982121543419874	0.9975584364492429	-0.0006537178927444875
1993	0.9998122658013389	0.9991591333091344	-0.0006531324922044446
1994	0.9988730817658064	0.9983646926279527	-0.0005083891378536709
1995	0.9986568090762948	0.9976136169112135	-0.001043192165081308
1996	0.9998910393278194	0.999627134868148	-0.00026390445967139353
1997	0.999115161171265	0.9986277204285526	-0.0004874407427123417
1998	0.9989825154596468	0.9987442528592101	-0.00023826260043668945
1999	0.9998569776176158	0.9995579380697143	-0.0002990395479015584
