draw	ref_metric	arm_metric	delta
0	0.9517725122836019	0.9184001469440235	-0.033372365339578436
1	0.9171873816556844	0.8759656896159964	-0.04122169203968795
2	0.9202207888065209	0.9209909823176406	0.0007701935111197322
3	0.9417583187390542	0.9235866900175131	-0.0181716287215411
4	0.9201726461900255	0.8872780980240328	-0.03289454816599269
5	0.9192958875683833	0.8966586493114507	-0.022637238256932646
6	0.9489420528288091	0.9129878438899552	-0.035954208938853816
7	0.8915361924211481	0.8419760007474739	-0.0495601916736742
8	0.9218352002455117	0.869648611324229	-0.052186588921282695
9	0.9282626905679343	0.9016585692745853	-0.026604121293348992
10	0.9365283222928215	0.8999594430174395	-0.036568879275381994
11	0.9482249088466705	0.9109575897140664	-0.03726731913260417
12	0.9565042246996385	0.9073486610874447	-0.04915556361219375
13	0.926057701616807	0.9110393068060799	-0.015018394810727087
14	0.8918427263830522	0.8500719590121467	-0.04177076737090546
15	0.9197109594540345	0.8927137695704537	-0.026997189883580797
16	0.9295952732644017	0.878711964549483	-0.05088330871491875
17	0.930030685870677	0.9096287286097365	-0.020401957260940518
18	0.9370909090909091	0.8990545454545454	-0.038036363636363646
19	0.9272369205255111	0.9168718094892592	-0.010365111036251928
20	0.9138862548790438	0.8706639910027124	-0.043222263876331435
21	0.9222222222222223	0.888864734299517	-0.03335748792270532
22	0.9350940117626092	0.891630279807521	-0.043463731955088236
23	0.9186322069811531	0.8960075833612133	-0.022624623619939777
24	0.9381821834334055	0.9108390437713444	-0.027343139662061144
25	0.966120009300926	0.9294907743020886	-0.03662923499883741
26	0.9268177933961268	0.9165634511430519	-0.010254342253074866
27	0.9386272141706924	0.9235406602254428	-0.015086553945249603
28	0.93966617574865	0.9060137457044674	-0.03365243004418261
29	0.9590625265482967	0.9247515079432503	-0.03431101860504637
30	0.9034401442641143	0.8765293383270911	-0.02691080593702322
31	0.9468056338028169	0.9197295774647888	-0.02707605633802812
32	0.9174928332537028	0.8895524765089983	-0.02794035674470452
33	0.9344387054919281	0.876624996881004	-0.05781370861092405
34	0.9202904167635584	0.8938454383381134	-0.02644497842544502
35	0.9554250616776315	0.9199989720394737	-0.035426089638157854
36	0.9536752343176688	0.9210611873333767	-0.032614046984292044
37	0.9207945597709377	0.9105464089716058	-0.010248150799331945
38	0.8878486712057984	0.866406764770481	-0.021441906435317404
39	0.9195342465753424	0.9110547945205479	-0.0084794520547945
40	0.9116756112104949	0.8826356589147287	-0.02903995229576617
41	0.915356306457009	0.8900970224155236	-0.025259284041485475
42	0.9429438266093026	0.8985814595340531	-0.04436236707524954
43	0.9386605834187413	0.9264610264378836	-0.012199556980857618
44	0.9387871586990961	0.8997530519056938	-0.03903410679340236
45	0.9339923698922667	0.8728075437291551	-0.061184826163111605
46	0.90812413995805	0.8635155174947563	-0.04460862246329367
47	0.9567360889129313	0.914849147999705	-0.04188694091322631
48	0.9481241109530584	0.9273759779516358	-0.02074813300142253
49	0.8958915161670701	0.871501272264631	-0.024390243902439046
50	0.9395511459740495	0.8855842254032762	-0.05396692057077335
51	0.9563684394376037	0.9375927866561873	-0.018775652781416463
52	0.9339941135734072	0.8812110457063712	-0.052783067867036015
53	0.9366610576614302	0.9120627866051817	-0.024598271056248455
54	0.915855840132641	0.8966359788821502	-0.0192198612504908
55	0.9102358164335275	0.8724873390893069	-0.0377484773442206
56	0.9259215747702589	0.9034826649958229	-0.022438909774436078
57	0.9528292706660828	0.9296453072544154	-0.023183963411667396
58	0.9159966144731274	0.8998201438848921	-0.016176470588235348
59	0.936378141204627	0.9191801417569267	-0.017197999447700285
60	0.9500550025488986	0.9095275146897052	-0.04052748785919347
61	0.9546530386349987	0.9065741907374916	-0.04807884789750716
62	0.9637913989125062	0.9406958861976163	-0.023095512714889854
63	0.9281774694076674	0.9003835052105214	-0.02779396419714608
64	0.9374653739612189	0.9372160664819945	-0.0002493074792243588
65	0.9371243643088303	0.8966292607069306	-0.040495103601899674
66	0.9389814221652787	0.8710121716848174	-0.06796925048046132
67	0.9370826773790782	0.9147304706584876	-0.022352206720590684
68	0.9287808911108527	0.8919893035693524	-0.03679158754150036
69	0.9409058143280011	0.9011211484486434	-0.039784665879357695
70	0.9129679843965558	0.8690000475714762	-0.0439679368250796
71	0.9363564875491481	0.9039231105286151	-0.03243337702053306
72	0.9347613091515531	0.8827183656451949	-0.052042943506358186
73	0.9261640123866401	0.9028146427781464	-0.023349369608493764
74	0.9036934338952972	0.8634094942324756	-0.04028393966282162
75	0.9365289142226717	0.9158545554840489	-0.020674358738622778
76	0.9246556473829202	0.8974956173303281	-0.027160030052592044
77	0.940779480806407	0.9159244683789008	-0.024855012427506207
78	0.9180812538901149	0.9114892774288462	-0.006591976461268634
79	0.9362237348327908	0.885111472822334	-0.05111226201045671
80	0.922815448631542	0.9156752427279299	-0.007140205903612085
81	0.9407348524995583	0.8838544426779721	-0.056880409821586264
82	0.9377393673444322	0.9195725722707936	-0.01816679507363861
83	0.9223357400255738	0.9028066595197809	-0.01952908050579294
84	0.9502167449672045	0.8924332175847121	-0.05778352738249248
85	0.9486167413412986	0.9050802455965673	-0.043536495744731285
86	0.9287035164263631	0.861119939900026	-0.06758357652633706
87	0.9114118693607828	0.8767823103316813	-0.034629559029101475
88	0.9350368919087916	0.9020134228187919	-0.033023469089999646
89	0.9518173021822657	0.9067910454771768	-0.04502625670508886
90	0.9251936948971413	0.9073715379820109	-0.01782215691513045
91	0.9363486842105263	0.9109978070175438	-0.025350877192982457
92	0.9354689299484252	0.8841445095388313	-0.05132442040959395
93	0.9304568240391968	0.9123736157920077	-0.01808320824718912
94	0.9183585963936401	0.8738701154220554	-0.044488480971584754
95	0.922022738582858	0.8848715691153389	-0.03715116946751906
96	0.9429911686571093	0.891750233348491	-0.051240935308618285
97	0.8963745819397994	0.8574448160535117	-0.038929765886287604
98	0.9260793868479666	0.8822619707624523	-0.04381741608551437
99	0.9535105094132805	0.933183977231207	-0.020326532182073476
100	0.9653476414039794	0.9202856025039123	-0.0450620389000671
101	0.9602857891448495	0.9352238144184453	-0.025061974726404257
102	0.9052321525463143	0.8408030385241454	-0.06442911402216889
103	0.9177000169865805	0.896806522846951	-0.020893494139629598
104	0.9313669611475254	0.9110026598271113	-0.020364301320414113
105	0.9449093270719888	0.917132937003547	-0.027776390068441792
106	0.9349052208244439	0.8937933740405601	-0.0411118467838838
107	0.9046250684181719	0.8845405339658213	-0.02008453445235059
108	0.954365289392282	0.9274314009150465	-0.026933888477235546
109	0.9213971432906344	0.9012506231441143	-0.020146520146520075
110	0.8751499400239904	0.8374650139944022	-0.03768492602958817
111	0.9031635031635031	0.8931734931734931	-0.009990009990009985
112	0.9539603075272662	0.9251475058108349	-0.028812801716431302
113	0.9244118596835345	0.9198550429967349	-0.004556816686799525
114	0.8906709435979685	0.8691860465116279	-0.021484897086340604
115	0.9377891175328638	0.9154473348494093	-0.022341782683454436
116	0.9400035925992456	0.9334570784184579	-0.006546514180787666
117	0.9198320719016083	0.8935666982024598	-0.026265373699148498
118	0.8988250652741514	0.8947087973570629	-0.004116267917088523
119	0.942916517842647	0.894194239698672	-0.048722278143975006
120	0.9386886998351966	0.8885350318471338	-0.05015366798806287
121	0.948937309730522	0.9140122899988725	-0.03492501973164952
122	0.9558448596519319	0.9328250668177507	-0.023019792834181207
123	0.9252962390520351	0.8963637842674693	-0.028932454784565742
124	0.9240402408194115	0.8963616461205661	-0.02767859469884537
125	0.9393395638629284	0.8984299065420561	-0.04090965732087226
126	0.934352260223942	0.8940390003051233	-0.040313259918818733
127	0.9465367736166508	0.9124516136623017	-0.03408515995434913
128	0.9185824472068295	0.8903886475962258	-0.028193799610603643
129	0.9552847531974666	0.9003548633529658	-0.05492988984450087
130	0.9310150687199867	0.911872826626925	-0.0191422420930617
131	0.931559405940594	0.8731298129812981	-0.05842959295929595
132	0.9491993749009128	0.9052612506511449	-0.04393812424976784
133	0.9466183630088455	0.9172361774588009	-0.02938218555004457
134	0.9358922803512822	0.8834982941794549	-0.052393986171827334
135	0.9324748595439308	0.9044308578442944	-0.02804400169963639
136	0.9292630790902017	0.8806800831387847	-0.04858299595141702
137	0.92591280943443	0.8803343131352481	-0.04557849629918187
138	0.9657883846047731	0.9278981008874787	-0.037890283717294415
139	0.9373218390804597	0.927264367816092	-0.010057471264367734
140	0.928359096313912	0.8795525608843088	-0.048806535429603226
141	0.9361623143881208	0.8767921146953405	-0.059370199692780345
142	0.9322173813345563	0.8971031109072842	-0.03511427042727211
143	0.9386448598130841	0.9070093457943925	-0.03163551401869158
144	0.9243495475113123	0.8722105100781571	-0.05213903743315518
145	0.9456931216931217	0.9075414462081128	-0.03815167548500886
146	0.9388608129560316	0.8950817762113511	-0.04377903674468053
147	0.9408947230389112	0.910320648197993	-0.03057407484091823
148	0.923985826001955	0.894855816226784	-0.029130009775170995
149	0.9473295498717251	0.9088341237140117	-0.0384954261577134
150	0.9136652542372882	0.8570194023193577	-0.05664585191793048
151	0.9333751262494341	0.9002890676696966	-0.033086058579737454
152	0.9254591454272864	0.897285732133933	-0.028173413293353322
153	0.9567563884156729	0.8991345826235093	-0.05762180579216358
154	0.9430505324492666	0.9197809925658027	-0.02326953988346392
155	0.9229734974495454	0.8720059880239521	-0.05096750942559325
156	0.9248846777209824	0.8805510534846029	-0.04433362423637943
157	0.9003367003367003	0.8416648757074289	-0.05867182462927145
158	0.9078756089894704	0.8574571742888575	-0.05041843470061291
159	0.9536453201970443	0.9336822660098523	-0.01996305418719202
160	0.9553303184592518	0.906185762626103	-0.049144555833148806
161	0.918640350877193	0.8714219759926131	-0.04721837488457992
162	0.9376713174465984	0.9175453759723423	-0.02012594147425606
163	0.9378529163144548	0.9084530853761623	-0.02939983093829246
164	0.9340207360145836	0.8824997151646349	-0.051521020849948695
165	0.9376768820247433	0.8926780949300558	-0.04499878709468752
166	0.9336133096430302	0.9040067650384334	-0.029606544604596885
167	0.9498956703182055	0.9164319248826291	-0.0334637454355764
168	0.954731027857829	0.9143251681075889	-0.040405859750240136
169	0.9490197789729771	0.9339428122579448	-0.015076966715032225
170	0.9165220409580007	0.8725392968711261	-0.04398274408687464
171	0.9183485338825145	0.8872021182700794	-0.03114641561243503
172	0.9357111975789019	0.9069606571552097	-0.028750540423692184
173	0.9422810100823236	0.9129854513260304	-0.029295558756293194
174	0.9260428626100268	0.8978664370455415	-0.028176425564485297
175	0.9484900284900285	0.937037037037037	-0.011452991452991501
176	0.9525163660061021	0.8906958144494801	-0.06182055155662203
177	0.8916622481442206	0.8604056203605515	-0.03125662778366911
178	0.908641975308642	0.8724231983921906	-0.03621877691645137
179	0.9135711377976796	0.8991960105841644	-0.014375127213515193
180	0.908670244484198	0.8727728085867621	-0.03589743589743588
181	0.9340573219883564	0.9112367517539931	-0.022820570234363347
182	0.9439911087713141	0.9118335234418414	-0.03215758532947266
183	0.9295093157725667	0.904212174751044	-0.025297141021522696
184	0.919108582266477	0.9027659238185554	-0.0163426584479216
185	0.9333083603873581	0.87613418796304	-0.057174172424318104
186	0.9417268445839875	0.921287284144427	-0.020439560439560522
187	0.9160111449491349	0.8825892567874036	-0.033421888161731306
188	0.9523313492063492	0.9206845238095238	-0.031646825396825395
189	0.9194457820096615	0.8723030801969587	-0.04714270181270286
190	0.9295672378739471	0.92130074398445	-0.008266493889497073
191	0.9421649969962168	0.9280553345564955	-0.014109662439721338
192	0.9479016382930974	0.9193196755474335	-0.028581962745663825
193	0.9334547239010279	0.8996849010796012	-0.03376982282142671
194	0.9280350894245724	0.9002235614307932	-0.027811527993779173
195	0.9236217232867051	0.9082422318874652	-0.015379491399239886
196	0.9249175027721741	0.8951383415051235	-0.029779161267050602
197	0.9247078589698581	0.8998445258037013	-0.024863333166156742
198	0.9578038262146167	0.9122126898196999	-0.04559113639491674
199	0.9403664504381473	0.8730084215318084	-0.06735802890633891
200	0.9635761973875181	0.9530798258345429	-0.010496371552975226
201	0.9327878433664524	0.8966816027014741	-0.03610624066497825
202	0.9230199695379929	0.8869732611270943	-0.03604670841089863
203	0.9312067474048443	0.8971885813148789	-0.03401816608996544
204	0.9173336217463408	0.8861729997356214	-0.031160622010719452
205	0.9217948717948717	0.8951068376068376	-0.026688034188034115
206	0.9325916230366492	0.9038539848749273	-0.028737638161721923
207	0.9392203175791024	0.8989265919880265	-0.04029372559107591
208	0.9151190476190476	0.8586160714285714	-0.05650297619047617
209	0.9276642582975841	0.8951230526078121	-0.032541205689772035
210	0.9588292011019284	0.9187603305785124	-0.04006887052341601
211	0.9406354940470133	0.9152335402462604	-0.02540195380075294
212	0.9517976685133888	0.9093230609418282	-0.04247460757156052
213	0.9499534974790739	0.9322335895051153	-0.017719907973958615
214	0.9313173444560305	0.9041710114702816	-0.027146332985748978
215	0.9271170525587487	0.8913983542958808	-0.03571869826286789
216	0.9090117252931323	0.8773467336683417	-0.03166499162479064
217	0.9577984877791454	0.9075474278569056	-0.05025105992223988
218	0.918577430972389	0.8818727490996399	-0.03670468187274911
219	0.9422900763358779	0.8740596807772381	-0.06823039555863986
220	0.8976239618654479	0.8609391124871001	-0.03668484937834782
221	0.9358355044145318	0.8943588073527283	-0.04147669706180346
222	0.9382220455749868	0.9142819289878114	-0.02394011658717543
223	0.9195357778160326	0.8833132495552878	-0.03622252826074479
224	0.9616493340631271	0.9201240649516511	-0.041525269111476026
225	0.9502063357203544	0.915508556863697	-0.03469777885665737
226	0.9382533795324777	0.879569079107901	-0.05868430042457662
227	0.9300881806318952	0.8948422897966177	-0.035245890835277516
228	0.9330734243014944	0.9099499957623527	-0.023123428539141733
229	0.9231056268255337	0.9147676827463747	-0.008337944079158999
230	0.9473896889627227	0.893039544724938	-0.054350144237784725
231	0.9116822429906543	0.8559048428207306	-0.05577740016992361
232	0.9321390230810521	0.9130434782608695	-0.01909554482018261
233	0.925454809421172	0.8872943725361	-0.03816043688507198
234	0.9419153094462541	0.9158436482084691	-0.026071661237785038
235	0.9206415955785173	0.9019283912050943	-0.018713204373423054
236	0.9334023505052763	0.8887568674046799	-0.04464548310059646
237	0.934560352664284	0.9173629876841463	-0.017197364980137797
238	0.9423193685488768	0.883230115361263	-0.05908925318761382
239	0.9063948100092678	0.88581677135894	-0.020578038650327812
240	0.9455035225859926	0.9046944789796012	-0.04080904360639137
241	0.8904893904893905	0.8868263868263868	-0.00366300366300365
242	0.9257824143070045	0.8801652892561983	-0.04561712505080617
243	0.93589896164946	0.9148939335336645	-0.02100502811579541
244	0.9179316970914491	0.8858240894401258	-0.032107607651323256
245	0.9433591844698078	0.8821212564627842	-0.061237928007023656
246	0.9278752685971554	0.8803463624270951	-0.04752890617006034
247	0.9261997544440292	0.9038194629797683	-0.022380291464260904
248	0.9462723380491437	0.9321481757259866	-0.014124162323157052
249	0.9453787459629167	0.8802063898503545	-0.06517235611256222
250	0.9377640352216623	0.8943477375680765	-0.04341629765358579
251	0.9254663489193853	0.8686690223792697	-0.0567973265401156
252	0.8743777757906346	0.8626486631494232	-0.011729112641211348
253	0.9380841693173477	0.8980303401027648	-0.04005382921458289
254	0.9157732562581171	0.8428531411546003	-0.07292011510351681
255	0.9335099493700695	0.8961733192040504	-0.03733663016601907
256	0.9099884748367268	0.8884364195159431	-0.021552055320783747
257	0.91091348606152	0.8691756669845424	-0.0417378190769776
258	0.9383885131126142	0.9231636406787707	-0.015224872433843517
259	0.9487944108375224	0.9303484706483769	-0.01844594018914547
260	0.9432028645511792	0.9073959748117052	-0.03580688973947399
261	0.8904811647189398	0.8764118299928184	-0.014069334726121374
262	0.9545686384275673	0.9221620949182061	-0.03240654350936123
263	0.9499056499056499	0.9183705183705184	-0.03153513153513143
264	0.9557773006048869	0.9097301166266684	-0.0460471839782185
265	0.9218193551471116	0.9135615095963097	-0.00825784555080189
266	0.9402877547611093	0.8801996324757768	-0.060088122285332446
267	0.9574787044891983	0.9133420878316347	-0.04413661665756352
268	0.9270842185773774	0.9049743633324835	-0.02210985524489395
269	0.9389912125581522	0.9138803493212178	-0.025110863236934455
270	0.9415105053946621	0.9173856496492095	-0.024124855745452534
271	0.9104809897083134	0.8915773476243801	-0.018903642083933248
272	0.8910802078943671	0.8717235566793089	-0.01935665121505825
273	0.9249179991799918	0.8458897088970889	-0.07902829028290292
274	0.9172357814599194	0.8824871249440215	-0.03474865651589787
275	0.9374716883453051	0.9354817834724649	-0.0019899048728402313
276	0.9239566737065719	0.8891029678758012	-0.03485370583077063
277	0.919681254743233	0.8813306349607892	-0.03835061978244381
278	0.9311548047632234	0.8784962614234284	-0.05265854333979503
279	0.9313679245283019	0.9062578616352202	-0.025110062893081708
280	0.9423029035310524	0.9049753473778575	-0.03732755615319494
281	0.9299496644295302	0.9087985560300996	-0.021151108399430574
282	0.8869769136917495	0.8792286606138391	-0.007748253077910383
283	0.9157512567492088	0.8894991621671942	-0.026252094582014607
284	0.9452077036444932	0.9160442634826268	-0.02916344016186645
285	0.9337359943977591	0.9060895191409897	-0.027646475256769443
286	0.9338304858367188	0.8886415493349658	-0.04518893650175304
287	0.8990518683770218	0.8883040527979178	-0.010747815579103981
288	0.9501039774671616	0.9067361604675037	-0.04336781699965786
289	0.9584131715279256	0.8903318903318903	-0.06808128119603529
290	0.9375253481141003	0.9035757739624172	-0.03394957415168309
291	0.9383878775123645	0.9057402925391982	-0.03264758497316633
292	0.9475393480341254	0.9185755299004337	-0.028963818133691754
293	0.9478355598876211	0.9019551631213807	-0.04588039676624045
294	0.9404700991365526	0.930108730412536	-0.010361368724016606
295	0.9287200443067343	0.9013875791458978	-0.027332465160836428
296	0.9399360170621168	0.881644894694748	-0.058291122367368775
297	0.9049221092664375	0.8577854165142983	-0.047136692752139164
298	0.93671829509724	0.9030627693024339	-0.03365552579480613
299	0.9530608068756001	0.9228698704528641	-0.03019093642273607
300	0.914624631214493	0.9010679540633457	-0.013556677151147278
301	0.963717067583047	0.9183276059564719	-0.04538946162657509
302	0.9592936707561214	0.9361044094245675	-0.023189261331553856
303	0.9256483756483757	0.9074256074256074	-0.01822276822276825
304	0.9011906429471915	0.8660176495307466	-0.035172993416444975
305	0.9436409954928473	0.8961199294532628	-0.0475210660395845
306	0.9046716829968061	0.9080459770114943	0.0033742940146881395
307	0.9376909069548872	0.892313792293233	-0.04537711466165417
308	0.8868408539179619	0.8776559801786921	-0.009184873739269794
309	0.9477096546863989	0.9028071411792342	-0.044902513507164676
310	0.9477965197679845	0.9107107140476032	-0.03708580572038134
311	0.9402259814601222	0.9063608014011705	-0.03386518005895167
312	0.9380333093451219	0.9179603166443919	-0.02007299270072993
313	0.9630209074100412	0.9274798906430254	-0.03554101676701582
314	0.9269667041509803	0.8735271109372709	-0.05343959321370939
315	0.952345757223806	0.9250519128567909	-0.027293844367015097
316	0.9570323470091143	0.9250555286068064	-0.03197681840230793
317	0.9253481141003109	0.9005407597674733	-0.02480735433283765
318	0.9324647780639297	0.938145735494622	0.005680957430692302
319	0.9141246350548676	0.8720175173663546	-0.04210711768851305
320	0.9073972602739726	0.8664840182648402	-0.04091324200913238
321	0.9140570633263744	0.9141203264376542	6.326311127979878e-05
322	0.923959508908724	0.9099893984473855	-0.013970110461338558
323	0.9563744469026548	0.9297704646017699	-0.0266039823008849
324	0.9168155196864884	0.9047557186623797	-0.012059801024108752
325	0.9064797271693823	0.8803984193146754	-0.02608130785470686
326	0.9168802548686134	0.9206889117780919	0.003808656909478514
327	0.9404606286959228	0.9022253345782758	-0.038235294117647034
328	0.9485294117647058	0.9062643612132353	-0.04226505055147056
329	0.9303667922056656	0.903457780688827	-0.026909011516838666
330	0.9163677655413565	0.893044465672933	-0.02332329986842341
331	0.9541214736815461	0.9134066546011416	-0.04071481908040453
332	0.9173140579612241	0.8638654326825643	-0.05344862527865979
333	0.9360623331279524	0.9150878003696857	-0.020974532758266662
334	0.9400339630651666	0.9220043515177245	-0.018029611547442093
335	0.9165253039298841	0.8920342097823014	-0.02449109414758266
336	0.9416088489535942	0.899823703366697	-0.041785145586897166
337	0.9481800480393411	0.8974686962577637	-0.050711351781577374
338	0.9448289181446551	0.9187562365210674	-0.026072681623587668
339	0.9346010439970172	0.9005219985085757	-0.03407904548844143
340	0.9242424242424242	0.8917630638942114	-0.03247936034821275
341	0.8967896174863388	0.8896038251366121	-0.007185792349726716
342	0.8912696300239553	0.8617247804099015	-0.029544849614053792
343	0.9403575922818792	0.8837694001677853	-0.05658819211409394
344	0.9330340441451552	0.9078189300411522	-0.02521511410400301
345	0.9244541322006111	0.8672032193158954	-0.05725091288471573
346	0.9365399194031042	0.8926904201412441	-0.0438494992618601
347	0.9091845654345654	0.8843240093240093	-0.024860556110556042
348	0.9306771323157057	0.886041380308182	-0.04463575200752368
349	0.91397545067488	0.9051657758854968	-0.008809674789383104
350	0.9357581880946367	0.9180348572871937	-0.01772333080744304
351	0.9483533095777994	0.9210020516142965	-0.027351257963502906
352	0.9193912559012404	0.9042752836993813	-0.015115972201859118
353	0.9168055555555555	0.8726767676767677	-0.04412878787878782
354	0.9274329314651896	0.9208754208754208	-0.0065575105897687225
355	0.9406442936609817	0.9159606332905434	-0.024683660370438232
356	0.9094907407407408	0.8838734567901234	-0.025617283950617353
357	0.9281458840594726	0.8804158248286104	-0.047730059230862265
358	0.8408195161728731	0.8097648817613482	-0.031054634411524895
359	0.9244068538472432	0.8788733119633363	-0.0455335418839069
360	0.8876384689436362	0.8690629533713883	-0.018575515572247903
361	0.9405490604150089	0.9143661626981698	-0.026182897716839015
362	0.9190419161676646	0.8867894979272225	-0.032252418240442116
363	0.9222830595652896	0.8934682816215918	-0.0288147779436978
364	0.8996182980234347	0.8437093147118002	-0.05590898331163452
365	0.95507571657958	0.8998252353113384	-0.055250481268241614
366	0.9451477969882878	0.8883435582822086	-0.0568042387060792
367	0.9152750071245369	0.8890709603875748	-0.026204046736962083
368	0.932562686910513	0.9044973544973545	-0.02806533241315856
369	0.9417515563101302	0.9090548953027731	-0.03269666100735713
370	0.9096069182389938	0.8607075471698113	-0.04889937106918241
371	0.927900455660708	0.8916462203528449	-0.03625423530786309
372	0.9357907253269917	0.8776456599286564	-0.058145065398335305
373	0.9459038901601831	0.9299656750572083	-0.015938215102974773
374	0.9199277721863715	0.8975785921496655	-0.02234918003670594
375	0.9561893129770992	0.9129404580152671	-0.04324885496183206
376	0.9423018931144245	0.8985536382420283	-0.0437482548723962
377	0.9097861526658995	0.8655183160721135	-0.04426783659378597
378	0.9072485207100591	0.8747781065088758	-0.03247041420118335
379	0.9014056224899598	0.8471744119334481	-0.0542312105565117
380	0.9397749154063301	0.9088912153446375	-0.03088370006169261
381	0.9530648808999325	0.9338855112050989	-0.01917936969483358
382	0.8902757576657069	0.8430051352073377	-0.047270622458369216
383	0.9195240698794553	0.8844932177354266	-0.03503085214402879
384	0.9076718457167039	0.8689317453600145	-0.0387401003566894
385	0.938642828118651	0.919057293783015	-0.019585534335635923
386	0.9309852670349907	0.867157765500307	-0.06382750153468375
387	0.9091638164877933	0.8595824979360773	-0.04958131855171599
388	0.9272532871915835	0.8647415545090229	-0.0625117326825606
389	0.9435339345589085	0.9184009712105445	-0.025132963348364012
390	0.9506806555102748	0.891788780022544	-0.05889187548773078
391	0.9442215023610372	0.9071379071379071	-0.037083595223130095
392	0.9418033632518312	0.9244506344784896	-0.017352728773341597
393	0.9054496437512035	0.8613389819628988	-0.044110661788304695
394	0.9288960342979635	0.9119399785637727	-0.01695605573419079
395	0.9228233242228626	0.904340058065957	-0.018483266156905653
396	0.9276409609477841	0.9117622860903906	-0.015878674857393582
397	0.9518658911182276	0.9125656275188986	-0.03930026359932903
398	0.9098527488771391	0.8846779237023139	-0.025174825174825166
399	0.9459314006888634	0.9200511863758133	-0.0258802143130501
400	0.8944655987394958	0.8624770220588235	-0.03198857668067234
401	0.9238156377738183	0.8919662509170947	-0.03184938685672356
402	0.9429162561576354	0.9001970443349754	-0.04271921182266003
403	0.9284045326238165	0.8753798571061979	-0.05302467551761858
404	0.9158483228001945	0.8939718035974721	-0.021876519202722378
405	0.9464651236025823	0.9010129638377159	-0.045452159764866384
406	0.9575773413972474	0.9061201124965779	-0.051457228900669505
407	0.948178531701891	0.928781979977753	-0.01939655172413801
408	0.9429635399844204	0.938308665666027	-0.004654874318393398
409	0.915340613624545	0.9013260530421217	-0.014014560582423341
410	0.9104258951642673	0.8782761166482097	-0.0321497785160576
411	0.9391796322489392	0.8795656876612031	-0.059613944587736056
412	0.9337554853232077	0.9140310588663286	-0.019724426456879107
413	0.8895378539966585	0.8676663490879969	-0.021871504908661632
414	0.9103439519200925	0.8991986682091363	-0.011145283710956244
415	0.9417667864361104	0.9103273074331911	-0.031439479002919324
416	0.8838916732612327	0.8828035698584367	-0.0010881034027960812
417	0.9506688506688507	0.9220447720447721	-0.028624078624078564
418	0.9408681711678382	0.9196571710445184	-0.02121100012331978
419	0.9192788040429489	0.8874115481896289	-0.031867255853320064
420	0.9299271921494143	0.8929661285216841	-0.03696106362773022
421	0.9593201244152727	0.934486052264211	-0.024834072151061704
422	0.9637358688742088	0.9151026838773875	-0.048633184996821344
423	0.954371097234612	0.9247100802854594	-0.029661016949152574
424	0.9086548918954191	0.8978444338104146	-0.010810458085004582
425	0.9528702518139138	0.9080345710627401	-0.04483568075117372
426	0.9325517518590474	0.8803376431968916	-0.05221410866215581
427	0.9237192103536709	0.8918828651517863	-0.03183634520188461
428	0.9280508344817027	0.8717654264278059	-0.05628540805389681
429	0.9149704442720732	0.903442373017359	-0.011528071254714223
430	0.9028283718879788	0.8586742151790064	-0.04415415670897238
431	0.9418413978494624	0.894502688172043	-0.04733870967741938
432	0.9297798877859301	0.8576319953963458	-0.0721478923895843
433	0.9254840503513473	0.8745892523128255	-0.050894798038521816
434	0.9367661691542288	0.8903606965174129	-0.046405472636815936
435	0.9521924678640038	0.9334072536455177	-0.018785214218486113
436	0.9186966149952547	0.8919419713472229	-0.026754643648031817
437	0.8848260869565218	0.8996521739130435	0.014826086956521767
438	0.951921618204804	0.9142098609355247	-0.037711757269279333
439	0.930322962962963	0.9108859259259259	-0.01943703703703714
440	0.900306289621768	0.8712301445971935	-0.02907614502457445
441	0.9351702819378565	0.91391568512498	-0.021254596812876447
442	0.9592570116255548	0.9438237009007723	-0.01543331072478249
443	0.9488969878628927	0.9222157884578267	-0.02668119940506597
444	0.941837567164599	0.8923256533603399	-0.04951191380425912
445	0.9096904194907492	0.8874946571411125	-0.022195762349636716
446	0.9478182715353165	0.9130304525588608	-0.034787818976455664
447	0.923362952836637	0.9167464114832536	-0.006616541353383409
448	0.921904738054693	0.8662726635279976	-0.055632074526695385
449	0.9233180234590672	0.8955070943787445	-0.027810929080322677
450	0.9701034367701035	0.9335335335335335	-0.036569903236569945
451	0.9422379657459091	0.9137684270788607	-0.028469538667048377
452	0.9485026131206161	0.8982430202173016	-0.0502595929033145
453	0.9300521257042996	0.900705052878966	-0.029347072825333664
454	0.9516837481698389	0.9198418279706252	-0.031841920199213725
455	0.910206788285606	0.8842364532019704	-0.025970335083635554
456	0.9470406882517091	0.9220720665829911	-0.02496862166871794
457	0.9568486780922014	0.9205792480403879	-0.03626943005181349
458	0.9227104218880535	0.895219820384294	-0.027490601503759482
459	0.94305412301178	0.9164269040768688	-0.026627218934911268
460	0.9177054478301016	0.8823336174444207	-0.035371830385680814
461	0.9427060113503548	0.9256202330317015	-0.017085778318653322
462	0.9136978417266187	0.8937985611510791	-0.01989928057553958
463	0.9668742158276755	0.9252940279780959	-0.04158018784957962
464	0.9369951176209499	0.8824456280514869	-0.05454948956946304
465	0.9154262345051819	0.8575238772607193	-0.05790235724446258
466	0.9313144709696434	0.9157088122605364	-0.015605658709107018
467	0.9233478669744379	0.9085919466529879	-0.014755920321450011
468	0.9322650840751731	0.9169139465875371	-0.015351137487635946
469	0.9403085753532182	0.9191400117739403	-0.021168563579277877
470	0.9368215244543013	0.9158982140772732	-0.020923310377028104
471	0.9275897319400273	0.8968082689686506	-0.030781462971376627
472	0.9179460442827351	0.8754603540843946	-0.042485690198340476
473	0.9298693568094238	0.9097402800839626	-0.02012907672546127
474	0.940856120039607	0.9183994719069744	-0.022456648132632595
475	0.8981173864894795	0.8676959155755325	-0.03042147091394698
476	0.8936372823383084	0.8568291355721394	-0.03680814676616906
477	0.920465637540219	0.898171914729523	-0.02229372281069608
478	0.9411726804123711	0.911608676975945	-0.029564003436426067
479	0.9222222222222223	0.8816894087069526	-0.04053281351526972
480	0.9324133683039263	0.8993601971069782	-0.03305317119694806
481	0.9457122267595484	0.8791736728320922	-0.06653855392745611
482	0.9214954422271495	0.8988174427198817	-0.022677999507267788
483	0.9353054353054353	0.8921851568910393	-0.04312027841439603
484	0.9191019691458673	0.9057757431330741	-0.013326226012793208
485	0.9435694707990723	0.9091819523508328	-0.03438751844823951
486	0.9201032710172656	0.8941817846522672	-0.02592148636499847
487	0.9200392798690671	0.882657937806874	-0.037381342062193124
488	0.9128776063536242	0.8932264798330014	-0.01965112652062284
489	0.9191176470588235	0.8811046157593472	-0.03801303129947631
490	0.9646038581794585	0.9337108921794192	-0.030892966000039324
491	0.9420078636959371	0.8809750982961992	-0.0610327653997379
492	0.9016666666666666	0.88915857605178	-0.012508090614886669
493	0.914270211611503	0.8916420489941922	-0.02262816261731082
494	0.9266417393026941	0.9001213351822503	-0.026520404120443763
495	0.9275014907573047	0.892355396541443	-0.03514609421586168
496	0.9322076676509932	0.9016430680699629	-0.030564599581030305
497	0.9373333333333334	0.9233918128654971	-0.013941520467836255
498	0.9406915885446806	0.8658873757442486	-0.07480421280043204
499	0.9111826667361944	0.8987980393179329	-0.012384627418261518
500	0.9293710247349823	0.9243533568904594	-0.005017667844522955
501	0.9474850479755604	0.9314680951766275	-0.016016952798932893
502	0.8977925000632159	0.881508078994614	-0.01628442106860184
503	0.935630896291171	0.9147419634718241	-0.020888932819346895
504	0.9274415584415584	0.8848961038961038	-0.04254545454545455
505	0.9392333199356914	0.9072548231511254	-0.03197849678456599
506	0.9475207613505486	0.901830635873189	-0.04569012547735962
507	0.9404832261428819	0.9152963671128107	-0.02518685903007123
508	0.9210332606324972	0.8917666303162486	-0.029266630316248654
509	0.93781328320802	0.8888993316624896	-0.048913951545530465
510	0.9195810249307479	0.9009695290858726	-0.018611495844875314
511	0.93526233861368	0.8940980170721037	-0.04116432154157634
512	0.94741550060699	0.9168264008689541	-0.03058909973803592
513	0.9505452962470787	0.8896920680016497	-0.06085322824542905
514	0.9430845129115081	0.9035904880966784	-0.039494024814829665
515	0.9558260975165462	0.9170259275001518	-0.038800170016394464
516	0.9134905459953261	0.8764818355640536	-0.03700871043127252
517	0.8510513654663525	0.8084857096561094	-0.042565655810243075
518	0.8725764499121266	0.8569279437609841	-0.01564850615114244
519	0.925	0.9099626068376069	-0.015037393162393164
520	0.9310107376283847	0.8787698412698413	-0.052240896358543454
521	0.9340217265016847	0.8870686650400836	-0.04695306146160105
522	0.9668139087099332	0.9297445107842661	-0.0370693979256671
523	0.9431952662721893	0.9146725503961488	-0.028522715876040494
524	0.9428571428571428	0.9072463768115943	-0.03561076604554858
525	0.9274357578709141	0.8861403156959922	-0.04129544217492198
526	0.9199410232843137	0.8866804534313726	-0.033260569852941124
527	0.9005842259006815	0.8943281402142161	-0.006256085686465407
528	0.9512691878912615	0.9276863047766057	-0.02358288311465573
529	0.9360612603683646	0.899142213254988	-0.03691904711337657
530	0.8958974774482796	0.8734402852049911	-0.02245719224328857
531	0.9422132023071993	0.9304235206152531	-0.011789681691946163
532	0.9626595269968764	0.9361892012494422	-0.026470325747434242
533	0.9341929746554024	0.8961167926485846	-0.03807618200681784
534	0.9418436887851453	0.896789555792758	-0.04505413299238736
535	0.9474947494749475	0.9123055162659123	-0.03518923320903522
536	0.9564017769986254	0.895521644719804	-0.060880132278821386
537	0.9286446108565255	0.8964177936738572	-0.03222681718266829
538	0.9013156255450626	0.8875239827573319	-0.013791642787730707
539	0.9441617189708793	0.9011309018942607	-0.0430308170766186
540	0.9196596756046068	0.8878775236722671	-0.031782151932339686
541	0.9094771241830065	0.8847338935574229	-0.02474323062558359
542	0.9352401969105415	0.902591523793357	-0.032648673117184446
543	0.9606100299401198	0.9336873128742516	-0.02692271706586824
544	0.9270417082917083	0.8998813686313686	-0.027160339660339705
545	0.9228395061728395	0.8890961857379768	-0.03374332043486272
546	0.9457926536491678	0.9243657970550576	-0.021426856594110144
547	0.9444405853477817	0.8938478281003983	-0.050592757247383435
548	0.9465587345663709	0.9041875340903456	-0.04237120047602527
549	0.9180004757535597	0.8921625264779511	-0.025837949275608563
550	0.9250824988620847	0.9148697086936732	-0.010212790168411479
551	0.9437905788092278	0.9327669567619837	-0.011023622047244053
552	0.9365693928921882	0.9107257135543325	-0.025843679337855696
553	0.9337780707337031	0.8743067551595599	-0.0594713155741432
554	0.9178464606181456	0.8481982623557898	-0.0696481982623558
555	0.9340626029654037	0.9097858319604613	-0.02427677100494241
556	0.9556689165463697	0.9286118372283563	-0.027057079318013377
557	0.9358212411238036	0.9029149943398168	-0.03290624678398679
558	0.9347286234400319	0.8969000568217691	-0.03782856661826284
559	0.9218466077757588	0.9053667488260799	-0.01647985894967885
560	0.9243584530586428	0.8795631155688082	-0.04479533748983466
561	0.9397404682967261	0.8873290509738915	-0.05241141732283461
562	0.9221952861952862	0.8742222222222222	-0.047973063973064
563	0.9241234061930783	0.8969148451730419	-0.027208561020036437
564	0.9212909773284313	0.8676470588235294	-0.05364391850490191
565	0.946560258611981	0.9183553894332761	-0.028204869178704906
566	0.9191427303278169	0.8883647200557986	-0.03077801027201832
567	0.9168224299065421	0.8944592790387182	-0.02236315086782381
568	0.9120610524068737	0.8941402497598463	-0.017920802647027445
569	0.932545731707317	0.9066017823639775	-0.025943949343339545
570	0.9463239463239463	0.8987462987462987	-0.0475776475776476
571	0.9342940954841488	0.9109209322353194	-0.02337316324882932
572	0.9302632454370051	0.8872169612561265	-0.043046284180878636
573	0.9406533754441374	0.9147848401105408	-0.025868535333596565
574	0.9361490683229814	0.9048555225492844	-0.03129354577369703
575	0.9527935222672065	0.9270098322729902	-0.02578368999421632
576	0.9300494543212989	0.8962019641631292	-0.03384749015816968
577	0.9385344968862668	0.8934058505408063	-0.04512864634546043
578	0.9106072766185126	0.8800428036383092	-0.030564472980203372
579	0.9523683863306505	0.928090777147381	-0.02427760918326949
580	0.9426514813989753	0.9017737803519715	-0.04087770104700372
581	0.8908492822966507	0.8683290393816709	-0.022520242914979782
582	0.9357623721671207	0.9085513130171129	-0.027211059150007766
583	0.9265033173763333	0.8822436381960191	-0.04425967918031415
584	0.9324801412180053	0.8832833186231245	-0.049196822594880785
585	0.9609070935342122	0.9142969240426868	-0.04661016949152541
586	0.928863188976378	0.8939099409448819	-0.03495324803149613
587	0.9605062552430973	0.9275486012328118	-0.0329576540102855
588	0.923980732582044	0.9002115814588617	-0.02376915112318234
589	0.8831015193253452	0.8751753392709266	-0.007926180054418586
590	0.9330593142247442	0.8837116252000582	-0.049347689024686
591	0.8885470085470085	0.8675457875457876	-0.021001221001220927
592	0.9395932707596041	0.904575062830179	-0.035018207929425116
593	0.9195309471507946	0.8813154154283499	-0.03821553172244474
594	0.9448173415492958	0.9039172535211267	-0.040900088028169024
595	0.9191625472521082	0.9177247907983587	-0.0014377564537495502
596	0.9501508592417683	0.9138462547553456	-0.0363046044864227
597	0.9328104758236756	0.9061657504989321	-0.02664472532474349
598	0.9329061697360511	0.8839280835018307	-0.0489780862342204
599	0.9471996052306934	0.9026164193994787	-0.04458318583121468
600	0.9591164323170449	0.9157455102324934	-0.04337092208455151
601	0.957391304347826	0.9313143428285857	-0.026076961519240327
602	0.9448924731182796	0.9259228466910542	-0.01896962642722544
603	0.9353188824327615	0.9012444475372	-0.0340744348955615
604	0.920761679412966	0.8688610019577189	-0.05190067745524718
605	0.9417973326124178	0.9002320446967649	-0.04156528791565295
606	0.9518130970336852	0.934373428858723	-0.01743966817496223
607	0.9249707931288131	0.8839369420045289	-0.04103385112428426
608	0.9304615384615385	0.8871147098515519	-0.04334682860998651
609	0.9231024353264474	0.8902207902965982	-0.03288164502984925
610	0.926166686730067	0.8794791541270415	-0.046687532603025494
611	0.9289186733303044	0.9123466606088142	-0.016572012721490226
612	0.9052195140853256	0.8810271115072138	-0.024192402578111838
613	0.9505424491788832	0.9012278048373843	-0.0493146443414989
614	0.9453429440252281	0.8952472125239329	-0.050095731501295204
615	0.9520636563591668	0.9086815888213223	-0.04338206753784446
616	0.9141502056055905	0.8732056812734933	-0.040944524332097165
617	0.9442113442113442	0.8922817922817923	-0.051929551929551954
618	0.9250498459307595	0.9149770838188457	-0.010072762111913769
619	0.9060637865655471	0.9045910075839654	-0.0014727789815817127
620	0.9164956011730205	0.9073900293255132	-0.009105571847507377
621	0.9140134059488898	0.8836405529953917	-0.03037285295349812
622	0.9236754677391152	0.8938407064172058	-0.02983476132190943
623	0.9152306967984934	0.8764359698681733	-0.038794726930320156
624	0.9204707792207792	0.901737012987013	-0.018733766233766214
625	0.9628865979381444	0.9415508740475124	-0.021335723890631986
626	0.9346336452578702	0.9041802898768587	-0.03045335538101146
627	0.9408664772727273	0.9158096590909091	-0.025056818181818263
628	0.9319841576506955	0.8870749613601236	-0.044909196290571884
629	0.9302298533067764	0.8894058124827355	-0.0408240408240409
630	0.9590873634945398	0.9255460218408736	-0.03354134165366618
631	0.9179087756735129	0.9050733528941051	-0.012835422779407857
632	0.9440094672292815	0.9027098748460978	-0.0412995923831837
633	0.9522102747909199	0.9311620175575295	-0.021048257233390433
634	0.9391843820256695	0.918419230294924	-0.020765151730745446
635	0.955798654741666	0.93110170744327	-0.024696947298396
636	0.9164797561536692	0.8665458937198067	-0.04993386243386244
637	0.9406532392850061	0.9192940709894903	-0.021359168295515762
638	0.9347801861035271	0.8925586448988689	-0.04222154120465815
639	0.9465048612589596	0.9094741324249521	-0.03703072883400749
640	0.9323403536434283	0.8606825092915869	-0.07165784435184142
641	0.9382551736736345	0.9067694877214959	-0.03148568595213863
642	0.9066899913381681	0.8570118378369198	-0.04967815350124827
643	0.8988952245188881	0.8920408648134949	-0.006854359705393276
644	0.8990600507628371	0.8649345940367612	-0.03412545672607592
645	0.9114080834419818	0.8719795740982181	-0.03942850934376363
646	0.9524382344776534	0.8999854591600682	-0.05245277531758519
647	0.9521359063170047	0.92370113805047	-0.028434768266534682
648	0.9357749469214437	0.9135443986511802	-0.022230548270263495
649	0.9276643100288033	0.8898402723225975	-0.03782403770620579
650	0.9427630805408583	0.9238212815990594	-0.018941798941798926
651	0.9690653885655598	0.9373228346456693	-0.03174255391989045
652	0.9356943150046598	0.8751588579174786	-0.06053545708718122
653	0.943814993015676	0.9091779191887837	-0.034637073826892295
654	0.910347028320702	0.8747826086956522	-0.03556441962504986
655	0.8991585302102831	0.82656278983491	-0.07259574037537309
656	0.9264999879567406	0.9022569068092589	-0.02424308114748175
657	0.936820987654321	0.9138734567901234	-0.02294753086419754
658	0.9341792228390167	0.9110347460862924	-0.02314447675272424
659	0.9430147058823529	0.9088740458015268	-0.03414066008082617
660	0.931156725091822	0.9020061369659212	-0.029150588125900767
661	0.9246457122093024	0.9200581395348837	-0.004587572674418672
662	0.9538825532341049	0.9106317990060463	-0.043250754228058574
663	0.9485044658311985	0.9139548570241639	-0.034549608807034615
664	0.9389052769583743	0.9124658581885721	-0.02643941876980227
665	0.916766577017379	0.8913191406629727	-0.025447436354406272
666	0.9261546216369478	0.8799697561590322	-0.04618486547791567
667	0.9397570809771686	0.8932704190540389	-0.04648666192312967
668	0.9476888086159609	0.9228487970209824	-0.024840011594978506
669	0.9390878444401016	0.904656048465898	-0.03443179597420365
670	0.934978978978979	0.8909069069069069	-0.04407207207207209
671	0.9479747162022704	0.9283023735810113	-0.019672342621259054
672	0.9331236497649003	0.9164548650823908	-0.01666878468250943
673	0.9003496503496503	0.8765465303926843	-0.023803119956966046
674	0.9230180806675938	0.8897542883634678	-0.033263792304126016
675	0.9312295751633987	0.8977941176470589	-0.033435457516339806
676	0.9249173826834104	0.9075016523463318	-0.01741573033707855
677	0.9461712247324614	0.9080380499405469	-0.03813317479191447
678	0.9469531817709955	0.9068955673206686	-0.04005761445032696
679	0.9238367627975954	0.8998305129631101	-0.024006249834485294
680	0.9236075375529907	0.8947781126712245	-0.028829424881766208
681	0.9506834870053882	0.9349819322814192	-0.015701554723968947
682	0.9150950060040969	0.9064950201313837	-0.008599985872713156
683	0.9490154046613286	0.91488556837526	-0.03412983628606858
684	0.953442444080742	0.9204255319148936	-0.033016912165848344
685	0.9676062753572525	0.9267380642154215	-0.040868211141831035
686	0.9418616226978597	0.898871743819479	-0.04298987887838068
687	0.9173317612914929	0.9049368160106415	-0.012394945280851388
688	0.9024058551541676	0.8866182033973741	-0.01578765175679353
689	0.9280542211748593	0.9100979888616977	-0.01795623231316157
690	0.9472573839662447	0.9303493913729776	-0.01690799259326714
691	0.9282232426704344	0.9074935661300904	-0.020729676540344077
692	0.9435368118878757	0.9148091860857819	-0.02872762580209387
693	0.9525028616441222	0.920895540758428	-0.03160732088569418
694	0.9442401960784313	0.9299389567147613	-0.014301239363670004
695	0.9276750493096647	0.8736686390532544	-0.05400641025641029
696	0.9034054401370744	0.8524095095309489	-0.050995930606125506
697	0.9346094647089004	0.904974224915101	-0.02963523979379934
698	0.9475177722791721	0.9073092180197164	-0.04020855425945569
699	0.9304214096814993	0.8955243187305968	-0.03489709095090254
700	0.9454973799864773	0.9240724306964165	-0.02142494929006078
701	0.9165035366585754	0.8966016756714431	-0.019901860987132314
702	0.9102322580645161	0.8723483870967742	-0.03788387096774193
703	0.9041604371810074	0.8579032840129917	-0.04625715316801571
704	0.9568252885326056	0.9171186537040196	-0.03970663482858605
705	0.9472665699080793	0.9041149276998334	-0.043151642208245966
706	0.9156230889899232	0.8782138204248757	-0.03740926856504745
707	0.956507446835411	0.9089311452196122	-0.047576301615798844
708	0.9424916731627808	0.9221174969881653	-0.020374176174615566
709	0.9484314626172012	0.9264773433489152	-0.021954119268286054
710	0.9434517172167708	0.8999358831400536	-0.04351583407671722
711	0.9177830940988836	0.8875996810207336	-0.03018341307814998
712	0.9139084825465726	0.8948122023271237	-0.01909628021944898
713	0.9492467340918669	0.9131110408765276	-0.03613569321533927
714	0.9603862342163902	0.9407561984932621	-0.01963003572312816
715	0.9113131861503198	0.8570997707805526	-0.054213415369767204
716	0.9275986622073579	0.8913444816053512	-0.03625418060200669
717	0.9193285924786981	0.8973540905887629	-0.021974501889935216
718	0.9549794647762053	0.907813848850289	-0.04716561592591628
719	0.959841628959276	0.9429361488185017	-0.01690548014077431
720	0.9107969576719577	0.8719273589065256	-0.038869598765432056
721	0.929636923076923	0.926363076923077	-0.0032738461538460717
722	0.9451473759884975	0.9128684399712437	-0.032278936017253845
723	0.9305593300520377	0.8978268965586658	-0.03273243349337196
724	0.9312883435582822	0.8915473755964554	-0.0397409679618268
725	0.9022097392687213	0.8720967514396009	-0.03011298782912042
726	0.9243594613988434	0.8834895107846862	-0.04086995061415721
727	0.9628343785997696	0.9303404582106746	-0.03249392038909504
728	0.9474480860645484	0.9096322241681261	-0.03781586189642239
729	0.9492619926199262	0.9176019885198852	-0.031660004100040995
730	0.9448324128592511	0.8985804920352367	-0.046251920824014414
731	0.9295216062133356	0.9167384709812207	-0.012783135232114828
732	0.9242600943347328	0.9008966982843518	-0.023363396050380958
733	0.9366479218111265	0.9053868979685004	-0.03126102384262619
734	0.9326500012290145	0.8968610967726077	-0.03578890445640681
735	0.9187194490596933	0.897011726745166	-0.021707722314527222
736	0.9324448942869995	0.9155083220872695	-0.016936572199729993
737	0.9211217571861006	0.8940910114327171	-0.02703074575338349
738	0.8927230487633172	0.8609963861641714	-0.031726662599145805
739	0.935108024691358	0.9051697530864198	-0.029938271604938227
740	0.9411589789946951	0.9216999310131551	-0.01945904798154008
741	0.9452458853856831	0.9101973031925441	-0.035048582193139
742	0.9316004077471968	0.8911442405708461	-0.0404561671763507
743	0.9055452809927216	0.8808913017539673	-0.02465397923875423
744	0.9263932847117105	0.9136782716389157	-0.012715013072794767
745	0.9527471686562595	0.9165901438628712	-0.03615702479338834
746	0.9451672248690975	0.9117977263078447	-0.03336949856125282
747	0.9335893593106033	0.9031472461596104	-0.030442113150992878
748	0.9297617225368642	0.9059952038369304	-0.023766518699933736
749	0.9260487685031632	0.8981020821816842	-0.02794668632147901
750	0.9448162673714724	0.9090715320999233	-0.03574473527154909
751	0.9338001887439945	0.8822923816060398	-0.051507807137954664
752	0.9220183486238532	0.8910172396410928	-0.031001108982760428
753	0.9262357228458923	0.9097268080318928	-0.01650891481399952
754	0.9268569496764223	0.8582174249009948	-0.06863952477542745
755	0.9378424683964376	0.8844212573510117	-0.053421211045425854
756	0.9661977150410727	0.9457944566999424	-0.020403258341130215
757	0.954665211837343	0.8867495209708325	-0.0679156908665105
758	0.9440873766015543	0.9065322411258139	-0.03755513547574041
759	0.8953670443032146	0.8468039053145436	-0.04856313898867093
760	0.9285805561234921	0.8790252504600287	-0.049555305663463445
761	0.9399030890369473	0.9057662023016354	-0.0341368867353119
762	0.918577040337711	0.8598000703564728	-0.05877696998123827
763	0.9654750783096114	0.9444276529098203	-0.021047425399791098
764	0.9570057378566329	0.9077580052354637	-0.049247732621169216
765	0.9340103191034868	0.9005444367763208	-0.03346588232716596
766	0.9608787053277108	0.9014441915139755	-0.059434513813735323
767	0.9405584020197519	0.9071062597460459	-0.033452142273706076
768	0.9165721997300945	0.8972604588394062	-0.019311740890688323
769	0.930136842406822	0.8855222070493416	-0.04461463535748045
770	0.9321921245744205	0.9076271991101827	-0.02456492546423772
771	0.9294242141300965	0.9063429816370993	-0.023081232492997206
772	0.9657534246575342	0.9422879996908631	-0.023465424966671145
773	0.9454231916480239	0.9249161073825504	-0.02050708426547354
774	0.9337345132743363	0.8884814159292035	-0.04525309734513283
775	0.9401076716016151	0.9110447510094213	-0.02906292059219384
776	0.9364752828622062	0.905295378781307	-0.031179904080899212
777	0.9434473706736668	0.9107484235455245	-0.03269894712814225
778	0.9139392054730623	0.8655834564254062	-0.04835574904765605
779	0.8701457272885844	0.861075432504004	-0.009070294784580435
780	0.9311128424879885	0.8866770549279315	-0.04443578756005706
781	0.9310682943570133	0.8793776862610515	-0.05169060809596182
782	0.9100007457677679	0.8617048251174584	-0.04829592065030952
783	0.9124269005847954	0.8906432748538011	-0.02178362573099424
784	0.942999405469679	0.9202140309155767	-0.022785374554102233
785	0.9614319198806733	0.948522622345337	-0.012909297535336317
786	0.9501428331372879	0.9243488489329524	-0.02579398420433543
787	0.9431406799827853	0.8964836333257385	-0.04665704665704673
788	0.935855794252284	0.9036982164225882	-0.03215757782969586
789	0.9098693759071118	0.8971940009675858	-0.012675374939525974
790	0.9347000261985853	0.9174089599161646	-0.01729106628242072
791	0.9399480789200415	0.9035202492211838	-0.03642782969885772
792	0.9322929895859792	0.9039243078486157	-0.02836868173736351
793	0.9349554953560372	0.9043343653250774	-0.030621130030959787
794	0.8915103163686382	0.8591031636863824	-0.0324071526822558
795	0.9099640042201949	0.8741854403276857	-0.03577856389250911
796	0.9714408725602756	0.9327521048603138	-0.03868876769996177
797	0.9381274606299213	0.9040354330708661	-0.03409202755905516
798	0.9230791780259725	0.8732154896960104	-0.04986368832996213
799	0.9681669429215011	0.9539008599317155	-0.0142660829897856
800	0.9220177089869623	0.8847056636222083	-0.037312045364754076
801	0.9266582220175035	0.9003915246430216	-0.02626669737448184
802	0.9465172239108409	0.9104989868287741	-0.03601823708206686
803	0.9381387672189424	0.9027169428045452	-0.03542182441439723
804	0.9403245374582955	0.9111186937620058	-0.029205843696289646
805	0.8811545228586589	0.8473482838551122	-0.033806239003546734
806	0.9319155844155844	0.8872077922077922	-0.044707792207792196
807	0.9465871517476301	0.9127533539113148	-0.03383379783631524
808	0.9421276595744681	0.8819655521783182	-0.06016210739614991
809	0.9288199672120178	0.8941583860283048	-0.034661581183712986
810	0.9234442122373157	0.9049982584465343	-0.0184459537907814
811	0.9251035752646923	0.863019794383919	-0.062083780880773376
812	0.9224876545815219	0.8893344025661588	-0.03315325201536312
813	0.9385434173669468	0.9066853408029879	-0.03185807656395889
814	0.9254568459984914	0.8834464802783658	-0.04201036572012562
815	0.9387659629530094	0.9019877173599291	-0.036778245593080294
816	0.939660758528683	0.9064100120703894	-0.03325074645829362
817	0.9164522768201698	0.8761469856787583	-0.04030529114141157
818	0.9235188387331634	0.8808927921368765	-0.04262604659628688
819	0.9166193853427896	0.8834160756501181	-0.03320330969267149
820	0.9556469298245615	0.9113623903508772	-0.04428453947368427
821	0.9556917969586636	0.9030172413793104	-0.05267455557935319
822	0.94649162516976	0.9105779387354761	-0.03591368643428394
823	0.9232979067760034	0.9093520716443677	-0.01394583513163572
824	0.9189146453306347	0.8867366623446444	-0.03217798298599028
825	0.925826183972608	0.8725041357288501	-0.05332204824375786
826	0.9170055398396982	0.8564798444130127	-0.06052569542668551
827	0.9169394435351882	0.8878887070376432	-0.02905073649754497
828	0.9217483644175374	0.8942974318914169	-0.02745093252612052
829	0.8584986519970702	0.8574701179697362	-0.0010285340273340493
830	0.9264744571861894	0.8924431651113484	-0.03403129207484101
831	0.9499209486166008	0.9211462450592885	-0.028774703557312264
832	0.9262443323653777	0.8956773141780019	-0.03056701818737584
833	0.941260471130601	0.9177489177489178	-0.023511553381683203
834	0.9011534947464596	0.8634840871021775	-0.03766940764428206
835	0.9115810706967213	0.8931224385245902	-0.018458632172131173
836	0.9368223730874455	0.8866045192015402	-0.050217853885905384
837	0.9523362486928415	0.9272388059701493	-0.02509744272269221
838	0.9024852904427634	0.882448488152843	-0.02003680228992033
839	0.9127485638532921	0.8790985417587274	-0.03365002209456469
840	0.9576687700161715	0.9295747851729714	-0.028093984843200026
841	0.9555024581858214	0.9210878566871411	-0.03441460149868025
842	0.9431341719077568	0.8913919612520783	-0.05174221065567852
843	0.9480907732028808	0.9060766655548556	-0.04201410764802527
844	0.9246404002501564	0.8882287540824126	-0.03641164616774373
845	0.942828432409562	0.9133911571821451	-0.029437275227416904
846	0.9286939242160279	0.8874128919860628	-0.04128103222996515
847	0.9665690104166667	0.9156087239583334	-0.05096028645833328
848	0.9465448435202688	0.8923845530650824	-0.054160290455186444
849	0.9381474447513812	0.9152796961325966	-0.0228677486187846
850	0.9290165002171081	0.8911745549283543	-0.03784194528875384
851	0.946020618556701	0.9130309278350516	-0.03298969072164948
852	0.9119775798012522	0.8933240772879787	-0.018653502513273468
853	0.9176560121765601	0.8770167427701674	-0.04063926940639273
854	0.9464285714285714	0.9158683197144736	-0.03056025171409782
855	0.9578747211759974	0.9142867590594946	-0.04358796211650273
856	0.9436724960254372	0.9118441971383148	-0.031828298887122464
857	0.9178544061302683	0.8895019157088122	-0.028352490421456045
858	0.938288151081328	0.9049243578028227	-0.03336379327850536
859	0.9028562460765851	0.8668392969240427	-0.03601694915254239
860	0.9370716981132076	0.9163471698113208	-0.020724528301886758
861	0.9275739243512184	0.8794170859953638	-0.0481568383558546
862	0.9260078376595662	0.9029216622046328	-0.02308617545493341
863	0.9485689915511141	0.9176781124289682	-0.03089087912214583
864	0.9307765151515152	0.9086647727272728	-0.02211174242424241
865	0.9422482417497489	0.9032286111755159	-0.039019630574232966
866	0.9531313387423935	0.93401369168357	-0.019117647058823573
867	0.9231970471323112	0.8956687832326674	-0.0275282638996438
868	0.8767094417384789	0.8288450730610716	-0.04786436867740729
869	0.9484033695758645	0.9209765892839651	-0.027426780291899377
870	0.9140217391304348	0.8917798913043479	-0.022241847826086958
871	0.9415982180147571	0.8824725045245719	-0.05912571349018514
872	0.9254950495049505	0.8987073707370737	-0.0267876787678768
873	0.9316949568155192	0.9258643707598834	-0.0058305860556358
874	0.9090021990104453	0.9051401869158878	-0.0038620120945574987
875	0.8882440661115943	0.8823909531502423	-0.005853112961352047
876	0.9317463433788161	0.8925296947089427	-0.0392166486698734
877	0.8844554138671785	0.8515014397367339	-0.03295397413044465
878	0.9311237159212693	0.8784797553388922	-0.05264396058237708
879	0.8966469681397738	0.88254753340185	-0.014099434737923855
880	0.9524689133177149	0.9086772391421878	-0.043791674175527096
881	0.9404103755323268	0.916066589237321	-0.024343786295005776
882	0.9310911003360784	0.8778188255214346	-0.053272274814643805
883	0.9369266514441373	0.8993109802507712	-0.037615671193366174
884	0.9321215682982117	0.9103629698038228	-0.02175859849438888
885	0.9299452769632178	0.8961532245029902	-0.03379205246022765
886	0.8929372937293729	0.8692079207920792	-0.023729372937293713
887	0.9492185582194583	0.9366009328205548	-0.012617625398903543
888	0.9319788977438546	0.9092490739701425	-0.02272982377371202
889	0.9375928261174162	0.8939190135911448	-0.04367381252627145
890	0.9246674820363858	0.8945370228813128	-0.030130459155073064
891	0.9499611324255874	0.9399934802778405	-0.009967652147746975
892	0.954735508394045	0.9414475768134305	-0.013287931580614476
893	0.9319253061500643	0.8988746307029611	-0.03305067544710316
894	0.9374600055879516	0.9032292952871936	-0.03423071030075797
895	0.9529856	0.9254144	-0.027571200000000018
896	0.9448012023500478	0.9347490875021959	-0.010052114847851956
897	0.8847107205227874	0.8505858824854938	-0.0341248380372936
898	0.9041405593953878	0.8605871713713584	-0.043553388024029416
899	0.9295794392523364	0.8967445482866043	-0.03283489096573211
900	0.8990561759537441	0.8653704438523894	-0.033685732101354726
901	0.9407795069549649	0.9130629389891199	-0.027716567965844985
902	0.9209536173208942	0.9064865340609047	-0.014467083259989466
903	0.9520449995233101	0.9209784399983656	-0.031066559524944526
904	0.9444953288148012	0.8912673697432811	-0.053227959071520115
905	0.9548076701202206	0.9210028382213813	-0.033804831898839316
906	0.9388548900233588	0.9254209341408505	-0.013433955882508286
907	0.9177744461102781	0.9057027042034538	-0.012071741906824363
908	0.9482451510753398	0.8781336587940362	-0.07011149228130364
909	0.9452207875549065	0.9261127891924188	-0.019107998362487666
910	0.9303763344236369	0.9018247606723938	-0.028551573751243065
911	0.9512670565302144	0.9299745089218774	-0.021292547608336987
912	0.9374414245548266	0.9089034676663542	-0.028537956888472382
913	0.9402983032293377	0.9202791461412151	-0.02001915708812263
914	0.9150650084793669	0.8881006218202374	-0.02696438665912948
915	0.9492255413308045	0.9083195037142405	-0.04090603761656397
916	0.9505349383512458	0.9131075110456554	-0.037427427305590455
917	0.9464598592560678	0.9199195748958782	-0.026540284360189625
918	0.9367329976042634	0.8897309278182499	-0.04700206978601351
919	0.9604258522421766	0.9282121136083927	-0.03221373863378385
920	0.9160907318802055	0.8888002835371256	-0.02729044834307992
921	0.9477055958082606	0.9208113307953661	-0.02689426501289449
922	0.9318980870560226	0.8990006182693994	-0.03289746878662325
923	0.9414150206229415	0.9164597778459165	-0.02495524277702499
924	0.9144329896907216	0.8540270618556701	-0.0604059278350515
925	0.9074302502915582	0.8739459047277295	-0.03348434556382873
926	0.9536679536679536	0.9128634128634129	-0.04080454080454077
927	0.932534069733504	0.8877101995913877	-0.044823870142116196
928	0.9647360126083531	0.9173510016175189	-0.04738501099083414
929	0.9419664682368505	0.8894975987116441	-0.05246886952520635
930	0.9085075031990384	0.8812478188374888	-0.027259684361549574
931	0.937521241644953	0.893211170273026	-0.044310071371926996
932	0.9267375756464331	0.8948896631823461	-0.031847912464087025
933	0.9541722627737226	0.8991299270072993	-0.055042335766423256
934	0.9500402900886382	0.9316603353670235	-0.01837995472161469
935	0.9103230642743144	0.8392779416743241	-0.0710451225999903
936	0.9255021318128114	0.8988801561617096	-0.026621975651101804
937	0.9303013854425145	0.9029673283705542	-0.02733405707196035
938	0.9286136885092137	0.8971413728913837	-0.03147231561782993
939	0.9650400836528407	0.9343238062042524	-0.03071627744858829
940	0.8918233082706767	0.8414786967418546	-0.05034461152882208
941	0.931471433871267	0.9164000185494342	-0.01507141532183276
942	0.9235765655646835	0.9009494300577049	-0.02262713550697859
943	0.9380278060836057	0.9101748714524989	-0.02785293463110683
944	0.915476572052661	0.8795422439070717	-0.03593432814558928
945	0.9273954703832753	0.9077090592334495	-0.019686411149825833
946	0.9013764321340919	0.8572446475225353	-0.044131784611556646
947	0.9412593636431061	0.9120670473930135	-0.029192316250092665
948	0.9440488425586062	0.9010669015807762	-0.042981940977830035
949	0.9072120488322718	0.8834096337579618	-0.023802415074310024
950	0.9107269503546099	0.8816267730496454	-0.029100177304964503
951	0.9432324653999531	0.8952745849297573	-0.04795788047019578
952	0.9445694867381614	0.8962001853568119	-0.04836930138134954
953	0.9349393685688822	0.9021929943014557	-0.03274637426742644
954	0.9347864474119855	0.8893941066107494	-0.04539234080123611
955	0.9193990610328638	0.8582535211267606	-0.061145539906103274
956	0.9208224273315884	0.8867038618726178	-0.03411856545897052
957	0.9424208707873393	0.9298597487775598	-0.012561122009779435
958	0.9541700295937584	0.9213075060532687	-0.032862523540489685
959	0.9242424242424242	0.8786710290566332	-0.04557139518579101
960	0.9523908523908524	0.9166874566874567	-0.03570339570339576
961	0.9145854145854145	0.8950437317784257	-0.01954168280698887
962	0.9447881588221474	0.915095711712518	-0.029692447109629372
963	0.9336775717372733	0.9010126136991808	-0.03266495803809244
964	0.907049747273211	0.8520218143123172	-0.05502793296089381
965	0.9429853723404256	0.9085899140752864	-0.03439545826513912
966	0.9307496036464527	0.9192677368212445	-0.011481866825208131
967	0.9410031211439356	0.8718153444146041	-0.06918777672933152
968	0.9305156723963599	0.9190428041793057	-0.011472868217054177
969	0.9155031078281236	0.8864452365938719	-0.029057871234251742
970	0.9322223334334234	0.9032462549627999	-0.028976078470623556
971	0.9493728185640941	0.9188654746447164	-0.030507343919377705
972	0.9366900044689409	0.9038326488050903	-0.03285735566385062
973	0.9295927564732874	0.8846689609963946	-0.04492379547689285
974	0.9231614654002713	0.8989687924016282	-0.02419267299864314
975	0.925000332681278	0.894353733349302	-0.030646599331976
976	0.9290824999011741	0.9043496593799001	-0.024732840521274002
977	0.9224137931034483	0.8904489586889723	-0.03196483441447595
978	0.9568599717114569	0.9127433151478413	-0.04411665656361552
979	0.9118731363513147	0.8559230143670371	-0.05595012198427762
980	0.935720218319886	0.9184415045087803	-0.017278713811105795
981	0.9586521860206071	0.9005847953216374	-0.05806739069896971
982	0.9512861169837914	0.9243305144467935	-0.026955602536997914
983	0.9048094762380476	0.8639098996241853	-0.04089957661386234
984	0.9198911870925379	0.8947399277707425	-0.025151259321795405
985	0.9221309523809523	0.88075	-0.041380952380952296
986	0.952102039602783	0.8941695902955343	-0.05793244930724861
987	0.9429787234042554	0.8959235275979032	-0.0470551958063522
988	0.9121655729429581	0.8765660134918085	-0.035599559451149565
989	0.8959003092373167	0.87512629741894	-0.02077401181837668
990	0.9245750878713467	0.8947590158409168	-0.029816072030429908
991	0.921331594435527	0.8985587212413055	-0.0227728731942215
992	0.9290022618748429	0.9102650023735723	-0.018737259501270587
993	0.9419183889772125	0.9096316905140435	-0.032286698463169006
994	0.9334563994374121	0.8996132208157525	-0.03384317862165964
995	0.9579928765975277	0.924811439346323	-0.033181437251204704
996	0.9118893920416226	0.8846227960304461	-0.027266596011176425
997	0.9487942672941494	0.9043163770736693	-0.0444778902204801
998	0.9379991196629567	0.9199050493617557	-0.018094070301201026
999	0.947030031524805	0.923521237763398	-0.02350879376140702
1000	0.9341650521024245	0.9217285437503273	-0.012436508352097198
1001	0.9536345538999819	0.9187428364601556	-0.03489171743982622
1002	0.9072642366065637	0.8792190945647944	-0.028045142041769333
1003	0.9457100276772408	0.9026328862394436	-0.04307714143779717
1004	0.9548315404153593	0.9071231137008815	-0.047708426714477836
1005	0.926994750656168	0.8895406824146982	-0.037454068241469796
1006	0.9358971402214022	0.9266143911439114	-0.009282749077490826
1007	0.952883387366146	0.9110914628156007	-0.041791924550545256
1008	0.8851974719713296	0.8692641111945177	-0.015933360776811845
1009	0.9054465942221044	0.8822554996024384	-0.023191094619665953
1010	0.8953341740226987	0.8810386334976499	-0.014295540525048778
1011	0.8770702981229297	0.8426573426573427	-0.03441295546558698
1012	0.9439565333570856	0.9002583058697782	-0.04369822748730745
1013	0.9318010167848406	0.8778843660876329	-0.053916650697207746
1014	0.9131635010652024	0.8833078284874126	-0.02985567257778976
1015	0.9262144683411039	0.8902090539930817	-0.03600541434802218
1016	0.9400378708184305	0.9106228647570958	-0.029415006061334736
1017	0.9481327800829875	0.8988059954272165	-0.049326784655771005
1018	0.9294822006472492	0.8772977346278317	-0.05218446601941751
1019	0.9464647487844409	0.9143790518638574	-0.032085696920583495
1020	0.923180324604202	0.8622050184207906	-0.060975306183411404
1021	0.9459830713422007	0.8857557436517534	-0.06022732769044736
1022	0.9294607601717687	0.8977163741932139	-0.03174438597855478
1023	0.9396761824927429	0.9257206724724072	-0.013955510020335682
1024	0.9514898872935	0.8996140188358808	-0.05187586845761927
1025	0.9368079419625811	0.9063301150930017	-0.03047782686957945
1026	0.9487716988323343	0.9124597207303974	-0.03631197810193687
1027	0.929863301787592	0.8877906297464657	-0.0420726720411263
1028	0.9253542895704987	0.9009839562879596	-0.024370333282539125
1029	0.9088671879369554	0.8992359922592481	-0.009631195677707316
1030	0.9524272173706746	0.9159031598450015	-0.036524057525673115
1031	0.9179500898077732	0.8923835365154584	-0.02556655329231472
1032	0.953242501990622	0.9193576926479695	-0.03388480934265248
1033	0.9191144939965694	0.9076436535162951	-0.011470840480274358
1034	0.9313316944477755	0.8857027221489387	-0.04562897229883678
1035	0.9329260281171988	0.8897122585731179	-0.04321376954408096
1036	0.9199819168173599	0.8745337929475587	-0.04544812386980113
1037	0.9213698321505013	0.8907992565055762	-0.030570575644925047
1038	0.9425852841001243	0.9147429312861545	-0.02784235281396985
1039	0.9434633163446723	0.9178321678321678	-0.025631148512504476
1040	0.9422531833246119	0.8858799930228501	-0.0563731903017618
1041	0.9529631164525487	0.9138650020721094	-0.03909811438043931
1042	0.9345826687931951	0.8944178628389154	-0.040164805954279625
1043	0.9247314285714285	0.8976	-0.027131428571428584
1044	0.9011622892137836	0.8839974985983525	-0.01716479061543108
1045	0.9392696535642905	0.8966314123917388	-0.04263824117255166
1046	0.9245028473582483	0.9088585920170192	-0.01564425534122904
1047	0.9442115874363328	0.915070564516129	-0.02914102292020382
1048	0.9409454002808989	0.9220395891853933	-0.018905811095505598
1049	0.9375324675324676	0.927987012987013	-0.009545454545454524
1050	0.9585459336447478	0.9195831836148042	-0.03896275002994365
1051	0.9697533838538701	0.9439747689342503	-0.025778614919619858
1052	0.9308702750841085	0.9115995448248565	-0.019270730259251967
1053	0.9205671004078462	0.8835210720528258	-0.037046028355020355
1054	0.9302992893130025	0.8937556304427613	-0.03654365887024125
1055	0.9610381782455125	0.9251986064397912	-0.03583957180572128
1056	0.8901970303839463	0.8601906919663929	-0.030006338417553402
1057	0.9216273166993918	0.87981897418706	-0.041808342512331786
1058	0.9361315684713376	0.884765625	-0.051365943471337605
1059	0.9545460353970993	0.9238131748770047	-0.030732860520094607
1060	0.9583975346687211	0.9345584115422328	-0.023839123126488282
1061	0.9692446245637735	0.9121017674209163	-0.05714285714285716
1062	0.9150351528171077	0.8793818962991895	-0.035653256517918175
1063	0.9159255599472991	0.8560253152644457	-0.059900244682853376
1064	0.9219842680050293	0.9101073391730831	-0.011876928831946243
1065	0.933036599880976	0.8963747272366593	-0.03666187264431664
1066	0.9459102564102564	0.9236282051282051	-0.022282051282051296
1067	0.9289947557970557	0.8970872559550136	-0.03190749984204211
1068	0.9276369484852849	0.9068486245138989	-0.02078832397138597
1069	0.8945996794648456	0.856037906766079	-0.038561772698766594
1070	0.9262685275343503	0.8908633560532294	-0.03540517148112088
1071	0.9314612218370883	0.8986541377816292	-0.03280708405545918
1072	0.9368957182320442	0.8844958563535912	-0.052399861878453025
1073	0.9328980895202476	0.8940651553426725	-0.03883293417757505
1074	0.9321752557421348	0.8828314997104806	-0.049343756031654196
1075	0.9146505376344086	0.8863880742913001	-0.028262463343108557
1076	0.9404408906657782	0.8968848908878894	-0.04355599977788882
1077	0.9162201037906137	0.9027809115523465	-0.013439192238267172
1078	0.9071129017057771	0.8764725285081519	-0.030640373197625137
1079	0.9463383352571502	0.9237014236244709	-0.022636911632679224
1080	0.935697126405164	0.8698446755056757	-0.06585245089948832
1081	0.9274509803921569	0.8912999273783587	-0.03615105301379817
1082	0.9386721006004206	0.9038346282513703	-0.034837472349050325
1083	0.9330463892874223	0.9025585844093735	-0.030487804878048808
1084	0.9355519129849172	0.8805194475152162	-0.055032465469701086
1085	0.9204298868101578	0.8915312884874788	-0.028898598322679048
1086	0.9175168490694368	0.8814485047094952	-0.03606834435994155
1087	0.9143969508105544	0.884968346665358	-0.029428604145196435
1088	0.9292603049124788	0.921038961038961	-0.008221343873517806
1089	0.9380372350960586	0.9436918201624084	0.005654585066349749
1090	0.9326963971079653	0.8858071571784434	-0.046889239929521875
1091	0.9201200490841083	0.900870799390884	-0.01924924969322428
1092	0.9562384293091689	0.9404170320569034	-0.0158213972522655
1093	0.9517033248081841	0.8938823529411765	-0.05782097186700763
1094	0.9519668093980875	0.9105118363543585	-0.041454973043729026
1095	0.9464580444972602	0.9136352633084659	-0.03282278118879434
1096	0.9301633232241729	0.9079231703810875	-0.022240152843085448
1097	0.9260668259164234	0.8783361349494234	-0.047730690967
1098	0.9348889500185382	0.8742270753848178	-0.060661874633720414
1099	0.9127544942603422	0.8885640025990903	-0.024190491661251867
1100	0.9649008409407744	0.9307910239690605	-0.03410981697171389
1101	0.9307811753463927	0.9062231247013856	-0.024558050645007157
1102	0.943342243475224	0.9026287157306541	-0.04071352774456993
1103	0.9373061514603257	0.900846471956578	-0.03645967950374773
1104	0.9212602739726028	0.8807123287671232	-0.04054794520547955
1105	0.9302463850837138	0.8924562404870624	-0.03779014459665142
1106	0.935410239044824	0.9055359068904106	-0.029874332154413374
1107	0.9441427139037433	0.9215129233511586	-0.022629790552584628
1108	0.9373985801217039	0.9084432048681541	-0.028955375253549742
1109	0.9246268656716418	0.8900797735460628	-0.03454709212557894
1110	0.8994432003873388	0.857622707740725	-0.041820492646613805
1111	0.9563628323188179	0.9262785495031476	-0.030084282815670327
1112	0.9412426765340733	0.9202436016034536	-0.0209990749306197
1113	0.9541798941798941	0.9151851851851852	-0.038994708994708915
1114	0.9356909657928077	0.9114243251145112	-0.024266640678296536
1115	0.936224919912325	0.9135193615466757	-0.02270555836564936
1116	0.931958669855164	0.8733925912556965	-0.0585660785994675
1117	0.9384255450431921	0.8798591114767585	-0.05856643356643354
1118	0.9351055900621118	0.9150641821946169	-0.020041407867494865
1119	0.9180703797529145	0.8810915945300213	-0.03697878522289322
1120	0.9375869608427748	0.9167589516426726	-0.020828009200102193
1121	0.9308528391693633	0.8799756207281856	-0.05087721844117776
1122	0.9319080573405832	0.9042538584061075	-0.027654198934475738
1123	0.9423633553463538	0.900295068146691	-0.042068287199662824
1124	0.9340139512553306	0.9196673162190404	-0.01434663503629019
1125	0.8963032915479872	0.875481699236897	-0.020821592311090154
1126	0.941464256935651	0.9191176470588235	-0.02234660987682746
1127	0.9221106855105006	0.9074098533879276	-0.014700832122573004
1128	0.9388108156685652	0.9130972039676923	-0.02571361170087283
1129	0.9226706497969385	0.8983618400499844	-0.02430880974695404
1130	0.924063670411985	0.8491260923845193	-0.0749375780274657
1131	0.9422236386814787	0.9136883081405937	-0.028535330540885084
1132	0.9518583009819593	0.9177751769810459	-0.0340831240009134
1133	0.9688279024216524	0.9337272970085471	-0.035100605413105335
1134	0.9548698572628044	0.9249842569269522	-0.02988560033585219
1135	0.9547486790407804	0.9039425552093212	-0.050806123831459216
1136	0.9198470374940964	0.8722976370035194	-0.04754940049057699
1137	0.9365856176759073	0.8934076712611636	-0.043177946414743706
1138	0.920120305670904	0.8808301454753619	-0.0392901601955421
1139	0.9312293923692887	0.8819851839164133	-0.04924420845287536
1140	0.918441317047265	0.8945963887413702	-0.023844928305894797
1141	0.9247030373893864	0.8882171613829024	-0.03648587600648401
1142	0.9442783094098883	0.910154173312068	-0.03412413609782028
1143	0.9367647058823529	0.9035434173669468	-0.03322128851540618
1144	0.9389613076763915	0.9006724601696668	-0.03828884750672468
1145	0.9370202679555197	0.9076692314102386	-0.02935103654528115
1146	0.9149989660639202	0.8583737334283023	-0.05662523263561792
1147	0.9249551662298248	0.8818802593461167	-0.043074906883708075
1148	0.9277216155643507	0.8844714129035335	-0.04325020266081725
1149	0.9058974194787731	0.8683485944803739	-0.03754882499839918
1150	0.9363669657571874	0.8770066532381127	-0.0593603125190747
1151	0.9098948194425581	0.8899904930055684	-0.019904326436989694
1152	0.9518606814124287	0.9105525919115682	-0.04130808950086051
1153	0.9103775855705506	0.8732127669817225	-0.03716481858882814
1154	0.9564416937600376	0.9216968937287007	-0.03474480003133695
1155	0.9355039204436795	0.9034710269650029	-0.03203289347867655
1156	0.9387044697810514	0.8955831903945112	-0.0431212793865402
1157	0.9413003895663956	0.907276846205962	-0.03402354336043356
1158	0.8960722511819614	0.8660443690144259	-0.03002788216753549
1159	0.9431749017871963	0.8865434626238035	-0.05663143916339286
1160	0.9407141385299226	0.9121407475003189	-0.028573391029603656
1161	0.9468529953417831	0.9060340158162713	-0.040818979525511834
1162	0.9168247161980154	0.8774085374233803	-0.0394161787746351
1163	0.9355068649383691	0.9028380927314997	-0.03266877220686937
1164	0.8961093088222042	0.8515702442101469	-0.044539064612057255
1165	0.9209496930085166	0.8749876213111507	-0.04596207169736588
1166	0.9612224157955865	0.9336236933797909	-0.02759872241579564
1167	0.8948065029985007	0.890941248125937	-0.003865254872563728
1168	0.9392930733872246	0.9135001945272987	-0.025792878859925872
1169	0.9442093663911846	0.906534435261708	-0.03767493112947662
1170	0.9047475961538461	0.8677884615384616	-0.03695913461538458
1171	0.9280642919725671	0.8975497749176712	-0.03051451705489594
1172	0.9339543937708565	0.8960094549499443	-0.03794493882091221
1173	0.9285693430656934	0.8822043795620438	-0.0463649635036496
1174	0.9532589285714286	0.9020982142857142	-0.05116071428571434
1175	0.9432754589705262	0.9101797554712353	-0.03309570349929092
1176	0.9341574352578681	0.9224317120289536	-0.01172572322891452
1177	0.9287677208287896	0.9168157033805889	-0.011952017448200625
1178	0.9472140439092703	0.9126556176739775	-0.034558426235292816
1179	0.9193436089503505	0.9021775665034092	-0.01716604244694131
1180	0.9095217883418223	0.8985332956046029	-0.010988492737219357
1181	0.9338295514766103	0.9063689357807004	-0.02746061569590985
1182	0.9483172105305705	0.9256689391285603	-0.0226482714020102
1183	0.9487179487179487	0.9205713616672521	-0.028146587050696614
1184	0.9327235289459096	0.8689712520788786	-0.063752276867031
1185	0.952068185593621	0.9160969625720383	-0.03597122302158273
1186	0.9124452782989368	0.8628469716649829	-0.049598306633953926
1187	0.9423922706218125	0.9162026856314041	-0.026189584990408465
1188	0.932572711119424	0.9075212756008604	-0.025051435518563592
1189	0.9623788105947026	0.9450774612693653	-0.017301349325337334
1190	0.9309617424951632	0.8649566248517756	-0.06600511764338757
1191	0.9370702328448808	0.873128783926906	-0.06394144891797482
1192	0.9565287653522948	0.9212669683257918	-0.035261797026503006
1193	0.9347182246694198	0.9072011568570197	-0.027517067812400042
1194	0.901830709991218	0.8714990204688239	-0.030331689522394067
1195	0.949078329248366	0.9063521241830066	-0.0427262050653594
1196	0.932817861227602	0.8872593404498665	-0.04555852077773548
1197	0.908948968690936	0.8906100199961651	-0.01833894869477093
1198	0.9575353692201518	0.9261991028295377	-0.031336266390614154
1199	0.917319065052098	0.8906505209800056	-0.026668544072092404
1200	0.9154445943919628	0.886984555405608	-0.02846003898635474
1201	0.9441681353967986	0.909316980129892	-0.03485115526690652
1202	0.9302297497207379	0.8854572351538206	-0.04477251456691733
1203	0.933475988486593	0.8770640811998182	-0.05641190728677481
1204	0.9260522530047798	0.9051580119727134	-0.020894241032066385
1205	0.9492616120782114	0.9396605065588648	-0.009601105519346564
1206	0.9276840323285277	0.8987549148099607	-0.02892911751856697
1207	0.9455090618336887	0.9320762260127932	-0.013432835820895495
1208	0.9559179891665874	0.922324907345814	-0.033593081820773474
1209	0.8950151297977385	0.887402452619844	-0.007612677177894489
1210	0.9441708287088421	0.9203778209396967	-0.02379300776914539
1211	0.9376326910245264	0.91185272054512	-0.02577997047940639
1212	0.9208060872666746	0.9029722981809535	-0.017833789085721086
1213	0.922284402723334	0.8879848359810192	-0.034299566742314824
1214	0.9529584813499112	0.9315053285968028	-0.02145315275310844
1215	0.9171680503736569	0.9080030923330308	-0.009164958040626114
1216	0.9541148985876606	0.9130827227354784	-0.04103217585218222
1217	0.9080732700135685	0.8835494245942007	-0.024523845419367807
1218	0.9445382034436342	0.9079119201173327	-0.03662628332630147
1219	0.9492105467838532	0.9282103134479271	-0.021000233335926044
1220	0.9322199265381084	0.908356290174472	-0.02386363636363642
1221	0.8803625970241264	0.8570908173844818	-0.023271779639644663
1222	0.9358727097396335	0.8849897540983607	-0.050882955641272876
1223	0.9164097796480241	0.8789776712172367	-0.03743210843078737
1224	0.9162414314184972	0.8914500339458181	-0.02479139747267911
1225	0.9479182749215171	0.9030543976120632	-0.04486387730945396
1226	0.9244530375496082	0.9025033072148163	-0.02194973033479186
1227	0.9613642499325075	0.9243183249842517	-0.03704592494825576
1228	0.9188665799095247	0.8908564169300366	-0.028010162979488107
1229	0.9320729592468723	0.86152917131178	-0.0705437879350923
1230	0.9484704769453002	0.9202193616014931	-0.028251115343807087
1231	0.9559415553661078	0.9177204698304443	-0.0382210855356635
1232	0.9098285364360074	0.8700244947948561	-0.039804041641151255
1233	0.9175867639685812	0.8784246003008189	-0.03916216366776226
1234	0.9409703412784398	0.9219934994582882	-0.01897684182015158
1235	0.956249265598684	0.9276826864073741	-0.028566579191309893
1236	0.9225243300585766	0.884864628015313	-0.03765970204326363
1237	0.9490327634357333	0.9015734622982086	-0.04745930113752472
1238	0.9343727173119065	0.9087723703433163	-0.02560034696859026
1239	0.9402509281782102	0.9022532326206631	-0.03799769555754706
1240	0.8792858673524054	0.8356905603771563	-0.04359530697524916
1241	0.9303090958081527	0.9032680241733708	-0.027041071634781866
1242	0.941812865497076	0.9029239766081871	-0.03888888888888886
1243	0.9157386639384042	0.8979918414459791	-0.017746822492425096
1244	0.9183543957546911	0.8950708463263854	-0.023283549428305683
1245	0.9066791195476576	0.8754796042003231	-0.03119951534733445
1246	0.9482186663693131	0.9081874442462088	-0.04003122212310428
1247	0.9205882352941176	0.8930744711677775	-0.0275137641263401
1248	0.957457094512932	0.9185115670633736	-0.03894552744955848
1249	0.9320625369895443	0.9077234168475045	-0.02433912014203987
1250	0.876285046728972	0.8493964174454829	-0.02688862928348912
1251	0.9244707049286862	0.90842938742005	-0.016041317508636244
1252	0.9309856135670732	0.9233041158536586	-0.007681497713414642
1253	0.924176279784406	0.9031900104870375	-0.020986269297368465
1254	0.9076395948642645	0.8726734189289256	-0.034966175935338906
1255	0.9106889969829444	0.8857521088602919	-0.02493688812265249
1256	0.9198277608915907	0.8922695035460992	-0.027558257345491444
1257	0.9264678908431329	0.8824158803269	-0.044052010516232865
1258	0.9621506818689918	0.9291303375810418	-0.033020344287949976
1259	0.9217781384549492	0.8908951556547418	-0.030882982800207404
1260	0.9444816285081241	0.9126777141802068	-0.03180391432791729
1261	0.9138492975734355	0.9126845466155811	-0.001164750957854399
1262	0.9341335438335809	0.9125882243684993	-0.021545319465081647
1263	0.926058766726445	0.9065759733438034	-0.019482793382641694
1264	0.9276538974652182	0.8898608728797408	-0.0377930245854774
1265	0.8729950949414703	0.8737173121482953	0.000722217206824971
1266	0.9534522605806731	0.9066336848187202	-0.04681857576195292
1267	0.9127951844420436	0.8825050162062047	-0.030290168235838855
1268	0.943131256952169	0.9116442511881889	-0.031487005763980114
1269	0.9095359915314044	0.907918725005881	-0.0016172665255234087
1270	0.9422650275363453	0.9172604598961188	-0.025004567640226516
1271	0.9226533166458073	0.8834068901916869	-0.03924642645412035
1272	0.9362964327054615	0.923405766600021	-0.01289066610544043
1273	0.943991913906891	0.8918247220405494	-0.052167191866341556
1274	0.9412488956559334	0.9005432432940469	-0.0407056523618865
1275	0.931883870967742	0.9020645161290323	-0.029819354838709677
1276	0.9533942833123161	0.9191467002942413	-0.034247583018074845
1277	0.9210419210419211	0.8446479446479447	-0.07639397639397638
1278	0.9269899572929876	0.8975031702304429	-0.029486787062544706
1279	0.9355367108791767	0.91421323476118	-0.021323476117996676
1280	0.9262918796138557	0.8935547984099943	-0.03273708120386143
1281	0.9043138390272148	0.8815207664368058	-0.02279307259040908
1282	0.9379603693329184	0.8810042535532732	-0.05695611577964521
1283	0.9378138337936229	0.8987415264875722	-0.03907230730605071
1284	0.9250920419144718	0.8546445766071934	-0.07044746530727841
1285	0.9177423989884476	0.8993735272142077	-0.018368871774239848
1286	0.9128660631251305	0.8822904211505248	-0.030575641974605716
1287	0.9211047482701026	0.9082915771892149	-0.012813171080887642
1288	0.9307236467236467	0.8918860398860399	-0.03883760683760684
1289	0.9448249619482496	0.9197651663405088	-0.025059795607740853
1290	0.9654588127540215	0.9373747781784876	-0.02808403457553388
1291	0.9405500895551684	0.8871482199376794	-0.05340186961748894
1292	0.9151177027102232	0.8563219989982748	-0.05879570371194842
1293	0.9303931524735238	0.9031045988684172	-0.027288553605106625
1294	0.9211231613064074	0.8855335327848417	-0.035589628521565664
1295	0.9161910593998775	0.8959951010410288	-0.020195958358848798
1296	0.9533283446121812	0.9246974232170745	-0.0286309213951067
1297	0.9373884305495248	0.9030974091764365	-0.03429102137308826
1298	0.9675977327178169	0.9224273943785426	-0.04517033833927431
1299	0.9022937960541954	0.8631328737817923	-0.03916092227240309
1300	0.9397873221930673	0.9122531418312387	-0.02753418036182853
1301	0.9031747495236339	0.8953992255209293	-0.007775524002704537
1302	0.8926943760823991	0.87053367970103	-0.022160696381369083
1303	0.9345881183456719	0.9245951814162765	-0.009992936929395402
1304	0.9127789046653144	0.9031109445277361	-0.009667960137578313
1305	0.919073561628041	0.9060157961489681	-0.013057765479072891
1306	0.9539172540065959	0.9120810032758677	-0.041836250730728164
1307	0.9383584627086037	0.9003623998926222	-0.037996062815981446
1308	0.9144530101960076	0.8752854203874935	-0.03916758980851409
1309	0.9144806060180963	0.8760258118818826	-0.03845479413621378
1310	0.9467278782968764	0.8892159510306958	-0.057511927266180596
1311	0.9557282865833052	0.9130541644904605	-0.04267412209284471
1312	0.9061014492753623	0.9004927536231884	-0.005608695652173923
1313	0.9400652140158376	0.8948165208840122	-0.045248693131825446
1314	0.9491447064262598	0.9108694065260238	-0.03827529990023604
1315	0.9217451364107286	0.8813284217796707	-0.04041671463105789
1316	0.9317155292765049	0.8753524403930908	-0.056363088883414125
1317	0.924929676511955	0.9001716720443451	-0.024758004467609895
1318	0.9343679880329095	0.8994795562203939	-0.03488843181251566
1319	0.9378189121702313	0.9206112257083922	-0.017207686461839122
1320	0.9463274694166414	0.8936280456981094	-0.05269942371853198
1321	0.9634895870269248	0.9268137011559464	-0.036675885870978364
1322	0.9244136590108154	0.9031717098067809	-0.02124194920403455
1323	0.9352838093151885	0.8835875249856248	-0.051696284329563746
1324	0.9365558570782452	0.9263455450022614	-0.010210312075983774
1325	0.9524014513252568	0.9196082651743436	-0.0327931861509132
1326	0.9190715983742747	0.8722425295876894	-0.046829068786585215
1327	0.9538854974426663	0.9270040304523063	-0.02688146699035998
1328	0.9158580858085809	0.8985973597359735	-0.017260726072607313
1329	0.9592822955444057	0.9470970427061898	-0.012185252838215921
1330	0.9225878200323961	0.8998017551918381	-0.022786064840558007
1331	0.9434074790457769	0.9336073500967118	-0.009800128949065123
1332	0.9181349998553366	0.8854555449469086	-0.03267945490842805
1333	0.9637885661891663	0.921528001047881	-0.04226056514128529
1334	0.9085480093676815	0.8751886546968514	-0.03335935467083018
1335	0.9471438228832179	0.8972170581939045	-0.04992676468931334
1336	0.9276387974544656	0.8957647575159096	-0.03187403993855609
1337	0.9398004694835681	0.9065140845070423	-0.03328638497652581
1338	0.940976267860428	0.9088019459945627	-0.03217432186586533
1339	0.9261973027503452	0.9146755867048953	-0.011521716045449826
1340	0.901398888467854	0.8681950233674371	-0.03320386510041684
1341	0.9047083053932369	0.8781252993581761	-0.026583006035060808
1342	0.9145590562508992	0.8872680189900733	-0.027291037260825823
1343	0.8946372313913575	0.8831640569897024	-0.011473174401655184
1344	0.946747433464701	0.9186615092687199	-0.028085924195981105
1345	0.9266833732839399	0.901699716713881	-0.024983656570058854
1346	0.9434657346620696	0.937215636266314	-0.006250098395755632
1347	0.9531269288694665	0.9259807915463052	-0.02714613732316129
1348	0.9648228571428571	0.9467657142857143	-0.01805714285714277
1349	0.9430666404105226	0.9270117805140798	-0.01605485989644273
1350	0.9418415579504632	0.9124503686897334	-0.02939118926072981
1351	0.94988117549317	0.9079254980002704	-0.041955677492899524
1352	0.9586523553965415	0.9207155635062612	-0.03793679189028032
1353	0.9121404950395832	0.8932383004309049	-0.018902194608678258
1354	0.9398877643541549	0.8964270835886	-0.04346068076555487
1355	0.9209525734692502	0.8973403794507494	-0.023612194018500787
1356	0.9555415749187376	0.9341661798409203	-0.021375395077817272
1357	0.9445283299091561	0.8918290056684571	-0.05269932424069901
1358	0.9065819397993311	0.878180602006689	-0.02840133779264209
1359	0.9600128301079868	0.9146203832400774	-0.04539244686790933
1360	0.8872417840375587	0.8613145539906103	-0.025927230046948413
1361	0.9119406556592486	0.8772300656722767	-0.03471058998697196
1362	0.9243668337211384	0.8823160909253625	-0.04205074279577592
1363	0.9213488713161702	0.9107457835384585	-0.010603087777711684
1364	0.9267275871860399	0.9030047239216293	-0.023722863264410532
1365	0.9367523157845739	0.8994902946515849	-0.03726202113298893
1366	0.9257406641863029	0.917348766708006	-0.008391897478296828
1367	0.903089817983435	0.847988890542082	-0.055100927441352976
1368	0.919608598096098	0.8960687210398439	-0.023539877056254044
1369	0.9423792824386297	0.9057323981656326	-0.036646884272997116
1370	0.9566544566544567	0.9468864468864469	-0.009768009768009844
1371	0.9193711967545639	0.8977877789046653	-0.02158341784989859
1372	0.9355759763702002	0.881851000984575	-0.05372497538562515
1373	0.9401695865110499	0.9024024755732073	-0.037767110937842574
1374	0.9663539553752536	0.9191049695740365	-0.04724898580121706
1375	0.9326416118718707	0.9037340894009772	-0.028907522470893454
1376	0.9085072231139647	0.8437048140827508	-0.06480240903121393
1377	0.9109301386458474	0.8721227621483376	-0.03880737649750976
1378	0.9504100971492276	0.924629718107979	-0.025780379041248636
1379	0.9373114314448542	0.8977898568076241	-0.03952157463723005
1380	0.9411080431559032	0.8830597739939664	-0.05804826916193684
1381	0.9056183115338883	0.8984393579072533	-0.00717895362663501
1382	0.908296748932131	0.8807694589463693	-0.027527289985761705
1383	0.943662783992619	0.901251297428209	-0.04241148656441007
1384	0.9038280818131564	0.8800718629076838	-0.023756218905472637
1385	0.9301287375415282	0.8732004429678848	-0.056928294573643456
1386	0.9544107283505369	0.9301703768188037	-0.024240351531733206
1387	0.9303624480095068	0.9030600118835413	-0.0273024361259655
1388	0.9203227055312028	0.8849300013737464	-0.03539270415745632
1389	0.9188983794661015	0.9003810502429731	-0.01851732922312843
1390	0.9425418569254186	0.9168790485292556	-0.025662808396162973
1391	0.9360449942582733	0.8802328009186763	-0.05581219333959697
1392	0.9183071136369876	0.9107843944760179	-0.007522719160969693
1393	0.915064935064935	0.8989480519480519	-0.016116883116883085
1394	0.9449440724746775	0.9273272321487527	-0.01761684032592481
1395	0.945748031496063	0.9188101487314085	-0.026937882764654475
1396	0.9371459009248947	0.8947427888883508	-0.0424031120365439
1397	0.9264902998236332	0.8938624338624339	-0.032627865961199265
1398	0.9008306414397785	0.88447931087525	-0.016351330564528532
1399	0.899375714830347	0.8650281166603127	-0.0343475981700343
1400	0.9473892014608627	0.9201214095350904	-0.027267791925772333
1401	0.9301004805591961	0.9047848980248787	-0.025315582534317427
1402	0.9276826233347972	0.8843507539159713	-0.04333186941882594
1403	0.9533393970893971	0.9188669438669439	-0.03447245322245318
1404	0.9458836259645236	0.910355666052635	-0.03552795991188862
1405	0.9441921221864952	0.9128014469453376	-0.03139067524115757
1406	0.9381401736106737	0.8890176760359316	-0.049122497574742074
1407	0.9189891381474811	0.8791987336935757	-0.03979040445390536
1408	0.9255345690426922	0.919913705807247	-0.005620863235445195
1409	0.9350481645404842	0.9088674824264514	-0.026180682114032794
1410	0.9272368588519792	0.8821560392007127	-0.045080819651266424
1411	0.9253319153315722	0.8994305121959587	-0.02590140313561351
1412	0.9557028998559077	0.9310383645533141	-0.024664535302593604
1413	0.9400519701551506	0.904250307718024	-0.03580166243712668
1414	0.9235452487303433	0.9157896347059903	-0.007755614024352986
1415	0.9626540309106099	0.9271486006683375	-0.03550543024227237
1416	0.9227831483470581	0.9044784580498866	-0.018304690297171522
1417	0.9426607793244525	0.911727286334381	-0.03093349299007142
1418	0.9222324133522333	0.8687289807943522	-0.05350343255788104
1419	0.919270727511615	0.8709821609980088	-0.048288566513606135
1420	0.9121548074984882	0.8814351945172344	-0.030719612981253808
1421	0.9306572769953052	0.8948239436619718	-0.035833333333333384
1422	0.9215193155302048	0.9019834067928442	-0.019535908737360663
1423	0.9254258759209254	0.9000566723339001	-0.025369203587025324
1424	0.9457298606904906	0.9150010094891985	-0.030728851201292096
1425	0.9409696634733481	0.910755956767379	-0.030213706705969123
1426	0.9341932087391419	0.9044192916264514	-0.029773917112690507
1427	0.9287815853236414	0.9291998384677512	0.00041825314410981473
1428	0.9368290290944753	0.8997580908793723	-0.03707093821510299
1429	0.9280524121500894	0.9138892197736748	-0.014163192376414613
1430	0.8989292103928008	0.858220513231328	-0.04070869716147285
1431	0.8990951332844216	0.8877353876253362	-0.011359745659085374
1432	0.9501508674880563	0.9231361579079709	-0.02701470958008545
1433	0.9249814658588338	0.87450469105504	-0.050476774803793756
1434	0.92866159003435	0.9206845176509539	-0.007977072383396067
1435	0.9286306385134357	0.9076423587925119	-0.020988279720923875
1436	0.9003997093023256	0.8342478197674419	-0.06615188953488371
1437	0.9318988732432106	0.8869491820629966	-0.04494969118021408
1438	0.9	0.9069867947178871	0.0069867947178871015
1439	0.9380792564863818	0.8808958306441204	-0.05718342584226144
1440	0.9496621355138958	0.9098020140404386	-0.03986012147345719
1441	0.9410446930483665	0.9133411253965603	-0.02770356765180615
1442	0.9276695344129555	0.8707869433198381	-0.05688259109311744
1443	0.9497942287500453	0.916182913141602	-0.033611315608443215
1444	0.9372488483779281	0.9070371459374694	-0.030211702440458676
1445	0.951002316108937	0.899621968426377	-0.05138034768256006
1446	0.9300303951367781	0.8841843971631206	-0.045845997973657515
1447	0.9343524692361902	0.9082235593863501	-0.026128909849840065
1448	0.9201708002853666	0.8968798522808342	-0.023290948004532352
1449	0.9337633953750705	0.9091582064297801	-0.0246051889452904
1450	0.9257599818511797	0.8881200846944949	-0.03763989715668481
1451	0.9385735080058224	0.8774381368267831	-0.06113537117903933
1452	0.964763185782995	0.9309427732942039	-0.033820412488791085
1453	0.9308905109489051	0.8847591240875913	-0.046131386861313795
1454	0.9105196806275389	0.8744502031096792	-0.036069477517859605
1455	0.942063492063492	0.9024976657329599	-0.03956582633053218
1456	0.8960059050274748	0.8660160201208343	-0.02998988490664045
1457	0.9438859013327099	0.9037877016600421	-0.04009819967266781
1458	0.9649901613537977	0.9307044470680834	-0.03428571428571425
1459	0.9420666666666667	0.9091444444444444	-0.0329222222222223
1460	0.9277860326894503	0.9112862588022482	-0.01649977388720203
1461	0.9573770073272231	0.9399525134672828	-0.01742449385994027
1462	0.9075862068965517	0.892801724137931	-0.014784482758620654
1463	0.9479407500293898	0.9215094635369725	-0.026431286492417327
1464	0.9201225385273972	0.9099422089041096	-0.010180329623287632
1465	0.9395160618827957	0.8793984912321604	-0.06011757065063528
1466	0.9338504807643493	0.885520210378824	-0.04833027038552529
1467	0.9272727272727272	0.8933418693982075	-0.03393085787451977
1468	0.9736372317017479	0.9496408851247561	-0.02399634657699179
1469	0.9239070348739394	0.8928906193669335	-0.031016415507005957
1470	0.9286027439653394	0.8940968640396121	-0.03450587992572729
1471	0.9324228791773779	0.9075942587832048	-0.024828620394173107
1472	0.9584070572771852	0.9299327637632071	-0.02847429351397812
1473	0.9134343947606143	0.8756069331526649	-0.037827461607949364
1474	0.9007451600536707	0.8907777458309373	-0.009967414222733395
1475	0.939666366996304	0.9089251822994706	-0.0307411846968334
1476	0.9152836770737546	0.8841062019237786	-0.03117747514997593
1477	0.9123783641623564	0.864892902019228	-0.04748546214312843
1478	0.9024745654938533	0.8531157270029673	-0.04935883849088596
1479	0.9246912707390649	0.8914027149321267	-0.033288555806938125
1480	0.9511838989739542	0.9012233622730861	-0.049960536700868086
1481	0.9411781143463924	0.9078410551612363	-0.03333705918515617
1482	0.9354915939561609	0.8728585869333901	-0.06263300702277075
1483	0.9111956440665324	0.8569254866860595	-0.054270157380472916
1484	0.9104066506410257	0.8703592414529915	-0.04004740918803418
1485	0.9455019448812381	0.9357085712709317	-0.00979337361030641
1486	0.9094681313025716	0.8803898547694485	-0.029078276533123115
1487	0.8824529883818422	0.8598035692897353	-0.022649419092106826
1488	0.9232473035439137	0.886253576931543	-0.03699372661237066
1489	0.9242220514790627	0.8719986553976181	-0.05222339608144455
1490	0.9308659217877095	0.9168571186727611	-0.014008803114948454
1491	0.9076309299289134	0.8877266792398085	-0.01990425068910484
1492	0.9261024902682238	0.916941289393697	-0.009161200874526765
1493	0.9679150066401062	0.9006321381142098	-0.06728286852589638
1494	0.9051585052108315	0.8945079143592204	-0.01065059085161113
1495	0.9274994293540287	0.8937457201552157	-0.03375370919881304
1496	0.9286403861625101	0.8918905872888174	-0.036749798873692674
1497	0.9342168411867364	0.905900959860384	-0.028315881326352432
1498	0.9037722278713326	0.8779048138687037	-0.02586741400262893
1499	0.9207883026064845	0.8973405382496291	-0.02344776435685536
1500	0.9477710732097777	0.8846130164398744	-0.06315805676990327
1501	0.9415787035908437	0.8992589161648912	-0.04231978742595255
1502	0.9012683223209539	0.8722021503976392	-0.029066171923314732
1503	0.9566692069080254	0.9302435411680101	-0.02642566574001526
1504	0.9371546804301858	0.9001955389827425	-0.03695914144744328
1505	0.9445812807881774	0.9274826872278147	-0.017098593560362696
1506	0.9455074875207987	0.918595270508748	-0.02691221701205071
1507	0.9418325077489065	0.9019147765128472	-0.03991773123605924
1508	0.9136717932621887	0.8937016112157355	-0.019970182046453178
1509	0.8889542936288088	0.8678785780240074	-0.02107571560480148
1510	0.9426427707844393	0.8923618519308726	-0.05028091885356667
1511	0.9214216522902348	0.8866529821486231	-0.03476867014161167
1512	0.8967502016597624	0.827912445483505	-0.06883775617625743
1513	0.9382201173393653	0.8808699135270139	-0.05735020381235134
1514	0.9497516907489206	0.8972324124678696	-0.052519278281051074
1515	0.9515378650814164	0.9222608613924199	-0.02927700368899644
1516	0.9428013086533605	0.9022023142963792	-0.04059899435698133
1517	0.9407292385553255	0.9006326201978376	-0.0400966183574879
1518	0.9488694282272264	0.9226207024372162	-0.026248725790010252
1519	0.942672858617131	0.9114895080839354	-0.031183350533195653
1520	0.9511612903225807	0.8990215053763441	-0.05213978494623661
1521	0.9102214017409587	0.8693511788008154	-0.04087022294014331
1522	0.9461417991665119	0.9134127890000796	-0.03272901016643226
1523	0.9444098411709748	0.8982317727256999	-0.046178068445274945
1524	0.8940118650352243	0.8833147942157953	-0.010697070819429055
1525	0.9631639063392348	0.9220588235294118	-0.041105082809822946
1526	0.9498781582659998	0.9031294087469539	-0.04674874951904584
1527	0.9311161618927652	0.9008297278054658	-0.030286434087299474
1528	0.9465617232808616	0.8884050356659324	-0.0581566876149292
1529	0.9301859018495215	0.8854317528906195	-0.04475414895890206
1530	0.9505269781343401	0.9204911908132767	-0.03003578732106338
1531	0.8925775978407557	0.8603238866396761	-0.03225371120107967
1532	0.9224449821407996	0.8797902984214772	-0.04265468371932246
1533	0.9493327095759749	0.9161696100217016	-0.03316309955427332
1534	0.9378453038674033	0.8958870472682627	-0.04195825659914054
1535	0.91184408847138	0.8680523911341675	-0.04379169733721244
1536	0.9565252026367673	0.9165953040049389	-0.03992989863182839
1537	0.9553642315822034	0.9194927050574832	-0.035871526524720254
1538	0.9173316173316173	0.9091091091091091	-0.00822250822250814
1539	0.9294987567072373	0.8893207695327837	-0.04017798717445353
1540	0.9104843374227526	0.8794636061980577	-0.031020731224694842
1541	0.9218952686556974	0.9113641018638629	-0.010531166791834523
1542	0.8937941846363179	0.8543349010559943	-0.03945928358032358
1543	0.911045111994976	0.8704861837973623	-0.04055892819761364
1544	0.947549452095081	0.9251090055877351	-0.02244044650734589
1545	0.9365971403301887	0.8856500589622641	-0.050947081367924585
1546	0.9259685581549693	0.900790194126431	-0.025178364028538236
1547	0.907555953689754	0.8684935597269161	-0.03906239396283784
1548	0.9305919886565048	0.8949916443004	-0.03560034435610482
1549	0.9157949172576832	0.869887706855792	-0.045907210401891274
1550	0.9427073418364109	0.9054429215051717	-0.03726442033123922
1551	0.926438008808221	0.913973041505405	-0.012464967302815988
1552	0.923136929865191	0.8990638941030205	-0.02407303576217057
1553	0.9424355479026163	0.9175634954799827	-0.024872052422633573
1554	0.9322355101464287	0.9090117237158059	-0.02322378643062284
1555	0.9236868579900456	0.8926056338028169	-0.031081224187228695
1556	0.9267057945583994	0.8994473689518162	-0.027258425606583203
1557	0.9430293663060278	0.9277382792375064	-0.015291087068521447
1558	0.9183469304363754	0.872342224288794	-0.04600470614758134
1559	0.9047323644097838	0.8575859624246721	-0.04714640198511166
1560	0.9147214441332089	0.877116063816831	-0.037605380316377834
1561	0.968278592061624	0.9020434363967048	-0.06623515566491922
1562	0.8689843589918721	0.8147804111741002	-0.054203947817771936
1563	0.9475132625994694	0.8832780725022105	-0.06423519009725898
1564	0.9668338192419825	0.9328163265306122	-0.034017492711370334
1565	0.9375875968992248	0.9045457364341085	-0.03304186046511626
1566	0.9127618273745034	0.8829676778620441	-0.02979414951245929
1567	0.9555388513043236	0.9338790055402433	-0.02165984576408031
1568	0.9409937203922001	0.9123058279167126	-0.02868789247548753
1569	0.9222269603170622	0.8983218782922792	-0.02390508202478303
1570	0.9176299254428548	0.90049277326934	-0.017137152173514858
1571	0.9125229478101232	0.8850904799370575	-0.027432467873065747
1572	0.9605072087957681	0.9237371641945856	-0.036770044601182494
1573	0.9157250470809792	0.8948524795982423	-0.020872567482736915
1574	0.916030534351145	0.8683542730483599	-0.04767626130278513
1575	0.9110031385803959	0.8833896668276195	-0.027613471752776397
1576	0.9415878239407651	0.8759598244892363	-0.06562799945152886
1577	0.9402460164010934	0.8828921928128541	-0.05735382358823926
1578	0.9443099273607748	0.9075133905642381	-0.036796536796536716
1579	0.9466318467925539	0.8980313378867015	-0.048600508905852324
1580	0.9379213483146067	0.8914258962011771	-0.04649545211342965
1581	0.9338231943495101	0.8798245614035087	-0.05399863294600138
1582	0.9002035468625708	0.8851363997941135	-0.015067147068457243
1583	0.9001734354675531	0.8724237606590548	-0.027749674808498326
1584	0.9306506309645374	0.9023108051889112	-0.028339825775626215
1585	0.896250128244588	0.87737252487945	-0.018877603365137996
1586	0.9362722962293971	0.9185482050124182	-0.017724091216978932
1587	0.9227941176470589	0.8826480424945898	-0.04014607515246904
1588	0.9656112508727406	0.9175024658384405	-0.04810878503430005
1589	0.9108171261329305	0.8827180891238671	-0.028099037009063466
1590	0.9568189159506428	0.9064926674849797	-0.05032624846566314
1591	0.9452248703706553	0.9004662040527441	-0.044758666317911144
1592	0.927832512315271	0.895628078817734	-0.03220443349753699
1593	0.9463381452649081	0.8950516643812692	-0.05128648088363896
1594	0.9570008810027976	0.9203233434828977	-0.03667753751989988
1595	0.9320217295551314	0.8999612925614981	-0.03206043699363326
1596	0.9506208274864991	0.9207594506101969	-0.029861376876302193
1597	0.9449727282082947	0.9039621282288772	-0.04101059997941747
1598	0.9180102162981882	0.8995231063931679	-0.018487109905020338
1599	0.9247519921938526	0.9090583834769881	-0.015693608716864538
1600	0.92383008008008	0.9042584250917585	-0.019571654988321585
1601	0.9241823972655947	0.9000676942881557	-0.024114702977439006
1602	0.9363760905616844	0.8815199365491384	-0.054856154012545955
1603	0.9275007191332048	0.8641211126855097	-0.06337960644769502
1604	0.9464370385423017	0.9078269999322631	-0.03861003861003853
1605	0.9030182926829269	0.8878556910569105	-0.015162601626016348
1606	0.897863846774536	0.8831415183816763	-0.014722328392859696
1607	0.9335333697035825	0.9036967760372016	-0.029836593666380917
1608	0.9390078612089997	0.8834630626444127	-0.05554479856458705
1609	0.9067353834795695	0.890152483175739	-0.016582900303830472
1610	0.921933389387145	0.8950742713004485	-0.0268591180866965
1611	0.922633987893105	0.8576209459126926	-0.06501304198041247
1612	0.9354924910480465	0.9032921810699589	-0.03220030997808765
1613	0.9507114501092823	0.9139234577813462	-0.03678799232793606
1614	0.9216724307823096	0.918841895782213	-0.002830535000096668
1615	0.9343686868686869	0.9134343434343435	-0.020934343434343416
1616	0.9269991922455574	0.9223672253634895	-0.004631966882067906
1617	0.9618761981324594	0.9336981839919197	-0.028178014140539664
1618	0.9224805194805195	0.9069350649350649	-0.015545454545454529
1619	0.9338911503090608	0.9089495703301673	-0.024941579978893458
1620	0.8837727528617001	0.8655939200600488	-0.018178832801651335
1621	0.9543652224064595	0.9102340958011061	-0.044131126605353344
1622	0.9456824886028425	0.8896755162241888	-0.05600697237865371
1623	0.9506852544028016	0.9092500926019463	-0.04143516180085527
1624	0.9375673088428862	0.9078616728491086	-0.029705635993777624
1625	0.8956232043523443	0.8552937221101534	-0.040329482242190906
1626	0.9169540229885057	0.8895287356321839	-0.02742528735632177
1627	0.9507451115513825	0.9096390731329141	-0.04110603841846838
1628	0.9209938750264007	0.8990887970310473	-0.02190507799535346
1629	0.9188773814798405	0.9041038989809481	-0.014773482498892432
1630	0.8727689873417721	0.8679272151898734	-0.004841772151898738
1631	0.9504305545245342	0.906549253952936	-0.043881300571598225
1632	0.9018331462775907	0.8925738870183315	-0.00925925925925919
1633	0.9404490612745382	0.9036056774671186	-0.03684338380741958
1634	0.9315948996655519	0.8876289018952063	-0.0439659977703456
1635	0.943836853459088	0.8899939798324387	-0.0538428736266493
1636	0.9352453211937278	0.9250885179564997	-0.010156803237228118
1637	0.961019392033543	0.9305649146451033	-0.03045447738843976
1638	0.9373031224095054	0.9087316938380768	-0.02857142857142858
1639	0.9477357571822757	0.9291375858897365	-0.018598171292539156
1640	0.9524624583504496	0.9088958875348031	-0.04356657081564652
1641	0.9061770324771811	0.8847541759874598	-0.02142285648972131
1642	0.936980205616081	0.8891361055700475	-0.047844100046033455
1643	0.9405440544054405	0.912024535786912	-0.028519518618528528
1644	0.9494574477625325	0.9027351807012824	-0.046722267061250045
1645	0.9423509836546932	0.9164138201037486	-0.025937163550944553
1646	0.9070866956341817	0.8791744258224705	-0.027912269811711132
1647	0.9353504202786814	0.8882641644258071	-0.04708625585287429
1648	0.931867417677643	0.846317157712305	-0.08555025996533805
1649	0.9501062596599691	0.9207785935085008	-0.029327666151468312
1650	0.9760759649771859	0.9411867472355818	-0.03488921774160403
1651	0.8968697968697968	0.876906426906427	-0.019963369963369892
1652	0.941014525819454	0.894486272720359	-0.04652825309909503
1653	0.9362578929877036	0.9136257892987704	-0.022632103688933203
1654	0.9470319634703196	0.9197073474470735	-0.027324616023246096
1655	0.9436102564102564	0.9227384615384615	-0.020871794871794913
1656	0.9421161463187325	0.9115359972041006	-0.030580149114631916
1657	0.9374290338946198	0.9177759524557292	-0.019653081438890663
1658	0.9323091874112283	0.8906954723281254	-0.041613715083102853
1659	0.913395276330929	0.8855951600331572	-0.027800116297771793
1660	0.9191919191919192	0.8654905216549053	-0.05370139753701397
1661	0.9263395799981166	0.8957623128354836	-0.03057726716263298
1662	0.9316412288838294	0.9227309778789667	-0.008910251004862646
1663	0.9445579462273953	0.9128267392040347	-0.03173120702336063
1664	0.9189026487788098	0.905906002751978	-0.012996646026831815
1665	0.9394883351007424	0.8949363732767762	-0.044551961823966146
1666	0.9202483285577842	0.9255713187504367	0.005322990192652588
1667	0.9337458478732718	0.8894964684438369	-0.044249379429434854
1668	0.9622792022792023	0.9345982905982906	-0.02768091168091169
1669	0.9134377967711301	0.8596747388414056	-0.05376305792972458
1670	0.937494623655914	0.9216021505376344	-0.01589247311827957
1671	0.9568665506625619	0.9091375540980681	-0.04772899656449381
1672	0.9376307189542483	0.904983660130719	-0.03264705882352936
1673	0.9519326733741537	0.8975265017667845	-0.05440617160736916
1674	0.948582002661344	0.9295055721889555	-0.019076430472388495
1675	0.9389180672268908	0.9171218487394958	-0.02179621848739499
1676	0.9082969432314411	0.8660035581432961	-0.04229338508814495
1677	0.9463640986524282	0.9024917365878464	-0.04387236206458178
1678	0.9152386217062835	0.8845279773969658	-0.030710644309317692
1679	0.9501891551071879	0.9123455233291299	-0.03784363177805805
1680	0.9232420995296903	0.8985429825388346	-0.024699116990855696
1681	0.9030173437871228	0.8847588500831551	-0.018258493703967704
1682	0.9504665745038017	0.9286190382146736	-0.021847536289128056
1683	0.9389208314904909	0.8992260061919505	-0.039694825298540404
1684	0.9029986665365727	0.8839398965752756	-0.019058769961297073
1685	0.9578865174388339	0.9309734513274336	-0.02691306611140032
1686	0.9261443374962789	0.8924769289653119	-0.03366740853096695
1687	0.9438551548386236	0.9242418177694165	-0.019613337069207093
1688	0.9272189433671063	0.8668562527687669	-0.06036269059833943
1689	0.9283097958979989	0.9062627875642497	-0.022047008333749174
1690	0.9063625214618592	0.8702771645818004	-0.03608535688005887
1691	0.9377558375151293	0.9036623012796976	-0.034093536235431654
1692	0.9191578947368421	0.8692932330827068	-0.04986466165413528
1693	0.9310979060554613	0.8890932528453751	-0.042004653210086174
1694	0.9460561908714881	0.9262763171077302	-0.019779873763757894
1695	0.9104330708661418	0.8891178641732284	-0.021315206692913424
1696	0.9237436386768448	0.8965589217557252	-0.027184716921119678
1697	0.9165688680251787	0.8756306107207633	-0.04093825730441536
1698	0.9132275721826817	0.8700781369695113	-0.043149435213170384
1699	0.9467457988797012	0.9077087223259536	-0.03903707655374766
1700	0.9215890926187118	0.8972637517630465	-0.02432534085566529
1701	0.93557218208921	0.8960124985666781	-0.03955968352253192
1702	0.9338944190484328	0.9138861594110024	-0.02000825963743047
1703	0.9422704954619848	0.880883301096067	-0.061387194365917774
1704	0.9492665684830633	0.9294609720176731	-0.019805596465390263
1705	0.9266493055555556	0.8969585905349794	-0.029690715020576186
1706	0.9512406015037594	0.9252819548872181	-0.025958646616541348
1707	0.941697396740099	0.9070695162241079	-0.03462788051599108
1708	0.9010697024532148	0.8837299860274412	-0.017339716425773588
1709	0.9361313868613139	0.9117501783656221	-0.02438120849569181
1710	0.9348020123336579	0.9090663204587255	-0.02573569187493241
1711	0.9421818684147735	0.8678622110035289	-0.07431965741124458
1712	0.9243145641253253	0.8976738555894043	-0.026640708535921043
1713	0.9265457255863719	0.8964787631790914	-0.030066962407280573
1714	0.9117984145681449	0.8534589793384483	-0.058339435229696646
1715	0.9309665301598053	0.8909535979308434	-0.04001293222896196
1716	0.9356556167617549	0.8922019476686995	-0.04345366909305537
1717	0.9154403866809881	0.881780343716434	-0.03366004296455416
1718	0.9415167095115681	0.8964554083448685	-0.0450613011666996
1719	0.927324702454578	0.8925538055578461	-0.03477089689673185
1720	0.9297275641025641	0.9048534798534799	-0.024874084249084216
1721	0.9428195645379727	0.9220752161683509	-0.0207443483696218
1722	0.9195136682335022	0.9056616160289909	-0.013852052204511356
1723	0.9284865389279651	0.9089497938394373	-0.019536745088527763
1724	0.9275715955581532	0.9056253652834599	-0.021946230274693224
1725	0.9271094298025855	0.8977853492333902	-0.029324080569195332
1726	0.9469368018000237	0.9146567717996289	-0.03228003000039481
1727	0.9336077610071977	0.89560915721817	-0.03799860378902764
1728	0.9117211131276467	0.8633696309739867	-0.04835148215366003
1729	0.9392403295629103	0.901438346599637	-0.037801982963273306
1730	0.936868861132197	0.9023646861270214	-0.034504175005175663
1731	0.9189597017575004	0.8930283279653065	-0.0259313737921939
1732	0.9536684199227136	0.9273427436668098	-0.026325676255903763
1733	0.9307122231547205	0.8796034195815138	-0.051108803573206685
1734	0.9303302694421915	0.9133549608002163	-0.016975308641975273
1735	0.9291860027593127	0.8823403988461056	-0.046845603913207134
1736	0.931474894319002	0.9134189091658934	-0.018055985153108578
1737	0.9367910373111934	0.9268280484145244	-0.009962988896669023
1738	0.939693417032103	0.9184831941905213	-0.021210222841581694
1739	0.9205300988319857	0.8705862533692722	-0.049943845462713465
1740	0.9099665322686905	0.8622420744722903	-0.04772445779640022
1741	0.9524614856116058	0.9242396215944825	-0.028221864017123344
1742	0.9437640680591524	0.9250187574122032	-0.018745310646949176
1743	0.9334659176594782	0.9061321821746343	-0.027333735484843857
1744	0.9295210166177909	0.8943304007820136	-0.035190615835777206
1745	0.9437164850371907	0.9204181802456323	-0.023298304791558477
1746	0.9115839243498818	0.892352520754302	-0.019231403595579732
1747	0.9552199440392642	0.9097633136094675	-0.04545663042979675
1748	0.907040704070407	0.8892503536067893	-0.017790350463617766
1749	0.9401349072512648	0.924114671163575	-0.016020236087689765
1750	0.9051108784619777	0.8694611755428354	-0.03564970291914227
1751	0.9215434083601286	0.8789963252181902	-0.04254708314193845
1752	0.9104406908126252	0.8815981809322722	-0.028842509880353084
1753	0.910641855831495	0.8417419768021063	-0.06889987902938877
1754	0.9461438050690743	0.9144566518002828	-0.03168715326879146
1755	0.954274800584204	0.9141045325743674	-0.040170268009836585
1756	0.9252907418668288	0.915143280632411	-0.010147461234417787
1757	0.9407243916242218	0.926870401810979	-0.013853989813242817
1758	0.9521035067563871	0.9267191859510914	-0.025384320805295735
1759	0.9268585131894485	0.8946767114610199	-0.03218180172842855
1760	0.9632538390320212	0.922165820642978	-0.04108801838904319
1761	0.9281369141063018	0.9077007176496973	-0.02043619645660455
1762	0.9167645906776342	0.8674948240165632	-0.04926976666107097
1763	0.9363176953842828	0.8911874391957626	-0.04513025618852018
1764	0.9392382189344101	0.9098032018522179	-0.029435017082192205
1765	0.9108153638814016	0.8734164420485175	-0.03739892183288407
1766	0.9146773320001667	0.878029135246983	-0.03664819675318365
1767	0.9336351750520556	0.8920633383371265	-0.041571836714929145
1768	0.9107963246554365	0.8764951781797111	-0.03430114647572535
1769	0.9384955752212389	0.9087020648967552	-0.02979351032448374
1770	0.9309988862024938	0.8942707342913803	-0.03672815191111356
1771	0.9348398651495997	0.9051938474504846	-0.029646017699115124
1772	0.9618112384069831	0.9235027211155908	-0.038308517291392286
1773	0.9480423365344318	0.8946579996254982	-0.05338433690893363
1774	0.9443036658739751	0.9132197575143269	-0.031083908359648138
1775	0.948798490195318	0.8983854913974741	-0.05041299879784389
1776	0.9494744413764299	0.918358586444532	-0.031115854931897835
1777	0.9524485648264149	0.931275926389933	-0.021172638436481983
1778	0.9255701225637935	0.907185553546313	-0.018384569017480423
1779	0.9307971014492754	0.8882081686429513	-0.04258893280632414
1780	0.9595708885473352	0.9314584804552819	-0.028112408092053287
1781	0.918780193236715	0.863274959742351	-0.05550523349436398
1782	0.9046770094450556	0.8709555058225543	-0.03372150362250126
1783	0.924550841729672	0.8727738568666593	-0.05177698486301263
1784	0.9080190215621132	0.8910429287994267	-0.016976092762686523
1785	0.927060236511456	0.9018038617886179	-0.025256374722838038
1786	0.9351910225696634	0.8989351337100675	-0.03625588885959585
1787	0.9106786973566063	0.8733054466612645	-0.03737325069534181
1788	0.9493045563549161	0.9118145483613109	-0.037490007993605134
1789	0.9291604395604396	0.8988835164835165	-0.03027692307692309
1790	0.9302870533099004	0.910020364326164	-0.020266688983736403
1791	0.9371810878297687	0.9108810118336771	-0.026300075996091632
1792	0.9214605067064083	0.8974995860241762	-0.0239609206822321
1793	0.896940331010453	0.8603957970383276	-0.036544533972125426
1794	0.9389877994529158	0.8999441557581093	-0.03904364369480651
1795	0.8933457711442786	0.87568407960199	-0.017661691542288582
1796	0.9500147885241053	0.9161426385298921	-0.033872149994213174
1797	0.9161449016100179	0.9020046301168052	-0.01414027149321273
1798	0.9313893653516295	0.8891203136486155	-0.04226905170301398
1799	0.9090883932030774	0.860560690762163	-0.04852770244091442
1800	0.9441454416818273	0.9340635738831615	-0.010081867798665822
1801	0.9175601659751037	0.8637178423236515	-0.05384232365145225
1802	0.9318426000537201	0.8936629446299068	-0.0381796554238133
1803	0.9406374007936508	0.8936507936507937	-0.04698660714285707
1804	0.9161781159095994	0.8759603192362199	-0.04021779667337955
1805	0.9323181049069373	0.9040870325577169	-0.0282310723492204
1806	0.9691484833342587	0.9225658393944441	-0.046582643939814594
1807	0.9239718326528197	0.915060062725605	-0.008911769927214652
1808	0.9391916987789591	0.9125887924230466	-0.02660290635591256
1809	0.9556674490800333	0.9225410767017491	-0.0331263723782842
1810	0.9423192126658109	0.9174012266438454	-0.024917986021965488
1811	0.932323424796748	0.91357554200542	-0.018747882791327997
1812	0.9277056277056277	0.9229819200407435	-0.004723707664884169
1813	0.9103922393396078	0.8711683053788317	-0.03922393396077606
1814	0.9405318002155947	0.9087465564738292	-0.0317852437417655
1815	0.9318807582336122	0.8924732606163296	-0.03940749761728257
1816	0.9615360162756691	0.9139169686566215	-0.04761904761904756
1817	0.9407416847202753	0.8975057057126637	-0.04323597900761156
1818	0.9069653777080634	0.904260155948078	-0.0027052217599854433
1819	0.9134370219275879	0.8901418571229892	-0.0232951648045987
1820	0.9579827972192766	0.9364911040414752	-0.02149169317780142
1821	0.9434493221749132	0.907208926736162	-0.03624039543875113
1822	0.9299990692912653	0.889164223556238	-0.04083484573502727
1823	0.9224385873921448	0.911201219608028	-0.01123736778411677
1824	0.9288973668461998	0.8907465589467385	-0.03815080789946135
1825	0.9533592819977796	0.9241603466955579	-0.02919893530222173
1826	0.9347535456870495	0.9035544059521041	-0.03119913973494537
1827	0.9300301567211988	0.8889357646213222	-0.04109439209987664
1828	0.9114957847756013	0.8912875030994297	-0.020208281676171613
1829	0.9227655648840768	0.8934307822131956	-0.029334782670881188
1830	0.8937642251189737	0.8773536105938341	-0.01641061452513959
1831	0.9362184441009789	0.896577610951645	-0.039640833149333865
1832	0.9355435963266515	0.878209242618742	-0.05733435370790951
1833	0.9049807687655724	0.88572534410605	-0.019255424659522458
1834	0.8945001858045336	0.8697014740493001	-0.024798711755233516
1835	0.9216223698781838	0.9020487264673311	-0.01957364341085266
1836	0.9283248603527271	0.8964727295550116	-0.03185213079771554
1837	0.8989310758594876	0.8839485243122447	-0.014982551547242928
1838	0.9280575539568345	0.8795306611853374	-0.04852689277149713
1839	0.9204881493578143	0.8804674052169308	-0.040020744140883524
1840	0.9131428571428571	0.8753233082706767	-0.03781954887218042
1841	0.9451706036745406	0.9039370078740158	-0.04123359580052488
1842	0.9646112071978421	0.934142254164837	-0.03046895303300512
1843	0.9475889008620689	0.8959859913793103	-0.051602909482758585
1844	0.9496283255086072	0.8989213056114465	-0.050707019897160754
1845	0.9303917253521127	0.8856624119718309	-0.04472931338028174
1846	0.9185352749893962	0.9033507705358406	-0.01518450445355568
1847	0.9164636752136752	0.8828418803418804	-0.03362179487179484
1848	0.9208142767464801	0.8774250440917107	-0.04338923265476935
1849	0.9254206631255811	0.9168736545785726	-0.008547008547008517
1850	0.9408335094765025	0.9299830902557599	-0.010850419220742591
1851	0.9190949185765983	0.8951390983112183	-0.023955820265380012
1852	0.9359531436666773	0.9268504128474314	-0.009102730819245841
1853	0.9476875808538163	0.9107014517751905	-0.03698612907862586
1854	0.9374614173228346	0.9151496062992126	-0.022311811023622008
1855	0.9517369178006416	0.909918132536785	-0.04181878526385663
1856	0.8849487695544781	0.8617349739273625	-0.023213795627115563
1857	0.8881116158338741	0.858689162881246	-0.02942245295262813
1858	0.919897329103809	0.9020267816064121	-0.017870547497396805
1859	0.929413257069053	0.891000507403478	-0.03841274966557495
1860	0.9206542435309174	0.8946998782657553	-0.02595436526516215
1861	0.9673546838090075	0.9165666266506602	-0.05078805715834722
1862	0.918212960319726	0.889206077330542	-0.02900688298918397
1863	0.9170015002845368	0.9065512424770215	-0.010450257807515295
1864	0.9449658818135233	0.9141920867384092	-0.03077379507511402
1865	0.9207461552217453	0.8909155937052933	-0.029830561516452025
1866	0.9500278706800446	0.9328874024526198	-0.017140468227424766
1867	0.8844785887039408	0.8707497510314411	-0.01372883767249966
1868	0.925837037037037	0.8678666666666667	-0.05797037037037034
1869	0.9397908431907352	0.8994472075961553	-0.040343635594579985
1870	0.924080405421789	0.8895031643267622	-0.0345772410950268
1871	0.9644862846940432	0.9212303197532868	-0.04325596494075634
1872	0.9211474836592517	0.8953519649245502	-0.02579551873470154
1873	0.932160705150907	0.9013890528469681	-0.030771652303938857
1874	0.9275891012396694	0.9097903753443526	-0.017798725895316836
1875	0.9385619673199066	0.8731474947071277	-0.06541447261277888
1876	0.9427445980844039	0.9001176816710798	-0.04262691641332417
1877	0.9179688553020569	0.8846226423571486	-0.03334621294490825
1878	0.9323281369792997	0.9184896498849987	-0.013838487094301022
1879	0.912774417562724	0.8969254032258065	-0.015849014336917544
1880	0.935062397051844	0.9081353471621206	-0.026927049889723387
1881	0.9245909032341193	0.8806693725035434	-0.04392153073057592
1882	0.8743668953626208	0.8428822874384856	-0.03148460792413521
1883	0.926553731910046	0.8955001898654065	-0.031053542044639504
1884	0.9450781309940922	0.904772256464029	-0.04030587453006318
1885	0.9355029303854767	0.8961166436365369	-0.03938628674893985
1886	0.9087888531618435	0.8692926045016077	-0.03949624866023582
1887	0.9288480609635158	0.9141604467874106	-0.014687614176105201
1888	0.9421047955398592	0.9076986295284423	-0.03440616601141688
1889	0.9047318679438933	0.8840446459117345	-0.02068722203215878
1890	0.9327687077519073	0.9241412025141321	-0.008627505237775224
1891	0.9185410031847133	0.9079418789808917	-0.010599124203821586
1892	0.934903748733536	0.8737229821006417	-0.06118076663289429
1893	0.9426791661527075	0.9139755766621438	-0.02870358949056373
1894	0.9064732414970132	0.873180543703523	-0.0332926977934902
1895	0.9561673490517201	0.9189326556543838	-0.037234693397336316
1896	0.943056805680568	0.9017026702670267	-0.04135413541354138
1897	0.9141980533220483	0.8663321443685388	-0.047865908953509506
1898	0.8793546071882073	0.869320377629327	-0.010034229558880337
1899	0.938302773641102	0.908623417721519	-0.02967935591958304
1900	0.9484563055991627	0.9001831501831502	-0.048273155416012514
1901	0.9417265135934005	0.9116288479045147	-0.030097665688885833
1902	0.9066326388307813	0.8820461328201267	-0.024586506010654596
1903	0.9291752300956125	0.9082923778035922	-0.02088285229202036
1904	0.9545745076179859	0.931965811965812	-0.022608695652173938
1905	0.9544496044660596	0.9314367206640582	-0.023012883802001394
1906	0.9530781201369437	0.923249299719888	-0.0298288204170557
1907	0.9625924314919531	0.9091304519751671	-0.053461979516785996
1908	0.9314730213606618	0.8870601308803556	-0.044412890480306166
1909	0.9295545454545454	0.9022454545454546	-0.02730909090909084
1910	0.9216896257973364	0.8829292110785597	-0.03876041471877667
1911	0.9546897830729459	0.9138614139597617	-0.040828369113184215
1912	0.9184958077837567	0.8866474784132149	-0.03184832937054183
1913	0.9367285764664394	0.8896056189020807	-0.04712295756435869
1914	0.9290276110444178	0.8856662665066026	-0.04336134453781515
1915	0.9240599593495935	0.894042174796748	-0.03001778455284554
1916	0.9385459126954717	0.8965537686207663	-0.04199214407470542
1917	0.949468537414966	0.9321641156462585	-0.0173044217687075
1918	0.9578835978835979	0.9128306878306879	-0.04505291005291001
1919	0.9442921539961013	0.8856907894736842	-0.058601364522417154
1920	0.9286954365079365	0.8963744588744589	-0.03232097763347763
1921	0.9388151112728155	0.913577102662058	-0.025238008610757423
1922	0.9018237783762986	0.8722431704501732	-0.02958060792612538
1923	0.946044055770976	0.9338809857743939	-0.01216306999658201
1924	0.9057188962770523	0.8843517172711354	-0.021367179005916892
1925	0.9730778138026864	0.9119528716998611	-0.061124942102825375
1926	0.9169217793327502	0.9015369236536299	-0.01538485567912029
1927	0.9428046335486745	0.9148919581198485	-0.027912675428826028
1928	0.9238083164300203	0.8959601081812035	-0.02784820824881673
1929	0.9211284779957876	0.9089762775745482	-0.012152200421239323
1930	0.9467331657340577	0.8890060281674912	-0.057727137566566555
1931	0.938060766721044	0.919402528548124	-0.018658238172920005
1932	0.9077386581642303	0.864384338944581	-0.04335431921964927
1933	0.9156106870229007	0.8807760814249364	-0.03483460559796436
1934	0.9323694454274304	0.9005914766695313	-0.03177796875789907
1935	0.9352080768283674	0.9198227037675449	-0.015385373060822438
1936	0.9069203816804465	0.8842909967177698	-0.022629384962676746
1937	0.9045854442270566	0.8615944751810726	-0.042990969045983984
1938	0.937962962962963	0.9194314032342201	-0.018531559728742875
1939	0.9325782829662823	0.8995983387070332	-0.032979944259249105
1940	0.9206887639723461	0.9127953307057785	-0.007893433266567662
1941	0.9211776808896291	0.8828687601038554	-0.03830892078577375
1942	0.9674165216670809	0.9462258679260916	-0.021190653740989274
1943	0.8970157246482644	0.878136410106616	-0.018879314541648373
1944	0.9083197306016477	0.8810585710062594	-0.02726115959538833
1945	0.9308571428571428	0.9023865546218487	-0.028470588235294136
1946	0.9020586467456637	0.8525996050145973	-0.04945904173106641
1947	0.9288472964943553	0.9117241938097553	-0.017123102684599933
1948	0.9356661977491961	0.9155194935691319	-0.020146704180064257
1949	0.9456796628029505	0.9066122233930453	-0.0390674394099052
1950	0.9483188862621487	0.9147294457578146	-0.0335894405043341
1951	0.9333809297160083	0.8862287799460574	-0.04715214976995086
1952	0.9369792165501388	0.9111355872681416	-0.025843629281997238
1953	0.9477654648561469	0.9264034129337704	-0.0213620519223765
1954	0.9194497266460661	0.8884299976230092	-0.03101972902305683
1955	0.9538123167155426	0.9530913978494624	-0.0007209188660801669
1956	0.9439026348002327	0.8966548271225895	-0.04724780767764325
1957	0.9456224972697488	0.9257462686567164	-0.0198762286130324
1958	0.922182382013761	0.883654285437404	-0.03852809657635703
1959	0.9528870507518195	0.8993459651822641	-0.05354108556955539
1960	0.9307608709884383	0.8884946250638315	-0.042266245924606816
1961	0.9095499331313628	0.8972406452141161	-0.012309287917246725
1962	0.9488317823500954	0.9252824496997638	-0.023549332650331545
1963	0.8801394623949613	0.8268127701280548	-0.05332669226690656
1964	0.9484325925925926	0.9051496296296296	-0.04328296296296297
1965	0.9361930871364834	0.9214320270924045	-0.014761060044078955
1966	0.9040024204702628	0.8475103734439834	-0.05649204702627941
1967	0.9343181523103334	0.9040234279201951	-0.03029472439013836
1968	0.9343261606417079	0.9042499348169507	-0.03007622582475722
1969	0.9180664274842357	0.8926668841052403	-0.025399543378995415
1970	0.9149143714283084	0.8827150836960623	-0.03219928773224612
1971	0.954254664204074	0.929588586418266	-0.024666077785807983
1972	0.9482666015625	0.91722412109375	-0.031042480468750022
1973	0.9187583206156443	0.8824560833847452	-0.03630223723089909
1974	0.918229387211905	0.9022140221402214	-0.01601536507168355
1975	0.9308366955182362	0.8974792234214973	-0.033357472096738894
1976	0.9320312182981428	0.8955512572533849	-0.036479961044757925
1977	0.9351312618070484	0.9039020259266497	-0.03122923588039872
1978	0.9033927919470088	0.8796484639858134	-0.02374432796119541
1979	0.8960007880220646	0.8678092986603625	-0.028191489361702127
1980	0.9253166209687949	0.8934151542847195	-0.03190146668407534
1981	0.9240860849056604	0.8936025943396226	-0.03048349056603772
1982	0.931549356355034	0.8892131862730038	-0.04233617008203017
1983	0.9426221654423507	0.9062919195145321	-0.03633024592781853
1984	0.9525187302259389	0.9030262399585994	-0.049492490267339484
1985	0.9379944264653003	0.8982380438691119	-0.03975638259618841
1986	0.919487185666261	0.8948586025327437	-0.024628583133517234
1987	0.9370571253608608	0.8979091942962121	-0.039147931064648755
1988	0.9267874012119537	0.8926407225639962	-0.03414667864795751
1989	0.9655158709130411	0.8955805203751789	-0.06993535053786226
1990	0.9434702886247878	0.9321290322580645	-0.011341256366723229
1991	0.9217679748416835	0.8997436781114031	-0.02202429673028039
1992	0.926344221899286	0.8973115562014279	-0.029032665697858118
1993	0.9451476793248945	0.887954101059998	-0.05719357826489657
1994	0.9167619460652894	0.8840088314146034	-0.03275311465068598
1995	0.8921637355603645	0.8605108354414948	-0.03165290011886979
1996	0.9602937497240578	0.93743837289732	-0.022855376826737772
1997	0.9247292714942026	0.9096067600087508	-0.01512251148545174
1998	0.9144624976383904	0.8649867749858303	-0.04947572265256006
1999	0.9620266186587797	0.9259306886131293	-0.03609593004565037
