draw	ref_metric	arm_metric	delta
0	0.9259509258414668	0.8703821946547478	-0.05556873118671901
1	0.9272710108965369	0.8806100981767181	-0.04666091271981876
2	0.9466326710040444	0.8992109196412872	-0.04742175136275717
3	0.9178386738195351	0.8782723567412563	-0.039566317078278845
4	0.8949056683408602	0.8264606986592383	-0.06844496968162184
5	0.9475997715250701	0.9208533041945017	-0.026746467330568402
6	0.9230919765166341	0.856837084148728	-0.06625489236790616
7	0.9361579369857516	0.8956577363034317	-0.040500200682319853
8	0.9331942633637549	0.888748370273794	-0.04444589308996083
9	0.9071939296658398	0.8612578432803152	-0.0459360863855246
10	0.9574964131994261	0.8931930495775546	-0.0643033636218715
11	0.942380094941889	0.8793310416325639	-0.06304905330932509
12	0.9090795864989414	0.8638269606011542	-0.045252625897787224
13	0.9209442555648214	0.8561036628391815	-0.06484059272563991
14	0.9410446544980443	0.8883909169926119	-0.05265373750543245
15	0.9561242901873375	0.9068088945497002	-0.049315395637637316
16	0.9128074866310161	0.8688903743315508	-0.043917112299465266
17	0.9356848557933876	0.8987371453455264	-0.03694771044786116
18	0.9269157585192873	0.8784812316208268	-0.048434526898460506
19	0.9317391304347826	0.8674894810659186	-0.06424964936886401
20	0.9336626058549581	0.8930026348283473	-0.040659971026610786
21	0.9573527975783614	0.9023288741333854	-0.055023923444976086
22	0.9455935040755981	0.9197865982445985	-0.025806905830999538
23	0.9331079228730695	0.8832587041944622	-0.049849218678607365
24	0.9379402515723271	0.8708490566037735	-0.06709119496855354
25	0.9286579683131407	0.9061354457906182	-0.022522522522522515
26	0.9308608058608059	0.8815120065120066	-0.04934879934879932
27	0.939739519212078	0.8941877794336811	-0.04555173977839688
28	0.894436844505244	0.8333213334293326	-0.0611155110759114
29	0.9419871183422814	0.8858728731183968	-0.05611424522388464
30	0.958696922995164	0.9131317425732051	-0.045565180421958895
31	0.9283193595755768	0.8839230732793331	-0.0443962862962437
32	0.9218056423675485	0.8843452374646426	-0.03746040490290592
33	0.9420791879808273	0.8786603294800016	-0.06341885850082574
34	0.9314130635909456	0.857953494109665	-0.07345956948128052
35	0.9252247934638733	0.8829704687571318	-0.04225432470674151
36	0.9213445709984328	0.878968866073522	-0.04237570492491083
37	0.9552487600347701	0.9154164749194662	-0.0398322851153039
38	0.9720857057237039	0.9283188492658077	-0.04376685645789624
39	0.9432774080236642	0.8873867628027362	-0.055890645220928015
40	0.9579826038159371	0.8859252244668911	-0.07205737934904599
41	0.9424668960483786	0.8947867792722344	-0.047680116776144255
42	0.9544142614601019	0.9238661169051662	-0.030548144554935708
43	0.9289788772167626	0.8714277645995707	-0.057551112617191924
44	0.9340194310897436	0.8994015424679487	-0.034617888621794934
45	0.9236553770231766	0.8829421613841318	-0.04071321563904473
46	0.9393931256713212	0.8945354457572503	-0.04485767991407086
47	0.9358228600543478	0.8700322690217391	-0.06579059103260865
48	0.9618571091894635	0.9093834411993982	-0.052473667990065365
49	0.9347171407949426	0.8787799596804301	-0.05593718111451251
50	0.9129930901775561	0.8655062829820112	-0.04748680719554499
51	0.9365836703741153	0.8769590495449949	-0.059624620829120345
52	0.9125889356759112	0.8500217801655292	-0.06256715551038194
53	0.9459101010825148	0.8737543909957703	-0.07215571008674448
54	0.9582669482628725	0.9094075364037201	-0.048859411859152435
55	0.9352838732149077	0.8903935910832462	-0.04489028213166146
56	0.9514056224899599	0.9084050487664945	-0.04300057372346533
57	0.9362240400550051	0.8797115757554388	-0.056512464299566356
58	0.9580602260853045	0.9168447800892942	-0.04121544599601035
59	0.9460952134875008	0.9022672953943544	-0.043827918093146456
60	0.9270344640923854	0.8848452724648141	-0.04218919162757129
61	0.9352277279046205	0.886913597700337	-0.048314130204283545
62	0.9237996615563357	0.8870128558078448	-0.036786805748490914
63	0.9224056117185888	0.8531978543428925	-0.06920775737569629
64	0.9222557333970377	0.8513795986622074	-0.07087613473483034
65	0.9569366197183099	0.9285093896713615	-0.02842723004694836
66	0.891601045901788	0.8403337212641506	-0.05126732463763739
67	0.9295542857142857	0.8889942857142857	-0.04055999999999993
68	0.9388143425507204	0.8909358242518596	-0.047878518298860806
69	0.9462541390728477	0.9003414735099338	-0.04591266556291396
70	0.9245540540540541	0.8743648648648649	-0.05018918918918924
71	0.9017612637283445	0.8614193883139719	-0.04034187541437262
72	0.9399230469511007	0.8825370153906098	-0.057386031560490935
73	0.9384059638304726	0.8871082784961576	-0.051297685334315
74	0.9105576088703198	0.8798864427660829	-0.030671166104236924
75	0.9577338407747764	0.9131780067452582	-0.04455583402951824
76	0.915284873285049	0.8750047070932757	-0.040280166191773326
77	0.9598986285032797	0.9158868859226641	-0.044011742580615576
78	0.9212443778110945	0.8812743628185907	-0.039970014992503744
79	0.8760629989586949	0.8155805275945852	-0.06048247136410967
80	0.9470353006067291	0.914726971869829	-0.03230832873690015
81	0.9460874200426439	0.9165991471215352	-0.02948827292110867
82	0.9348342762665013	0.8641917900229921	-0.07064248624350922
83	0.9548152955031606	0.8865335159949047	-0.06828177950825587
84	0.9321652830991911	0.8976426138782461	-0.034522669220945046
85	0.9131720980000315	0.8771852527890985	-0.03598684521093298
86	0.9533709449929478	0.8994452280206864	-0.05392571697226145
87	0.916602752086623	0.8449357094518385	-0.07166704263478452
88	0.908310700706138	0.8602118413905486	-0.048098859315589326
89	0.9454808718183204	0.9134735558603871	-0.03200731595793327
90	0.9260914160408389	0.884886997323776	-0.04120441871706293
91	0.9115644477033468	0.8699261509453726	-0.04163829675797415
92	0.9171758544282549	0.8756294903646008	-0.041546364063654084
93	0.9231707484205188	0.8926501021009497	-0.030520646319569078
94	0.9471121607043937	0.8914108283040322	-0.05570133240036157
95	0.9335519922254616	0.8764820213799805	-0.057069970845481044
96	0.9179430482148635	0.8432207960306332	-0.07472225218423034
97	0.9461588494615885	0.9137818891378189	-0.03237696032376958
98	0.9595732159762557	0.911073868433846	-0.0484993475424097
99	0.9066511881999454	0.8413855503960667	-0.06526563780387873
100	0.9186611607393674	0.8632507444238441	-0.05541041631552335
101	0.9168627327132909	0.8816655876454704	-0.03519714506782046
102	0.915709387591661	0.8458467852941912	-0.06986260229746977
103	0.9361764503000621	0.8827688487273229	-0.05340760157273927
104	0.9325603161397671	0.8846921797004992	-0.047868136439267905
105	0.93775950668037	0.8876156217882837	-0.05014388489208632
106	0.9287229463846532	0.865823290703394	-0.06289965568125921
107	0.9259358288770053	0.873697761933056	-0.05223806694394928
108	0.9272403852051769	0.8601975096607987	-0.06704287554437827
109	0.9345022624434389	0.8792307692307693	-0.055271493212669665
110	0.9301829868170788	0.8729476836973393	-0.057235303119739456
111	0.9058493589743589	0.8408241064491064	-0.06502525252525249
112	0.9402410162287481	0.8912528979907264	-0.04898811823802174
113	0.9217488164856585	0.8654586658216422	-0.056290150664016325
114	0.9299140708915145	0.8891542766691164	-0.04075979422239806
115	0.9550588235294117	0.8993389355742297	-0.05571988795518201
116	0.938028736403921	0.8450114139922116	-0.09301732241170946
117	0.9254925373134328	0.862089552238806	-0.06340298507462683
118	0.9344693267999945	0.8854692855078249	-0.049000041292169616
119	0.9052203490091689	0.8527802425317953	-0.05244010647737363
120	0.9092736934184587	0.8688000208896375	-0.04047367252882117
121	0.928217755889791	0.8491547983495275	-0.0790629575402636
122	0.9225399888438287	0.8701964390707211	-0.05234354977310762
123	0.9472244386184886	0.8993217827425054	-0.04790265587598319
124	0.9408313012882609	0.8922292369531571	-0.04860206433510372
125	0.9293792836211281	0.8804945387614734	-0.04888474485965466
126	0.8857791029297382	0.8301918589577392	-0.05558724397199899
127	0.9197101058652651	0.8565053980803498	-0.06320470778491538
128	0.9449118589743589	0.9097968514328808	-0.035115007541478116
129	0.9261830765500673	0.8721483832572903	-0.05403469329277699
130	0.9441031864186256	0.8937735353358438	-0.05032965108278176
131	0.9574187304799191	0.8899067435006378	-0.06751198697928129
132	0.9257771401243424	0.8787661406025825	-0.04701099952175991
133	0.9124850119904077	0.8696342925659473	-0.04285071942446039
134	0.9331353074043133	0.8712212630341285	-0.06191404437018477
135	0.9278958158605908	0.8740681203988445	-0.05382769546174626
136	0.9551191993117043	0.920355909868113	-0.034763289443591305
137	0.9221753201069368	0.8690868158153933	-0.05308850429154355
138	0.9542899962532784	0.9105157986761584	-0.04377419757711998
139	0.9182615101289134	0.8647513812154696	-0.053510128913443866
140	0.9411764705882353	0.8881086405854207	-0.053067830002814564
141	0.9481389234813893	0.870042894700429	-0.07809602878096034
142	0.9173642939161669	0.8685091223145849	-0.04885517160158204
143	0.9414089746570565	0.8885685499496241	-0.05284042470743244
144	0.9336960954225711	0.8994800693240901	-0.03421602609848107
145	0.9543946412920996	0.9137035182171028	-0.04069112307499678
146	0.9454653873258524	0.8972868217054264	-0.048178565620425995
147	0.9314565483476133	0.8930555368743863	-0.03840101147322694
148	0.9565210407966591	0.9107613234821715	-0.04575971731448758
149	0.9376595166983437	0.8838582677165354	-0.05380124898180827
150	0.953072650821847	0.8967238549232118	-0.05634879589863517
151	0.9048696401637578	0.8488472312001724	-0.05602240896358546
152	0.9445266848461239	0.9113139295453281	-0.033212755300795815
153	0.9257404623572909	0.8810587900702881	-0.044681672287002816
154	0.9333242784380306	0.8667707979626486	-0.06655348047538201
155	0.9545143501187457	0.919682271330623	-0.03483207878812278
156	0.9198242244339677	0.8742215237762645	-0.04560270065770322
157	0.9579515065073988	0.8968889285077554	-0.06106257799964343
158	0.9166257166257167	0.8880351425805971	-0.028590574045119554
159	0.9300520208083233	0.8854741896758703	-0.04457783113245295
160	0.936957593688363	0.8856139053254438	-0.05134368836291914
161	0.9390090543259557	0.8982017102615694	-0.04080734406438635
162	0.9616402116402116	0.9244156203111427	-0.03722459132906897
163	0.9348408887811823	0.8628962634233525	-0.07194462535782986
164	0.9385814696485623	0.8802555910543131	-0.0583258785942492
165	0.9230616670192511	0.8555241167759678	-0.06753755024328323
166	0.9562470862470862	0.9132400932400933	-0.043006993006992955
167	0.9098420556341349	0.8773691654879774	-0.03247289014615751
168	0.9449217245820664	0.9023648603789619	-0.04255686420310445
169	0.9487527982091462	0.8932454657590571	-0.0555073324500891
170	0.9380361010830325	0.8926931407942238	-0.04534296028880869
171	0.9282534246575342	0.8746461187214611	-0.0536073059360731
172	0.9630590339892665	0.9103501150012778	-0.052708918987988684
173	0.9207070707070707	0.8545117845117846	-0.06619528619528614
174	0.9185432443204464	0.8721768300783845	-0.04636641424206189
175	0.9434564523483812	0.8919478644170846	-0.051508587931296534
176	0.919975102162323	0.8622364753321967	-0.057738626830126316
177	0.9474302569743026	0.9093090690930907	-0.03812118788121188
178	0.893623685584309	0.8699679319859795	-0.0236557535983295
179	0.9383339874411303	0.8705193615907901	-0.06781462585034015
180	0.8960769219596508	0.8650960798268675	-0.030980842132783293
181	0.8677692592056834	0.7776009772248742	-0.09016828198080917
182	0.947515902149242	0.8629753131392384	-0.08454058901000361
183	0.9275310517380038	0.8880988549472152	-0.039432196790788576
184	0.9351976407284768	0.8907155422185431	-0.044482098509933676
185	0.9203336728510463	0.8901122987068243	-0.03022137414422199
186	0.9442298382714708	0.9028838459182564	-0.041345992353214345
187	0.9458842786637236	0.8704893231814688	-0.07539495548225483
188	0.9370940848617703	0.9083054464046267	-0.028788638457143523
189	0.9583978328173375	0.9193908213440175	-0.039007011473319975
190	0.9497790171524781	0.8850626118067979	-0.06471640534568024
191	0.9050560666084738	0.8434835157456523	-0.06157255086282154
192	0.9662273476112027	0.9280615046677649	-0.03816584294343772
193	0.9377712926404591	0.8678176422983545	-0.06995365034210466
194	0.910946303322985	0.862688283316086	-0.04825802000689894
195	0.9208883553421369	0.8917057732183783	-0.02918258212375857
196	0.9378933291378225	0.8839941262848752	-0.05389920285294736
197	0.9221199273167777	0.8782071471835251	-0.043912780133252616
198	0.9259766203018645	0.905359080595837	-0.02061753970602742
199	0.9330041862397341	0.89016713002908	-0.042837056210654145
200	0.9163229308005427	0.8807462686567165	-0.035576662143826265
201	0.9415001489087119	0.8841915675123736	-0.05730858139633832
202	0.9174663831743478	0.8422164119066774	-0.07524997126767041
203	0.9164325336791297	0.868237158706145	-0.04819537497298465
204	0.9290680780406808	0.8963574097135741	-0.03271066832710667
205	0.9684586120297387	0.9179202824676131	-0.05053832956212556
206	0.9320861238722533	0.8710494271323407	-0.06103669673991263
207	0.9117001617001617	0.8576749826749827	-0.054025179025179004
208	0.9430636533028791	0.8629410350423754	-0.08012261826050371
209	0.9433423442157066	0.8745546544673182	-0.06878768974838845
210	0.9155724789915967	0.8745273109243697	-0.04104516806722691
211	0.8753900420567087	0.8131189797856464	-0.06227106227106227
212	0.9269394900973849	0.8504650399387241	-0.07647445015866072
213	0.9274	0.8724	-0.05500000000000005
214	0.9552193261284171	0.8935664335664336	-0.061652892561983474
215	0.9233401007594556	0.8815512444544703	-0.0417888563049853
216	0.941178089733003	0.8895816129920177	-0.05159647674098533
217	0.9453146853146853	0.9016472416472416	-0.043667443667443684
218	0.9257164315722769	0.864106836904734	-0.0616095946675429
219	0.93335316448524	0.8633775284718681	-0.06997563601337187
220	0.9444368675158888	0.9077902948637516	-0.03664657265213722
221	0.9572209572209572	0.9103279103279103	-0.046893046893046963
222	0.891081980982092	0.8435222125566187	-0.04755976842547327
223	0.9504261970007849	0.8854845150718131	-0.06494168192897176
224	0.9472715011930698	0.9053584396721651	-0.04191306152090468
225	0.9344822919016468	0.8902413715316941	-0.04424092036995264
226	0.9715416822119969	0.9431144550843593	-0.028427227127637567
227	0.9573916861826698	0.8995755269320843	-0.057816159250585475
228	0.936504818955963	0.882423086095874	-0.054081732860088993
229	0.9164830251349366	0.852096707227492	-0.06438631790744465
230	0.9500588408355398	0.8671790722761596	-0.08287976855938017
231	0.9216745168101348	0.8585214660819663	-0.06315305072816846
232	0.9460935805682065	0.8906148340923877	-0.05547874647581874
233	0.9086108610861086	0.8381788178817882	-0.0704320432043204
234	0.9089868588384908	0.875568743818002	-0.03341811502048886
235	0.9255972931915482	0.8627606684159647	-0.0628366247755835
236	0.9523751503982698	0.9035775750468329	-0.04879757535143692
237	0.965783289447606	0.9393952263654124	-0.026388063082193658
238	0.8899516517730178	0.8286706482853593	-0.061281003487658525
239	0.9440032277244542	0.8944194342988193	-0.0495837934256349
240	0.9316130525341356	0.8966819023374218	-0.03493115019671378
241	0.9402921571408311	0.8823965079815314	-0.05789564915929979
242	0.9453707212327902	0.8883573323228495	-0.05701338890994068
243	0.9360538373424971	0.8544243986254295	-0.08162943871706763
244	0.9487783845932739	0.9132653061224489	-0.035513078470824966
245	0.9229723853011524	0.8456593824744509	-0.0773130028267015
246	0.942755925068957	0.8967279762605069	-0.04602794880845007
247	0.9521569112988929	0.9080488232684352	-0.04410808803045774
248	0.9396222965207397	0.8912731167067182	-0.04834917981402154
249	0.9531092722590429	0.9001268023582624	-0.05298246990078048
250	0.9428519593613933	0.9084300919206579	-0.03442186744073539
251	0.8845391334329388	0.8168170325249972	-0.06772210090794162
252	0.948970362424013	0.9066069287562315	-0.0423634336677815
253	0.9620394593416176	0.924528558971005	-0.037510900370612554
254	0.9346626643796455	0.8743567753001715	-0.060305889079473984
255	0.9278246025818842	0.8710035918773783	-0.05682101070450585
256	0.9354047877886983	0.8854303019546069	-0.049974485834091364
257	0.9186121570736956	0.8382105074412767	-0.08040164963241891
258	0.9478863279517696	0.8910862608320449	-0.05680006711972474
259	0.9456602149380607	0.8715079290354688	-0.07415228590259193
260	0.9326215837248776	0.8821923199921281	-0.050429263732749474
261	0.9412998648936927	0.899736898243618	-0.04156296665007464
262	0.9387517720184654	0.8875964765608908	-0.05115529545757458
263	0.9437726098191215	0.8895385751199705	-0.054234034699151
264	0.9409254267744834	0.8961622384802977	-0.044763188294185685
265	0.9350104094378904	0.8653712699514227	-0.06963913948646772
266	0.9030902067711883	0.8574755737332425	-0.045614633037945884
267	0.9532851804643157	0.9245024021962938	-0.02878277826802189
268	0.9069816731080913	0.8356813364917093	-0.07130033661638202
269	0.9206425548287803	0.8801782736950109	-0.04046428113376943
270	0.9307136162806265	0.8876785953369164	-0.043035020943710145
271	0.9281093689880723	0.8736292804924971	-0.054480088495575174
272	0.9392038909509791	0.883214585377647	-0.05598930557333215
273	0.9007096955955942	0.8201344262734944	-0.0805752693220998
274	0.942899332306112	0.9043913713405238	-0.03850796096558817
275	0.9254894625264996	0.8657189175707695	-0.05977054495573009
276	0.8996660929938367	0.8429754497447891	-0.0566906432490476
277	0.9200330284552846	0.8783240176151762	-0.04170901084010836
278	0.9259708737864077	0.8647992652847022	-0.061171608501705554
279	0.9345693038628382	0.883701714521793	-0.05086758934104518
280	0.9299329702555509	0.8776590792719825	-0.05227389098356838
281	0.9182567049808429	0.87	-0.04825670498084289
282	0.9142067410905969	0.8450783598110777	-0.06912838127951915
283	0.931425831202046	0.9043018702046036	-0.02712396099744241
284	0.9507650523456868	0.8987509671714381	-0.05201408517424866
285	0.9254760833708202	0.8825036237316939	-0.042972459639126326
286	0.9259350867067909	0.8614615109791959	-0.06447357572759504
287	0.9251725473223844	0.885196236987768	-0.03997631033461646
288	0.9306885544915641	0.8863266236727249	-0.04436193081883921
289	0.9417990966470583	0.8980459871033197	-0.043753109543738566
290	0.9477096101598534	0.8922474252859038	-0.055462184873949605
291	0.9344510928280562	0.9054475193218648	-0.029003573506191316
292	0.9138784075157862	0.8609464038194979	-0.052932003696288255
293	0.9593477306142713	0.9297798399877795	-0.02956789062649179
294	0.9368589044085552	0.8967426887821912	-0.04011621562636403
295	0.9177979355645918	0.8570284641851736	-0.06076947137941813
296	0.9172297297297297	0.8815704491255962	-0.03565928060413348
297	0.919573367808662	0.8870976082740789	-0.03247575953458304
298	0.9430582904000215	0.896501497046368	-0.04655679335365359
299	0.9572623322623323	0.9174305424305425	-0.03983178983178981
300	0.9324685285094679	0.8820612503966995	-0.05040727811276846
301	0.9385995821902293	0.8708187561350079	-0.0677808260552214
302	0.9432118753353351	0.9119986445400379	-0.031213230795297253
303	0.9480272847066119	0.8974239723018888	-0.050603312404723155
304	0.9226323639075317	0.8630686055182699	-0.059563758389261756
305	0.965067322522823	0.9324690483138105	-0.03259827420901251
306	0.9275011687704535	0.8872253389434315	-0.04027582982702205
307	0.9070538028132695	0.8468173437681309	-0.060236459045138635
308	0.940281169559765	0.9124546234571975	-0.027826546102567518
309	0.9170450751252087	0.8613522537562605	-0.055692821368948264
310	0.9124538409528268	0.8628101107817132	-0.049643730171113565
311	0.9252596310250386	0.8755300365638338	-0.04972959446120484
312	0.943341307814992	0.8894471026049974	-0.05389420520999466
313	0.9144835239060163	0.8539947894051237	-0.06048873450089254
314	0.9298151173151173	0.8767263142263142	-0.05308880308880315
315	0.9306127964326735	0.8645924824899218	-0.06602031394275165
316	0.9137817608579621	0.8700768342787633	-0.04370492657919889
317	0.9260338345864662	0.8920465225563909	-0.03398731203007521
318	0.9496564482029598	0.9061940966010733	-0.043462351601886495
319	0.9704886785632127	0.9313812481514345	-0.03910743041177822
320	0.9641080312722103	0.925851040364679	-0.03825699090753132
321	0.9389679509429596	0.8917736896910795	-0.04719426125188009
322	0.9354933990856321	0.8692659372271023	-0.06622746185852979
323	0.9431512791755718	0.8982372981780476	-0.044913980997524194
324	0.9430373663342545	0.8999038808122072	-0.04313348552204732
325	0.9554045237059591	0.8967920835145715	-0.05861244019138756
326	0.9394120458891013	0.8900915050532642	-0.049320540835837146
327	0.9483039882994881	0.9100382516735107	-0.03826573662597743
328	0.9346427850364858	0.8722996163941046	-0.06234316864238121
329	0.916058532158657	0.8442167353575075	-0.07184179680114944
330	0.8568909645444148	0.8041364849409074	-0.05275447960350743
331	0.9572062084257206	0.9030764966740576	-0.05412971175166292
332	0.9509518289944968	0.9096101834737842	-0.04134164552071262
333	0.9245240817138028	0.8589641632287887	-0.06555991848501419
334	0.9102267427259355	0.8366250493308937	-0.07360169339504186
335	0.9291891891891891	0.8715783783783784	-0.057610810810810764
336	0.9143771043771044	0.8555218855218856	-0.05885521885521883
337	0.9238572815085271	0.8718976752784582	-0.0519596062300689
338	0.9371710299492035	0.899728779276898	-0.037442250672305555
339	0.943671723857041	0.9108746563486406	-0.03279706750840039
340	0.9523881636732592	0.9149831904776328	-0.03740497319562641
341	0.9438780315516836	0.8938662585354368	-0.05001177301624682
342	0.9195889894419306	0.8629067011419953	-0.05668228829993527
343	0.9489086816090829	0.90466868943917	-0.04423999216991292
344	0.9582326749088154	0.9091824167495618	-0.04905025815925357
345	0.9404976952784353	0.8993241559735892	-0.04117353930484613
346	0.9235729325067259	0.8469704058954264	-0.07660252661129952
347	0.8847368141780749	0.8296853443701582	-0.05505146980791675
348	0.9193102344928463	0.8806052018101203	-0.03870503268272607
349	0.9084945462029224	0.8471136036221445	-0.061380942580777864
350	0.9383034686832156	0.8839059674502713	-0.05439750123294429
351	0.9183108341986846	0.872049151955694	-0.046261682242990654
352	0.909321951456783	0.8669803978792743	-0.042341553577508684
353	0.9187256637168142	0.8568070796460177	-0.061918584070796534
354	0.9428110825728182	0.8762910541559648	-0.06652002841685345
355	0.950677811336658	0.8826719112172509	-0.0680059001194071
356	0.9386638237384506	0.908137882018479	-0.030525941719971583
357	0.9219805618110702	0.8649549602939434	-0.05702560151712688
358	0.9116392082493777	0.8815100154083205	-0.030129192841057195
359	0.9167986714358712	0.8481476750127747	-0.06865099642309658
360	0.9404428438041883	0.8943355119825708	-0.046107331821617525
361	0.8941169718188601	0.8716753716351948	-0.022441600183665256
362	0.9206734849770837	0.8716898658971313	-0.04898361907995241
363	0.9134208698945774	0.843475790669781	-0.06994507922479642
364	0.9115271512780594	0.8652748393277714	-0.046252311950288005
365	0.9415678301140856	0.9026657630181859	-0.03890206709589972
366	0.8869316470942488	0.812614365459894	-0.0743172816343548
367	0.9338678104310313	0.89384436991135	-0.04002344051968132
368	0.9580525708735507	0.8794390821344017	-0.07861348873914897
369	0.944263590391909	0.8907395701643489	-0.05352402022756009
370	0.9052266557876073	0.8332522634196858	-0.07197439236792147
371	0.9275893385148264	0.8732153417250993	-0.0543739967897271
372	0.930071842294976	0.8790986153578443	-0.05097322693713169
373	0.921739812321928	0.8780876702302847	-0.043652142091643364
374	0.9247353830645161	0.8878276209677419	-0.036907762096774155
375	0.9232346482525068	0.8974786358705718	-0.025756012381935034
376	0.9407037407037407	0.8970362970362971	-0.043667443667443684
377	0.9602887159333179	0.9073488993347204	-0.05293981659859748
378	0.9112021628520092	0.8925962620275059	-0.018605900824503308
379	0.9404002713704206	0.9116802351876979	-0.028720036182722675
380	0.9484035701140965	0.8864671512697828	-0.06193641884431367
381	0.9171443831226633	0.8900361996320693	-0.027108183490594073
382	0.9425681596274691	0.8662594196730341	-0.07630873995443499
383	0.903445327861845	0.8253056339232282	-0.07813969393861675
384	0.9303354463814052	0.8662308505018489	-0.0641045958795563
385	0.9341834061135371	0.8887802037845706	-0.04540320232896655
386	0.9324826717076244	0.8800567107750472	-0.05242596093257723
387	0.9643535646435356	0.9166783321667833	-0.047675232476752316
388	0.9513279069541286	0.9121665645573805	-0.03916134239674807
389	0.9611551759202765	0.9199037353399769	-0.041251440580299614
390	0.9229908457255336	0.8719480134280668	-0.051042832297466756
391	0.9431272452259406	0.8730320791580009	-0.07009516606793975
392	0.9363129166750589	0.8812564200688836	-0.05505649660617529
393	0.9353667392883079	0.9063877199789099	-0.028979019309398057
394	0.9468136152346679	0.9036137351926825	-0.04319988004198538
395	0.9332347196691176	0.9094094669117647	-0.02382525275735292
396	0.9489761999734078	0.9166001861454594	-0.03237601382794841
397	0.9450021511544529	0.8933314211960419	-0.05167072995841093
398	0.9282572987866264	0.8656678853388439	-0.06258941344778257
399	0.9355575495554287	0.8602659270739864	-0.07529162248144228
400	0.9387558170300851	0.8986786197880189	-0.040077197242066265
401	0.9206445763081479	0.8845134114568388	-0.03613116485130907
402	0.927642539800074	0.8654549241021844	-0.062187615697889664
403	0.9331673370363277	0.8518674583413139	-0.08129987869501376
404	0.8881033697632058	0.8458674863387978	-0.04223588342440798
405	0.9250217959895379	0.8769180470793374	-0.04810374891020053
406	0.9577026746838068	0.9109245052641279	-0.04677816941967883
407	0.9405823107200741	0.8947673072470479	-0.04581500347302625
408	0.9477016528296138	0.8877008911569807	-0.06000076167263313
409	0.9468376687180018	0.9062289910534209	-0.04060867766458087
410	0.9180297098729018	0.8731431329436371	-0.04488657692926468
411	0.9058105562078476	0.8551320208612074	-0.05067853534664013
412	0.9326102038638062	0.8875013341872131	-0.04510886967659311
413	0.948868376068376	0.8891213675213675	-0.05974700854700854
414	0.9302033521711829	0.870996956962759	-0.059206395208423857
415	0.9386323336674119	0.8819963765322643	-0.056635957135147685
416	0.9406837219832466	0.8804792671670643	-0.06020445481618231
417	0.9093776172529313	0.8616389237855946	-0.047738693467336724
418	0.9199655953314171	0.8684348053305461	-0.05153079000087102
419	0.9070005109862034	0.8573693382073556	-0.049631172778847765
420	0.9328646264130135	0.8802631060695577	-0.05260152034345578
421	0.9308846761453397	0.8568691123983383	-0.07401556374700136
422	0.9014832356973701	0.8568864514520753	-0.044596784245294785
423	0.9147108338284808	0.8531268568033273	-0.0615839770251535
424	0.9333878269617706	0.8784959758551308	-0.054891851106639744
425	0.942592091007584	0.8936755146262189	-0.04891657638136515
426	0.9405089594127807	0.8838919473229706	-0.05661701208981007
427	0.8928949993764809	0.8220632248410026	-0.07083177453547829
428	0.9468066131577142	0.8965905193112438	-0.05021609384647041
429	0.9277504444536321	0.8850518873775168	-0.04269855707611525
430	0.925235575061314	0.8888989286175294	-0.03633664644378465
431	0.9280147058823529	0.8764093137254902	-0.05160539215686266
432	0.9594174549157266	0.9058120528417161	-0.053605402074010544
433	0.9508290451686678	0.9088310203233017	-0.04199802484536619
434	0.940624330148129	0.8916616839088889	-0.04896264623924007
435	0.9624992893285577	0.924009324009324	-0.038489965319233654
436	0.9431328744515558	0.8850380388841927	-0.05809483556736306
437	0.9451055053149294	0.9115798032682849	-0.03352570204664451
438	0.9275486739230415	0.8621033266901732	-0.06544534723286832
439	0.9442666561310629	0.90615410954394	-0.03811254658712282
440	0.9373662128606901	0.8916110112167137	-0.045755201643976395
441	0.9162083333333333	0.8801388888888889	-0.036069444444444376
442	0.9246296296296296	0.8689197530864198	-0.0557098765432098
443	0.8965466351829988	0.8486816214088941	-0.04786501377410468
444	0.9520559729311234	0.9182055399437977	-0.03385043298732571
445	0.9652635473588342	0.9219034608378871	-0.04336008652094714
446	0.8985131048387097	0.848664314516129	-0.049848790322580716
447	0.9488068664965986	0.8928172831632653	-0.05598958333333337
448	0.9547636829190227	0.8977796744787037	-0.056984008440319034
449	0.9358372456964006	0.8844495544696752	-0.051387691226725374
450	0.9465894465894465	0.922642029784887	-0.023947416804559585
451	0.9254142617762056	0.8518959846087011	-0.07351827716750448
452	0.9343577332298278	0.8909767569295401	-0.0433809763002877
453	0.9408264286381406	0.8903787909111529	-0.05044763772698768
454	0.9131847175642797	0.8687183533898862	-0.044466364174393425
455	0.9327265092382175	0.8741478114810789	-0.05857869775713864
456	0.9542310954524695	0.9044496639916487	-0.04978143146082081
457	0.9529354531528175	0.9019790502215046	-0.05095640293131287
458	0.9227036249720295	0.8443164018796151	-0.07838722309241442
459	0.9136432350718064	0.8570213799805636	-0.056621855091242845
460	0.926907411086827	0.8768502880985496	-0.05005712298827736
461	0.925381292662116	0.8937313353242321	-0.031649957337883894
462	0.9289729238423269	0.8857395713738997	-0.04323335246842719
463	0.9144846764111372	0.8381062544545317	-0.07637842195660549
464	0.9548560546656212	0.9003895796771343	-0.05446647498848689
465	0.9056770833333333	0.8465451388888889	-0.05913194444444436
466	0.9509593381446928	0.9029924309100511	-0.0479669072346417
467	0.9403416048984853	0.8920915243312924	-0.04825008056719293
468	0.9224982137603497	0.8583932248980792	-0.06410498886227045
469	0.8925733136259452	0.8627551785446522	-0.02981813508129294
470	0.9211041569994455	0.8585284697307514	-0.06257568726869411
471	0.9483631759811901	0.8975531612536496	-0.05081001472754054
472	0.9418709580388028	0.8990073695292525	-0.0428635885095503
473	0.9102798821548822	0.8704440235690236	-0.039835858585858586
474	0.936924200655027	0.9050799934026059	-0.0318442072524211
475	0.9087283960587951	0.8552838798255532	-0.05344451623324187
476	0.9191419141914191	0.8830996961082247	-0.03604221808319441
477	0.9646408839779006	0.9095013982675124	-0.05513948571038818
478	0.955875332469481	0.8983950533087818	-0.0574802791606992
479	0.9228828400961738	0.8758051589539613	-0.04707768114221256
480	0.9314198738856273	0.8929115025005436	-0.03850837138508367
481	0.9150924965811581	0.8515696617224953	-0.06352283485866284
482	0.9101882691989701	0.8446956275246261	-0.06549264167434399
483	0.8961337893545912	0.827288450784816	-0.06884533856977515
484	0.9274008702580131	0.8741190169761598	-0.05328185328185331
485	0.9556935817805383	0.8953991258339085	-0.060294455946629855
486	0.9521447866018369	0.9145110750945434	-0.037633711507293444
487	0.8863933236574746	0.8350507982583454	-0.0513425253991292
488	0.9259878419452887	0.8605623100303952	-0.06542553191489353
489	0.9305986230094077	0.8778577810479844	-0.05274084196142326
490	0.9172434853420195	0.8479107288273615	-0.06933275651465798
491	0.9116996119330585	0.8412412078583555	-0.07045840407470294
492	0.9567646956582195	0.9128341502415963	-0.04393054541662322
493	0.9533673393952835	0.8948029866193539	-0.05856435277592964
494	0.9225240153160618	0.8503437157123984	-0.07218029960366334
495	0.9540051679586563	0.9116156023132768	-0.042389565645379546
496	0.9386388677006526	0.8793118060852615	-0.05932706161539114
497	0.9464385026737968	0.8998360071301248	-0.04660249554367202
498	0.9445560524965173	0.887132487719041	-0.057423564777476344
499	0.9663381207171688	0.9282549516568103	-0.03808316906035858
500	0.9445987291127325	0.891064564211187	-0.0535341649015455
501	0.9238930659983292	0.8747145641882484	-0.049178501810080766
502	0.9403036313701556	0.9034050452649781	-0.03689858610517749
503	0.943525053405803	0.8936886509288554	-0.04983640247694754
504	0.9588064516129032	0.9230322580645162	-0.03577419354838707
505	0.9154096421177167	0.8459857372900851	-0.06942390482763161
506	0.9400449968814043	0.9003831417624522	-0.03966185511895215
507	0.948948454513523	0.8881388303477344	-0.06080962416578861
508	0.932860232495269	0.8808191403081914	-0.05204109218707753
509	0.9269367974692064	0.8763209261627516	-0.05061587130645484
510	0.9154665502917455	0.8657162714768301	-0.04975027881491545
511	0.9029803966263962	0.867620241622977	-0.03536015500341916
512	0.9233063088248998	0.8634641071040289	-0.05984220172087096
513	0.9260852269902043	0.8816319427179156	-0.044453284272288784
514	0.9270177076041586	0.8816986855409504	-0.04531902206320815
515	0.9125078454227562	0.857957500224155	-0.05455034519860125
516	0.9145610530027031	0.8374897167704783	-0.07707133623222473
517	0.9511954977231278	0.9036441142575831	-0.04755138346554477
518	0.93709287557868	0.8984903109508787	-0.03860256462780132
519	0.9280060882800609	0.8836703631224179	-0.04433572515764306
520	0.9589906232763376	0.8860590182018754	-0.07293160507446217
521	0.9217617488894084	0.8846446107084405	-0.03711713818096796
522	0.9282091534838788	0.8712232822122932	-0.05698587127158561
523	0.9117798507909517	0.8586465805261835	-0.05313327026476822
524	0.9439920492433957	0.8950211592716081	-0.04897088997178767
525	0.9309422750424449	0.8809316638370119	-0.05001061120543293
526	0.9265234908986258	0.8882473559248867	-0.03827613497373916
527	0.9608263465447154	0.9017879827235772	-0.05903836382113825
528	0.9199732003275516	0.8466835405345046	-0.07328965979304702
529	0.9077899243177127	0.8430395229722498	-0.06475040134546284
530	0.9095132017475694	0.8347061769327738	-0.07480702481479562
531	0.9381503045986307	0.8778909914281093	-0.060259313170521356
532	0.9344729344729344	0.8717948717948718	-0.06267806267806264
533	0.9516839193173405	0.907069473848272	-0.044614445469068564
534	0.8966298172884999	0.8428399611034342	-0.05378985618506571
535	0.9280157761701386	0.8738124291815567	-0.05420334698858198
536	0.9396733151576027	0.876763763332855	-0.06290955182474767
537	0.9224950396825397	0.8513020833333333	-0.0711929563492063
538	0.9332452684082265	0.8847678046780696	-0.04847746373015693
539	0.9438513433542431	0.8857261214344893	-0.05812522191975389
540	0.939675028791748	0.9029592909719093	-0.03671573781983872
541	0.9317886588372525	0.8827708703374778	-0.04901778849977467
542	0.945757071547421	0.9038613804578576	-0.04189569108956337
543	0.915684899485741	0.8791958859280038	-0.03648901355773726
544	0.9521137245358109	0.9061171316908365	-0.04599659284497437
545	0.954512805548697	0.9047720589885749	-0.04974074656012206
546	0.9172638091964357	0.8634152145746847	-0.053848594621750956
547	0.9393346959329364	0.8674575668710566	-0.07187712906187982
548	0.9676308539944903	0.9381245611192135	-0.02950629287527684
549	0.9271316722591085	0.8854025368268247	-0.04172913543228385
550	0.9084796238244515	0.8617868338557994	-0.046692789968652115
551	0.9354819772220265	0.8821768228249384	-0.05330515439708816
552	0.9489618234439361	0.9101487912958893	-0.03881303214804677
553	0.9102089869051521	0.869582182266548	-0.04062680463860402
554	0.9745112795427261	0.944139834076941	-0.030371445465785074
555	0.9499463419186264	0.9086179544606197	-0.04132838745800671
556	0.9038468209095009	0.8496652676124735	-0.05418155329702734
557	0.9172658351675226	0.8505991685008559	-0.06666666666666665
558	0.9146422026168861	0.8613242125900353	-0.05331799002685078
559	0.931881943665133	0.8932639434406913	-0.03861800022444173
560	0.9311060976638272	0.8639200472294847	-0.06718605043434256
561	0.9324504426144414	0.8887080708744266	-0.04374237174001483
562	0.8865497076023392	0.830393551446183	-0.05615615615615621
563	0.9447411191084282	0.8992570234501973	-0.04548409565823086
564	0.9341992271361099	0.8876663804207815	-0.046532846715328424
565	0.9243305805805806	0.8468624874874875	-0.0774680930930931
566	0.9308341752056574	0.8751503343435801	-0.05568384086207723
567	0.9551269137792103	0.9100523771152297	-0.04507453666398065
568	0.9567164179104478	0.8894801852804941	-0.06723623262995371
569	0.924681749622926	0.8919457013574661	-0.03273604826545995
570	0.9235363924050632	0.8583465189873418	-0.06518987341772142
571	0.9463689917631113	0.896152643102909	-0.050216348660202303
572	0.9304110301768991	0.8830319979188346	-0.0473790322580645
573	0.9550951593554453	0.8868030563390937	-0.06829210301635158
574	0.9586538461538462	0.913507326007326	-0.04514652014652021
575	0.915144596651446	0.840384798325723	-0.07475979832572299
576	0.920926517571885	0.8648688414326551	-0.05605767613922996
577	0.913019959374724	0.8587830080367393	-0.054236951337984673
578	0.9332895648685122	0.8588102272312799	-0.07447933763723236
579	0.959370637899958	0.9196628223718982	-0.0397078155280598
580	0.9423672566371681	0.8779590707964602	-0.06440818584070795
581	0.9463189171343678	0.9098602399031583	-0.036458677231209435
582	0.9570125497398224	0.9002020202020202	-0.05681052953780219
583	0.9344524090372924	0.8843480627892206	-0.05010434624807181
584	0.9186040805911853	0.8752367586876945	-0.043367321903490796
585	0.9498873403988984	0.9194692481014771	-0.030418092297421317
586	0.9701759427786825	0.9308788623857117	-0.03929708039297075
587	0.9026272806947654	0.8537068759461397	-0.04892040474862569
588	0.9338605904350452	0.8875223561656563	-0.04633823426938888
589	0.9222013009243409	0.852242382745635	-0.06995891817870592
590	0.9325246818704219	0.8930475359669893	-0.03947714590343265
591	0.9260280074612323	0.8739525042456638	-0.05207550321556842
592	0.957750569730551	0.9055587827874346	-0.052191786943116325
593	0.9263681721324255	0.8818408606621277	-0.04452731147029776
594	0.9186065318818041	0.8597076205287714	-0.05889891135303271
595	0.9127989547236267	0.861358859285349	-0.051440095438277655
596	0.9553830594848759	0.9060903371553909	-0.049292722329485006
597	0.9322975517890773	0.8810381355932203	-0.051259416195856944
598	0.954392065798053	0.8912250197325524	-0.06316704606550061
599	0.9291497431207467	0.8878742233101111	-0.0412755198106356
600	0.9553917179305292	0.8906655192864535	-0.0647261986440757
601	0.9109541642921111	0.856244402833184	-0.05470976145892703
602	0.9596260684999826	0.9058212227003328	-0.053804845799649725
603	0.9360196062323722	0.8997371231413784	-0.0362824830909938
604	0.9454061750599521	0.886671912470024	-0.05873426258992809
605	0.8935715247844828	0.8494746767241379	-0.04409684806034486
606	0.9232196604424184	0.8815785628707519	-0.04164109757166656
607	0.948086483986588	0.9087871430223147	-0.039299340964273344
608	0.9726260359116022	0.9219526933701657	-0.05067334254143652
609	0.9280087382497021	0.8714087117701576	-0.05660002647954454
610	0.9561739368248325	0.906995370279932	-0.04917856654490049
611	0.9240883008488642	0.8800919998103097	-0.04399630103855445
612	0.9592445802693153	0.906169420303696	-0.05307515996561929
613	0.9479272959183673	0.9178252551020408	-0.030102040816326503
614	0.9293301574017446	0.8849261274020666	-0.044404029999678074
615	0.9024699559152123	0.8411337238561105	-0.06133623205910177
616	0.9318262678234216	0.8789238895426804	-0.05290237828074118
617	0.9533801580333626	0.8666374012291483	-0.08674275680421428
618	0.914180164819551	0.8611423699914749	-0.053037794828076135
619	0.9139248401684079	0.8725765372420604	-0.0413483029263475
620	0.9403778903559509	0.9021899557222067	-0.03818793463374415
621	0.9159931161355409	0.8549522283544003	-0.061040887781140585
622	0.9346247355625019	0.887404881437277	-0.04721985412522489
623	0.9188823844847618	0.8342680311019751	-0.08461435338278667
624	0.9514151497357605	0.9079271873165002	-0.04348796241926023
625	0.8880721859974972	0.8239083185141276	-0.06416386748336955
626	0.9137554738872696	0.8735408834255621	-0.0402145904617075
627	0.9390532110091743	0.8899963302752294	-0.049056880733944874
628	0.9258811049855826	0.8611148461894731	-0.06476625879610953
629	0.9222986120119341	0.8527370605785446	-0.06956155143338949
630	0.9066807927209274	0.8398479371806058	-0.06683285554032159
631	0.9499321947288771	0.8959139954010338	-0.05401819932784335
632	0.8995926073131956	0.8477742448330684	-0.05181836248012717
633	0.9436220516634161	0.9031556497214778	-0.04046640194193829
634	0.9247214147286822	0.8429505813953488	-0.08177083333333335
635	0.9488819382848607	0.9056883432146025	-0.04319359507025822
636	0.9286255067650075	0.8586553021052118	-0.06997020465979575
637	0.9183074732397133	0.8967273887852303	-0.021580084454483006
638	0.9229019751503496	0.8732942577159081	-0.04960771743444148
639	0.8985633182713475	0.8269030239833159	-0.07166029428803156
640	0.9366302652106084	0.9002652106084243	-0.03636505460218409
641	0.939101641232364	0.882493521451195	-0.056608119781168975
642	0.952181947405828	0.9034683724235963	-0.04871357498223161
643	0.9366166199197052	0.9018038827476214	-0.034812737172083885
644	0.9413592396805759	0.8871752333820717	-0.05418400629850417
645	0.9407859095662253	0.8746173131921434	-0.0661685963740819
646	0.947727896760022	0.8955473183232656	-0.052180578436756386
647	0.9292236332084529	0.8425533985306282	-0.08667023467782475
648	0.9183094924716875	0.8881094606517306	-0.030200031819956896
649	0.9412484848484849	0.8904121212121212	-0.05083636363636368
650	0.9421770244821093	0.8849114877589453	-0.05726553672316392
651	0.9254613610149942	0.8684159938485198	-0.05704536716647446
652	0.9325854700854701	0.8747195512820513	-0.05786591880341885
653	0.9309995458197953	0.8963071655661531	-0.034692380253642185
654	0.9509316770186336	0.9128824476650563	-0.03804922935357724
655	0.9336516278668098	0.8959744377413426	-0.03767719012546722
656	0.9496377157021642	0.8837234245399943	-0.06591429116216985
657	0.942441637964026	0.8892460773057788	-0.053195560658247265
658	0.9083361813624972	0.8340168603326498	-0.0743193210298474
659	0.928016826923077	0.8700961538461538	-0.05792067307692317
660	0.9282209429824562	0.8672149122807018	-0.061006030701754366
661	0.9612041467304625	0.9059011164274322	-0.0553030303030303
662	0.9026301567285174	0.8447126643847955	-0.0579174923437219
663	0.9238013207005455	0.8612690209589434	-0.06253229974160213
664	0.9003046672981899	0.8408945441511559	-0.05941012314703398
665	0.9520588399175349	0.8929291803644063	-0.059129659553128655
666	0.9517117563300935	0.9067510679130811	-0.044960688417012395
667	0.9597874330161652	0.9257351522258672	-0.034052280790297984
668	0.9524576554697858	0.9151746440829173	-0.037283011386868514
669	0.9439342723004694	0.9113708920187793	-0.032563380281690146
670	0.919884025439581	0.868013468013468	-0.05187055742611302
671	0.9382795623998328	0.9054247090795067	-0.032854853320326116
672	0.9309313868613138	0.8785985401459854	-0.05233284671532845
673	0.9505132627083847	0.9003859735567052	-0.05012728915167941
674	0.9413544540357747	0.871979048805604	-0.06937540523017072
675	0.9244393476044852	0.8765417940876656	-0.04789755351681957
676	0.9360761895435238	0.8822514108041277	-0.05382477873939606
677	0.9350354303023747	0.9115594742251312	-0.02347595607724351
678	0.9289803130988825	0.8970730978869559	-0.03190721521192663
679	0.9156668427903141	0.8632034743611222	-0.05246336842919186
680	0.9368388531883342	0.8872837370242215	-0.04955511616411268
681	0.9438468326575293	0.9190040548239	-0.024842777833629315
682	0.948400266504118	0.9047814807989453	-0.04361878570517275
683	0.9509007306626355	0.8818657092466616	-0.06903502141597384
684	0.9040247678018576	0.8470588235294118	-0.056965944272445834
685	0.9189573324995025	0.8911282299098894	-0.02782910258961313
686	0.9467342342342342	0.9066441441441442	-0.040090090090090014
687	0.9233228289194594	0.8675989333979759	-0.05572389552148349
688	0.937382297551789	0.8977871939736346	-0.039595103578154434
689	0.9278180089239997	0.8522712310730743	-0.07554677785092534
690	0.9497892614989921	0.9072177936595199	-0.04257146783947219
691	0.9535094180785015	0.8898242660212564	-0.06368515205724512
692	0.8971385991058122	0.82123695976155	-0.0759016393442622
693	0.9454530976270107	0.8841376015289059	-0.06131549609810483
694	0.9430195501624073	0.8880002451431023	-0.055019305019305076
695	0.910757464255677	0.8539213624894869	-0.05683610176619014
696	0.9310250946969697	0.8841264204545455	-0.04689867424242422
697	0.9257889546351085	0.8842301528599605	-0.041558801775147924
698	0.93100662915715	0.86679015096652	-0.06421647819063003
699	0.946887602225877	0.9081149886227949	-0.03877261360308204
700	0.9237388392857143	0.8770758928571428	-0.046662946428571495
701	0.9278050108932462	0.8956699346405229	-0.03213507625272327
702	0.9455330210657968	0.9004340682247345	-0.045098952841062356
703	0.9236660389202762	0.8797363465160075	-0.043929692404268694
704	0.9235726027397261	0.8694246575342466	-0.0541479452054795
705	0.9141274238227147	0.8633596662220854	-0.05076775760062935
706	0.927371382636656	0.8747588424437299	-0.05261254019292605
707	0.9328035493653825	0.8820060653712232	-0.05079748399415929
708	0.9483948707268454	0.9126178929517123	-0.03577697777513311
709	0.9432703003337041	0.8800403225806451	-0.06322997775305894
710	0.9546442407634886	0.9184541245393556	-0.03619011622413304
711	0.9027232929671954	0.8255728011825573	-0.07715049178463818
712	0.9303977272727273	0.8702876984126984	-0.06011002886002892
713	0.8730205530780476	0.8162262435656458	-0.05679430951240183
714	0.9528606965174129	0.9191231343283582	-0.03373756218905466
715	0.9396345694241	0.8898311618225272	-0.04980340760157276
716	0.9624287679308312	0.9109648260955001	-0.051463941835331095
717	0.9231048973654437	0.8822665804644146	-0.040838316901029015
718	0.9405524121500893	0.8966770895374231	-0.043875322612666245
719	0.9368466047874939	0.879714215925745	-0.057132388861748984
720	0.9511316113161131	0.8925215252152522	-0.058610086100860936
721	0.9546577251590291	0.8953650425687516	-0.059292682590277535
722	0.9189849882936235	0.8569641463526604	-0.062020841940963134
723	0.9233901277875219	0.8790403407667251	-0.04434978702079684
724	0.9295570600722933	0.877373917034827	-0.052183143037466295
725	0.948287789692148	0.9042891732964372	-0.04399861639571079
726	0.904243198932948	0.8413454858698974	-0.06289771306305059
727	0.9092140921409214	0.8437515978933374	-0.06546249424758399
728	0.9203947187077924	0.8688221836324044	-0.05157253507538806
729	0.964555796672585	0.9055829552179917	-0.05897284145459325
730	0.9664621676891616	0.9371462497526222	-0.029315917936539426
731	0.9366744452271927	0.8763098802395209	-0.06036456498767173
732	0.95625	0.9138888888888889	-0.04236111111111118
733	0.9564896755162242	0.8894446582018725	-0.06704501731435175
734	0.9383362353372434	0.8871540505865103	-0.051182184750733106
735	0.939547594744987	0.8830792532349939	-0.056468341509993025
736	0.9102275568892223	0.8588952793753994	-0.051332277513822855
737	0.9649085068548156	0.9215424769116044	-0.04336602994321115
738	0.936177010943366	0.8988737119578241	-0.037303298985541966
739	0.9258836112596626	0.88372064757645	-0.042162963683212595
740	0.9562394016273842	0.9137538942857518	-0.04248550734163237
741	0.9124141072100438	0.8306699142557278	-0.08174419295431601
742	0.951451167832857	0.9165640090667192	-0.034887158766137794
743	0.8978782287822878	0.833610086100861	-0.06426814268142689
744	0.9409750584654634	0.8802269243249896	-0.06074813414047375
745	0.93569791289661	0.8792827844130776	-0.05641512848353236
746	0.9386969239910417	0.8891516979752274	-0.04954522601581424
747	0.9312279929577465	0.9047535211267606	-0.026474471830985946
748	0.9378638053159408	0.8907006101409636	-0.047163195174977246
749	0.9363779838232393	0.8899782994673505	-0.046399684355888815
750	0.9284038120779656	0.8745869450696806	-0.05381686700828503
751	0.9423838273865492	0.8891720690849706	-0.05321175830157865
752	0.9244734432234433	0.9017971611721611	-0.022676282051282137
753	0.933042337099167	0.848111377382175	-0.08493095971699194
754	0.9217974905164867	0.8292675809746134	-0.09252990954187335
755	0.9389943486451239	0.8822634400811477	-0.05673090856397622
756	0.9318864774624374	0.88519755147468	-0.04668892598775731
757	0.9274744027303754	0.8591401712472307	-0.06833423148314466
758	0.910986634934916	0.8246578920636763	-0.0863287428712397
759	0.9234360655737704	0.8648786885245902	-0.05855737704918029
760	0.9418493041113422	0.9050151975683891	-0.03683410654295305
761	0.9596307050852505	0.9087930906112724	-0.050837614473978054
762	0.9215793956782928	0.899432888012194	-0.022146507666098825
763	0.9281365514242227	0.8777043922591867	-0.05043215916503596
764	0.934651100065503	0.9040188032212075	-0.03063229684429547
765	0.9348611452445318	0.8826370115507496	-0.052224133693782204
766	0.9594143209235958	0.8863990141393177	-0.07301530678427814
767	0.9034783724810679	0.8367346938775511	-0.06674367860351682
768	0.9269806459854791	0.8927225498754444	-0.03425809611003472
769	0.9476059654631083	0.8971350078492936	-0.050470957613814704
770	0.9542210075990821	0.9144613184811061	-0.039759689117976005
771	0.8846090965569107	0.8451100284471765	-0.03949906810973414
772	0.9283853197349811	0.8801707238393012	-0.04821459589567989
773	0.9280474377512171	0.8833026013822746	-0.04474483636894255
774	0.907543352601156	0.8590944123314066	-0.04844894026974944
775	0.9291824955090261	0.8643652266101246	-0.06481726889890149
776	0.9185332467672996	0.8681626359357247	-0.0503706108315749
777	0.9080849141824752	0.8614216350496838	-0.046663279132791335
778	0.9275393200069251	0.8959101865785934	-0.031629133428331624
779	0.9556791331535359	0.9178858683978138	-0.03779326475572209
780	0.9456630543587066	0.9076467772119946	-0.03801627714671196
781	0.9580019343460203	0.929510155316607	-0.028491779029413355
782	0.9259948037741009	0.8895391768084233	-0.03645562696567761
783	0.9711153229783037	0.928678192800789	-0.042437130177514715
784	0.9250565437985206	0.8837337245552906	-0.04132281924323
785	0.9403054549114331	0.8895808172302737	-0.050724637681159424
786	0.9274788533834587	0.879969454887218	-0.047509398496240696
787	0.9565960061443932	0.9092350230414746	-0.047360983102918586
788	0.9243298212856762	0.891170978927714	-0.03315884235796218
789	0.936818654017047	0.874663629422882	-0.062155024594165
790	0.9355806274078151	0.9010044028618602	-0.03457622454595488
791	0.9242509396185324	0.8474305384804525	-0.07682040113807997
792	0.9582960443887596	0.9115548850648189	-0.04674115932394074
793	0.9345901283745144	0.8714184299264459	-0.06317169844806847
794	0.9286222095833926	0.8946137042255342	-0.034008505357858376
795	0.9145161290322581	0.8336228287841191	-0.08089330024813901
796	0.9379020979020979	0.8858232676414495	-0.05207883026064841
797	0.8990747826086957	0.852855652173913	-0.04621913043478265
798	0.9241495253164557	0.8607965783227848	-0.06335294699367089
799	0.9504094078771533	0.8963238331268071	-0.054085574750346255
800	0.9245779361326629	0.8810062934967201	-0.04357164263594282
801	0.953187294158433	0.9030269544115098	-0.05016033974692313
802	0.9386307663161884	0.8712820877143128	-0.06734867860187554
803	0.9008791989520659	0.8254701272174241	-0.07540907173464184
804	0.96748055706276	0.9274009766684753	-0.04007958039428472
805	0.9381053389898343	0.908288641639318	-0.029816697350516286
806	0.9283653459314689	0.8830649332735612	-0.04530041265790774
807	0.9142252998240602	0.8600713444062434	-0.05415395541781676
808	0.942086781358885	0.8865690331010453	-0.05551774825783973
809	0.9066882576657951	0.8476348942239125	-0.05905336344188261
810	0.91083359029705	0.8783662246890739	-0.03246736560797614
811	0.9520168439716312	0.8970892434988179	-0.05492760047281331
812	0.9318284263718536	0.8893027448933596	-0.042525681478494004
813	0.9547556086326026	0.889260428218033	-0.06549518041456959
814	0.9538263749673146	0.9226444696243354	-0.031181905342979155
815	0.9113360881542699	0.849573002754821	-0.06176308539944897
816	0.9224624060150376	0.8571846282372598	-0.06527777777777777
817	0.9358024377534031	0.8887250727640158	-0.047077364989387305
818	0.9441037735849057	0.8936152291105122	-0.05048854447439355
819	0.9044187231564388	0.8246341996069011	-0.07978452354953769
820	0.9391734077703088	0.8969323231172383	-0.042241084653070526
821	0.9557788702525545	0.9072681704260651	-0.04851069982648937
822	0.9607672819399203	0.9277355531427193	-0.033031728797201065
823	0.9449059839167455	0.8858207190160833	-0.05908526490066224
824	0.9673222276538939	0.9271487484175034	-0.040173479236390475
825	0.9064772113507	0.8411788330771255	-0.06529837827357454
826	0.9464969896004378	0.8933671692292382	-0.05312982037119962
827	0.9376163147044074	0.8789101242547501	-0.0587061904496573
828	0.9464763603925067	0.8973882446228566	-0.04908811576965011
829	0.9392793542866393	0.8992460510187562	-0.040033303267883125
830	0.8831893059681339	0.848933297326492	-0.03425600864164191
831	0.9065916900968447	0.8582942830365511	-0.04829740706029362
832	0.9235125527048255	0.8716344696447763	-0.05187808306004915
833	0.9301593005150317	0.8807282309258594	-0.049431069589172316
834	0.9303201506591338	0.8893234825438215	-0.04099666811531222
835	0.9055907172995781	0.8464003164556962	-0.05919040084388183
836	0.9306357662053172	0.8874713730956886	-0.04316439310962861
837	0.952029701150552	0.909830541702915	-0.04219915944763697
838	0.9277428246914841	0.8927500350948838	-0.03499278959660024
839	0.9202731092436974	0.8646008403361345	-0.05567226890756294
840	0.9272936283437311	0.8585784218752018	-0.06871520646852924
841	0.8671054546966955	0.8205648096159045	-0.04654064508079103
842	0.9411319612590799	0.8986834140435835	-0.0424485472154964
843	0.9484674107545153	0.9046975373009436	-0.04376987345357175
844	0.9187312561863819	0.8820783288274313	-0.03665292735895054
845	0.9334002140181915	0.8852059925093633	-0.04819422150882824
846	0.9444606931706604	0.8961706394802265	-0.04829005369043393
847	0.9284746847911741	0.8877068557919622	-0.04076782899921194
848	0.9595421615005458	0.9183565450395316	-0.04118561646101426
849	0.9285698675641418	0.8663621661785917	-0.062207701385550096
850	0.9256213704994193	0.8771428571428571	-0.04847851335656217
851	0.968013362563942	0.9100741204718655	-0.05793924209207646
852	0.9367835051546392	0.8700618556701031	-0.06672164948453607
853	0.9149010989010989	0.8712417582417582	-0.04365934065934074
854	0.9486362910310678	0.9095419694912547	-0.03909432153981318
855	0.8912786210445073	0.8349498327759197	-0.05632878826858756
856	0.9375584804441395	0.8531345518058762	-0.08442392863826331
857	0.8746089306029579	0.8388616325369739	-0.03574729806598398
858	0.9539053564620663	0.906547845977888	-0.047357510484178356
859	0.9513157324316123	0.9033142584644731	-0.04800147396713916
860	0.9216428306092125	0.8619288632986627	-0.05971396731054979
861	0.9254709254709255	0.8757218757218758	-0.0497490497490497
862	0.921558851634883	0.8473693686207708	-0.07418948301411221
863	0.9389342858540882	0.8963399716201008	-0.04259431423398741
864	0.9060830742246672	0.8436445294852375	-0.06243854473942967
865	0.9678039931022796	0.903900401702501	-0.06390359139977864
866	0.9425595170551256	0.8971813085808955	-0.04537820847423013
867	0.9484358458057418	0.8862848483590393	-0.062150997446702494
868	0.9490009875140348	0.9145597445991099	-0.0344412429149249
869	0.9410271949094765	0.8982652829331111	-0.04276191197636536
870	0.9241632653061225	0.8738231292517007	-0.05034013605442178
871	0.9340098262740438	0.8823844235359601	-0.05162540273808369
872	0.9309954751131222	0.8812217194570136	-0.04977375565610864
873	0.89942218798151	0.856307781201849	-0.04311440677966094
874	0.9409511882572228	0.8737767940354148	-0.06717439422180804
875	0.9293829965914143	0.8935681470137825	-0.03581484957763181
876	0.9317793103448276	0.8876689655172414	-0.044110344827586245
877	0.8974408365437534	0.8433544303797469	-0.054086406164006506
878	0.9423663650953212	0.8770611784208948	-0.06530518667442642
879	0.9219476744186047	0.8757994186046512	-0.04614825581395354
880	0.938994193989071	0.8882058287795993	-0.05078836520947172
881	0.9206152319523692	0.8721161002232697	-0.048499131729099476
882	0.9203708407416815	0.8702621849688144	-0.05010865577286716
883	0.9474973324279755	0.9139223009021243	-0.03357503152585117
884	0.931136018237082	0.8762917933130699	-0.054844224924012086
885	0.9493220256609642	0.9173794712286159	-0.03194255443234839
886	0.9364914107235814	0.8930174317993163	-0.04347397892426519
887	0.9282084885271532	0.8532326297880167	-0.07497585873913648
888	0.9309116809116809	0.8685681602348269	-0.062343520676854
889	0.9467981870283476	0.8743249877270496	-0.07247319930129803
890	0.9233931709766507	0.8608304042179262	-0.06256276675872452
891	0.905042270531401	0.8555253623188406	-0.049516908212560384
892	0.9376788553259141	0.886677265500795	-0.051001589825119154
893	0.9535283993115319	0.9113261953193106	-0.0422022039922213
894	0.9255648517489163	0.8686836686203073	-0.056881183128609014
895	0.9346711335977027	0.8758261543370254	-0.05884497926067733
896	0.9280723905723905	0.8672558922558923	-0.06081649831649827
897	0.912786029706945	0.8433503469633538	-0.06943568274359124
898	0.9581759861686155	0.9177851585604441	-0.040390827608171476
899	0.9357811375089993	0.870943124550036	-0.0648380129589633
900	0.9396639945420433	0.8772812553300359	-0.06238273921200743
901	0.9423766197959746	0.9147366969947615	-0.02763992280121319
902	0.9389378478664193	0.8912801484230055	-0.047657699443413803
903	0.9454462229866563	0.9146530917968209	-0.0307931311898354
904	0.9407500435204297	0.8973166546467385	-0.04343338887369119
905	0.9358865341008198	0.888507326007326	-0.04737920809349383
906	0.9343777388255916	0.8675869120654397	-0.06679082676015191
907	0.9355666693127993	0.8889153502156598	-0.04665131909713949
908	0.943335647344672	0.8935265532801111	-0.04980909406456091
909	0.9243909028391787	0.8673985656744277	-0.05699233716475094
910	0.947833499667332	0.8948665169660679	-0.0529669827012641
911	0.9344588271990019	0.8691255978373882	-0.06533322936161368
912	0.9321509009009009	0.8675494691119691	-0.06460143178893185
913	0.9097643986738256	0.8459642637091805	-0.0638001349646451
914	0.936110787850576	0.8894766353162722	-0.04663415253430381
915	0.9265836502678608	0.875792336318652	-0.05079131394920877
916	0.9449275362318841	0.9063031976075454	-0.03862433862433867
917	0.8824540901502504	0.8581469115191986	-0.024307178631051807
918	0.9469414862076326	0.9121225777377197	-0.03481890846991298
919	0.9367343514012418	0.9022822621245176	-0.034452089276724274
920	0.9366174179607015	0.8608347153123272	-0.07578270264837428
921	0.9367633362237852	0.8702829431223303	-0.06648039310145482
922	0.9311317829457364	0.8906821705426357	-0.04044961240310074
923	0.9348960975994768	0.906087564410468	-0.028808533189008778
924	0.9261559696342305	0.8807921719412403	-0.04536379769299026
925	0.9413421046074107	0.9002392165657471	-0.04110288804166362
926	0.90526941362916	0.8620047543581616	-0.04326465927099843
927	0.9391844926330217	0.8902148905967008	-0.04896960203632095
928	0.9179162095168434	0.8569493545721755	-0.060966854944667914
929	0.9421030295116218	0.899908592321755	-0.04219443718986682
930	0.9514648740136833	0.9031204557915564	-0.04834441822212687
931	0.9562274752405006	0.9268849853855103	-0.029342489854990217
932	0.9237936724706953	0.8834357573688403	-0.040357915101855046
933	0.8986005597760895	0.8537251765960282	-0.044875383180061346
934	0.934371638950939	0.8762927111772979	-0.0580789277736411
935	0.9298217716822368	0.8549923805737759	-0.07482939110846087
936	0.9064555135983707	0.8681318681318682	-0.038323645466502576
937	0.9000955054553874	0.8580007524672243	-0.04209475298816312
938	0.90878314123778	0.860905068025917	-0.04787807321186299
939	0.9506180247209889	0.9166206648265931	-0.033997359894395784
940	0.9290188239213727	0.8882725304014659	-0.04074629351990677
941	0.950177565324252	0.892461024150967	-0.05771654117328506
942	0.9184265601217656	0.8601122526636226	-0.05831430745814303
943	0.9203656066991407	0.8521427398609819	-0.06822286683815881
944	0.9559948979591837	0.8943300534499514	-0.061664844509232264
945	0.9300349166611767	0.8663614203834245	-0.0636734962777522
946	0.9262603360896239	0.8608829021072286	-0.06537743398239526
947	0.9268006052995911	0.8822724492095689	-0.04452815609002214
948	0.9119098359483387	0.8800577827996052	-0.03185205314873352
949	0.8981790650722162	0.8325050473676037	-0.06567401770461256
950	0.9489717838354854	0.9151283277538658	-0.03384345608161965
951	0.9441888619854721	0.9094309927360775	-0.03475786924939461
952	0.9271779656566718	0.8885417213674316	-0.038636244289240174
953	0.9344021461420542	0.8795669391926418	-0.05483520694941235
954	0.9252831355571876	0.8528725857781557	-0.07241054977903183
955	0.9346578574799433	0.889032562529495	-0.045625294950448314
956	0.9549515882452863	0.9052375290187419	-0.04971405922654437
957	0.9293298387251057	0.8715348855005643	-0.05779495322454131
958	0.9270495495495495	0.8771396396396396	-0.049909909909909955
959	0.9545551133948924	0.9071881157516517	-0.047366997643240705
960	0.9219149823584448	0.8971829874536416	-0.024731994904803267
961	0.9583438685208596	0.8899968394437421	-0.06834702907711754
962	0.9331208933015551	0.8832677139433522	-0.04985317935820288
963	0.8861054237424224	0.8319181821831466	-0.05418724155927579
964	0.9508578268386754	0.89850474037201	-0.052353086466665366
965	0.9187319884726225	0.8773513230285565	-0.041380665444066045
966	0.9161653185035389	0.8727881698685541	-0.043377148634984763
967	0.950377358490566	0.8887578616352201	-0.06161949685534596
968	0.9212965602161693	0.8853139358560695	-0.0359826243600998
969	0.9563462570708947	0.9083467525496511	-0.047999504521243574
970	0.9143671622010228	0.8658556407146697	-0.04851152148635307
971	0.9152796115899238	0.858879058500629	-0.056400553089294814
972	0.9221378551688981	0.8745539427436881	-0.047583912425209984
973	0.9674335823059463	0.9328973812880583	-0.03453620101788801
974	0.9329288184250016	0.8660044366151236	-0.06692438180987803
975	0.9175059641395986	0.868929261526172	-0.048576702613426614
976	0.9233192431561997	0.8784520933977455	-0.04486714975845418
977	0.9032029800130843	0.8408256452022056	-0.062377334810878704
978	0.8994361628176412	0.8280373831775701	-0.07139877964007102
979	0.9323738929534078	0.8711975356180208	-0.061176357335386955
980	0.9144622597823571	0.8583005325306784	-0.05616172725167867
981	0.927513025797433	0.8763121108145889	-0.05120091498284407
982	0.9365241776565105	0.8934743065029559	-0.04304987115355463
983	0.9269356597600873	0.8901649400218102	-0.03677071973827706
984	0.9046108837014911	0.8359208860370493	-0.06868999766444184
985	0.9507974958316293	0.9152693449103931	-0.03552815092123618
986	0.9326676230745998	0.8765478707339173	-0.05611975234068256
987	0.9075563431479462	0.8647423664122137	-0.042813976735732506
988	0.9250695254328519	0.8772988247959093	-0.047770700636942665
989	0.9413338310314794	0.8711272863008586	-0.07020654473062082
990	0.910757561451547	0.8661756837566488	-0.044581877694898187
991	0.9310422282120395	0.8767719876210442	-0.05427024059099528
992	0.9339466795435484	0.9026609398429359	-0.031285739700612436
993	0.9396934306569343	0.8896642335766424	-0.050029197080291965
994	0.9109020116807268	0.8666125892277742	-0.04428942245295264
995	0.9351153039832285	0.8864779874213836	-0.04863731656184489
996	0.8997499305362601	0.8170602945262573	-0.08268963601000279
997	0.9100219606731907	0.852974811006649	-0.057047149666541785
998	0.9379685157421289	0.8730884557721139	-0.064880059970015
999	0.9345929100116868	0.8843396961433581	-0.050253213868328706
1000	0.9374280620190029	0.8945586675393261	-0.04286939447967675
1001	0.926946469195413	0.8987882445795998	-0.028158224615813188
1002	0.9164794630723576	0.8684028066672214	-0.04807665640513625
1003	0.9297991605121938	0.8915041708729611	-0.038294989639232724
1004	0.9088412959912137	0.833638416010739	-0.0752028799804747
1005	0.9639019696461635	0.924902684025601	-0.03899928562056243
1006	0.948429172510519	0.883015427769986	-0.06541374474053296
1007	0.9330823038303153	0.8633722570090822	-0.06971004682123316
1008	0.9263626834381551	0.8873441465298466	-0.03901853690830848
1009	0.9279518015020439	0.8790759577906645	-0.04887584371137943
1010	0.9221615509776344	0.8739417004495188	-0.048219850528115615
1011	0.9271964633806739	0.8796122250069619	-0.04758423837371195
1012	0.9144366197183098	0.8539384454877412	-0.06049817423056858
1013	0.9347995377813505	0.895096463022508	-0.039703074758842494
1014	0.9402053576550221	0.9018183904089945	-0.03838696724602764
1015	0.9535699235446391	0.9007735837697911	-0.05279633977484799
1016	0.9145331707812658	0.8644595143756985	-0.05007365640556738
1017	0.956425518925519	0.8775946275946276	-0.07883089133089138
1018	0.9474564384744025	0.8809138479797163	-0.06654259049468625
1019	0.9468635742918814	0.896403242147923	-0.0504603321439584
1020	0.9458582007073386	0.8994943633952255	-0.04636383731211313
1021	0.9394068761384335	0.8946379781420765	-0.04476889799635708
1022	0.9324801412180053	0.9025203491222908	-0.02995979209571442
1023	0.9275646701285027	0.8896001340065568	-0.037964536121945947
1024	0.9533718633828996	0.8968256273234201	-0.056546236059479504
1025	0.9200540661193919	0.8768383720641849	-0.04321569405520698
1026	0.8948364943358685	0.8533904560187414	-0.04144603831712712
1027	0.8860347803000133	0.8294172308509226	-0.0566175494490907
1028	0.9385505460271816	0.8645202149875048	-0.07403033103967682
1029	0.9103970448678048	0.8749272951764814	-0.03546974969132344
1030	0.919241592219217	0.8911701226675409	-0.028071469551676054
1031	0.9337466637010676	0.8726228870106761	-0.061123776690391485
1032	0.9162543089069276	0.8536639608584454	-0.06259034804848218
1033	0.8907654746517306	0.8353152376849059	-0.05545023696682472
1034	0.9480025773195876	0.8890979381443299	-0.05890463917525768
1035	0.9159057068690623	0.8545282049254852	-0.06137750194357705
1036	0.9419491525423729	0.8980263157894737	-0.04392283675289921
1037	0.9291711226659783	0.8821034775233249	-0.04706764514265349
1038	0.942719524423435	0.8873370577281192	-0.05538246669531577
1039	0.9499976251543649	0.9110857794243374	-0.03891184573002748
1040	0.9238593847432967	0.8743244647682394	-0.04953491997505721
1041	0.9214531231480384	0.8634822804314329	-0.057970842716605464
1042	0.9253532182103611	0.8705945839874412	-0.05475863422291993
1043	0.9177880540645027	0.8822803443712548	-0.0355077096932479
1044	0.9361632880788544	0.8653369288946748	-0.07082635918417957
1045	0.9098687579162961	0.854111084162018	-0.05575767375427809
1046	0.9330879892940783	0.8789059886249582	-0.054182000669120156
1047	0.933528384095645	0.8904839083121093	-0.04304447578353565
1048	0.9255717920041294	0.8737817542738456	-0.05179003773028379
1049	0.9197561377492174	0.840019265624802	-0.07973687212441538
1050	0.9350678479309185	0.8913872378602669	-0.043680610070651604
1051	0.9502476753280612	0.8976854668172997	-0.05256220851076154
1052	0.9108044912094941	0.8731277435863499	-0.03767674762314421
1053	0.9472864157119476	0.9035024549918167	-0.04378396072013091
1054	0.9296513140775435	0.8819802237835025	-0.04767109029404104
1055	0.8809779977405993	0.8452444994351498	-0.035733498305449474
1056	0.9148570394498733	0.8406261310170104	-0.07423090843286284
1057	0.9236202000246944	0.8680577849117175	-0.05556241511297688
1058	0.9391518838505188	0.9062803537651449	-0.03287153008537391
1059	0.9552200350407091	0.9201664433680306	-0.03505359167267852
1060	0.962193711800011	0.9050272562083586	-0.057166455591652454
1061	0.9479296496330148	0.9015198725938236	-0.04640977703919125
1062	0.9564039752245523	0.9135149668399355	-0.042889008384616845
1063	0.8795804720410872	0.8189451208956086	-0.06063535114547869
1064	0.9366095258328797	0.8864043765187024	-0.0502051493141773
1065	0.9348096480745312	0.8783381703777773	-0.05647147769675387
1066	0.9214702652719181	0.8478645321620528	-0.07360573310986529
1067	0.950164444779192	0.8987053634940959	-0.05145908128509613
1068	0.9080843736547568	0.8460094705122686	-0.0620749031424882
1069	0.9208234520416907	0.8814245002889655	-0.03939895175272523
1070	0.9257276507276507	0.861018711018711	-0.06470893970893976
1071	0.953733257338273	0.9092476489028213	-0.044485608435451685
1072	0.9224052171990715	0.888076552606231	-0.03432866459284056
1073	0.9424297676931388	0.8958896092202413	-0.0465401584728975
1074	0.922248214725437	0.8828798325535583	-0.03936838217187877
1075	0.9672028175965184	0.9284608654687395	-0.03874195212777887
1076	0.9544184010237758	0.9046103589950831	-0.04980804202869271
1077	0.9499113718180655	0.8965699979898762	-0.053341373828189265
1078	0.9296399802728916	0.8847255818322726	-0.04491439844061906
1079	0.96849767944561	0.9254137792188526	-0.043083900226757454
1080	0.9152717420462471	0.8378266001394925	-0.07744514190675456
1081	0.9411428571428572	0.9173587301587302	-0.02378412698412702
1082	0.9371277922933879	0.8855542216886755	-0.05157357060471246
1083	0.9282664112097939	0.8798324376106123	-0.04843397359918167
1084	0.9630224234129908	0.8799084114117276	-0.08311401200126323
1085	0.9559326888650197	0.9082563551736484	-0.04767633369137125
1086	0.9186666666666666	0.8700848484848485	-0.04858181818181817
1087	0.9333480423620025	0.8900834403080873	-0.043264602053915246
1088	0.9321106040007768	0.8945669061953777	-0.03754369780539912
1089	0.9295842217484008	0.8740831556503198	-0.05550106609808103
1090	0.9215859030837005	0.8659324522760646	-0.05565345080763584
1091	0.9557058326289095	0.9164976049591435	-0.03920822766976606
1092	0.9233444291088198	0.8496522421585343	-0.07369218695028545
1093	0.9353798025222407	0.9002346270407664	-0.03514517548147433
1094	0.9397099844121749	0.8947821806546886	-0.044927803757486284
1095	0.9065046637211586	0.8524054982817869	-0.054099165439371655
1096	0.9223022124115788	0.8725480359203331	-0.049754176491245694
1097	0.9030994304218348	0.858183710642727	-0.0449157197791078
1098	0.9292680047225502	0.8833766233766234	-0.04589138134592685
1099	0.9600507636237418	0.9302325581395349	-0.029818205484206883
1100	0.9050052281650127	0.8514806557894529	-0.053524572375559853
1101	0.9224130945628393	0.8693109688571968	-0.05310212570564243
1102	0.9414778304973822	0.8922815772251309	-0.0491962532722513
1103	0.9045502645502645	0.8163809523809524	-0.08816931216931212
1104	0.9387762237762238	0.9081468531468532	-0.030629370629370656
1105	0.9219798657718121	0.8643176733780761	-0.057662192393736045
1106	0.9407277992121844	0.8957317221130281	-0.04499607709915632
1107	0.9259959795321637	0.8797331871345029	-0.046262792397660846
1108	0.9286598154362417	0.8693687080536913	-0.05929110738255039
1109	0.9408272313477142	0.891685632297645	-0.04914159905006921
1110	0.959802554397149	0.913318724129535	-0.046483830267614046
1111	0.9255583431719795	0.8807064147973239	-0.04485192837465557
1112	0.9302966101694915	0.8594147245762712	-0.07088188559322028
1113	0.9135076252723312	0.8719265483971367	-0.04158107687519452
1114	0.8696438746438746	0.8001994301994302	-0.06944444444444442
1115	0.9428058676654182	0.8880045776113192	-0.05480129005409895
1116	0.939120476408612	0.8666972056802565	-0.07242327072835542
1117	0.9194796291459911	0.8617948550535388	-0.05768477409245232
1118	0.8957757907713434	0.8288313593308678	-0.06694443144047557
1119	0.9139144990302096	0.8593936817493424	-0.05452081728086722
1120	0.9497951868919611	0.8882744495647722	-0.06152073732718888
1121	0.9364561984912572	0.8989883573889156	-0.03746784110234158
1122	0.9503508671839342	0.9125399361022364	-0.03781093108169786
1123	0.9367510056611106	0.8758546806566468	-0.060896325004463736
1124	0.9375140323304895	0.8933823529411765	-0.04413167938931295
1125	0.9185105621195847	0.8603293949158611	-0.05818116720372357
1126	0.9232456660421656	0.8846965636635283	-0.03854910237863729
1127	0.9119968008531059	0.8444281524926687	-0.06756864836043719
1128	0.955149905963049	0.9164509348379245	-0.03869897112512455
1129	0.9300741334401923	0.8598108173659956	-0.07026331607419667
1130	0.9459017393957888	0.8967836435764419	-0.049118095819346896
1131	0.9448508069197724	0.922167073029142	-0.022683733890630386
1132	0.8931330472103004	0.8456366237482117	-0.04749642346208871
1133	0.9250886165002571	0.8823903455367048	-0.042698270963552276
1134	0.9219386024423338	0.8720212856173677	-0.04991731682496614
1135	0.938285986975073	0.8982287222097463	-0.04005726476532678
1136	0.9258198822220277	0.8751453470199172	-0.050674535202110516
1137	0.9445929556199104	0.8795450607658226	-0.0650478948540878
1138	0.9205236611778668	0.9058497750086535	-0.01467388616921328
1139	0.9234150349171574	0.8697384636450773	-0.05367657127208003
1140	0.9417228915662651	0.8731566265060241	-0.068566265060241
1141	0.9239737840634702	0.8803150511670691	-0.0436587328964011
1142	0.9468891452915594	0.8913286589154167	-0.05556048637614275
1143	0.9300405671822869	0.8756160903851987	-0.05442447679708817
1144	0.9481437598736177	0.8995392311743022	-0.04860452869931542
1145	0.9321331553018095	0.8784359316727289	-0.05369722362908058
1146	0.9332240946468032	0.8945596127538672	-0.03866448189293603
1147	0.8954964656025843	0.8586588394671484	-0.03683762613543595
1148	0.9218793208340247	0.8790028206404513	-0.042876500193573364
1149	0.9226540303804219	0.8743448516364606	-0.048309178743961345
1150	0.9530704868936984	0.9058733932302119	-0.04719709366348657
1151	0.9419875025196532	0.9018477457501848	-0.04013975676946846
1152	0.9057938965059709	0.863712048286807	-0.04208184821916383
1153	0.9424709937783756	0.894537161594081	-0.04793383218429459
1154	0.9277724223802064	0.8798951680925413	-0.047877254287665094
1155	0.9319945169747541	0.8761927576156825	-0.05580175935907161
1156	0.9508517940717629	0.9197379095163807	-0.03111388455538222
1157	0.9233982157339822	0.8650310894836443	-0.05836712625033791
1158	0.9319079175229167	0.8718857512295366	-0.060022166293380086
1159	0.9463011504295908	0.8920804815300228	-0.054220668899568
1160	0.9242703275852447	0.8829361757538553	-0.04133415183138944
1161	0.9439689188368846	0.8981515206701876	-0.045817398166697054
1162	0.8995029947750732	0.8583662546195998	-0.04113674015547342
1163	0.9399862396797598	0.8873217413059795	-0.05266449837378029
1164	0.9391855006005022	0.8882216641797382	-0.050963836420763964
1165	0.9520605550883096	0.9087802208071342	-0.04328033428117539
1166	0.9207503271775483	0.8389850225388977	-0.08176530463865062
1167	0.9191687146062614	0.8515733518538305	-0.06759536275243083
1168	0.9452906991628478	0.9017434269475948	-0.04354727221525301
1169	0.9564682086008267	0.887608829478498	-0.06885937912232876
1170	0.9353963515001532	0.8710424447446391	-0.06435390675551411
1171	0.9385345571507021	0.8844826233623597	-0.05405193378834239
1172	0.930822040628122	0.8752465609549914	-0.05557547967313059
1173	0.9295850167090628	0.8696817796398822	-0.05990323706918055
1174	0.9285849056603773	0.8838443396226415	-0.044740566037735796
1175	0.9178700956149027	0.886240246180899	-0.03162984943400371
1176	0.9269887021643461	0.8922973981521991	-0.03469130401214704
1177	0.8935185185185185	0.8145171957671957	-0.07900132275132277
1178	0.915752741774676	0.8684090585386697	-0.04734368323600635
1179	0.9299159432272289	0.8910431307702907	-0.03887281245693819
1180	0.9018568299482278	0.8527603544404619	-0.04909647550776586
1181	0.9266699567451447	0.8744447992568294	-0.052225157488315355
1182	0.9438403365104936	0.9016422786056294	-0.042198057904864195
1183	0.9154228855721394	0.8634780642243329	-0.051944821347806425
1184	0.9214731889348584	0.847272923933912	-0.07420026500094645
1185	0.9299853948994495	0.8916189192225593	-0.03836647567689022
1186	0.964915280806008	0.9512205549142833	-0.013694725891724713
1187	0.913173997055576	0.8711584468163416	-0.04201555023923442
1188	0.9436788418937716	0.9049508010921642	-0.03872804080160741
1189	0.9328268050967438	0.8501462954223691	-0.08268050967437468
1190	0.9389176663031625	0.8677480916030534	-0.0711695747001091
1191	0.9384109236060784	0.8957564045047222	-0.0426545191013562
1192	0.9700931700931701	0.9223993223993224	-0.04769384769384766
1193	0.9210280373831776	0.8711214953271028	-0.04990654205607481
1194	0.9336341624477218	0.888895003301783	-0.044739159145938845
1195	0.9246373796219237	0.8369694447746998	-0.0876679348472239
1196	0.9451476793248945	0.8960639230314519	-0.04908375629344264
1197	0.9193147964250248	0.8521874655191438	-0.06712733090588097
1198	0.9818186819232039	0.9500678475813255	-0.03175083434187842
1199	0.9602034976152624	0.9244515103338633	-0.035751987281399056
1200	0.9379273504273504	0.8697248931623932	-0.06820245726495722
1201	0.927246106748303	0.858365499800346	-0.06888060694795695
1202	0.9283199195171026	0.8754290448573796	-0.052890874659722975
1203	0.9475519047014156	0.8853368336367871	-0.062215071064628535
1204	0.9468357487922705	0.8910386473429952	-0.0557971014492753
1205	0.9512744627526263	0.8928704740574841	-0.058403988695142184
1206	0.914722445695897	0.858623677207748	-0.05609876848814899
1207	0.9396334134615385	0.8851762820512821	-0.05445713141025643
1208	0.9269621442634688	0.8710511007696439	-0.05591104349382492
1209	0.9458687032147555	0.8980401063698908	-0.047828596844864624
1210	0.947403192751591	0.8913817279689354	-0.05602146478265557
1211	0.9135159523042217	0.8594392523364486	-0.05407669996777309
1212	0.9207891949152542	0.8686837923728814	-0.052105402542372836
1213	0.9457100462599284	0.9052253353117453	-0.04048471094818307
1214	0.9474886461937716	0.903357482698962	-0.04413116349480961
1215	0.9126567630120028	0.8805909898272243	-0.032065773184778545
1216	0.928831326344971	0.8804253660226977	-0.04840596032227329
1217	0.9321190241767859	0.8712394705174489	-0.06087955365933706
1218	0.9301291423001949	0.8711318226120858	-0.05899731968810917
1219	0.9420255030116622	0.8991894143278226	-0.04283608868383959
1220	0.9407215897233752	0.9107055904653697	-0.030015999258005466
1221	0.9483397055724478	0.8976427732787429	-0.05069693229370498
1222	0.9383016364440513	0.9054898275099513	-0.03281180893409996
1223	0.9416431140801644	0.8603545734840699	-0.08128854059609458
1224	0.9301728757156152	0.8857553794523252	-0.04441749626329006
1225	0.9248877753418937	0.8529726485019313	-0.07191512683996237
1226	0.9021973764321691	0.8500581170089113	-0.05213925942325781
1227	0.9351963063767892	0.886932375400822	-0.04826393097596715
1228	0.9125444932998324	0.8756412269681743	-0.03690326633165819
1229	0.9222909418889318	0.868199974230125	-0.05409096765880683
1230	0.8978819565159254	0.86414569571845	-0.03373626079747538
1231	0.924780701754386	0.8740679824561404	-0.05071271929824561
1232	0.9334345128737652	0.8775860691748543	-0.055848443698910955
1233	0.9605627986549466	0.9237065659843077	-0.03685623267063898
1234	0.9452829429284392	0.9170691459389841	-0.02821379698945503
1235	0.9262946495693452	0.8660674012500805	-0.060227248319264626
1236	0.9061172529313233	0.8463249581239531	-0.05979229480737014
1237	0.8986486486486487	0.8338540153056282	-0.06479463334302049
1238	0.9465605711311074	0.9059120993530155	-0.04064847177809183
1239	0.9600746188648498	0.9196989514762957	-0.04037566738855414
1240	0.8835991019515284	0.8133383224915088	-0.07026077946001952
1241	0.9212397179788484	0.8774236192714454	-0.043816098707402995
1242	0.9241088167085584	0.8864340170251767	-0.03767479968338172
1243	0.9060571189454963	0.8445742979690045	-0.061482820976491825
1244	0.8936925903245561	0.8528107777097367	-0.04088181261481938
1245	0.9439754935330157	0.9172452915815748	-0.026730201951440935
1246	0.9429207702659251	0.8801490990937347	-0.0627716711721904
1247	0.9337921806966618	0.8811683599419449	-0.05262382075471694
1248	0.9388653460793009	0.8765699768951962	-0.06229536918410472
1249	0.942117546677374	0.898815498895804	-0.043302047781569986
1250	0.934827098761525	0.887672215541068	-0.04715488322045702
1251	0.9071940882416866	0.8505449125966404	-0.056649175645046124
1252	0.9088802723661812	0.817169472290524	-0.09171080007565724
1253	0.9657248298927459	0.9239880059970015	-0.0417368238957444
1254	0.9440991314048928	0.881424814726273	-0.06267431667861978
1255	0.947607035724025	0.8727842923370602	-0.07482274338696482
1256	0.9389119223379513	0.8911113358276873	-0.047800586510263976
1257	0.941288299632126	0.8744413994025134	-0.0668469002296126
1258	0.9214271692186886	0.869196603847664	-0.05223056537102466
1259	0.9137631712198298	0.8536156053335905	-0.06014756588623926
1260	0.9365128558310376	0.8812098255280073	-0.0553030303030303
1261	0.9070112359550562	0.8484494382022472	-0.05856179775280901
1262	0.9241265527950311	0.8680900621118013	-0.0560364906832298
1263	0.9437317964925327	0.885232695048646	-0.0584991014438867
1264	0.901920792079208	0.8345742574257425	-0.0673465346534654
1265	0.9360583883699253	0.8830249300886536	-0.053033458281271706
1266	0.9266459770704558	0.8859934853420195	-0.040652491728436324
1267	0.9057760301358094	0.8319399927303969	-0.07383603740541256
1268	0.900468915443957	0.8440629254273181	-0.05640599001663893
1269	0.8811416099262176	0.8220682783326612	-0.05907333159355643
1270	0.90066761731916	0.8318965517241379	-0.06877106559502211
1271	0.9501351822780394	0.9092534449677306	-0.04088173731030875
1272	0.9367761452031115	0.9024632670700087	-0.0343128781331028
1273	0.9248070437837762	0.8830692384755401	-0.04173780530823612
1274	0.8918302918302918	0.8361592361592362	-0.05567105567105568
1275	0.933101401566163	0.8833607661229986	-0.049740635443164316
1276	0.9323305740628576	0.8822374767256657	-0.050093097337191916
1277	0.937817405355494	0.8806988688827332	-0.05711853647276077
1278	0.9144255210981189	0.8552364006100661	-0.059189120488052804
1279	0.9520071138211382	0.8937245934959349	-0.05828252032520331
1280	0.9492422764227643	0.8951544715447155	-0.05408780487804876
1281	0.9686592129588872	0.9283534348680929	-0.040305778090794386
1282	0.9512234625735074	0.8937506229442839	-0.05747283962922356
1283	0.9633980421436867	0.9247386759581881	-0.03865936618549859
1284	0.9252859426884762	0.8899376870413643	-0.03534825564711186
1285	0.9392513986101704	0.9059607134793407	-0.03329068513082967
1286	0.9057581191472405	0.8419886783165149	-0.06376944083072555
1287	0.9618362386723969	0.92251356093164	-0.03932267774075682
1288	0.9767500791891036	0.9465790307253722	-0.03017104846373142
1289	0.9142924667651403	0.8719763663220088	-0.0423161004431315
1290	0.9310308644751241	0.8776813419076315	-0.05334952256749259
1291	0.9365034761250572	0.8958203238832688	-0.04068315224178842
1292	0.9001964049357414	0.8131591306946757	-0.08703727424106567
1293	0.9211229946524064	0.8412972227013973	-0.07982577195100915
1294	0.9365585064610552	0.8699846505318769	-0.0665738559291783
1295	0.8934045881126174	0.8496220020855058	-0.0437825860271116
1296	0.9264658273381295	0.8853597122302158	-0.04110611510791373
1297	0.924612831858407	0.8815486725663717	-0.04306415929203533
1298	0.9141493055555555	0.8712962962962963	-0.04285300925925917
1299	0.9214599888216568	0.8721537751208962	-0.049306213700760604
1300	0.9192566371681415	0.8711150442477876	-0.048141592920353915
1301	0.9316656243485512	0.8928358001528733	-0.03882982419567782
1302	0.8930296250106983	0.8352712467446722	-0.057758378266026034
1303	0.9580334813453785	0.9301408666360435	-0.027892614709335017
1304	0.9499350220498946	0.91343019663819	-0.03650482541170452
1305	0.9291677387997828	0.8776624639048518	-0.05150527489493095
1306	0.9517849675681458	0.9098034639359727	-0.04198150363217312
1307	0.9271868490533495	0.8562311764471746	-0.07095567260617486
1308	0.9420150704910063	0.885549343704424	-0.05646572678658235
1309	0.9051958166444147	0.8568090787716955	-0.04838673787271919
1310	0.8942871213986703	0.8252031519330214	-0.06908396946564888
1311	0.9554955595026643	0.8912397868561279	-0.06425577264653637
1312	0.9506898313745529	0.9219008686765457	-0.028788962698007126
1313	0.9305522064142754	0.8886785628164938	-0.04187364359778156
1314	0.9245970357802286	0.8631293976745347	-0.06146763810569389
1315	0.9128965340419085	0.8698692399132928	-0.04302729412861572
1316	0.9156769887618393	0.853597192913579	-0.06207979584826029
1317	0.9409877319911922	0.8733878578169235	-0.06759987417426871
1318	0.9130723674707497	0.8612884587606529	-0.05178390871009686
1319	0.9317578972751387	0.8790220274478145	-0.052735869827324144
1320	0.9535845746327704	0.9065069317829991	-0.04707764284977123
1321	0.9347050681431005	0.890132559625213	-0.04457250851788752
1322	0.9167693993562085	0.8351482775152387	-0.08162112184096981
1323	0.9053113390559028	0.86136504837135	-0.0439462906845528
1324	0.9252318041330828	0.8738864311253863	-0.05134537300769648
1325	0.9585611089418196	0.9055870102824417	-0.052974098659377855
1326	0.9365656253221981	0.8867151252706464	-0.04985050005155167
1327	0.9483901515151515	0.9037555432372506	-0.04463460827790089
1328	0.962118140037848	0.9122904839145715	-0.049827656123276554
1329	0.9298203336278684	0.8924947117573031	-0.03732562187056532
1330	0.9420279720279721	0.8736083916083917	-0.0684195804195804
1331	0.9147078888613247	0.8645652443562392	-0.05014264450508554
1332	0.9496236247828604	0.8997348611830677	-0.049888763599792774
1333	0.922061191626409	0.8468388993908843	-0.07522229223552468
1334	0.9387848957168071	0.84046784497974	-0.09831705073706709
1335	0.9368615637409284	0.8961659591948514	-0.04069560454607701
1336	0.9224763979665941	0.8579269314563432	-0.06454946651025084
1337	0.9150198758829754	0.8678754254010924	-0.04714445048188298
1338	0.9123626373626373	0.8572039072039072	-0.055158730158730185
1339	0.9174872516265166	0.8683547271555009	-0.04913252447101568
1340	0.9142403922416901	0.8120124017593193	-0.10222799048237075
1341	0.9283513963214463	0.8868102711696721	-0.041541125151774105
1342	0.9354074799934673	0.8783684468397844	-0.05703903315368286
1343	0.9214456017066132	0.8711883548751411	-0.050257246831472036
1344	0.940148958454556	0.8819387873850809	-0.058210171069475125
1345	0.941424488274246	0.9067176765076603	-0.03470681176658563
1346	0.95109243697479	0.905406162464986	-0.045686274509804004
1347	0.9175968030866749	0.8565522943365027	-0.0610445087501722
1348	0.9368974049560586	0.8648236857181165	-0.07207371923794204
1349	0.942448717948718	0.9157820512820513	-0.026666666666666727
1350	0.9569340724790397	0.9239817657030284	-0.03295230677601135
1351	0.9026201923076923	0.8667067307692308	-0.03591346153846153
1352	0.9557477908184259	0.9123381076473931	-0.043409683171032776
1353	0.9183762146788508	0.8706317646749006	-0.04774445000395022
1354	0.9445318745003997	0.8991931454836131	-0.045338729016786594
1355	0.9627949183303085	0.9077910292973814	-0.05500388903292708
1356	0.9277420841856578	0.881500475381025	-0.046241608804632794
1357	0.9396548156119366	0.8954927362278051	-0.044162079384131525
1358	0.9335345286703355	0.8892715545298538	-0.04426297414048164
1359	0.9255202007015473	0.8428329795325289	-0.08268722116901839
1360	0.9654872475305912	0.9369453044375645	-0.02854194309302671
1361	0.9444431856802991	0.901620029455081	-0.04282315622521804
1362	0.9329971346704871	0.8578223495702005	-0.07517478510028652
1363	0.9359351086623814	0.8840679522497704	-0.05186715641261097
1364	0.9344424638542286	0.9105534987887929	-0.023888965065435697
1365	0.9309734274051847	0.8669342848647041	-0.0640391425404806
1366	0.9138730868210755	0.8580522822700799	-0.055820804550995584
1367	0.9670407340814682	0.9225370450740902	-0.044503689007378
1368	0.9339189286485708	0.8665994672042624	-0.06731946144430845
1369	0.9336530573610147	0.8741212847857639	-0.059531772575250774
1370	0.9191530477951588	0.8483015976144068	-0.07085145018075201
1371	0.9378427340383862	0.8930547395221309	-0.04478799451625537
1372	0.9379046127602455	0.9047525832296313	-0.033152029530614247
1373	0.9435476516187871	0.8709758321933424	-0.07257181942544466
1374	0.9342925921873291	0.8919648393332604	-0.042327752854068645
1375	0.943541912977478	0.8723416677613813	-0.07120024521609669
1376	0.9339672711189739	0.8742149491375497	-0.05975232198142422
1377	0.9364347270986275	0.8814075965528247	-0.05502713054580277
1378	0.9209513484211953	0.8905271717034828	-0.03042417671771247
1379	0.9241645781119465	0.8803884711779448	-0.04377610693400169
1380	0.9034363085345586	0.8355288884543943	-0.06790742008016426
1381	0.9328467153284672	0.8856870834655665	-0.04715963186290073
1382	0.9151438744267882	0.8801208074146936	-0.03502306701209468
1383	0.9498187092095721	0.9071428571428571	-0.04267585206671498
1384	0.9470967741935484	0.8955960729312763	-0.05150070126227213
1385	0.9135831260364843	0.8625233208955224	-0.05105980514096187
1386	0.9136749662227369	0.842501447596989	-0.07117351862574794
1387	0.9294380504533527	0.8666181704814112	-0.0628198799719415
1388	0.9407707714174958	0.8896982814317095	-0.051072489985786285
1389	0.9364741641337386	0.8980074299223235	-0.03846673421141511
1390	0.9209184050621683	0.874318070935407	-0.046600334126761234
1391	0.9246720220553285	0.8730630288050195	-0.05160899325030899
1392	0.9288181558664003	0.8819868683985156	-0.046831287467884675
1393	0.9083333333333333	0.8547204641350211	-0.05361286919831221
1394	0.9449933431434377	0.9116389881578025	-0.033354354985635215
1395	0.9200972368131733	0.8761696513644914	-0.043927585448681916
1396	0.9478945974576272	0.8963056144067797	-0.05158898305084747
1397	0.9099894229639206	0.8564461158773063	-0.053543307086614256
1398	0.9251418531639736	0.890722659062761	-0.034419194101212525
1399	0.9146219625772585	0.8158157649648633	-0.09880619761239517
1400	0.9492453449265852	0.8985727175785415	-0.050672627348043675
1401	0.9285400947534656	0.8831154588524303	-0.04542463590103529
1402	0.9092105580912362	0.8539930932888985	-0.05521746480233769
1403	0.930903112421339	0.9030330517603039	-0.027870060661035145
1404	0.9399788364095155	0.8678293075028998	-0.07214952890661575
1405	0.9322015334063527	0.8420226359985397	-0.09017889740781304
1406	0.9276053650597677	0.8679125278261032	-0.059692837233664475
1407	0.9294498847926267	0.8744383640552995	-0.05501152073732718
1408	0.9532531066451252	0.9101451025985595	-0.04310800404656567
1409	0.9385731022502323	0.8840039591160668	-0.0545691431341655
1410	0.9483940199497598	0.9092017657244592	-0.03919225422530059
1411	0.8841080078326291	0.8180846130062868	-0.06602339482634234
1412	0.908204806104171	0.8484076581292018	-0.059797147974969156
1413	0.9676518269110862	0.9220351664796109	-0.045616660431475275
1414	0.955762861558843	0.906436299403842	-0.049326562155001086
1415	0.9518788861854556	0.9197912117620147	-0.03208767442344085
1416	0.9330827067669173	0.8864661654135338	-0.046616541353383445
1417	0.9146432974218792	0.8755694913437315	-0.0390738060781477
1418	0.9421683050609124	0.8901530162220205	-0.05201528883889195
1419	0.8834809070743735	0.8394104383215091	-0.04407046875286447
1420	0.9478117823706059	0.8915717187776011	-0.05624006359300482
1421	0.9017778338166688	0.8590719959651999	-0.042705837851468864
1422	0.9346421368893278	0.8981630105225611	-0.036479126366766756
1423	0.945089976428564	0.9104077754587084	-0.034682200969855526
1424	0.902434109776739	0.8469681094006072	-0.05546600037613181
1425	0.9065180102915952	0.8312845435486945	-0.07523346674290066
1426	0.9087353324641461	0.8258800521512386	-0.08285528031290745
1427	0.937491027849555	0.8856589147286822	-0.05183211312087277
1428	0.9268984658083417	0.8769254490787141	-0.04997301672962762
1429	0.9283421969558041	0.894003300935265	-0.03433889602053908
1430	0.9331143394713303	0.8637457203664292	-0.06936861910490111
1431	0.9646384051435047	0.9216448113971183	-0.04299359374638645
1432	0.909493832244906	0.8530819164166226	-0.05641191582828342
1433	0.940198466768515	0.8702946722270394	-0.06990379454147566
1434	0.8987021414665801	0.850410988535583	-0.04829115293099717
1435	0.9067192362307018	0.8513097072419107	-0.055409528988791146
1436	0.9096154841380738	0.8247684107022719	-0.08484707343580189
1437	0.9293740240342182	0.8769773915404984	-0.05239663249371984
1438	0.9278875772157379	0.8859454869378445	-0.04194209027789342
1439	0.9209524652562627	0.8939209524652563	-0.027031512791006462
1440	0.9161350158792614	0.8652932745004356	-0.0508417413788258
1441	0.9153432494279177	0.8688100686498856	-0.046533180778032035
1442	0.9547859862743172	0.9058841500005456	-0.04890183627377165
1443	0.9423653828671859	0.8687615526802218	-0.07360383018696404
1444	0.9400028141269171	0.91362037427888	-0.02638243984803712
1445	0.9467096744883357	0.8916702632714717	-0.055039411216863954
1446	0.9147353361945637	0.8383955100693298	-0.07633982612523393
1447	0.9096036871298803	0.8452530882392347	-0.06435059889064554
1448	0.9344363216621777	0.8736180582275234	-0.06081826343465435
1449	0.9347925897017975	0.880466472303207	-0.0543261173985905
1450	0.9146048109965635	0.8388628553577007	-0.07574195563886288
1451	0.9232057359843393	0.8674025330786104	-0.05580320290572893
1452	0.9384032571182054	0.9042277825711821	-0.0341754745470233
1453	0.9582211077056438	0.9056221169623232	-0.05259899074332064
1454	0.9227021040974529	0.870797342192691	-0.0519047619047619
1455	0.9375995078882617	0.8848241424229266	-0.05277536546533512
1456	0.9307375316990701	0.8786586010143702	-0.05207893068469993
1457	0.9361590296495957	0.8595013477088949	-0.07665768194070088
1458	0.9462860921313644	0.8892660348247741	-0.05702005730659032
1459	0.9441123188405797	0.896286231884058	-0.047826086956521685
1460	0.9378369642510828	0.9025922813368673	-0.03524468291421545
1461	0.9156528791565288	0.8878493997235645	-0.02780347943296435
1462	0.9435303707281729	0.8883136094674556	-0.055216761260717284
1463	0.9336704056877957	0.8912521317224317	-0.04241827396536402
1464	0.8933625115177044	0.8484763722522048	-0.04488613926549956
1465	0.9267947646895015	0.8730047340573657	-0.05379003063213583
1466	0.9249868697478991	0.8566964285714286	-0.06829044117647054
1467	0.96463173504696	0.9356154226396441	-0.029016312407315836
1468	0.9064448164396214	0.8482596398060495	-0.05818517663357192
1469	0.9140089163237312	0.8473251028806584	-0.06668381344307273
1470	0.9183396226415095	0.8559094339622642	-0.062430188679245324
1471	0.9155796360662442	0.8591699039051319	-0.056409732161112225
1472	0.954243199255987	0.904378826629466	-0.04986437262652099
1473	0.907719517270079	0.8459217644610904	-0.06179775280898869
1474	0.9303963772572259	0.8883733064982017	-0.04202307075902423
1475	0.9491568345323741	0.9077640287769784	-0.04139280575539572
1476	0.9516630477694433	0.8985269443347809	-0.05313610343466246
1477	0.9249253496778249	0.8821153543925822	-0.04280999528524276
1478	0.9352015732546706	0.872382005899705	-0.06281956735496552
1479	0.9435536014483383	0.8776671408250356	-0.06588646062330272
1480	0.9335050505050505	0.8693333333333333	-0.06417171717171721
1481	0.9245417042318935	0.8650247247493374	-0.059516979482556076
1482	0.9006809848088004	0.8478435481054654	-0.05283743670333507
1483	0.9262903225806451	0.8789068100358423	-0.047383512544802886
1484	0.9664680549820069	0.9234145478142882	-0.04305350716771872
1485	0.9492329883242695	0.9147613200007797	-0.0344716683234898
1486	0.9159068654118159	0.8825590251332825	-0.033347840278533325
1487	0.959878770385337	0.9010078414393612	-0.05887092894597579
1488	0.9264786126070556	0.8831225830941141	-0.043356029512941485
1489	0.9403157201054397	0.8557542535346274	-0.08456146657081232
1490	0.9277850862009278	0.8711140344803712	-0.05667105172055664
1491	0.9393460067297461	0.8878663253860976	-0.05147968134364855
1492	0.9234996790757382	0.8900032092426188	-0.03349646983311938
1493	0.9300167084377611	0.8830409356725146	-0.04697577276524645
1494	0.9513287401574804	0.9232898622047244	-0.028038877952755947
1495	0.9379639262627562	0.8781956117689691	-0.059768314493787056
1496	0.9602022590626651	0.9206057709240019	-0.03959648813866323
1497	0.930989417314803	0.890698712227464	-0.04029070508733901
1498	0.915270551508845	0.8550208116545265	-0.060249739854318474
1499	0.9258744038155803	0.885516030736619	-0.040358373078961285
1500	0.9046339917899551	0.8327547731217456	-0.07187921866820945
1501	0.8977195945945946	0.859276463963964	-0.03844313063063065
1502	0.9410620580667383	0.8784569564600766	-0.06260510160666166
1503	0.8900056645702915	0.8560327673604555	-0.033972897209835984
1504	0.8966120703466804	0.8448749707299639	-0.051737099616716575
1505	0.9536736936387896	0.9093142007627173	-0.044359492876072326
1506	0.9656877850363614	0.9379699248120301	-0.027717860224331314
1507	0.9080669710806697	0.8720875775670296	-0.0359793935136401
1508	0.8903508771929824	0.8320645363408521	-0.05828634085213036
1509	0.9663362831858407	0.9364365781710915	-0.029899705014749256
1510	0.9148132048588471	0.8338163201236446	-0.0809968847352025
1511	0.9548684120112692	0.9251013536727822	-0.029767058338486918
1512	0.9282634446813551	0.8732527837005449	-0.0550106609808102
1513	0.9423637237984781	0.885632655370428	-0.05673106842805009
1514	0.9416759224978403	0.8807602122670616	-0.060915710230778686
1515	0.943873394671267	0.8685307648073606	-0.07534262986390639
1516	0.9586598935655539	0.9036284470246735	-0.055031446540880435
1517	0.9092686943543822	0.869569245020843	-0.039699449333539194
1518	0.8967797093188943	0.8055571387859789	-0.09122257053291538
1519	0.9218008336746741	0.8552996168951642	-0.06650121677950993
1520	0.9225219411461022	0.8484770263293753	-0.07404491481672693
1521	0.9079731849950079	0.8654400228212809	-0.042533162173727046
1522	0.939890148622452	0.8936438935557774	-0.04624625506667457
1523	0.9370986075589656	0.8813157146916738	-0.05578289286729177
1524	0.9463607528901131	0.9120967405367055	-0.03426401235340759
1525	0.9207289803220036	0.8627990831842576	-0.05792989713774599
1526	0.931948993101526	0.8573479200055745	-0.07460107309595154
1527	0.9203924490809736	0.8721366672186345	-0.04825578186233914
1528	0.9022997376138293	0.85839565589527	-0.04390408171855931
1529	0.8955098800282286	0.836803105151729	-0.05870677487649967
1530	0.9596233930834691	0.9171975046499762	-0.04242588843349293
1531	0.9466445504181353	0.8877715575828783	-0.05887299283525704
1532	0.9593920390478986	0.8770794396132281	-0.08231259943467051
1533	0.9013729855810009	0.8416825699745547	-0.05969041560644617
1534	0.9564617105858269	0.9204456187959723	-0.03601609178985454
1535	0.9288641299216316	0.8877348692285904	-0.041129260693041236
1536	0.9395576379797423	0.8834286501757045	-0.056128987804037855
1537	0.9244764890282131	0.8587210031347963	-0.06575548589341684
1538	0.9190149245818201	0.8391962463218726	-0.07981867825994748
1539	0.9250996256490762	0.8578070281366985	-0.0672925975123777
1540	0.9179045092838196	0.8801945181255526	-0.03770999115826701
1541	0.9102180130591981	0.8326992606982894	-0.07751875236090877
1542	0.9443047202478586	0.8762711864406779	-0.06803353380718069
1543	0.9502739726027397	0.8984520547945205	-0.05182191780821921
1544	0.926403971455166	0.8811355879615266	-0.045268383493639375
1545	0.9403698107777538	0.9089718684797468	-0.031397942298007075
1546	0.9171001870469956	0.8550678045358896	-0.06203238251110599
1547	0.9412555260831122	0.8824521072796935	-0.05880341880341877
1548	0.9500452551695329	0.9219870500591798	-0.028058205110353063
1549	0.9560122282608695	0.913118961352657	-0.04289326690821249
1550	0.9570814328841957	0.8985976972437497	-0.058483735640445955
1551	0.9049237529077281	0.8399586456448694	-0.06496510726285865
1552	0.9178472389679286	0.8745629370629371	-0.04328430190499155
1553	0.9369514713474445	0.9005012046119428	-0.03645026673550167
1554	0.9018247676325861	0.8535231000546747	-0.048301667577911434
1555	0.9484821428571428	0.8960446428571428	-0.052437500000000026
1556	0.9534972474263198	0.9178998387573823	-0.03559740866893746
1557	0.9398301395932663	0.8837093949608754	-0.05612074463239092
1558	0.9097956212251941	0.8587952976704055	-0.05100032355478856
1559	0.9215689215539223	0.8496925153742313	-0.07187640617969104
1560	0.9305134520651762	0.8683402804092459	-0.06217317165593028
1561	0.9365583804143126	0.8875353107344632	-0.049023069679849374
1562	0.9094319532488114	0.846746236133122	-0.06268571711568938
1563	0.9242338072669827	0.8693101632438125	-0.05492364402317018
1564	0.932275703922563	0.8597115957048045	-0.0725641082177585
1565	0.938451763210844	0.8937413957428784	-0.04471036746796564
1566	0.894276886183361	0.8502006087437742	-0.04407627743958675
1567	0.9071795333753716	0.847022790739573	-0.06015674263579862
1568	0.9280930329906077	0.8679852444863041	-0.06010778850430365
1569	0.9329805996472663	0.877258210591544	-0.055722389055722354
1570	0.9362078447109883	0.8830873500691131	-0.05312049464187518
1571	0.9275337529647875	0.8854451742382777	-0.04208857872650973
1572	0.885036231884058	0.8176449275362319	-0.06739130434782614
1573	0.9212866434999555	0.8623540942706941	-0.05893254922926139
1574	0.9293679170959336	0.8494636688685534	-0.07990424822738018
1575	0.9434532555308341	0.9039502959573485	-0.039502959573485597
1576	0.9373746159565662	0.8805852892075027	-0.05678932674906356
1577	0.9254049933295216	0.8837685026364271	-0.0416364906930945
1578	0.9162866018904091	0.8676603432700993	-0.04862625862030978
1579	0.9535614014077948	0.9033571514111213	-0.0502042499966735
1580	0.9544323011536127	0.9132361870066789	-0.041196114146933804
1581	0.9157319018560252	0.8741295925860278	-0.041602309269997306
1582	0.9642902287953482	0.9286815826064972	-0.035608646188850956
1583	0.9137253207759105	0.8382187756512723	-0.07550654512463817
1584	0.9161465201465201	0.8602637362637363	-0.05588278388278378
1585	0.9382556806337294	0.8710913070669168	-0.0671643735668126
1586	0.936433298502264	0.8825060954371299	-0.0539272030651341
1587	0.9171494714665426	0.8692568684851973	-0.047892602981345234
1588	0.9602318145483613	0.9118838262723155	-0.048347988276045806
1589	0.9030372284048754	0.8476086380498146	-0.05542859035506087
1590	0.921472172351885	0.8617773788150808	-0.05969479353680429
1591	0.9233635268394984	0.8533644192583999	-0.06999910758109851
1592	0.9598449511963376	0.9016044743888745	-0.05824047680746314
1593	0.9334713858841267	0.8868423203727419	-0.04662906551138479
1594	0.9416892327530625	0.8994326241134751	-0.042256608639587356
1595	0.9211345875542691	0.8476063675832127	-0.07352821997105641
1596	0.9500925545043192	0.8897675853558207	-0.0603249691484985
1597	0.9128907539252205	0.8674855014380688	-0.04540525248715166
1598	0.9531269095312691	0.9032207890322079	-0.04990612049906118
1599	0.910210681504732	0.8438357033021037	-0.06637497820262839
1600	0.9422834248217553	0.889267461669506	-0.053015963152249324
1601	0.9123587313160773	0.8901810669583181	-0.02217766435775914
1602	0.9285355520614954	0.8674004192872118	-0.06113513277428362
1603	0.9311457213222797	0.8749291801079931	-0.05621654121428654
1604	0.9091069891395351	0.8278244873412497	-0.08128250179828544
1605	0.9274412296564195	0.8722310126582279	-0.05521021699819162
1606	0.8742778730703259	0.8048027444253859	-0.06947512864493999
1607	0.945218857020548	0.9101963827054794	-0.03502247431506855
1608	0.9427665380921163	0.8964796999588358	-0.046286838133280495
1609	0.8997368785486775	0.8536213820800443	-0.04611549646863311
1610	0.9467657693852953	0.9217222445426544	-0.02504352484264094
1611	0.9146431501230516	0.8561525840853158	-0.058490566037735836
1612	0.9266544168824299	0.8843369804281856	-0.04231743645424424
1613	0.9425591324774328	0.9014729564022633	-0.04108617607516951
1614	0.9505649717514124	0.9162386577640815	-0.03432631398733088
1615	0.9178776128366822	0.8785789824135365	-0.03929863042314574
1616	0.8865262321144675	0.8089063328033916	-0.07761989931107582
1617	0.9391741855693285	0.8588835483598954	-0.08029063720943308
1618	0.9613228346456693	0.8959496062992126	-0.06537322834645665
1619	0.9071638557945226	0.8549306307700243	-0.05223322502449834
1620	0.9231013897044431	0.8618981209630064	-0.06120326874143667
1621	0.9138993975059548	0.8796588202325907	-0.03424057727336416
1622	0.9316539542352469	0.8887327713100495	-0.04292118292519742
1623	0.9574020776183838	0.9175585735485902	-0.039843504069793645
1624	0.9164865977259865	0.8900293255131965	-0.02645727221279004
1625	0.8875914001964422	0.8358252391865837	-0.051766161009858536
1626	0.9217264355768511	0.8834693419180953	-0.038257093658755736
1627	0.9234274734884408	0.8580138192656822	-0.06541365422275858
1628	0.9272859216255442	0.8559143686502177	-0.07137155297532649
1629	0.935937715136874	0.8951196004556208	-0.04081811468125318
1630	0.9277469106236229	0.8742935147044736	-0.05345339591914933
1631	0.9311063136764761	0.8732467270133445	-0.057859586663131624
1632	0.9380445678155602	0.8938365846762794	-0.04420798313928087
1633	0.9298474049707602	0.8881807383040936	-0.04166666666666663
1634	0.9054774915430653	0.8382123341139734	-0.06726515742909189
1635	0.9262340097783136	0.8646172393007836	-0.06161677047753
1636	0.9219681726723981	0.8753429668922627	-0.046625205780135404
1637	0.9124868972746332	0.8748165618448638	-0.037670335429769386
1638	0.940631808278867	0.8950163398692811	-0.04561546840958597
1639	0.9493978641217905	0.8994205862304022	-0.04997727789138828
1640	0.9420738590549911	0.8547653604257378	-0.08730849862925327
1641	0.9469813379001325	0.9087656739352281	-0.03821566396490439
1642	0.935513443886136	0.8841632529910761	-0.05135019089505988
1643	0.9597080291970803	0.8838189781021898	-0.07588905109489053
1644	0.9439949958298582	0.8906171809841534	-0.05337781484570481
1645	0.8973752151462995	0.8300091120785663	-0.06736610306773316
1646	0.8890068113416759	0.8288769206399493	-0.060129890701726585
1647	0.9124980553551982	0.849548135262421	-0.06294992009277722
1648	0.9381897850198548	0.8917568122689306	-0.046432972750924284
1649	0.9348144149774855	0.8744300345175358	-0.06038438045994976
1650	0.9352800196648777	0.8804232045556967	-0.054856815109181056
1651	0.9454432973746278	0.8903323924783152	-0.05511090489631265
1652	0.9442565391057853	0.88107202680067	-0.06318451230511535
1653	0.8990132593277829	0.8334566759173605	-0.06555658341042236
1654	0.9098099640472522	0.8565705480959718	-0.053239415951280455
1655	0.9444590442306138	0.8837935635158082	-0.0606654807148056
1656	0.9470409636155492	0.8877980190134886	-0.05924294460206059
1657	0.9263089851325146	0.8830252100840336	-0.04328377504848102
1658	0.9288113006396589	0.8801305970149254	-0.048680703624733535
1659	0.9327918263090677	0.8757598978288633	-0.05703192848020433
1660	0.9315503576835169	0.900575855620529	-0.030974502062987908
1661	0.8994588744588745	0.8676542207792208	-0.03180465367965368
1662	0.9156350298028427	0.8825623205193176	-0.033072709283525126
1663	0.9265184381778742	0.8899988583171595	-0.036519579860714635
1664	0.9433081081081081	0.9002918918918918	-0.04301621621621621
1665	0.9387885294621046	0.8861037203006115	-0.052684809161493096
1666	0.9430390211640212	0.8880070546737213	-0.055031966490299844
1667	0.9106853707414829	0.8470060120240481	-0.0636793587174348
1668	0.9277367656058751	0.8766734241126071	-0.05106334149326808
1669	0.9427136708341873	0.9086903053904488	-0.03402336544373852
1670	0.9499381139230506	0.9126747952492561	-0.03726331867379451
1671	0.9360868763824035	0.8893309166871467	-0.04675595969525681
1672	0.882641443335085	0.8250481695568401	-0.05759327377824486
1673	0.9332837405237335	0.909077991658378	-0.024205748865355536
1674	0.9216444239914098	0.8807025617425985	-0.040941862248811245
1675	0.9496551519115286	0.9016588382186812	-0.0479963136928474
1676	0.8867465590887518	0.8302325581395349	-0.05651400094921688
1677	0.929140461215933	0.8898887276245767	-0.03925173359135625
1678	0.9372376839991775	0.8820953832383855	-0.05514230076079196
1679	0.9420854419206779	0.8887018947863952	-0.05338354713428273
1680	0.9393502072232089	0.8921082494572725	-0.047241957765936426
1681	0.9417071478140181	0.8838013131906262	-0.05790583462339194
1682	0.9369371820333542	0.8749897978616318	-0.06194738417172241
1683	0.941432423785365	0.8935234699940582	-0.047908953791306774
1684	0.913257321708026	0.8578275206796333	-0.05542980102839268
1685	0.9647795960489459	0.9268760135633201	-0.037903582485625864
1686	0.9336873638344226	0.8708312384782974	-0.06285612535612528
1687	0.9136616597756494	0.8697161598716003	-0.04394549990404906
1688	0.9098176320514032	0.8646508551450439	-0.045166776906359285
1689	0.9294343093668558	0.8802698145025295	-0.04916449486432628
1690	0.950563431479462	0.8853211626748523	-0.0652422688046097
1691	0.9262544684231431	0.8615240181505242	-0.06473045027261892
1692	0.8782866707242848	0.8268715763846622	-0.05141509433962255
1693	0.9164781606180813	0.8773016861729447	-0.03917647444513661
1694	0.9252307419240327	0.8659921902733404	-0.05923855165069225
1695	0.9238344157558477	0.8540049633032367	-0.06982945245261096
1696	0.9389867760047281	0.9230477984633569	-0.01593897754137119
1697	0.8956392378433612	0.8326921921019415	-0.06294704574141974
1698	0.9358061727767326	0.8779554583820613	-0.057850714394671265
1699	0.9112668527647443	0.8617033913405001	-0.04956346142424417
1700	0.9368217054263566	0.8734197972570066	-0.06340190816934999
1701	0.9544389709906951	0.9146031746031746	-0.03983579638752044
1702	0.9580593715900506	0.899345289723287	-0.058714081866763634
1703	0.9373651733306577	0.8986981387648623	-0.038667034565795455
1704	0.9680790029418587	0.9248544329292855	-0.04322457001257318
1705	0.9247546346782988	0.8821939269203004	-0.04256070775799836
1706	0.9303177321156774	0.8699343607305936	-0.06038337138508376
1707	0.9304388422035481	0.9017070596354484	-0.028731782568099717
1708	0.9234078404840624	0.8561982205088272	-0.06720961997523522
1709	0.9401909446736486	0.8820480270813499	-0.058142917592298726
1710	0.9730829602930062	0.938259403523051	-0.03482355676995519
1711	0.9507178427632973	0.9016873278236914	-0.04903051493960586
1712	0.9443953818980744	0.8976543316245208	-0.046741050273553575
1713	0.9004204440940744	0.8611351990540008	-0.03928524504007358
1714	0.9348468636445499	0.8950663714470353	-0.03978049219751467
1715	0.9047796863330844	0.8431789892954942	-0.06160069703759019
1716	0.9172962741259646	0.8567568879325687	-0.06053938619339594
1717	0.9116447515043459	0.8719077334521952	-0.039737018052150685
1718	0.9340205469943079	0.8868642695173308	-0.04715627747697715
1719	0.9570128036609707	0.8956842412735505	-0.06132856238742024
1720	0.9283242708848245	0.8889703889145791	-0.039353881970245363
1721	0.9364405989520205	0.9028287989259142	-0.03361180002610631
1722	0.9425236154964822	0.8804092916006131	-0.06211432389586913
1723	0.9420867320728239	0.9099099099099099	-0.032176822162913954
1724	0.9443020208240838	0.9035418128696848	-0.04076020795439894
1725	0.9156019192409295	0.8718124966305462	-0.04378942261038332
1726	0.9376344086021505	0.890432864626413	-0.0472015439757375
1727	0.9351069379238394	0.8816901408450705	-0.053416797078768896
1728	0.9212487992315082	0.8838328530259366	-0.03741594620557154
1729	0.9420481385670904	0.8991114610280059	-0.04293667753908448
1730	0.9047183507549361	0.832520325203252	-0.07219802555168409
1731	0.9384101941747572	0.8879883263985205	-0.050421867776236695
1732	0.9269221145941309	0.8608678557386424	-0.06605425885548843
1733	0.940554927140861	0.8917027080976778	-0.048852219043183154
1734	0.9380042105263158	0.89952	-0.03848421052631579
1735	0.9230215986545101	0.8722005842259006	-0.05082101442860942
1736	0.8916822950985859	0.8341907851386284	-0.05749150995995744
1737	0.9437460155552723	0.8985592247864338	-0.04518679076883847
1738	0.9357551896921976	0.8791457885946075	-0.05660940109759016
1739	0.9125520470344359	0.8618095391268608	-0.050742507907575174
1740	0.9222457658957366	0.8788753137069264	-0.043370452188810193
1741	0.9435340374239467	0.9088365285271496	-0.034697508896797125
1742	0.9282437845937433	0.8625577199474023	-0.06568606464634108
1743	0.9299326496249809	0.8981070462778713	-0.0318256033471096
1744	0.9390512018760993	0.8924662888411179	-0.04658491303498136
1745	0.9246953354811598	0.861843395433534	-0.06285194004762573
1746	0.9299516908212561	0.8853324593984415	-0.04461923142281454
1747	0.937587972501581	0.8951265784051733	-0.0424613940964077
1748	0.935167638483965	0.8706632653061225	-0.06450437317784252
1749	0.9474441200911977	0.8900939677398735	-0.057350152351324235
1750	0.9209609056940494	0.8661954157604149	-0.054765489933634504
1751	0.9541242195202103	0.8899441340782123	-0.06418008544199805
1752	0.8902074973084075	0.8384188117842811	-0.05178868552412641
1753	0.9244227886056972	0.8846776611694153	-0.03974512743628189
1754	0.9532213506980416	0.9168393271175571	-0.03638202358048448
1755	0.9534306387225548	0.9147080838323354	-0.038722554890219474
1756	0.9340518056343354	0.8988718724396546	-0.035179933194680824
1757	0.9505443405000273	0.8902155478964933	-0.060328792603534076
1758	0.9565065361235139	0.9186481252353542	-0.037858410888159666
1759	0.9142921864634402	0.8617704642169474	-0.052521722246492875
1760	0.9305381727158949	0.8668752607425949	-0.06366291197329998
1761	0.9380462066492495	0.8961528610214641	-0.04189334562778546
1762	0.935247218304341	0.881435119887165	-0.053812098417175935
1763	0.9418783068783069	0.8971428571428571	-0.04473544973544974
1764	0.9249543274720256	0.8660224937200274	-0.058931833751998175
1765	0.9363437615863559	0.8803584898423616	-0.05598527174399426
1766	0.9448220808437553	0.8916640460582017	-0.05315803478555359
1767	0.9341516103692066	0.8782403770620582	-0.05591123330714842
1768	0.9082380174291939	0.8681508714596949	-0.040087145969498916
1769	0.9293675074925075	0.9041583416583416	-0.02520916583416588
1770	0.9437179621299299	0.9059655821738676	-0.03775237995606229
1771	0.9224260272949412	0.8719549281347034	-0.05047109916023773
1772	0.9520177431569836	0.9267824299469869	-0.025235313209996724
1773	0.9399783482833282	0.8706773894215899	-0.06930095886173826
1774	0.9508235731548615	0.9220003718163228	-0.028823201338538773
1775	0.9260938840544184	0.8733368740722584	-0.05275700998216004
1776	0.9314403881333015	0.8925210106312469	-0.03891937750205465
1777	0.935841012240407	0.8863842662632375	-0.049456745977169536
1778	0.9636390382197972	0.9085426194870149	-0.05509641873278237
1779	0.9459757563725003	0.904029207063521	-0.04194654930897934
1780	0.9443876212955677	0.8850249147652767	-0.059362706530291076
1781	0.9546560196560196	0.9277395577395577	-0.02691646191646191
1782	0.9359251968503937	0.861726659167604	-0.07419853768278961
1783	0.942120150862069	0.8955010775862069	-0.04661907327586212
1784	0.8880214313050134	0.8566653909937492	-0.031356040311264266
1785	0.928434065934066	0.8817155067155067	-0.046718559218559275
1786	0.9429855112844804	0.8913694622457509	-0.05161604903872952
1787	0.9425769230769231	0.8926538461538461	-0.04992307692307696
1788	0.9391647531572904	0.8802956371986222	-0.05886911595866817
1789	0.9458028855162076	0.8861407782149772	-0.05966210730123045
1790	0.9090110260484375	0.8489575810101594	-0.06005344503827814
1791	0.9359923544071036	0.8820376956763688	-0.053954658730734795
1792	0.9562241887905605	0.9156342182890855	-0.04058997050147495
1793	0.944655381532458	0.8967067447133892	-0.0479486368190688
1794	0.9277461012725144	0.880461050485217	-0.0472850507872975
1795	0.934368530020704	0.8810869565217392	-0.053281573498964785
1796	0.9395747950819672	0.8946465163934426	-0.04492827868852456
1797	0.941259621780861	0.9033070417181412	-0.03795258006271973
1798	0.8346118569165346	0.7978959948859057	-0.03671586203062893
1799	0.9291091915654112	0.8893191318905928	-0.03979005967481841
1800	0.9471416349070545	0.8871587462082912	-0.05998288869876334
1801	0.9084713230749211	0.8710433000422916	-0.03742802303262949
1802	0.9514670801526718	0.9147423664122137	-0.03672471374045805
1803	0.9257481648785997	0.872953133822699	-0.052795031055900665
1804	0.9442502455354785	0.9055242842508792	-0.038725961284599375
1805	0.911906677393403	0.8828065739570164	-0.029100103436386582
1806	0.9068021477180496	0.8551538989823313	-0.05164824873571827
1807	0.9398910725924944	0.9250985980843801	-0.014792474508114273
1808	0.9363471971066908	0.878865280289331	-0.05748191681735981
1809	0.9298291721419185	0.8720762155059133	-0.057752956636005215
1810	0.9443398316349136	0.8827536552946389	-0.061586176340274745
1811	0.9206153846153846	0.8786898263027295	-0.0419255583126551
1812	0.9555732002419842	0.8999294212542851	-0.05564377898769912
1813	0.925984251968504	0.8542239423461898	-0.07176030962231417
1814	0.9219498207885305	0.8750537634408602	-0.04689605734767033
1815	0.937973137973138	0.8944078144078144	-0.04356532356532361
1816	0.9379579872984856	0.8790739060646242	-0.05888408123386135
1817	0.9344830250888672	0.8886842511977745	-0.04579877389109266
1818	0.9272855201863354	0.870899650621118	-0.056385869565217406
1819	0.8920726900871344	0.8512963633652186	-0.04077632672191578
1820	0.9260695468914647	0.8759325605900948	-0.05013698630136987
1821	0.867847565278758	0.7846718419195483	-0.08317572335920964
1822	0.9297541238717709	0.8702303143479614	-0.059523809523809534
1823	0.9317182525070935	0.8882150360631592	-0.04350321644393429
1824	0.9158977184042602	0.8753156130927787	-0.04058210531148143
1825	0.8912469410609852	0.8588671210717693	-0.03237981998921591
1826	0.9455781577638946	0.9033485375818759	-0.0422296201820187
1827	0.9567971375383797	0.9010468292918792	-0.05575030824650051
1828	0.9310106007067138	0.8918445229681978	-0.03916607773851599
1829	0.9432098765432099	0.8659325992659326	-0.07727727727727729
1830	0.9309727454773784	0.8910837321386146	-0.039889013338763823
1831	0.9574510634293243	0.891798418972332	-0.06565264445699226
1832	0.9339410939691445	0.8973632538569425	-0.036577840112202
1833	0.9380012715179968	0.8739607785602503	-0.0640404929577465
1834	0.9311467645491682	0.8686874666982417	-0.06245929785092652
1835	0.9340769672094973	0.8831479765214705	-0.05092899068802681
1836	0.9548978415661195	0.8972466489430925	-0.05765119262302698
1837	0.9311760150459122	0.8653944020356235	-0.06578161301028873
1838	0.9271568404279535	0.8776968409338088	-0.0494599994941447
1839	0.9381735518634935	0.8859592501122586	-0.05221430175123487
1840	0.943424116369725	0.8788687439499777	-0.06455537241974729
1841	0.9163832199546486	0.8797760770975057	-0.03660714285714284
1842	0.9306728719042152	0.8593570608495982	-0.07131581105461704
1843	0.9470615671641791	0.9076103855721394	-0.03945118159203975
1844	0.9308626313881841	0.8555636100036245	-0.07529902138455968
1845	0.9192978287343689	0.8553776695280245	-0.06392015920634442
1846	0.9512480850680364	0.888519419662972	-0.06272866540506439
1847	0.927834286925196	0.8694850603941513	-0.058349226531044684
1848	0.899272882805817	0.8393659110350727	-0.05990697177074422
1849	0.9554164270403095	0.9057353479374706	-0.04968107910283892
1850	0.9475658047985092	0.9109247612392266	-0.03664104355928255
1851	0.9064594150801047	0.8668730306661341	-0.039586384413970666
1852	0.9222266191795278	0.864819944598338	-0.057406674581189754
1853	0.9063492063492063	0.8471443406022845	-0.05920486574692185
1854	0.9668752236096931	0.9142124139375376	-0.05266280967215553
1855	0.9344670600004084	0.8796317089602516	-0.0548353510401568
1856	0.9265418719211823	0.8896288998357964	-0.03691297208538591
1857	0.9319042286567483	0.8614488348530902	-0.07045539380365806
1858	0.935219638242894	0.8833850129198967	-0.05183462532299732
1859	0.8440510202488564	0.7957160476480415	-0.048334972600814874
1860	0.938397183183364	0.8817298143188179	-0.05666736886454604
1861	0.94984232062342	0.9033073575021502	-0.04653496312126981
1862	0.9187540983606557	0.8170622950819673	-0.10169180327868843
1863	0.9144326621390841	0.8596250843957266	-0.05480757774335754
1864	0.9492173279941755	0.8873468025725033	-0.06187052542167215
1865	0.9228865194211728	0.8738681560463739	-0.04901836337479892
1866	0.8894071691176471	0.8430951286764706	-0.04631204044117643
1867	0.9201144366197183	0.864250406283857	-0.05586403033586129
1868	0.9450451653094825	0.9095358875094558	-0.03550927780002666
1869	0.9493075516070029	0.872930155135538	-0.07637739647146491
1870	0.9221092372134039	0.8680693342151675	-0.054039902998236355
1871	0.8834225352112676	0.8299295774647887	-0.053492957746478886
1872	0.9074093988600925	0.859937149753259	-0.047472249106833564
1873	0.9367007741865627	0.8923501705375995	-0.04435060364896326
1874	0.932010574436205	0.8895505864612859	-0.04245998797491912
1875	0.913141567963903	0.8701768355396304	-0.04296473242427257
1876	0.9183345436940208	0.858639554587267	-0.05969498910675375
1877	0.9210178522729656	0.8712370723111456	-0.049780779961820065
1878	0.9380285152409046	0.888311209439528	-0.049717305801376566
1879	0.9423504759933775	0.9012184395695364	-0.04113203642384111
1880	0.949427963956667	0.8823655968411461	-0.06706236711552083
1881	0.9237251356238698	0.86	-0.06372513562386983
1882	0.9357250207296849	0.8831752694859039	-0.05254975124378103
1883	0.9418703475763437	0.8811910204560108	-0.06067932712033286
1884	0.9105310129406515	0.8400136493687167	-0.07051736357193483
1885	0.9383469677002263	0.8919859760797673	-0.046360991620459036
1886	0.9427868628433471	0.8893317542021592	-0.053455108641187965
1887	0.9075225225225225	0.8532582582582583	-0.05426426426426423
1888	0.9105286355033575	0.8469186694666978	-0.0636099660366597
1889	0.939442332875531	0.8664920629850842	-0.07295026989044684
1890	0.9008253250423969	0.8417863199547767	-0.05903900508762017
1891	0.9419150858175248	0.880273261065944	-0.061641824751580865
1892	0.9037866158609192	0.8440104786854012	-0.059776137175517996
1893	0.9454388503821057	0.8976819762865921	-0.04775687409551366
1894	0.9435185185185185	0.8813303099017384	-0.062188208616780094
1895	0.9351506264996001	0.8497867235403892	-0.08536390295921092
1896	0.9028938452851496	0.8478966685488425	-0.05499717673630711
1897	0.9553991309006489	0.8986993273409132	-0.056699803559735695
1898	0.905332898559317	0.8596371613209225	-0.045695737238394485
1899	0.9262723092510327	0.8664952069207388	-0.059777102330293874
1900	0.9309090909090909	0.8808808582721627	-0.05002823263692824
1901	0.9190261676878346	0.8715699364837716	-0.04745623120406306
1902	0.9351088598036748	0.8962685627988926	-0.0388402970047822
1903	0.9450774410774411	0.8959326599326599	-0.04914478114478116
1904	0.9337078056276827	0.8971305177256107	-0.03657728790207204
1905	0.8872665212856736	0.8392907935905944	-0.047975727695079184
1906	0.9245504350628424	0.8472188204962939	-0.07733161456654847
1907	0.9162871600253004	0.8405017921146953	-0.07578536791060508
1908	0.9589142335766423	0.9038777372262774	-0.055036496350364894
1909	0.9404889912954429	0.8927675371223759	-0.04772145417306706
1910	0.9275845967919139	0.9016974291364536	-0.025887167655460286
1911	0.873717644481764	0.8192289438136614	-0.05448870066810263
1912	0.8821050096339114	0.8227627916934276	-0.05934221794048378
1913	0.922278818047637	0.8763493763204353	-0.0459294417272017
1914	0.9389246054938633	0.8771917007597896	-0.06173290473407367
1915	0.9293811274509803	0.8594167780748663	-0.06996434937611407
1916	0.9480318443166741	0.9060445230723868	-0.04198732124428728
1917	0.935662100456621	0.8624048706240487	-0.07325722983257232
1918	0.9430985844223203	0.9062100722336779	-0.03688851218864242
1919	0.9514548148148149	0.8994488888888889	-0.05200592592592601
1920	0.9289525972182798	0.8805847289242124	-0.04836786829406747
1921	0.9352158566386098	0.888759163725224	-0.04645669291338583
1922	0.9521215596330275	0.8973767201834862	-0.05474483944954123
1923	0.9343709043250328	0.8990006553079948	-0.035370249017038
1924	0.9322413793103448	0.883735632183908	-0.04850574712643674
1925	0.9122337936658601	0.8814588040266841	-0.03077498963917602
1926	0.9325447570332481	0.9005754475703325	-0.03196930946291565
1927	0.9488086373790022	0.9076400047027472	-0.041168632676255035
1928	0.9225045941463852	0.845098830173457	-0.0774057639729282
1929	0.9440532081377152	0.8931313575899843	-0.05092185054773091
1930	0.9473488936859147	0.902241860046771	-0.0451070336391437
1931	0.9221667621307585	0.8726127158170363	-0.04955404631372229
1932	0.9370432757809211	0.8795115063538854	-0.05753176942703564
1933	0.94776104233998	0.8803992113340244	-0.06736183100595561
1934	0.919233082706767	0.8493533834586466	-0.06987969924812032
1935	0.9574864460855402	0.923908435777872	-0.03357801030766827
1936	0.935666982024598	0.892809839167455	-0.04285714285714293
1937	0.9172425871290196	0.8591924988885745	-0.05805008824044511
1938	0.9435318275154004	0.9143959154226095	-0.029135912092790983
1939	0.9265446250619233	0.8791488577320538	-0.0473957673298695
1940	0.9170120059674631	0.8562480759667527	-0.06076393000071045
1941	0.9470620607907883	0.9061785623571247	-0.04088349843366357
1942	0.9156749357470109	0.8626941557715946	-0.05298077997541628
1943	0.932936205247418	0.9064932863559866	-0.026442918891431466
1944	0.9394421159127041	0.8984920749626631	-0.040950040950040956
1945	0.9230331483852611	0.8626986898433762	-0.060334458541884906
1946	0.9165462734766721	0.8717600067986743	-0.04478626667799779
1947	0.9400498323397913	0.8945720007451565	-0.04547783159463481
1948	0.9364179104477612	0.8746268656716418	-0.06179104477611941
1949	0.9520096981560158	0.8988366661476522	-0.05317303200836354
1950	0.9499337922279736	0.9056785475875201	-0.044255244640453495
1951	0.9586867540001336	0.9236897594672213	-0.03499699453291227
1952	0.9269786592201545	0.8556898554860276	-0.07128880373412694
1953	0.9251232364439912	0.858745537990821	-0.06637769845317021
1954	0.953316645807259	0.894180225281602	-0.05913642052565704
1955	0.9455730553653402	0.8800755788886353	-0.0654974764767049
1956	0.9348832846775234	0.8777039147409518	-0.05717936993657158
1957	0.9274300441826215	0.8708271968581247	-0.05660284732449683
1958	0.9382754342431762	0.8747489070069715	-0.06352652723620467
1959	0.9377146720757269	0.882001352265044	-0.05571331981068295
1960	0.9001434567770044	0.8387970883587482	-0.061346368418256136
1961	0.9257369614512472	0.8562271062271062	-0.06950985522414099
1962	0.9342719579807411	0.8794426612197257	-0.054829296761015445
1963	0.9233907118522503	0.8883808499193114	-0.03500986193293887
1964	0.9441669682712028	0.8887079261672095	-0.05545904210399333
1965	0.9591341319773622	0.920796345772645	-0.03833778620471717
1966	0.9492032490079365	0.9031498015873016	-0.046053447420634885
1967	0.9173343734328857	0.8675544659274531	-0.0497799075054326
1968	0.9368255395683454	0.8860979398299542	-0.05072759973839114
1969	0.9079686198651299	0.8558743719943043	-0.052094247870825616
1970	0.9566530220335557	0.9269380432585406	-0.029714978775015166
1971	0.9190844749803402	0.8609191120676573	-0.05816536291268293
1972	0.9567976293874214	0.9168037602820212	-0.03999386910540026
1973	0.9439229278035599	0.8883980496974682	-0.055524878106091746
1974	0.9088722337570264	0.8625867220337267	-0.046285511723299755
1975	0.9155022712897476	0.8661520326605716	-0.04935023862917598
1976	0.9170344550880185	0.8731882240834545	-0.043846231004563974
1977	0.9542678182384065	0.9143032212885154	-0.039964596949891074
1978	0.9464099292425473	0.8901261776798257	-0.056283751562721585
1979	0.9415843126780626	0.8921162749287749	-0.04946803774928776
1980	0.961139069848817	0.9129745695555075	-0.04816450029330954
1981	0.9361024242281737	0.8877942110089586	-0.04830821321921508
1982	0.9458169343686842	0.8871130730773322	-0.058703861291351966
1983	0.8995337063682387	0.8409938715694112	-0.05853983479882752
1984	0.9475071778110836	0.8854529695371892	-0.06205420827389441
1985	0.8999383784735467	0.849731506206168	-0.050206872267378744
1986	0.9370848209840543	0.8951508513392412	-0.04193396964481311
1987	0.9428740157480315	0.8828871391076115	-0.05998687664042002
1988	0.933445945945946	0.8851914414414415	-0.048254504504504525
1989	0.9277014039779375	0.8822183687113488	-0.0454830352665887
1990	0.9335283582089552	0.8693253731343283	-0.06420298507462685
1991	0.9334294890858265	0.8800481770058883	-0.053381312079938126
1992	0.9297832837158679	0.8639040942411729	-0.06587918947469507
1993	0.9147312726260095	0.8600111389585073	-0.05472013366750217
1994	0.9484871615461272	0.9081059304963637	-0.040381231049763544
1995	0.9394971763809172	0.8675150997216801	-0.07198207665923717
1996	0.8994492753623189	0.8304492753623188	-0.06900000000000006
1997	0.9223794954555133	0.8686189467549787	-0.053760548700534594
1998	0.9374502388535032	0.9043963972929936	-0.03305384156050961
1999	0.938092940987297	0.8778742563113041	-0.060218684675992895
