draw	ref_metric	arm_metric	delta
0	nan	nan	nan
1	0.9988080433680944	0.997680744149122	-0.0011272992189723663
2	0.9991293416754042	0.9990092717351039	-0.00012006994030033802
3	0.9990881026979892	0.9988321944407852	-0.00025590825720400723
4	0.9999605745731689	0.9998594585687653	-0.00010111600440354529
5	0.9998514615020336	0.9994670237510842	-0.000384437750949429
6	0.9981224874543592	0.9971498630514497	-0.0009726244029094611
7	0.9990787138267013	0.9989319594506685	-0.0001467543760328427
8	0.9981203256058452	0.9968952337680845	-0.0012250918377606501
9	0.9998372452704444	0.999502115916905	-0.00033512935353940954
10	0.9974767820887175	0.996331810481534	-0.0011449716071835203
11	0.9999883078678182	0.9999376724207444	-5.063544707384349e-05
12	0.9999826310218501	0.9999312106489275	-5.142037292260593e-05
13	0.9990362890964699	0.9981383105464796	-0.000897978549990297
14	0.9998655448966248	0.9998972881331739	3.174323654908662e-05
15	0.9999065834003349	0.9996272356537932	-0.0002793477465417027
16	0.9988406170916688	0.9976650518279853	-0.0011755652636835645
17	0.9998589720717121	0.9995980735622049	-0.0002608985095072791
18	0.9997596795282556	0.9985481347427738	-0.0012115447854817996
19	0.9966178193305061	0.9956354963646743	-0.0009823229658317834
20	0.9981708510088417	0.9972813915889981	-0.0008894594198436412
21	0.9998567027198529	0.9996027309972303	-0.0002539717226226479
22	0.9999484605761622	0.9999202465994175	-2.8213976744684288e-05
23	0.9991030977823138	0.9988611852224206	-0.00024191255989314264
24	0.9998663774427897	0.9996140262130516	-0.0002523512297381014
25	0.9989518759910071	0.9989095320401398	-4.234395086732956e-05
26	0.9999682800766697	0.9999873419670235	1.90618903538331e-05
27	0.99838193274813	0.9979655911239153	-0.0004163416242147777
28	0.9997360200632524	0.9992044314932058	-0.0005315885700465373
29	0.9997454008186936	0.999029541853609	-0.000715858965084526
30	0.9998285469942003	0.9992526779696199	-0.0005758690245803999
31	0.9999107494279301	0.9995040523002544	-0.00040669712767571475
32	0.9990686864308272	0.998210277787106	-0.0008584086437212202
33	0.9999993242706947	0.9999983578735963	-9.66397098456362e-07
34	0.9978883396022983	0.9962032900940505	-0.0016850495082477712
35	0.9999240644249356	0.9999693317766395	4.526735170384821e-05
36	0.9972343446181731	0.9961946478676261	-0.0010396967505469368
37	0.9998566604237401	0.9990833148512079	-0.0007733455725321692
38	0.9999462412936735	0.9999168100907883	-2.943120288523282e-05
39	0.9991169260815551	0.9985537275263008	-0.0005631985552543295
40	0.9989103955045069	0.9981729817098576	-0.0007374137946493109
41	0.9980883505408504	0.9971331068920131	-0.0009552436488373672
42	0.9991816803156816	0.9989552784332544	-0.00022640188242717407
43	0.9998909012997828	0.9995685656664512	-0.0003223356333315053
44	0.9999722288196522	0.999880909675992	-9.131914366022897e-05
45	0.9990225802319531	0.9985792822344763	-0.000443297997476777
46	0.9991836544513159	0.9990287651945076	-0.00015488925680828824
47	0.9997492794065963	0.9990723242355641	-0.0006769551710321675
48	0.998298084990313	0.9980674358489716	-0.00023064914134141024
49	0.9964187804105595	0.9957542069997899	-0.0006645734107696422
50	0.9999093424919477	0.9996264564061256	-0.0002828860858221649
51	0.9989972374985064	0.9987303397994188	-0.0002668976990876093
52	0.9990446100743662	0.9986638297721047	-0.0003807803022615186
53	0.9981840065570781	0.9974515062724193	-0.0007325002846587658
54	0.9998683462000797	0.9992498207182071	-0.0006185254818725783
55	0.9990971705581689	0.9984904826266662	-0.0006066879315027585
56	0.999898176189611	0.9998958597758034	-2.3164138075459917e-06
57	0.9982231707341545	0.9979116370914527	-0.00031153364270175565
58	0.9972662174628604	0.9966284797882912	-0.0006377376745692054
59	0.9990959209555546	0.998858117805729	-0.00023780314982557726
60	0.9999994911973367	0.9999983878676567	-1.103329679952303e-06
61	0.9990559162615961	0.9988820585915765	-0.00017385767001953933
62	0.9990878968291499	0.998908050051437	-0.0001798467777128776
63	0.9999113072838252	0.9999656664116916	5.435912786644348e-05
64	0.9991230042639404	0.9989071868143697	-0.0002158174495706655
65	0.9999073834426738	0.9995000668874936	-0.000407316555180226
66	0.9990339032902693	0.9986014727474415	-0.0004324305428278219
67	0.999247931046685	0.9990139956272518	-0.0002339354194331733
68	0.9981567160823126	0.9972416432213829	-0.0009150728609297332
69	0.9982230812586788	0.9972518139577379	-0.0009712673009408812
70	0.9977553999291305	0.9971143113841533	-0.0006410885449772419
71	0.9973347928310223	0.9968925584119405	-0.0004422344190818661
72	0.999073692754724	0.9986163042775273	-0.0004573884771966741
73	0.999160355457758	0.9990055371757849	-0.00015481828197316805
74	nan	nan	nan
75	0.9999083753168473	0.9996283226322141	-0.0002800526846331586
76	0.9999141108428575	0.9995452511356785	-0.0003688597071790367
77	0.9998626307854055	0.9992138233431372	-0.000648807442268251
78	0.9988622416605085	0.9984380042118091	-0.00042423744869946045
79	0.9983059313480176	0.9971209432351162	-0.0011849881129013529
80	0.9999157979272871	0.9999181582843324	2.3603570452612743e-06
81	0.9997792191935712	0.9994288978084565	-0.0003503213851147047
82	0.9990495198664879	0.9985766272950901	-0.0004728925713978205
83	0.9998133456952755	0.9994368227233944	-0.00037652297188106587
84	0.9999279539470791	0.999629970053083	-0.00029798389399615655
85	0.9989918970863877	0.9982316820002672	-0.0007602150861204526
86	0.9990807446683109	0.9989465198733795	-0.0001342247949314146
87	0.9983216356802609	0.9975640014300221	-0.0007576342502387812
88	0.9982257016520047	0.9977217410077033	-0.000503960644301471
89	0.9991028688417519	0.9989648655326796	-0.00013800330907232095
90	0.9979464296177029	0.9962800729516922	-0.001666356666010671
91	0.9998734178508547	0.999895119313171	2.170146231628145e-05
92	0.9989729564714468	0.9985325466325752	-0.0004404098388716138
93	0.9998155316020153	0.9991306047373514	-0.0006849268646639262
94	0.9997516376198889	0.9985319322694336	-0.0012197053504553468
95	0.9989947772689375	0.9980760617043101	-0.0009187155646274148
96	0.9999005273262963	0.999617996953565	-0.00028253037273129333
97	0.9982832890915891	0.9976602110290681	-0.000623078062521043
98	0.9999995461325373	0.9999985516556893	-9.944768479819288e-07
99	0.9998866376960573	0.9998116870052762	-7.495069078111705e-05
100	0.9991329757766849	0.9990586459533943	-7.432982329058646e-05
101	0.9989526791459906	0.998409376019891	-0.0005433031260996257
102	0.9998682224460576	0.9995264498128525	-0.0003417726332050064
103	0.9989965085989533	0.9985326774577474	-0.00046383114120585045
104	0.9999392968117138	0.9999131692174815	-2.612759423226141e-05
105	0.9998183302852109	0.9990151963246302	-0.0008031339605807375
106	0.9998657243193868	0.9995008891260873	-0.00036483519329955083
107	0.998101006335698	0.9976454236030162	-0.00045558273268175853
108	0.9990239159478489	0.9985538768404385	-0.00047003910741039157
109	0.9998766076961272	0.9995355700263904	-0.00034103766973681005
110	0.9981647600083889	0.9973725066438991	-0.0007922533644898477
111	0.9989974507735337	0.9985570481176489	-0.00044040265588485283
112	0.9981541912652856	0.9970787689670977	-0.0010754222981879114
113	0.9990627629211565	0.9983088528455911	-0.000753910075565356
114	0.9998386611375354	0.9992365681702382	-0.0006020929672971853
115	0.9998286811341296	0.999217364033389	-0.0006113171007405827
116	0.9990594989983367	0.9982665062537815	-0.0007929927445551321
117	0.9998932177419038	0.9994869003397816	-0.0004063174021221583
118	0.9990117393749379	0.9984873954734382	-0.0005243439014996909
119	0.9999357484295759	0.9998604956476128	-7.52527819630755e-05
120	0.9990062716704551	0.9984803935575919	-0.0005258781128631984
121	0.9990115213451417	0.9985398985257403	-0.00047162281940138495
122	0.9982073693596305	0.9973521692366499	-0.0008552001229805706
123	0.9998791306730246	0.9993151204040107	-0.0005640102690138704
124	0.9999722410164897	0.9998803824170902	-9.185859939953023e-05
125	0.9998810902956647	0.9995356084973028	-0.00034548179836191295
126	0.9990503193872446	0.9988566176366575	-0.00019370175058719408
127	0.9991194709480513	0.9986582691874821	-0.0004612017605691854
128	0.9989110859021966	0.9981288719303518	-0.0007822139718447474
129	0.9989983488099543	0.9984313375785759	-0.0005670112313783671
130	0.9980853319215529	0.9977474329085595	-0.0003378990129934145
131	0.9999538817781757	0.999981140598736	2.7258820560316366e-05
132	0.9999411073416661	0.9996427918691687	-0.000298315472497368
133	0.9982243514255207	0.9973557021692925	-0.0008686492562282044
134	0.9998706588028269	0.9992549707702747	-0.0006156880325521863
135	0.9987700825657078	0.9979134595055262	-0.0008566230601815272
136	0.9999246101776003	0.9998537946200675	-7.081555753274404e-05
137	0.9998642439855098	0.9996262469479306	-0.00023799703757920732
138	0.9988700125208269	0.9982448632787061	-0.0006251492421207594
139	0.9990111749411724	0.9981325444942328	-0.0008786304469395878
140	0.9991113948808354	0.9986946854003531	-0.0004167094804823357
141	0.9980912571854579	0.9971696680212903	-0.0009215891641676244
142	0.9997740176793485	0.9987475811003277	-0.0010264365790207952
143	0.9982682831145098	0.9975535425390485	-0.0007147405754612812
144	0.9999387876418376	0.9996286070977133	-0.0003101805441243499
145	0.9989294571001981	0.9987918307411885	-0.00013762635900960163
146	0.99998832667638	0.9999374073956191	-5.0919280760952645e-05
147	0.9982152516891902	0.9970554120821644	-0.0011598396070258143
148	0.9976806981902309	0.9953274927177969	-0.0023532054724340057
149	0.9991597563942921	0.9989587133398204	-0.00020104305447166126
150	0.9992105435912819	0.9989121956051488	-0.0002983479861331517
151	0.999762618769415	0.9991078274671036	-0.000654791302311386
152	0.9990305305399523	0.9985426329634858	-0.00048789757646650056
153	0.9998910490957374	0.9998950406864717	3.991590734275796e-06
154	0.9998500891097941	0.9998750671493566	2.4978039562473242e-05
155	0.9982544384031856	0.9977773067738237	-0.00047713162936191544
156	0.9989283843487654	0.99802820021531	-0.000900184133455384
157	0.998968584060824	0.9979182186075186	-0.0010503654533053908
158	0.9981727694987537	0.9977311711831568	-0.00044159831559686946
159	0.9983727106298556	0.9979974912400813	-0.0003752193897742506
160	0.9981092594518866	0.9977885484287127	-0.0003207110231738808
161	0.9989751092405046	0.9985908747365593	-0.0003842345039453132
162	0.9999359090785986	0.999601522164923	-0.0003343869136755995
163	0.9999107463668878	0.9999625219349775	5.177556808966255e-05
164	0.9975747156273926	0.9973056428440005	-0.0002690727833921658
165	0.9999004707015567	0.9998639070705452	-3.656363101156579e-05
166	0.9975957027600487	0.9966783895757124	-0.0009173131843362992
167	0.9989610609722273	0.9987638858474414	-0.00019717512478589772
168	0.9998559952560561	0.9992010601934657	-0.0006549350625904005
169	0.9998762137425329	0.9995027579396735	-0.0003734558028594126
170	0.9998393475838212	0.9995801994641272	-0.0002591481196939638
171	0.9989875490711362	0.9984906940914624	-0.0004968549796737776
172	0.9999636174170077	0.9998680316725281	-9.558574447954271e-05
173	0.9990194350648686	0.9980515585364224	-0.0009678765284462099
174	0.9990460218611363	0.9983840238541322	-0.000661998007004172
175	0.9989595392201407	0.9981813954050703	-0.0007781438150703535
176	0.9999277199228586	0.9998599011194398	-6.781880341877322e-05
177	0.9981108032887134	0.9974160857513699	-0.0006947175373435144
178	0.9990622614786102	0.9986056899705512	-0.0004565715080590005
179	0.9990285986178866	0.9986101971000517	-0.00041840151783489876
180	0.9998491071461962	0.9994657445812694	-0.00038336256492688126
181	0.9992577751067757	0.9990696248119261	-0.00018815029484964274
182	0.9964304093664312	0.9951854133885076	-0.001244995977923602
183	0.9998669909274541	0.9995987271221665	-0.0002682638052876607
184	0.9988810290514152	0.9982349907380021	-0.0006460383134130332
185	0.9983522286899882	0.9979275957187664	-0.00042463297122175003
186	0.9999802344109043	0.9999307156954454	-4.9518715458884976e-05
187	0.998042025964968	0.9972171336226545	-0.0008248923423135324
188	0.998219633673495	0.9977024212679052	-0.0005172124055897731
189	0.997999909968561	0.9973134284158237	-0.0006864815527373169
190	0.9998693285616581	0.9992358646656228	-0.0006334638960353578
191	0.9991214325252896	0.9984830208188797	-0.0006384117064098804
192	0.9990789148009449	0.9985568405569961	-0.0005220742439487891
193	0.9991093141499446	0.9986378967828765	-0.00047141736706812765
194	0.9999558322391731	0.999983467825969	2.7635586795971e-05
195	0.999955557101087	0.999981199041879	2.5641940792020534e-05
196	0.9999134640168718	0.9997676779333808	-0.00014578608349091748
197	0.9990196909593281	0.9982775385906767	-0.0007421523686513831
198	0.9988915849326923	0.9977384237077679	-0.0011531612249243706
199	0.9990178320639891	0.9988626804732118	-0.00015515159077728047
200	0.9988606336289028	0.9982967683962741	-0.0005638652326286353
201	0.9991060297187352	0.9989986288341252	-0.00010740088461003161
202	0.9987649945193159	0.9982149716973172	-0.0005500228219986747
203	0.9990391348499164	0.9983047374007693	-0.0007343974491470506
204	0.9999586242280961	0.9999837894091002	2.516518100403875e-05
205	0.9998574936648614	0.9993013929481787	-0.0005561007166827725
206	0.9981557455080509	0.9974611100471527	-0.0006946354608982075
207	0.9983112620530527	0.9974060994575756	-0.0009051625954770159
208	0.9981602709637879	0.9970566360819992	-0.001103634881788662
209	0.9981686423460725	0.9978195186843261	-0.00034912366174644216
210	0.9999407558878695	0.9996232581505594	-0.00031749773731004627
211	0.9998557031212906	0.9994697888274383	-0.00038591429385226306
212	0.9979550194551234	0.9973547445356334	-0.0006002749194899959
213	0.9999144449603752	0.999957847408978	4.340244860279174e-05
214	0.9991714589516918	0.9988773353465988	-0.0002941236050929552
215	0.99907867591855	0.9981212889895951	-0.000957386928954973
216	0.9997867050574307	0.9991555524835353	-0.0006311525738954549
217	0.999120457912017	0.9987318315075729	-0.00038862640444403684
218	nan	nan	nan
219	0.9981676995461511	0.9976532324216923	-0.0005144671244587951
220	0.9990600972152377	0.9985732526853136	-0.0004868445299240909
221	nan	nan	nan
222	0.9987846181573494	0.9977016511033625	-0.0010829670539869163
223	0.998930685931871	0.9980662675142397	-0.0008644184176312963
224	0.9998221525486448	0.9992101811397779	-0.0006119714088669292
225	0.9997592696352673	0.9988211030116698	-0.0009381666235974695
226	0.9980552224246354	0.9974567646764113	-0.0005984577482240905
227	0.9973854915213554	0.9965860227364519	-0.0007994687849034454
228	0.9981165456002197	0.9970791890485362	-0.001037356551683466
229	0.9990979929143897	0.9988982767882841	-0.00019971612610558687
230	0.9999159506225073	0.999968120027659	5.216940515173629e-05
231	0.998954778055424	0.9984477904269222	-0.0005069876285017649
232	0.9998802677494119	0.9994976546031412	-0.00038261314627063836
233	0.9988802940945734	0.9978780912001867	-0.0010022028943866834
234	0.9998042668221742	0.9991673104691072	-0.0006369563530669309
235	0.9999292068889583	0.9996262417477613	-0.0003029651411969869
236	0.9999610973289432	0.9999840894825129	2.299215356971196e-05
237	0.998850272015527	0.9982748927254046	-0.0005753792901224131
238	0.9969987717360886	0.9961878326482264	-0.000810939087862228
239	0.9998257615388525	0.9996101803052462	-0.0002155812336063212
240	0.9989484846405577	0.9982141686768976	-0.0007343159636601371
241	0.9999450165010038	0.9999230673564938	-2.1949144509925134e-05
242	0.9990440347772359	0.9985597192037505	-0.00048431557348538323
243	0.9982718172946106	0.9978350317321525	-0.0004367855624580752
244	0.9990742864070727	0.998479204194085	-0.0005950822129877631
245	0.999171487373205	0.998934371141574	-0.00023711623163102935
246	0.999914227757561	0.999966324863588	5.20971060270492e-05
247	0.9990797542773681	0.9987749801305336	-0.00030477414683449666
248	0.9975753755722705	0.9965938366203995	-0.0009815389518710305
249	0.9990466222525175	0.9983311686492771	-0.0007154536032404346
250	0.9998957495622227	0.9996192166270503	-0.00027653293517238
251	0.9989509961214004	0.9982530149656008	-0.0006979811557995541
252	0.9991098971182558	0.9985066617051738	-0.0006032354130820483
253	0.9972485114204926	0.9962910938644216	-0.0009574175560710385
254	0.9988377829340653	0.99837589336722	-0.00046188956684534155
255	0.9984393371658546	0.9976510326000149	-0.0007883045658397814
256	0.9998950933989014	0.9994886759310517	-0.00040641746784964017
257	0.9999293502835872	0.9998474336400761	-8.191664351109296e-05
258	0.9991069811648641	0.9987602416802409	-0.00034673948462315973
259	0.999034127073277	0.9984754473969125	-0.0005586796763644708
260	0.9981862490929881	0.9974151967648007	-0.000771052328187416
261	0.9998121070525618	0.999417877020347	-0.0003942300322148373
262	0.9977025224766324	0.9965079997928167	-0.001194522683815702
263	0.9998450776719281	0.9991575716257661	-0.0006875060461619675
264	0.9999653553388537	0.9999863620921544	2.1006753300745196e-05
265	0.9982522610184578	0.9976459637147889	-0.0006062973036689012
266	0.9990502670032314	0.9985731187033658	-0.0004771482998655596
267	0.9999071699838086	0.9995178691339787	-0.00038930084982991
268	0.9991137249225461	0.9985915591600008	-0.000522165762545379
269	0.9971474821824626	0.9963333023078592	-0.0008141798746034157
270	0.9982957761938522	0.9978296112322809	-0.0004661649615713692
271	0.9999045322372866	0.999502025071646	-0.00040250716564060873
272	0.9998484801298156	0.9996042461166552	-0.00024423401316042703
273	0.9998357371777186	0.9992869925966578	-0.0005487445810608005
274	0.9991422093523531	0.9989225778177456	-0.00021963153460746732
275	0.9982666417171838	0.9974838467807611	-0.0007827949364227482
276	0.9999267486513609	0.9995888950515713	-0.00033785359978955043
277	0.9990092877089725	0.9981199050665327	-0.0008893826424397622
278	0.999937661045201	0.9996378458021763	-0.00029981524302469253
279	0.9997995816250029	0.9988059395286394	-0.000993642096363545
280	0.9990756675822932	0.9986073511379788	-0.0004683164443143317
281	0.9990925488937811	0.9988651556890695	-0.00022739320471154567
282	0.9990726646642917	0.9985976743389524	-0.000474990325339264
283	0.9999346997450824	0.9996324903820407	-0.00030220936304170554
284	0.9998401696119329	0.9992167770472697	-0.00062339256466315
285	0.9999673404534392	0.9999844190353483	1.7078581909135693e-05
286	0.9992029190768533	0.9989129159590615	-0.000290003117791815
287	0.9999998253921923	0.9999993717776448	-4.536145475908526e-07
288	0.9999847410023234	0.9999332968381972	-5.14441641261687e-05
289	0.9997623552461566	0.9992522693187029	-0.0005100859274537184
290	0.9999241223544918	0.9998507941533693	-7.332820112249117e-05
291	0.9990449076458615	0.9989434026803312	-0.00010150496553029686
292	0.999083268152014	0.9985138940489424	-0.0005693741030715627
293	0.9990486251988936	0.9988574759713672	-0.0001911492275263882
294	0.9982106116596711	0.9979697528631335	-0.0002408587965375686
295	0.9997838888034547	0.9988393130718016	-0.0009445757316530745
296	0.9998285000029118	0.9992163804169488	-0.0006121195859629669
297	0.9998729276232019	0.999254065472858	-0.0006188621503439018
298	0.997964189520383	0.9962940469901228	-0.0016701425302602102
299	0.9989389339399007	0.9984418575745821	-0.0004970763653185939
300	0.9989697451863637	0.9987567630304548	-0.0002129821559089251
301	0.9981408966565672	0.9975791330758809	-0.0005617635806863808
302	0.9991361164832163	0.9984826296198983	-0.0006534868633180091
303	0.9983091618461889	0.9978789962369511	-0.0004301656092378092
304	0.9999003902130018	0.9996395004477029	-0.0002608897652989217
305	0.9982023227736235	0.9976931340384518	-0.000509188735171695
306	0.9990874561881251	0.9989667656547853	-0.00012069053333985114
307	0.9990575417301554	0.9986305662471904	-0.00042697548296499743
308	0.9998505885195978	0.9991073280460256	-0.0007432604735722048
309	nan	nan	nan
310	0.999124956478031	0.9989187920354496	-0.00020616444258136912
311	0.998924207052467	0.9980781451937989	-0.0008460618586680901
312	0.999901118549178	0.9996065992972447	-0.00029451925193324513
313	0.9981072048358294	0.9971676423437486	-0.0009395624920808254
314	0.9981221785690063	0.9975816171620638	-0.0005405614069424747
315	0.9991268558822429	0.9985040612955794	-0.0006227945866634776
316	0.9990958367408238	0.9989019436273927	-0.00019389311343109839
317	0.9990709678952813	0.9988747140523416	-0.0001962538429396421
318	0.9982217468394984	0.9978823554638392	-0.00033939137565919264
319	0.9989339014828127	0.9984027408974039	-0.0005311605854088075
320	0.9991392251032505	0.9986064823891802	-0.0005327427140703334
321	0.9982413914371316	0.9978681413337366	-0.00037325010339506193
322	0.9978783535457529	0.9968152803248912	-0.0010630732208617433
323	0.9991110082707205	0.9985408244687217	-0.0005701838019988026
324	0.9989778542679306	0.9979248427974275	-0.0010530114705030735
325	0.9997300142696799	0.9985006207603195	-0.0012293935093603547
326	0.9973516952869823	0.9965552217536404	-0.0007964735333418904
327	0.998995064856653	0.9988027565010206	-0.0001923083556324423
328	0.9999073433597004	0.9995140990004657	-0.00039324435923471235
329	0.9974744147138861	0.9965276000166324	-0.0009468146972536617
330	0.9990485913351667	0.9985934842574831	-0.00045510707768359193
331	0.9998109002788208	0.9995792337559938	-0.00023166652282702316
332	0.9999830715142515	0.9999325878941683	-5.048362008319707e-05
333	0.9983015490307565	0.9976390015015457	-0.0006625475292107996
334	nan	nan	nan
335	0.9998164493199083	0.9995310892843409	-0.00028536003556745015
336	0.9973918848323452	0.9966353568846139	-0.0007565279477312892
337	0.9974577781822211	0.9966889109756796	-0.000768867206541568
338	0.9991098542516647	0.9985813968228049	-0.0005284574288597632
339	0.9991637957474546	0.9990757289018162	-8.806684563844591e-05
340	0.9990562104973303	0.9986497573953373	-0.00040645310199294293
341	0.9997435914552052	0.9989545128750281	-0.0007890785801770717
342	0.9990762635595078	0.9982515323063117	-0.0008247312531961537
343	0.9990841988492679	0.9988950548763528	-0.00018914397291514007
344	0.999962767031194	0.9999849668070971	2.2199775903120056e-05
345	0.9981547082810587	0.9976133315949772	-0.0005413766860814517
346	0.9980221279481144	0.9976683392638422	-0.0003537886842721605
347	0.9998495604768005	0.9996007037813239	-0.00024885669547658473
348	0.9989706516065032	0.9984540642565313	-0.0005165873499719531
349	0.9982456163291579	0.9977812206269622	-0.0004643957021956968
350	0.9971668246081358	0.99542044094115	-0.0017463836669857624
351	0.9998858136691541	0.9995288962561422	-0.0003569174130119146
352	0.9997715458655492	0.9988223313920424	-0.0009492144735068209
353	0.9999568199783406	0.9999824308302603	2.5610851919655175e-05
354	0.9997885310972755	0.9991839475619662	-0.0006045835353093443
355	0.9990202979535396	0.9985273904044317	-0.0004929075491079127
356	0.999058921471662	0.9986160753882742	-0.0004428460833877379
357	0.998029633576984	0.9967051893618228	-0.0013244442151612024
358	0.9998982468275867	0.9996103911491061	-0.00028785567848055305
359	0.9989947626162273	0.9985411183524131	-0.0004536442638142235
360	0.9989786839467575	0.998251554404954	-0.0007271295418035395
361	0.9979934351368012	0.9973901641139155	-0.0006032710228857097
362	0.9989796543298118	0.998488584539593	-0.0004910697902188454
363	0.9997627114876951	0.9992038448940981	-0.0005588665935970516
364	0.9981932762510412	0.9979127875079251	-0.00028048874311603633
365	0.9981038700301443	0.9972584933180534	-0.0008453767120909506
366	0.9991192457694443	0.9986659940938005	-0.00045325167564380653
367	0.9999153285358563	0.9998040558157133	-0.00011127272014299638
368	0.9981459343281548	0.9970488118395984	-0.0010971224885564235
369	0.9990261848721702	0.99862365587085	-0.0004025290013202065
370	0.9990659259663436	0.9982297492414844	-0.000836176724859139
371	0.9999676763979062	0.9998686066515162	-9.906974638995703e-05
372	0.999421842361033	0.9972673205734276	-0.0021545217876054457
373	0.9988408248189979	0.9977055764304675	-0.0011352483885304077
374	0.9999996646505638	0.9999991412632256	-5.23387338136061e-07
375	0.999122471030998	0.9985968948627316	-0.0005255761682664284
376	0.9998600757049161	0.9991906266809969	-0.0006694490239191886
377	0.9999195213583043	0.9999689417003224	4.9420342018047236e-05
378	0.9997718326728764	0.9990533999815799	-0.0007184326912964556
379	0.9990617671751456	0.9988184998870635	-0.00024326728808210518
380	0.9983714835644932	0.997536541858062	-0.0008349417064312803
381	0.9982838024676224	0.9980229602749326	-0.0002608421926897364
382	0.9991157796926929	0.9985751630706698	-0.0005406166220230935
383	0.998186903630705	0.9974516235439195	-0.0007352800867854725
384	0.9974691004728692	0.9968146993044379	-0.0006544011684312956
385	0.9990880592969552	0.9986837269447941	-0.0004043323521610853
386	0.9989171086549353	0.9981021774177813	-0.0008149312371540374
387	0.9991638005472488	0.9989578488276507	-0.00020595171959814085
388	0.9980401629988906	0.9973575105366651	-0.0006826524622255414
389	0.9988832512859214	0.998048140674344	-0.0008351106115773721
390	0.9990026055459931	0.9978088878722007	-0.0011937176737923938
391	0.9999790989576132	0.9999235195058428	-5.557945177037116e-05
392	0.9997728404699231	0.9991659491744593	-0.0006068912954637629
393	0.9972617770201841	0.9964698872176	-0.0007918898025841559
394	0.9999577005107164	0.9998077751425696	-0.00014992536814684154
395	0.9960380139093952	0.9952245362408072	-0.0008134776685879697
396	0.9999362123242879	0.9995927677782454	-0.00034344454604251506
397	0.999812274226307	0.999250909070891	-0.0005613651554160493
398	0.9997793512264221	0.9990934235877706	-0.0006859276386514956
399	0.999053880115862	0.9988385308059285	-0.0002153493099334991
400	0.9983101249829046	0.997588491995519	-0.0007216329873855898
401	0.9974504154361407	0.9962349340807095	-0.0012154813554311472
402	0.9982662286314149	0.9977787742488567	-0.0004874543825581501
403	0.9990505609526638	0.998628918017294	-0.00042164293536972597
404	0.9998833349715528	0.9992794520802314	-0.0006038828913214056
405	0.9983323360403417	0.9973177146900986	-0.0010146213502431056
406	0.9972927490792878	0.9967492971824432	-0.0005434518968445712
407	0.9990688373101007	0.9985438251198683	-0.0005250121902323768
408	0.9991236625843476	0.9989531792482121	-0.00017048333613545186
409	0.9998448922619436	0.9994049785327899	-0.0004399137291537514
410	0.9999570351950017	0.9999848169456066	2.7781750604916056e-05
411	0.9998499755694185	0.9995525355739026	-0.0002974399955159024
412	0.9989510605638974	0.9977315260991447	-0.0012195344647526474
413	0.9997626554495819	0.9993707647681248	-0.0003918906814570633
414	0.9971735277025571	0.9960859820869294	-0.0010875456156276275
415	0.999018014831805	0.9988065535390387	-0.00021146129276627956
416	0.9999358812623577	0.9999098428705221	-2.6038391835569996e-05
417	0.99979028625473	0.999039835088487	-0.0007504511662429492
418	0.9991061761505147	0.9989533550517291	-0.0001528210987855605
419	0.9998161077234684	0.9991550542489597	-0.0006610534745087326
420	0.9989905056640463	0.998401108018	-0.0005893976460463746
421	0.9990377008531023	0.998249508042865	-0.0007881928102372315
422	0.9978708924888101	0.9977135530669035	-0.00015733942190665484
423	0.9998086906738701	0.9995683339143221	-0.0002403567595480327
424	0.9997946013676172	0.9992665989742309	-0.0005280023933863509
425	0.9989350726812336	0.9981425492246407	-0.000792523456592864
426	0.9974929825493367	0.996993337666262	-0.0004996448830747457
427	0.9996601618368577	0.9989250724386579	-0.000735089398199773
428	0.9981798381113932	0.9974367638416944	-0.0007430742696987735
429	0.9980768353057645	0.997756704134824	-0.0003201311709405408
430	0.9998781183117345	0.9998217577908084	-5.636052092605759e-05
431	0.9991921002021036	0.9988631025206004	-0.00032899768150318476
432	0.998929735621059	0.9975445718987269	-0.0013851637223321056
433	0.9989668298060287	0.9984545137393608	-0.0005123160666679061
434	0.9999279312241972	0.9995950685962989	-0.00033286262789833376
435	0.9999601559814653	0.9999829461401242	2.2790158658914095e-05
436	0.9998415776979153	0.999229758564376	-0.0006118191335392487
437	0.9990488922510615	0.9988397937727448	-0.00020909847831673822
438	0.9991474226416264	0.9985741571716267	-0.0005732654699996953
439	0.9989895033660654	0.998632792733642	-0.00035671063242337375
440	0.999900650307652	0.9999033225124406	2.672204788667365e-06
441	0.999941850653049	0.9999109046181583	-3.094603489062209e-05
442	0.9980068675612153	0.9971945665246332	-0.0008123010365820305
443	0.9999583976104202	0.9999813827982741	2.298518785393e-05
444	0.9990381141829775	0.9983434573865062	-0.0006946567964712935
445	0.9991694491910494	0.9989411901480647	-0.00022825904298473532
446	0.9981746549630572	0.9974626379866468	-0.0007120169764104345
447	nan	nan	nan
448	0.9990345966049088	0.9986945579069808	-0.00034003869792798014
449	0.9999198377812174	0.9997290914677593	-0.0001907463134580567
450	0.998938236533231	0.9988182817102669	-0.00011995482296411897
451	0.9998311394999165	0.9990786682737168	-0.0007524712261997024
452	0.9998693999129872	0.9992023793799061	-0.0006670205330810974
453	0.9999049992726109	0.999500885791462	-0.00040411348114888224
454	0.9998335727350494	0.9994806367423962	-0.00035293599265318054
455	0.9981179179203565	0.9974632189415148	-0.000654698978841739
456	0.9985652035858008	0.9980426894590366	-0.0005225141267641842
457	0.99805841912721	0.9974290426266494	-0.0006293765005606078
458	0.9991443172187305	0.9989692841715406	-0.00017503304718990975
459	0.9989426956405622	0.9984880538379473	-0.00045464180261489684
460	0.9989566577703595	0.9987817601890164	-0.00017489758134303646
461	0.9998841704079623	0.9995601019368316	-0.0003240684711306452
462	0.9999303475774436	0.9996111767567141	-0.00031917082072951963
463	0.9998850439465243	0.9995576294497888	-0.00032741449673556744
464	0.9980340259597182	0.9976264477978352	-0.00040757816188308205
465	0.9991159865267517	0.9985855034895397	-0.0005304830372120373
466	0.99741744114881	0.9963530330449355	-0.0010644081038745368
467	0.9998620971846487	0.9994930370228181	-0.0003690601618305811
468	0.9999001827029329	0.9998398681636641	-6.0314539268802037e-05
469	0.9997424345963883	0.9988006446771251	-0.0009417899192631918
470	0.9998745735892263	0.9994224826304341	-0.00045209095879217287
471	0.9975521074821306	0.9966531065327575	-0.0008990009493731188
472	0.9998221696702861	0.9994540471171178	-0.0003681225531683152
473	0.9998693331880615	0.9998173779647973	-5.195522326417734e-05
474	0.9989899850995148	0.998396977120718	-0.0005930079787968001
475	0.9982220460368532	0.9971319136152303	-0.0010901324216228137
476	0.9989942016040961	0.9988895842240854	-0.00010461738001077414
477	0.9989112941047832	0.9980746793506589	-0.0008366147541243318
478	0.999180403590644	0.9986299984642004	-0.0005504051264435539
479	0.999852075198352	0.9996019066173008	-0.0002501685810512022
480	0.9991647617707575	0.9982753107983882	-0.0008894509723693655
481	0.9981377622020017	0.9974059216942642	-0.0007318405077374468
482	0.998491438402282	0.9979942119325147	-0.0004972264697673534
483	0.9996974838886793	0.998778167052109	-0.0009193168365703164
484	0.9982787241336598	0.9979097281756386	-0.000368995958021201
485	0.9990307792554654	0.9982235515231027	-0.0008072277323626365
486	0.9974209138459738	0.9966561217773675	-0.0007647920686062459
487	0.9998213989199844	0.9994791490129502	-0.0003422499070342422
488	0.9982923828829403	0.9977472969121234	-0.0005450859708169276
489	0.999086447828818	0.9985832853769084	-0.0005031624519095113
490	0.9991007942314745	0.9989103655977216	-0.00019042863375284824
491	0.9998882432838921	0.9998380662152595	-5.017706863263971e-05
492	0.9998779790907912	0.9999541365553691	7.61574645778973e-05
493	0.9999449091504837	0.9999234099774803	-2.1499173003425298e-05
494	0.9974924949056477	0.9964711090031232	-0.0010213859025245409
495	0.9998723381000106	0.9997776227872294	-9.471531278126832e-05
496	0.997061518740387	0.9954961361709003	-0.001565382569486684
497	0.9998899514876654	0.9996074987510982	-0.0002824527365671292
498	0.9998595920087656	0.9993542807736518	-0.0005053112351137701
499	0.9981381330512554	0.9977112283550265	-0.0004269046962289691
500	0.9989345057786689	0.9985903671927976	-0.00034413858587134527
501	0.9990264347461383	0.99877628512059	-0.00025014962554825715
502	0.9999063816287109	0.9996188489503501	-0.0002875326783607912
503	0.9990531007479623	0.9986178966016536	-0.00043520414630870974
504	0.9991454641722071	0.9988560764055402	-0.00028938776666687094
505	0.9982891583834893	0.9973512800441398	-0.0009378783393495516
506	0.9989768447963788	0.998517241424127	-0.0004596033722518156
507	0.9998552636877502	0.9994368910976603	-0.00041837259008992156
508	0.9997645041720709	0.9987408970300333	-0.0010236071420375303
509	0.9996990395624122	0.9991368820868091	-0.0005621574756031755
510	0.9996892585530944	0.9990479549066674	-0.000641303646427005
511	0.9991474208439346	0.9989871553439368	-0.0001602654999978137
512	0.999082699067939	0.9988430978411871	-0.00023960122675192874
513	0.9991322027390236	0.9989444126412047	-0.00018779009781888512
514	0.998945232375112	0.9978814317428938	-0.0010638006322182259
515	0.9989540881539779	0.9985111106334859	-0.0004429775204920494
516	0.9999603116222336	0.9999823775670185	2.206594478482149e-05
517	0.9983603966413395	0.9974792356996707	-0.0008811609416687904
518	0.9999860738523015	0.9999425727332756	-4.35011190259571e-05
519	0.9998314011835896	0.9993702450763581	-0.00046115610723151956
520	0.9989087271016663	0.9984682167740431	-0.0004405103276232669
521	0.9998787616562023	0.999275619604371	-0.000603142051831318
522	0.9999225270301755	0.9995797331219098	-0.00034279390826563727
523	0.999060655588086	0.998205664827522	-0.0008549907605639451
524	0.9965939977783477	0.9959011029218976	-0.000692894856450077
525	0.9982045282193543	0.996825214472658	-0.001379313746696309
526	0.9990018291590294	0.9985015522379443	-0.0005002769210850078
527	0.9989809321466979	0.9982903798506734	-0.0006905522960245492
528	0.9997514861200612	0.9992056376112912	-0.0005458485087699305
529	0.9982747170567601	0.9979136891867824	-0.00036102786997771474
530	0.9999996850216276	0.9999989448106702	-7.402109574172755e-07
531	0.9998148074401848	0.9995254784218611	-0.00028932901832368074
532	0.9989219459762895	0.9975294756712184	-0.0013924703050710585
533	0.9990031768703248	0.9987602391669949	-0.00024293770332994846
534	0.9999351330415618	0.9999776094876909	4.247644612909163e-05
535	0.9991113660171675	0.9988393036512121	-0.00027206236595544997
536	0.9990814960979606	0.9989813448382076	-0.00010015125975304517
537	0.9990942260405998	0.9985369789479152	-0.0005572470926846762
538	0.9983032243988107	0.9979261893072967	-0.0003770350915139886
539	0.9974816710103734	0.9964548629306966	-0.0010268080796768109
540	0.9991773786543359	0.9990935036678974	-8.387498643847024e-05
541	0.9999269592624486	0.9998711022432516	-5.585701919696984e-05
542	0.9999433671452649	0.9999181614281535	-2.5205717111398407e-05
543	0.9979893533669546	0.9966759084864786	-0.0013134448804760224
544	0.9991058850868892	0.9985686576988706	-0.0005372273880186462
545	0.9998549420215754	0.9995980970315679	-0.00025684499000755423
546	0.998191042381741	0.9975502358548113	-0.0006408065269296603
547	0.9981025657226382	0.9969814168294364	-0.0011211488932018066
548	0.9991764272419097	0.9989151820378526	-0.0002612452040571256
549	0.9989352857431709	0.998360865320864	-0.0005744204223069316
550	0.9991160875707752	0.9988489966850074	-0.0002670908857678178
551	0.9990311524871992	0.9983616346339138	-0.0006695178532853951
552	0.9987689685972991	0.997740279873242	-0.0010286887240571474
553	0.9982888116386025	0.9978889201543468	-0.00039989148425567667
554	0.9972881090939925	0.9967929966634836	-0.000495112430508815
555	0.9990050198895573	0.9981038488564925	-0.0009011710330647515
556	0.9983357540343387	0.9979194510775309	-0.0004163029568078347
557	0.9999214621896977	0.9995599070239519	-0.00036155516574576385
558	0.9970195999076837	0.9955046904703487	-0.0015149094373350103
559	0.9999104144855602	0.9999675272866543	5.711280109410577e-05
560	0.9983579957642096	0.9975892560115617	-0.0007687397526479067
561	0.9989801433070565	0.9984987206062541	-0.0004814227008024252
562	0.998342579819977	0.9978538479839454	-0.0004887318360315973
563	0.9999609832711198	0.9999851754212558	2.4192150135937673e-05
564	0.999865758131761	0.9996010585274188	-0.0002646996043422778
565	0.9986593845554916	0.9974887621511337	-0.001170622404357946
566	0.999810571454692	0.998900125704417	-0.0009104457502749908
567	0.9990196728007097	0.9988700347298363	-0.00014963807087342573
568	0.9998743269360563	0.9992415722374689	-0.0006327546985873678
569	0.9999116811310874	0.9999094682343305	-2.212896756947913e-06
570	0.9990345985562853	0.9979669516516091	-0.0010676469046762005
571	0.9990727363529864	0.9989003086257052	-0.00017242772728121025
572	0.9981817954186254	0.9977836248732965	-0.00039817054532886864
573	0.9991025194457528	0.9985099223810998	-0.0005925970646529777
574	0.9999243696355063	0.9998658021648222	-5.8567470684112166e-05
575	0.9988525704220974	0.9977936797092242	-0.0010588907128732394
576	0.9991349600159793	0.9986238631056887	-0.0005110969102906093
577	0.9998622742074578	0.9995063046832486	-0.0003559695242091321
578	0.9989765402359629	0.9988058807649559	-0.0001706594710070286
579	0.99810334430313	0.9969307745169761	-0.0011725697861538764
580	0.9997497652560404	0.9990763880028674	-0.0006733772531730686
581	0.9989672773077679	0.997808953376669	-0.0011583239310989368
582	0.9989671888885648	0.9986816881563539	-0.0002855007322108971
583	0.9998459584000041	0.9993024707885659	-0.000543487611438187
584	0.9999365038771459	0.9996490569768258	-0.00028744690032012077
585	0.9992356283883119	0.9988993773374174	-0.00033625105089452045
586	0.999904340558297	0.9995050634586725	-0.0003992770996245065
587	0.9980963426563149	0.9976573912191411	-0.0004389514371737624
588	0.9990275033823736	0.9986980189295378	-0.0003294844528357599
589	nan	nan	nan
590	0.9987678415468657	0.9979391474290985	-0.0008286941177672036
591	0.9979910201586835	0.9969594564011927	-0.0010315637574908054
592	0.9990189339754296	0.998494697795849	-0.0005242361795806394
593	0.9964217453012302	0.9957057093235181	-0.0007160359777120817
594	0.9989709246849949	0.9979101976362312	-0.0010607270487636988
595	0.9999701614633361	0.9998931614149303	-7.700004840571761e-05
596	0.9999414937590961	0.9996341985772075	-0.000307295181888656
597	0.9980866710287787	0.9968708255934838	-0.001215845435294849
598	0.9984482452601202	0.9980268262779929	-0.00042141898212733064
599	0.999072642630726	0.9987395778593133	-0.0003330647714127055
600	0.998988545375769	0.9987231856838822	-0.00026535969188679065
601	0.9990286517376036	0.9985364978112893	-0.0004921539263142982
602	0.9998609524316933	0.9998805812273431	1.9628795649873076e-05
603	0.9989411957429201	0.9979729769539798	-0.0009682187889402671
604	0.9998812626314879	0.9995523130241725	-0.000328949607315443
605	0.9991465097373103	0.9988311279565175	-0.00031538178079282275
606	0.9982629720432817	0.9978379178575884	-0.0004250541856933854
607	0.9992154210373231	0.9989849928390532	-0.00023042819826990524
608	0.9998317374957293	0.9995247720937017	-0.0003069654020275703
609	0.9983585054066899	0.998002999534271	-0.0003555058724189486
610	0.9981206719248187	0.9970902649280213	-0.0010304069967973506
611	0.9998845955384901	0.9998441425350842	-4.0453003405827026e-05
612	0.9989690533952976	0.9987630009374616	-0.00020605245783600346
613	0.9990009806022854	0.9985060098124734	-0.0004949707898119771
614	0.9983586139622879	0.9979212441360171	-0.0004373698262707393
615	0.9999315023621311	0.9998493235485433	-8.217881358785206e-05
616	0.9981464224445943	0.9973674724491831	-0.0007789499954111712
617	0.998232495006854	0.9975991332412228	-0.000633361765631113
618	0.9999821479571147	0.9999342253465363	-4.7922610578399194e-05
619	0.9977067904937319	0.9971168478742226	-0.0005899426195092872
620	0.9999464004940546	0.999784063059157	-0.0001623374348975748
621	0.9978748962444471	0.9960518123194451	-0.001823083925002078
622	0.9990788556102753	0.9982078405212225	-0.0008710150890528512
623	0.9998865778846928	0.9994485269251809	-0.000438050959511882
624	0.9990661015032906	0.9989791891267501	-8.691237654046002e-05
625	0.9998696636736596	0.9995062819824659	-0.0003633816911936538
626	0.9999622775714574	0.9998554014905362	-0.00010687608092119216
627	0.9990029463454605	0.9982149051983552	-0.0007880411471052895
628	0.9990664718602686	0.9987657915851822	-0.00030068027508645123
629	0.9990189343974125	0.9988936301064913	-0.0001253042909211688
630	0.9975681450904352	0.9969554427616424	-0.0006127023287928468
631	0.999090555606972	0.9988090680405424	-0.0002814875664296501
632	0.9983430190635887	0.9980295318722909	-0.0003134871912977566
633	0.9979341146213725	0.9968734929234925	-0.0010606216978800154
634	0.9990470319289116	0.9985523218429128	-0.000494710085998884
635	0.9998727297519123	0.9992383883839037	-0.0006343413680086618
636	0.9999050839949873	0.9999021949148995	-2.889080087831175e-06
637	0.9979265733251943	0.9973643538147231	-0.0005622195104711958
638	0.9975554220805168	0.9967402841072087	-0.0008151379733081221
639	0.9991358046972412	0.9988398213274515	-0.000295983369789643
640	0.9980078529106255	0.9973834795336958	-0.0006243733769297766
641	0.9999069026279831	0.9995350730400724	-0.0003718295879107103
642	0.9996537158560929	0.9987336929703462	-0.000920022885746663
643	0.9999260669956775	0.9999706267041454	4.455970846783952e-05
644	0.99994263381207	0.9996465768655959	-0.0002960569464741658
645	0.9999193390566785	0.9995691825302061	-0.0003501565264724116
646	0.9999992169172647	0.9999973941558962	-1.822761368508452e-06
647	0.9998715271697898	0.9998910419864543	1.9514816664512047e-05
648	0.9998639042726326	0.9998813701524697	1.7465879837086362e-05
649	0.9989923525818395	0.9980676020115767	-0.0009247505702627556
650	0.9990320328466346	0.9988980183666115	-0.00013401448002303695
651	0.9999363653762297	0.9996266539088094	-0.00030971146742020395
652	0.9990936029523796	0.998551498847219	-0.0005421041051605346
653	0.9998702796133287	0.9992554618244687	-0.0006148177888600781
654	0.9983372014105658	0.9980032154224867	-0.00033398598807909963
655	0.9991224124303502	0.9985463459423293	-0.0005760664880208877
656	0.999092281326661	0.9989824344564786	-0.00010984687018233963
657	0.9998291975370895	0.9992348255000466	-0.000594372037042934
658	0.9998817906128488	0.9995451450346939	-0.0003366455781548261
659	0.9981976275031254	0.997042978334842	-0.0011546491682833393
660	0.9989812153948718	0.9989000722685127	-8.11431263590956e-05
661	0.9991097819538498	0.9985804050226239	-0.0005293769312259
662	0.9991729477666138	0.9989303334080353	-0.0002426143585785301
663	0.9992179070080839	0.9990282603200096	-0.0001896466880743075
664	0.9999246770606591	0.999573786393269	-0.00035089066739013575
665	0.9999036123942888	0.9994965093340816	-0.00040710306020719234
666	0.9991145223809216	0.9988163755255904	-0.0002981468553311384
667	0.9999678032039886	0.9998719163602487	-9.588684373984524e-05
668	0.9969515989581155	0.9962351519093643	-0.0007164470487511787
669	0.9998799263240783	0.9994825026028434	-0.0003974237212348575
670	0.9964834404061719	0.9949632601056613	-0.0015201803005105985
671	0.9996994246348913	0.9984624018663254	-0.0012370227685658541
672	0.9983402719263105	0.9977491639396062	-0.0005911079867042535
673	0.9990263134820357	0.9985811010379064	-0.00044521244412931704
674	0.9976930896165284	0.9971939921546777	-0.0004990974618506172
675	0.9980356502782493	0.9975250943783135	-0.0005105558999357607
676	0.9990017311391131	0.9981984815493121	-0.0008032495898009362
677	0.9997588541293927	0.9987903732987103	-0.00096848083068235
678	0.9990315910565845	0.9981549532482906	-0.0008766378082938342
679	0.9989701129020908	0.9981220752310243	-0.0008480376710665594
680	0.9990735666739996	0.998947885698444	-0.00012568097555565316
681	0.99998639024816	0.9999422083467657	-4.418190139432454e-05
682	0.9981381861249166	0.9976685421890225	-0.000469643935894104
683	0.9989683000414362	0.998175659344826	-0.0007926406966102251
684	0.9991360076438542	0.9986163751015584	-0.0005196325422958115
685	0.999178875807376	0.9986092035291713	-0.0005696722782047026
686	0.9990157099556758	0.9981503621697515	-0.0008653477859242864
687	0.9990491698650301	0.9985126985583613	-0.0005364713066687843
688	0.9991562460285256	0.9982882194319737	-0.0008680265965519407
689	nan	nan	nan
690	0.999848462386143	0.9995399367920386	-0.00030852559410443625
691	0.9998529760544937	0.9994569040778108	-0.00039607197668289906
692	0.9999380773886485	0.9996590531398837	-0.00027902424876480314
693	0.9989626859248992	0.9984172357316854	-0.0005454501932138367
694	0.9998437013119843	0.9991488693909206	-0.0006948319210636766
695	0.9999203382529034	0.9998436995598591	-7.663869304430637e-05
696	0.9980729146431542	0.9975272489061761	-0.0005456657369781182
697	0.9998420935611504	0.9992659055727546	-0.0005761879883957599
698	0.9997222501671033	0.998823171336311	-0.0008990788307922104
699	0.999955524969514	0.9998069241272537	-0.00014860084226031578
700	0.9990969957540816	0.9986503873585749	-0.00044660839550669795
701	0.9999589063851232	0.9999830204006989	2.4114015575671388e-05
702	0.9990244138121107	0.9987689894491223	-0.0002554243629884212
703	0.9998803287795422	0.9995744700997486	-0.0003058586797936025
704	0.9970298562954115	0.9964640078573783	-0.0005658484380332007
705	0.9981454044899867	0.9976351720588303	-0.0005102324311563322
706	0.9999467676270304	0.9999220224567449	-2.4745170285500606e-05
707	0.9987612646796086	0.9980218449279262	-0.0007394197516823464
708	0.9959416343304222	0.9949507707604748	-0.0009908635699473756
709	0.9998801621900612	0.9996356714902365	-0.0002444906998246843
710	0.9983089761612631	0.9978281763261074	-0.0004807998351556986
711	0.9984414779887214	0.9979556691364299	-0.00048580885229154713
712	0.9982363872338457	0.9979849448542023	-0.0002514423796433629
713	0.9989732967265051	0.9985891546131564	-0.0003841421133486955
714	0.9998998503282258	0.9997847375039254	-0.00011511282430043401
715	0.9999864464189603	0.9999373115796967	-4.913483926360929e-05
716	0.9982157596344229	0.9976162690100651	-0.0005994906243578235
717	0.9991724645517276	0.9985979931486186	-0.000574471403108956
718	0.9966219977373426	0.9954818199056394	-0.0011401778317031708
719	0.9999067175354538	0.9996207791149199	-0.0002859384205339266
720	0.9989223574646127	0.9977853272727055	-0.0011370301919071402
721	0.998379697683826	0.9980175426222909	-0.00036215506153502997
722	0.9991639311149312	0.9986487617511659	-0.0005151693637652777
723	0.9980514893914527	0.997534272688154	-0.0005172167032987396
724	0.9997537409826434	0.9986571928673523	-0.0010965481152910295
725	0.9997611144936175	0.9992000460679443	-0.0005610684256731613
726	0.9998414737742204	0.9992782365381084	-0.0005632372361119575
727	0.9997527541365867	0.9989177045529534	-0.0008350495836333405
728	0.9990509664781979	0.9986130352116908	-0.0004379312665071522
729	0.9997926319129934	0.9988071081075287	-0.000985523805464683
730	0.9998969873723164	0.9998967728460937	-2.1452622267492671e-07
731	0.9991159885852392	0.9985986388601615	-0.0005173497250776649
732	0.999759241430273	0.9989133327561296	-0.0008459086741433586
733	0.9998880624472216	0.999460990529056	-0.0004270719181656002
734	0.9989927466976238	0.9982807155728096	-0.0007120311248142164
735	0.9979081536860228	0.997484270297058	-0.0004238833889648186
736	0.9991297341389127	0.9988640448677646	-0.00026568927114811736
737	0.9983825631617836	0.9979345099241548	-0.00044805323762886484
738	0.9988768940520244	0.9980780192469909	-0.0007988748050334893
739	0.9981533753350604	0.9979915095762384	-0.00016186575882204401
740	0.9990977940430467	0.9986624167778476	-0.00043537726519904396
741	0.9966665663636106	0.995611230604779	-0.0010553357588316548
742	0.9988009785310561	0.9979199192242925	-0.0008810593067636319
743	0.9981852706517049	0.9977996391611315	-0.00038563149057346813
744	0.9997960653458359	0.999182812883319	-0.0006132524625168667
745	0.998268939337627	0.9980895048201122	-0.00017943451751478712
746	0.9998286030686069	0.999240346335714	-0.0005882567328928667
747	0.9990598403530494	0.998531269167337	-0.0005285711857123676
748	0.9996870567605415	0.999137657670543	-0.0005493990899985146
749	0.9991832945412132	0.9989711316857144	-0.00021216285549885416
750	0.9989570105168506	0.9981265833138846	-0.0008304272029659998
751	0.99915086574202	0.9989961791908901	-0.00015468655112982344
752	0.9998901904628658	0.9995979387811096	-0.00029225168175617267
753	0.9989040468414734	0.9984212476147998	-0.00048279922667360253
754	0.999901441232087	0.999509016554663	-0.0003924246774240636
755	0.996383576517694	0.9951682325424364	-0.0012153439752576878
756	0.9988277850821845	0.9980929882178496	-0.0007347968643348635
757	0.9989392151970996	0.9980099297719885	-0.0009292854251110594
758	0.9978732341570457	0.9964905289203927	-0.001382705236652959
759	0.9999727147391075	0.9998824352931172	-9.027944599038218e-05
760	0.998909352894003	0.998328351342172	-0.0005810015518309397
761	0.9997751103286743	0.9988745918536455	-0.0009005184750288109
762	0.9999656721932522	0.9998703530562334	-9.531913701876782e-05
763	0.9982308330013299	0.9977143951223815	-0.0005164378789483948
764	0.9990558970432604	0.9989084094091916	-0.00014748763406879917
765	0.9998774021884043	0.9997606174584711	-0.00011678472993315037
766	0.9983413229407642	0.9980455791368443	-0.00029574380391983457
767	0.9982892079707206	0.9974060546105368	-0.0008831533601838526
768	0.9960526131838099	0.9946649052331457	-0.0013877079506642298
769	0.9981790812066533	0.9975448841586811	-0.0006341970479721848
770	0.9998826761824084	0.9992640796092788	-0.0006185965731296816
771	0.9971645266698073	0.996301859051777	-0.0008626676180302217
772	0.9999638929645617	0.9999864345370532	2.2541572491485695e-05
773	0.9991772442061735	0.9988172855532135	-0.00035995865296001295
774	0.9991547494569337	0.9989656697672803	-0.00018907968965342636
775	0.9999092843322815	0.9999208043404975	1.1520008215915034e-05
776	0.9984357344335739	0.9980435010013375	-0.0003922334322363774
777	0.9989345729092015	0.9976956522596959	-0.0012389206495055927
778	0.9988420165366217	0.9980859361172318	-0.000756080419389904
779	0.9998619032217564	0.999570783206327	-0.00029112001542941357
780	0.9998558128626222	0.9992045099968796	-0.0006513028657425535
781	0.9999298569391638	0.9998659343763929	-6.392256277087949e-05
782	0.9990833406966838	0.998436828256014	-0.0006465124406698219
783	0.9998938794334779	0.9995668568662058	-0.0003270225672720173
784	0.9991596357310317	0.9990250654239683	-0.00013457030706343076
785	0.9990994364426545	0.9988735066575274	-0.00022592978512714357
786	0.9998872620192499	0.9999518727125523	6.461069330232494e-05
787	0.9999006840725073	0.9996502291229807	-0.00025045494952657954
788	0.9991194180506568	0.998563089720189	-0.0005563283304678146
789	0.9991195108761741	0.9985415233577993	-0.0005779875183747896
790	0.998995755417768	0.9983705898554646	-0.0006251655623034091
791	0.9998657839392703	0.9994315230605973	-0.00043426087867293184
792	0.999881488876738	0.9996193339224787	-0.00026215495425929713
793	0.9990289644538238	0.9988170936890799	-0.00021187076474393773
794	0.9980891294118663	0.9977047254472686	-0.00038440396459771264
795	0.9999106322531611	0.999908770191021	-1.862062140145504e-06
796	0.999928403877894	0.9999700141806991	4.1610302805139554e-05
797	0.9999213378025369	0.9995466406716306	-0.00037469713090632073
798	0.9998279794627393	0.9992085721954994	-0.0006194072672398576
799	0.9991212179655075	0.9985960858208714	-0.0005251321446360091
800	0.9987891960542365	0.997458188143888	-0.0013310079103485695
801	0.9980344184975409	0.9976329792292772	-0.000401439268263748
802	0.9982977771818573	0.9974158570736557	-0.0008819201082016503
803	0.9989201063141285	0.997727643386035	-0.0011924629280934962
804	0.9998159234378244	0.9991735970403558	-0.00064232639746864
805	0.9979276397374751	0.9972079496438928	-0.0007196900935823036
806	0.9999547400532883	0.9999808969969374	2.6156943649047193e-05
807	0.9998284089671874	0.9992535232437229	-0.0005748857234645355
808	0.9989638388447356	0.9984154844095706	-0.0005483544351649883
809	0.9989122384056461	0.9978050812020267	-0.0011071572036194244
810	0.9990791060471337	0.9985733293906263	-0.0005057766565074173
811	0.9988439725173344	0.9977031880379535	-0.0011407844793808186
812	0.9998223855274208	0.9995122514483267	-0.0003101340790940821
813	0.9998757035457415	0.9995185525600754	-0.00035715098566613257
814	0.9990652673485941	0.9982715538661173	-0.00079371348247681
815	0.9997706849293047	0.9991360773420787	-0.0006346075872259993
816	0.9991077811408451	0.9986344288539561	-0.0004733522868889395
817	0.9998164536209683	0.9988613663981327	-0.0009550872228355489
818	0.9982674806821099	0.9979242399165685	-0.00034324076554137495
819	0.9991921395027646	0.9990489774079792	-0.00014316209478548725
820	0.9976286380876982	0.9967747799534893	-0.0008538581342089069
821	0.9990638858083055	0.9988264808753475	-0.00023740493295798526
822	0.9990846032377642	0.9987900256018633	-0.0002945776359009056
823	0.9989591716989344	0.998372751549711	-0.0005864201492234988
824	0.9990005825654836	0.9985213664103947	-0.0004792161550889462
825	0.9991426707473132	0.9985595652217149	-0.0005831055255983708
826	0.9985035707039195	0.9980474086269492	-0.0004561620769703012
827	0.9990496171253713	0.9988359820899518	-0.00021363503541949047
828	0.9998526169033615	0.999877321480448	2.470457708647622e-05
829	0.9990825168117915	0.998866095112287	-0.00021642169950453205
830	0.9981694454502265	0.9977541229006603	-0.0004153225495661106
831	0.9970701320557249	0.9960573074810836	-0.0010128245746413578
832	0.9990422659071195	0.9984537105072844	-0.0005885553998351556
833	0.9964436702561483	0.9946862590564299	-0.001757411199718395
834	0.9996651617461951	0.9984773984972916	-0.0011877632489035728
835	0.9989560623913931	0.9987568956870232	-0.00019916670436992412
836	0.9997682519724863	0.9987660745725421	-0.0010021773999442374
837	0.9981700605105855	0.9973845002942171	-0.0007855602163684416
838	0.9998351051411901	0.9991296937920187	-0.0007054113491714586
839	0.9990141531169932	0.9979771352566928	-0.0010370178603003044
840	0.9980796046423462	0.9976617712163087	-0.00041783342603751716
841	0.9989739844999747	0.9984430168872815	-0.0005309676126931118
842	0.999849516713932	0.9995954900472881	-0.0002540266666438695
843	0.9998024475598919	0.999557147249222	-0.00024530031066993807
844	0.9988365681001743	0.9979404706327432	-0.0008960974674311339
845	0.9990123361271428	0.9984484501103219	-0.0005638860168208915
846	0.9975529747345301	0.9961061924971523	-0.0014467822373778194
847	0.9991362233399194	0.9988335395704614	-0.0003026837694579676
848	0.998045380336375	0.9969329229134014	-0.0011124574229736117
849	0.9979586418265122	0.9975449390289374	-0.0004137027975747998
850	0.9998872809715267	0.999555474672613	-0.00033180629891371716
851	0.9989586195243009	0.9981410991230351	-0.0008175204012658144
852	0.9989882133656639	0.9985911424999387	-0.0003970708657251576
853	0.9991247307279693	0.9989076088385193	-0.00021712188945000044
854	0.9982704985879164	0.9975263946053948	-0.0007441039825215601
855	0.9999201201986334	0.9995617391874262	-0.00035838101120722055
856	0.9981051447578979	0.997246988037316	-0.0008581567205818708
857	0.9992818271784005	0.9989792003505885	-0.00030262682781201367
858	0.9980537957857868	0.9975258163797988	-0.0005279794059880327
859	0.9998968531976716	0.9996365110151225	-0.00026034218254911146
860	0.9981622528863667	0.9971077662236466	-0.0010544866627201221
861	0.9989470535275182	0.9981456905020707	-0.0008013630254475324
862	0.9989762704248464	0.9982059436243927	-0.0007703268004536357
863	0.9982723611775075	0.9974875278626075	-0.0007848333148999798
864	0.9991596099507936	0.9989983390758909	-0.00016127087490269698
865	0.9981212750818668	0.9977065421993494	-0.00041473288251736573
866	0.9990724532160383	0.9989071295232129	-0.00016532369282540316
867	0.9999559574266517	0.9999828098281743	2.68524015226701e-05
868	0.9998746078305004	0.9993080784359282	-0.000566529394572246
869	0.9997795082417059	0.9991292158948849	-0.0006502923468210131
870	0.999868522543703	0.9993766188913725	-0.0004919036523304277
871	0.9999823352230424	0.9999339747377266	-4.8360485315757096e-05
872	0.9981619091771292	0.9973966775105207	-0.000765231666608468
873	0.999142799822948	0.9986550468046412	-0.0004877530183067247
874	0.9991086980093152	0.9986897655492106	-0.00041893246010460405
875	0.9991355429250686	0.9986471752072681	-0.0004883677178004753
876	0.9991300930605791	0.9988214457952637	-0.0003086472653154315
877	0.9988085948080124	0.9976299666052436	-0.0011786282027688166
878	0.9998868706824723	0.9995570224192301	-0.00032984826324222727
879	0.9998499023205324	0.9997558529924269	-9.404932810552769e-05
880	0.9988763134339507	0.9978144232033135	-0.0010618902306371858
881	0.9999231356810588	0.9995605152157137	-0.000362620465345187
882	0.9999266076905045	0.9995689454280882	-0.00035766226241629173
883	0.9989167927821742	0.9985239135873623	-0.0003928791948119015
884	0.9998970181286461	0.9994424718212281	-0.00045454630741792457
885	0.9999579809819703	0.999984052933916	2.607195194570533e-05
886	0.9981444699026035	0.9975579240975164	-0.000586545805087102
887	0.9982327303037863	0.9974575928945968	-0.0007751374091895524
888	0.9965598473174083	0.9954171203345514	-0.0011427269828568898
889	0.999072173741377	0.9989172058793694	-0.0001549678620076378
890	0.9998957851971603	0.9996073970126127	-0.0002883881845475722
891	0.9999332690726892	0.9996094697380402	-0.0003237993346489887
892	0.9988833034612191	0.997975638241619	-0.0009076652196001733
893	0.9999347839160497	0.9995982321259375	-0.00033655179011227165
894	0.9997028926297775	0.9982183643278814	-0.0014845283018961597
895	0.9987429601608885	0.9978233586814826	-0.0009196014794058405
896	0.9982531070344189	0.9978575684185936	-0.00039553861582530825
897	0.9975926647701103	0.9966360073952178	-0.0009566573748924778
898	0.9990870783648187	0.998856931696893	-0.00023014666792564586
899	0.9989165378440715	0.9983629467264759	-0.0005535911175956754
900	0.9982552941548547	0.9979379952302113	-0.0003172989246433833
901	0.9974114719145883	0.9968709920059171	-0.000540479908671232
902	0.9990907031590397	0.9988932539628047	-0.0001974491962349889
903	0.999020836279807	0.9983605129356504	-0.0006603233441565548
904	0.9990936148180466	0.9985721029617616	-0.0005215118562850174
905	0.999094658604756	0.9983028130175444	-0.0007918455872115704
906	0.9984080991816395	0.9980287196189437	-0.0003793795626958474
907	0.9999452468326057	0.9999245693545253	-2.0677478080322054e-05
908	0.9990085562166271	0.998517987758267	-0.0004905684583601522
909	0.9982709639781914	0.9975253219921211	-0.0007456419860703001
910	0.9989639218769438	0.9984166995916566	-0.0005472222852872521
911	0.9997354482855346	0.9992070001513741	-0.0005284481341605307
912	0.9991271032277875	0.9989314884991056	-0.00019561472868190322
913	0.998326779274591	0.9979067603207474	-0.0004200189538435817
914	0.9989482860805784	0.9984727796797923	-0.0004755064007860854
915	0.9974044353217344	0.9964080520891924	-0.0009963832325420308
916	0.9999325044586345	0.999628536821568	-0.0003039676370664157
917	0.999848268908633	0.9992755552120663	-0.0005727136965666402
918	0.9999440773555515	0.9999241454799956	-1.9931875555823098e-05
919	0.9999075642185833	0.999910086608451	2.5223898677539935e-06
920	0.9997722463543728	0.9985795033208216	-0.0011927430335512135
921	0.9983430956495247	0.9980938692768774	-0.0002492263726473487
922	0.9998727912339264	0.9995107214115179	-0.00036206982240849506
923	0.9984888263003573	0.9969334980309723	-0.0015553282693849813
924	0.9998600541872521	0.9991816772923794	-0.000678376894872712
925	0.9998974366017492	0.9994731592681613	-0.0004242773335879635
926	0.9991402508260218	0.9986727049978799	-0.00046754582814190204
927	0.9998868708746294	0.9998373921514846	-4.9478723144757986e-05
928	0.9990480694569618	0.9985263521126204	-0.0005217173443413659
929	0.9998702513810039	0.9995292145311558	-0.00034103684984809757
930	0.9990455000831273	0.9988722994145269	-0.00017320066860038175
931	0.9998416397630476	0.999105210585116	-0.0007364291779315968
932	0.9992699259049865	0.9990269369678193	-0.00024298893716723224
933	0.9991423813276286	0.9988545579613232	-0.0002878233663053953
934	0.9983349863541532	0.9976637251967909	-0.0006712611573622684
935	0.9990793742299037	0.9987883381623591	-0.0002910360675445478
936	0.9991342722752278	0.9988441365520241	-0.0002901357232036883
937	0.999872027816188	0.9992949587218638	-0.0005770690943242007
938	0.9991925982532434	0.9986816109874259	-0.0005109872658174419
939	0.9980305707753092	0.9978390904919376	-0.00019148028337157008
940	0.9999595496847519	0.9999851456999188	2.559601516693988e-05
941	0.9983748133337573	0.9980094244858257	-0.00036538884793158033
942	0.9989706637671439	0.9984725547631427	-0.0004981090040012681
943	0.9990327698572261	0.9984520822072989	-0.0005806876499272473
944	0.9989890595876704	0.9980853734502844	-0.0009036861373860061
945	0.9981111178684138	0.9972350766741979	-0.0008760411942159152
946	0.9990456181937952	0.9984510945646242	-0.0005945236291710065
947	0.9996865336698305	0.9984307545565296	-0.001255779113300881
948	0.9999238592196426	0.9997981146873692	-0.00012574453227331972
949	0.9989786006198317	0.9983727609465417	-0.0006058396732899762
950	0.9998353238460987	0.9992944430621862	-0.0005408807839125673
951	0.9997865972369284	0.9991502421365225	-0.0006363551004059387
952	0.9990547185021873	0.9988494246127967	-0.000205293889390612
953	0.9998704342716377	0.9994636823879248	-0.00040675188371286364
954	0.9971673333496401	0.9967692697387976	-0.00039806361084249176
955	0.9991217467762098	0.9986075447395972	-0.0005142020366125655
956	0.9991175830411713	0.9990376477923463	-7.993524882499159e-05
957	0.9991012752517687	0.9985376950163473	-0.0005635802354214681
958	0.9991741529910022	0.9989240044253647	-0.0002501485656375424
959	0.9991304480992069	0.9985047967838752	-0.0006256513153317655
960	0.9990594722547379	0.9988240172585967	-0.00023545499614119336
961	0.9998444440754173	0.9992843970525951	-0.0005600470228221965
962	0.9970923300033514	0.9956336031302689	-0.001458726873082461
963	0.9999364670351168	0.9996274392005389	-0.00030902783457797955
964	0.9999293963026845	0.9999105779727163	-1.8818329968195435e-05
965	0.9977972614652174	0.9969255569057	-0.0008717045595174611
966	0.9971857850518617	0.9961347410659298	-0.001051043985931921
967	0.9963974651350109	0.9952169784086669	-0.0011804867263440766
968	0.9988781443924757	0.9978234684235499	-0.0010546759689258334
969	0.9998515421716285	0.9994013749356141	-0.00045016723601443154
970	0.9991276465335693	0.9986547935822216	-0.0004728529513476909
971	0.9990200251514842	0.9988683846361625	-0.00015164051532179368
972	0.9998353266400245	0.9996050656939018	-0.00023026094612266235
973	0.9990667634825818	0.9985776516794439	-0.0004891118031379316
974	0.9990733006331006	0.9986959930698515	-0.0003773075632491629
975	0.9965495821885622	0.9949001153034491	-0.0016494668851130267
976	0.9971806699783566	0.9964267002158023	-0.000753969762554374
977	0.9991367937714893	0.9989411466343873	-0.00019564713710207293
978	0.9990920736438514	0.9984885866625333	-0.0006034869813181798
979	0.9980692906554782	0.9973889509143032	-0.0006803397411749845
980	0.9991340985320134	0.9990209853131651	-0.00011311321884832637
981	0.9998154715376929	0.9995650342492638	-0.0002504372884291062
982	0.9997923863119816	0.999203840170752	-0.0005885461412296067
983	0.9990355346081893	0.9989991320977941	-3.6402510395161514e-05
984	0.9999732519851237	0.9998663237155857	-0.00010692826953795365
985	0.9998344006433723	0.9992219967557023	-0.0006124038876699212
986	0.999074012263308	0.9978843222523137	-0.0011896900109943376
987	0.9981723096775929	0.997430448529103	-0.0007418611484898419
988	0.9997020083986872	0.9994715183087259	-0.00023049008996123277
989	0.9967532361087175	0.9959364718671955	-0.0008167642415219944
990	0.9981520618881987	0.9968212082044461	-0.0013308536837526308
991	0.9989548519869836	0.9985532583450859	-0.00040159364189773505
992	0.9980217906042607	0.9968494658036432	-0.0011723248006174636
993	0.999177987374103	0.998993111585671	-0.00018487578843207064
994	0.9989107795859551	0.9982668491326868	-0.000643930453268271
995	0.9981778932360292	0.9973880811316164	-0.0007898121044128681
996	0.9999460049003137	0.999929201106334	-1.680379397972498e-05
997	0.999870620477116	0.9995248457825081	-0.0003457746946078366
998	0.9981369908944001	0.9965131956004151	-0.001623795293985042
999	0.9990372958429068	0.9984501934694794	-0.0005871023734274061
1000	0.9980320068217472	0.997791843398909	-0.00024016342283816883
1001	0.998048369542645	0.9974461399996711	-0.0006022295429738422
1002	0.9999990683849475	0.999996223053034	-2.8453319134147392e-06
1003	0.9998958322703853	0.9994474640400843	-0.00044836823030092177
1004	0.9982275914230032	0.9973205301668889	-0.0009070612561142832
1005	0.99907566832804	0.9986241448758189	-0.00045152345222110313
1006	0.9989933612176531	0.9984768320894382	-0.000516529128214982
1007	0.9972492940529473	0.9962186347078698	-0.0010306593450775114
1008	0.9998583431801832	0.9992036235314249	-0.0006547196487582951
1009	0.9999857336180905	0.9999439272130266	-4.180640506390443e-05
1010	0.9980341133840565	0.9969500669145829	-0.0010840464694735763
1011	0.9999471219786314	0.999926265539463	-2.085643916849289e-05
1012	0.9981584765630457	0.9974228472795807	-0.0007356292834649336
1013	0.998915946248244	0.9985050181599056	-0.00041092808833842476
1014	0.9988505386984271	0.9977711826737542	-0.0010793560246729061
1015	0.999031870432544	0.9983752171092389	-0.000656653323305112
1016	0.9999464601421325	0.999750731335337	-0.0001957288067955254
1017	0.9989690322611541	0.9985065071254319	-0.00046252513572220266
1018	0.9999682709781099	0.9998798154588531	-8.845551925684703e-05
1019	0.9998901579094531	0.9994527667772537	-0.00043739113219942727
1020	0.9989005015082036	0.9984762188575674	-0.0004242826506362096
1021	0.9999371120388759	0.9996323324120971	-0.0003047796267787728
1022	0.9998043351697871	0.9991147213922852	-0.000689613777501874
1023	0.9999235711636447	0.9995716261892352	-0.00035194497440949046
1024	0.9989131917978361	0.9978635051836333	-0.0010496866142027939
1025	0.999091807847982	0.9988382249889205	-0.00025358285906151856
1026	0.9990631971669796	0.9983994761468524	-0.0006637210201271282
1027	0.9990006249613954	0.9986145883930347	-0.00038603656836067035
1028	0.998291672966286	0.9972146140743362	-0.001077058891949756
1029	0.9999020457308649	0.9999044139720024	2.368241137418181e-06
1030	0.9980097812793559	0.9971482677919282	-0.0008615134874276897
1031	0.9991116905168554	0.9986457927049049	-0.00046589781195049973
1032	0.9970336419978592	0.9964767733819687	-0.0005568686158904379
1033	0.9998750550271395	0.9992543088692833	-0.0006207461578561224
1034	0.9991468172765839	0.9988464246382681	-0.0003003926383158273
1035	0.9990747748162067	0.9985210506172536	-0.0005537241989530539
1036	0.9982911932312017	0.9976280423604167	-0.0006631508707850564
1037	0.9997371340242338	0.9993840579874249	-0.000353076036808897
1038	0.9999221564149825	0.9995503237715984	-0.0003718326433841401
1039	0.9991556975872503	0.9987133629304732	-0.00044233465677712136
1040	0.9989576653742885	0.9980744933101399	-0.000883172064148674
1041	0.9971930319511119	0.9967769517799203	-0.0004160801711915463
1042	0.9991128078519448	0.9986778711194757	-0.00043493673246908227
1043	0.9989951807684776	0.9983069670505851	-0.0006882137178925163
1044	0.9973552234291728	0.9965437979714789	-0.0008114254576939706
1045	0.9984256617687624	0.9979799319502007	-0.0004457298185616132
1046	0.9997924644617974	0.9990489020006067	-0.0007435624611906722
1047	0.9991162172512095	0.9990229390090628	-9.327824214666602e-05
1048	0.9981743031509226	0.9974900336816488	-0.0006842694692738016
1049	0.9998442909012905	0.9995569212978299	-0.0002873696034605411
1050	0.9989730085786518	0.9982506907780047	-0.000722317800647132
1051	0.9982820743267375	0.9967688756630244	-0.0015131986637131334
1052	0.9989029894907013	0.9983941613727504	-0.0005088281179509435
1053	0.9990621735644817	0.9985343993909638	-0.0005277741735179031
1054	0.999825153324407	0.9991810165616312	-0.0006441367627758599
1055	0.9979729632000638	0.9968880900606578	-0.001084873139405973
1056	0.9989367518327958	0.9985012012486106	-0.000435550584185207
1057	0.9989188495072895	0.9978455351151607	-0.0010733143921287658
1058	0.9991116732053549	0.9988143559164439	-0.0002973172889110254
1059	0.9997857076162764	0.998880146304096	-0.0009055613121803363
1060	0.9990258495353941	0.9988950911005677	-0.0001307584348263502
1061	0.9997741748264495	0.9990435964680294	-0.0007305783584200531
1062	0.9998562908085757	0.9995944869484482	-0.00026180386012752965
1063	0.9998300706511861	0.9992242889297779	-0.0006057817214082384
1064	0.9998884774305997	0.9998463707295642	-4.210670103554914e-05
1065	0.9992175593903827	0.9989717049496368	-0.00024585444074587404
1066	0.9999436388617499	0.9999231023450945	-2.053651665534506e-05
1067	0.9998350190438111	0.9992326489652614	-0.0006023700785496855
1068	0.9998719430857297	0.9995232482566695	-0.0003486948290601921
1069	0.9991207153453662	0.9989860873782845	-0.00013462796708163527
1070	0.9982847649917368	0.9976817471821207	-0.0006030178096161354
1071	0.9991858495185335	0.9989655127238433	-0.0002203367946902457
1072	0.9989818270404583	0.9981097421594365	-0.0008720848810218618
1073	0.9997310232454863	0.999135644809035	-0.0005953784364512993
1074	0.9998943957217932	0.9996208997982421	-0.00027349592355108143
1075	0.9997381669137508	0.9985474673907931	-0.0011906995229576944
1076	0.9999654546875604	0.9999835036802542	1.8048992693864285e-05
1077	0.9980703076033692	0.9966811362163622	-0.0013891713870070044
1078	0.9959421377825332	0.9950043760860017	-0.0009377616965314806
1079	0.9983051536014174	0.9974523476336945	-0.0008528059677228583
1080	0.9998634283843091	0.9995995050036516	-0.00026392338065750476
1081	0.9988116023148493	0.997924848808397	-0.0008867535064522869
1082	0.999932389972158	0.9999739766228521	4.1586650694092064e-05
1083	0.999078302799658	0.9989169219253753	-0.00016138087428274606
1084	0.9997354470086603	0.9992251964805285	-0.0005102505281318059
1085	0.9982187821694841	0.9978831907399115	-0.00033559142957262367
1086	0.9999281228455826	0.9998514280533043	-7.66947922783423e-05
1087	0.9980680943335895	0.9969675665551383	-0.0011005277784511547
1088	0.9988375868376879	0.9979727519186187	-0.0008648349190691906
1089	0.9999553509070035	0.9999823423815046	2.6991474501136814e-05
1090	0.9998564872632801	0.9991992755911303	-0.0006572116721498267
1091	0.998394176395923	0.9981232197039345	-0.0002709566919885109
1092	0.9989048913925653	0.9980563654021662	-0.0008485259903990849
1093	0.9999150464776487	0.9995151135604836	-0.00039993291716511337
1094	0.9998570282289874	0.9995927495194226	-0.0002642787095648025
1095	0.9997838710851029	0.9991208609563933	-0.000663010128709618
1096	0.9990393908932461	0.998426640647075	-0.0006127502461711343
1097	0.9990556171478224	0.9985395065815285	-0.0005161105662939702
1098	0.9981321731206115	0.9978494751942534	-0.00028269792635815527
1099	0.9991104115559934	0.9985483608977396	-0.0005620506582538765
1100	0.9982061659610537	0.9976913086089498	-0.0005148573521038813
1101	0.9999452173553066	0.9999204624563917	-2.475489891495819e-05
1102	0.9989218472842188	0.9979391868144759	-0.0009826604697429353
1103	0.9991784111499824	0.9990228297434086	-0.00015558140657379038
1104	0.998214091990985	0.9977807672692494	-0.0004333247217356284
1105	0.9999431962059604	0.9996255915471639	-0.0003176046587964887
1106	0.9991016806956989	0.9986429656820376	-0.00045871501366134826
1107	0.9999065601094647	0.9999053554652678	-1.2046441968394106e-06
1108	0.9982598915180017	0.9974622876108137	-0.0007976039071879715
1109	0.9985535674770121	0.9980014525263112	-0.0005521149507008438
1110	0.999999358071316	0.9999973612058208	-1.996865495179634e-06
1111	0.9991688749973742	0.9989941790179696	-0.00017469597940455994
1112	0.9990615621667843	0.9986833176104805	-0.0003782445563038639
1113	0.9989810327718213	0.9987118104038827	-0.0002692223679385819
1114	0.9980928365615692	0.9971376238692049	-0.0009552126923643156
1115	0.9990296003391419	0.9981592281448007	-0.0008703721943411624
1116	0.9981153736615119	0.9973827354316219	-0.0007326382298900036
1117	0.9991099390125618	0.9985651896072436	-0.0005447494053182345
1118	0.998153844675929	0.9973589894040955	-0.0007948552718335389
1119	0.9998657579454109	0.999817800237771	-4.79577076398785e-05
1120	0.9997703438159086	0.998788907658822	-0.0009814361570865682
1121	0.9989791326215075	0.9980043804404782	-0.0009747521810292703
1122	0.9997596527008451	0.9992201668838302	-0.0005394858170149064
1123	0.999235383437514	0.9988962757449074	-0.00033910769260658835
1124	0.9999831341471195	0.9999326850575823	-5.044908953721894e-05
1125	0.9990544701054238	0.9988981499002293	-0.00015632020519451562
1126	0.9982348968946021	0.9972414243815559	-0.0009934725130461564
1127	0.999020113082191	0.9984480115219927	-0.0005721015601982682
1128	0.9999998148468244	0.9999992874683566	-5.273784677850557e-07
1129	0.9998718716262706	0.9992337173153018	-0.0006381543109688081
1130	0.9998250176808338	0.999745561275902	-7.945640493178807e-05
1131	0.9983119351354642	0.997646350521236	-0.0006655846142282762
1132	0.9989521193635957	0.9985846132489617	-0.0003675061146339864
1133	0.9981744335471625	0.9976948039355785	-0.0004796296115839871
1134	0.9997826021504139	0.9992459896909093	-0.0005366124595046484
1135	0.9983121268317657	0.9977929579595913	-0.0005191688721744026
1136	0.9990677467087815	0.998926790144483	-0.0001409565642984667
1137	0.9980457245403094	0.9972567366209305	-0.0007889879193788696
1138	0.9999860240687376	0.9999482993121291	-3.772475660845931e-05
1139	0.9982106284897491	0.9973933707219373	-0.0008172577678117188
1140	0.9974543210823208	0.9969365080971373	-0.0005178129851834967
1141	0.9974432436702739	0.9965077478730008	-0.0009354957972731448
1142	0.9999562432337726	0.9999823389184325	2.6095684659832585e-05
1143	0.9997780144746468	0.9991945084974541	-0.0005835059771926998
1144	0.9999057818669977	0.9999043116169551	-1.4702500426011511e-06
1145	0.9989352251342951	0.9987104027166628	-0.00022482241763233102
1146	0.9972247054160224	0.9962985707845581	-0.0009261346314642926
1147	0.9990680270645502	0.998992379639325	-7.564742522525592e-05
1148	0.9998702343860052	0.99978991520185	-8.031918415518646e-05
1149	0.9983803308204018	0.9975322181109995	-0.0008481127094023266
1150	0.998877301030385	0.9976852961336804	-0.0011920048967045682
1151	0.9991274523394157	0.9985345670831552	-0.0005928852562604447
1152	0.9998231842245539	0.9988950903061609	-0.0009280939183929915
1153	0.9999611623117488	0.9999821187004835	2.0956388734671982e-05
1154	0.9984782196994928	0.9980881132180415	-0.00039010648145132443
1155	0.9991190016131382	0.9989721508122915	-0.00014685080084664293
1156	0.9988008717695809	0.997628069592964	-0.0011728021766168606
1157	0.999936260293999	0.9996075287125711	-0.00032873158142787684
1158	0.9981873470753169	0.9974406761431347	-0.0007466709321821696
1159	0.9999998403551629	0.9999993241766378	-5.1617852503405e-07
1160	0.9998910550113581	0.9995756847055333	-0.00031537030582484693
1161	0.998291302287271	0.9976710852337629	-0.0006202170535081208
1162	0.9999997574372281	0.9999992968844358	-4.6055279234735735e-07
1163	0.9998283530145454	0.9991142052701121	-0.0007141477444333466
1164	0.9988525718218083	0.9984556228516448	-0.00039694897016351316
1165	0.9982995394580393	0.9979336173319605	-0.00036592212607877705
1166	0.9991368525748575	0.9989222179168731	-0.00021463465798443604
1167	0.9999194510261973	0.9997977000227655	-0.00012175100343181366
1168	nan	nan	nan
1169	0.9990212997681308	0.9986736590215781	-0.00034764074655269095
1170	0.9991047609393264	0.9986975908722265	-0.00040717006709989345
1171	0.9974367081419039	0.9969919420579786	-0.0004447660839252965
1172	0.9980843359524083	0.9967531900854106	-0.001331145866997674
1173	0.9988782579049581	0.9983958826855068	-0.0004823752194512698
1174	0.9981353154072489	0.9971671108105602	-0.000968204596688671
1175	0.9998330980104764	0.9992144085607938	-0.0006186894496825746
1176	0.9999211200619286	0.9995643587435641	-0.00035676131836448466
1177	0.9998334650813958	0.9991388425202687	-0.0006946225611270673
1178	0.9976314121669757	0.9969051865721511	-0.0007262255948246032
1179	0.9998553752306072	0.9991985440563084	-0.000656831174298822
1180	0.998208885346041	0.9976770087804793	-0.0005318765655617508
1181	0.9998692758353946	0.9995267026062157	-0.00034257322917896627
1182	0.999134542582272	0.9984624880196997	-0.000672054562572244
1183	0.9998888494424407	0.99956939089371	-0.0003194585487307222
1184	0.9996933406667107	0.9991201900033668	-0.0005731506633438466
1185	0.9998401123920801	0.9999409986430837	0.00010088625100357351
1186	0.9998683145097422	0.9992191109044524	-0.0006492036052898609
1187	0.9988754138115734	0.9976299479606451	-0.001245465850928329
1188	0.9988441256587479	0.9980970323436266	-0.0007470933151213499
1189	0.9981411386795036	0.9973553650401101	-0.0007857736393934722
1190	0.9998668681174236	0.9995372510115711	-0.0003296171058525532
1191	0.9999365496712566	0.9997132652167924	-0.00022328445446417877
1192	0.9991162270101921	0.9988786395998351	-0.0002375874103569542
1193	0.9990369622393344	0.9982593186905571	-0.0007776435487772959
1194	0.9996672943991196	0.9983404549435859	-0.0013268394555336904
1195	0.9999636372272815	0.9998659927922863	-9.764443499526987e-05
1196	0.9991187613291292	0.9989158706226842	-0.00020289070644508023
1197	0.9990383302588112	0.9985076458810372	-0.0005306843777739267
1198	0.9990218321242919	0.9985505093431292	-0.00047132278116268633
1199	0.9991505041741241	0.9988322434843058	-0.0003182606898183282
1200	0.9980023825949412	0.9972522623328871	-0.0007501202620541214
1201	0.9991144888533701	0.9986371441782601	-0.0004773446751099586
1202	0.9999348653893378	0.9996148571982871	-0.00032000819105071354
1203	0.9999853624066054	0.9999368082491752	-4.855415743021396e-05
1204	0.9998954786610128	0.9994849862187007	-0.0004104924423120604
1205	0.99849948473853	0.9976898503353575	-0.0008096344031724989
1206	0.9998865139762371	0.9997985399557016	-8.79740205355084e-05
1207	0.996173268666069	0.9947526721576094	-0.001420596508459604
1208	0.9983794654660046	0.998064417317972	-0.00031504814803262615
1209	0.9972356605267813	0.9966986550383338	-0.000537005488447484
1210	0.9989859673415921	0.9984188746048613	-0.0005670927367307232
1211	0.9999192317610597	0.9995709765064349	-0.00034825525462478524
1212	0.9990873309724435	0.9985396213220794	-0.0005477096503641032
1213	0.9998550155218155	0.999596734208391	-0.0002582813134245354
1214	0.9990282623219086	0.9982782309701208	-0.0007500313517877499
1215	0.997927646369555	0.9967143959642865	-0.00121325040526854
1216	0.9980529242853912	0.9976043335303602	-0.00044859075503100865
1217	0.9975626593218813	0.996359839901474	-0.0012028194204072307
1218	0.999625902262659	0.9983400739884726	-0.0012858282741864402
1219	0.9998630223823102	0.9991864785825324	-0.0006765437997777735
1220	0.9988895118859211	0.998055738171786	-0.0008337737141350665
1221	0.9980438224605139	0.9974770766813489	-0.0005667457791650454
1222	0.9991765471579676	0.9988983688418793	-0.00027817831608822896
1223	0.9999438327128647	0.9996511408476902	-0.0002926918651744437
1224	0.9990577017201662	0.9982300078069967	-0.0008276939131695027
1225	0.9999124906872053	0.9999121130380699	-3.7764913540794254e-07
1226	0.9990814355585347	0.998884597721815	-0.00019683783671964328
1227	0.9999106626575217	0.9999066855287819	-3.977128739784952e-06
1228	0.9981648149630458	0.9976417797109544	-0.0005230352520914083
1229	0.9982013837507298	0.9968851639489288	-0.0013162198018009663
1230	0.9999165777717998	0.9995532267592877	-0.0003633510125120587
1231	0.9982840278999846	0.997547133296122	-0.0007368946038626145
1232	0.998975624892208	0.9982268089615012	-0.0007488159307068587
1233	0.9981882832098573	0.9970443212402226	-0.0011439619696347325
1234	0.9998666849645067	0.9994912108427556	-0.00037547412175109596
1235	0.9990831945474556	0.9989360077983364	-0.00014718674911928797
1236	0.999924105780701	0.9995661670089208	-0.0003579387717802529
1237	0.9998809022297509	0.9995433005203269	-0.0003376017094239847
1238	0.9990038648892033	0.9985221771609292	-0.0004816877282741716
1239	0.9999997567987067	0.999999155946889	-6.008518176336963e-07
1240	0.9998940165109883	0.9996045623433479	-0.00028945416764036835
1241	0.9998173832372812	0.9991683709057003	-0.0006490123315808782
1242	0.9984271168075348	0.9980677461051528	-0.0003593707023820114
1243	0.9998403853671051	0.999238830774474	-0.000601554592631115
1244	0.9999076749152298	0.9999694050372606	6.173012203081196e-05
1245	0.9999170937444206	0.9995714719634338	-0.0003456217809868489
1246	0.9999603890001761	0.9999843615138198	2.397251364361086e-05
1247	0.9998413400574854	0.9993999137005242	-0.00044142635696120536
1248	0.9989398776008604	0.9981504137589913	-0.0007894638418691757
1249	0.9980560321557308	0.9970388043992645	-0.001017227756466288
1250	0.9990255865834284	0.9989825598259542	-4.3026757474251554e-05
1251	0.9999366190691281	0.9999159011401155	-2.0717929012592506e-05
1252	0.9976787300279634	0.9967564869186342	-0.0009222431093292016
1253	0.9981478872794709	0.997742313757674	-0.0004055735217969314
1254	0.9977006839116667	0.9966117567897951	-0.0010889271218715857
1255	0.999809572468662	0.9994901513438321	-0.0003194211248298551
1256	0.9997155361585727	0.9984175148251155	-0.0012980213334571333
1257	0.9999842101123603	0.9999362860658861	-4.792404647413484e-05
1258	0.9999844196354086	0.9999379232086266	-4.6496426782005607e-05
1259	0.9991677946804767	0.999036020345217	-0.0001317743352596823
1260	0.9988291462077756	0.9980656325971409	-0.0007635136106347584
1261	0.9988852111986196	0.9983760687448088	-0.0005091424538108402
1262	0.9998821632563769	0.9992961737679036	-0.0005859894884733263
1263	0.9982884930673327	0.9976119310932231	-0.0006765619741095907
1264	0.9982333183401997	0.9977868099782936	-0.0004465083619060728
1265	0.99993280039957	0.9996248318596606	-0.0003079685399094423
1266	0.9999738164981367	0.999881055013261	-9.276148487569191e-05
1267	0.999842181418633	0.9995975123249577	-0.0002446690936752649
1268	0.9981218286921346	0.9974406200184311	-0.0006812086737034706
1269	0.9998098367043747	0.999569485144204	-0.00024035156017077064
1270	0.9949217774151037	0.9940079638339522	-0.0009138135811515014
1271	0.9982500533256542	0.9971698316463278	-0.0010802216793264208
1272	0.9980110967697343	0.9969044177965307	-0.0011066789732036009
1273	0.9990181523167272	0.9989378538215615	-8.02984951656649e-05
1274	0.9996825232290071	0.9983184308774227	-0.0013640923515844117
1275	0.9980441500594199	0.9970076093969402	-0.0010365406624797124
1276	0.9990643752466762	0.9988724572900101	-0.00019191795666617661
1277	0.9983018768877329	0.9974624639325324	-0.0008394129552005136
1278	0.999929468980219	0.9996222877289295	-0.00030718125128947893
1279	0.9989503394795928	0.998450160964545	-0.0005001785150478
1280	0.9981824759487181	0.9975292538514525	-0.0006532220972655933
1281	0.9981554228770575	0.9973632460534266	-0.0007921768236308635
1282	0.9990538191574271	0.9984769670915836	-0.0005768520658434584
1283	0.9992504256060947	0.9990531761521158	-0.00019724945397892046
1284	0.9998561218565032	0.9996067882523754	-0.0002493336041278216
1285	0.9998285829338042	0.999208844737213	-0.0006197381965911131
1286	0.9999818665281972	0.999935447166963	-4.641936123417345e-05
1287	0.9991731322979109	0.9987705602843592	-0.00040257201355176075
1288	0.9990008345613636	0.9986677600751706	-0.00033307448619301905
1289	0.9982697719479399	0.9978073347522374	-0.000462437195702492
1290	0.9999590154014989	0.9999840813829494	2.5065981450467234e-05
1291	0.9997520038804404	0.999139843579072	-0.0006121603013683474
1292	0.9991137648438253	0.9989695995566942	-0.00014416528713112609
1293	0.9999491100815111	0.9998306302888424	-0.0001184797926686576
1294	0.9999235079724244	0.9995855341455162	-0.0003379738269081445
1295	0.9997585555159639	0.9985049608395039	-0.0012535946764600236
1296	0.999044129864055	0.998447096826661	-0.0005970330373940014
1297	0.9997741800288772	0.9985720443046426	-0.0012021357242345543
1298	0.999067708465025	0.9989613350826473	-0.00010637338237773353
1299	0.9989577856285696	0.9982142930192002	-0.000743492609369456
1300	0.9983083273469385	0.9974144702606056	-0.0008938570863329387
1301	0.9991421174922078	0.9986360312754611	-0.0005060862167467484
1302	0.9980659676794819	0.9976415582988839	-0.0004244093805979565
1303	0.9998056879045185	0.9990754023455868	-0.0007302855589317314
1304	0.9999073436357956	0.9994910079100859	-0.00041633572570964894
1305	0.9998756744158954	0.9991954550227846	-0.0006802193931108036
1306	0.9991111980193476	0.9989616989584862	-0.00014949906086136888
1307	0.9999998188524044	0.9999993970675811	-4.217848232901389e-07
1308	0.9998681045528198	0.9997278536088823	-0.00014025094393754767
1309	0.9999195343054383	0.9998361169717689	-8.341733366945547e-05
1310	0.999904616942128	0.9996252699315992	-0.0002793470105287854
1311	0.9990069513757787	0.9986132277637766	-0.0003937236120020726
1312	0.9982723908169576	0.9980374143964117	-0.00023497642054592927
1313	0.9999994542459928	0.9999986904530429	-7.637929498871543e-07
1314	0.9981675245912255	0.9974367492703571	-0.0007307753208684042
1315	0.9990165545644191	0.998128699869414	-0.0008878546950050747
1316	0.9998870844057244	0.9992978679628878	-0.0005892164428366042
1317	0.9991419610578512	0.9985830092129676	-0.0005589518448836372
1318	0.9999494638886433	0.999922905736091	-2.6558152552258463e-05
1319	0.9990137123849522	0.9987714710525175	-0.00024224133243466728
1320	0.9998148339672637	0.9992885438666734	-0.0005262901005902432
1321	0.9999322195482454	0.9995951495474745	-0.00033707000077087823
1322	0.9988185076862452	0.9977747137603146	-0.0010437939259306805
1323	0.9998917843743848	0.9996156592184317	-0.0002761251559530997
1324	0.9989930410931358	0.9989279346581673	-6.510643496848711e-05
1325	0.9997316894718573	0.999123197711681	-0.0006084917601762996
1326	0.9999995474755211	0.999998469342457	-1.078133064158493e-06
1327	0.9972534967599406	0.9965609406537256	-0.0006925561062149921
1328	0.999149697538882	0.998964880393726	-0.00018481714515605763
1329	0.999035611583522	0.998110463107839	-0.0009251484756830353
1330	0.9988640201083042	0.998029899794547	-0.0008341203137571807
1331	0.996936482946047	0.9957990516830083	-0.0011374312630386685
1332	0.999927653487402	0.9998520699667769	-7.558352062508877e-05
1333	0.9979619188487086	0.9970742754470439	-0.000887643401664695
1334	0.9990873285964389	0.9986166468098212	-0.0004706817866176882
1335	0.9980797158467389	0.99721351131357	-0.0008662045331689905
1336	0.9990967056559427	0.998567523441451	-0.0005291822144916081
1337	0.9988465296372332	0.9974524272809913	-0.001394102356241933
1338	0.9967622043610077	0.9959446760491542	-0.0008175283118535548
1339	0.9991097324218606	0.9985150366349391	-0.0005946957869215064
1340	0.9981778602744393	0.9977354151429146	-0.00044244513152469356
1341	0.9983325535914903	0.9977355426494365	-0.0005970109420537772
1342	0.9997638749965864	0.9988228332604925	-0.0009410417360938839
1343	0.9982651055491163	0.9974433040899595	-0.000821801459156779
1344	0.9999856923754622	0.9999426459146293	-4.30464608328629e-05
1345	0.9981390390840754	0.9973483025700194	-0.0007907365140560341
1346	0.9989818415922539	0.9982475461831932	-0.0007342954090606701
1347	0.9998803313538527	0.9992847657024831	-0.000595565651369534
1348	0.9998029833325383	0.9991982892397387	-0.000604694092799507
1349	0.9990727243236731	0.998479407568886	-0.0005933167547871321
1350	0.998258892772665	0.9975395161018371	-0.000719376670827887
1351	0.9999269767417522	0.9995826851135404	-0.00034429162821181247
1352	0.9974592098794375	0.996787915077502	-0.000671294801935507
1353	0.9990672274160629	0.9989170187263815	-0.0001502086896814081
1354	0.9997430545779339	0.9988537228433767	-0.0008893317345571861
1355	0.9988122306183717	0.9975663849126882	-0.0012458457056834238
1356	0.9981102499851354	0.9972911483549864	-0.0008191016301489773
1357	0.999128168814074	0.9987385764475493	-0.00038959236652469365
1358	0.9981657253239128	0.9973854724444178	-0.0007802528794950137
1359	0.9981942666056531	0.997852019965047	-0.0003422466406061142
1360	0.9989147261723649	0.998182306354266	-0.0007324198180989061
1361	0.998378400570547	0.9979560800844934	-0.00042232048605361783
1362	0.9991049732204081	0.9988315203258623	-0.00027345289454583366
1363	0.9983188184099578	0.9977053549947976	-0.0006134634151602203
1364	0.9997631975993277	0.9989218208914393	-0.0008413767078884193
1365	0.9975134256444199	0.9968777329354078	-0.0006356927090120923
1366	0.9998112459060882	0.9988617252436686	-0.0009495206624196006
1367	0.9982362271031843	0.9969911899929962	-0.0012450371101880853
1368	0.9990593138890189	0.9979653400782488	-0.0010939738107701436
1369	0.9990301911765462	0.998681950300043	-0.000348240876503203
1370	0.9999204687246707	0.999553715582005	-0.0003667531426656545
1371	0.9991863164372409	0.9983646264300565	-0.0008216900071843503
1372	0.9983380160783409	0.9975691100389142	-0.0007689060394266978
1373	0.9998752300492896	0.9992708885826088	-0.0006043414666807578
1374	0.998106056282378	0.9975013404727517	-0.0006047158096262883
1375	0.9990447396770769	0.9986084121840096	-0.0004363274930672123
1376	0.9979967720926977	0.9975482445032383	-0.00044852758945934657
1377	0.9998503601595402	0.9991308831607625	-0.0007194769987777239
1378	0.9990717043246562	0.9987912934748482	-0.00028041084980801045
1379	0.9979950578966715	0.9974459552320344	-0.0005491026646371466
1380	0.9988907912900437	0.9987661692646491	-0.00012462202539453848
1381	0.9990463860703993	0.9984811788005619	-0.0005652072698374422
1382	0.9981751150537969	0.9971877347795487	-0.0009873802742481619
1383	0.9997941430954701	0.9988584483929307	-0.0009356947025394025
1384	0.9990838956534548	0.9982451854333836	-0.0008387102200712038
1385	0.9999520291726645	0.9997935696616185	-0.000158459511045983
1386	0.9990471583660709	0.99850499718228	-0.0005421611837909124
1387	0.9996161994071013	0.9980078702520441	-0.0016083291550572643
1388	0.9991793575825592	0.9989954709343388	-0.00018388664822033274
1389	0.9976978238227449	0.9969677732610117	-0.0007300505617331421
1390	0.999957548008921	0.9999807980518182	2.3250042897160483e-05
1391	0.9999141271417529	0.9995329442272641	-0.0003811829144887424
1392	0.9972549077178621	0.99669070116902	-0.0005642065488420389
1393	0.9983092770741925	0.9978282966466226	-0.0004809804275698326
1394	0.9998158403966522	0.9994611755423306	-0.00035466485432156247
1395	0.999715452129496	0.9987534223145651	-0.0009620298149308759
1396	0.9999828404812106	0.9999336163676418	-4.922411356877987e-05
1397	0.9998683794205536	0.9994372941991019	-0.00043108522145174355
1398	0.9998424665990371	0.9992246158855906	-0.0006178507134464439
1399	0.9999716945556765	0.9998732675259974	-9.842702967910455e-05
1400	0.9980095204961001	0.997303815692461	-0.0007057048036391844
1401	0.9999229003798457	0.9998355901299046	-8.731024994101944e-05
1402	0.9999505993973349	0.9999261629858481	-2.443641148675013e-05
1403	0.9981919671332568	0.9973311929016005	-0.0008607742316562028
1404	0.999918679522651	0.9999686533918021	4.9973869151065387e-05
1405	0.9997945142890754	0.9989215510376659	-0.0008729632514095087
1406	0.9983713538429835	0.9979011265815707	-0.00047022726141277005
1407	0.9998373029711783	0.9995298544530127	-0.000307448518165665
1408	0.9988599905758504	0.9977400741437015	-0.0011199164321489263
1409	0.9989862906416002	0.9982724758465812	-0.0007138147950189744
1410	0.9991003494929669	0.9987089499515475	-0.0003913995414194238
1411	0.9989419805937092	0.9986811426220542	-0.00026083797165499245
1412	0.9990341040067465	0.998162209254057	-0.0008718947526895615
1413	0.9990918383999668	0.9985561806228317	-0.0005356577771351567
1414	0.9983523750159085	0.9979159625876742	-0.000436412428234223
1415	0.9991776822881587	0.9989610893130683	-0.00021659297509046826
1416	0.9990583125879966	0.9989173720415305	-0.0001409405464660729
1417	0.9989119536470259	0.9988155176842551	-9.643596277075783e-05
1418	0.9990568575790972	0.9981890533799797	-0.0008678041991175833
1419	0.9999500898705909	0.999928274342457	-2.181552813385057e-05
1420	0.99984508662899	0.9995499521180379	-0.00029513451095208865
1421	0.9981245978195541	0.9972290276614271	-0.0008955701581270237
1422	0.9997377921307143	0.9991532677785611	-0.0005845243521532817
1423	0.9990028708861568	0.998816458435417	-0.0001864124507398035
1424	0.9989868270361769	0.9981499236873894	-0.0008369033487874988
1425	0.9981404400857182	0.9977650562613318	-0.0003753838243863994
1426	0.9997560195366972	0.9990711069340918	-0.000684912602605392
1427	0.997347977260448	0.9966162499301545	-0.0007317273302934746
1428	0.9989388136288887	0.9981408769290095	-0.0007979366998791537
1429	0.9998368379557676	0.999124508810288	-0.0007123291454795844
1430	0.999013449306873	0.9984854306072102	-0.0005280186996627911
1431	0.9962972366513677	0.9947446740244162	-0.0015525626269514703
1432	0.9999535862525019	0.9999790138173772	2.5427564875335484e-05
1433	0.9998147134252023	0.9995844916254754	-0.00023022179972698176
1434	0.9992399832031721	0.9990320315339997	-0.0002079516691724237
1435	0.9998040651110414	0.9995193506825003	-0.0002847144285410552
1436	0.9989116118284719	0.9981751222985525	-0.0007364895299193375
1437	0.9997522334769812	0.9987410792717543	-0.0010111542052269051
1438	0.997187229676423	0.9967562605313047	-0.0004309691451183095
1439	0.9990829286688823	0.9989522499171234	-0.00013067875175887256
1440	0.9990840244730327	0.9988914251847769	-0.0001925992882557681
1441	0.9990517606510756	0.9988506355827493	-0.00020112506832625776
1442	0.9990680586242604	0.9988726765773841	-0.00019538204687630234
1443	0.9982727279236733	0.9977801242163382	-0.0004926037073350598
1444	0.9990060467012393	0.9979116515768021	-0.0010943951244372085
1445	0.9981676076694618	0.9978614012717534	-0.0003062063977083973
1446	0.999848510257842	0.9990992002235831	-0.0007493100342589321
1447	0.9989749373603274	0.9982577042885966	-0.0007172330717307718
1448	0.9984353799132745	0.9977031462013642	-0.000732233711910224
1449	0.9990227980932466	0.9984925860976394	-0.0005302119956072104
1450	0.998934438462477	0.998168612943892	-0.0007658255185849505
1451	0.9982851110063348	0.9976224584433295	-0.0006626525630052393
1452	0.9972211656491718	0.9961229820647539	-0.0010981835844179333
1453	0.9970514876620341	0.9956371479039856	-0.0014143397580484995
1454	0.9999602962515936	0.9999862809666676	2.5984715074089948e-05
1455	0.999869581515339	0.9999498574754362	8.027596009718696e-05
1456	0.9987927955460977	0.997317755169663	-0.0014750403764346443
1457	0.9991304336160127	0.9986087445778826	-0.000521689038130102
1458	0.9999227776700668	0.9995725257637983	-0.0003502519062684728
1459	0.9999553001776683	0.9999825239372072	2.7223759538896886e-05
1460	0.9982520912351298	0.9979937417444379	-0.0002583494906919226
1461	0.999918357967432	0.9995998585164187	-0.0003184994510132544
1462	0.9987697168816323	0.9978528705665836	-0.000916846315048736
1463	0.9998635056191625	0.9998294472842681	-3.405833489433796e-05
1464	0.9981665735847086	0.9974913642662544	-0.0006752093184542174
1465	0.999088025709802	0.9985854300217092	-0.000502595688092855
1466	0.9989111350430949	0.998399427832198	-0.0005117072108968834
1467	0.9999464112288072	0.9999257411292807	-2.0670099526554075e-05
1468	0.9998665084327616	0.9994789326860937	-0.00038757574666792305
1469	0.9981188144531082	0.9972290195258896	-0.0008897949272186345
1470	0.999088016918172	0.9989325923736172	-0.00015542454455474974
1471	0.9999595446107749	0.9999817250841725	2.218047339763718e-05
1472	0.9989832705775622	0.9985126790575688	-0.0004705915199934019
1473	0.9982471668510854	0.9974656212445157	-0.0007815456065697335
1474	0.998562036073113	0.9980943809776801	-0.0004676550954328951
1475	0.999031701899712	0.998534523558054	-0.0004971783416579667
1476	0.9972520718228596	0.9966689283696663	-0.0005831434531933244
1477	0.9999992568776855	0.9999980773756026	-1.1795020828930802e-06
1478	0.9963156574526831	0.9950170550394682	-0.0012986024132148888
1479	0.9988517709384632	0.9977619733910809	-0.0010897975473823651
1480	0.9998348493730237	0.9991901064752463	-0.0006447428977773839
1481	0.9976568431801605	0.9968937810700171	-0.0007630621101433199
1482	0.9989916133887713	0.9984510774925547	-0.0005405358962166096
1483	0.9991616810567908	0.9985378698358829	-0.0006238112209079327
1484	0.9999223440083446	0.9997997719187136	-0.00012257208963095678
1485	0.9990853829609023	0.9988017381041157	-0.00028364485678666895
1486	0.999920576813746	0.9995700590610718	-0.0003505177526742509
1487	0.9981158789644325	0.9973708122393534	-0.0007450667250791243
1488	0.9975660551013924	0.9965687017971829	-0.0009973533042094695
1489	0.9958743005700413	0.9953414930901856	-0.0005328074798557347
1490	0.9972568300144135	0.9967040765345367	-0.0005527534798767109
1491	0.9999264383332568	0.999859523676342	-6.691465691477383e-05
1492	0.999078023436651	0.9984739465668392	-0.0006040768698117871
1493	0.9980496263769482	0.9974124285922811	-0.0006371977846670873
1494	0.9997285893672051	0.998737074225563	-0.0009915151416420853
1495	nan	nan	nan
1496	0.9999362109086282	0.9996401214467067	-0.00029608946192150043
1497	0.9971369633165511	0.9958572872132027	-0.0012796761033484483
1498	0.9998704260077744	0.9998068323290943	-6.359367868014054e-05
1499	0.9990319123518123	0.9985120957132355	-0.0005198166385768088
1500	0.9988069656539836	0.9969528614879168	-0.0018541041660667945
1501	0.9998144958285262	0.9994564096712394	-0.0003580861572868299
1502	0.9999324249731889	0.9996140930480647	-0.0003183319251242045
1503	0.9980126011264135	0.9969864798639656	-0.0010261212624479432
1504	0.9998329422213833	0.9991127643607963	-0.0007201778605869791
1505	0.9998694808194291	0.9995071483224018	-0.0003623324970272179
1506	0.9999834692398276	0.9999415281686294	-4.1941071198259294e-05
1507	0.999909988953132	0.9996507391934932	-0.00025924975963875774
1508	0.9999532570699328	0.9999828823650849	2.962529515215806e-05
1509	0.9990949445628934	0.9985958878022998	-0.0004990567605935858
1510	0.9990144827464218	0.9986239942467489	-0.0003904884996729363
1511	0.9997934454497712	0.998916397503328	-0.0008770479464432768
1512	0.999018671035301	0.9985019935505893	-0.0005166774847116251
1513	0.9983335469205554	0.9979622349601314	-0.0003713119604240589
1514	0.9970307363041518	0.9960966047520389	-0.0009341315521129712
1515	0.9999047343735281	0.9994754061427148	-0.0004293282308133195
1516	0.9981447875991551	0.9969661558684447	-0.0011786317307104222
1517	0.9990879489413927	0.9988807138768373	-0.00020723506455544438
1518	0.9988288312703777	0.9974505196225352	-0.0013783116478425228
1519	0.9998571207241755	0.9994780039152013	-0.0003791168089742891
1520	0.998937303531753	0.9986346842224946	-0.00030261930925845615
1521	0.9990339528848194	0.9987606804977985	-0.0002732723870209064
1522	0.9997120117219737	0.9986686435863728	-0.0010433681356009084
1523	0.9998695066241826	0.999498037105752	-0.0003714695184305894
1524	0.9981717712775232	0.9979213028822488	-0.000250468395274428
1525	0.9998557301463141	0.9995915818156296	-0.0002641483306845549
1526	0.9991109420652405	0.9988737775247751	-0.00023716454046540658
1527	0.9989560262697068	0.9984157810966081	-0.0005402451730986968
1528	0.9998401905902483	0.9998322075762911	-7.983013957213458e-06
1529	0.9998128966734137	0.9990658630857118	-0.0007470335877018952
1530	0.9991623261110888	0.9989206688581616	-0.00024165725292724094
1531	0.999880486714502	0.9995485039132345	-0.00033198280126756075
1532	0.9991154284673719	0.9985391838465926	-0.0005762446207793204
1533	0.9982172762611972	0.9975418582021437	-0.0006754180590534675
1534	0.9991008588785698	0.9985317678922098	-0.0005690909863600435
1535	0.9999862796927577	0.9999393552558803	-4.6924436877371356e-05
1536	0.9998689056252595	0.9999437989889121	7.489336365251731e-05
1537	0.9960940233644832	0.9954120087707363	-0.000682014593746838
1538	0.9999282722424276	0.9995736624346353	-0.00035460980779233875
1539	0.9982760091488169	0.9967434239172488	-0.0015325852315680732
1540	0.9998228904893184	0.9996055985752602	-0.00021729191405817083
1541	0.9982495565425883	0.9977541610657006	-0.0004953954768877056
1542	0.9970943039320055	0.9954607562882939	-0.001633547643711597
1543	0.9983447006108319	0.9979713289255794	-0.0003733716852525326
1544	0.9981934161642851	0.9975380761256849	-0.0006553400386002384
1545	0.9998014417556599	0.9994913974879205	-0.00031004426773939553
1546	0.9990995509013574	0.9989306407341866	-0.00016891016717079932
1547	0.9991165567845659	0.9989059415866172	-0.00021061519794873806
1548	0.9973743534925036	0.9968181902434233	-0.0005561632490802548
1549	0.9991170194645884	0.9985368235179148	-0.0005801959466735784
1550	0.9999343902998635	0.9996208561447788	-0.00031353415508472704
1551	0.9998690368875341	0.9995337683416718	-0.0003352685458622995
1552	0.9974073165550792	0.9960183036114154	-0.001389012943663781
1553	0.9989512763287027	0.9987581415793948	-0.00019313474930793273
1554	0.9999042771170125	0.9995204457483702	-0.0003838313686422845
1555	0.9964797066250487	0.995845613838988	-0.000634092786060747
1556	0.9989305046201717	0.9980426973730011	-0.0008878072471706355
1557	0.9999466719592981	0.9999208090860524	-2.586287324568559e-05
1558	0.9999808369472839	0.9999294017963376	-5.143515094629958e-05
1559	0.9992046127977012	0.9990731368169626	-0.00013147598073859346
1560	0.9990499336429225	0.9985115623091546	-0.0005383713337678842
1561	0.9999998003548729	0.9999993477088602	-4.5264601267192006e-07
1562	0.9991759636818028	0.9988385932040146	-0.0003373704777882569
1563	0.9989538825303389	0.9986574415649483	-0.0002964409653906097
1564	0.9982547536423625	0.9973364113930449	-0.0009183422493176385
1565	0.9999043682240611	0.9998996792020834	-4.689021977699603e-06
1566	0.9980908847688453	0.9973988633977585	-0.000692021371086815
1567	0.9999257129862571	0.9999719923173007	4.6279331043619365e-05
1568	0.9989422355037819	0.9981248874026801	-0.0008173481011017891
1569	0.9973883564261297	0.9961519652215696	-0.0012363912045600944
1570	0.9990002880215612	0.9985620924745259	-0.0004381955470352805
1571	0.9991205205365358	0.9985925628435713	-0.0005279576929644314
1572	0.9982374042880943	0.9977745894169106	-0.00046281487118371434
1573	0.9988698328408666	0.998051037524513	-0.0008187953163536488
1574	0.9990534009581825	0.9988825157497718	-0.0001708852084106871
1575	0.999859816329192	0.9994811616564974	-0.0003786546726946005
1576	0.9998337567047422	0.9991250271823378	-0.0007087295224044166
1577	0.9999856463430171	0.9999397856941559	-4.5860648861251185e-05
1578	0.9974997207443976	0.9969646267851415	-0.0005350939592561055
1579	0.9972236069366289	0.9962546482780976	-0.0009689586585313048
1580	0.9990160589787529	0.9988477104251555	-0.000168348553597375
1581	0.9998984408818978	0.9996181569773477	-0.0002802839045501493
1582	0.9998361425690543	0.9991021592898744	-0.0007339832791798395
1583	0.9999261701270874	0.9995458734578287	-0.0003802966692586507
1584	0.9989958209344793	0.9980736613278393	-0.000922159606639994
1585	0.9984031068329426	0.9980481537412517	-0.00035495309169097933
1586	0.9982462179068454	0.9979543993536455	-0.00029181855319992955
1587	0.9998953458362582	0.999599626503097	-0.0002957193331611929
1588	nan	nan	nan
1589	0.9998676787629721	0.9998117420766137	-5.593668635839322e-05
1590	0.998773556899583	0.9974413165464835	-0.0013322403530995341
1591	0.9990171440087096	0.9984652493823268	-0.0005518946263827207
1592	0.9974962439081972	0.9964589860895926	-0.0010372578186046422
1593	0.9998998586780976	0.9996275453599824	-0.00027231331811516934
1594	0.999906684060807	0.9999020272412122	-4.656819594717199e-06
1595	0.9983085768909568	0.9979861484020304	-0.0003224284889263851
1596	0.9999192922085807	0.9998430252319352	-7.62669766454227e-05
1597	0.9999816699503147	0.9999237190897184	-5.795086059623422e-05
1598	0.9990837656350111	0.9988874683854903	-0.00019629724952086036
1599	0.9999423973052077	0.9999185190660488	-2.38782391589476e-05
1600	0.9991760619491113	0.9987013252204594	-0.0004747367286519477
1601	0.9999992706615501	0.9999984822188305	-7.884427196680477e-07
1602	0.9990688469137595	0.9984830742694089	-0.0005857726443506683
1603	0.9985057589103609	0.9976533285843803	-0.000852430325980591
1604	0.9991272229565651	0.9985507784752998	-0.0005764444812652592
1605	0.998235408522059	0.9972350098222624	-0.001000398699796623
1606	0.99835261860456	0.9976285526043744	-0.000724066000185597
1607	0.9990588092765278	0.9985624265209406	-0.0004963827555871658
1608	0.999757983032244	0.999156152049679	-0.0006018309825649437
1609	0.9998597642677703	0.9999458806618516	8.611639408129257e-05
1610	0.9998541517589324	0.9994241442963838	-0.00043000746254862054
1611	0.9998431118331373	0.9995885409400672	-0.00025457089307012737
1612	0.999112012032128	0.9988393840430525	-0.00027262798907545793
1613	0.9991198078233409	0.9990018880410338	-0.00011791978230701883
1614	0.9982063204224402	0.9974927201993159	-0.0007136002231242777
1615	0.9998556675098305	0.9992429230732693	-0.000612744436561119
1616	0.9999148071803245	0.999530131433252	-0.00038467574707257146
1617	0.9999350031870797	0.9998537005609756	-8.130262610417383e-05
1618	0.9999605728301509	0.9999868715479482	2.629871779724624e-05
1619	0.9972566510192876	0.9960054797577813	-0.001251171261506312
1620	0.9975670479704409	0.9968642888671104	-0.0007027591033305081
1621	0.9987912715218398	0.9972023695145853	-0.001588902007254478
1622	0.9999607159335203	0.9999836831791614	2.2967245641103418e-05
1623	0.9998681967828377	0.9994702174669668	-0.00039797931587082225
1624	0.9998477328097457	0.9995897873165972	-0.0002579454931485037
1625	0.9999447625014733	0.9999276425668883	-1.7119934585085872e-05
1626	0.9990191684049167	0.9984096910841731	-0.0006094773207435678
1627	0.9990700806912127	0.9986467532590707	-0.00042332743214201773
1628	0.9982362922004218	0.9976119969791246	-0.0006242952212971442
1629	0.9978965948818526	0.9972044989078404	-0.0006920959740122079
1630	0.9981501838927913	0.997882499742731	-0.0002676841500602878
1631	0.9956953412329166	0.9944234314264498	-0.0012719098064667422
1632	0.998244039766744	0.9973763964236214	-0.0008676433431226149
1633	0.9998116594263241	0.9992219245261117	-0.000589734900212413
1634	0.9999253778074355	0.9995817939393917	-0.00034358386804378416
1635	0.9979913560549792	0.9972307753946937	-0.0007605806602855036
1636	0.9998327061552316	0.9995016137496175	-0.00033109240561401965
1637	0.9982268514077485	0.9972435227025483	-0.000983328705200126
1638	0.9999337324252002	0.9998549285930076	-7.880383219260878e-05
1639	0.9990034498000266	0.9988174133650951	-0.00018603643493153577
1640	0.9990757748313669	0.9981373965537077	-0.0009383782776591909
1641	0.9988625642520708	0.9984181442981188	-0.00044441995395194667
1642	0.9998102789442775	0.9991761496823885	-0.0006341292618889938
1643	0.9988875534677285	0.997771962510347	-0.0011155909573814515
1644	0.998116271591481	0.9974768635814354	-0.0006394080100455835
1645	0.9999251057523298	0.9999712675519172	4.616179958738531e-05
1646	0.999038286489465	0.9988229695558472	-0.00021531693361787063
1647	0.9998999321756986	0.9999068693730954	6.93719739675025e-06
1648	0.999028058807859	0.9982316495707698	-0.0007964092370892351
1649	0.9990911948564254	0.9989029978276384	-0.00018819702878702937
1650	0.9981595286466791	0.9973000107438054	-0.0008595179028737521
1651	0.9989455224497474	0.9985370456498406	-0.0004084767999068539
1652	0.9991050823780777	0.9984941495257038	-0.0006109328523739022
1653	0.9998576251289485	0.9994818279070756	-0.00037579722187286446
1654	0.997985713658346	0.9972926108392981	-0.0006931028190478861
1655	0.9990268478511929	0.9988544324542303	-0.00017241539696255526
1656	0.999052922952431	0.9988268018765293	-0.0002261210759016974
1657	0.9999605173728702	0.999983525814382	2.3008441511818134e-05
1658	0.9996413740641342	0.9984397863831416	-0.0012015876809926551
1659	0.9990060471449335	0.9982648399712716	-0.0007412071736618842
1660	0.998917319732773	0.998011871813369	-0.0009054479194039455
1661	0.9980103650129487	0.9968198299224809	-0.001190535090467848
1662	0.9998373710042874	0.9995454091710747	-0.00029196183321267277
1663	0.998932198271568	0.9981267309289357	-0.0008054673426323156
1664	0.9999034187826881	0.9999152854817795	1.1866699091478417e-05
1665	0.9998511616718686	0.9991821161170058	-0.0006690455548628016
1666	0.9989982019899651	0.9988258770084998	-0.0001723249814653549
1667	0.998963074577973	0.9981473658041106	-0.0008157087738623892
1668	0.9982000577534054	0.9978060364333224	-0.0003940213200829268
1669	0.9999545329081507	0.999980998027979	2.6465119828289474e-05
1670	0.9997789977587315	0.9988393458311906	-0.0009396519275408632
1671	0.9998384613265904	0.9995886007362298	-0.0002498605903605844
1672	0.9997386048691472	0.9988064175122239	-0.000932187356923353
1673	0.9980628346231911	0.9970890294074589	-0.0009738052157322041
1674	0.9988669260820288	0.9976211968532358	-0.0012457292287929578
1675	0.9999050599228909	0.9998636921511048	-4.1367771786093854e-05
1676	0.9990850470344409	0.9984905666908002	-0.0005944803436407353
1677	0.9982281429840403	0.9978265726529985	-0.0004015703310418228
1678	0.9988178660902062	0.9974024736715648	-0.0014153924186414146
1679	0.9997869310693802	0.9995148962445897	-0.00027203482479054575
1680	0.9998353260656255	0.9992095100935857	-0.0006258159720398115
1681	0.999798611200009	0.9993756228826499	-0.0004229883173590965
1682	0.9982158942578595	0.9974100812507575	-0.0008058130071020297
1683	0.9998928934413909	0.9996008116625038	-0.00029208177888706555
1684	0.9999617318331064	0.999983961438228	2.22296051215487e-05
1685	0.9989619042532925	0.9982035762553958	-0.0007583279978966573
1686	0.9991163353856771	0.9986608112373052	-0.0004555241483719108
1687	0.9990465056533073	0.9981945320513652	-0.0008519736019421131
1688	0.9991603060494355	0.998681437496605	-0.00047886855283052476
1689	0.9989226296362752	0.9987856199626128	-0.00013700967366236938
1690	0.999915550188598	0.9999085385652632	-7.011623334829409e-06
1691	0.9988497044103641	0.9976509568613463	-0.0011987475490178312
1692	0.9998112758429221	0.9992471367803515	-0.0005641390625705789
1693	0.9992400763433954	0.99905908539686	-0.0001809909465354531
1694	0.998999295018125	0.9985243428583676	-0.00047495215975745797
1695	0.9991249190540186	0.9987398529638793	-0.0003850660901392189
1696	0.9975413178631392	0.9965697932473263	-0.0009715246158128465
1697	0.9973083133087892	0.9965289385598025	-0.0007793747489867053
1698	0.9983543106935114	0.997627463230621	-0.0007268474628904231
1699	0.9989308278048458	0.9984801144596109	-0.0004507133452348322
1700	0.9999280309780535	0.9995907061346477	-0.00033732484340576185
1701	0.9991184676426528	0.9989011550059613	-0.00021731263669144685
1702	0.9990411556165657	0.9984991012010543	-0.0005420544155113616
1703	0.9998944759766282	0.9995865035500621	-0.00030797242656610546
1704	0.9991439152619591	0.9989638246335282	-0.00018009062843094004
1705	0.9999403405785767	0.9999216161152698	-1.872446330697386e-05
1706	0.9989731977907137	0.9981503909676568	-0.0008228068230569097
1707	0.9989657876503524	0.9985120609821831	-0.0004537266681692298
1708	0.9975111662279267	0.996472422110797	-0.0010387441171296752
1709	0.9999049370438896	0.9996377149562291	-0.00026722208766050137
1710	0.9997510341569674	0.9985569028280742	-0.0011941313288932331
1711	0.9999468187417476	0.9999249311066658	-2.188763508181868e-05
1712	0.999148581572244	0.9989825746700782	-0.00016600690216572733
1713	0.9999287230886925	0.999845056097419	-8.366699127348998e-05
1714	0.9980590064028566	0.9972861892083219	-0.0007728171945347029
1715	0.9990581222101241	0.9985884665620363	-0.0004696556480878744
1716	0.99748065775311	0.9965340900083413	-0.0009465677447687559
1717	0.9999994048463312	0.99999790964574	-1.4952005912283184e-06
1718	0.9991334018007609	0.9989521380235861	-0.00018126377717486708
1719	0.998949461808808	0.9982114020221909	-0.0007380597866170069
1720	0.9935130341596765	0.9925293937845294	-0.000983640375147088
1721	0.9982922690973662	0.9975207768642409	-0.0007714922331253371
1722	0.9998153715231423	0.9991676456004746	-0.0006477259226677079
1723	0.9974754707448611	0.9965106120928586	-0.0009648586520024649
1724	0.9974366931774665	0.9964120803552298	-0.001024612822236759
1725	0.9989010246322739	0.9976477122740122	-0.00125331235826176
1726	0.9999167688890472	0.9997998802895273	-0.00011688859951997088
1727	0.9989906983699978	0.9984239218003969	-0.000566776569600913
1728	0.9996572843763086	0.9990655690033473	-0.0005917153729613212
1729	0.9988332483433366	0.9981527143125156	-0.0006805340308210228
1730	0.9989916769257944	0.9987221684905893	-0.0002695084352051236
1731	0.9982403835930823	0.9974881360308377	-0.0007522475622445679
1732	0.9999338656041856	0.9996232136846999	-0.00031065191948576043
1733	0.9981107671810275	0.9975006241969617	-0.000610142984065809
1734	0.9990358588995275	0.9984497692390504	-0.0005860896604771293
1735	0.9999389393580287	0.9996263527081162	-0.0003125866499125163
1736	0.9989208566415981	0.9987057703183414	-0.00021508632325673016
1737	0.9965620288214706	0.9954131516743727	-0.001148877147097882
1738	0.9981965937516829	0.9969140135659126	-0.0012825801857703212
1739	0.998975560173823	0.9988007805959969	-0.00017477957782618958
1740	0.9999993931595013	0.9999984160727261	-9.770867751557333e-07
1741	0.998115357021001	0.9975964866425546	-0.0005188703784463344
1742	0.999891121092696	0.9996173107272763	-0.00027381036541962445
1743	0.9989834859620695	0.9982915182127049	-0.0006919677493646414
1744	0.9999319458995354	0.9996189996266472	-0.00031294627288813714
1745	0.9990797330016311	0.9983202714563971	-0.0007594615452339859
1746	0.9990677006218153	0.9987549671689994	-0.00031273345281590537
1747	0.9991675912482098	0.9990694654381096	-9.812581010015808e-05
1748	0.9998214760112377	0.9994768617408041	-0.0003446142704336408
1749	0.9990810510391063	0.9983327846706344	-0.0007482663684719171
1750	0.9990665942471341	0.9981416134508049	-0.000924980796329189
1751	0.9991090384182072	0.9988463555628061	-0.00026268285540109737
1752	0.9997805817223218	0.9987652040351489	-0.0010153776871728581
1753	0.9982433536670446	0.9974764663440775	-0.0007668873229671469
1754	0.9968543711723278	0.9956552910251416	-0.0011990801471861712
1755	0.999935443923332	0.9998618788686856	-7.356505464639618e-05
1756	0.9998301709976617	0.9995296423341034	-0.0003005286635583415
1757	0.9990471816328541	0.998756062245971	-0.00029111938688308747
1758	0.9970168640748593	0.9962236591126739	-0.0007932049621854897
1759	0.9979627033548685	0.9968178042719577	-0.0011448990829108219
1760	0.9998890343592187	0.9995952478043655	-0.000293786554853237
1761	0.9998609320564863	0.9994745850104471	-0.0003863470460392371
1762	0.9999218718783851	0.999550251398495	-0.00037162047989014457
1763	0.9978598365756235	0.9970086414644668	-0.0008511951111567218
1764	0.996074205408704	0.9952389143922016	-0.0008352910165023708
1765	0.9999587962551733	0.9999822361401269	2.343988495367988e-05
1766	0.9998549262993343	0.9991960650745323	-0.0006588612248019654
1767	0.9998520179459432	0.9995924260527176	-0.00025959189322566356
1768	0.9990386605390411	0.9984795678114653	-0.0005590927275758162
1769	0.9990272466986581	0.9985238666364411	-0.0005033800622169515
1770	0.9970831961620552	0.9959663899127255	-0.0011168062493297493
1771	0.9999546305883361	0.9999825133076978	2.7882719361715935e-05
1772	0.9998694483889449	0.9994992199198292	-0.0003702284691157187
1773	0.9991046673955488	0.9989355440354067	-0.00016912336014207607
1774	0.9997740510768033	0.9990740712515742	-0.000699979825229069
1775	0.9983146371433014	0.9979362815509666	-0.0003783555923347892
1776	0.9991048432910284	0.9989092176208725	-0.00019562567015596333
1777	0.9999424688225874	0.9999169389140118	-2.5529908575627758e-05
1778	0.9998715733407662	0.9992805287124054	-0.0005910446283607929
1779	0.9989702084916098	0.9985453185789699	-0.00042488991263989195
1780	0.9991234558290526	0.9987970321922238	-0.0003264236368287765
1781	0.9990351059032234	0.9989064649372882	-0.00012864096593523389
1782	0.999092130997673	0.9988109516965403	-0.0002811793011326946
1783	0.9998320920243239	0.9995928364820087	-0.00023925554231518653
1784	0.9990742239033814	0.9986619974614925	-0.00041222644188887436
1785	0.9999604386780352	0.9999842489604431	2.3810282407943362e-05
1786	nan	nan	nan
1787	0.9982784605769716	0.9975494292752811	-0.0007290313016904415
1788	0.998964814388128	0.9985504571661854	-0.00041435722194260727
1789	0.9999362269493124	0.9996407857803067	-0.0002954411690057057
1790	0.9991508650374249	0.9986299995478773	-0.0005208654895475506
1791	0.9983678966867888	0.9979570894400088	-0.00041080724677999836
1792	0.9996985115412147	0.998749083950664	-0.0009494275905507221
1793	0.999871474749656	0.9998308720461231	-4.06027035328993e-05
1794	0.9980663042276495	0.9977509948638515	-0.0003153093637979776
1795	0.9988900066586939	0.9981958262571572	-0.0006941804015366815
1796	0.999885525332265	0.999257467708865	-0.0006280576234000135
1797	0.9998307660264645	0.9992439332367052	-0.0005868327897592396
1798	0.9998117090169243	0.9991407724387428	-0.0006709365781815135
1799	0.9990809130278715	0.9988081160898089	-0.00027279693806259164
1800	0.998184272654846	0.997564574584265	-0.0006196980705810429
1801	0.9990141234448557	0.9987736362085355	-0.00024048723632019708
1802	0.9997928771774718	0.9989120768086333	-0.0008808003688385302
1803	0.9990291376426709	0.998951486594372	-7.76510482988213e-05
1804	0.9989622079725884	0.9981697981387736	-0.0007924098338147889
1805	nan	nan	nan
1806	0.9989674636201517	0.9981329578347681	-0.0008345057853835769
1807	0.9991404983073262	0.9987108994053194	-0.0004295989020067781
1808	0.9987948173742869	0.9976744648945816	-0.0011203524797053221
1809	0.9980325237406682	0.9974692890240056	-0.0005632347166626417
1810	0.9989936628035555	0.9982245832406885	-0.0007690795628669811
1811	0.9997587540432746	0.9991931081827332	-0.0005656458605414194
1812	0.9990005828184341	0.9983525339251368	-0.0006480488932972817
1813	0.9988943213087678	0.9980919416784862	-0.0008023796302815134
1814	0.9998515769457567	0.9992133980567631	-0.0006381788889935347
1815	0.9969742324979446	0.9955171179351132	-0.0014571145628313742
1816	0.9988831551691587	0.9983528703549325	-0.000530284814226234
1817	0.9971943275048673	0.996225815405488	-0.000968512099379204
1818	0.9988257168101479	0.998331401548925	-0.0004943152612228996
1819	0.9971077630261441	0.9963262187272863	-0.0007815442988577948
1820	0.9998474428846679	0.9999331204392032	8.56775545353683e-05
1821	0.9991243303835713	0.9989389805052127	-0.0001853498783586094
1822	0.9998296432808473	0.9992319699860013	-0.0005976732948460572
1823	0.9998123297791177	0.9994139091521753	-0.0003984206269423973
1824	0.9990975022876719	0.9986238540465565	-0.0004736482411153986
1825	0.9997859708131687	0.999174710851657	-0.0006112599615116787
1826	0.9976387191715679	0.9971344583632941	-0.0005042608082738154
1827	0.9972882928537946	0.9963986907689536	-0.0008896020848410124
1828	0.997999899218972	0.9966698446758715	-0.001330054543100534
1829	0.9983281605003514	0.9970969661041916	-0.0012311943961598182
1830	0.9990208941409159	0.9984110174165929	-0.0006098767243229997
1831	0.9999247988094649	0.9995425035073324	-0.00038229530213251817
1832	0.9990466749271322	0.9981220368298968	-0.0009246380972354196
1833	0.9990801538939834	0.9984503784530805	-0.0006297754409029244
1834	0.9990353312867943	0.9984271032757707	-0.0006082280110236704
1835	0.9983072526328705	0.9972306701906293	-0.0010765824422411807
1836	0.9989441318272422	0.9981559333895681	-0.0007881984376740814
1837	0.9981121427443435	0.9976459885311927	-0.0004661542131507712
1838	0.9990924701172301	0.9985718506252339	-0.0005206194919962215
1839	0.9999309256753226	0.9998530564283815	-7.786924694108688e-05
1840	0.9992080523868455	0.9989994090725552	-0.00020864331429026883
1841	0.9969713718595721	0.9959458625109722	-0.0010255093485999067
1842	0.9991502101064819	0.9990231144523197	-0.00012709565416213486
1843	0.9999580766118016	0.9997993585431761	-0.0001587180686254408
1844	0.9991815374694791	0.9988944899529043	-0.0002870475165748232
1845	0.9983085829162485	0.9978521521932783	-0.0004564307229701914
1846	0.9982163070656269	0.997323500994706	-0.000892806070920904
1847	0.9988523009028196	0.9983662018806487	-0.00048609902217089385
1848	0.9999009355618618	0.9999093022701533	8.366708291518421e-06
1849	0.9998322157546841	0.9995264573027929	-0.00030575845189118045
1850	0.9989545909165402	0.9981606417887755	-0.0007939491277646482
1851	0.9999827005255277	0.999935045428877	-4.765509665072276e-05
1852	0.9980134656173205	0.9969075352541755	-0.0011059303631449913
1853	0.9974449901333053	0.9967148458935314	-0.0007301442397739111
1854	0.9983064183614591	0.9974938383640309	-0.00081257999742812
1855	0.9991342835226926	0.9988906582901984	-0.00024362523249421564
1856	0.9990244031900214	0.9985786557326342	-0.00044574745738723554
1857	0.999963016897414	0.9999842965777305	2.1279680316510508e-05
1858	0.9989022038069605	0.998507300970825	-0.00039490283613552446
1859	0.998023119251959	0.9963805142703228	-0.0016426049816361532
1860	0.9981825371947418	0.9975474687256217	-0.0006350684691200925
1861	0.9997631793852716	0.99885231201853	-0.0009108673667416189
1862	0.9998997304649943	0.9994992879797234	-0.0004004424852708244
1863	0.9991660018507112	0.9986789297695875	-0.00048707208112375167
1864	0.9999461914494086	0.999776922080163	-0.00016926936924555047
1865	0.9999119879670644	0.9999144717770138	2.483809949382909e-06
1866	0.9973918039252242	0.9958649833929796	-0.0015268205322446216
1867	0.9983394189514794	0.9977518731173389	-0.000587545834140446
1868	0.9984054316292739	0.9978829678796083	-0.0005224637496655804
1869	0.999154845330732	0.9990462459001013	-0.00010859943063068478
1870	0.9998783359908938	0.9995317158029374	-0.0003466201879563924
1871	0.9971583733677071	0.9964508975174828	-0.0007074758502242373
1872	0.9990362263726472	0.9987485146988712	-0.0002877116737760588
1873	0.9998490548046971	0.999940784752314	9.172994761685871e-05
1874	0.9969826771223974	0.995595501439277	-0.0013871756831204118
1875	0.9999619470004303	0.9999852909908454	2.3343990415147786e-05
1876	0.999964808600024	0.9999850432726083	2.0234672584273916e-05
1877	0.9972460526778951	0.9959333724192949	-0.0013126802586002073
1878	0.9999838493959047	0.9999316601967433	-5.2189199161389865e-05
1879	0.9999994548226756	0.9999984796543274	-9.751683481828977e-07
1880	0.9990777000261037	0.9985596176037145	-0.0005180824223892655
1881	0.9990531234745909	0.9984132002434745	-0.0006399232311163905
1882	0.9975890208012297	0.9967223822374237	-0.000866638563805977
1883	0.9973387174948084	0.9963521634581869	-0.000986554036621512
1884	0.9982854011577155	0.9975684522859373	-0.0007169488717782002
1885	0.998937286111054	0.9981853238994189	-0.0007519622116350932
1886	0.9990216093594151	0.9987550430992059	-0.00026656626020915564
1887	0.9999045949159443	0.9995072852486975	-0.0003973096672468257
1888	0.9989539758787688	0.9982073907382835	-0.0007465851404853119
1889	0.9999173780009621	0.9999618353213161	4.4457320353963325e-05
1890	0.9974784081450493	0.9967216468561823	-0.0007567612888670361
1891	0.9991679984854916	0.9989769153930717	-0.00019108309241999688
1892	0.9999227872069847	0.9995731229736184	-0.00034966423336624253
1893	0.9992755395045506	0.9990405583383887	-0.00023498116616194054
1894	0.9965251405321432	0.9950478513225598	-0.0014772892095834544
1895	0.999145095763935	0.9989956557157335	-0.00014944004820149903
1896	0.9997174423173096	0.9989354787129693	-0.0007819636043403522
1897	0.997906659986681	0.9970272481596433	-0.0008794118270377682
1898	0.9979682693163163	0.996717033939925	-0.0012512353763913797
1899	0.9999251446156665	0.9995685561028721	-0.00035658851279440906
1900	0.9998668936705442	0.9995293647404571	-0.0003375289300870943
1901	0.9988829331018304	0.9977742020595285	-0.0011087310423019137
1902	0.9997383540998773	0.9992046787036023	-0.000533675396275024
1903	0.9980903587546079	0.9967049984622426	-0.0013853602923653563
1904	0.9998370319464934	0.9995629198095967	-0.0002741121368967647
1905	0.9991231155639132	0.9985326586626501	-0.0005904569012631367
1906	0.9998705480867557	0.9998027382731488	-6.780981360687832e-05
1907	0.9999838394798298	0.9999405011028127	-4.333837701708809e-05
1908	0.9981699548743607	0.9972960477506398	-0.0008739071237208185
1909	0.9999318311783221	0.999616748040517	-0.00031508313780503894
1910	0.9982106288384937	0.997623591912616	-0.0005870369258776931
1911	0.9988800264626448	0.9976255474054059	-0.0012544790572389664
1912	0.9991234252337643	0.9986628743548154	-0.00046055087894891766
1913	0.9999028768243028	0.9994642468213096	-0.0004386300029931567
1914	0.9998672832197283	0.9992144222327909	-0.000652860986937398
1915	0.9999210335264621	0.9995640163187052	-0.0003570172077569378
1916	0.9999837871702026	0.9999313364216861	-5.245074851656373e-05
1917	0.9999538213957656	0.9999830233749014	2.9201979135806688e-05
1918	0.999882062576381	0.9995860758132049	-0.00029598676317610373
1919	0.997506477318318	0.9969423728722427	-0.000564104446075242
1920	0.9990939988196338	0.9983383805207241	-0.0007556182989096882
1921	0.9949158959876103	0.9931891020196185	-0.001726793967991802
1922	0.9981327535433392	0.997400331204136	-0.0007324223392032314
1923	0.9973725923905439	0.9969230856982091	-0.000449506692334789
1924	0.9990326152488563	0.9987972690553901	-0.00023534619346621266
1925	0.9980661401162393	0.9978230047599805	-0.00024313535625875016
1926	0.9972868308299292	0.9968133205628288	-0.00047351026710040767
1927	0.9990267069069891	0.9982206988381568	-0.0008060080688323534
1928	0.9991260701294805	0.9988793671043017	-0.00024670302517881826
1929	0.998235429563628	0.9979326858932818	-0.0003027436703462172
1930	0.999087764228135	0.9988386172653893	-0.00024914696274569437
1931	0.9957894284715084	0.994761260867342	-0.0010281676041664634
1932	0.9999847605896606	0.999939891531075	-4.4869058585583765e-05
1933	0.9971547373214458	0.9964087693651298	-0.0007459679563159849
1934	0.999846385159334	0.9995241215083327	-0.0003222636510012977
1935	0.9999995944759369	0.9999983804757229	-1.2140002140226258e-06
1936	0.9999051931415076	0.999507300022532	-0.00039789311897564517
1937	0.9998023640130939	0.9995195335738901	-0.0002828304392037406
1938	0.9999365266753555	0.9999155406691714	-2.0986006184053885e-05
1939	0.9980912782634024	0.9974744350255836	-0.0006168432378187427
1940	0.9990762860269472	0.9982023727574783	-0.0008739132694689511
1941	0.9972779935146706	0.9961434573632546	-0.0011345361514160102
1942	0.9990988672918228	0.998863840559082	-0.00023502673274089503
1943	0.9999006321189966	0.9999103852115595	9.75309256290302e-06
1944	0.9998129239350986	0.9992614718853547	-0.000551452049743828
1945	0.9989733760110175	0.9985027904376732	-0.0004705855733443398
1946	0.9999996713615803	0.9999989210669189	-7.502946614001971e-07
1947	0.9974403786747678	0.9969560811469373	-0.0004842975278304129
1948	0.998330791692521	0.9973293878568271	-0.0010014038356939148
1949	0.9989437215510306	0.9984280462995775	-0.0005156752514531293
1950	0.9989899153139652	0.9983800935790854	-0.0006098217348797785
1951	0.9998932771436874	0.99958791397107	-0.0003053631726173123
1952	0.9982943786784165	0.9976089321626045	-0.0006854465158120382
1953	0.999667113439602	0.9987749395197131	-0.0008921739198889389
1954	0.999109891789003	0.9985883548041943	-0.0005215369848087237
1955	0.9999516666034852	0.9999248783681259	-2.6788235359287427e-05
1956	0.9988411513780543	0.9980868714551858	-0.0007542799228684727
1957	0.9987653045657593	0.9976173435326178	-0.0011479610331415202
1958	0.9998117415595864	0.9995935227924423	-0.00021821876714411825
1959	0.9987877423492655	0.9983360963314275	-0.0004516460178379811
1960	0.9990091367815286	0.9988300260788382	-0.0001791107026903882
1961	0.999826709691253	0.999147237644033	-0.0006794720472199645
1962	0.9989608563266764	0.9983846579114455	-0.000576198415230933
1963	0.9974453458374117	0.9967584465327064	-0.0006868993047053351
1964	0.99980565649838	0.9995401612335671	-0.0002654952648128983
1965	0.9999629653322524	0.9999829543258605	1.9988993608111016e-05
1966	0.9998122825000033	0.9991671652670664	-0.0006451172329369204
1967	0.9989767497324441	0.998531717976289	-0.0004450317561550676
1968	0.9989720418410452	0.9982235364591443	-0.0007485053819008547
1969	0.9999531009749515	0.9999330280162213	-2.007295873018844e-05
1970	0.998993882962844	0.998412042179925	-0.0005818407829190075
1971	0.9998041665135703	0.9995900668946945	-0.00021409961887575157
1972	0.9999228366368392	0.9998652101453777	-5.762649146157095e-05
1973	0.9980296424161678	0.9970857385996359	-0.0009439038165318658
1974	0.9990575869834257	0.9986073223272993	-0.000450264656126409
1975	0.9998915494151317	0.9996130162848248	-0.00027853313030690163
1976	0.9990866469927808	0.9985314481179474	-0.0005551988748334624
1977	0.9981867079096124	0.9977098398361417	-0.00047686807347069315
1978	0.9998502774415664	0.9997007597443266	-0.00014951769723980934
1979	0.9989342940726516	0.9983854429208172	-0.0005488511518343397
1980	0.9982161872306001	0.9977297500714064	-0.00048643715919372
1981	0.9998667793558632	0.9995294994319811	-0.0003372799238821056
1982	0.9991581934228604	0.998959803019419	-0.00019839040344138414
1983	0.999101792110177	0.9989416307682276	-0.00016016134194940523
1984	0.9999333298043549	0.9996157469249503	-0.00031758287940464314
1985	0.9990726966648039	0.9983978478710956	-0.0006748487937082714
1986	0.9990047892458089	0.9986703978260877	-0.0003343914197212472
1987	0.9971116506559977	0.9964314846791076	-0.0006801659768901347
1988	0.9996873273162652	0.9984221244813998	-0.0012652028348654198
1989	0.9991454760487875	0.9988405471837256	-0.0003049288650618376
1990	0.9999503141213774	0.9998193654632757	-0.00013094865810170386
1991	0.9999386872472108	0.999631906289545	-0.0003067809576657865
1992	0.9990458401565433	0.9984809178065226	-0.0005649223500207023
1993	0.9990308161766026	0.9987882184788104	-0.00024259769779222395
1994	0.9981792664303465	0.997535845420158	-0.0006434210101884386
1995	0.999748178038823	0.9987953979636075	-0.0009527800752154869
1996	0.9983286256169069	0.9975651120011305	-0.0007635136157764233
1997	0.9982928151520308	0.9975378274534779	-0.000754987698552978
1998	0.999984817702036	0.999931371314352	-5.3446387684008556e-05
1999	0.9990135094172344	0.9978519585744459	-0.0011615508427885723
