draw	ref_metric	arm_metric	delta
0	0.9517725122836019	0.8959682233549158	-0.05580428892868616
1	0.9171873816556844	0.8513879421343634	-0.06579943952132095
2	0.9202207888065209	0.8753730624819486	-0.044847726324572346
3	0.9417583187390542	0.9164693520140105	-0.02528896672504377
4	0.9201726461900255	0.8730534285468468	-0.047119217643178724
5	0.9192958875683833	0.8510894170911149	-0.06820647047726847
6	0.9489420528288091	0.9011059318161045	-0.04783612101270451
7	0.8915361924211481	0.8333266594588823	-0.05820953296226583
8	0.9218352002455117	0.835123523093448	-0.08671167715206374
9	0.9282626905679343	0.8791254816552186	-0.04913720891271567
10	0.9365283222928215	0.9093213464918211	-0.0272069758010004
11	0.9482249088466705	0.8940062687903794	-0.05421864005629118
12	0.9565042246996385	0.8873279152441665	-0.06917630945547193
13	0.926057701616807	0.8917005518443218	-0.03435714977248516
14	0.8918427263830522	0.830441540498532	-0.06140118588452015
15	0.9197109594540345	0.8763437263035818	-0.043367233150452655
16	0.9295952732644017	0.8825642540620384	-0.0470310192023633
17	0.930030685870677	0.8733309374395267	-0.05669974843115033
18	0.9370909090909091	0.8872242424242425	-0.049866666666666615
19	0.9272369205255111	0.8868043498915982	-0.04043257063391292
20	0.9138862548790438	0.853297902838115	-0.06058835204092883
21	0.9222222222222223	0.8628502415458937	-0.05937198067632854
22	0.9350940117626092	0.89129611477455	-0.04379789698805925
23	0.9186322069811531	0.8803529608564737	-0.03827924612467937
24	0.9381821834334055	0.8913305506573515	-0.046851632776054086
25	0.966120009300926	0.9144861922282557	-0.05163381707267034
26	0.9268177933961268	0.8616335896918896	-0.06518420370423716
27	0.9386272141706924	0.8704810789049919	-0.06814613526570046
28	0.93966617574865	0.9029700540009818	-0.03669612174766812
29	0.9590625265482967	0.9145994392999746	-0.04446308724832215
30	0.9034401442641143	0.8522125121376057	-0.051227632126508604
31	0.9468056338028169	0.9045070422535211	-0.04229859154929583
32	0.9174928332537028	0.8677436693741042	-0.0497491638795986
33	0.9344387054919281	0.8886767971654564	-0.045761908326471645
34	0.9202904167635584	0.8681497558328811	-0.05214066093067726
35	0.9554250616776315	0.9157457853618421	-0.03967927631578938
36	0.9536752343176688	0.9203087698438501	-0.033366464473818636
37	0.9207945597709377	0.8617275113338105	-0.05906704843712718
38	0.8878486712057984	0.8378267076652757	-0.050021963540522685
39	0.9195342465753424	0.8653150684931507	-0.05421917808219179
40	0.9116756112104949	0.8464519976147883	-0.06522361359570661
41	0.915356306457009	0.846345691778947	-0.06901061467806202
42	0.9429438266093026	0.8840713531942528	-0.058872473415049864
43	0.9386605834187413	0.893950915242283	-0.04470966817645827
44	0.9387871586990961	0.8844003354766564	-0.054386823222439706
45	0.9339923698922667	0.8850325119370396	-0.04895985795522717
46	0.90812413995805	0.8329214038556599	-0.07520273610239003
47	0.9567360889129313	0.9289507979050382	-0.027785291007893065
48	0.9481241109530584	0.9149848862019915	-0.0331392247510669
49	0.8958915161670701	0.832371377148886	-0.0635201390181841
50	0.9395511459740495	0.90560897253976	-0.03394217343428951
51	0.9563684394376037	0.903873024190027	-0.05249541524757673
52	0.9339941135734072	0.8888828774238227	-0.045111236149584566
53	0.9366610576614302	0.8884792745115669	-0.04818178314986321
54	0.915855840132641	0.871831231729133	-0.04402460840350797
55	0.9102358164335275	0.8736920777279522	-0.03654373870557526
56	0.9259215747702589	0.8591400375939849	-0.066781537176274
57	0.9528292706660828	0.9098185179779108	-0.043010752688172005
58	0.9159966144731274	0.8542848074481592	-0.06171180702496826
59	0.936378141204627	0.8830812187413704	-0.05329692246325668
60	0.9500550025488986	0.9121569048321752	-0.03789809771672348
61	0.9546530386349987	0.9030533542149948	-0.051599684420003955
62	0.9637913989125062	0.940421266545834	-0.02337013236667218
63	0.9281774694076674	0.8575881181141842	-0.0705893512934832
64	0.9374653739612189	0.8965096952908588	-0.040955678670360096
65	0.9371243643088303	0.9101206237128567	-0.027003740595973547
66	0.9389814221652787	0.8825859491778775	-0.05639547298740122
67	0.9370826773790782	0.9003582867379621	-0.0367243906411161
68	0.9287808911108527	0.8606234417186632	-0.06815744939218948
69	0.9409058143280011	0.8947715525835493	-0.04613426174445179
70	0.9129679843965558	0.8613529327815042	-0.051615051615051644
71	0.9363564875491481	0.8921275666229794	-0.0442289209261687
72	0.9347613091515531	0.8830727538044612	-0.051688555347091936
73	0.9261640123866401	0.8780551869055518	-0.0481088254810883
74	0.9036934338952972	0.8427240461401952	-0.06096938775510197
75	0.9365289142226717	0.8750574606968833	-0.06147145352578842
76	0.9246556473829202	0.8828324567993989	-0.04182319058352124
77	0.940779480806407	0.880868544600939	-0.05991093620546806
78	0.9180812538901149	0.8600548859842698	-0.05802636790584503
79	0.9362237348327908	0.8781197592976225	-0.05810397553516822
80	0.922815448631542	0.889566117720604	-0.03324933091093796
81	0.9407348524995583	0.8794603426956368	-0.06127450980392157
82	0.9377393673444322	0.8633638160318896	-0.07437555131254259
83	0.9223357400255738	0.8573163013574777	-0.06501943866809612
84	0.9502167449672045	0.887553618846599	-0.06266312612060554
85	0.9486167413412986	0.9194225161795035	-0.02919422516179504
86	0.9287035164263631	0.8403449969661071	-0.08835851946025597
87	0.9114118693607828	0.846930995043843	-0.06448087431693983
88	0.9350368919087916	0.8738838634374088	-0.06115302847138282
89	0.9518173021822657	0.9065374028877679	-0.04527989929449783
90	0.9251936948971413	0.8857311425772553	-0.039462552319886046
91	0.9363486842105263	0.897203947368421	-0.03914473684210529
92	0.9354689299484252	0.8817285063341845	-0.053740423614240695
93	0.9304568240391968	0.8934974085927101	-0.03695941544648673
94	0.9183585963936401	0.8665809113243406	-0.051777685069299584
95	0.922022738582858	0.8897044749837308	-0.03231826359912715
96	0.9429911686571093	0.9026158964172032	-0.04037527223990611
97	0.8963745819397994	0.8514648829431438	-0.044909698996655534
98	0.9260793868479666	0.8498341649402313	-0.0762452219077353
99	0.9535105094132805	0.9166362185342589	-0.03687429087902161
100	0.9653476414039794	0.9142214397496088	-0.05112620165437065
101	0.9602857891448495	0.9070076788197594	-0.05327811032509011
102	0.9052321525463143	0.8253468723354779	-0.0798852802108364
103	0.9177000169865805	0.870986920332937	-0.04671309665364354
104	0.9313669611475254	0.8786335138216016	-0.05273344732592378
105	0.9449093270719888	0.9102013288704601	-0.0347079982015287
106	0.9349052208244439	0.8986488143407145	-0.03625640648372941
107	0.9046250684181719	0.8774858602444809	-0.027139208173690976
108	0.954365289392282	0.9068016889547534	-0.04756360043752861
109	0.9213971432906344	0.8905000325118668	-0.030897110778767556
110	0.8751499400239904	0.8233831467413035	-0.05176679328268685
111	0.9031635031635031	0.8128937728937728	-0.09026973026973029
112	0.9539603075272662	0.9082513856606472	-0.04570892186661901
113	0.9244118596835345	0.8894523447871692	-0.034959514896365285
114	0.8906709435979685	0.8527243161365053	-0.037946627461463156
115	0.9377891175328638	0.8861500915192191	-0.05163902601364467
116	0.9400035925992456	0.8856455701255413	-0.05435802247370425
117	0.9198320719016083	0.8752128666035951	-0.04461920529801322
118	0.8988250652741514	0.8509751158949219	-0.047849949379229484
119	0.942916517842647	0.8975062506088255	-0.045410267233821466
120	0.9386886998351966	0.8779230323816312	-0.060765667453565486
121	0.948937309730522	0.8972967640094712	-0.05164054572105081
122	0.9558448596519319	0.8978335037134658	-0.05801135593846607
123	0.9252962390520351	0.8823856395238483	-0.042910599528186766
124	0.9240402408194115	0.8547785973051161	-0.06926164351429542
125	0.9393395638629284	0.8930716510903427	-0.046267912772585684
126	0.934352260223942	0.8966464175751019	-0.03770584264884014
127	0.9465367736166508	0.8916734319296883	-0.0548633416869625
128	0.9185824472068295	0.869982776696121	-0.04859967051070846
129	0.9552847531974666	0.9265383572783952	-0.028746395919071466
130	0.9310150687199867	0.8954711044874979	-0.035543964232488845
131	0.931559405940594	0.8624449944994499	-0.06911441144114416
132	0.9491993749009128	0.8978438611192897	-0.05135551378162306
133	0.9466183630088455	0.9145848094900688	-0.03203355351877668
134	0.9358922803512822	0.885755425547095	-0.05013685480418728
135	0.9324748595439308	0.8613143855342051	-0.0711604740097257
136	0.9292630790902017	0.8773604420934424	-0.05190263699675923
137	0.92591280943443	0.8861659052543354	-0.03974690418009463
138	0.9657883846047731	0.925399671985408	-0.040388712619365164
139	0.9373218390804597	0.8922873563218391	-0.04503448275862065
140	0.928359096313912	0.8741247192495706	-0.05423437706434142
141	0.9361623143881208	0.8948668714797747	-0.04129544290834608
142	0.9322173813345563	0.8681036459527631	-0.06411373538179321
143	0.9386448598130841	0.8846105919003115	-0.05403426791277255
144	0.9243495475113123	0.8906571369806664	-0.03369241053064587
145	0.9456931216931217	0.9172768959435627	-0.028416225749559043
146	0.9388608129560316	0.9026258683716121	-0.03623494458441956
147	0.9408947230389112	0.8981600342319213	-0.04273468880698994
148	0.923985826001955	0.8606427174975562	-0.06334310850439884
149	0.9473295498717251	0.8875068024566586	-0.059822747415066546
150	0.9136652542372882	0.863263826940232	-0.05040142729705621
151	0.9333751262494341	0.8968643703781098	-0.03651075587132424
152	0.9254591454272864	0.876046351824088	-0.04941279360319839
153	0.9567563884156729	0.8927836456558773	-0.06397274275979559
154	0.9430505324492666	0.9052139843279083	-0.03783654812135828
155	0.9229734974495454	0.865477378576181	-0.057496118873364366
156	0.9248846777209824	0.8660890163321282	-0.05879566138885417
157	0.9003367003367003	0.8430689877498388	-0.057267712586861474
158	0.9078756089894704	0.8465542982869716	-0.0613213107024988
159	0.9536453201970443	0.9235837438423645	-0.030061576354679764
160	0.9553303184592518	0.8914487207868189	-0.06388159767243284
161	0.918640350877193	0.8564058171745152	-0.06223453370267773
162	0.9376713174465984	0.9010989010989011	-0.036572416347697256
163	0.9378529163144548	0.9147083685545224	-0.023144547759932355
164	0.9340207360145836	0.8825566822376666	-0.051464053776916985
165	0.9376768820247433	0.8960236920837713	-0.041653189940972
166	0.9336133096430302	0.8621433390025369	-0.07146997064049332
167	0.9498956703182055	0.9021778821074595	-0.047717788210746015
168	0.954731027857829	0.909978386167147	-0.04475264169068205
169	0.9490197789729771	0.9107055191298561	-0.03831425984312098
170	0.9165220409580007	0.8487380373878117	-0.06778400357018899
171	0.9183485338825145	0.8690203000882613	-0.04932823379425322
172	0.9357111975789019	0.8558437815247154	-0.07986741605418646
173	0.9422810100823236	0.8947764842686682	-0.047504525813655385
174	0.9260428626100268	0.829378747289195	-0.09666411532083174
175	0.9484900284900285	0.8828347578347578	-0.06565527065527066
176	0.9525163660061021	0.885008442193193	-0.06750792381290915
177	0.8916622481442206	0.8402969247083775	-0.0513653234358431
178	0.908641975308642	0.836505885730692	-0.07213608957795004
179	0.9135711377976796	0.8574190922043557	-0.056152045593323874
180	0.908670244484198	0.8704830053667263	-0.03818723911747168
181	0.9340573219883564	0.8869980594118525	-0.047059262576503946
182	0.9439911087713141	0.8795297007984557	-0.06446140797285838
183	0.9295093157725667	0.8838740764535817	-0.045635239318984944
184	0.919108582266477	0.866793108898372	-0.05231547336810494
185	0.9333083603873581	0.8800882377424457	-0.05322012264491238
186	0.9417268445839875	0.8991836734693878	-0.04254317111459971
187	0.9160111449491349	0.8634484546102508	-0.052562690338884166
188	0.9523313492063492	0.9061259920634921	-0.04620535714285712
189	0.9194457820096615	0.8623930163562652	-0.05705276565339634
190	0.9295672378739471	0.8931834938224714	-0.03638374405147571
191	0.9421649969962168	0.9096267190569745	-0.032538277939242355
192	0.9479016382930974	0.8986887243115002	-0.04921291398159722
193	0.9334547239010279	0.8894054444961	-0.044049279404927866
194	0.9280350894245724	0.8756925544323484	-0.052342534992223966
195	0.9236217232867051	0.8869656361427843	-0.03665608714392077
196	0.9249175027721741	0.8583051662636437	-0.06661233650853038
197	0.9247078589698581	0.8614398916695922	-0.06326796730026585
198	0.9578038262146167	0.9001124007890994	-0.057691425425517306
199	0.9403664504381473	0.8907903721406624	-0.049576078297484893
200	0.9635761973875181	0.9066821480406386	-0.05689404934687947
201	0.9327878433664524	0.8794564582115721	-0.05333138515488023
202	0.9230199695379929	0.8648459976307328	-0.05817397190726015
203	0.9312067474048443	0.8893382352941176	-0.04186851211072673
204	0.9173336217463408	0.8655634869132598	-0.051770134833081016
205	0.9217948717948717	0.8756303418803418	-0.046164529914529906
206	0.9325916230366492	0.8971785922047703	-0.03541303083187897
207	0.9392203175791024	0.8806038212389794	-0.058616496340123
208	0.9151190476190476	0.8600744047619048	-0.055044642857142834
209	0.9276642582975841	0.8761383306991797	-0.051525927598404464
210	0.9588292011019284	0.9028099173553719	-0.056019283746556514
211	0.9406354940470133	0.9070163834333977	-0.033619110613615555
212	0.9517976685133888	0.8974492151431209	-0.054348453370267835
213	0.9499534974790739	0.8971364237113907	-0.05281707376768319
214	0.9313173444560305	0.878252809639671	-0.05306453481635953
215	0.9271170525587487	0.8518866292717883	-0.07523042328696039
216	0.9090117252931323	0.8524087102177554	-0.056603015075376906
217	0.9577984877791454	0.8953754176191313	-0.06242307016001414
218	0.918577430972389	0.8680372148859544	-0.05054021608643455
219	0.9422900763358779	0.8849687716863289	-0.05732130464954899
220	0.8976239618654479	0.852548036758563	-0.04507592510688485
221	0.9358355044145318	0.8917716022579244	-0.04406390215660738
222	0.9382220455749868	0.8841414944356121	-0.05408055113937471
223	0.9195357778160326	0.8606185803638033	-0.05891719745222923
224	0.9616493340631271	0.9054734537493159	-0.056175880313811266
225	0.9502063357203544	0.903765626896468	-0.0464407088238864
226	0.9382533795324777	0.8913059391928163	-0.04694744033966136
227	0.9300881806318952	0.8770084489962698	-0.053079731635625405
228	0.9330734243014944	0.8917987400062152	-0.04127468429527925
229	0.9231056268255337	0.8519886253972747	-0.07111700142825894
230	0.9473896889627227	0.896193693946503	-0.05119599501621974
231	0.9116822429906543	0.8543330501274427	-0.05734919286321161
232	0.9321390230810521	0.8567230273752013	-0.07541599570585078
233	0.925454809421172	0.8793652211786516	-0.04608958824252041
234	0.9419153094462541	0.8782540716612378	-0.06366123778501631
235	0.9206415955785173	0.8783641715727503	-0.04227742400576706
236	0.9334023505052763	0.8836158723809748	-0.04978647812430148
237	0.934560352664284	0.8882358068814366	-0.046324545782847504
238	0.9423193685488768	0.8896539162112933	-0.05266545233758346
239	0.9063948100092678	0.8770809734665156	-0.029313836542752214
240	0.9455035225859926	0.8951512639867385	-0.050352258599254074
241	0.8904893904893905	0.8271458271458272	-0.06334356334356328
242	0.9257824143070045	0.8479609808968974	-0.07782143341010705
243	0.93589896164946	0.887135164083187	-0.048763797566272915
244	0.9179316970914491	0.8489649751069962	-0.06896672198445286
245	0.9433591844698078	0.8806823724514682	-0.06267681201833963
246	0.9278752685971554	0.8650107438862171	-0.06286452471093829
247	0.9261997544440292	0.8805183366252068	-0.0456814178188224
248	0.9462723380491437	0.8909740320178704	-0.05529830603127328
249	0.9453787459629167	0.8623981882985704	-0.08298055766434631
250	0.9377640352216623	0.8884053545070494	-0.04935868071461291
251	0.9254663489193853	0.8808858575067795	-0.04458049141260578
252	0.8743777757906346	0.835837133744672	-0.038540642045962636
253	0.9380841693173477	0.8915953021776364	-0.04648886713971134
254	0.9157732562581171	0.8568591000534773	-0.0589141562046398
255	0.9335099493700695	0.8632167667490875	-0.07029318262098194
256	0.9099884748367268	0.8676142912024587	-0.04237418363426815
257	0.91091348606152	0.8525315473154288	-0.05838193874609121
258	0.9383885131126142	0.9050670463984811	-0.03332146671413305
259	0.9487944108375224	0.8920223793700832	-0.056772031467439144
260	0.9432028645511792	0.8889986418076306	-0.054204222743548636
261	0.8904811647189398	0.8244271071358621	-0.0660540575830777
262	0.9545686384275673	0.9161783914909498	-0.03839024693661752
263	0.9499056499056499	0.8983571983571984	-0.051548451548451446
264	0.9557773006048869	0.9222488877661291	-0.03352841283875774
265	0.9218193551471116	0.8659504290255503	-0.055868926121561246
266	0.9402877547611093	0.8968843969261611	-0.0434033578349482
267	0.9574787044891983	0.9139115175884068	-0.04356718690079142
268	0.9270842185773774	0.8610520948415059	-0.06603212373587153
269	0.9389912125581522	0.888266180591452	-0.050725031966700196
270	0.9415105053946621	0.8952757780586543	-0.04623472733600775
271	0.9104809897083134	0.855369807497467	-0.05511118221084632
272	0.8910802078943671	0.8387975839303273	-0.05228262396403982
273	0.9249179991799918	0.8683886838868389	-0.05652931529315297
274	0.9172357814599194	0.8428403493058666	-0.07439543215405275
275	0.9374716883453051	0.8803792143920275	-0.057092473953277656
276	0.9239566737065719	0.8587572714809737	-0.06519940222559817
277	0.919681254743233	0.8614596508980521	-0.058221603845180936
278	0.9311548047632234	0.8756854057047909	-0.05546939905843251
279	0.9313679245283019	0.8493396226415094	-0.08202830188679244
280	0.9423029035310524	0.907863937447084	-0.03443896608396835
281	0.9299496644295302	0.8882957087655075	-0.041653955664022746
282	0.8869769136917495	0.8341652009950722	-0.05281171269667728
283	0.9157512567492088	0.8626885123813071	-0.053062744367901704
284	0.9452077036444932	0.8957235280893263	-0.04948417555516693
285	0.9337359943977591	0.8719946311858077	-0.06174136321195145
286	0.9338304858367188	0.876356502866047	-0.057473982970671744
287	0.8990518683770218	0.85345789180145	-0.04559397657557174
288	0.9501039774671616	0.9263734238858617	-0.02373055358129983
289	0.9584131715279256	0.909575852198803	-0.04883731932912261
290	0.9375253481141003	0.8885865891577667	-0.048938758956333595
291	0.9383878775123645	0.8877722824371251	-0.050615595075239384
292	0.9475393480341254	0.9039460020768432	-0.04359334595728226
293	0.9478355598876211	0.8686084513502667	-0.07922710853735448
294	0.9404700991365526	0.8800607611128878	-0.06040933802366477
295	0.9287200443067343	0.8880356848833206	-0.04068435942341364
296	0.9399360170621168	0.8863236470274594	-0.053612370034657464
297	0.9049221092664375	0.8519100904458909	-0.053012018820546514
298	0.93671829509724	0.8873879119599395	-0.04933038313730054
299	0.9530608068756001	0.8948196886461302	-0.05824111822946998
300	0.914624631214493	0.8654938677980153	-0.04913076341647771
301	0.963717067583047	0.9173682703321878	-0.046348797250859164
302	0.9592936707561214	0.93013705661927	-0.029156614136851333
303	0.9256483756483757	0.8869232869232869	-0.03872508872508873
304	0.9011906429471915	0.8525283653172713	-0.04866227762992026
305	0.9436409954928473	0.8925925925925926	-0.0510484029002547
306	0.9046716829968061	0.8686371100164204	-0.036034572980385704
307	0.9376909069548872	0.8958822838345865	-0.04180862312030076
308	0.8868408539179619	0.8312185599519484	-0.05562229396601348
309	0.9477096546863989	0.9001996711299037	-0.04750998355649516
310	0.9477965197679845	0.9053103540236016	-0.04248616574438291
311	0.9402259814601222	0.8972083386731599	-0.043017642786962296
312	0.9380333093451219	0.8924642746992907	-0.045569034645831175
313	0.9630209074100412	0.9229918298329619	-0.0400290775770793
314	0.9269667041509803	0.8809587835525351	-0.04600792059844516
315	0.952345757223806	0.8939217963608207	-0.05842396086298529
316	0.9570323470091143	0.9246342771068957	-0.03239806990221861
317	0.9253481141003109	0.8800459645802352	-0.04530214952007572
318	0.9324647780639297	0.9041205877897288	-0.028344190274200876
319	0.9141246350548676	0.8750880902043693	-0.039036544850498345
320	0.9073972602739726	0.8608706240487063	-0.046526636225266316
321	0.9140570633263744	0.8726988043271968	-0.041358258999177555
322	0.923959508908724	0.8695325057282582	-0.05442700318046578
323	0.9563744469026548	0.883420907079646	-0.07295353982300878
324	0.9168155196864884	0.8710662206488909	-0.0457492990375975
325	0.9064797271693823	0.8706436420722135	-0.035836085097168846
326	0.9168802548686134	0.8563369822981292	-0.0605432725704842
327	0.9404606286959228	0.8807967631497043	-0.0596638655462185
328	0.9485294117647058	0.8879250919117647	-0.060604319852941124
329	0.9303667922056656	0.8797281807761586	-0.0506386114295071
330	0.9163677655413565	0.867107658477677	-0.04926010706367945
331	0.9541214736815461	0.9027248680596864	-0.05139660562185966
332	0.9173140579612241	0.8575559008309126	-0.05975815713031152
333	0.9360623331279524	0.891738550010269	-0.04432378311768337
334	0.9400339630651666	0.8916631288473785	-0.048370834217788095
335	0.9165253039298841	0.86488078409198	-0.05164451983790408
336	0.9416088489535942	0.8887198589626933	-0.05288898999090086
337	0.9481800480393411	0.8938728520871531	-0.054307195952188025
338	0.9448289181446551	0.9027800130899883	-0.04204890505466674
339	0.9346010439970172	0.8773924931643052	-0.057208550832711924
340	0.9242424242424242	0.8474913065077	-0.0767511177347242
341	0.8967896174863388	0.8461065573770492	-0.05068306010928958
342	0.8912696300239553	0.8527489427143407	-0.038520687309614665
343	0.9403575922818792	0.8829435822147651	-0.05741401006711411
344	0.9330340441451552	0.8680259383963088	-0.06500810574884641
345	0.9244541322006111	0.8565839481332439	-0.06787018406736722
346	0.9365399194031042	0.8931991381718071	-0.04334078123129714
347	0.9091845654345654	0.8708479020979021	-0.0383366633366633
348	0.9306771323157057	0.8687694422339579	-0.06190769008174779
349	0.91397545067488	0.8696553129812483	-0.044320137693631634
350	0.9357581880946367	0.901770929808313	-0.03398725828632376
351	0.9483533095777994	0.9211532231940395	-0.027200086383759925
352	0.9193912559012404	0.8783391490484708	-0.04105210685276961
353	0.9168055555555555	0.862020202020202	-0.05478535353535352
354	0.9274329314651896	0.8695557727815793	-0.05787715868361032
355	0.9406442936609817	0.8905923344947735	-0.05005195916620819
356	0.9094907407407408	0.8428130511463845	-0.06667768959435627
357	0.9281458840594726	0.8825916524201765	-0.04555423163929617
358	0.8408195161728731	0.7658331068225062	-0.07498640935036693
359	0.9244068538472432	0.8822976608864687	-0.04210919296077453
360	0.8876384689436362	0.82990522419427	-0.05773324474936614
361	0.9405490604150089	0.8861020995286772	-0.05444696088633161
362	0.9190419161676646	0.8724274527867342	-0.04661446338093045
363	0.9222830595652896	0.8722637022288591	-0.05001935733643048
364	0.8996182980234347	0.85470173985087	-0.04491655817256479
365	0.95507571657958	0.913558013892462	-0.04151770268711796
366	0.9451477969882878	0.887409369771333	-0.05773842721695477
367	0.9152750071245369	0.8586776859504133	-0.05659732117412364
368	0.932562686910513	0.8942028985507247	-0.03835978835978837
369	0.9417515563101302	0.8689586870401811	-0.0727928692699491
370	0.9096069182389938	0.8577987421383648	-0.05180817610062893
371	0.927900455660708	0.879273279588737	-0.04862717607197098
372	0.9357907253269917	0.8633531510107015	-0.07243757431629017
373	0.9459038901601831	0.8992219679633867	-0.046681922196796344
374	0.9199277721863715	0.8703747557871055	-0.0495530163992659
375	0.9561893129770992	0.9217832061068703	-0.034406106870228936
376	0.9423018931144245	0.8745630200480259	-0.06773887306639859
377	0.9097861526658995	0.8531238013041811	-0.05666235136171838
378	0.9072485207100591	0.849585798816568	-0.05766272189349109
379	0.9014056224899598	0.8378944348823867	-0.06351118760757313
380	0.9397749154063301	0.8718382531640837	-0.06793666224224637
381	0.9530648808999325	0.8812817575704174	-0.07178312332951509
382	0.8902757576657069	0.8421146368250765	-0.0481611208406304
383	0.9195240698794553	0.8573511416595069	-0.062172928219948465
384	0.9076718457167039	0.8364911432198778	-0.07118070249682606
385	0.938642828118651	0.8997155627793579	-0.03892726533929303
386	0.9309852670349907	0.8746316758747698	-0.056353591160220984
387	0.9091638164877933	0.8453473286944215	-0.06381648779337179
388	0.9272532871915835	0.8778739971106994	-0.04937929008088415
389	0.9435339345589085	0.894612093883686	-0.04892184067522254
390	0.9506806555102748	0.9151998612676667	-0.03548079424260808
391	0.9442215023610372	0.8860255604441651	-0.05819594191687205
392	0.9418033632518312	0.9017228928092438	-0.040080470442587446
393	0.9054496437512035	0.8515180691957122	-0.05393157455549136
394	0.9288960342979635	0.8835691318327974	-0.04532690246516613
395	0.9228233242228626	0.8778700641277877	-0.04495326009507494
396	0.9276409609477841	0.8573935936814392	-0.07024736726634495
397	0.9518658911182276	0.885377862013376	-0.06648802910485163
398	0.9098527488771391	0.8528398430837455	-0.057012905793393576
399	0.9459314006888634	0.907529659395331	-0.038401741293532354
400	0.8944655987394958	0.8364791228991597	-0.057986475840336116
401	0.9238156377738183	0.8638769521014569	-0.05993868567236138
402	0.9429162561576354	0.9207290640394089	-0.022187192118226506
403	0.9284045326238165	0.8693831795896868	-0.0590213530341297
404	0.9158483228001945	0.8542659212445308	-0.061582401555663635
405	0.9464651236025823	0.9122579121398205	-0.03420721146276173
406	0.9575773413972474	0.9065681077179621	-0.051009233679285226
407	0.948178531701891	0.9020995550611791	-0.04607897664071192
408	0.9429635399844204	0.8906769517223035	-0.05228658826211685
409	0.915340613624545	0.8597113884555382	-0.05562922516900681
410	0.9104258951642673	0.8471414728682171	-0.06328442229605025
411	0.9391796322489392	0.8791912804725851	-0.05998835177635409
412	0.9337554853232077	0.8752302130465428	-0.05852527227666493
413	0.8895378539966585	0.8484597434516659	-0.04107811054499266
414	0.9103439519200925	0.8486498687960272	-0.061694083124065324
415	0.9417667864361104	0.9090079721536043	-0.032758814282506155
416	0.8838916732612327	0.8237712125208828	-0.060120460740349935
417	0.9506688506688507	0.9102375102375102	-0.040431340431340446
418	0.9408681711678382	0.9005888518929585	-0.04027931927487971
419	0.9192788040429489	0.886978515682666	-0.03230028836028298
420	0.9299271921494143	0.8895599873377651	-0.04036720481164924
421	0.9593201244152727	0.8956430163356274	-0.06367710807964533
422	0.9637358688742088	0.9075706901793859	-0.05616517869482296
423	0.954371097234612	0.8980151650312221	-0.05635593220338986
424	0.9086548918954191	0.8477726541088442	-0.06088223778657498
425	0.9528702518139138	0.8938006828851899	-0.05906956892872395
426	0.9325517518590474	0.8694178334561533	-0.06313391840289406
427	0.9237192103536709	0.862730363213455	-0.06098884714021591
428	0.9280508344817027	0.8370846730975349	-0.0909661613841678
429	0.9149704442720732	0.8610880787439484	-0.053882365528124754
430	0.9028283718879788	0.8492424418199959	-0.053585930067982956
431	0.9418413978494624	0.8888978494623656	-0.052943548387096806
432	0.9297798877859301	0.8650410012947777	-0.06473888649115245
433	0.9254840503513473	0.8662352762752136	-0.059248774076133714
434	0.9367661691542288	0.8829601990049751	-0.0538059701492537
435	0.9521924678640038	0.9154471964002527	-0.03674527146375106
436	0.9186966149952547	0.8556514665340986	-0.06304514846115605
437	0.8848260869565218	0.8557826086956521	-0.029043478260869615
438	0.951921618204804	0.9076991150442478	-0.044222503160556204
439	0.930322962962963	0.8634666666666667	-0.0668562962962963
440	0.900306289621768	0.8605313768786951	-0.03977491274307288
441	0.9351702819378565	0.8956776634866492	-0.03949261845120722
442	0.9592570116255548	0.9159913849522245	-0.043265626673330226
443	0.9488969878628927	0.8880638532193421	-0.06083313464355056
444	0.941837567164599	0.8893436858244015	-0.0524938813401975
445	0.9096904194907492	0.8713286926787568	-0.03836172681199246
446	0.9478182715353165	0.9059988721274496	-0.04181939940786694
447	0.923362952836637	0.8722624743677375	-0.051100478468899535
448	0.921904738054693	0.8621531603726335	-0.05975157768205952
449	0.9233180234590672	0.8634166335153641	-0.05990138994370309
450	0.9701034367701035	0.9413913913913914	-0.02871204537871208
451	0.9422379657459091	0.899336863699251	-0.04290110204665809
452	0.9485026131206161	0.8995323889423739	-0.04897022417824226
453	0.9300521257042996	0.8955527433788303	-0.03449938232546934
454	0.9516837481698389	0.901384581685708	-0.05029916648413091
455	0.910206788285606	0.8612840361608834	-0.048922752124722524
456	0.9470406882517091	0.8943129059381207	-0.05272778231358832
457	0.9568486780922014	0.9205659625348744	-0.03628271555732698
458	0.9227104218880535	0.8849206349206349	-0.03778978696741864
459	0.94305412301178	0.8807068020194343	-0.062347320992345745
460	0.9177054478301016	0.8560000710277719	-0.06170537680232968
461	0.9427060113503548	0.9107033123275456	-0.03200269902280917
462	0.9136978417266187	0.8585755395683453	-0.055122302158273406
463	0.9668742158276755	0.929245670196175	-0.03762854563150053
464	0.9369951176209499	0.8714935641367066	-0.06550155348424325
465	0.9154262345051819	0.8773623247307458	-0.03806390977443608
466	0.9313144709696434	0.8554671382257589	-0.07584733274388444
467	0.9233478669744379	0.8700521501239634	-0.05329571685047452
468	0.9322650840751731	0.8862809099901088	-0.04598417408506428
469	0.9403085753532182	0.9042263540031397	-0.03608222135007855
470	0.9368215244543013	0.8962686276798568	-0.04055289677444451
471	0.9275897319400273	0.8669922762380736	-0.06059745570195363
472	0.9179460442827351	0.8548498025469229	-0.06309624173581219
473	0.9298693568094238	0.8557442275760518	-0.074125129233372
474	0.940856120039607	0.9054383426003504	-0.03541777743925656
475	0.8981173864894795	0.8517197576705101	-0.04639762881896936
476	0.8936372823383084	0.8434973569651741	-0.050139925373134275
477	0.920465637540219	0.859947218104913	-0.060518419435306
478	0.9411726804123711	0.9021907216494846	-0.03898195876288657
479	0.9222222222222223	0.8644184535412606	-0.05780376868096171
480	0.9324133683039263	0.870737958989032	-0.06167540931489435
481	0.9457122267595484	0.8617823684842661	-0.08392985827528221
482	0.9214954422271495	0.8644247351564425	-0.05707070707070705
483	0.9353054353054353	0.8862433862433863	-0.04906204906204903
484	0.9191019691458673	0.8786372758058447	-0.04046469334002256
485	0.9435694707990723	0.8984187223276408	-0.04515074847143152
486	0.9201032710172656	0.8539913787141836	-0.06611189230308201
487	0.9200392798690671	0.8671816693944353	-0.05285761047463178
488	0.9128776063536242	0.8729755020754852	-0.039902104278139006
489	0.9191176470588235	0.8596547314578005	-0.059462915601023014
490	0.9646038581794585	0.9181365897783809	-0.04646726840107762
491	0.9420078636959371	0.8918374836173001	-0.050170380078637056
492	0.9016666666666666	0.8271844660194175	-0.07448220064724909
493	0.914270211611503	0.8516910833785495	-0.06257912823295353
494	0.9266417393026941	0.8649341323296355	-0.06170760697305866
495	0.9275014907573047	0.8784496124031008	-0.04905187835420388
496	0.9322076676509932	0.8769970470205194	-0.05521062063047377
497	0.9373333333333334	0.8839883040935672	-0.05334502923976614
498	0.9406915885446806	0.9053920244846521	-0.03529956406002854
499	0.9111826667361944	0.8469260051102884	-0.06425666162590604
500	0.9293710247349823	0.9094416961130742	-0.019929328621908105
501	0.9474850479755604	0.8910223312249903	-0.05646271675057013
502	0.8977925000632159	0.871444104483273	-0.02634839557994284
503	0.935630896291171	0.9061535589162356	-0.02947733737493541
504	0.9274415584415584	0.8532857142857143	-0.07415584415584409
505	0.9392333199356914	0.8755149718649518	-0.06371834807073962
506	0.9475207613505486	0.8697035824695399	-0.0778171788810087
507	0.9404832261428819	0.886667825482357	-0.053815400660524926
508	0.9210332606324972	0.8519629225736096	-0.06907033805888763
509	0.93781328320802	0.8868734335839599	-0.050939849624060174
510	0.9195810249307479	0.8692722760849492	-0.05030874884579872
511	0.93526233861368	0.8768224318082389	-0.05843990680544109
512	0.94741550060699	0.8886652610056865	-0.05875023960130343
513	0.9505452962470787	0.9065320991614352	-0.04401319708564355
514	0.9430845129115081	0.8934279684370421	-0.04965654447446599
515	0.9558260975165462	0.8907341065031271	-0.06509199101341911
516	0.9134905459953261	0.8725727639685574	-0.040917782026768657
517	0.8510513654663525	0.7986388961597427	-0.05241246930660981
518	0.8725764499121266	0.8053567662565905	-0.0672196836555361
519	0.925	0.8449786324786325	-0.08002136752136757
520	0.9310107376283847	0.8813375350140056	-0.04967320261437913
521	0.9340217265016847	0.8884628790519344	-0.04555884744975025
522	0.9668139087099332	0.9128844878080352	-0.053929420901898006
523	0.9431952662721893	0.9134790893591415	-0.029716176913047843
524	0.9428571428571428	0.9063768115942029	-0.036480331262939925
525	0.9274357578709141	0.8817142693442576	-0.045721488526656584
526	0.9199410232843137	0.8631376378676471	-0.05680338541666663
527	0.9005842259006815	0.8547955209347614	-0.045788704965920135
528	0.9512691878912615	0.8958815710487952	-0.05538761684246629
529	0.9360612603683646	0.8867650702629996	-0.04929619010536501
530	0.8958974774482796	0.8493761140819964	-0.04652136336628321
531	0.9422132023071993	0.9148419141209143	-0.02737128818628498
532	0.9626595269968764	0.8930477465417225	-0.06961178045515393
533	0.9341929746554024	0.8970208981769675	-0.0371720764784349
534	0.9418436887851453	0.8704561716303238	-0.0713875171548215
535	0.9474947494749475	0.8932750417898933	-0.05421970768505424
536	0.9564017769986254	0.9251449289798195	-0.031256848018805905
537	0.9286446108565255	0.8650013039752618	-0.06364330688126374
538	0.9013156255450626	0.8574988164353524	-0.0438168091097102
539	0.9441617189708793	0.88960983884648	-0.054551880124399266
540	0.9196596756046068	0.8728966764010568	-0.04676299920354998
541	0.9094771241830065	0.8454598506069094	-0.0640172735760971
542	0.9352401969105415	0.8595880722005319	-0.0756521247100096
543	0.9606100299401198	0.9173722866766467	-0.04323774326347307
544	0.9270417082917083	0.8659465534465535	-0.06109515484515482
545	0.9228395061728395	0.8598327805417357	-0.06300672563110377
546	0.9457926536491678	0.8975172055057619	-0.0482754481434059
547	0.9444405853477817	0.8962559044178938	-0.048184680929887924
548	0.9465587345663709	0.9051544602568553	-0.04140427430951554
549	0.9180004757535597	0.8623033268766779	-0.05569714887688182
550	0.9250824988620847	0.8570920573509331	-0.06799044151115163
551	0.9437905788092278	0.9154164939908828	-0.028374084818345024
552	0.9365693928921882	0.8859166346687145	-0.050652758223473704
553	0.9337780707337031	0.8606918810800982	-0.07308618965360492
554	0.9178464606181456	0.869690927218345	-0.04815553339980061
555	0.9340626029654037	0.8840065897858319	-0.05005601317957176
556	0.9556689165463697	0.9240080371425228	-0.031660879403846875
557	0.9358212411238036	0.8787177112277452	-0.05710352989605838
558	0.9347286234400319	0.9103478754971904	-0.024380747942841507
559	0.9218466077757588	0.8841372362053146	-0.03770937157044418
560	0.9243584530586428	0.888350501490919	-0.03600795156772385
561	0.9397404682967261	0.908982594280978	-0.030757874015748032
562	0.9221952861952862	0.8816835016835017	-0.0405117845117845
563	0.9241234061930783	0.8649106329690346	-0.059212773224043724
564	0.9212909773284313	0.8413756127450981	-0.07991536458333326
565	0.946560258611981	0.9184463077078493	-0.028113950904131713
566	0.9191427303278169	0.8490266945659756	-0.07011603576184133
567	0.9168224299065421	0.8574899866488651	-0.05933244325767695
568	0.9120610524068737	0.8696979400149429	-0.0423631123919308
569	0.932545731707317	0.8658683161350844	-0.06667741557223261
570	0.9463239463239463	0.8968184968184968	-0.04950544950544955
571	0.9342940954841488	0.8723424296248452	-0.06195166585930356
572	0.9302632454370051	0.8820828990264132	-0.04818034641059188
573	0.9406533754441374	0.8933280694828267	-0.04732530596131068
574	0.9361490683229814	0.8879071023494464	-0.04824196597353503
575	0.9527935222672065	0.9117177559282822	-0.04107576633892429
576	0.9300494543212989	0.8470138275963519	-0.08303562672494702
577	0.9385344968862668	0.8610189282202556	-0.07751556866601117
578	0.9106072766185126	0.8416265382557517	-0.06898073836276086
579	0.9523683863306505	0.9174858160707218	-0.03488257025992869
580	0.9426514813989753	0.9151258632212074	-0.027525618177767885
581	0.8908492822966507	0.8476605631210894	-0.04318871917556133
582	0.9357623721671207	0.8557736779896192	-0.07998869417750143
583	0.9265033173763333	0.8688376585201982	-0.05766565885613506
584	0.9324801412180053	0.8753045013239188	-0.05717563989408647
585	0.9609070935342122	0.9238386691776522	-0.03706842435655999
586	0.928863188976378	0.8758489173228347	-0.05301427165354333
587	0.9605062552430973	0.9232009337272495	-0.037305321515847756
588	0.923980732582044	0.8662084902687535	-0.05777224231329059
589	0.8831015193253452	0.8396849808183062	-0.04341653850703897
590	0.9330593142247442	0.8887433920170716	-0.04431592220767255
591	0.8885470085470085	0.8285551485551486	-0.059991859991859964
592	0.9395932707596041	0.8996127609375801	-0.039980509822023946
593	0.9195309471507946	0.8511112546840677	-0.06841969246672697
594	0.9448173415492958	0.8865647007042253	-0.058252640845070425
595	0.9191625472521082	0.860553778553197	-0.058608768698911184
596	0.9501508592417683	0.8922777559141195	-0.057873103327648834
597	0.9328104758236756	0.8890795140226182	-0.0437309618010574
598	0.9329061697360511	0.8819880867806984	-0.05091808295535272
599	0.9471996052306934	0.9004494791834283	-0.04675012604726503
600	0.9591164323170449	0.9029560536451807	-0.056160378671864186
601	0.957391304347826	0.9059370314842579	-0.051454272863568185
602	0.9448924731182796	0.8924038354949562	-0.05248863762332345
603	0.9353188824327615	0.8757640072834395	-0.059554875149322006
604	0.920761679412966	0.8577203137983972	-0.06304136561456886
605	0.9417973326124178	0.8854082184374156	-0.05638911417500225
606	0.9518130970336852	0.8914812719959779	-0.06033182503770729
607	0.9249707931288131	0.8525521757316141	-0.07241861739719901
608	0.9304615384615385	0.8804750337381916	-0.04998650472334687
609	0.9231024353264474	0.8484198806026723	-0.07468255472377516
610	0.926166686730067	0.8531760362746278	-0.07299065045543918
611	0.9289186733303044	0.8689118582462517	-0.0600068150840527
612	0.9052195140853256	0.8415417005721961	-0.06367781351312951
613	0.9505424491788832	0.8905217277393386	-0.06002072143954462
614	0.9453429440252281	0.9064083793219957	-0.03893456470323242
615	0.9520636563591668	0.8726743433820675	-0.07938931297709928
616	0.9141502056055905	0.8506016801634754	-0.06354852544211509
617	0.9442113442113442	0.882944832944833	-0.06126651126651128
618	0.9250498459307595	0.8892643517439602	-0.035785494186799216
619	0.9060637865655471	0.8497596153846154	-0.05630417118093167
620	0.9164956011730205	0.8547067448680352	-0.06178885630498532
621	0.9140134059488898	0.8714259530791789	-0.042587452869710885
622	0.9236754677391152	0.8727159468438538	-0.050959520895261456
623	0.9152306967984934	0.8866525423728814	-0.028578154425612068
624	0.9204707792207792	0.8534090909090909	-0.06706168831168835
625	0.9628865979381444	0.921335723890632	-0.04155087404751234
626	0.9346336452578702	0.9016372906410112	-0.032996354616859014
627	0.9408664772727273	0.9010227272727273	-0.03984375000000007
628	0.9319841576506955	0.8859061051004636	-0.046078052550231896
629	0.9302298533067764	0.8963842809996656	-0.03384557230711083
630	0.9590873634945398	0.9123764950598023	-0.046710868434737485
631	0.9179087756735129	0.8786876500400107	-0.03922112563350222
632	0.9440094672292815	0.8533894354327791	-0.09062003179650235
633	0.9522102747909199	0.8968157498311776	-0.055394524959742286
634	0.9391843820256695	0.9020841040818843	-0.03710027794378512
635	0.955798654741666	0.9243199793037179	-0.031478675437948134
636	0.9164797561536692	0.8551443524269611	-0.06133540372670809
637	0.9406532392850061	0.9051018384748307	-0.03555140081017538
638	0.9347801861035271	0.8620521535632696	-0.0727280325402575
639	0.9465048612589596	0.8999077425306934	-0.04659711872826622
640	0.9323403536434283	0.8782098209257799	-0.05413053271764834
641	0.9382551736736345	0.8818471254469062	-0.05640804822672829
642	0.9066899913381681	0.8462439919156236	-0.06044599942254447
643	0.8988952245188881	0.8324899025896888	-0.06640532192919935
644	0.8990600507628371	0.844280813321061	-0.05477923744177615
645	0.9114080834419818	0.8582355497609735	-0.05317253368100827
646	0.9524382344776534	0.8863038506787928	-0.06613438379886061
647	0.9521359063170047	0.9188080708120292	-0.033327835504975534
648	0.9357749469214437	0.871893343324591	-0.06388160359685269
649	0.9276643100288033	0.8686305315527625	-0.059033778476040855
650	0.9427630805408583	0.9015167548500882	-0.041246325690770136
651	0.9690653885655598	0.9196439575487847	-0.0494214310167751
652	0.9356943150046598	0.9048123358468186	-0.03088197915784119
653	0.943814993015676	0.9008096642350871	-0.043005328780588825
654	0.910347028320702	0.8287195851615476	-0.08162744315915438
655	0.8991585302102831	0.8607780644508525	-0.03838046575943066
656	0.9264999879567406	0.872847267384445	-0.05365272057229564
657	0.936820987654321	0.8956327160493828	-0.04118827160493821
658	0.9341792228390167	0.8816782682762064	-0.05250095456281023
659	0.9430147058823529	0.8931578356533453	-0.049856870229007644
660	0.931156725091822	0.8615928216095587	-0.06956390348226327
661	0.9246457122093024	0.8465358527131783	-0.07810985949612403
662	0.9538825532341049	0.8927306185295996	-0.061151934704505306
663	0.9485044658311985	0.9014401440144014	-0.047064321816797094
664	0.9389052769583743	0.8721184311154813	-0.06678684584289307
665	0.916766577017379	0.8413639653068058	-0.07540261171057316
666	0.9261546216369478	0.872550563921618	-0.053604057715329834
667	0.9397570809771686	0.8836460322810171	-0.056111048696151467
668	0.9476888086159609	0.8974178874841127	-0.05027092113184828
669	0.9390878444401016	0.8836110025405511	-0.05547684189955049
670	0.934978978978979	0.8894174174174174	-0.04556156156156155
671	0.9479747162022704	0.9159571723426213	-0.032017543859649056
672	0.9331236497649003	0.8894501630872199	-0.04367348667768034
673	0.9003496503496503	0.8398908783524168	-0.060458771997233485
674	0.9230180806675938	0.8738178025034771	-0.04920027816411676
675	0.9312295751633987	0.8913194444444444	-0.03991013071895422
676	0.9249173826834104	0.9014210178453403	-0.02349636483807005
677	0.9461712247324614	0.8810344827586207	-0.06513674197384067
678	0.9469531817709955	0.8671753347866709	-0.07977784698432466
679	0.9238367627975954	0.887873732157517	-0.03596303064007844
680	0.9236075375529907	0.8658874267931094	-0.05772011075988137
681	0.9506834870053882	0.896904697606831	-0.05377878939855718
682	0.9150950060040969	0.8786642650279014	-0.036430740976195475
683	0.9490154046613286	0.9043460899901226	-0.04466931467120605
684	0.953442444080742	0.8868303327877796	-0.0666121112929624
685	0.9676062753572525	0.9128081270325527	-0.05479814832469987
686	0.9418616226978597	0.8853492616558819	-0.056512361041977766
687	0.9173317612914929	0.8520920249108168	-0.06523973638067604
688	0.9024058551541676	0.8453007937096655	-0.057105061444502114
689	0.9280542211748593	0.8565213450557418	-0.0715328761191174
690	0.9472573839662447	0.8986279330965607	-0.048629450869683954
691	0.9282232426704344	0.8926981884240803	-0.035525054246354104
692	0.9435368118878757	0.9177431610942249	-0.025793650793650813
693	0.9525028616441222	0.9054980491587382	-0.04700481248538402
694	0.9442401960784313	0.8814280429152793	-0.06281215316315203
695	0.9276750493096647	0.8862795857988166	-0.04139546351084811
696	0.9034054401370744	0.8339687299207539	-0.06943671021632047
697	0.9346094647089004	0.8930395055092717	-0.04156995919962869
698	0.9475177722791721	0.8882702957464357	-0.05924747653273643
699	0.9304214096814993	0.8719673450615155	-0.058454064619983814
700	0.9454973799864773	0.9031228870858689	-0.04237449290060846
701	0.9165035366585754	0.8589382194033357	-0.05756531725523972
702	0.9102322580645161	0.869741935483871	-0.04049032258064511
703	0.9041604371810074	0.8499768005361654	-0.05418363664484194
704	0.9568252885326056	0.9116152140542384	-0.045210074478367224
705	0.9472665699080793	0.8968983497285384	-0.0503682201795409
706	0.9156230889899232	0.8493525830209248	-0.06627050596899842
707	0.956507446835411	0.8899031532101044	-0.06660429362530662
708	0.9424916731627808	0.8867904471688753	-0.05570122599390548
709	0.9484314626172012	0.8824069820854387	-0.06602448053176257
710	0.9434517172167708	0.9009115744870652	-0.04254014272970563
711	0.9177830940988836	0.860260499734184	-0.05752259436469964
712	0.9139084825465726	0.8709682281304636	-0.04294025441610905
713	0.9492467340918669	0.9067899283607248	-0.04245680573114208
714	0.9603862342163902	0.9181904997700987	-0.042195734446291544
715	0.9113131861503198	0.8346905537459284	-0.07662263240439138
716	0.9275986622073579	0.8552374581939799	-0.07236120401337798
717	0.9193285924786981	0.8711256326478314	-0.048202959830866754
718	0.9549794647762053	0.9340518481701415	-0.020927616606063792
719	0.959841628959276	0.9212229763700351	-0.03861865258924091
720	0.9107969576719577	0.8265680114638448	-0.08422894620811283
721	0.929636923076923	0.8940676923076923	-0.035569230769230686
722	0.9451473759884975	0.8758303378864126	-0.0693170381020849
723	0.9305593300520377	0.8946160582178337	-0.03594327183420398
724	0.9312883435582822	0.8824585321517837	-0.04882981140649845
725	0.9022097392687213	0.8298128839470073	-0.07239685532171403
726	0.9243594613988434	0.8708370267190072	-0.053522434679836195
727	0.9628343785997696	0.881319595545885	-0.0815147830538846
728	0.9474480860645484	0.878508881661246	-0.06893920440330248
729	0.9492619926199262	0.909850348503485	-0.03941164411644116
730	0.9448324128592511	0.9088654586395241	-0.035966954219727065
731	0.9295216062133356	0.8763706755113845	-0.053150930701951093
732	0.9242600943347328	0.8836106359819623	-0.04064945835277045
733	0.9366479218111265	0.8782241497375028	-0.0584237720736237
734	0.9326500012290145	0.8607772288179337	-0.07187277241108081
735	0.9187194490596933	0.873510077295384	-0.04520937176430928
736	0.9324448942869995	0.8813427800269905	-0.05110211426000899
737	0.9211217571861006	0.8865609286268231	-0.034560828559277446
738	0.8927230487633172	0.8298681184587224	-0.06285493030459477
739	0.935108024691358	0.8557098765432098	-0.07939814814814816
740	0.9411589789946951	0.8986963865166401	-0.04246259247805506
741	0.9452458853856831	0.8963290699980171	-0.04891681538766601
742	0.9316004077471968	0.8954128440366973	-0.03618756371049947
743	0.9055452809927216	0.8520761245674741	-0.05346915642524752
744	0.9263932847117105	0.8881519196367139	-0.038241365074996536
745	0.9527471686562595	0.8853497092133455	-0.06739745944291398
746	0.9451672248690975	0.9060050002358602	-0.039162224633237375
747	0.9335893593106033	0.907094685007761	-0.026494674302842247
748	0.9297617225368642	0.8839124445124751	-0.045849278024389095
749	0.9260487685031632	0.8577790062035502	-0.06826976229961301
750	0.9448162673714724	0.8891316395259613	-0.05568462784551109
751	0.9338001887439945	0.8890485586822238	-0.04475163006177074
752	0.9220183486238532	0.8661995496857883	-0.05581879893806496
753	0.9262357228458923	0.8480568395822633	-0.07817888326362898
754	0.9268569496764223	0.8690959142277601	-0.05776103544866218
755	0.9378424683964376	0.8916140583759088	-0.0462284100205288
756	0.9661977150410727	0.9303181946936078	-0.03587952034746489
757	0.954665211837343	0.899683308494784	-0.054981903342559035
758	0.9440873766015543	0.9007351396765385	-0.043352236925015775
759	0.8953670443032146	0.8147047987473519	-0.08066224555586265
760	0.9285805561234921	0.8900276017174402	-0.03855295440605189
761	0.9399030890369473	0.8808237431859479	-0.05907934585099939
762	0.918577040337711	0.8592723968105066	-0.05930464352720444
763	0.9654750783096114	0.9241495850964445	-0.04132549321316692
764	0.9570057378566329	0.9097675771437637	-0.04723816071286924
765	0.9340103191034868	0.8910907358112327	-0.04291958329225409
766	0.9608787053277108	0.9216952146384546	-0.039183490689256195
767	0.9405584020197519	0.8955966436474345	-0.04496175837231742
768	0.9165721997300945	0.8668151147098515	-0.04975708502024301
769	0.930136842406822	0.8851306830661102	-0.04500615934071184
770	0.9321921245744205	0.8830487093580023	-0.049143415216418185
771	0.9294242141300965	0.8596576408341114	-0.06976657329598501
772	0.9657534246575342	0.918349208802674	-0.04740421585486021
773	0.9454231916480239	0.9064131245339299	-0.03901006711409405
774	0.9337345132743363	0.891270796460177	-0.04246371681415928
775	0.9401076716016151	0.8970600605652759	-0.04304761103633925
776	0.9364752828622062	0.8971781938953812	-0.03929708896682493
777	0.9434473706736668	0.8950409450166918	-0.04840642565697495
778	0.9139392054730623	0.8551659799424707	-0.05877322553059161
779	0.8701457272885844	0.838891267462696	-0.03125445982588837
780	0.9311128424879885	0.870107778210622	-0.061005064277366516
781	0.9310682943570133	0.8788057067215767	-0.052262587635436675
782	0.9100007457677679	0.8533671414721455	-0.056633604295622364
783	0.9124269005847954	0.8468766613503456	-0.0655502392344498
784	0.942999405469679	0.8981718192627824	-0.04482758620689653
785	0.9614319198806733	0.9282264365366858	-0.03320548334398754
786	0.9501428331372879	0.8697865904889934	-0.08035624264829444
787	0.9431406799827853	0.8720158983316878	-0.07112478165109748
788	0.935855794252284	0.8832317131080594	-0.05262408114422468
789	0.9098693759071118	0.8757619738751814	-0.03410740203193041
790	0.9347000261985853	0.8855514802200681	-0.049148545978517144
791	0.9399480789200415	0.8825752855659398	-0.057372793354101725
792	0.9322929895859792	0.8741744983489967	-0.05811849123698243
793	0.9349554953560372	0.8990518575851393	-0.03590363777089789
794	0.8915103163686382	0.8400990371389271	-0.051411279229711115
795	0.9099640042201949	0.83890336994973	-0.07106063427046483
796	0.9714408725602756	0.9262222541140451	-0.04521861844623043
797	0.9381274606299213	0.8777066929133859	-0.06042076771653537
798	0.9230791780259725	0.8580599771348166	-0.06501920089115587
799	0.9681669429215011	0.94273733123663	-0.025429611684871123
800	0.9220177089869623	0.8706337586279022	-0.05138395035906018
801	0.9266582220175035	0.8840280976508521	-0.04263012436665137
802	0.9465172239108409	0.8862335359675785	-0.06028368794326244
803	0.9381387672189424	0.8889100488795785	-0.04922871833936393
804	0.9403245374582955	0.8742417349105247	-0.06608280254777077
805	0.8811545228586589	0.8398218225486637	-0.04133270030999525
806	0.9319155844155844	0.8701623376623376	-0.06175324675324678
807	0.9465871517476301	0.9047319368275945	-0.04185521492003563
808	0.9421276595744681	0.8887537993920973	-0.05337386018237078
809	0.9288199672120178	0.8740841112114824	-0.05473585600053532
810	0.9234442122373157	0.85981945895739	-0.06362475327992567
811	0.9251035752646923	0.8774589535062145	-0.047644621758477834
812	0.9224876545815219	0.8404908622799984	-0.08199679230152357
813	0.9385434173669468	0.8954435107376284	-0.043099906629318396
814	0.9254568459984914	0.878409616273694	-0.04704722972479747
815	0.9387659629530094	0.8919446186309933	-0.04682134432201612
816	0.939660758528683	0.901022806683184	-0.03863795184549901
817	0.9164522768201698	0.8683431952662722	-0.04810908155389759
818	0.9235188387331634	0.8646705496905716	-0.05884828904259187
819	0.9166193853427896	0.8580496453900709	-0.05856973995271875
820	0.9556469298245615	0.8913925438596492	-0.06425438596491229
821	0.9556917969586636	0.9156002355964875	-0.040091561362176065
822	0.94649162516976	0.9083748302399276	-0.03811679492983244
823	0.9232979067760034	0.8948802330599913	-0.028417673716012115
824	0.9189146453306347	0.8789095854021062	-0.04000505992852854
825	0.925826183972608	0.8838918170276613	-0.04193436694494668
826	0.9170055398396982	0.8770774398868458	-0.0399280999528524
827	0.9169394435351882	0.8698172394980905	-0.04712220403709766
828	0.9217483644175374	0.8495386192754614	-0.07220974514207601
829	0.8584986519970702	0.7849117174959872	-0.073586934501083
830	0.9264744571861894	0.8739031524211894	-0.05257130476499994
831	0.9499209486166008	0.9157575757575758	-0.03416337285902504
832	0.9262443323653777	0.8551250700494166	-0.07111926231596111
833	0.941260471130601	0.892618204306516	-0.04864226682408501
834	0.9011534947464596	0.7998324958123953	-0.10132099893406421
835	0.9115810706967213	0.8645139600409836	-0.047067110655737765
836	0.9368223730874455	0.8839801398317966	-0.05284223325564896
837	0.9523362486928415	0.9006559558893431	-0.051680292803498395
838	0.9024852904427634	0.8569481360321679	-0.04553715441059547
839	0.9127485638532921	0.8479893946089262	-0.06475916924436587
840	0.9576687700161715	0.9010685861052098	-0.056600183910961666
841	0.9555024581858214	0.8933535158937663	-0.06214894229205503
842	0.9431341719077568	0.9020729415166631	-0.04106123039109377
843	0.9480907732028808	0.8946497177235049	-0.05344105547937594
844	0.9246404002501564	0.8915468000833855	-0.033093600166770876
845	0.942828432409562	0.8919399196107468	-0.05088851279881523
846	0.9286939242160279	0.8689432709059234	-0.05975065331010454
847	0.9665690104166667	0.9152506510416667	-0.051318359374999956
848	0.9465448435202688	0.8871635610766045	-0.05938128244366425
849	0.9381474447513812	0.8675241712707182	-0.070623273480663
850	0.9290165002171081	0.8478072079895788	-0.08120929222752937
851	0.946020618556701	0.8838075601374571	-0.06221305841924396
852	0.9119775798012522	0.8490107601527247	-0.06296681964852746
853	0.9176560121765601	0.8375063419583968	-0.08014967021816333
854	0.9464285714285714	0.9103151122381892	-0.036113459190382224
855	0.9578747211759974	0.9060469765117442	-0.05182774466425322
856	0.9436724960254372	0.8734976152623212	-0.07017488076311607
857	0.9178544061302683	0.8836363636363637	-0.03421804249390459
858	0.938288151081328	0.9036247334754798	-0.034663417605848235
859	0.9028562460765851	0.8411801632140615	-0.061676082862523574
860	0.9370716981132076	0.8897207547169811	-0.047350943396226475
861	0.9275739243512184	0.8793605472946232	-0.04821337705659523
862	0.9260078376595662	0.8906478355902172	-0.03536000206934897
863	0.9485689915511141	0.8809779038002697	-0.06759108775084433
864	0.9307765151515152	0.8784919507575758	-0.05228456439393936
865	0.9422482417497489	0.8979731818533117	-0.04427505989643721
866	0.9531313387423935	0.9196374239350913	-0.03349391480730224
867	0.9231970471323112	0.8987791027825099	-0.02441794434980127
868	0.8767094417384789	0.8232835331584863	-0.05342590857999252
869	0.9484033695758645	0.8870604368694289	-0.06134293270643554
870	0.9140217391304348	0.8614402173913044	-0.052581521739130443
871	0.9415982180147571	0.8666156202143951	-0.07498259780036198
872	0.9254950495049505	0.8443069306930693	-0.08118811881188126
873	0.9316949568155192	0.8646159714464757	-0.06707898536904344
874	0.9090021990104453	0.8777487630566245	-0.031253435953820796
875	0.8882440661115943	0.8249658257735802	-0.0632782403380141
876	0.9317463433788161	0.8829194070874644	-0.04882693629135171
877	0.8844554138671785	0.8266145619086795	-0.05784085195849897
878	0.9311237159212693	0.8819562433018794	-0.04916747261938992
879	0.8966469681397738	0.8319308838643371	-0.06471608427543674
880	0.9524689133177149	0.8930347810416291	-0.05943413227608574
881	0.9404103755323268	0.9037708091366627	-0.036639566395664014
882	0.9310911003360784	0.8741501834321045	-0.05694091690397396
883	0.9369266514441373	0.8884849577374514	-0.04844169370668594
884	0.9321215682982117	0.8959085439229844	-0.03621302437522733
885	0.9299452769632178	0.8730748805098247	-0.05687039645339309
886	0.8929372937293729	0.798993399339934	-0.09394389438943895
887	0.9492185582194583	0.8886015874314704	-0.06061697078798789
888	0.9319788977438546	0.9071304299023459	-0.024848467841508626
889	0.9375928261174162	0.8798795011909766	-0.05771332492643966
890	0.9246674820363858	0.8688146562707028	-0.05585282576568307
891	0.9499611324255874	0.914027432984779	-0.035933699440808486
892	0.954735508394045	0.9067310738042446	-0.048004434589800415
893	0.9319253061500643	0.8650571705644888	-0.06686813558557547
894	0.9374600055879516	0.8821392842014186	-0.05532072138653299
895	0.9529856	0.8950784	-0.057907199999999937
896	0.9448012023500478	0.909726153065407	-0.03507504928464078
897	0.8847107205227874	0.8303053349107092	-0.054405385612078194
898	0.9041405593953878	0.8431141399134423	-0.06102641948194554
899	0.9295794392523364	0.8691900311526479	-0.06038940809968851
900	0.8990561759537441	0.8246272887024545	-0.0744288872512896
901	0.9407795069549649	0.9025616306293899	-0.03821787632557505
902	0.9209536173208942	0.8861996127442352	-0.034754004576659
903	0.9520449995233101	0.9274069433283848	-0.024638056194925317
904	0.9444953288148012	0.8926543322952922	-0.05184099651950902
905	0.9548076701202206	0.9071924683296029	-0.047615201790617734
906	0.9388548900233588	0.8938178435911258	-0.04503704643223294
907	0.9177744461102781	0.8591370981176079	-0.058637347992670286
908	0.9482451510753398	0.8952038527510225	-0.053041298324317254
909	0.9452207875549065	0.9146170102123233	-0.030603777342583127
910	0.9303763344236369	0.8874111881911745	-0.04296514623246239
911	0.9512670565302144	0.9173789173789174	-0.03388813915129696
912	0.9374414245548266	0.8646048109965636	-0.07283661355826299
913	0.9402983032293377	0.9046661193212917	-0.03563218390804601
914	0.9150650084793669	0.8484595816845676	-0.0666054267947993
915	0.9492255413308045	0.9097518571202782	-0.03947368421052633
916	0.9505349383512458	0.9159434754561278	-0.03459146289511805
917	0.9464598592560678	0.9146057733735459	-0.03185408588252192
918	0.9367329976042634	0.8831467266415685	-0.05358627096269497
919	0.9604258522421766	0.9103607317393746	-0.050065120502801985
920	0.9160907318802055	0.8562525843227597	-0.059838147557445764
921	0.9477055958082606	0.8901510499815792	-0.0575545458266814
922	0.9318980870560226	0.8721012854466765	-0.059796801609346084
923	0.9414150206229415	0.8948971820258949	-0.04651783859704661
924	0.9144329896907216	0.8218427835051546	-0.09259020618556701
925	0.9074302502915582	0.8514286355073114	-0.05600161478424681
926	0.9536679536679536	0.9251724251724252	-0.0284955284955285
927	0.932534069733504	0.870321726050156	-0.06221234368334794
928	0.9647360126083531	0.9252001161295674	-0.03953589647878564
929	0.9419664682368505	0.8985275932476346	-0.04343887498921584
930	0.9085075031990384	0.8730272596843616	-0.035480243514676824
931	0.937521241644953	0.8746459725841169	-0.06287526906083607
932	0.9267375756464331	0.889082462253194	-0.037655113393239126
933	0.9541722627737226	0.9067795620437956	-0.04739270072992696
934	0.9500402900886382	0.9054781730043615	-0.04456211708427671
935	0.9103230642743144	0.8657203656236397	-0.04460269865067468
936	0.9255021318128114	0.8755329532028561	-0.04996917860995531
937	0.9303013854425145	0.8761243796526055	-0.05417700578990903
938	0.9286136885092137	0.8726965757081632	-0.055917112801050495
939	0.9650400836528407	0.9062129661903102	-0.05882711746253044
940	0.8918233082706767	0.856516290726817	-0.035307017543859676
941	0.931471433871267	0.8841819699499165	-0.04728946392135047
942	0.9235765655646835	0.882515136871429	-0.041061428693254465
943	0.9380278060836057	0.9076449160781006	-0.030382890005505092
944	0.915476572052661	0.8484039080214157	-0.06707266403124523
945	0.9273954703832753	0.8618031358885018	-0.06559233449477353
946	0.9013764321340919	0.8290034721829512	-0.07237295995114068
947	0.9412593636431061	0.8876066157383372	-0.05365274790476893
948	0.9440488425586062	0.9027675818528851	-0.041281260705721134
949	0.9072120488322718	0.847349389596603	-0.0598626592356688
950	0.9107269503546099	0.8635084219858156	-0.047218528368794366
951	0.9432324653999531	0.904683712565486	-0.038548752834467126
952	0.9445694867381614	0.8532444797505039	-0.09132500698765755
953	0.9349393685688822	0.8711750884489696	-0.06376428011991253
954	0.9347864474119855	0.8896479417282861	-0.04513850568369937
955	0.9193990610328638	0.8585164319248826	-0.060882629107981256
956	0.9208224273315884	0.8623892179822749	-0.05843320934931351
957	0.9424208707873393	0.9213392674142827	-0.021081603373056534
958	0.9541700295937584	0.9038875437180522	-0.05028248587570616
959	0.9242424242424242	0.8657136921918412	-0.058528732050582954
960	0.9523908523908524	0.8922799722799722	-0.06011088011088017
961	0.9145854145854145	0.8776019898468878	-0.03698342473852678
962	0.9447881588221474	0.8841726055290156	-0.06061555329313184
963	0.9336775717372733	0.8858485351022665	-0.047829036635006816
964	0.907049747273211	0.8493881351423251	-0.05766161213088583
965	0.9429853723404256	0.8889499795417348	-0.05403539279869074
966	0.9307496036464527	0.8829518430439952	-0.04779776060245744
967	0.9410031211439356	0.8878275386513755	-0.05317558249256005
968	0.9305156723963599	0.8682305358948432	-0.06228513650151668
969	0.9155031078281236	0.8529990863114005	-0.06250402151672307
970	0.9322223334334234	0.888132652720782	-0.04408968071264141
971	0.9493728185640941	0.8969349708744804	-0.05243784768961368
972	0.9366900044689409	0.8888297759145368	-0.04786022855440408
973	0.9295927564732874	0.8887250081940348	-0.04086774827925266
974	0.9231614654002713	0.8768521031207598	-0.046309362279511546
975	0.925000332681278	0.8786644842774828	-0.04633584840379523
976	0.9290824999011741	0.8862447457537784	-0.04283775414739566
977	0.9224137931034483	0.841825992944122	-0.08058780015932632
978	0.9568599717114569	0.893996542511394	-0.06286342920006283
979	0.9118731363513147	0.8544049878015723	-0.05746814854974247
980	0.935720218319886	0.8734723540579022	-0.06224786426198381
981	0.9586521860206071	0.9129935950988582	-0.04565859092174884
982	0.9512861169837914	0.898505402865868	-0.0527807141179234
983	0.9048094762380476	0.8688216545359403	-0.03598782170210735
984	0.9198911870925379	0.8602903240936166	-0.05960086299892131
985	0.9221309523809523	0.8627023809523809	-0.059428571428571386
986	0.952102039602783	0.9119640839626568	-0.04013795564012612
987	0.9429787234042554	0.8751403021893309	-0.06783842121492445
988	0.9121655729429581	0.8714721674085631	-0.04069340553439493
989	0.8959003092373167	0.8359511343804538	-0.05994917485686291
990	0.9245750878713467	0.8827699937406712	-0.04180509413067546
991	0.921331594435527	0.8563904494382022	-0.06494114499732484
992	0.9290022618748429	0.8659071235095361	-0.06309513836530678
993	0.9419183889772125	0.8914149443561208	-0.050503444621091687
994	0.9334563994374121	0.8978331575246132	-0.035623241912798864
995	0.9579928765975277	0.904894720301697	-0.0530981562958307
996	0.9118893920416226	0.8786973696887946	-0.03319202235282792
997	0.9487942672941494	0.9032830523513753	-0.0455112149427741
998	0.9379991196629567	0.8710620637615544	-0.06693705590140231
999	0.947030031524805	0.907986975277916	-0.039043056246888974
1000	0.9341650521024245	0.8886997957794418	-0.045465256322982706
1001	0.9536345538999819	0.9090788441816975	-0.044555709718284375
1002	0.9072642366065637	0.8402386820599299	-0.06702555454663384
1003	0.9457100276772408	0.900976982944196	-0.044733044733044736
1004	0.9548315404153593	0.9093362468250411	-0.04549529359031823
1005	0.926994750656168	0.8784383202099737	-0.04855643044619429
1006	0.9358971402214022	0.898869926199262	-0.037027214022140265
1007	0.952883387366146	0.9041654386481973	-0.048717948717948656
1008	0.8851974719713296	0.844092791243916	-0.04110468072741358
1009	0.9054465942221044	0.8780479724357275	-0.027398621786376864
1010	0.8953341740226987	0.8432878596813023	-0.052046314341396394
1011	0.8770702981229297	0.8208585672700506	-0.056211730852879116
1012	0.9439565333570856	0.9117840919212612	-0.03217244143582443
1013	0.9318010167848406	0.882889382376481	-0.04891163440835966
1014	0.9131635010652024	0.8571278542923155	-0.05603564677288686
1015	0.9262144683411039	0.8584298390735449	-0.06778462926755902
1016	0.9400378708184305	0.9155120074539389	-0.024525863364491585
1017	0.9481327800829875	0.8929488807971321	-0.05518389928585543
1018	0.9294822006472492	0.8676537216828479	-0.061828478964401246
1019	0.9464647487844409	0.9099726499189628	-0.036492098865478106
1020	0.923180324604202	0.8577616250124465	-0.0654186995917555
1021	0.9459830713422007	0.8581668681983071	-0.0878162031438936
1022	0.9294607601717687	0.8941652194198917	-0.03529554075187702
1023	0.9396761824927429	0.8812306928080225	-0.05844548968472041
1024	0.9514898872935	0.9032731202717308	-0.04821676702176925
1025	0.9368079419625811	0.8935117002127312	-0.04329624174984992
1026	0.9487716988323343	0.8837878105401753	-0.06498388829215895
1027	0.929863301787592	0.8759084005140787	-0.05395490127351332
1028	0.9253542895704987	0.8802163833075735	-0.04513790626292524
1029	0.9088671879369554	0.8556662975267626	-0.053200890410192825
1030	0.9524272173706746	0.8950145169854379	-0.057412700385236715
1031	0.9179500898077732	0.860817059655291	-0.05713303015248217
1032	0.953242501990622	0.8967973104485535	-0.05644519154206851
1033	0.9191144939965694	0.8801859991423671	-0.038928494854202356
1034	0.9313316944477755	0.8812657392972778	-0.05006595515049772
1035	0.9329260281171988	0.8689791091840757	-0.0639469189331231
1036	0.9199819168173599	0.870874773960217	-0.049107142857142905
1037	0.9213698321505013	0.8567787540835868	-0.06459107806691444
1038	0.9425852841001243	0.8928339730767152	-0.04975131102340913
1039	0.9434633163446723	0.9239856189008732	-0.019477697443799125
1040	0.9422531833246119	0.8707919065061922	-0.07146127681841974
1041	0.9529631164525487	0.9157169498549523	-0.037246166597596386
1042	0.9345826687931951	0.8889287612971823	-0.045653907496012724
1043	0.9247314285714285	0.8743771428571429	-0.050354285714285685
1044	0.9011622892137836	0.8605360762496226	-0.040626212964161024
1045	0.9392696535642905	0.8838378580946036	-0.055431795469686906
1046	0.9245028473582483	0.8803071774183087	-0.04419566993993962
1047	0.9442115874363328	0.9056398556876061	-0.038571731748726745
1048	0.9409454002808989	0.8874100245786517	-0.0535353757022472
1049	0.9375324675324676	0.9114772727272727	-0.026055194805194803
1050	0.9585459336447478	0.9144208887291891	-0.04412504491555869
1051	0.9697533838538701	0.918886065968724	-0.05086731788514609
1052	0.9308702750841085	0.8817039382545023	-0.04916633682960614
1053	0.9205671004078462	0.8803813038130381	-0.04018579659480803
1054	0.9302992893130025	0.8739614961129092	-0.056337793200093356
1055	0.9610381782455125	0.9221004665292395	-0.03893771171627303
1056	0.8901970303839463	0.8315734110126634	-0.05862361937128291
1057	0.9216273166993918	0.8584957616972367	-0.06313155500215506
1058	0.9361315684713376	0.8986489848726115	-0.03748258359872614
1059	0.9545460353970993	0.8824356271164782	-0.0721104082806211
1060	0.9583975346687211	0.9303999159546155	-0.027997618714105665
1061	0.9692446245637735	0.9252617359000338	-0.04398288866373967
1062	0.9150351528171077	0.8440704032809296	-0.07096474953617804
1063	0.9159255599472991	0.8800465838509317	-0.035878976096367365
1064	0.9219842680050293	0.8695304300840633	-0.05245383792096603
1065	0.933036599880976	0.8824637968657012	-0.05057280301527478
1066	0.9459102564102564	0.9101153846153847	-0.03579487179487173
1067	0.9289947557970557	0.8925507044923232	-0.036444051304732494
1068	0.9276369484852849	0.8524173027989822	-0.07521964568630268
1069	0.8945996794648456	0.8221587345829559	-0.07244094488188979
1070	0.9262685275343503	0.8777858920263983	-0.048482635507951954
1071	0.9314612218370883	0.8633963388214905	-0.06806488301559788
1072	0.9368957182320442	0.8710413378058406	-0.06585438042620362
1073	0.9328980895202476	0.8840807934997759	-0.04881729602047169
1074	0.9321752557421348	0.8804477900019301	-0.0517274657402047
1075	0.9146505376344086	0.8687438905180841	-0.04590664711632453
1076	0.9404408906657782	0.8986950968959965	-0.041745793769781714
1077	0.9162201037906137	0.863901737364621	-0.052318366425992746
1078	0.9071129017057771	0.8608283856375459	-0.04628451606823114
1079	0.9463383352571502	0.8960241118378863	-0.05031422341926384
1080	0.935697126405164	0.8887605215382076	-0.04693660486695639
1081	0.9274509803921569	0.8520987654320987	-0.07535221496005817
1082	0.9386721006004206	0.8975579988885135	-0.0411141017119071
1083	0.9330463892874223	0.8845050215208035	-0.04854136776661888
1084	0.9355519129849172	0.8894649233154169	-0.04608698966950031
1085	0.9204298868101578	0.8858424725822532	-0.03458741422790457
1086	0.9175168490694368	0.8556132649065314	-0.06190358416290531
1087	0.9143969508105544	0.8686591091263025	-0.04573784168425188
1088	0.9292603049124788	0.88128740824393	-0.04797289666854876
1089	0.9380372350960586	0.891334917805506	-0.04670231729055263
1090	0.9326963971079653	0.8754936508900906	-0.05720274621787469
1091	0.9201200490841083	0.8634219902718846	-0.05669805881222367
1092	0.9562384293091689	0.9276283737698529	-0.02861005553931606
1093	0.9517033248081841	0.8941278772378517	-0.057575447570332394
1094	0.9519668093980875	0.8962017172142968	-0.055765092183790776
1095	0.9464580444972602	0.9053497942386831	-0.04110825025857712
1096	0.9301633232241729	0.875759346336125	-0.05440397688804799
1097	0.9260668259164234	0.884337491521425	-0.041729334394998374
1098	0.9348889500185382	0.8957194627501166	-0.03916948726842162
1099	0.9127544942603422	0.8657407407407407	-0.047013753519601464
1100	0.9649008409407744	0.909677564419661	-0.055223276521113474
1101	0.9307811753463927	0.8598303870043	-0.07095078834209267
1102	0.943342243475224	0.877778822518033	-0.06556342095719103
1103	0.9373061514603257	0.8934802274489532	-0.04382592401137253
1104	0.9212602739726028	0.8604109589041096	-0.060849315068493226
1105	0.9302463850837138	0.8796494482496194	-0.050596936834094386
1106	0.935410239044824	0.8804399628765646	-0.054970276168259447
1107	0.9441427139037433	0.9009302584670231	-0.04321245543672014
1108	0.9373985801217039	0.8924695740365112	-0.04492900608519268
1109	0.9246268656716418	0.8554940813175502	-0.06913278435409154
1110	0.8994432003873388	0.8375295043273013	-0.06191369606003749
1111	0.9563628323188179	0.9280864679257063	-0.028276364393111653
1112	0.9412426765340733	0.8955288313290164	-0.04571384520505695
1113	0.9541798941798941	0.8960978835978836	-0.05808201058201057
1114	0.9356909657928077	0.8916772244420622	-0.04401374135074554
1115	0.936224919912325	0.8745995616253582	-0.0616253582869668
1116	0.931958669855164	0.8759870053693092	-0.05597166448585478
1117	0.9384255450431921	0.8774552653229124	-0.060970279720279685
1118	0.9351055900621118	0.8808944099378881	-0.05421118012422366
1119	0.9180703797529145	0.8443529312890948	-0.07371744846381967
1120	0.9375869608427748	0.9034841127864384	-0.034102848056336454
1121	0.9308528391693633	0.8744757730986344	-0.0563770660707289
1122	0.9319080573405832	0.8704069863239413	-0.06150107101664193
1123	0.9423633553463538	0.9087536883518337	-0.03360966699452017
1124	0.9340139512553306	0.8784772233048095	-0.055536727950521114
1125	0.8963032915479872	0.829406120055443	-0.06689717149254415
1126	0.941464256935651	0.8920081731322667	-0.04945608380338429
1127	0.9221106855105006	0.8675868445383701	-0.05452384097213048
1128	0.9388108156685652	0.8795987373482066	-0.059212078320358574
1129	0.9226706497969385	0.859350593564511	-0.06332005623242742
1130	0.924063670411985	0.8601591760299625	-0.0639044943820225
1131	0.9422236386814787	0.8578924603897287	-0.08433117829175008
1132	0.9518583009819593	0.896280543503083	-0.05557775747887639
1133	0.9688279024216524	0.9264489850427351	-0.0423789173789173
1134	0.9548698572628044	0.9066829345088161	-0.04818692275398828
1135	0.9547486790407804	0.8732285598157431	-0.08152011922503732
1136	0.9198470374940964	0.8761521702698173	-0.043694867224279066
1137	0.9365856176759073	0.8780135253729803	-0.05857209230292704
1138	0.920120305670904	0.8661553978537614	-0.05396490781714258
1139	0.9312293923692887	0.8731069527112862	-0.058122439658002456
1140	0.918441317047265	0.8679899097185343	-0.05045140732873066
1141	0.9247030373893864	0.8446360713241742	-0.08006696606521224
1142	0.9442783094098883	0.8831904572036151	-0.06108785220627322
1143	0.9367647058823529	0.8840196078431373	-0.052745098039215677
1144	0.9389613076763915	0.870701427684668	-0.06825987999172356
1145	0.9370202679555197	0.8949843985815209	-0.042035869373998835
1146	0.9149989660639202	0.855536153298256	-0.05946281276566412
1147	0.9249551662298248	0.8587161447555984	-0.06623902147422633
1148	0.9277216155643507	0.8682704687425492	-0.059451146821801526
1149	0.9058974194787731	0.8541845424857527	-0.05171287699302041
1150	0.9363669657571874	0.8944536002767096	-0.04191336548047775
1151	0.9098948194425581	0.8601868199858149	-0.0497079994567432
1152	0.9518606814124287	0.9030692423643109	-0.04879143904811789
1153	0.9103775855705506	0.8494311343614102	-0.06094645120914044
1154	0.9564416937600376	0.9187721153720605	-0.03766957838797713
1155	0.9355039204436795	0.8831038439472174	-0.052400076496462056
1156	0.9387044697810514	0.8933382100696197	-0.04536625971143171
1157	0.9413003895663956	0.8906885162601627	-0.05061187330623296
1158	0.8960722511819614	0.8652321493514366	-0.03084010183052488
1159	0.9431749017871963	0.8857964920046478	-0.05737840978254849
1160	0.9407141385299226	0.9028485080411723	-0.037865630488750246
1161	0.9468529953417831	0.9009641425631026	-0.04588885277868049
1162	0.9168247161980154	0.8680629999175393	-0.0487617162804761
1163	0.9355068649383691	0.8880115804711146	-0.047495284467254484
1164	0.8961093088222042	0.8237586735153645	-0.07235063530683972
1165	0.9209496930085166	0.8815978411566647	-0.03935185185185186
1166	0.9612224157955865	0.9280923344947736	-0.033130081300812964
1167	0.8948065029985007	0.8432814842578711	-0.05152501874062965
1168	0.9392930733872246	0.8914681767748814	-0.047824896612343126
1169	0.9442093663911846	0.9025674931129477	-0.041641873278236874
1170	0.9047475961538461	0.848879635989011	-0.055867960164835195
1171	0.9280642919725671	0.8783800114807094	-0.04968428049185769
1172	0.9339543937708565	0.8930895439377086	-0.040864849833147976
1173	0.9285693430656934	0.853065693430657	-0.07550364963503642
1174	0.9532589285714286	0.9019196428571429	-0.0513392857142857
1175	0.9432754589705262	0.9139837491855429	-0.0292917097849833
1176	0.9341574352578681	0.8724720612329738	-0.06168537402489427
1177	0.9287677208287896	0.8868774990912396	-0.04189022173754997
1178	0.9472140439092703	0.8785713498075799	-0.06864269410169044
1179	0.9193436089503505	0.8726951887064247	-0.04664842024392579
1180	0.9095217883418223	0.8745873420109413	-0.03493444633088094
1181	0.9338295514766103	0.8757648022353904	-0.05806474924121985
1182	0.9483172105305705	0.9068066072054108	-0.041510603325159656
1183	0.9487179487179487	0.9014049877063576	-0.047312961011591104
1184	0.9327235289459096	0.8859058630975951	-0.04681766584831448
1185	0.952068185593621	0.9073820872254239	-0.04468609836819715
1186	0.9124452782989368	0.8581645579769407	-0.054280720321996156
1187	0.9423922706218125	0.8883872175174286	-0.05400505310438397
1188	0.932572711119424	0.8889460394650706	-0.04362667165435341
1189	0.9623788105947026	0.9218590704647677	-0.04051974012993498
1190	0.9309617424951632	0.8953878799226113	-0.035573862572551906
1191	0.9370702328448808	0.862774853385182	-0.07429537945969877
1192	0.9565287653522948	0.898125404007757	-0.05840336134453783
1193	0.9347182246694198	0.8860106508711189	-0.04870757379830093
1194	0.901830709991218	0.8722015807606566	-0.02962912923056138
1195	0.949078329248366	0.9074116625816994	-0.04166666666666663
1196	0.932817861227602	0.8692932710636676	-0.06352459016393441
1197	0.908948968690936	0.8549456268660804	-0.054003341824855555
1198	0.9575353692201518	0.9173783643892339	-0.040157004830917886
1199	0.917319065052098	0.8655214493569886	-0.051797615695109434
1200	0.9154445943919628	0.8535462588094167	-0.061898335582546093
1201	0.9441681353967986	0.8957966150800357	-0.04837152031676284
1202	0.9302297497207379	0.8651541225130573	-0.06507562720768056
1203	0.933475988486593	0.9064156945917285	-0.027060293894864418
1204	0.9260522530047798	0.8818854703234489	-0.044166782681330896
1205	0.9492616120782114	0.9020501608778153	-0.04721145120039605
1206	0.9276840323285277	0.869989624290083	-0.05769440803844472
1207	0.9455090618336887	0.9263059701492538	-0.019203091684434903
1208	0.9559179891665874	0.9075596312838544	-0.048358357882733016
1209	0.8950151297977385	0.8322981366459627	-0.0627169931517757
1210	0.9441708287088421	0.8978218645948945	-0.04634896411394751
1211	0.9376326910245264	0.9093454920435934	-0.028287198980933015
1212	0.9208060872666746	0.8795030317441446	-0.04130305552253
1213	0.922284402723334	0.8741876418403136	-0.048096760883020395
1214	0.9529584813499112	0.9153807726465364	-0.037577708703374846
1215	0.9171680503736569	0.868172498403415	-0.04899555197024186
1216	0.9541148985876606	0.9169586917277265	-0.03715620685993415
1217	0.9080732700135685	0.8350042715714358	-0.07306899844213277
1218	0.9445382034436342	0.8732746669881261	-0.07126353645550809
1219	0.9492105467838532	0.908700837416712	-0.040509709367141156
1220	0.9322199265381084	0.8930325987144169	-0.0391873278236915
1221	0.8803625970241264	0.8245159301706504	-0.05584666685347606
1222	0.9358727097396335	0.8778176229508197	-0.05805508678881388
1223	0.9164097796480241	0.8565510267325602	-0.05985875291546383
1224	0.9162414314184972	0.8653008037493704	-0.05094062766912688
1225	0.9479182749215171	0.8961967989295456	-0.05172147599197152
1226	0.9244530375496082	0.8812862521624096	-0.043166785387198536
1227	0.9613642499325075	0.9214986351501335	-0.03986561478237394
1228	0.9188665799095247	0.8719867385511557	-0.04687984135836898
1229	0.9320729592468723	0.8556763285024155	-0.0763966307444568
1230	0.9484704769453002	0.8933360604394902	-0.05513441650580997
1231	0.9559415553661078	0.9055721322345364	-0.050369423131571445
1232	0.9098285364360074	0.8590783833435395	-0.05075015309246789
1233	0.9175867639685812	0.8637401816054816	-0.05384658236309958
1234	0.9409703412784398	0.9037445828819068	-0.03722575839653297
1235	0.956249265598684	0.9167678508479887	-0.03948141475069522
1236	0.9225243300585766	0.8624256261242562	-0.060098703934320374
1237	0.9490327634357333	0.9083679585859273	-0.04066480484980595
1238	0.9343727173119065	0.8970964207450693	-0.037276296566837175
1239	0.9402509281782102	0.9146332095762386	-0.025617718601971595
1240	0.8792858673524054	0.8192569377477767	-0.06002892960462869
1241	0.9303090958081527	0.871453866584549	-0.058855229223603645
1242	0.941812865497076	0.8974658869395712	-0.0443469785575048
1243	0.9157386639384042	0.8506013982344994	-0.06513726570390477
1244	0.9183543957546911	0.8662399474807155	-0.0521144482739756
1245	0.9066791195476576	0.8774358844911146	-0.029243235056542916
1246	0.9482186663693131	0.901218220338983	-0.047000446030330045
1247	0.9205882352941176	0.8854969574036511	-0.03509127789046651
1248	0.957457094512932	0.8898462938474883	-0.06761080066544378
1249	0.9320625369895443	0.8927426514105347	-0.03931988557900967
1250	0.876285046728972	0.826888629283489	-0.049396417445482954
1251	0.9244707049286862	0.8889933987755242	-0.035477306153162025
1252	0.9309856135670732	0.8773223132621951	-0.05366330030487809
1253	0.924176279784406	0.8513889227617492	-0.07278735702265682
1254	0.9076395948642645	0.8336659261769394	-0.07397366868732513
1255	0.9106889969829444	0.8633396958315375	-0.0473493011514069
1256	0.9198277608915907	0.8751570415400203	-0.04467071935157041
1257	0.9264678908431329	0.8515601116840239	-0.07490777915910896
1258	0.9621506818689918	0.9195729935166554	-0.04257768835233633
1259	0.9217781384549492	0.8675976646153153	-0.05418047383963387
1260	0.9444816285081241	0.8684222673559823	-0.07605936115214185
1261	0.9138492975734355	0.8911775223499362	-0.02267177522349928
1262	0.9341335438335809	0.8963595839524517	-0.03777395988112919
1263	0.926058766726445	0.8770440485159757	-0.04901471821046932
1264	0.9276538974652182	0.8679435868115113	-0.05971031065370691
1265	0.8729950949414703	0.824034786795462	-0.04896030814600827
1266	0.9534522605806731	0.920771341903799	-0.03268091867687417
1267	0.9127951844420436	0.8501955034213099	-0.06259968102073366
1268	0.943131256952169	0.8964506016786328	-0.046680655273536265
1269	0.9095359915314044	0.9045224653022819	-0.005013526229122545
1270	0.9422650275363453	0.8948268211834103	-0.04743820635293505
1271	0.9226533166458073	0.8694684144654502	-0.053184902180357096
1272	0.9362964327054615	0.907213511522677	-0.029082921182784438
1273	0.943991913906891	0.90731910339497	-0.03667281051192095
1274	0.9412488956559334	0.8962010564108348	-0.045047839245098587
1275	0.931883870967742	0.8767741935483871	-0.0551096774193548
1276	0.9533942833123161	0.9133774695250105	-0.040016813787305594
1277	0.9210419210419211	0.8536426536426537	-0.06739926739926738
1278	0.9269899572929876	0.8900112233445566	-0.036978733948430986
1279	0.9355367108791767	0.8814959773863883	-0.05404073349278837
1280	0.9262918796138557	0.8828364565587734	-0.04345542305508232
1281	0.9043138390272148	0.8402510922777281	-0.06406274674948675
1282	0.9379603693329184	0.8836571665703319	-0.05430320276258649
1283	0.9378138337936229	0.8912722821993472	-0.046541551594275754
1284	0.9250920419144718	0.8758850184083828	-0.049207023506088965
1285	0.9177423989884476	0.8527386631415599	-0.06500373584688768
1286	0.9128660631251305	0.871662016739737	-0.041204046385393545
1287	0.9211047482701026	0.8975423526604629	-0.023562395609639686
1288	0.9307236467236467	0.8648660968660968	-0.06585754985754988
1289	0.9448249619482496	0.9031746031746032	-0.04165035877364642
1290	0.9654588127540215	0.9248153872574274	-0.040643425496594054
1291	0.9405500895551684	0.8849645459675639	-0.05558554358760448
1292	0.9151177027102232	0.8496994824419835	-0.06541822026823974
1293	0.9303931524735238	0.8839402292180473	-0.046452923255476564
1294	0.9211231613064074	0.856628646222887	-0.06449451508352033
1295	0.9161910593998775	0.8500673606858542	-0.06612369871402335
1296	0.9533283446121812	0.9195568714211348	-0.03377147319104634
1297	0.9373884305495248	0.8824962609157138	-0.05489216963381105
1298	0.9675977327178169	0.9277011628586455	-0.03989656985917145
1299	0.9022937960541954	0.8201212265272165	-0.08217256952697882
1300	0.9397873221930673	0.8888275100124292	-0.05095981218063805
1301	0.9031747495236339	0.8732558854262709	-0.029918864097362996
1302	0.8926943760823991	0.8632417281925076	-0.029452647889891548
1303	0.9345881183456719	0.8912941114918774	-0.043294006853794476
1304	0.9127789046653144	0.8649241555692742	-0.04785474909604026
1305	0.919073561628041	0.8473423267612129	-0.07173123486682809
1306	0.9539172540065959	0.9105368231803492	-0.04338043082624665
1307	0.9383584627086037	0.8687754462887567	-0.06958301641984699
1308	0.9144530101960076	0.8738272330612891	-0.04062577713471849
1309	0.9144806060180963	0.8434628603493021	-0.07101774566879426
1310	0.9467278782968764	0.9083625888918895	-0.03836528940498696
1311	0.9557282865833052	0.9196749516114167	-0.03605333497188856
1312	0.9061014492753623	0.8623913043478261	-0.04371014492753622
1313	0.9400652140158376	0.8895631696081984	-0.05050204440763928
1314	0.9491447064262598	0.9035452709443512	-0.04559943548190859
1315	0.9217451364107286	0.8537700011511454	-0.06797513525958321
1316	0.9317155292765049	0.8893405600722674	-0.042374969204237556
1317	0.924929676511955	0.8647720691652189	-0.06015760734673614
1318	0.9343679880329095	0.850208800797806	-0.08415918723510352
1319	0.9378189121702313	0.8984637932906308	-0.039355118879600526
1320	0.9463274694166414	0.8978364169446972	-0.048491052471944185
1321	0.9634895870269248	0.8926435477389311	-0.07084603928799371
1322	0.9244136590108154	0.8792684408798153	-0.04514521813100014
1323	0.9352838093151885	0.867993757016511	-0.06729005229867746
1324	0.9365558570782452	0.8969923111714156	-0.039563545906829534
1325	0.9524014513252568	0.9328147100424328	-0.019586741282824005
1326	0.9190715983742747	0.848674624881777	-0.07039697349249763
1327	0.9538854974426663	0.9251066537817899	-0.028778843660876352
1328	0.9158580858085809	0.8472442244224423	-0.06861386138613856
1329	0.9592822955444057	0.9183333718698699	-0.04094892367453584
1330	0.9225878200323961	0.8651693542538017	-0.05741846577859444
1331	0.9434074790457769	0.9061734364925854	-0.037234042553191515
1332	0.9181349998553366	0.8656221971472384	-0.052512802708098216
1333	0.9637885661891663	0.911382607556651	-0.05240595863251529
1334	0.9085480093676815	0.853447827218319	-0.05510018214936252
1335	0.9471438228832179	0.8765703340656864	-0.07057348881753145
1336	0.9276387974544656	0.8777887499085656	-0.049850047545900056
1337	0.9398004694835681	0.8761854460093896	-0.06361502347417847
1338	0.940976267860428	0.8770875493142004	-0.06388871854622757
1339	0.9261973027503452	0.8831501539768504	-0.0430471487734948
1340	0.901398888467854	0.8534956422887457	-0.04790324617910824
1341	0.9047083053932369	0.8658995114474567	-0.038808793945780184
1342	0.9145590562508992	0.8509135376204863	-0.0636455186304129
1343	0.8946372313913575	0.8354610429303616	-0.05917618846099593
1344	0.946747433464701	0.883155743687053	-0.06359168977764806
1345	0.9266833732839399	0.8696883852691218	-0.05699498801481806
1346	0.9434657346620696	0.8633794612635589	-0.08008627339851071
1347	0.9531269288694665	0.8927116509888157	-0.06041527788065082
1348	0.9648228571428571	0.9229028571428571	-0.04191999999999996
1349	0.9430666404105226	0.8955623255221304	-0.04750431488839213
1350	0.9418415579504632	0.8979580260918888	-0.04388353185857441
1351	0.94988117549317	0.8904979036652048	-0.05938327182796521
1352	0.9586523553965415	0.926618962432916	-0.03203339296362551
1353	0.9121404950395832	0.873108527908608	-0.03903196713097512
1354	0.9398877643541549	0.8818339990687872	-0.05805376528536765
1355	0.9209525734692502	0.8881284472551907	-0.0328241262140595
1356	0.9555415749187376	0.9056906184933866	-0.04985095642535098
1357	0.9445283299091561	0.8690561647565533	-0.0754721651526028
1358	0.9065819397993311	0.8539933110367893	-0.05258862876254178
1359	0.9600128301079868	0.9137412832483933	-0.04627154685959345
1360	0.8872417840375587	0.814143192488263	-0.07309859154929577
1361	0.9119406556592486	0.8613836377655473	-0.05055701789370137
1362	0.9243668337211384	0.8892182745659567	-0.03514855915518167
1363	0.9213488713161702	0.8752502130526983	-0.046098658263471815
1364	0.9267275871860399	0.8612380288598054	-0.06548955832623449
1365	0.9367523157845739	0.8958362426104362	-0.0409160731741377
1366	0.9257406641863029	0.8937853107344633	-0.03195535345183953
1367	0.903089817983435	0.8412603944518838	-0.061829423531551186
1368	0.919608598096098	0.8497855786720482	-0.06982301942404978
1369	0.9423792824386297	0.9036552468303211	-0.038724035608308616
1370	0.9566544566544567	0.9143356643356644	-0.04231879231879232
1371	0.9193711967545639	0.8858867900608519	-0.033484406693712
1372	0.9355759763702002	0.8768953068592058	-0.05868066951099438
1373	0.9401695865110499	0.8862966301990692	-0.053872956311980635
1374	0.9663539553752536	0.919447261663286	-0.04690669371196754
1375	0.9326416118718707	0.8785063642396091	-0.05413524763226152
1376	0.9085072231139647	0.8610562063064616	-0.04745101680750308
1377	0.9109301386458474	0.8599811549333692	-0.050948983712478135
1378	0.9504100971492276	0.9290989807294155	-0.021311116419812093
1379	0.9373114314448542	0.8835544274699487	-0.05375700397490546
1380	0.9411080431559032	0.9001508411310528	-0.040957202024850425
1381	0.9056183115338883	0.8450653983353151	-0.060552913198573144
1382	0.908296748932131	0.8443729235880398	-0.06392382534409113
1383	0.943662783992619	0.9032983508245878	-0.04036443316803129
1384	0.9038280818131564	0.8390685461580984	-0.06475953565505799
1385	0.9301287375415282	0.8527304817275747	-0.07739825581395354
1386	0.9544107283505369	0.9171433901256063	-0.03726733822493056
1387	0.9303624480095068	0.8828728461081402	-0.04748960190136664
1388	0.9203227055312028	0.8270827869569018	-0.09323991857430092
1389	0.9188983794661015	0.8793590649283926	-0.03953931453770898
1390	0.9425418569254186	0.8972779724611518	-0.04526388446426677
1391	0.9360449942582733	0.8789931099279674	-0.057051884330305835
1392	0.9183071136369876	0.8620239958268128	-0.05628311781017481
1393	0.915064935064935	0.8573376623376623	-0.05772727272727274
1394	0.9449440724746775	0.9012321223406363	-0.043711950134041166
1395	0.945748031496063	0.9159930008748907	-0.02975503062117235
1396	0.9371459009248947	0.8770196762061563	-0.06012622471873841
1397	0.9264902998236332	0.8788947677836567	-0.04759553203997646
1398	0.9008306414397785	0.8608983233348716	-0.03993231810490694
1399	0.899375714830347	0.8405094357605795	-0.05886627906976749
1400	0.9473892014608627	0.918690158918172	-0.028699042542690734
1401	0.9301004805591961	0.8814927226322687	-0.0486077579269274
1402	0.9276826233347972	0.8746986775972283	-0.05298394573756893
1403	0.9533393970893971	0.9129677754677755	-0.040371621621621556
1404	0.9458836259645236	0.8987491787862784	-0.04713444717824522
1405	0.9441921221864952	0.9003215434083601	-0.04387057877813505
1406	0.9381401736106737	0.9030022803724188	-0.03513789323825489
1407	0.9189891381474811	0.8698651820315485	-0.049123956115932566
1408	0.9255345690426922	0.8715273191564302	-0.05400724988626193
1409	0.9350481645404842	0.867867742775319	-0.06718042176516525
1410	0.9272368588519792	0.8754740995290824	-0.051762759322896756
1411	0.9253319153315722	0.8616419088133384	-0.06369000651823387
1412	0.9557028998559077	0.906463886887608	-0.04923901296829969
1413	0.9400519701551506	0.89074110656921	-0.04931086358594061
1414	0.9235452487303433	0.8342868506394174	-0.08925839809092584
1415	0.9626540309106099	0.9065763366750209	-0.05607769423558895
1416	0.9227831483470581	0.8899779209929586	-0.03280522735409952
1417	0.9426607793244525	0.8950132215736167	-0.047647557750835734
1418	0.9222324133522333	0.891075349509436	-0.03115706384279726
1419	0.919270727511615	0.844541969740068	-0.07472875777154697
1420	0.9121548074984882	0.864449371766445	-0.04770543573204322
1421	0.9306572769953052	0.8859037558685446	-0.044753521126760565
1422	0.9215193155302048	0.8741249675913922	-0.04739434793881259
1423	0.9254258759209254	0.8562522918958563	-0.06917358402506912
1424	0.9457298606904906	0.9020492630728851	-0.043680597617605454
1425	0.9409696634733481	0.8977216900024564	-0.04324797347089171
1426	0.9341932087391419	0.8954403205521921	-0.038752888186949774
1427	0.9287815853236414	0.8698511595707857	-0.058930425752855675
1428	0.9368290290944753	0.9017718208564891	-0.03505720823798619
1429	0.9280524121500894	0.88605122096486	-0.04200119118522938
1430	0.8989292103928008	0.8360303345883735	-0.06289887580442732
1431	0.8990951332844216	0.880276351186109	-0.01881878209831256
1432	0.9501508674880563	0.9087251697259241	-0.04142569776213223
1433	0.9249814658588338	0.8700948436741058	-0.05488662218472795
1434	0.92866159003435	0.8770744526755784	-0.05158713735877163
1435	0.9286306385134357	0.8756936609178199	-0.052936977595615886
1436	0.9003997093023256	0.8436954941860465	-0.0567042151162791
1437	0.9318988732432106	0.8734843714412036	-0.058414501802007024
1438	0.9	0.8554501800720288	-0.044549819927971246
1439	0.9380792564863818	0.8666838776300504	-0.0713953788563314
1440	0.9496621355138958	0.8975757894460075	-0.05208634606788831
1441	0.9410446930483665	0.8952106639951022	-0.04583402905326428
1442	0.9276695344129555	0.895711032388664	-0.03195850202429151
1443	0.9497942287500453	0.9053452250208185	-0.04444900372922678
1444	0.9372488483779281	0.8833553856708811	-0.05389346270704698
1445	0.951002316108937	0.8753028245880254	-0.0756994915209116
1446	0.9300303951367781	0.8730395136778115	-0.05699088145896658
1447	0.9343524692361902	0.869233479698596	-0.06511898953759421
1448	0.9201708002853666	0.8673465105543665	-0.05282428973100006
1449	0.9337633953750705	0.8763747884940778	-0.057388606880992676
1450	0.9257599818511797	0.8625983061101028	-0.0631616757410769
1451	0.9385735080058224	0.8790538573508005	-0.05951965065502185
1452	0.964763185782995	0.9104100432053477	-0.05435314257764734
1453	0.9308905109489051	0.8693722627737226	-0.06151824817518248
1454	0.9105196806275389	0.8341224261100995	-0.0763972545174394
1455	0.942063492063492	0.8868580765639589	-0.05520541549953317
1456	0.8960059050274748	0.847672161622789	-0.04833374340468577
1457	0.9438859013327099	0.8895253682487725	-0.0543605330839374
1458	0.9649901613537977	0.9161904761904762	-0.04879968516332145
1459	0.9420666666666667	0.8939777777777778	-0.04808888888888896
1460	0.9277860326894503	0.8780412171328897	-0.04974481555656052
1461	0.9573770073272231	0.9316806658326738	-0.025696341494549246
1462	0.9075862068965517	0.8699281609195403	-0.03765804597701139
1463	0.9479407500293898	0.9021709314628317	-0.04576981856655815
1464	0.9201225385273972	0.8861970248287672	-0.03392551369863006
1465	0.9395160618827957	0.8798814301653649	-0.059634631717430775
1466	0.9338504807643493	0.8758846165561637	-0.057965864208185613
1467	0.9272727272727272	0.8846862996158771	-0.04258642765685017
1468	0.9736372317017479	0.9474405280856893	-0.026196703616058525
1469	0.9239070348739394	0.8713677986877209	-0.052539236186218585
1470	0.9286027439653394	0.8748323705384774	-0.05377037342686197
1471	0.9324228791773779	0.8856255355612682	-0.046797343616109655
1472	0.9584070572771852	0.9128962135382438	-0.04551084373894143
1473	0.9134343947606143	0.8584434281842819	-0.0549909665763324
1474	0.9007451600536707	0.8710825186889016	-0.029662641364769038
1475	0.939666366996304	0.8798946159224853	-0.05977175107381871
1476	0.9152836770737546	0.8684882719563282	-0.046795405117426414
1477	0.9123783641623564	0.8339469916133369	-0.07843137254901955
1478	0.9024745654938533	0.8480685671894871	-0.05440599830436621
1479	0.9246912707390649	0.8720187594268477	-0.052672511312217174
1480	0.9511838989739542	0.9035319652722967	-0.047651933701657434
1481	0.9411781143463924	0.8647096629967026	-0.07646845134968983
1482	0.9354915939561609	0.8937805916152373	-0.04171100234092362
1483	0.9111956440665324	0.864458864772134	-0.046736779294398456
1484	0.9104066506410257	0.8706764155982906	-0.039730235042735096
1485	0.9455019448812381	0.8967419790890783	-0.0487599657921598
1486	0.9094681313025716	0.8478858741978545	-0.0615822571047171
1487	0.8824529883818422	0.8528566295364715	-0.029596358845370707
1488	0.9232473035439137	0.8785769315430333	-0.04467037200088042
1489	0.9242220514790627	0.8706060315021129	-0.05361601997694976
1490	0.9308659217877095	0.8841205349585238	-0.04674538682918572
1491	0.9076309299289134	0.8575221238938053	-0.05010880603510803
1492	0.9261024902682238	0.8680637764624327	-0.058038713805791065
1493	0.9679150066401062	0.916812749003984	-0.051102257636122195
1494	0.9051585052108315	0.8495617668861466	-0.055596738324684924
1495	0.9274994293540287	0.8706916229171422	-0.05680780643688654
1496	0.9286403861625101	0.8781657280772325	-0.050474658085277624
1497	0.9342168411867364	0.8776505235602095	-0.056566317626526974
1498	0.9037722278713326	0.8633218422162149	-0.040450385655117715
1499	0.9207883026064845	0.8875079465988557	-0.0332803560076288
1500	0.9477710732097777	0.9094113662951788	-0.03835970691459889
1501	0.9415787035908437	0.8908485897467151	-0.05073011384412862
1502	0.9012683223209539	0.8379715522572665	-0.06329677006368739
1503	0.9566692069080254	0.9052883531722605	-0.05138085373576484
1504	0.9371546804301858	0.9000818535276597	-0.03707282690252611
1505	0.9445812807881774	0.9118833440422646	-0.032697936745912815
1506	0.9455074875207987	0.8872586093883931	-0.058248878132405646
1507	0.9418325077489065	0.8937892876799629	-0.04804322006894357
1508	0.9136717932621887	0.8391138313454698	-0.07455796191671893
1509	0.8889542936288088	0.8671283471837489	-0.021825946445059974
1510	0.9426427707844393	0.8870160965317782	-0.0556266742526611
1511	0.9214216522902348	0.8662184602610822	-0.05520319202915258
1512	0.8967502016597624	0.8443186634401104	-0.05243153821965196
1513	0.9382201173393653	0.8771706604462666	-0.06104945689309871
1514	0.9497516907489206	0.8804372239275287	-0.06931446682139197
1515	0.9515378650814164	0.9033341948823985	-0.048203670199017834
1516	0.9428013086533605	0.8986562150055991	-0.044145093647761424
1517	0.9407292385553255	0.8756958822176214	-0.06503335633770413
1518	0.9488694282272264	0.902615605597257	-0.046253822629969465
1519	0.942672858617131	0.894625042999656	-0.048047815617475065
1520	0.9511612903225807	0.8874301075268817	-0.063731182795699
1521	0.9102214017409587	0.8700690999064139	-0.04015230183454477
1522	0.9461417991665119	0.8881559737743211	-0.05798582539219077
1523	0.9444098411709748	0.8810512474480086	-0.06335859372296626
1524	0.8940118650352243	0.8263070077864294	-0.06770485724879494
1525	0.9631639063392348	0.9112649914334666	-0.051898914905768145
1526	0.9498781582659998	0.9026163909195845	-0.047261767346415295
1527	0.9311161618927652	0.8936277999890465	-0.03748836190371874
1528	0.9465617232808616	0.8777557742437407	-0.0688059490371209
1529	0.9301859018495215	0.8757923977302405	-0.05439350411928101
1530	0.9505269781343401	0.9157818153216927	-0.03474516281264739
1531	0.8925775978407557	0.8427064163906269	-0.04987118145012881
1532	0.9224449821407996	0.861896531858509	-0.06054845028229061
1533	0.9493327095759749	0.8953517081855158	-0.05398100139045914
1534	0.9378453038674033	0.8783098015142214	-0.059535502353181835
1535	0.91184408847138	0.871394020119878	-0.040450068351502
1536	0.9565252026367673	0.9219723975862825	-0.03455280505048486
1537	0.9553642315822034	0.9134299118420375	-0.041934319740165926
1538	0.9173316173316173	0.8696267696267697	-0.04770484770484762
1539	0.9294987567072373	0.8866247873315011	-0.042873969375736176
1540	0.9104843374227526	0.8400255715546896	-0.07045876586806299
1541	0.9218952686556974	0.8647163241619444	-0.05717894449375294
1542	0.8937941846363179	0.8397669121779513	-0.05402727245836658
1543	0.911045111994976	0.8426967762193845	-0.0683483357755914
1544	0.947549452095081	0.9116703108417405	-0.03587914125334046
1545	0.9365971403301887	0.8764187794811321	-0.06017836084905659
1546	0.9259685581549693	0.866506968641115	-0.059461589513854274
1547	0.907555953689754	0.8403436622012297	-0.06721229148852426
1548	0.9305919886565048	0.8753633463310883	-0.05522864232541658
1549	0.9157949172576832	0.8776004728132387	-0.03819444444444453
1550	0.9427073418364109	0.8928548765784631	-0.04985246525794784
1551	0.926438008808221	0.8648872280795409	-0.06155078072868014
1552	0.923136929865191	0.875283391433656	-0.04785353843153506
1553	0.9424355479026163	0.8962787583106137	-0.046156789592002645
1554	0.9322355101464287	0.8694147558736287	-0.06282075427279998
1555	0.9236868579900456	0.8586651487874616	-0.06502170920258399
1556	0.9267057945583994	0.8609749702507009	-0.0657308243076985
1557	0.9430293663060278	0.8979804224626481	-0.04504894384337976
1558	0.9183469304363754	0.8466979470487945	-0.07164898338758086
1559	0.9047323644097838	0.8470252865414156	-0.05770707786836815
1560	0.9147214441332089	0.8508640171044263	-0.06385742702878261
1561	0.968278592061624	0.9406333582967797	-0.02764523376484429
1562	0.8689843589918721	0.8291510142749812	-0.03983334471689093
1563	0.9475132625994694	0.9061007957559681	-0.041412466843501305
1564	0.9668338192419825	0.920198250728863	-0.04663556851311956
1565	0.9375875968992248	0.8907782945736434	-0.04680930232558134
1566	0.9127618273745034	0.8696393102202962	-0.04312251715420723
1567	0.9555388513043236	0.9072496450346613	-0.048289206269662266
1568	0.9409937203922001	0.8874077338327642	-0.053585986559435916
1569	0.9222269603170622	0.8635554106255957	-0.058671549691466485
1570	0.9176299254428548	0.8881276447635971	-0.029502280679257753
1571	0.9125229478101232	0.8492001049042749	-0.06332284290584833
1572	0.9605072087957681	0.9123016284617779	-0.04820558033399025
1573	0.9157250470809792	0.8607603116576197	-0.054964735423359556
1574	0.916030534351145	0.8590116730711467	-0.057018861279998334
1575	0.9110031385803959	0.8578132544664413	-0.053189884113954644
1576	0.9415878239407651	0.8941964897847251	-0.04739133415604002
1577	0.9402460164010934	0.887109140609374	-0.05313687579171944
1578	0.9443099273607748	0.9066940592364321	-0.0376158681243427
1579	0.9466318467925539	0.8734565421186554	-0.07317530467389843
1580	0.9379213483146067	0.8739700374531835	-0.06395131086142325
1581	0.9338231943495101	0.8812257917521076	-0.05259740259740253
1582	0.9002035468625708	0.8306934631042067	-0.0695100837583641
1583	0.9001734354675531	0.8752565399624224	-0.024916895505130765
1584	0.9306506309645374	0.8701385474578621	-0.06051208350667525
1585	0.896250128244588	0.8317174515235457	-0.06453267672104235
1586	0.9362722962293971	0.877210807556258	-0.059061488673139095
1587	0.9227941176470589	0.8792174896714539	-0.04357662797560502
1588	0.9656112508727406	0.9087916837520641	-0.056819567120676484
1589	0.9108171261329305	0.8793429003021148	-0.031474225830815716
1590	0.9568189159506428	0.901298533496996	-0.05552038245364688
1591	0.9452248703706553	0.8985736925515055	-0.046651177819149736
1592	0.927832512315271	0.8722598522167487	-0.05557266009852224
1593	0.9463381452649081	0.8843624820497317	-0.061975663215176446
1594	0.9570008810027976	0.9162583656625296	-0.04074251534026796
1595	0.9320217295551314	0.8544867260180724	-0.077535003537059
1596	0.9506208274864991	0.8996151720032317	-0.05100565548326741
1597	0.9449727282082947	0.898991458269013	-0.045981269939281644
1598	0.9180102162981882	0.8516641391970629	-0.06634607710112539
1599	0.9247519921938526	0.875540738331436	-0.04921125386241665
1600	0.92383008008008	0.884937020353687	-0.03889305972639301
1601	0.9241823972655947	0.8887927112117278	-0.03538968605386694
1602	0.9363760905616844	0.8853269882471699	-0.05104910231451443
1603	0.9275007191332048	0.8835856514281453	-0.043915067705059485
1604	0.9464370385423017	0.8872011108853214	-0.05923592765698027
1605	0.9030182926829269	0.8569105691056911	-0.046107723577235804
1606	0.897863846774536	0.8492093826531335	-0.04865446412140251
1607	0.9335333697035825	0.8894734107500065	-0.04405995895357595
1608	0.9390078612089997	0.8780931727529722	-0.060914688456027544
1609	0.9067353834795695	0.858108299968765	-0.04862708351080447
1610	0.921933389387145	0.8391372384155455	-0.08279615097159942
1611	0.922633987893105	0.8668241547320242	-0.05580983316108079
1612	0.9354924910480465	0.8907327240660574	-0.044759766981989135
1613	0.9507114501092823	0.9098086444533654	-0.04090280565591686
1614	0.9216724307823096	0.8810112641768263	-0.040661166605483356
1615	0.9343686868686869	0.8979545454545454	-0.036414141414141454
1616	0.9269991922455574	0.8715165589660743	-0.05548263327948311
1617	0.9618761981324594	0.9174551151237813	-0.044421083008678086
1618	0.9224805194805195	0.8841428571428571	-0.03833766233766234
1619	0.9338911503090608	0.8529699984923865	-0.08092115181667425
1620	0.8837727528617001	0.8173672358791518	-0.06640551698254826
1621	0.9543652224064595	0.9064852673100096	-0.04787995509644993
1622	0.9456824886028425	0.8840037543577367	-0.06167873424510584
1623	0.9506852544028016	0.9119102939690877	-0.03877496043371387
1624	0.9375673088428862	0.9169408878784253	-0.02062642096446088
1625	0.8956232043523443	0.8465523565010086	-0.04907084785133575
1626	0.9169540229885057	0.8686551724137931	-0.048298850574712615
1627	0.9507451115513825	0.8776638814712723	-0.07308123008011025
1628	0.9209938750264007	0.8753582958694144	-0.04563557915698635
1629	0.9188773814798405	0.8617910943730616	-0.05708628710677899
1630	0.8727689873417721	0.8305063291139241	-0.04226265822784803
1631	0.9504305545245342	0.9202453418454458	-0.030185212679088358
1632	0.9018331462775907	0.8536475869809204	-0.048185559296670344
1633	0.9404490612745382	0.8886254005344315	-0.05182366074010669
1634	0.9315948996655519	0.9001532887402452	-0.03144161092530662
1635	0.943836853459088	0.8678071539657853	-0.07602969949330263
1636	0.9352453211937278	0.901224076884168	-0.034021244309559884
1637	0.961019392033543	0.9132412398921833	-0.04777815214135972
1638	0.9373031224095054	0.8850511190936723	-0.05225200331583313
1639	0.9477357571822757	0.9012606178650652	-0.04647513931721048
1640	0.9524624583504496	0.8907754803961843	-0.061686977954265365
1641	0.9061770324771811	0.8285681628920857	-0.07760886958509539
1642	0.936980205616081	0.8758477827221114	-0.061132422893969585
1643	0.9405440544054405	0.8757042370903757	-0.06483981731506483
1644	0.9494574477625325	0.8806026365348399	-0.06885481122769255
1645	0.9423509836546932	0.8885952606222745	-0.05375572303241871
1646	0.9070866956341817	0.8478377819159942	-0.05924891371818741
1647	0.9353504202786814	0.902969217172192	-0.0323812031064894
1648	0.931867417677643	0.8730502599653379	-0.05881715771230511
1649	0.9501062596599691	0.9159582689335394	-0.03414799072642971
1650	0.9760759649771859	0.9326160233485428	-0.043459941628643084
1651	0.8968697968697968	0.8354478854478854	-0.061421911421911446
1652	0.941014525819454	0.8904403376682637	-0.0505741881511903
1653	0.9362578929877036	0.8906613492854769	-0.045596543702226655
1654	0.9470319634703196	0.8742009132420091	-0.07283105022831049
1655	0.9436102564102564	0.9013948717948718	-0.042215384615384655
1656	0.9421161463187325	0.897236136999068	-0.044880009319664516
1657	0.9374290338946198	0.8968303819486386	-0.04059865194598122
1658	0.9323091874112283	0.8856245795021305	-0.046684607909097786
1659	0.913395276330929	0.8417731698566073	-0.07162210647432166
1660	0.9191919191919192	0.8477376504773765	-0.07145426871454275
1661	0.9263395799981166	0.8939448158960354	-0.0323947641020812
1662	0.9316412288838294	0.8739494617308936	-0.05769176715293578
1663	0.9445579462273953	0.909044211214495	-0.03551373501290034
1664	0.9189026487788098	0.8631858445132439	-0.05571680426556591
1665	0.9394883351007424	0.8847826086956522	-0.054705726405090194
1666	0.9202483285577842	0.8502457660679759	-0.0700025624898083
1667	0.9337458478732718	0.900936551906081	-0.03280929596719073
1668	0.9622792022792023	0.937037037037037	-0.02524216524216527
1669	0.9134377967711301	0.8635921177587844	-0.04984567901234571
1670	0.937494623655914	0.8897634408602151	-0.04773118279569888
1671	0.9568665506625619	0.8857582652924642	-0.07110828537009772
1672	0.9376307189542483	0.8778104575163399	-0.05982026143790842
1673	0.9519326733741537	0.9099209667412942	-0.04201170663285947
1674	0.948582002661344	0.8892215568862275	-0.059360445775116455
1675	0.9389180672268908	0.8951890756302521	-0.04372899159663868
1676	0.9082969432314411	0.8578360019408054	-0.05046094129063561
1677	0.9463640986524282	0.8925756420035597	-0.053788456648868554
1678	0.9152386217062835	0.8623395368834839	-0.05289908482279959
1679	0.9501891551071879	0.895813366960908	-0.05437578814627997
1680	0.9232420995296903	0.8866438320292451	-0.03659826750044515
1681	0.9030173437871228	0.8599311000237586	-0.04308624376336423
1682	0.9504665745038017	0.887799940752444	-0.06266663375135773
1683	0.9389208314904909	0.8770013268465281	-0.061919504643962786
1684	0.9029986665365727	0.8516278010862849	-0.051370865450287795
1685	0.9578865174388339	0.9137168141592921	-0.04416970327954184
1686	0.9261443374962789	0.8774931602001615	-0.04865117729611734
1687	0.9438551548386236	0.8908724599394254	-0.05298269489919816
1688	0.9272189433671063	0.8703002415079241	-0.05691870185918224
1689	0.9283097958979989	0.8879285393482709	-0.04038125654972802
1690	0.9063625214618592	0.8422271277900417	-0.06413539367181753
1691	0.9377558375151293	0.9004528579005344	-0.03730297961459483
1692	0.9191578947368421	0.8558646616541353	-0.06329323308270673
1693	0.9310979060554613	0.8827265295856128	-0.04837137646984846
1694	0.9460561908714881	0.8884054444746597	-0.05765074639682832
1695	0.9104330708661418	0.8596056840551181	-0.05082738681102372
1696	0.9237436386768448	0.8749304230279898	-0.04881321564885499
1697	0.9165688680251787	0.8121961256496624	-0.1043727423755163
1698	0.9132275721826817	0.853197208797025	-0.060030363385656704
1699	0.9467457988797012	0.8805548146172313	-0.06619098426246994
1700	0.9215890926187118	0.8729572167371885	-0.04863187588152329
1701	0.93557218208921	0.8860652448113748	-0.04950693727783517
1702	0.9338944190484328	0.8742398997450905	-0.05965451930334231
1703	0.9422704954619848	0.8990477607498885	-0.04322273471209637
1704	0.9492665684830633	0.895340206185567	-0.053926362297496366
1705	0.9266493055555556	0.8700488683127572	-0.056600437242798396
1706	0.9512406015037594	0.9031390977443609	-0.04810150375939859
1707	0.941697396740099	0.8918255719906233	-0.04987182474947571
1708	0.9010697024532148	0.8628055065625215	-0.0382641958906933
1709	0.9361313868613139	0.9024888864497009	-0.033642500411612986
1710	0.9348020123336579	0.8876717515958022	-0.047130260737855645
1711	0.9421818684147735	0.9029373720629419	-0.03924449635183158
1712	0.9243145641253253	0.8626909032219017	-0.06162366090342364
1713	0.9265457255863719	0.8553155167646458	-0.07123020882172615
1714	0.9117984145681449	0.8764127216580179	-0.03538569291012705
1715	0.9309665301598053	0.8804230686331865	-0.050543461526618816
1716	0.9356556167617549	0.8752582136533543	-0.06039740310840058
1717	0.9154403866809881	0.845421589688507	-0.07001879699248115
1718	0.9415167095115681	0.8746415859205062	-0.06687512359106185
1719	0.927324702454578	0.8897364008685853	-0.03758830158599269
1720	0.9297275641025641	0.8688988095238095	-0.060828754578754585
1721	0.9428195645379727	0.887318991561621	-0.05550057297635169
1722	0.9195136682335022	0.8572779076179722	-0.062235760615530045
1723	0.9284865389279651	0.8704462769827795	-0.05804026194518552
1724	0.9275715955581532	0.8736119228521333	-0.05395967270601987
1725	0.9271094298025855	0.8692003206734141	-0.057909109129171354
1726	0.9469368018000237	0.9040480795799944	-0.04288872222002926
1727	0.9336077610071977	0.8919982667725861	-0.04160949423461158
1728	0.9117211131276467	0.8503478523895946	-0.06137326073805205
1729	0.9392403295629103	0.8671274961597543	-0.072112833403156
1730	0.936868861132197	0.8841579831159571	-0.05271087801623997
1731	0.9189597017575004	0.847607212599224	-0.07135248915827641
1732	0.9536684199227136	0.8970722413052812	-0.05659617861743238
1733	0.9307122231547205	0.8615666917967028	-0.06914553135801771
1734	0.9303302694421915	0.8884721095791656	-0.04185815986302599
1735	0.9291860027593127	0.8768468581462435	-0.05233914461306921
1736	0.931474894319002	0.8925018043097227	-0.03897309000927929
1737	0.9367910373111934	0.8838651595478644	-0.05292587776332902
1738	0.939693417032103	0.8849354999552527	-0.05475791707685029
1739	0.9205300988319857	0.8763252470799641	-0.0442048517520216
1740	0.9099665322686905	0.8610825625214115	-0.048883969747279044
1741	0.9524614856116058	0.9203947889966441	-0.032066696614961754
1742	0.9437640680591524	0.9094319529491492	-0.034332115110003114
1743	0.9334659176594782	0.8737275674860504	-0.05973835017342777
1744	0.9295210166177909	0.8527161011031978	-0.07680491551459301
1745	0.9437164850371907	0.9072608545234389	-0.03645563051375189
1746	0.9115839243498818	0.8752982571884106	-0.03628566716147119
1747	0.9552199440392642	0.8744208981239393	-0.08079904591532494
1748	0.907040704070407	0.8678610718214679	-0.03917963224893917
1749	0.9401349072512648	0.8896753200484526	-0.050459587202812184
1750	0.9051108784619777	0.8577954832832534	-0.047315395178724295
1751	0.9215434083601286	0.8694533762057878	-0.052090032154340826
1752	0.9104406908126252	0.8669536029451572	-0.04348708786746802
1753	0.910641855831495	0.8638013235608055	-0.04684053227068952
1754	0.9461438050690743	0.9009354943979114	-0.04520831067116282
1755	0.954274800584204	0.9095607235142119	-0.044714077069992086
1756	0.9252907418668288	0.8808243387047735	-0.0444664031620553
1757	0.9407243916242218	0.894102999434069	-0.04662139219015282
1758	0.9521035067563871	0.9144646862519832	-0.037638820504403925
1759	0.9268585131894485	0.8768381521198135	-0.05002036106963492
1760	0.9632538390320212	0.8854675478083197	-0.07778629122370151
1761	0.9281369141063018	0.8652864992150706	-0.06285041489123122
1762	0.9167645906776342	0.8800570757092496	-0.036707514968384536
1763	0.9363176953842828	0.8632985623175873	-0.0730191330666955
1764	0.9392382189344101	0.8939633509331677	-0.04527486800124236
1765	0.9108153638814016	0.8432446091644205	-0.06757075471698115
1766	0.9146773320001667	0.8610590342873807	-0.05361829771278592
1767	0.9336351750520556	0.8663745097089729	-0.06726066534308273
1768	0.9107963246554365	0.8640370845577584	-0.04675924009767807
1769	0.9384955752212389	0.8751077830723848	-0.06338779214885415
1770	0.9309988862024938	0.8924098774822743	-0.03858900872021953
1771	0.9348398651495997	0.8783817951959545	-0.05645806995364522
1772	0.9618112384069831	0.933335994571075	-0.02847524383590816
1773	0.9480423365344318	0.9043326289133207	-0.04370970762111115
1774	0.9443036658739751	0.9135966109183528	-0.030707054955622315
1775	0.948798490195318	0.90306485179871	-0.045733638396608045
1776	0.9494744413764299	0.9003526927628374	-0.04912174861359253
1777	0.9524485648264149	0.898633035440853	-0.05381552938556189
1778	0.9255701225637935	0.8783654812135825	-0.04720464135021096
1779	0.9307971014492754	0.8672430830039526	-0.06355401844532282
1780	0.9595708885473352	0.9053400074772566	-0.05423088107007856
1781	0.918780193236715	0.8496880032206119	-0.06909219001610312
1782	0.9046770094450556	0.8568195324254954	-0.047857477019560224
1783	0.924550841729672	0.87770948930351	-0.04684135242616194
1784	0.9080190215621132	0.8602306038694547	-0.047788417692658514
1785	0.927060236511456	0.878210458240946	-0.04884977827050996
1786	0.9351910225696634	0.8887335083275065	-0.04645751424215683
1787	0.9106786973566063	0.8577998729769387	-0.05287882437966762
1788	0.9493045563549161	0.9015027977617905	-0.04780175859312552
1789	0.9291604395604396	0.8616087912087912	-0.0675516483516484
1790	0.9302870533099004	0.9037855329595225	-0.026501520350377894
1791	0.9371810878297687	0.8773748778634242	-0.05980620996634456
1792	0.9214605067064083	0.8760556383507203	-0.04540486835568802
1793	0.896940331010453	0.8269408754355401	-0.06999945557491294
1794	0.9389877994529158	0.8688417525626828	-0.07014604689023296
1795	0.8933457711442786	0.8473258706467661	-0.04601990049751248
1796	0.9500147885241053	0.8981906562246826	-0.05182413229942262
1797	0.9161449016100179	0.8653583079027676	-0.05078659370725036
1798	0.9313893653516295	0.9001061831250511	-0.03128318222657844
1799	0.9090883932030774	0.8420462722089999	-0.06704212099407758
1800	0.9441454416818273	0.8920810592278149	-0.05206438245401246
1801	0.9175601659751037	0.8528630705394191	-0.06469709543568458
1802	0.9318426000537201	0.8728751774682476	-0.058967422585472495
1803	0.9406374007936508	0.8716517857142857	-0.06898561507936507
1804	0.9161781159095994	0.8793615275602298	-0.03681658834936963
1805	0.9323181049069373	0.895422387263085	-0.036895717643852355
1806	0.9691484833342587	0.9034293857457479	-0.0657190975885108
1807	0.9239718326528197	0.9008343688975678	-0.02313746375525183
1808	0.9391916987789591	0.9019569153628302	-0.03723478341612896
1809	0.9556674490800333	0.9056434718962166	-0.05002397718381668
1810	0.9423192126658109	0.890101269433747	-0.05221794323206386
1811	0.932323424796748	0.8913766090785907	-0.04094681571815728
1812	0.9277056277056277	0.8922841864018335	-0.03542144130379421
1813	0.9103922393396078	0.8521741416478259	-0.05821809769178188
1814	0.9405318002155947	0.8852856629536472	-0.05524613726194749
1815	0.9318807582336122	0.8770120724346077	-0.0548686857990045
1816	0.9615360162756691	0.9231673978002416	-0.038368618475427496
1817	0.9407416847202753	0.901201385590324	-0.03954029912995127
1818	0.9069653777080634	0.8740366909909295	-0.03292868671713389
1819	0.9134370219275879	0.864795327059478	-0.048641694868109875
1820	0.9579827972192766	0.9108872393071756	-0.04709555791210096
1821	0.9434493221749132	0.8859443057798659	-0.05750501639504724
1822	0.9299990692912653	0.8713062497091535	-0.05869281958211181
1823	0.9224385873921448	0.8645386392569192	-0.05789994813522559
1824	0.9288973668461998	0.8619838420107719	-0.0669135248354279
1825	0.9533592819977796	0.9026925083263111	-0.050666773671468546
1826	0.9347535456870495	0.8898657289002557	-0.044887816786793766
1827	0.9300301567211988	0.8805918842481913	-0.04943827247300747
1828	0.9114957847756013	0.8854295809571039	-0.026066203818497446
1829	0.9227655648840768	0.8824320265457614	-0.04033353833831543
1830	0.8937642251189737	0.8382733291951169	-0.05549089592385681
1831	0.9362184441009789	0.8658717892102745	-0.07034665489070435
1832	0.9355435963266515	0.8849856818406241	-0.05055791448602742
1833	0.9049807687655724	0.875746873412516	-0.029233895353056427
1834	0.8945001858045336	0.8410380279945497	-0.05346215780998387
1835	0.9216223698781838	0.8772702104097453	-0.04435215946843851
1836	0.9283248603527271	0.8551747944517668	-0.07315006590096029
1837	0.8989310758594876	0.85556864342408	-0.043362432435407605
1838	0.9280575539568345	0.8886776293251113	-0.03937992463172324
1839	0.9204881493578143	0.8737034911947742	-0.046784658163040116
1840	0.9131428571428571	0.8619398496240601	-0.05120300751879703
1841	0.9451706036745406	0.8917716535433071	-0.053398950131233525
1842	0.9646112071978421	0.9219367500380862	-0.04267445715975593
1843	0.9475889008620689	0.8950700431034483	-0.05251885775862064
1844	0.9496283255086072	0.8897132796780685	-0.05991504583053875
1845	0.9303917253521127	0.8592539612676057	-0.071137764084507
1846	0.9185352749893962	0.8741552382298883	-0.04438003675950797
1847	0.9164636752136752	0.8830662393162393	-0.033397435897435934
1848	0.9208142767464801	0.8494753833736884	-0.07133889337279165
1849	0.9254206631255811	0.8648273402371763	-0.0605933228884048
1850	0.9408335094765025	0.8942788698654266	-0.046554639611075865
1851	0.9190949185765983	0.8787413299155609	-0.04035358866103744
1852	0.9359531436666773	0.8992144797910918	-0.03673866387558544
1853	0.9476875808538163	0.9107284030472905	-0.0369591778065258
1854	0.9374614173228346	0.9075401574803149	-0.0299212598425197
1855	0.9517369178006416	0.8929499944684146	-0.058786923332227015
1856	0.8849487695544781	0.833512487421096	-0.05143628213338214
1857	0.8881116158338741	0.8054510058403634	-0.08266060999351066
1858	0.919897329103809	0.8730295178826549	-0.04686781122115402
1859	0.929413257069053	0.8834009871304027	-0.04601226993865026
1860	0.9206542435309174	0.8784374317195742	-0.04221681181134318
1861	0.9673546838090075	0.9009216589861752	-0.06643302482283231
1862	0.918212960319726	0.8585656738668442	-0.059647286452881754
1863	0.9170015002845368	0.858990498197934	-0.0580110020866027
1864	0.9449658818135233	0.9079348383094641	-0.03703104350405917
1865	0.9207461552217453	0.8858749105865522	-0.03487124463519309
1866	0.9500278706800446	0.8874442586399108	-0.06258361204013374
1867	0.8844785887039408	0.8359226063451416	-0.04855598235879921
1868	0.925837037037037	0.8767851851851852	-0.04905185185185179
1869	0.9397908431907352	0.8917752074794708	-0.04801563571126444
1870	0.924080405421789	0.8700201256031619	-0.054060279818627155
1871	0.9644862846940432	0.9068982308066872	-0.057588053887355994
1872	0.9211474836592517	0.8606934394921592	-0.06045404416709255
1873	0.932160705150907	0.882369915659964	-0.049790789490942955
1874	0.9275891012396694	0.8821453168044077	-0.04544378443526176
1875	0.9385619673199066	0.9046061560175886	-0.03395581130231795
1876	0.9427445980844039	0.8939884279690105	-0.04875617011539346
1877	0.9179688553020569	0.8820437247836674	-0.035925130518389414
1878	0.9323281369792997	0.9081139790442116	-0.024214157935088076
1879	0.912774417562724	0.8844506048387096	-0.028323812724014408
1880	0.935062397051844	0.875499036824032	-0.05956336022781206
1881	0.9245909032341193	0.8744201778121377	-0.05017072542198164
1882	0.8743668953626208	0.820611372534933	-0.05375552282768781
1883	0.926553731910046	0.8736867642715497	-0.0528669676384963
1884	0.9450781309940922	0.8990435027237155	-0.04603462827037674
1885	0.9355029303854767	0.8779816076618859	-0.057521322723590784
1886	0.9087888531618435	0.838281529117542	-0.0705073240443016
1887	0.9288480609635158	0.8743984550341876	-0.05444960592932824
1888	0.9421047955398592	0.8863308233935274	-0.05577397214633173
1889	0.9047318679438933	0.86242730071844	-0.04230456722545328
1890	0.9327687077519073	0.8946317745187177	-0.038136933233189674
1891	0.9185410031847133	0.8590017914012739	-0.05953921178343946
1892	0.934903748733536	0.8904508611955421	-0.044452887537993924
1893	0.9426791661527075	0.8795238682619958	-0.06315529789071173
1894	0.9064732414970132	0.8380714372790442	-0.06840180421796904
1895	0.9561673490517201	0.8930208480399078	-0.0631465010118123
1896	0.943056805680568	0.8818256825682568	-0.06123112311231127
1897	0.9141980533220483	0.844432017411281	-0.06976603591076724
1898	0.8793546071882073	0.8228620327941257	-0.05649257439408162
1899	0.938302773641102	0.8974078555472822	-0.04089491809381984
1900	0.9484563055991627	0.90677873713588	-0.041677568463282744
1901	0.9417265135934005	0.8857345156613506	-0.0559919979320499
1902	0.9066326388307813	0.8466794968342956	-0.059953141996485715
1903	0.9291752300956125	0.8647305870789027	-0.06444464301670982
1904	0.9545745076179859	0.9113340765514678	-0.04324043106651809
1905	0.9544496044660596	0.9130800453431821	-0.04136955912287754
1906	0.9530781201369437	0.8956738250855898	-0.057404295051353915
1907	0.9625924314919531	0.9039766960602106	-0.05861573543174248
1908	0.9314730213606618	0.8587356463760958	-0.072737374984566
1909	0.9295545454545454	0.8797818181818182	-0.04977272727272719
1910	0.9216896257973364	0.8645307403021047	-0.057158885495231626
1911	0.9546897830729459	0.8982662695290548	-0.05642351354389119
1912	0.9184958077837567	0.8585784007007884	-0.05991740708296833
1913	0.9367285764664394	0.8817150581873751	-0.05501351827906431
1914	0.9290276110444178	0.8905762304921969	-0.03845138055222086
1915	0.9240599593495935	0.8754319105691057	-0.048628048780487765
1916	0.9385459126954717	0.901519306306974	-0.03702660638849775
1917	0.949468537414966	0.8946428571428572	-0.05482568027210877
1918	0.9578835978835979	0.9156481481481481	-0.04223544973544979
1919	0.9442921539961013	0.8904727095516569	-0.05381944444444442
1920	0.9286954365079365	0.8970395923520924	-0.031655844155844104
1921	0.9388151112728155	0.8885816505972955	-0.050233460675519925
1922	0.9018237783762986	0.867687572143132	-0.0341362062331666
1923	0.946044055770976	0.9144813605666671	-0.03156269520430888
1924	0.9057188962770523	0.8682261922473877	-0.037492704029664536
1925	0.9730778138026864	0.9515834877257989	-0.021494326076887504
1926	0.9169217793327502	0.8625984005997751	-0.0543233787329751
1927	0.9428046335486745	0.8608487413677879	-0.08195589218088661
1928	0.9238083164300203	0.882043047103899	-0.041765269326121235
1929	0.9211284779957876	0.8751939917969183	-0.045934486198869307
1930	0.9467331657340577	0.9074554645473468	-0.03927770118671092
1931	0.938060766721044	0.9018530791190864	-0.03620768760195758
1932	0.9077386581642303	0.8550757923748278	-0.05266286578940249
1933	0.9156106870229007	0.8663613231552163	-0.049249363867684415
1934	0.9323694454274304	0.8887012790051059	-0.04366816642232452
1935	0.9352080768283674	0.8857916769268653	-0.04941639990150204
1936	0.9069203816804465	0.8452227623360616	-0.06169761934438489
1937	0.9045854442270566	0.8153901968151959	-0.08919524741186069
1938	0.937962962962963	0.8810119979134063	-0.05695096504955666
1939	0.9325782829662823	0.8762500683097437	-0.05632821465653859
1940	0.9206887639723461	0.8798432082014171	-0.040845555770928965
1941	0.9211776808896291	0.8523979816783422	-0.0687796992112869
1942	0.9674165216670809	0.9244759300687713	-0.04294059159830965
1943	0.8970157246482644	0.8504649238109148	-0.04655080083734964
1944	0.9083197306016477	0.8563680063750755	-0.05195172422657224
1945	0.9308571428571428	0.8951596638655462	-0.03569747899159659
1946	0.9020586467456637	0.8299201442555384	-0.07213850249012532
1947	0.9288472964943553	0.877653540755145	-0.051193755739210256
1948	0.9356661977491961	0.9002210610932476	-0.035445136655948506
1949	0.9456796628029505	0.8763171759747103	-0.0693624868282402
1950	0.9483188862621487	0.8826996322563698	-0.06561925400577884
1951	0.9333809297160083	0.8744248770426781	-0.05895605267333015
1952	0.9369792165501388	0.8894582255850334	-0.047520990965105425
1953	0.9477654648561469	0.9073409291920296	-0.0404245356641173
1954	0.9194497266460661	0.861243166151652	-0.058206560494414084
1955	0.9538123167155426	0.9179863147605083	-0.03582600195503427
1956	0.9439026348002327	0.8926213553267914	-0.0512812794734413
1957	0.9456224972697488	0.8962686567164179	-0.04935384055333092
1958	0.922182382013761	0.87667686514474	-0.045505516869021045
1959	0.9528870507518195	0.922589849636113	-0.03029720111570644
1960	0.9307608709884383	0.8641142812250403	-0.06664658976339799
1961	0.9095499331313628	0.8441960752203935	-0.06535385791096926
1962	0.9488317823500954	0.9180540140584535	-0.030777768291641805
1963	0.8801394623949613	0.8171885795080255	-0.06295088288693584
1964	0.9484325925925926	0.8829748148148148	-0.06545777777777784
1965	0.9361930871364834	0.8985217438047627	-0.03767134333172073
1966	0.9040024204702628	0.8217064315352697	-0.08229598893499313
1967	0.9343181523103334	0.900229374341811	-0.03408877796852239
1968	0.9343261606417079	0.8929464272020368	-0.04137973343967116
1969	0.9180664274842357	0.8660714285714286	-0.05199499891280712
1970	0.9149143714283084	0.8598102459808405	-0.0551041254474679
1971	0.954254664204074	0.9222944939639712	-0.03196017024010278
1972	0.9482666015625	0.88746337890625	-0.06080322265624993
1973	0.9187583206156443	0.8511056271714778	-0.06765269344416658
1974	0.918229387211905	0.8809509406569476	-0.03727844655495738
1975	0.9308366955182362	0.8630527489453659	-0.06778394657287035
1976	0.9320312182981428	0.8810647766160339	-0.050966441682108954
1977	0.9351312618070484	0.8964106572861703	-0.03872060452087811
1978	0.9033927919470088	0.8537787513691129	-0.04961404057789598
1979	0.8960007880220646	0.8394109535066981	-0.05658983451536648
1980	0.9253166209687949	0.8705517111314213	-0.05476490983737359
1981	0.9240860849056604	0.8849941037735849	-0.03909198113207546
1982	0.931549356355034	0.8635595563611785	-0.06798979999385546
1983	0.9426221654423507	0.8943947620568509	-0.0482274033854998
1984	0.9525187302259389	0.907142773131976	-0.045375957093962915
1985	0.9379944264653003	0.8802027148507731	-0.05779171161452723
1986	0.919487185666261	0.8770016748400468	-0.04248551082621421
1987	0.9370571253608608	0.9059574840346426	-0.03109964132621823
1988	0.9267874012119537	0.8648533443929863	-0.061934056818967353
1989	0.9655158709130411	0.9145381802766149	-0.05097769063642621
1990	0.9434702886247878	0.8959320882852292	-0.04753820033955858
1991	0.9217679748416835	0.8818765347003834	-0.03989144014130008
1992	0.926344221899286	0.8476969735262526	-0.07864724837303338
1993	0.9451476793248945	0.8844036225172378	-0.06074405680765671
1994	0.9167619460652894	0.8626103926825421	-0.05415155338274724
1995	0.8921637355603645	0.8559846383614252	-0.0361790971989393
1996	0.9602937497240578	0.9243697478991597	-0.03592400182489808
1997	0.9247292714942026	0.8826432946838766	-0.042085976810326
1998	0.9144624976383904	0.8667343661439637	-0.04772813149442667
1999	0.9620266186587797	0.9225487044300135	-0.03947791422876623
