draw	ref_metric	arm_metric	delta
0	0.9179681717246484	0.8951424870466321	-0.022825684678016267
1	0.937413849688218	0.9145388907121759	-0.02287495897604208
2	0.942285929837797	0.9191949129708465	-0.023091016866950476
3	0.9308447978459338	0.9022886953595018	-0.028556102486431922
4	0.9544094279661017	0.93125	-0.02315942796610171
5	0.9420033855891661	0.9183410613086038	-0.023662324280562252
6	0.9509401709401709	0.9238228438228439	-0.02711732711732706
7	0.9053351783517836	0.8820725707257072	-0.023262607626076348
8	0.9396297806779047	0.8982350009062896	-0.0413947797716151
9	0.9202136491946643	0.8773177616649139	-0.042895887529750376
10	0.9342970455631774	0.9081502150912685	-0.02614683047190891
11	0.9512421255842308	0.9384017476122739	-0.012840377971956918
12	0.9547302982144527	0.927888660372067	-0.02684163784238569
13	0.9611410222361718	0.9494193486081267	-0.011721673628045104
14	0.9395033527374549	0.9165991206739862	-0.0229042320634687
15	0.9649958409771995	0.9457276010984378	-0.019268239878761695
16	0.9285802480023989	0.9079075018079833	-0.020672746194415614
17	0.9109195402298851	0.872511288998358	-0.038408251231527135
18	0.9267839470016764	0.9120599462745652	-0.01472400072711122
19	0.9074919262284143	0.8788000106760616	-0.02869191555235273
20	0.9465540420566674	0.9211120411942267	-0.02544200086244064
21	0.9339307858503471	0.9017399419593204	-0.032190843891026666
22	0.9309490786605904	0.90827884551879	-0.02267023314180039
23	0.8938808591111711	0.8695258678913954	-0.02435499121977569
24	0.9440914264036419	0.9187452579666161	-0.02534616843702575
25	0.9344255319148936	0.9103404255319149	-0.024085106382978783
26	0.9401108269394715	0.9171071327081557	-0.023003694231315763
27	0.9427816704349578	0.9263952004656265	-0.01638646996933124
28	0.9229713239780354	0.8973764490543014	-0.025594874923734023
29	0.9474493680523831	0.9254149535556571	-0.02203441449672605
30	0.9479358590511285	0.9221700829111009	-0.02576577614002762
31	0.9389334862385321	0.9191786806465706	-0.019754805591961522
32	0.9178605769230769	0.9013221153846154	-0.016538461538461502
33	0.9426607525776224	0.9195282436918015	-0.023132508885820857
34	0.9171678420310296	0.8861156558533145	-0.031052186177715102
35	0.8955142092519435	0.8722951446412642	-0.02321906461067924
36	0.935608356568473	0.9095041823251303	-0.02610417424334266
37	0.9178076461894538	0.894091073868548	-0.023716572320905738
38	0.9435777055495366	0.9262429276513784	-0.017334777898158182
39	0.9268631027307525	0.9017905309939117	-0.025072571736840743
40	0.9414520228037639	0.907136479153788	-0.03431554364997591
41	0.9313022267304255	0.908914167028933	-0.02238805970149249
42	0.9460329097425871	0.9204545454545454	-0.02557836428804172
43	0.9253814455952779	0.9012457639253496	-0.0241356816699283
44	0.889717125382263	0.872382968713244	-0.017334156669019052
45	0.9518591448445172	0.9362341448445172	-0.015625
46	0.9616643913916914	0.9418639496553791	-0.019800441736312235
47	0.9342534198580263	0.9080675136337324	-0.026185906224293953
48	0.9276891586674195	0.9060117871259176	-0.021677371541501955
49	0.9583333333333334	0.9462358457183297	-0.012097487615003621
50	0.9407954243149774	0.9199654163341314	-0.020830007980846
51	0.9387831125827815	0.9204884105960265	-0.01829470198675498
52	0.9224391886204865	0.8942288808461689	-0.028210307774317545
53	0.9204184198223468	0.8836255259467041	-0.036792893875642774
54	0.9189497716894978	0.9005303462709284	-0.018419425418569335
55	0.9104240806642941	0.8936091340450771	-0.01681494661921701
56	0.9445471596998928	0.914764201500536	-0.029782958199356835
57	0.9500080687922171	0.930066625170021	-0.019941443622196076
58	0.9522856189522856	0.9402527527527528	-0.01203286619953281
59	0.944180353844977	0.9193084833185807	-0.024871870526396278
60	0.9421676944158959	0.9179513532031518	-0.024216341212744075
61	0.9059064965048419	0.8758417238504457	-0.03006477265439622
62	0.9364472640761301	0.9134337827121333	-0.023013481363996835
63	0.9371164764581064	0.9212593909502781	-0.015857085507828272
64	0.9256861400969864	0.8892781882346967	-0.03640795186228962
65	0.9547766475011057	0.9480195587006732	-0.006757088800432465
66	0.9290712009862786	0.9100981475254976	-0.018973053460781042
67	0.9509018389749744	0.925779181814973	-0.025122657160001394
68	0.9218927064496685	0.8938878842676311	-0.02800482218203737
69	0.9313570150779453	0.9187153931339977	-0.012641621943947579
70	0.9381851712714729	0.9239097025374816	-0.014275468733991326
71	0.9399254263050396	0.9055716524960813	-0.03435377380895832
72	0.918236494184352	0.8947222001430729	-0.023514294041279138
73	0.9109147439044346	0.8911471117656685	-0.01976763213876609
74	0.9395831098018943	0.9145053208610918	-0.02507778894080248
75	0.9393871315600287	0.9178498682003355	-0.021537263359693193
76	0.9255202943543751	0.9072668736345867	-0.018253420719788416
77	0.9184118971280442	0.8902267094162858	-0.028185187711758375
78	0.9369178852643419	0.9211811023622047	-0.015736782902137203
79	0.9357497915959122	0.9058631016703201	-0.02988668992559207
80	0.9321481796891633	0.9110283159463487	-0.021119863742814604
81	0.9383342022940563	0.9242440041710115	-0.014090198123044795
82	0.9453242835595776	0.9262694821518351	-0.019054801407742517
83	0.9272599321860405	0.9071716460879022	-0.020088286098138286
84	0.9181000222554287	0.8910596763424793	-0.02704034591294946
85	0.9285303629177147	0.8905138339920948	-0.03801652892561991
86	0.9014689730917078	0.8596238330587589	-0.041845140032948924
87	0.9214803312629399	0.9175336438923395	-0.0039466873706004435
88	0.9031491934240153	0.8853058203016564	-0.017843373122358952
89	0.9214937487396653	0.9018325267190966	-0.019661222020568636
90	0.8933968706392328	0.8631424245123364	-0.030254446126896428
91	0.9378211779066219	0.9200732377174244	-0.017747940189197453
92	0.9376576531127031	0.920429320956513	-0.01722833215619013
93	0.9308608058608059	0.9017742673992674	-0.029086538461538525
94	0.9231848704228308	0.9038925611163572	-0.019292309306473632
95	0.907764081492895	0.8753210066769389	-0.0324430748159561
96	0.9363238978623594	0.9037661922277307	-0.032557705634628675
97	0.9125062150858413	0.8874703869439327	-0.025035828141908634
98	0.9205387946854584	0.8911399838508405	-0.029398810834617928
99	0.922989291410344	0.9075244930508088	-0.015464798359535181
100	0.9246688012219839	0.9030931469024469	-0.021575654319537008
101	0.942637979854245	0.9205774497516594	-0.022060530102585574
102	0.9459789681776997	0.9187282062546334	-0.027250761923066302
103	0.9253423077729551	0.9065127592208173	-0.01882954855213781
104	0.9192258064516129	0.905921146953405	-0.013304659498207916
105	0.9407383503291596	0.9068800826126242	-0.03385826771653544
106	0.9258260794248842	0.8904443289593348	-0.035381750465549366
107	0.96321385697136	0.9409192248327902	-0.022294632138569748
108	0.9272050700622129	0.8871562300133728	-0.04004884004884002
109	0.8787813310285221	0.8440290982425814	-0.03475223278594064
110	0.9441426419965576	0.9354023235800344	-0.00874031841652323
111	0.9508471001757469	0.9426643233743409	-0.008182776801406
112	0.9253466050479915	0.8942054745822965	-0.031141130465695
113	0.9319430165956822	0.9116316639741519	-0.020311352621530387
114	0.9479406577445794	0.9275754746342981	-0.020365183110281238
115	0.9128721638074156	0.885622578859989	-0.027249584947426686
116	0.9130576441102757	0.8834586466165414	-0.02959899749373429
117	0.9591503764732111	0.937007874015748	-0.022142502457463076
118	0.9289115410396875	0.9036821302267527	-0.025229410812934838
119	0.9347177706552706	0.907730146011396	-0.026987624643874608
120	0.9394599303135889	0.9167247386759582	-0.022735191637630714
121	0.9356262150823698	0.9187173846311266	-0.01690883045124314
122	0.9166388518024032	0.8925400534045393	-0.024098798397863885
123	0.9214046822742475	0.8788834900401759	-0.04252119223407169
124	0.936564383932805	0.9241233714917926	-0.012441012441012367
125	0.9546730462519937	0.9377830940988836	-0.016889952153110066
126	0.9304567725620357	0.9076858813700919	-0.022770891191943865
127	0.9232145412909689	0.8950336338915128	-0.028180907399456112
128	0.894245485154576	0.857927762473217	-0.03631772268135902
129	0.9241739130434783	0.8844110671936759	-0.039762845849802386
130	0.941848005275305	0.9139740630838553	-0.027873942191449674
131	0.8882362155388471	0.8665726817042606	-0.021663533834586524
132	0.9409737326417935	0.9155094529027941	-0.02546427973899945
133	0.9319969518101856	0.9140823786213399	-0.017914573188845706
134	0.9057622083307545	0.8806585380949433	-0.02510367023581117
135	0.9325826226012793	0.899293710021322	-0.033288912579957364
136	0.9345124923011006	0.9164903730284123	-0.018022119272688264
137	0.9462294714107401	0.9242808857972316	-0.021948585613508542
138	0.9305204511482539	0.9128006522625357	-0.017719798885718174
139	0.9440614926853459	0.9198446152574593	-0.024216877427886585
140	0.9272878602514991	0.8997412807605142	-0.027546579490984935
141	0.9292521795635458	0.9175556397898955	-0.01169653977365026
142	0.9542730870034432	0.9226784521301198	-0.03159463487332337
143	0.9249595936273378	0.8961638684566415	-0.028795725170696285
144	0.9484748159814856	0.9253961621291504	-0.023078653852335207
145	0.933603779398172	0.9248057238711445	-0.008798055527027504
146	0.9123141441097979	0.88798268068188	-0.02433146342791792
147	0.8899147727272727	0.8585182178932179	-0.03139655483405479
148	0.9269084573962623	0.9129078238834336	-0.014000633512828653
149	0.9219128655285691	0.9028084441811621	-0.019104421347406975
150	0.9319202061253221	0.9130873641990066	-0.018832841926315513
151	0.9166666666666666	0.8915606713619959	-0.025105995304670725
152	0.9306518723994452	0.9136068326155193	-0.017045039783925908
153	0.9365506023764232	0.9026272985416149	-0.03392330383480824
154	0.9296596479500892	0.9087288324420677	-0.02093081550802145
155	0.9440127044195161	0.923931161868721	-0.020081542550795084
156	0.9235065781675951	0.9020830864051202	-0.021423491762474822
157	0.9429549604382228	0.916676810712112	-0.026278149726110756
158	0.9129961163209245	0.8911149000663067	-0.021881216254617808
159	0.9231109269236082	0.9007045171985081	-0.022406409725100107
160	0.9493408429782757	0.9196117265994099	-0.029729116378865772
161	0.9169065293137404	0.8887163561076604	-0.02819017320607997
162	0.9522180047542367	0.9229545280269918	-0.02926347672724483
163	0.918560553633218	0.8820899653979238	-0.036470588235294144
164	0.9443198804185351	0.9194863432531594	-0.02483353716537573
165	0.8956027127543207	0.8831327936994093	-0.01246991905491135
166	0.918079862524307	0.8977750644417312	-0.020304798082575792
167	0.8906862104988248	0.8578773831287543	-0.032808827370070515
168	0.9112978350784365	0.8803517531765845	-0.030946081901851996
169	0.9523651368760064	0.9223631239935588	-0.030002012882447637
170	0.9297679227941177	0.8908892463235294	-0.03887867647058829
171	0.9292165157138037	0.9016946513378143	-0.027521864375989358
172	0.9442545858161	0.9211794602173151	-0.023075125598784885
173	0.9449086438033792	0.9166953118802719	-0.028213331923107376
174	0.9175224327018943	0.8898180458624128	-0.02770438683948151
175	0.93951087967268	0.9145279275928336	-0.024982952079846354
176	0.9103968253968254	0.8858503401360545	-0.024546485260770967
177	0.9414206519720962	0.919325747327657	-0.022094904644439195
178	0.9182860863467895	0.8847165180807373	-0.033569568266052285
179	0.911405913934359	0.8922619731722133	-0.01914394076214565
180	0.9530267712085894	0.9363424454333545	-0.01668432577523482
181	0.9510442363973461	0.9282441812359223	-0.022800055161423805
182	0.9136363636363637	0.8926168464304057	-0.02101951720595796
183	0.9523266423357665	0.9366129359286294	-0.015713706407137096
184	0.948974358974359	0.9294230769230769	-0.019551282051282093
185	0.9587102438798969	0.9379498376829677	-0.020760406196929204
186	0.9190884326622816	0.8937877881868315	-0.025300644475450107
187	0.9557363107648414	0.9380692417425656	-0.017667069022275883
188	0.9345291072563799	0.9098719462355827	-0.02465716102079729
189	0.9398587429549833	0.9159591924092174	-0.02389955054576587
190	0.9476629273504273	0.9214476495726496	-0.026215277777777768
191	0.9156808537996657	0.894946637520895	-0.0207342162787707
192	0.9298009977523162	0.9134504687243024	-0.016350529028013816
193	0.9328094302554027	0.9075013395249152	-0.025308090730487565
194	0.9418058773320327	0.9181654676258992	-0.02364040970613346
195	0.9527239329047228	0.9211944699569778	-0.031529462947744946
196	0.9451766428702179	0.9209022311713141	-0.024274411698903764
197	0.9628274268104776	0.951934600239685	-0.010892826570792602
198	0.9249182313749242	0.9075227135069655	-0.017395517867958787
199	0.9035137559808613	0.8772727272727273	-0.02624102870813394
200	0.939114093340712	0.9191454528684745	-0.019968640472237564
201	0.9181286549707602	0.9031039136302295	-0.015024741340530778
202	0.9566327250162187	0.942162863509435	-0.014469861506783643
203	0.8937175247992443	0.8685344827586207	-0.025183042040623604
204	0.9188709840883754	0.9041924259315564	-0.014678558156819066
205	0.9478921309426525	0.9373768206508677	-0.010515310291784763
206	0.9522119591638308	0.9254091719332361	-0.026802787230594705
207	0.8851182039798174	0.8555360281195079	-0.029582175860309534
208	0.9697784810126582	0.9562571921749137	-0.013521288837744505
209	0.9075144508670521	0.8783053772592408	-0.02920907360781122
210	0.933996249506514	0.9119004145282273	-0.02209583497828671
211	0.9413661489865754	0.9316486794770553	-0.009717469509520127
212	0.9509328968903437	0.9237424986361157	-0.027190398254227977
213	0.944115567229013	0.939529245378321	-0.004586321850691966
214	0.9217624704350368	0.8920380557548699	-0.029724414680166844
215	0.9487617924528302	0.9216194968553459	-0.027142295597484267
216	0.916291992927507	0.8846173276079818	-0.03167466531952512
217	0.9206651884700665	0.8976053215077605	-0.023059866962305997
218	0.9299190049531114	0.9021422513919103	-0.02777675356120113
219	0.9332772638071208	0.8941547518923465	-0.03912251191477434
220	0.931630291005291	0.8889715608465608	-0.04265873015873023
221	0.947816750178955	0.9255833929849678	-0.022233357193987113
222	0.9159279778393352	0.8944752231455833	-0.021452754693751963
223	0.9419106745737583	0.9243977020014826	-0.017512972572275687
224	0.9439936514234699	0.9221902589028866	-0.021803392520583276
225	0.9247444014178294	0.9020632286352368	-0.02268117278259263
226	0.9420731707317073	0.9229425779357131	-0.01913059279599416
227	0.9166123990622558	0.9038703655465833	-0.01274203351567249
228	0.9195581567353764	0.8984950316750812	-0.021063125060295285
229	0.950330658105939	0.9348057784911717	-0.015524879614767229
230	0.95339277618256	0.9277769381895119	-0.02561583799304812
231	0.9339805064151141	0.9013039274608691	-0.03267657895424503
232	0.9425855708136913	0.9192073170731707	-0.023378253740520605
233	0.9476956710821707	0.9229892217821084	-0.024706449300062272
234	0.9290411612375631	0.908307210031348	-0.02073395120621513
235	0.945074865470532	0.9078348249332705	-0.03724004053726149
236	0.9279180387852177	0.9045528200303173	-0.023365218754900385
237	0.9290390460603226	0.9098472449536279	-0.019191801106694717
238	0.9331034482758621	0.9099898580121704	-0.023113590263691752
239	0.9218169390418194	0.9041570869322065	-0.01765985210961285
240	0.9623868965061753	0.9474825528917068	-0.014904343614468463
241	0.8869606289614822	0.855558264261336	-0.031402364700146235
242	0.9253358387973772	0.8966096273788582	-0.028726211418519054
243	0.9534434434434435	0.9388788788788789	-0.014564564564564564
244	0.9383601645421766	0.9243943933776853	-0.01396577116449138
245	0.9247405300036879	0.9104367525420157	-0.014303777461672218
246	0.9291166715442396	0.9076431567651937	-0.02147351477904591
247	0.9291508608112051	0.9074263203968486	-0.021724540414356563
248	0.9141341624046232	0.8868293956402559	-0.027304766764367328
249	0.9255222148541115	0.9106432360742706	-0.014878978779840901
250	0.9040768567557581	0.8742209631728045	-0.029855893582953597
251	0.9232470878136201	0.893285170250896	-0.02996191756272404
252	0.9124724254034599	0.8939393939393939	-0.01853303146406593
253	0.9333127248201439	0.903425696942446	-0.029887027877697925
254	0.9279837293149672	0.9035661458814829	-0.024417583433484324
255	0.948125	0.9240833333333334	-0.024041666666666628
256	0.9328634258585035	0.9054748104350527	-0.027388615423450724
257	0.9226556101556102	0.8953982391482391	-0.027257371007371023
258	0.9228879253711733	0.8909867297332807	-0.03190119563789251
259	0.9522382224538998	0.9321952173063139	-0.020043005147585835
260	0.9263109499118797	0.9081121810426298	-0.01819876886924987
261	0.9372015607519987	0.9047450135065077	-0.03245654724549096
262	0.9404958951271186	0.9171246027542372	-0.02337129237288138
263	0.9159762550006453	0.8894567040908504	-0.026519550909794853
264	0.9214405576352136	0.8900606686459275	-0.03137988898928612
265	0.9384888161483906	0.9165302782324058	-0.021958537915984788
266	0.9521884141683281	0.9282453557919842	-0.023943058376343918
267	0.9076527769178379	0.8885517924586713	-0.019100984459166526
268	0.9489457831325301	0.9348142570281125	-0.014131526104417591
269	0.9453499256648863	0.919387698915258	-0.025962226749628337
270	0.9176357240483072	0.896282852725684	-0.0213528713226232
271	0.9425023963575365	0.9208303378864127	-0.021672058471123856
272	0.9295054307708531	0.897724876094063	-0.031780554676790085
273	0.9380625476735317	0.918230358504958	-0.019832189168573655
274	0.9416318574213312	0.9284182678919521	-0.01321358952937901
275	0.9660933607238078	0.9550461121552516	-0.011047248568556212
276	0.9211611246282779	0.896154366044877	-0.025006758583400956
277	0.9481340771376359	0.9231268635183226	-0.02500721361931324
278	0.9245371349179982	0.9117913558247003	-0.012745779093297882
279	0.9146653462078073	0.892118511182636	-0.022546835025171297
280	0.93174532125186	0.9069573317525799	-0.024787989499280183
281	0.908320084790673	0.8847906730259671	-0.02352941176470591
282	0.9283604788936637	0.8969883459776823	-0.0313721329159814
283	0.942562223513115	0.9266187050359712	-0.015943518477143814
284	0.9383307770961146	0.9145449897750512	-0.0237857873210634
285	0.9574239713774597	0.9350029815146095	-0.022420989862850238
286	0.9220054741139357	0.8968848580441641	-0.025120616069771673
287	0.9212521204410518	0.89971639100933	-0.021535729431721773
288	0.9383654771367611	0.9165585909718446	-0.02180688616491655
289	0.9317434740573638	0.914582661940058	-0.0171608121173058
290	0.8847173925856073	0.8463635292037485	-0.038353863381858866
291	0.9239819930427665	0.8995805197462656	-0.024401473296500886
292	0.9103602590064752	0.892284807120178	-0.018075451886297222
293	0.932062714926852	0.9047152765635018	-0.027347438363350185
294	0.965631171670248	0.9388515569687861	-0.02677961470146195
295	0.9062962962962963	0.8811253561253561	-0.025170940170940126
296	0.8856649795876316	0.8545377274659043	-0.03112725212172729
297	0.9124409377613999	0.8808129676938032	-0.031627970067596656
298	0.9075279409867596	0.8772824824965697	-0.03024545849018989
299	0.9074476085074987	0.8784744391946537	-0.028973169312844993
300	0.9096228718870228	0.8782915198009538	-0.031331352086069075
301	0.9353813559322034	0.9056668378702277	-0.02971451806197567
302	0.9619908641035402	0.9452797868290826	-0.01671107727445753
303	0.9317690645260883	0.923490331949733	-0.008278732576355363
304	0.9309767130172558	0.8956944211760764	-0.03528229184117937
305	0.9431436522406679	0.914331638038576	-0.028812014202091896
306	0.9469139615859823	0.9272717061664607	-0.01964225541952158
307	0.9011391607991299	0.8672162115747897	-0.03392294922434025
308	0.9126435331230284	0.8967318611987382	-0.015911671924290216
309	0.9303488600480457	0.9163279798147672	-0.014020880233278521
310	0.9307632314974182	0.9167383820998278	-0.014024849397590411
311	0.949140121164745	0.9287570842290405	-0.020383036935704535
312	0.9515081161229905	0.9304861869829874	-0.021021929140003115
313	0.9167214311792625	0.892917123037605	-0.02380430814165757
314	0.9339099501272975	0.9201513619084156	-0.013758588218881873
315	0.9150579710144927	0.8837391304347826	-0.03131884057971013
316	0.9355751572989734	0.9075172351506758	-0.02805792214829761
317	0.9291715993416684	0.910778737042705	-0.01839286229896342
318	0.9335266225725589	0.9182899942617258	-0.015236628310833167
319	0.948461734045258	0.9266971777269261	-0.021764556318331962
320	0.9120978089222266	0.8763570864587445	-0.03574072246348203
321	0.9065288678636706	0.8871895495108053	-0.019339318352865287
322	0.9261007194244605	0.9098935251798561	-0.016207194244604373
323	0.9216750032063614	0.8884827497755547	-0.03319225343080667
324	0.9262145156570091	0.902893620134621	-0.02332089552238803
325	0.9362790411043322	0.9180583800661449	-0.018220661038187314
326	0.947443080053302	0.9303348569299766	-0.017108223123325383
327	0.9421160737697754	0.9253343239227341	-0.016781749847041283
328	0.9418788853419101	0.9191008808775172	-0.02277800446439293
329	0.9597177662229106	0.9426313136900591	-0.01708645253285146
330	0.9035628217767554	0.8639911271771278	-0.039571694599627616
331	0.9229222826335267	0.9019813892569409	-0.02094089337658578
332	0.9466088957775586	0.9219036212484149	-0.024705274529143728
333	0.9300122523384036	0.8974539043122255	-0.032558348026178074
334	0.9328782152870901	0.9110691210532732	-0.02180909423381694
335	0.9437577128753599	0.9255244755244755	-0.018233237350884446
336	0.9443622898650167	0.9231151439151061	-0.021247145949910617
337	0.9229198570699336	0.8970077055835096	-0.025912151486424007
338	0.9392148164578019	0.9182876788288787	-0.020927137628923176
339	0.952463768115942	0.9236503623188406	-0.028813405797101455
340	0.9245412844036697	0.8877948885976409	-0.036746395806028787
341	0.9307803100906549	0.9023129712784885	-0.028467338812166343
342	0.9240537240537241	0.9093117408906882	-0.014741983163035877
343	0.9166119716461013	0.8821541086899448	-0.03445786295615649
344	0.9489225619414806	0.9226665471173675	-0.026256014824113105
345	0.9336487980105002	0.9121995026250346	-0.021449295385465583
346	0.9264458812748193	0.9047703899806537	-0.021675491294165572
347	0.9042766917293233	0.8707368421052631	-0.0335398496240602
348	0.9308386111042658	0.902683654106804	-0.028154956997461844
349	0.9196039603960396	0.9104158415841584	-0.009188118811881196
350	0.9421249720545495	0.9280963559132573	-0.014028616141292138
351	0.9348814312049606	0.8979910340204458	-0.03689039718451481
352	0.9317983753832912	0.9039539512614987	-0.027844424121792555
353	0.9304784243385879	0.8955020523610776	-0.034976371977510246
354	0.9202099444428934	0.9038219939138447	-0.016387950529048734
355	0.8921334142481467	0.8524970549387785	-0.03963635930936826
356	0.9246782138884475	0.8933735897028444	-0.03130462418560309
357	0.9454572504320161	0.9129902381524587	-0.032467012279557395
358	0.9281571369806664	0.8870320855614974	-0.041125051419169
359	0.9354623323604037	0.9098418512371468	-0.025620481123256877
360	0.9348995656296165	0.9141512138116552	-0.020748351817961308
361	0.9502357836338419	0.9262690707350901	-0.02396671289875174
362	0.8895570531651402	0.8645124128794425	-0.02504464028569775
363	0.9361023299379464	0.9100515162158997	-0.02605081372204665
364	0.9074327059299737	0.8885726573568103	-0.018860048573163368
365	0.8770979020979021	0.8492507492507493	-0.02784715284715278
366	0.9367108099784416	0.9264320911610717	-0.010278718817369858
367	0.9369212962962963	0.9169434380032206	-0.019977858293075634
368	0.9314205614109798	0.910021647326023	-0.021398914084956866
369	0.9699025533489577	0.9508518015980703	-0.01905075175088744
370	0.9236396639210132	0.9081833308122825	-0.015456333108730624
371	0.93151154323896	0.9018824688396796	-0.02962907439928042
372	0.9270095957212522	0.8956181287469631	-0.03139146697428907
373	0.9352338398057699	0.9102483728670595	-0.0249854669387104
374	0.9386109226594301	0.9202001356852103	-0.018410786974219828
375	0.9467882128471486	0.9119496855345912	-0.03483852731255743
376	0.9149649812346701	0.8887821744141375	-0.026182806820532534
377	0.9184505506380721	0.8976628582094685	-0.020787692428603677
378	0.9229481717308863	0.9041738845451566	-0.01877428718572971
379	0.9429639804639804	0.9226953601953602	-0.020268620268620197
380	0.9549860656730885	0.9433539319035502	-0.011632133769538311
381	0.942195415615984	0.9286330902564801	-0.013562325359503857
382	0.9023095062372869	0.8594045326085	-0.04290497362878687
383	0.9417360837181242	0.915852611550688	-0.02588347216743625
384	0.9564718434241553	0.9364157185507948	-0.020056124873360504
385	0.9346458612702669	0.9146531756674388	-0.019992685602828186
386	0.9505642871979506	0.932089362782432	-0.018474924415518568
387	0.9262963195184651	0.889418354337785	-0.036877965180680095
388	0.9301705756929638	0.9012970859985785	-0.0288734896943853
389	0.9454008325500202	0.9247482207600376	-0.020652611789982567
390	0.9323930687646268	0.902317880794702	-0.03007518796992481
391	0.9338714368819081	0.9079261198371146	-0.025945317044793526
392	0.9300684307384445	0.9103789597813076	-0.019689470957136912
393	0.9307486631016043	0.9116042780748663	-0.019144385026737987
394	0.9263845181024087	0.9108702685215141	-0.015514249580894646
395	0.8898508898508899	0.8569710712567855	-0.03287981859410438
396	0.9412501921280696	0.9179583584577732	-0.023291833670296413
397	0.9072528254872297	0.8859838035062739	-0.021269021980955816
398	0.9101492209787141	0.8986723721746763	-0.011476848804037765
399	0.9537101767701988	0.9248310529644795	-0.02887912380571922
400	0.9199304347826087	0.8900591304347826	-0.029871304347826144
401	0.9219983187783123	0.8953322747863447	-0.026666043991967592
402	0.9270366385751001	0.9070886378578686	-0.019948000717231462
403	0.9031939687975646	0.885238299086758	-0.017955669710806643
404	0.9268462287330211	0.8985559315747995	-0.028290297158221622
405	0.9349248606687898	0.92101662022293	-0.01390824044585981
406	0.9400482712726334	0.9046493380081644	-0.03539893326446897
407	0.9247133265571987	0.894163457546562	-0.03054986901063672
408	0.9094137076796036	0.8806668042939719	-0.028746903385631684
409	0.8850932967626647	0.8360657440884345	-0.0490275526742302
410	0.942176493085113	0.9021182624572831	-0.04005823062782987
411	0.9004697986577181	0.8707114093959731	-0.02975838926174501
412	0.9461388708630759	0.9369165876304099	-0.009222283232666051
413	0.9490684074527403	0.920889432884537	-0.028178974568203397
414	0.9279668647577886	0.8866716189447146	-0.04129524581307398
415	0.9328305247484797	0.914337002351697	-0.018493522396782702
416	0.9422608870562205	0.9125616011264206	-0.029699285929799868
417	0.9180280112044817	0.8890196078431373	-0.02900840336134447
418	0.9399110132562727	0.924345978013241	-0.015565035243031655
419	0.9624623013744352	0.94756165885873	-0.01490064251570522
420	0.9098319098319099	0.8963671463671463	-0.013464763464763552
421	0.9252774764249353	0.894750897104231	-0.03052657932070435
422	0.9182381086405854	0.9036126412287403	-0.014625467411845117
423	0.9530149624333755	0.939294047134876	-0.013720915298499503
424	0.9568135922111035	0.9341937521858324	-0.022619840025271065
425	0.9246432142532497	0.8876335917513992	-0.03700962250185047
426	0.9425682637815559	0.9275888717156106	-0.01497939206594534
427	0.9424248866213152	0.9218631897203325	-0.02056169690098264
428	0.9361294357360447	0.9147451027860155	-0.021384332950029172
429	0.9608279869265222	0.9385546544001937	-0.02227333252632846
430	0.9173273350787271	0.8939980579421561	-0.02332927713657096
431	0.909272030651341	0.8874817136886103	-0.021790316962730705
432	0.9485833333333333	0.9255	-0.023083333333333345
433	0.901199165797706	0.856084769674293	-0.04511439612341295
434	0.9364960019095357	0.9214345387277718	-0.015061463181763934
435	0.9344883149265493	0.8954047728261765	-0.03908354210037279
436	0.9195459579180509	0.8994739756367663	-0.020071982281284595
437	0.9360454943132108	0.9076261300670749	-0.028419364246135892
438	0.9373177485358621	0.9191477370187948	-0.01817001151706732
439	0.9343611460332164	0.9143783497651029	-0.0199827962681135
440	0.9400742115027829	0.903726035868893	-0.03634817563388992
441	0.9230412483631601	0.9023079441292012	-0.020733304233958916
442	0.9357798165137615	0.9048090184085866	-0.03097079810517489
443	0.9375127957649674	0.904156064461408	-0.03335673130355943
444	0.9035498489425982	0.873429003021148	-0.030120845921450146
445	0.9193191489361702	0.8864026186579378	-0.03291653027823238
446	0.9409238435563715	0.9218273612431565	-0.019096482313215035
447	0.9439158860265418	0.9130196135831382	-0.03089627244340354
448	0.9475634815793337	0.9302191888057145	-0.017344292773619152
449	0.8901326699834162	0.857326271866474	-0.03280639811694219
450	0.9569137687969925	0.9341811560150376	-0.02273261278195493
451	0.9251484816553309	0.8978949133058722	-0.02725356834945869
452	0.9136496124031008	0.8904062015503876	-0.023243410852713198
453	0.9071146245059288	0.8817293256120354	-0.025385298893893404
454	0.9465040207169143	0.9266730271228022	-0.019830993594112112
455	0.9290585413238706	0.8967745772456039	-0.032283964078266614
456	0.9626853511487697	0.9406876323936777	-0.021997718755092044
457	0.8983962829736211	0.8686900479616307	-0.029706235011990323
458	0.9316829268292683	0.9124146341463415	-0.019268292682926846
459	0.92854140395124	0.9094931528063538	-0.019048251144886175
460	0.9098959428211058	0.879808702964053	-0.03008723985705275
461	0.9424179104477612	0.9226268656716418	-0.019791044776119482
462	0.9171661555617507	0.9023789610630982	-0.014787194498652512
463	0.9408237317688085	0.9189345208642586	-0.02188921090454987
464	0.9474087003222341	0.914500537056928	-0.0329081632653061
465	0.936895494220335	0.9111464968152866	-0.025748997405048435
466	0.9255198191251617	0.9034201549982357	-0.02209966412692599
467	0.9039706649482955	0.8802970327411089	-0.023673632207186546
468	0.9371486486486487	0.9078648648648648	-0.029283783783783823
469	0.9298067650999987	0.8992373295262426	-0.030569435573756132
470	0.9020816101461263	0.8733388475323959	-0.028742762613730433
471	0.9326639537626799	0.9066554611936778	-0.026008492569002062
472	0.922556799920888	0.8997255803604539	-0.0228312195604341
473	0.95091044221479	0.9304719435154217	-0.020438498699368313
474	0.8909915193071093	0.8601136773727897	-0.03087784193431964
475	0.9460433290140717	0.9316079019754939	-0.014435427038577808
476	0.9057180384150227	0.8852490994447118	-0.02046893897031099
477	0.9400423432814968	0.9213102773807349	-0.01873206590076193
478	0.9549283043674761	0.9334401577714779	-0.02148814659599818
479	0.9043883402357439	0.8816369332059042	-0.022751407029839688
480	0.9182132788177603	0.8942959073235259	-0.02391737149423434
481	0.9130040567572115	0.8818773251575032	-0.031126731599708357
482	0.9589773735836877	0.9382067153082748	-0.020770658275412912
483	0.9222881355932203	0.8870217917675545	-0.03526634382566585
484	0.9116103399224996	0.8654861758310034	-0.04612416409149622
485	0.8937548383019732	0.8695040839218289	-0.024250754380144346
486	0.9314130778396518	0.8944143180215451	-0.03699875981810663
487	0.9244971595270997	0.888505041199652	-0.03599211832744764
488	0.9394974590626765	0.9196781479390175	-0.019819311123658978
489	0.9442767295597484	0.9260125786163522	-0.018264150943396174
490	0.9540200138026225	0.9352139406487232	-0.01880607315389926
491	0.9170685080035381	0.8961109367420892	-0.020957571261448926
492	0.9073549945280954	0.8929519352931558	-0.014403059234939675
493	0.9238837835329063	0.8881927039821776	-0.0356910795507287
494	0.9314585540254238	0.9067962129237288	-0.024662341101694962
495	0.9209999068120399	0.8952450843351039	-0.025754822476936057
496	0.9172178130511464	0.8905668234371938	-0.026650989613952514
497	0.9395632045088567	0.9175976247987118	-0.0219655797101449
498	0.9311644021003627	0.9145888594164456	-0.016575542683917033
499	0.9511514831706306	0.9260990288090661	-0.025052454361564447
500	0.9308378563853016	0.8973610331274565	-0.03347682325784507
501	0.930577861276931	0.9033514135935274	-0.027226447683403543
502	0.930609085739559	0.8961900549693561	-0.03441903077020292
503	0.9319193577814268	0.9138660828316001	-0.01805327494982667
504	0.9285316532225988	0.903250441506372	-0.02528121171622677
505	0.9263572510046333	0.9036121261796615	-0.02274512482497182
506	0.9413987200246742	0.9177525895083147	-0.023646130516359443
507	0.9126050420168067	0.8972226178607036	-0.015382424156103136
508	0.9209142923528216	0.8938311405419535	-0.027083151810868178
509	0.9238686360779385	0.8976469201759899	-0.02622171590194855
510	0.9397567343819653	0.9106221741068585	-0.029134560275106747
511	0.9450290966443683	0.9167754391689781	-0.028253657475390215
512	0.915040158433271	0.8927934866321927	-0.02224667180107831
513	0.9131993417959567	0.8940555947343677	-0.019143747061589056
514	0.9455064468535506	0.9213761840614109	-0.0241302627921397
515	0.9400352733686067	0.9167670133187374	-0.02326826004986926
516	0.9392005278180175	0.9145738012937279	-0.024626726524289655
517	0.9474616021337258	0.9278602961464177	-0.019601305987308026
518	0.9376165030446129	0.9228905182055425	-0.014725984839070394
519	0.9272492365515621	0.9053676297862344	-0.021881606765327688
520	0.9120398180725994	0.8851797820303784	-0.02686003604222098
521	0.9603787558188743	0.9389547185780787	-0.021424037240795668
522	0.9178085879660789	0.8894333019248889	-0.028375286041189995
523	0.9249815941411245	0.9084873613102388	-0.01649423283088569
524	0.9440866312904228	0.9234144826561889	-0.020672148634233944
525	0.9295013087202094	0.897736143637783	-0.03176516508242644
526	0.9299936528832365	0.9166764615999435	-0.013317191283293006
527	0.9573147310642199	0.9445649076288302	-0.012749823435389773
528	0.9398665746491833	0.9046353807223373	-0.03523119392684604
529	0.9062442382152296	0.8688156843463831	-0.03742855386884647
530	0.9256877228731534	0.910443199184921	-0.01524452368823237
531	0.920446047008547	0.9033787393162394	-0.017067307692307687
532	0.9106954396489474	0.8785757929234017	-0.03211964672554568
533	0.9381251832784856	0.9080620811747201	-0.030063102103765504
534	0.9312990196078431	0.8976348039215686	-0.033664215686274535
535	0.9323947750362844	0.9141799709724238	-0.018214804063860668
536	0.9364707108609548	0.9116244527829893	-0.024846258077965477
537	0.9404556272071242	0.9139221556886228	-0.026533471518501384
538	0.8821150185806218	0.855705610441403	-0.02640940813921877
539	0.9551689970274139	0.9437850930309369	-0.01138390399647693
540	0.9306810554035214	0.9118474725047762	-0.01883358289874526
541	0.9298334080382489	0.9133609741520992	-0.016472433886149718
542	0.9415382654280661	0.9145301869054637	-0.02700807852260234
543	0.9447574334898279	0.9254303599374022	-0.01932707355242569
544	0.9354482323232324	0.908234126984127	-0.0272141053391054
545	0.9336749969179832	0.906192212183653	-0.02748278473433019
546	0.925834421033004	0.9071764870408353	-0.01865793399216864
547	0.9480806581502945	0.9276950528194035	-0.020385605330891066
548	0.9157938415750916	0.8894087683150184	-0.026385073260073222
549	0.930307428420636	0.9018604037471962	-0.028447024673439736
550	0.9395322152396963	0.9015063576565397	-0.038025857583156575
551	0.9609521437653197	0.9344221467800921	-0.026529996985227622
552	0.9353347135955832	0.9148723257418909	-0.020462387853692254
553	0.9257775256761487	0.8960402611665601	-0.02973726450958858
554	0.9385890981982187	0.9243525204437256	-0.014236577754493052
555	0.8954681032383736	0.8746043340637936	-0.020863769174579994
556	0.9416872759607636	0.9157056714924834	-0.02598160446828024
557	0.9179980206418775	0.8865757104481833	-0.031422310193694236
558	0.9143482686970952	0.8871271388528637	-0.02722112984423153
559	0.9181759707505331	0.8877247029351027	-0.030451267815430394
560	0.9280147463053391	0.9049898134074961	-0.02302493289784302
561	0.9052609427609427	0.8904671717171717	-0.014793771043770998
562	0.9248820948551632	0.9075471936678932	-0.01733490118726999
563	0.914030918489845	0.8775632702060416	-0.03646764828380333
564	0.9455079994530289	0.9054765486120607	-0.04003145084096815
565	0.9233141553931478	0.9079070129062354	-0.015407142486912329
566	0.9544575725026853	0.935499462943072	-0.0189581095596133
567	0.9392934675350306	0.9202420893362279	-0.01905137819880276
568	0.8754047640897232	0.8327980178030651	-0.04260674628665817
569	0.9386215538847118	0.9155889724310777	-0.02303258145363407
570	0.939164877117633	0.9165926986399427	-0.02257217847769022
571	0.9447712230215828	0.9172143884892087	-0.02755683453237412
572	0.944710051852909	0.9280481423338566	-0.016661909519052442
573	0.9191284127120833	0.8901137809931196	-0.02901463171896379
574	0.9201978585287566	0.9000047907634081	-0.02019306776534846
575	0.9186251336173801	0.8956655274687222	-0.022959606148657885
576	0.9331490700810869	0.9090727451339516	-0.024076324947135297
577	0.9236728748954105	0.888236387864514	-0.035436487030896524
578	0.9069726026113283	0.8801844613783989	-0.026788141232929386
579	0.9316648917287895	0.9068641688449995	-0.024800722883789983
580	0.9243520307035816	0.9000113623451881	-0.024340668358393547
581	0.8960612154804533	0.8678733179640621	-0.02818789751639117
582	0.9320993620722985	0.9045621496230427	-0.027537212449255777
583	0.9307617909768447	0.9134664618535586	-0.01729532912328613
584	0.8981600342319213	0.8668227239547938	-0.031337310277127495
585	0.9365061683700465	0.9141626518885702	-0.022343516481476366
586	0.9187134502923977	0.8768448900027848	-0.041868560289612944
587	0.9309606171570827	0.8992632904430389	-0.031697326714043794
588	0.9032817384481034	0.8785642868894992	-0.024717451558604275
589	0.9407649305363369	0.9247357059832845	-0.016029224553052446
590	0.9420574026712134	0.9228758169934641	-0.019181585677749302
591	0.9040446950387477	0.8829329831878685	-0.021111711850879233
592	0.9125631904137802	0.8855679052271451	-0.026995285186635076
593	0.91402312075389	0.8892450142450142	-0.024778106508875797
594	0.9235510881308844	0.9046438493594691	-0.018907238771415313
595	0.952435699893327	0.9303543913713406	-0.02208130852198642
596	0.9357968923186315	0.9089026915113871	-0.02689420080724436
597	0.9244444444444444	0.9020857699805068	-0.022358674463937578
598	0.9387108250590251	0.9176558103431547	-0.021055014715870457
599	0.9615180467091295	0.9420700636942675	-0.019447983014862058
600	0.9244871794871795	0.9006643356643357	-0.02382284382284383
601	0.9275895567698846	0.9065573770491804	-0.021032179720704258
602	0.9543708221349321	0.9300530631934395	-0.024317758941492573
603	0.930979450603771	0.8901631240731587	-0.04081632653061229
604	0.9325965130759651	0.907835201328352	-0.02476131174761309
605	0.9383576445164776	0.9227768773635873	-0.015580767152890362
606	0.936183395291202	0.9153993466261124	-0.02078404866508954
607	0.9420660358160358	0.925277269027269	-0.01678876678876673
608	0.9469284923830379	0.9273268818723365	-0.019601610510701417
609	0.9120724637681159	0.8887101449275362	-0.02336231884057971
610	0.8941323692992214	0.8686318131256953	-0.02550055617352609
611	0.9015769270671231	0.8719784209980288	-0.02959850606909431
612	0.9173234811165846	0.891256157635468	-0.026067323481116622
613	0.8755513932434816	0.8470214585284417	-0.02852993471503995
614	0.9110035419126328	0.8811688311688312	-0.029834710743801618
615	0.9526857395094767	0.9376776009049025	-0.015008138604574173
616	0.9473245588826944	0.9207138341283981	-0.026610724754296267
617	0.950137122911992	0.9283147814099462	-0.021822341502045872
618	0.9085070984915705	0.87952528837622	-0.028981810115350504
619	0.9408789002162496	0.9160101946246525	-0.02486870559159715
620	0.9328731097961868	0.9119526627218935	-0.020920447074293302
621	0.9742888888888889	0.9563888888888888	-0.017900000000000027
622	0.9489769523267545	0.9337282392198453	-0.015248713106909229
623	0.9359349593495935	0.9209515206263174	-0.014983438723276121
624	0.8917663437224763	0.8499588033071	-0.041807540415376265
625	0.9142949858179895	0.8858949088986107	-0.028400076919378847
626	0.9268761552680221	0.889271719038817	-0.037604436229205174
627	0.9180060373664028	0.8656977354048415	-0.05230830196156133
628	0.9181519403362407	0.894450764757932	-0.023701175578308753
629	0.9213930946086678	0.8861451574140832	-0.03524793719458463
630	0.8992402234636871	0.8696871508379889	-0.029553072625698285
631	0.8900719026548672	0.880772953539823	-0.009298949115044253
632	0.9379985351887609	0.910779679073174	-0.02721885611558683
633	0.9340825776577272	0.9134285163032992	-0.020654061354427933
634	0.9446643052462761	0.923273067115875	-0.021391238130401113
635	0.9465935293527921	0.9057330679002621	-0.04086046145252997
636	0.9379048380647741	0.9011595361855258	-0.03674530187924829
637	0.9179661301140174	0.8979851330203443	-0.01998099709367307
638	0.9143437296946069	0.8938434048083171	-0.020500324886289722
639	0.941394779771615	0.9144066068515497	-0.02698817292006528
640	0.923528823558822	0.8953802309884505	-0.0281485925703715
641	0.945992492824023	0.9324354162066681	-0.013557076617354835
642	0.9607543323139653	0.9405110136063467	-0.02024331870761864
643	0.9569184873212249	0.9379912006919114	-0.018927286629313422
644	0.9620822930670252	0.9345592471672748	-0.02752304589975041
645	0.9184818113736675	0.8953616214407495	-0.02312018993291798
646	0.9565085833013939	0.9332096100699978	-0.02329897323139607
647	0.9284387212505606	0.897430969312576	-0.03100775193798455
648	0.9523783211309113	0.9320071833126122	-0.020371137818299023
649	0.9306593207841173	0.9083155946964954	-0.022343726087621918
650	0.9488420137001196	0.9318038490812222	-0.0170381646188974
651	0.9126752893124574	0.8928931245745405	-0.01978216473791694
652	0.9414301225376144	0.9244299674267101	-0.017000155110904247
653	0.9518309011107414	0.9321354439004294	-0.019695457210312073
654	0.9421464108031272	0.9218550106609809	-0.020291400142146365
655	0.9610480285157829	0.9408983451536643	-0.02014968336211853
656	0.9210837112622827	0.892077664399093	-0.02900604686318975
657	0.9180619186450091	0.9120644176037762	-0.005997501041232867
658	0.9067137809187279	0.8824499411071849	-0.02426383981154301
659	0.9362002712477396	0.9139070976491862	-0.02229317359855343
660	0.955014985014985	0.9267032967032967	-0.0283116883116884
661	0.89597752144336	0.8665187814256137	-0.029458740017746288
662	0.9627021387584768	0.9526343244653104	-0.010067814293166388
663	0.9105619299794057	0.8872380765584649	-0.023323853420940788
664	0.9637754845205134	0.9541807198590486	-0.009594764661464805
665	0.9311132232937686	0.9016946402077152	-0.029418583086053385
666	0.9345083487940631	0.9090754483611626	-0.025432900432900474
667	0.892124698748348	0.86194511389256	-0.030179584855787978
668	0.9123742530822176	0.8789551975392683	-0.03341905554294933
669	0.9438123903266668	0.9251722815539621	-0.01864010877270461
670	0.9357160312805474	0.9132209188660801	-0.022495112414467222
671	0.9371328064882559	0.9138034224572803	-0.02332938403097562
672	0.9224839558385994	0.8961862843935184	-0.026297671445080995
673	0.9154387865655471	0.8838028169014085	-0.03163596966413862
674	0.9375887810922718	0.9289146794813673	-0.008674101610904539
675	0.9195764049781642	0.8857154573226991	-0.0338609476554651
676	0.9091713121783876	0.8791407590051458	-0.03003055317324188
677	0.9477657935285054	0.9283898305084746	-0.019375963020030862
678	0.9194586812553988	0.8889144831557731	-0.030544198099625608
679	0.9454870238614796	0.9387579039248125	-0.006729119936667138
680	0.949926793557833	0.9333528550512445	-0.016573938506588504
681	0.9162363740676994	0.8836935041754319	-0.03254286989226751
682	0.945603184758655	0.9301627923508922	-0.015440392407762848
683	0.9374055356130738	0.9258336482146231	-0.01157188739845072
684	0.9065268965517241	0.8704	-0.036126896551724186
685	0.9180176719170188	0.8926842654080457	-0.02533340650897309
686	0.920606020480226	0.8992540607344632	-0.02135195974576276
687	0.9278183292781833	0.9021046893489157	-0.025713639929267562
688	0.9130333382432366	0.8857711003093239	-0.027262237933912692
689	0.9642776010904135	0.9368696047251249	-0.027407996365288567
690	0.9154919845218352	0.9075159914712153	-0.007975993050619912
691	0.9479254403632769	0.9255013976880165	-0.022424042675260325
692	0.9449360067105014	0.9290662120843142	-0.015869794626187206
693	0.9507631512644044	0.9299173860577369	-0.020845765206667477
694	0.9590391557900583	0.9427936684254373	-0.016245487364620947
695	0.9228260219043629	0.8870219642109043	-0.035804057693458624
696	0.9119097486671744	0.8934120335110434	-0.018497715156131078
697	0.9197440444067535	0.8874566340297587	-0.032287410376994785
698	0.91753546188161	0.8900180442083103	-0.027517417673299627
699	0.9281612270376315	0.9075917008501279	-0.02056952618750363
700	0.9420727907266608	0.9325221238938053	-0.009550666832855548
701	0.9623119006562543	0.9414581498343857	-0.020853750821868577
702	0.9317873303167421	0.9048642533936652	-0.02692307692307694
703	0.9139807723643474	0.9004236597686166	-0.01355711259573078
704	0.9495526628222524	0.9230410447761194	-0.026511618046133
705	0.9420099431818182	0.9156841856060606	-0.026325757575757613
706	0.9492704642923737	0.9281535521163528	-0.021116912176020963
707	0.9535267964431627	0.9315519105984138	-0.021974885844748937
708	0.9027760792466675	0.8879377114671232	-0.014838367779544281
709	0.9627753336592159	0.9419484809432817	-0.020826852715934208
710	0.9062770478884884	0.8771073131031275	-0.02916973478536089
711	0.9321145124716553	0.9092059442824749	-0.02290856818918041
712	0.9379699248120301	0.9251666903106823	-0.012803234501347793
713	0.9214678610718214	0.8972811566870973	-0.024186704384724145
714	0.9102147039687704	0.8765600047317679	-0.03365469923700248
715	0.9214109825166216	0.8961093326766806	-0.025301649839940987
716	0.9543744384546271	0.9251460017969452	-0.029228436657681933
717	0.9378632212536322	0.9091038812785388	-0.02875933997509339
718	0.946061326989162	0.9330293417922284	-0.013031985196933604
719	0.9568970396784966	0.9390105847059489	-0.017886454972547705
720	0.945930035095664	0.9202875580210574	-0.02564247707460654
721	0.924797953369382	0.9061922204779348	-0.01860573289144718
722	0.9327438309224294	0.9124945380953476	-0.020249292827081766
723	0.9440386680988184	0.9188686000716076	-0.02517006802721078
724	0.9514133773177113	0.9350329882834717	-0.01638038903423955
725	0.9223886328725038	0.900857654889913	-0.02153097798259085
726	0.9292231624018759	0.8987791823835254	-0.03044398001835047
727	0.9415123917587339	0.9209092266348163	-0.020603165123917577
728	0.9418219461697722	0.9296384774645644	-0.012183468705207812
729	0.9166128800917958	0.8842154331612163	-0.03239744693057944
730	0.9168167138243448	0.8871931178370345	-0.029623595987310347
731	0.9217652301562336	0.8840175107476146	-0.037747719408618985
732	0.9172622635552111	0.8879847297568817	-0.029277533798329425
733	0.9313289359308687	0.9058265582655827	-0.02550237766528607
734	0.9411757740808715	0.9156947486827305	-0.02548102539814101
735	0.9049310344827586	0.8778620689655172	-0.02706896551724136
736	0.9220807726075505	0.8895961369622476	-0.032484635645302906
737	0.9094157650695518	0.8846367851622875	-0.024778979907264298
738	0.9153932701868229	0.8896200743105342	-0.02577319587628868
739	0.9453352033660589	0.9104291725105189	-0.034906030855540005
740	0.9238890376121002	0.9041794940436354	-0.01970954356846477
741	0.9444212775938909	0.9289921551252313	-0.015429122468659684
742	0.9430683155940144	0.9150939961406361	-0.02797431945337825
743	0.9276769301470589	0.8992608762254902	-0.02841605392156865
744	0.9542811839323467	0.9364068806457813	-0.017874303286565474
745	0.8875084707476847	0.8616946515071656	-0.025813819240519065
746	0.9407492018861846	0.9050171338195238	-0.03573206806666085
747	0.9383372295818027	0.9196259601469442	-0.018711269434858457
748	0.9473519451321893	0.9319132587723042	-0.015438686359885101
749	0.9305606523955148	0.9053482840638803	-0.025212368331634427
750	0.9322745020183972	0.915068493150685	-0.017206008867712286
751	0.934488116601742	0.914813761106491	-0.019674355495250984
752	0.9532155130093275	0.9329528718703977	-0.020262641138929838
753	0.9234899328859061	0.908562832677621	-0.014927100208285138
754	0.9395957740009186	0.902745878630123	-0.03684989537079564
755	0.9340957549912774	0.9157228698806524	-0.01837288511062496
756	0.9557238037552999	0.9257662023016354	-0.02995760145366444
757	0.9562506957586553	0.9288959954661836	-0.027354700292471668
758	0.9461932449920711	0.923719082077174	-0.022474162914897122
759	0.9342506429120603	0.9136376892282404	-0.02061295368381988
760	0.9209912894123421	0.8996288798920378	-0.021362409520304326
761	0.9275599516117555	0.896520315946773	-0.03103963566498258
762	0.9253947729320952	0.8946749735511932	-0.03071979938090197
763	0.9718469992691048	0.9604098427221787	-0.01143715654692612
764	0.9326693280284116	0.9045381113232487	-0.028131216705162942
765	0.9283014690766481	0.907569935322675	-0.020731533753973075
766	0.9175050578730783	0.90030140794671	-0.01720364992636836
767	0.9510980998432069	0.9239279409668542	-0.027170158876352768
768	0.9238638782460622	0.890764687100894	-0.03309919114516824
769	0.9345182543772896	0.9093897563761474	-0.025128498001142252
770	0.9439580255496655	0.9223190232032675	-0.02163900234639793
771	0.9215227079923052	0.8963951584959315	-0.025127549496373636
772	0.9799889441680486	0.969172655242307	-0.010816288925741602
773	0.9002234736748012	0.8788057566818629	-0.021417716992938263
774	0.9359327568174282	0.9082804010101783	-0.027652355807249895
775	0.9157689811810512	0.8933160285528877	-0.02245295262816349
776	0.936730252208424	0.9118806810907695	-0.024849571117654512
777	0.9457923284289844	0.927571535288577	-0.018220793140407365
778	0.9552487148285196	0.929061017706807	-0.02618769712171254
779	0.9025639562258336	0.8777804728408978	-0.024783483384935856
780	0.9579711212612347	0.9354648592898188	-0.02250626197141592
781	0.9499046742488988	0.9202550785615673	-0.029649595687331498
782	0.9130325814536341	0.8872180451127819	-0.02581453634085218
783	0.9176331181928197	0.892749092375958	-0.024884025816861666
784	0.9220821661998133	0.9012605042016807	-0.020821661998132623
785	0.936743973735494	0.9053003037272424	-0.031443670008251656
786	0.9557196489396087	0.9339151189677034	-0.021804529971905295
787	0.9366150409081303	0.9239803157926516	-0.012634725115478695
788	0.9077405367397164	0.8807570608226883	-0.0269834759170281
789	0.9301685910307899	0.9118557563587684	-0.018312834672021494
790	0.9287136135670337	0.9020603898454062	-0.026653223721627595
791	0.9362494060503669	0.9091653027823241	-0.02708410326804278
792	0.9181623931623931	0.8940972222222222	-0.02406517094017091
793	0.9270372337286835	0.9092759780492122	-0.01776125567947129
794	0.9383427577207482	0.9123065929286025	-0.026036164792145655
795	0.9225823540743595	0.8976473704488538	-0.024934983625505724
796	0.9296581196581196	0.8953235653235653	-0.034334554334554346
797	0.939047619047619	0.9058823529411765	-0.03316526610644255
798	0.9569372852233677	0.9293026918671249	-0.027634593356242854
799	0.9244296436204583	0.9000546746856205	-0.024374968934837815
800	0.9211507623990663	0.892666356709776	-0.028484405689290337
801	0.9488139658848614	0.9192430703624733	-0.02957089552238812
802	0.9385353265473693	0.9276395532211608	-0.010895773326208502
803	0.8929343165837764	0.8687703652889728	-0.024163951294803643
804	0.9261988993710691	0.9089131289308177	-0.01728577044025148
805	0.9270957214370661	0.9066294216887463	-0.020466299748319816
806	0.9424284865461336	0.9270541549953315	-0.015374331550802145
807	0.9274796422373515	0.8987117874783073	-0.028767854759044198
808	0.9164874274661509	0.878715667311412	-0.03777176015473882
809	0.90919452887538	0.8736828774062817	-0.03551165146909829
810	0.9442363095983693	0.9258457929558058	-0.018390516642563526
811	0.9344035823170732	0.9123475609756098	-0.02205602134146345
812	0.94060687723748	0.911557616348961	-0.029049260888519002
813	0.946323363799092	0.9201370366418911	-0.026186327157200928
814	0.9168569867313054	0.8870970001821468	-0.02975998654915868
815	0.9509631121742415	0.9377439254689663	-0.01321918670527511
816	0.950519678833555	0.9266046007585833	-0.02391507807497173
817	0.947794683559292	0.9241134331892724	-0.023681250370019558
818	0.9467051467051467	0.9386844636844637	-0.00802068302068304
819	0.9105810397553517	0.8882446483180428	-0.02233639143730881
820	0.93349533437014	0.9162908242612753	-0.0172045101088647
821	0.9423235508125152	0.9216104778074218	-0.020713073005093396
822	0.9271915202803779	0.8960871051844254	-0.03110441509595252
823	0.9175529995814873	0.8966273649574993	-0.020925634623988
824	0.9448645578158839	0.9131726251760334	-0.031691932639850484
825	0.9441116170088133	0.9249673829113082	-0.019144234097505097
826	0.9175582680329516	0.8800733373518184	-0.03748493068113323
827	0.9563345633456335	0.9468173431734317	-0.009517220172201801
828	0.905447306296466	0.8640639864698214	-0.04138331982664456
829	0.9381468582920488	0.9079192622749791	-0.030227596017069702
830	0.8987328562909959	0.8572301729278473	-0.04150268336314855
831	0.9099981854472873	0.8893122845218654	-0.020685900925421885
832	0.9201984869437891	0.8894492800780932	-0.030749206865695933
833	0.9294890231042086	0.8912696130124949	-0.0382194100917137
834	0.9232223163657695	0.8993352017206544	-0.02388711464511506
835	0.922975217448315	0.8983237903754535	-0.024651427072861498
836	0.9405166631975762	0.9146025578759915	-0.02591410532158467
837	0.9548098035724882	0.9363094178387039	-0.01850038573378432
838	0.9291088034335611	0.8980908216373548	-0.031017981796206295
839	0.9289406339473484	0.919071629462589	-0.009869004484759358
840	0.9690636068476978	0.9496753246753247	-0.019388282172373095
841	0.9157136075266497	0.8755772301583876	-0.04013637736826203
842	0.9260574083724162	0.9001433038040646	-0.025914104568351637
843	0.9327620054364241	0.9090279875163596	-0.023734017920064465
844	0.9227560360088892	0.9068514821650533	-0.015904553843835934
845	0.934407110253162	0.904124188132151	-0.030282922121011024
846	0.8958863393175603	0.8702413506122935	-0.02564498870526688
847	0.9447100362454693	0.9181196100487439	-0.02659042619672547
848	0.9295814479638009	0.8891849249821386	-0.0403965229816623
849	0.9137609680564317	0.8798675230830991	-0.033893444973332576
850	0.9309735806769875	0.9055165105543308	-0.025457070122656744
851	0.9147951333669498	0.8884061906054846	-0.026388942761465195
852	0.9108280927971252	0.8942662368546214	-0.01656185594250381
853	0.9131912127524413	0.8918583521694811	-0.021332860582960245
854	0.9461095328282828	0.9157512626262626	-0.0303582702020202
855	0.9340958028875005	0.9112570157788838	-0.022838787108616643
856	0.9016618947839856	0.8871703002287304	-0.014491594555255172
857	0.9167458769806661	0.8956285705886388	-0.021117306392027357
858	0.9608197358197358	0.9392482517482518	-0.021571484071484015
859	0.9020438908126096	0.8632346989252148	-0.038809191887394845
860	0.9337525867397672	0.9116074068101804	-0.022145179929586867
861	0.9051611348299132	0.8782708993251618	-0.026890235504751447
862	0.9088339695934633	0.8902417788493738	-0.018592190744089465
863	0.942077694007933	0.9100281587791806	-0.03204953522875231
864	0.9545043882292205	0.9467281879194631	-0.007776200309757342
865	0.9224449804039795	0.892636418450407	-0.02980856195357251
866	0.9201740411463419	0.9080288469774055	-0.012145194168936446
867	0.9293625889846384	0.9062968340202323	-0.023065754964406104
868	0.9245475288540351	0.897521100551605	-0.027026428302430183
869	0.9344750254841998	0.9036765205572544	-0.030798504926945358
870	0.9525133689839572	0.9200935828877005	-0.03241978609625673
871	0.9475473530840214	0.9279383195726081	-0.0196090335114133
872	0.9398737378847049	0.9105744521559661	-0.029299285728738744
873	0.9248871518220853	0.9125564240889574	-0.012330727733127822
874	0.948937908496732	0.9230540701128936	-0.025883838383838342
875	0.8956112043371628	0.8572350587324126	-0.03837614560475022
876	0.9360764627222308	0.9194379288423176	-0.01663853387991321
877	0.9122253521126761	0.8853458528951487	-0.026879499217527414
878	0.9254048132552806	0.9121050289274588	-0.013299784327821751
879	0.9337699971261615	0.9115576204617301	-0.022212376664431432
880	0.9167924025916393	0.8859501198189402	-0.03084228277269907
881	0.9382286516511017	0.9230421778673015	-0.015186473783800225
882	0.9491437281448938	0.9224961893660898	-0.026647538778803992
883	0.9272986272986273	0.8991841491841492	-0.028114478114478092
884	0.9051602623031194	0.8674388674388674	-0.03772139486425197
885	0.9463003308319212	0.9188251432260147	-0.027475187605906504
886	0.9146395689474786	0.8849523958987235	-0.02968717304875501
887	0.9266242203742203	0.9014942827442828	-0.025129937629937538
888	0.8888786581342173	0.8491321762349799	-0.03974648189923735
889	0.9445828416590184	0.9231786198155675	-0.02140422184345092
890	0.9226559869148987	0.8991196420839948	-0.023536344830903944
891	0.8874711800461119	0.8592145252567596	-0.028256654789352353
892	0.9149967943113598	0.8904004196537856	-0.02459637465757425
893	0.9513816721776098	0.9286372224846481	-0.022744449692961743
894	0.9514745220852091	0.9234113003196973	-0.028063221765511792
895	0.9427320102006874	0.9193147799090808	-0.023417230291606583
896	0.9367838541666667	0.90869140625	-0.028092447916666652
897	0.9197755894328189	0.8983287567465202	-0.021446832686298656
898	0.9189783868092691	0.8959447415329769	-0.02303364527629226
899	0.9150890945987268	0.8908764907013593	-0.024212603897367457
900	0.9238175160207507	0.9048367409215746	-0.01898077509917606
901	0.9480296217931764	0.9198845102706515	-0.028145111522524857
902	0.9258683304728762	0.9088573026995761	-0.017011027773300103
903	0.941759125261296	0.9256150506512301	-0.01614407461006595
904	0.9352815105674014	0.9146629538663705	-0.020618556701030855
905	0.9353558696547895	0.9015155586607191	-0.033840310994070366
906	0.9485225885225885	0.9272649572649573	-0.02125763125763125
907	0.9166138237159163	0.8827767209187628	-0.03383710279715346
908	0.9345783774808393	0.8979349279453276	-0.036643449535511685
909	0.9313027003949195	0.9109296616501228	-0.02037303874479668
910	0.9611965017287968	0.9356277421041928	-0.02556875962460403
911	0.9051310396893874	0.8513130931837791	-0.05381794650560823
912	0.9437691025284801	0.9300731684727239	-0.013695934055756198
913	0.896560582274868	0.8744255744255744	-0.022135007849293564
914	0.9192173418851993	0.8906064788503694	-0.02861086303482996
915	0.9431140905885649	0.9201723288544574	-0.022941761734107446
916	0.9518766953817517	0.927519947336761	-0.02435674804499066
917	0.9629047434549178	0.9395583107322744	-0.023346432722643473
918	0.9555777855949344	0.9312615425204468	-0.024316243074487653
919	0.9180692283264529	0.8882302435811487	-0.02983898474530422
920	0.9050091013281197	0.8796409550134353	-0.025368146314684425
921	0.92573402417962	0.9007129887958903	-0.025021035383729684
922	0.9570242869875223	0.9295900178253119	-0.027434269162210367
923	0.9216920334567393	0.8975044563279857	-0.024187577128753635
924	0.9079735014765743	0.883270811716817	-0.024702689759757313
925	0.9164678433491953	0.887507744223139	-0.028960099126056238
926	0.9202354738686919	0.8889288335655118	-0.03130664030318009
927	0.9340490797546013	0.9059049079754601	-0.02814417177914119
928	0.9227345879725425	0.8945052057673991	-0.028229382205143372
929	0.9205736074270557	0.8982924403183024	-0.022281167108753386
930	0.9614542599610466	0.9369045641900563	-0.02454969577099031
931	0.9424672837535908	0.9132354505798489	-0.029231833173741895
932	0.9124449688526878	0.8820335198365876	-0.030411449016100156
933	0.9147332936744001	0.8930608531336389	-0.02167244054076123
934	0.9531650771607125	0.9351254835829779	-0.01803959357773466
935	0.9114739050616313	0.882690794649882	-0.028783110411749302
936	0.9509951371133504	0.932044919035444	-0.018950218077906422
937	0.9613693153423288	0.9374687656171914	-0.023900549725137443
938	0.9304510691431247	0.9017220748140056	-0.02872899432911913
939	0.896098061866256	0.8630150173276858	-0.03308304453857014
940	0.9357422969187675	0.8970868347338936	-0.03865546218487392
941	0.916899194970974	0.8826614067160589	-0.03423778825491519
942	0.9122049645722866	0.8932945427244147	-0.01891042184787195
943	0.9295822102425876	0.9127246181491464	-0.016857592093441176
944	0.9206629184580899	0.9050331336738568	-0.015629784784233047
945	0.9419500856373868	0.9080132126253976	-0.03393687301198922
946	0.9239565311418685	0.9092371323529411	-0.014719398788927363
947	0.9174305144884684	0.9009739059727971	-0.01645660851567121
948	0.9140657511444028	0.8930642252739631	-0.021001525870439686
949	0.899314648687803	0.8674012369755391	-0.03191341171226392
950	0.9287179487179488	0.9054700854700855	-0.02324786324786332
951	0.935686070440192	0.9109208316578754	-0.024765238782316623
952	0.9402221149203284	0.9235997102848865	-0.016622404635441845
953	0.928303511037324	0.9023058476295887	-0.02599766340773535
954	0.9295505569467231	0.9029444780243502	-0.026606078922372878
955	0.9304042005151575	0.913909253021597	-0.016494947493560508
956	0.9236218047428395	0.9012763918831058	-0.022345412859733682
957	0.9224494485294118	0.9038143382352941	-0.018635110294117685
958	0.9387516200510054	0.915955934612651	-0.02279568543835442
959	0.9044196909809558	0.8793601362771323	-0.025059554703823483
960	0.9385692492099815	0.9211343576332135	-0.01743489157676803
961	0.9293396868618108	0.9122702518720218	-0.017069434989788967
962	0.9539670816627981	0.9345853555602448	-0.019381726102553287
963	0.9204095282193754	0.8970777383341051	-0.023331789885270293
964	0.9507276507276508	0.9222453222453223	-0.028482328482328456
965	0.934020439117786	0.917186761817142	-0.016833677300644
966	0.951957163958641	0.9278064992614475	-0.024150664697193513
967	0.9463771593090211	0.9203005038387716	-0.02607665547024951
968	0.9401999547372765	0.9094745530306055	-0.03072540170667093
969	0.9250254594163142	0.9046762754938209	-0.020349183922493297
970	0.9553026604832805	0.9238568871532016	-0.03144577333007892
971	0.9426851200250215	0.9157870044569552	-0.026898115568066316
972	0.943852343308865	0.9273009599096556	-0.016551383399209474
973	0.9313626774069812	0.8894562715765247	-0.04190640583045646
974	0.9113432463864429	0.8986542615052334	-0.012688984881209509
975	0.9444954830806921	0.9082529474812433	-0.03624253559944879
976	0.9289327443716159	0.906722000569963	-0.022210743801652888
977	0.9177749678235148	0.8813082845981891	-0.03646668322532565
978	0.9202070978502594	0.8976788361749444	-0.022528261675315076
979	0.9349221431480152	0.90505924101689	-0.029862902131125302
980	0.9234827326328856	0.9028978439804347	-0.020584888652450894
981	0.957736516357206	0.9466999531908254	-0.011036563166380575
982	0.9331644461124664	0.8990846729634495	-0.03407977314901689
983	0.9525296882731321	0.9351496783770411	-0.01738000989609101
984	0.9344056641061332	0.9048306439140074	-0.029575020192125878
985	0.9341547429782724	0.9155184596361067	-0.018636283342165716
986	0.8952533577533578	0.8568833943833943	-0.038369963369963456
987	0.9223219440508057	0.9056185377630819	-0.01670340628772382
988	0.9480017128175849	0.9344133599771625	-0.01358835284042248
989	0.9474555058229567	0.928777497295348	-0.018678008527608703
990	0.9520101958058163	0.9146680570038235	-0.037342138801992775
991	0.9521454887947035	0.9251087287736502	-0.027036760021053263
992	0.914398206090947	0.8881544639132248	-0.026243742177722185
993	0.944053872053872	0.9221683501683502	-0.02188552188552184
994	0.9072983354673495	0.8835040546308152	-0.023794280836534343
995	0.9263533164461957	0.9236326109391125	-0.002720705507083143
996	0.9376115878592409	0.9136237977308069	-0.023987790128433994
997	0.9237487990217487	0.8982818212445254	-0.025466977777223287
998	0.911048730694124	0.8972239481626132	-0.01382478253151076
999	0.9114694280078895	0.8939546351084813	-0.01751479289940827
1000	0.9582308493429945	0.93103104433956	-0.027199805003434552
1001	0.9502666271663457	0.9272947217696144	-0.02297190539673133
1002	0.9471348489567113	0.9182497664279041	-0.02888508252880717
1003	0.9434036435519015	0.9251409573870656	-0.01826268616483595
1004	0.9590794483894206	0.9381624987135947	-0.020916949675825913
1005	0.8978312262308562	0.8715638240769292	-0.026267402153926978
1006	0.91289767331434	0.8902243589743589	-0.0226733143399811
1007	0.9249207035755479	0.905084582852749	-0.019836120722798944
1008	0.9509996278880958	0.9267446974053651	-0.02425493048273064
1009	0.940900631990124	0.9148932249921692	-0.026007406997954785
1010	0.928524261073985	0.9010274967643097	-0.027496764309675292
1011	0.8797023653661517	0.8428471676704198	-0.03685519769573187
1012	0.9190460472025087	0.8954212151934549	-0.023624832009053853
1013	0.9271332248314346	0.9028132992327366	-0.024319925598698
1014	0.9385796545105566	0.9242958532339419	-0.01428380127661466
1015	0.9221169634962738	0.9085891120373879	-0.013527851458885909
1016	0.9088871759735069	0.8762846865364851	-0.03260248943702182
1017	0.9125226770048958	0.8895101766942518	-0.023012500310643946
1018	0.9150141265525881	0.8983954368569753	-0.016618689695612754
1019	0.926105129253555	0.9021398391713235	-0.023965290082231583
1020	0.9361108779391328	0.9109003236427059	-0.025210554296426935
1021	0.9297851985148402	0.9154575066627184	-0.014327691852121793
1022	0.9181998512273741	0.898958591619142	-0.019241259608232086
1023	0.9518939393939394	0.9326486013986014	-0.019245337995338008
1024	0.8931884057971015	0.8605652173913043	-0.03262318840579714
1025	0.9141067125645439	0.8894595524956971	-0.02464716006884682
1026	0.941724697628148	0.9227577360071207	-0.01896696162102729
1027	0.9201906028368795	0.8954787234042553	-0.024711879432624206
1028	0.933441297175505	0.9100245433330652	-0.023416753842439797
1029	0.9317624662134859	0.9102827740411814	-0.0214796921723045
1030	0.9236422938587673	0.8936510064115453	-0.029991287447222015
1031	0.9393573415312546	0.9169228517054604	-0.022434489825794213
1032	0.9369695629336798	0.911702098250076	-0.025267464683603857
1033	0.9265922147385103	0.8953050713153724	-0.031287143423137875
1034	0.9239300463020899	0.9069108997622325	-0.017019146539857366
1035	0.9165685553102771	0.8969830757910228	-0.01958547951925438
1036	0.9374632451216253	0.9119353114140604	-0.025527933707564898
1037	0.9293511768759294	0.9086787799659087	-0.02067239691002065
1038	0.9292777550901348	0.9043958928883963	-0.02488186220173849
1039	0.9364470805800501	0.903182156469182	-0.03326492411086812
1040	0.9074297437747292	0.8886722052507581	-0.018757538523971107
1041	0.930684811237928	0.9065993561603746	-0.02408545507755344
1042	0.9262900514492385	0.9025138811064133	-0.023776170342825198
1043	0.9670082259782764	0.9499632082413539	-0.017045017736922463
1044	0.9366940996702678	0.9146717422191245	-0.022022357451143337
1045	0.9290819996403524	0.8984220463945334	-0.03065995324581905
1046	0.9166573554716306	0.8750027933585108	-0.0416545621131198
1047	0.9361518259971717	0.9102040358241117	-0.025947790173060037
1048	0.9570262405050804	0.9370622472131794	-0.019963993291901017
1049	0.9460405578130068	0.9213643907743375	-0.02467616703866926
1050	0.9083060556464811	0.8905482815057283	-0.017757774140752858
1051	0.9347652761831866	0.8982491389207807	-0.03651613726240588
1052	0.9387379679144385	0.907065953654189	-0.03167201426024957
1053	0.9355478120344418	0.907305002146302	-0.028242809888139764
1054	0.9440742984050071	0.9279897705094555	-0.016084527895551592
1055	0.9726182074805928	0.939795983832681	-0.032822223647911763
1056	0.9506038647342995	0.9238647342995169	-0.0267391304347826
1057	0.9228104628644682	0.8979352480702616	-0.024875214794206624
1058	0.8989583863902613	0.8658635970050426	-0.033094789385218704
1059	0.9082809224318659	0.8738509917755201	-0.03442993065634581
1060	0.9425417534958171	0.9192111382924104	-0.023330615203406735
1061	0.9546687874251497	0.9377713323353294	-0.016897455089820324
1062	0.9393670511682934	0.9152913339248743	-0.02407571724341917
1063	0.9050305594734368	0.8703338034790785	-0.034696755994358286
1064	0.9226608029354629	0.8896233541981438	-0.033037448737319175
1065	0.9329851942663145	0.9004267257638627	-0.03255846850245181
1066	0.906412422037422	0.8786382536382537	-0.027774168399168353
1067	0.9219475215050437	0.883176557955319	-0.038770963549724646
1068	0.9006847183317771	0.8682539682539683	-0.03243075007780882
1069	0.9407107895296871	0.9166950414981911	-0.024015748031495976
1070	0.9484558144059141	0.9282914255143232	-0.02016438889159089
1071	0.885482180293501	0.8570254431103488	-0.028456737183152225
1072	0.9241171015364563	0.9065217936185678	-0.017595307917888547
1073	0.9311436054124836	0.9019942164993453	-0.02914938891313834
1074	0.9432620596635989	0.9171691526499524	-0.026092907013646527
1075	0.9557083333333334	0.9258888888888889	-0.02981944444444451
1076	0.9374426356214676	0.9059224192068016	-0.03152021641466596
1077	0.9142229163051652	0.8726068598530857	-0.04161605645207944
1078	0.8990304002332872	0.8627736871521956	-0.036256713081091574
1079	0.9222068965517242	0.9048620689655172	-0.017344827586206923
1080	0.9538175910884196	0.9239244549061212	-0.029893136182298385
1081	0.93140589569161	0.9095638255302121	-0.021842070161397942
1082	0.963083963083963	0.9454949454949455	-0.01758901758901754
1083	0.928409090909091	0.8927797202797203	-0.03562937062937066
1084	0.9208232445520581	0.9079903147699758	-0.01283292978208228
1085	0.9464569572386284	0.9263647403809129	-0.02009221685771556
1086	0.9380888290713324	0.9156278269311388	-0.022461002140193642
1087	0.9424347158218126	0.918010752688172	-0.02442396313364059
1088	0.9561818181818181	0.938	-0.018181818181818188
1089	0.9348303571428571	0.910625	-0.024205357142857098
1090	0.9571697041213234	0.9388925309208513	-0.018277173200472063
1091	0.9334849738075545	0.9167183622828784	-0.016766611524676067
1092	0.8980779403985187	0.8517772123838073	-0.04630072801471141
1093	0.9363212495628861	0.9266348059214361	-0.009686443641449993
1094	0.9499229406758217	0.9250109263220849	-0.0249120143537368
1095	0.934918054991196	0.9028714614655289	-0.03204659352566708
1096	0.9740939254721797	0.9567806704100732	-0.01731325506210646
1097	0.9190169028673666	0.9073167286595414	-0.011700174207825209
1098	0.8894677793658844	0.8601134215500945	-0.029354357815789878
1099	0.9194953397870013	0.9026825654022463	-0.016812774384754925
1100	0.9390646598064813	0.9167306609327804	-0.02233399887370091
1101	0.9576011378002528	0.9335809102402023	-0.02402022756005051
1102	0.9405916260780196	0.9214665534653023	-0.019125072612717342
1103	0.9199263085172878	0.8884922854229036	-0.031434023094384256
1104	0.9110756830964085	0.877522400838463	-0.033553282257945516
1105	0.9409596919192563	0.9088254421647263	-0.03213424975453005
1106	0.9594173132511791	0.9436584005274101	-0.015758912723768947
1107	0.895422335600907	0.8555697278911565	-0.03985260770975052
1108	0.8693983505564388	0.8554128577106518	-0.013985492845786984
1109	0.9654659346218513	0.951449954619173	-0.01401598000267823
1110	0.8987264129901414	0.8827006289869296	-0.016025784003211863
1111	0.932347428965339	0.9125934383145559	-0.019753990650783093
1112	0.9251259395490165	0.9022269310730849	-0.022899008475931515
1113	0.9148498331479421	0.888959955506118	-0.025889877641824155
1114	0.9079842615871934	0.8795045524921521	-0.028479709095041272
1115	0.9235622958985996	0.8941827641556429	-0.02937953174295671
1116	0.9230491538150523	0.8954542829087968	-0.027594870906255453
1117	0.905016259600083	0.86903757005466	-0.03597868954542305
1118	0.9300844988344988	0.9140734265734266	-0.016011072261072234
1119	0.9440649384056935	0.9106144186888463	-0.033450519716847205
1120	0.9384420813545323	0.9092762750361346	-0.029165806318397713
1121	0.9407230800282571	0.9091987082450298	-0.03152437178322731
1122	0.9126884092222047	0.8873614831153825	-0.02532692610682219
1123	0.9550475729721013	0.9355077138096006	-0.019539859162500672
1124	0.9450990196997635	0.9230448687897824	-0.022054150909981085
1125	0.9403253671177656	0.9108119781169018	-0.029513389000863754
1126	0.926418173229699	0.9061064113024434	-0.02031176192725559
1127	0.9296635793018984	0.9019442743417024	-0.027719304960195923
1128	0.9215301159745605	0.8865974560419004	-0.03493265993266004
1129	0.9390844120819849	0.916408216468896	-0.022676195613088868
1130	0.9120307434905365	0.8776403848164802	-0.034390358674056265
1131	0.9219170055835114	0.9018921899772524	-0.020024815606259017
1132	0.933423015775957	0.9189678366148955	-0.014455179161061538
1133	0.9191487630208334	0.8983018663194444	-0.02084689670138895
1134	0.9518269230769231	0.9398197115384616	-0.012007211538461515
1135	0.9360457756285288	0.9124110691951287	-0.023634706433400043
1136	0.9033644859813084	0.8626847918436703	-0.040679694137638056
1137	0.9007434888626266	0.8677427558454381	-0.03300073301718842
1138	0.9170205537625276	0.901760942189004	-0.015259611573523513
1139	0.9347195747308508	0.9106907938894407	-0.024028780841410025
1140	0.9027422581216924	0.8840554022231788	-0.0186868558985136
1141	0.9176292056885189	0.8840704127644814	-0.03355879292403752
1142	0.93908272986614	0.9094689488698705	-0.029613780996269545
1143	0.9300071322051482	0.8960319004084808	-0.03397523179666739
1144	0.924000842874201	0.9055699936784435	-0.018430849195757548
1145	0.947716814159292	0.9359646017699115	-0.011752212389380512
1146	0.9478410326563541	0.9314427023045354	-0.016398330351818702
1147	0.9405629033288607	0.9170500287521565	-0.023512874576704257
1148	0.9282000679059502	0.9109477124183006	-0.017252355487649584
1149	0.9334731749142577	0.898655683488486	-0.03481749142577173
1150	0.9094074006506735	0.8728754294749004	-0.036531971175773115
1151	0.9189225363894931	0.8869332441023925	-0.03198929228710057
1152	0.9416118657209316	0.9230465496941677	-0.018565316026763923
1153	0.9279873852612233	0.906632136255887	-0.021355249005336252
1154	0.9095697329376855	0.8809099901088032	-0.028659742828882284
1155	0.9584829475809359	0.9402696661619439	-0.018213281418992033
1156	0.9592876216019104	0.9365258613591182	-0.022761760242792195
1157	0.9533845061188811	0.930506993006993	-0.022877513111888126
1158	0.9187446064404778	0.8876095744197665	-0.03113503202071133
1159	0.9381061422413793	0.9155711206896552	-0.022535021551724155
1160	0.9324082997902375	0.9179375248029934	-0.01447077498724414
1161	0.9256352282515073	0.9077627045650302	-0.017872523686477182
1162	0.907249322493225	0.885179539295393	-0.022069783197832038
1163	0.9074111586989235	0.873104525986804	-0.034306632712119534
1164	0.94146418098031	0.9202136573104315	-0.021250523669878563
1165	0.9405185207318653	0.9116343462714515	-0.028884174460413803
1166	0.9408606448174793	0.9255795363709033	-0.015281108446576042
1167	0.9070198675496689	0.8844370860927152	-0.022582781456953693
1168	0.9500408000133225	0.9308398141517761	-0.019200985861546394
1169	0.9198831931072369	0.9019140139358719	-0.01796917917136498
1170	0.9444709571857104	0.916030360876284	-0.028440596309426414
1171	0.908390170980099	0.8827314771559376	-0.025658693824161416
1172	0.9300886252105764	0.9065773090163334	-0.02351131619424307
1173	0.9363999027696356	0.921229106195576	-0.01517079657405962
1174	0.908259587020649	0.8866764995083579	-0.0215830875122911
1175	0.926596279537456	0.9027526395173454	-0.023843640020110635
1176	0.9212431416378785	0.8921967079861817	-0.02904643365169679
1177	0.9433656957928802	0.9167708032939216	-0.026594892498958633
1178	0.9191019244476123	0.8952672843905916	-0.02383464005702074
1179	0.9411985018726592	0.9036329588014981	-0.03756554307116111
1180	0.9119724025974026	0.8902462121212121	-0.02172619047619051
1181	0.939209726443769	0.9147161271714774	-0.024493599272291555
1182	0.9517942399507161	0.9327095846809385	-0.01908465526977765
1183	0.9277163958641064	0.8951137370753324	-0.032602658788774
1184	0.9197377908882334	0.8967944936086529	-0.022943297279580444
1185	0.9552860159324311	0.9403493617429696	-0.014936654189461551
1186	0.9226813098506663	0.8884617960222326	-0.03421951382843369
1187	0.9291217057480805	0.9102510894376427	-0.01887061631043785
1188	0.9535466020305498	0.9345216317570658	-0.019024970273483932
1189	0.9461437908496731	0.9196882855706385	-0.02645550527903462
1190	0.9393319630010277	0.9129290853031861	-0.026402877697841665
1191	0.9355846774193548	0.9179435483870968	-0.017641129032258007
1192	0.951394523326572	0.9223250507099392	-0.02906947261663284
1193	0.9385694036650805	0.9134605649488711	-0.025108838716209392
1194	0.9266280521826926	0.9073783776602811	-0.019249674522411553
1195	0.9443518518518519	0.9164236111111111	-0.02792824074074074
1196	0.9165302514405448	0.8909196568884232	-0.025610594552121557
1197	0.9404525501672241	0.9255983486622074	-0.014854201505016706
1198	0.9537609774723177	0.9262313860252005	-0.027529591447117197
1199	0.9428794381584081	0.914280140460398	-0.028599297698010173
1200	0.9606458983409211	0.9402697495183044	-0.020376148822616624
1201	0.9289940828402367	0.9091178052716514	-0.019876277568585232
1202	0.9241451659811376	0.8916448543769995	-0.03250031160413813
1203	0.9482377538829152	0.9293906810035842	-0.01884707287933096
1204	0.9215821661077136	0.8799237193397778	-0.04165844676793584
1205	0.9385035419126329	0.9166469893742621	-0.02185655253837071
1206	0.8909756398481089	0.854332597639382	-0.03664304220872694
1207	0.9297287257868919	0.9061520140717353	-0.02357671171515663
1208	0.9201295559617245	0.903867863670573	-0.016261692291151486
1209	0.9231965608835454	0.9031699986019852	-0.02002656228156019
1210	0.9286218627639772	0.903299313177996	-0.025322549585981124
1211	0.9181000562113547	0.8977796514896009	-0.020320404721753782
1212	0.9296778890813688	0.8965880846576787	-0.03308980442369014
1213	0.9116030774061862	0.8838776364683101	-0.0277254409378761
1214	0.9394103263425185	0.9207537853851218	-0.018656540957396772
1215	0.9449034680259245	0.9220070977377673	-0.022896370288157164
1216	0.9509619294228423	0.9282351430589142	-0.02272678636392811
1217	0.9200301878354203	0.8909743962432916	-0.029055791592128788
1218	0.9424826601387188	0.9202468380252958	-0.02223582211342301
1219	0.9110551229195297	0.8642540845930676	-0.0468010383264621
1220	0.93992133726647	0.9255653883972468	-0.0143559488692232
1221	0.9167193675889328	0.8885375494071146	-0.028181818181818197
1222	0.9523372031515354	0.9189287006876583	-0.033408502463877054
1223	0.933467716535433	0.9153889763779528	-0.018078740157480233
1224	0.9249770236832803	0.903909508660304	-0.021067515022976324
1225	0.9418008689543929	0.9100085854775347	-0.03179228347685814
1226	0.9558720756098372	0.9319001186950203	-0.023971956914816905
1227	0.9378850596842511	0.9067192914901809	-0.03116576819407013
1228	0.9516970231886384	0.9219690283238385	-0.029727994864799823
1229	0.9325288852084073	0.9191345610368442	-0.013394324171563055
1230	0.9205748960387954	0.8827217106172344	-0.03785318542156102
1231	0.9249416228838295	0.8884997081144191	-0.03644191476941039
1232	0.9480416347599194	0.9274227856717434	-0.020618849088176017
1233	0.9467925237156006	0.9188973419742651	-0.02789518174133554
1234	0.9553500693206576	0.9296519112695584	-0.025698158051099207
1235	0.916451594672494	0.8851609743232297	-0.03129062034926433
1236	0.9195598367783798	0.879406649274199	-0.04015318750418084
1237	0.9328034471715142	0.8960462340233499	-0.03675721314816427
1238	0.9148990544339382	0.8864955642364281	-0.028403490197510095
1239	0.9440796546534129	0.9262499793255157	-0.017829675327897254
1240	0.9683841807909604	0.9493672316384181	-0.019016949152542373
1241	0.9237737464038612	0.9018997123088994	-0.021874034094961803
1242	0.9189135508217886	0.8935895526093649	-0.025323998212423704
1243	0.9378182870370371	0.9208622685185185	-0.01695601851851858
1244	0.9656312726537567	0.9539199122008982	-0.011711360452858477
1245	0.9226949013676183	0.8954559778155922	-0.027238923552026173
1246	0.8999045311008298	0.8680142468972608	-0.031890284203568986
1247	0.9340883460901697	0.895757852052691	-0.03833049403747868
1248	0.9113621988384797	0.8878155367718935	-0.023546662066586177
1249	0.9425278514928913	0.9259387459456687	-0.016589105547222593
1250	0.9253437006986702	0.8871422132071219	-0.03820148749154828
1251	0.95865863123773	0.9458521663699037	-0.012806464867826328
1252	0.9445959635315203	0.9175303254629991	-0.027065638068521247
1253	0.9317436048746904	0.9005480897329292	-0.03119551514176122
1254	0.9246832757471055	0.8935564041947021	-0.031126871552403457
1255	0.9409909414310339	0.9193041649857581	-0.021686776445275835
1256	0.8565898660238283	0.833248342682305	-0.023341523341523285
1257	0.9506469002695418	0.9248517520215633	-0.02579514824797846
1258	0.9316932208684786	0.9130271790065605	-0.018666041861918115
1259	0.9230718545119099	0.9001087207195335	-0.022963133792376356
1260	0.9193530641434702	0.8926724612168555	-0.02668060292661467
1261	0.945889432884537	0.9240106079151367	-0.0218788249694003
1262	0.9249253519124129	0.8997582823830513	-0.02516706952936154
1263	0.914887251196775	0.895014487276392	-0.019872763920383063
1264	0.9377331143105614	0.9212774181080298	-0.016455696202531622
1265	0.934444821023542	0.9145527543864223	-0.019892066637119732
1266	0.9526375205254516	0.9283559113300492	-0.024281609195402343
1267	0.9558173784977909	0.9338120679831869	-0.02200531051460397
1268	0.8864170992861778	0.8481201330304997	-0.03829696625567813
1269	0.9387128899415929	0.9196296395984174	-0.019083250343175484
1270	0.9476312611108849	0.910271546635183	-0.037359714475701966
1271	0.9489462714219546	0.934854099119963	-0.014092172301991668
1272	0.9451985785668577	0.9261099840701458	-0.019088594496711964
1273	0.9333114283280396	0.9099339199006973	-0.02337750842734232
1274	0.8844190476190477	0.8545142857142857	-0.02990476190476199
1275	0.9151240915946798	0.8929110105580694	-0.02221308103661035
1276	0.9291948898225156	0.9143616565206207	-0.0148332333018949
1277	0.9488995598239296	0.9224289715886355	-0.026470588235294135
1278	0.9261150684931507	0.9100712328767123	-0.016043835616438407
1279	0.9439232409381663	0.9163823738450604	-0.02754086709310588
1280	0.9342105263157895	0.9167524257571302	-0.017458100558659262
1281	0.9282138884474813	0.8998490386143334	-0.02836484983314791
1282	0.9104959553320664	0.8960999646827332	-0.014395990649333168
1283	0.9253951093951094	0.8966898326898327	-0.028705276705276672
1284	0.9418485159886357	0.9095690019948014	-0.03227951399383433
1285	0.9497896406648735	0.9278398510242085	-0.021949789640664963
1286	0.943580370795107	0.9216719227828746	-0.021908448012232462
1287	0.9308390022675737	0.9106779463922321	-0.02016105587534156
1288	0.9257121277514027	0.8995063659905049	-0.026205761760897728
1289	0.9252469520334609	0.9091648762379384	-0.016082075795522455
1290	0.904860934272699	0.8617689500042441	-0.04309198426845484
1291	0.9636669530355098	0.9495990836197021	-0.014067869415807621
1292	0.9321568312161655	0.9199228171731789	-0.01223401404298663
1293	0.9624155405405406	0.9431035602910602	-0.01931198024948033
1294	0.9550962727433315	0.9295177530471648	-0.025578519696166757
1295	0.9265901482544238	0.9106767097082735	-0.015913438546150238
1296	0.9481099656357388	0.9316533027873234	-0.016456662848415404
1297	0.9576409181146974	0.933840422921639	-0.02380049519305838
1298	0.9272459499263623	0.915678136296693	-0.011567813629669299
1299	0.9224197477005853	0.8950448976624132	-0.027374850038172083
1300	0.9465847060528477	0.9218032945268344	-0.02478141152601332
1301	0.9449330743120637	0.9136690647482014	-0.03126400956386233
1302	0.9149613287688602	0.8853049321668569	-0.029656396602003254
1303	0.9610405775454319	0.9441747572815534	-0.016865820263878506
1304	0.9487400040319871	0.93203413749076	-0.016705866541227077
1305	0.9359662077053381	0.9152477956825783	-0.020718412022759813
1306	0.9165464165464166	0.8802561960456697	-0.03629022050074682
1307	0.9224995705432297	0.8963093145869947	-0.02619025595623503
1308	0.9459797404241849	0.9201487812598924	-0.025830959164292455
1309	0.9567020199328465	0.9453712092948888	-0.011330810637957711
1310	0.9355074682726005	0.9039672008437957	-0.03154026742880478
1311	0.8989975891384342	0.8746633957901564	-0.0243341933482778
1312	0.9340548703750314	0.9021268562798892	-0.03192801409514223
1313	0.8910843737414418	0.8619361659283126	-0.029148207813129212
1314	0.9463924193004162	0.9324597907996851	-0.01393262850073107
1315	0.952314147446458	0.9371010090609555	-0.015213138385502534
1316	0.9417900679047697	0.9135645913441872	-0.028225476560582496
1317	0.93433837890625	0.9178466796875	-0.016491699218750044
1318	0.9302089215132694	0.9000141163184642	-0.03019480519480522
1319	0.9371619044928744	0.9101001398285335	-0.027061764664340848
1320	0.9158140102183252	0.8951198688151351	-0.020694141403190147
1321	0.9632457432240394	0.9427305376844173	-0.02051520553962216
1322	0.9354960964147654	0.9147491635174497	-0.020746932897315662
1323	0.9181237101582206	0.8930577849117175	-0.025065925246503085
1324	0.9384160005752155	0.9087324888851607	-0.029683511690054787
1325	0.9323388449556674	0.9042774982027318	-0.02806134675293559
1326	0.9029006882989183	0.8736848574237954	-0.029215830875122917
1327	0.9218720061314428	0.895741521364246	-0.026130484767196815
1328	0.9275783799120443	0.8984820541920839	-0.029096325719960348
1329	0.913696131336931	0.869676471333384	-0.044019660003546957
1330	0.9452290345313601	0.9151092318534179	-0.03011980267794223
1331	0.9276650710432338	0.8961477091406428	-0.03151736190259102
1332	0.9082312091503268	0.8668504901960784	-0.04138071895424844
1333	0.8908437826541274	0.862957157784744	-0.027886624869383425
1334	0.9308560363247863	0.9120759882478633	-0.018780048076923017
1335	0.9352125414531203	0.90550195960205	-0.029710581851070228
1336	0.9414367199687987	0.9117955343213728	-0.029641185647425905
1337	0.9333475056689342	0.9005668934240363	-0.03278061224489792
1338	0.9463016889924286	0.9187952408686246	-0.027506448123803984
1339	0.9603549332464996	0.9456319486439968	-0.014722984602502764
1340	0.9180182238127871	0.8853397294347572	-0.03267849437802983
1341	0.9289812853107344	0.9061911487758946	-0.022790136534839855
1342	0.922206822025935	0.8993610223642172	-0.022845799661717736
1343	0.9684791174152876	0.9517701310451507	-0.016708986370136847
1344	0.9499084463144771	0.9221501480442574	-0.027758298270219695
1345	0.923961549350842	0.894570800695671	-0.029390748655170995
1346	0.9158795395005648	0.8814141851130819	-0.03446535438748288
1347	0.9202135727937384	0.8840669841943998	-0.036146588599338614
1348	0.9327425141192768	0.9191738003054737	-0.01356871381380309
1349	0.9542111747596246	0.929938651865212	-0.024272522894412618
1350	0.9478065303547675	0.9237942430849824	-0.024012287269785104
1351	0.9345986000058577	0.9203643499399584	-0.01423425006589929
1352	0.9423418803418804	0.9196923076923077	-0.02264957264957268
1353	0.9386431886431886	0.9149311649311649	-0.023712023712023744
1354	0.9177033863307867	0.8731674581870741	-0.044535928143712655
1355	0.9516116799393249	0.9266970041714069	-0.02491467576791806
1356	0.9107156881444166	0.8956031010535055	-0.015112587090911123
1357	0.9065897320248223	0.8874130985893588	-0.019176633435463497
1358	0.9526470764978067	0.9217354726278468	-0.030911603869959836
1359	0.8938727847231762	0.8453084214864679	-0.04856436323670832
1360	0.9492326230339929	0.9247209538305429	-0.02451166920345005
1361	0.8965067778936392	0.8654848800834203	-0.031021897810218912
1362	0.9264135663100029	0.9142780013743006	-0.012135564935702337
1363	0.9553379106085084	0.9336182911506014	-0.021719619457907013
1364	0.9279379732392905	0.9003604397884037	-0.02757753345088676
1365	0.9096577797417391	0.8901900132567389	-0.01946776648500026
1366	0.9302364233182366	0.900846248666916	-0.029390174651320655
1367	0.8944344577209122	0.869585139755384	-0.02484931796552825
1368	0.9427018472395184	0.9153435035284351	-0.027358343711083366
1369	0.9416357602967012	0.9151585287638382	-0.026477231532862966
1370	0.921886677877429	0.8915475523168909	-0.030339125560538083
1371	0.9089869566060043	0.8812818574723337	-0.027705099133670585
1372	0.9332928203375239	0.8970463493992682	-0.036246470938255726
1373	0.9555161256653794	0.9270848554430644	-0.028431270222314953
1374	0.9190020153875575	0.8887123585918767	-0.030289656795680853
1375	0.9123200992555831	0.8794168734491316	-0.03290322580645155
1376	0.9586191860465116	0.9446220930232558	-0.013997093023255802
1377	0.9313626834381551	0.9084556254367575	-0.022907058001397584
1378	0.9430812069003024	0.9137135895929865	-0.029367617307315852
1379	0.9510249132765689	0.9099232629033953	-0.04110165037317359
1380	0.9451431309138819	0.926865492873398	-0.01827763804048388
1381	0.9361860489410044	0.9076937139275548	-0.02849233501344961
1382	0.9082619418483905	0.8973260643821391	-0.010935877466251354
1383	0.9477320814599313	0.9310477827735167	-0.016684298686414523
1384	0.9336997595328066	0.9073628764456658	-0.026336883087140772
1385	0.952797374897457	0.9318785890073831	-0.0209187858900739
1386	0.9357016417340599	0.8991878102113776	-0.03651383152268228
1387	0.9322792815583102	0.9071085251707564	-0.02517075638755384
1388	0.9512005789092823	0.9288073153082034	-0.02239326360107896
1389	0.9336844139530389	0.9203787805585081	-0.013305633394530836
1390	0.9452154981800864	0.8970133006769399	-0.04820219750314658
1391	0.9531955361030271	0.9397786383739316	-0.01341689772909549
1392	0.9148325988291784	0.8904689863842663	-0.02436361244491214
1393	0.9427172582619339	0.9102174039750539	-0.03249985428687996
1394	0.9478094528710725	0.9314395991332611	-0.016369853737811413
1395	0.9184115423873762	0.8969075008965764	-0.021504041490799763
1396	0.920186679322892	0.88984337921215	-0.030343300110742044
1397	0.9518518518518518	0.9259142790589332	-0.02593757279291864
1398	0.9330682054481181	0.9086218548554793	-0.024446350592638777
1399	0.9387765831602745	0.9156042165032465	-0.023172366657027932
1400	0.890927147620061	0.865063488685536	-0.025863658934525025
1401	0.9213209219858156	0.8840314716312057	-0.037289450354609954
1402	0.953354880413704	0.9195345830639948	-0.03382029734970915
1403	0.8984267748094614	0.8686664667918514	-0.029760308017609982
1404	0.918918918918919	0.8881640260950606	-0.03075489282385835
1405	0.9222763222299508	0.8987943426849061	-0.023481979545044718
1406	0.8895741729866911	0.8427863192374657	-0.04678785374922534
1407	0.9271220304061437	0.904832516467393	-0.02228951393875067
1408	0.9171187910318345	0.8928898798464016	-0.02422891118543291
1409	0.9496124031007752	0.9303112009886529	-0.019301202112122273
1410	0.9142501924101593	0.8829198981706234	-0.031330294239535816
1411	0.9211295034079844	0.8953018500486855	-0.02582765335929893
1412	0.9196710942441493	0.9032559260263245	-0.016415168217824738
1413	0.9309302557953637	0.9076863509192646	-0.023243904876099064
1414	0.9273145400593472	0.8976557863501484	-0.029658753709198793
1415	0.909810012800046	0.8866548733658368	-0.023155139434209215
1416	0.9309697489809053	0.9023635843524279	-0.028606164628477426
1417	0.942016221261157	0.9308821789596835	-0.011134042301473523
1418	0.9509173712193847	0.9282990499433452	-0.022618321276039466
1419	0.9112314413894889	0.8957981057755275	-0.015433335613961319
1420	0.9618735431235431	0.9525641025641025	-0.009309440559440607
1421	0.9364327737121538	0.8933993399339935	-0.04303343377816038
1422	0.9214489214489214	0.9024725274725275	-0.018976393976393946
1423	0.9399746244008539	0.9268941072219761	-0.013080517178877815
1424	0.9490861935233663	0.925659298041497	-0.02342689548186927
1425	0.9319485396587892	0.9114260147574411	-0.020522524901348094
1426	0.935040813333985	0.915452856933379	-0.019587956400606066
1427	0.9434766440687663	0.9252552990646186	-0.018221345004147738
1428	0.897881953437509	0.8770468214912659	-0.02083513194624309
1429	0.968640009232012	0.9516906121977958	-0.016949397034216163
1430	0.9483070600502975	0.9352879838066613	-0.013019076243636185
1431	0.9187158469945356	0.8847046087225487	-0.03401123827198682
1432	0.9421576508416871	0.9158194628333649	-0.026338188008322216
1433	0.9296631336465168	0.9111568376234292	-0.01850629602308751
1434	0.9420289855072463	0.9119677274764679	-0.030061258030778415
1435	0.9493065518890483	0.9347098330318342	-0.014596718857214142
1436	0.9504984436491286	0.9255968297064188	-0.024901613942709844
1437	0.930582774626096	0.9133316142341413	-0.017251160391954623
1438	0.9388103039505581	0.9156743653267269	-0.02313593862383123
1439	0.9475426130355707	0.9317345514528613	-0.01580806158270942
1440	0.912040717187776	0.8736309839251015	-0.038409733262674495
1441	0.9591341991341992	0.9402597402597402	-0.018874458874458933
1442	0.9391356542617046	0.9117647058823529	-0.027370948379351723
1443	0.9541712131732963	0.9310300848838692	-0.02314112828942716
1444	0.9158940817881636	0.8923514097028195	-0.023542672085344107
1445	0.937737421268044	0.9069798789304708	-0.030757542337573218
1446	0.934929435483871	0.8975806451612903	-0.03734879032258065
1447	0.9499331149960791	0.9312053138982426	-0.01872780109783656
1448	0.9408999953464563	0.9221151907177315	-0.018784804628724783
1449	0.9157627267151494	0.898764566722159	-0.01699815999299037
1450	0.9402621722846441	0.9042803638309256	-0.03598180845371857
1451	0.9433224678760394	0.919524754346183	-0.02379771352985638
1452	0.9235101525892107	0.90617866154031	-0.017331491048900638
1453	0.900883851960173	0.8739704522483387	-0.026913399711834263
1454	0.9268672264266978	0.8933945806192503	-0.033472645807447576
1455	0.927081476198966	0.9106000277332066	-0.016481448465759385
1456	0.9088918380889184	0.8904556514045565	-0.018436186684361866
1457	0.9373371510379385	0.9143593414459557	-0.022977809591982812
1458	0.9511722252106868	0.9360207100591716	-0.015151515151515138
1459	0.9367753623188406	0.9091567852437418	-0.02761857707509885
1460	0.9055602378077948	0.8846153846153846	-0.02094485319241024
1461	0.9490075373839704	0.9263711495116453	-0.022636387872325026
1462	0.9435720282415118	0.9262445120356735	-0.017327516205838278
1463	0.9280143121911038	0.8970088550247117	-0.031005457166392025
1464	0.9525292160709716	0.9355540390684979	-0.01697517700247375
1465	0.94361215147732	0.9168227215980025	-0.02678942987931754
1466	0.9345198857393979	0.9152420713396323	-0.019277814399765614
1467	0.9489291598023064	0.938891939715663	-0.010037220086643428
1468	0.9185481397598321	0.885236039351688	-0.03331210040814403
1469	0.9443526170798898	0.9241009604645968	-0.020251656615293046
1470	0.9298252218844413	0.9039426253423561	-0.025882596542085134
1471	0.9612817089452603	0.936656282450675	-0.024625426494585323
1472	0.9419323721426972	0.9130794274197715	-0.028852944722925655
1473	0.9361245022007965	0.9180779710752462	-0.018046531125550214
1474	0.9420383538030597	0.9230634561516915	-0.018974897651368172
1475	0.9126440890000893	0.8958270038423733	-0.01681708515771596
1476	0.9259626459824748	0.8919037135317188	-0.034058932450755974
1477	0.9292335814074945	0.9001827914871393	-0.029050789920355147
1478	0.9598032407407407	0.948287037037037	-0.011516203703703765
1479	0.8958920282272129	0.851404652660388	-0.044487375566824916
1480	0.9705455885967068	0.946559351191939	-0.023986237404767796
1481	0.9353507942381755	0.9047051245151653	-0.030645669723010194
1482	0.9526612409855212	0.936829128121466	-0.01583211286405517
1483	0.9447990699306835	0.920702816530666	-0.02409625340001753
1484	0.9400408282298046	0.9085214348206474	-0.031519393409157215
1485	0.9308119231728611	0.9001517419140268	-0.030660181258834296
1486	0.9512179129921647	0.9315313247877258	-0.019686588204438915
1487	0.939219992427111	0.9188186293070807	-0.02040136312003027
1488	0.9335482218332408	0.9135251675703369	-0.02002305426290396
1489	0.9135208012326657	0.8909723750825446	-0.022548426150121093
1490	0.9407784867040637	0.9175123824205312	-0.023266104283532485
1491	0.9298138342851939	0.9009197705127038	-0.028894063772490153
1492	0.9438653247064462	0.9264418084511542	-0.017423516255292038
1493	0.9203708036027606	0.8900017545911802	-0.03036904901158033
1494	0.9140384455354914	0.8942054311946964	-0.019833014340794985
1495	0.9154882154882155	0.8936728395061728	-0.02181537598204264
1496	0.9114277636415041	0.8740401470172463	-0.037387616624257825
1497	0.895855894881236	0.864901451158761	-0.03095444372247491
1498	0.9222714908521817	0.891766342487362	-0.030505148364819767
1499	0.9399783315276273	0.9226555916696761	-0.017322739857951186
1500	0.9701686856107777	0.9507415374165062	-0.019427148194271493
1501	0.9232714388626707	0.8802687484379365	-0.04300269042473426
1502	0.9254792470208969	0.9036468827355938	-0.021832364285303107
1503	0.9485922176526416	0.9227143309079405	-0.02587788674470104
1504	0.9328394111421149	0.9071811154944033	-0.025658295647711604
1505	0.9568417474077852	0.9359170491245963	-0.02092469828318888
1506	0.8792420327304048	0.8502670111972438	-0.028975021533161005
1507	0.9089488604656354	0.8876202593807897	-0.02132860108484569
1508	0.936895580188628	0.9132028674926844	-0.02369271269594353
1509	0.938725012189176	0.9163334958556801	-0.022391516333495898
1510	0.9564604220621041	0.9282545706300162	-0.02820585143208798
1511	0.9434021632251721	0.9241035725991478	-0.019298590626024348
1512	0.9604708492542833	0.9501294219154444	-0.010341427338838916
1513	0.8913384374135227	0.8544414721889124	-0.03689696522461028
1514	0.9025510048952538	0.8711879351758947	-0.031363069719359093
1515	0.9413889406069633	0.9109911251784274	-0.030397815428535924
1516	0.938667048327847	0.9044320404560852	-0.03423500787176181
1517	0.9476312264036049	0.9211575934721715	-0.026473632931433344
1518	0.9503475670307845	0.9390293585924172	-0.011318208438367283
1519	0.9228777985074627	0.892129197761194	-0.030748600746268617
1520	0.9286713286713286	0.8995082337017821	-0.0291630949695465
1521	0.9170257230578704	0.9005263293686627	-0.01649939368920772
1522	0.9576429658621439	0.9439153439153439	-0.013727621946799995
1523	0.904866081195112	0.8813326249335875	-0.023533456261524477
1524	0.9287145760415491	0.9131195664446201	-0.015595009596928944
1525	0.9344017987868647	0.9268981384647563	-0.007503660322108363
1526	0.9289677493931338	0.9082283358378608	-0.02073941355527298
1527	0.9235643564356436	0.8868514851485149	-0.036712871287128745
1528	0.9314843348741654	0.897316384180791	-0.034167950693374416
1529	0.9561066144249111	0.9406403052018353	-0.015466309223075791
1530	0.9448367926965808	0.90546321017426	-0.039373582522320816
1531	0.9527691511387164	0.9193265470439383	-0.03344260409477806
1532	0.9284880975528458	0.9011138579483903	-0.027374239604455508
1533	0.9624763257575758	0.9374447601010101	-0.025031565656565724
1534	0.9084541269977414	0.8719587157274781	-0.036495411270263345
1535	0.9322398535245652	0.8982606042111687	-0.033979249313396465
1536	0.9316786017720597	0.8953635149896833	-0.03631508678237649
1537	0.923313662034393	0.9067834253442477	-0.016530236690145306
1538	0.9049561669993924	0.8856870063362555	-0.019269160663136886
1539	0.905613864163087	0.8857003675656525	-0.019913496597434466
1540	0.9277613181558293	0.8992879047767556	-0.02847341337907372
1541	0.9298005380383413	0.917779501223916	-0.012021036814425234
1542	0.9511379335417727	0.9277894923935788	-0.0233484411481939
1543	0.9387710199591388	0.8967153858242967	-0.042055634134842146
1544	0.9371411231968629	0.9181877596750851	-0.01895336352177779
1545	0.9296184956766975	0.8934205225152633	-0.03619797316143425
1546	0.9400788244453094	0.9096195017516543	-0.030459322693655144
1547	0.9005195929854947	0.87476997185538	-0.025749621130114697
1548	0.920770118001952	0.896637387986869	-0.02413273001508298
1549	0.9341210436270316	0.9049080410607356	-0.029213002566295998
1550	0.939166171828609	0.9113354376972841	-0.027830734131324864
1551	0.9240568520793122	0.9011522489325613	-0.022904603146750913
1552	0.9039536741214057	0.8774405395811147	-0.026513134540291028
1553	0.9011023622047244	0.8703862017247844	-0.03071616047993997
1554	0.9149090909090909	0.8915757575757576	-0.023333333333333317
1555	0.8844699964067553	0.8555659360402443	-0.028904060366510942
1556	0.9509249471458774	0.929378083157153	-0.021546863988724407
1557	0.9461475099623767	0.9183085108751308	-0.027838999087245964
1558	0.9373613193403298	0.9245577211394302	-0.012803598200899602
1559	0.9458177702320317	0.9203848330503679	-0.02543293718166384
1560	0.9140331664580726	0.8986232790988736	-0.015409887359199015
1561	0.9039003759398496	0.876827485380117	-0.02707289055973261
1562	0.9449612403100776	0.9188064139322502	-0.0261548263778274
1563	0.9347350427350427	0.9113846153846153	-0.02335042735042736
1564	0.9479575005890796	0.927436111646638	-0.0205213889424416
1565	0.9289653046545878	0.8917468689705563	-0.03721843568403149
1566	0.9580361159308528	0.9346764346764347	-0.02335968125441812
1567	0.9467700258397933	0.9325266275918573	-0.014243398247935968
1568	0.9078742608154373	0.8795757619287031	-0.02829849888673419
1569	0.9474927371479096	0.9285587975243148	-0.018933939623594798
1570	0.9478386976047904	0.9227638473053892	-0.025074850299401263
1571	0.8789269553975436	0.8580963154492566	-0.020830639948287044
1572	0.9326444091149974	0.9162559618441971	-0.016388447270800244
1573	0.9469661538461538	0.9268061538461538	-0.020159999999999956
1574	0.9556950985522414	0.9293999651142508	-0.026295133437990614
1575	0.9472870418579701	0.9348700714725233	-0.012416970385446757
1576	0.9326853591559474	0.9054535819241701	-0.027231777231777277
1577	0.9458343792709117	0.9201600981786741	-0.025674281092237683
1578	0.9154027926960258	0.8881775868242033	-0.027225205871822422
1579	0.9393378977466488	0.9081346239605467	-0.031203273786102104
1580	0.9066174807779286	0.8803850067842606	-0.026232473993668015
1581	0.9296351247389824	0.9026129244971975	-0.02702220024178481
1582	0.9447079692530057	0.9220287760331122	-0.022679193219893534
1583	0.9365999433238015	0.8960893422984775	-0.040510601025324
1584	0.9296927257525084	0.906814381270903	-0.022878344481605417
1585	0.92774114519534	0.9069691678177696	-0.020771977377570416
1586	0.9443240901213171	0.9229010206046602	-0.021423069516656956
1587	0.9601322247821297	0.9428778924171091	-0.017254332365020608
1588	0.881901131901132	0.8626992376992377	-0.01920189420189422
1589	0.9195830797321972	0.8824812335159261	-0.037101846216271106
1590	0.9100608129734343	0.8816966667174712	-0.028364146255963174
1591	0.9119684663162924	0.8691537930668366	-0.04281467324945576
1592	0.9316730523627076	0.9199930337861373	-0.011680018576570306
1593	0.9138453831144862	0.8922638822971048	-0.021581500817381305
1594	0.9318450870962286	0.9009808895653645	-0.030864197530864113
1595	0.9346247622109691	0.9085014602255982	-0.02612330198537094
1596	0.9278887000849617	0.9012926326010439	-0.02659606748391785
1597	0.9419091605245525	0.9210538910692064	-0.020855269455346104
1598	0.9355797344581316	0.9265805492978	-0.008999185160331602
1599	0.9186775724116877	0.892244285296325	-0.026433287115362636
1600	0.9410575427682737	0.9158075983114863	-0.02524994445678741
1601	0.915899562170274	0.8794807927348113	-0.03641876943546274
1602	0.9596342551293487	0.942497300342739	-0.017136954786609704
1603	0.9033345053914674	0.8693155180496953	-0.03401898734177211
1604	0.9235067246835443	0.8879054588607594	-0.03560126582278489
1605	0.9217969020636413	0.9003934280199931	-0.021403474043648174
1606	0.956202886694326	0.9427189855665283	-0.013483901127797626
1607	0.945529261318735	0.9187896030001294	-0.026739658318605697
1608	0.934211064874821	0.9117129408554472	-0.02249812401937379
1609	0.9421777025639019	0.922094945562327	-0.020082757001574914
1610	0.9104411656396534	0.8681535855448899	-0.04228758009476352
1611	0.9402894044486965	0.9080483138005262	-0.03224109064817027
1612	0.940763142848545	0.9166290511871446	-0.02413409166140046
1613	0.9335049335049335	0.9057424771710486	-0.027762456333884855
1614	0.946982046886339	0.9284715137619504	-0.01851053312438866
1615	0.9290117811609017	0.907676582925386	-0.021335198235515662
1616	0.9245079365079365	0.9077301587301587	-0.01677777777777778
1617	0.9063156788566624	0.8874658469945356	-0.018849831862126853
1618	0.9102064624053531	0.8754072019721783	-0.03479926043317483
1619	0.9163168800807608	0.8895914138462356	-0.026725466234525208
1620	0.9107252224664049	0.8781808792977147	-0.03254434316869015
1621	0.9299500072104985	0.9063596596644715	-0.023590347546026957
1622	0.9411688311688312	0.9205916305916306	-0.020577200577200583
1623	0.9224206878165823	0.8928818981604906	-0.02953878965609169
1624	0.9436886369980219	0.9261398803383536	-0.017548756659668263
1625	0.9383142564675228	0.9245765866368881	-0.013737669830634625
1626	0.9317725752508361	0.9061432846329871	-0.02562929061784902
1627	0.9353825002455072	0.9109954499328947	-0.024387050312612457
1628	0.9127387078330474	0.873344768439108	-0.039393939393939426
1629	0.944510167739686	0.9292803506718305	-0.015229817067855533
1630	0.9468277782283134	0.9352715378585138	-0.01155624036979963
1631	0.9238366003291935	0.9027195870118211	-0.02111701331737237
1632	0.9046404369895132	0.8757439901058978	-0.02889644688361548
1633	0.9178164743694367	0.8964608102848677	-0.021355664084569015
1634	0.9109208766932155	0.8939451194697983	-0.016975757223417265
1635	0.9573710035315811	0.94132783281766	-0.01604317071392114
1636	0.912439272398599	0.8857756185741724	-0.026663653824426592
1637	0.9283582089552239	0.9086178303882885	-0.019740378566935446
1638	0.9197419561646031	0.8934033203777163	-0.026338635786886777
1639	0.9268170426065163	0.8964661654135339	-0.03035087719298246
1640	0.9214324618736384	0.8951401267577738	-0.026292335115864596
1641	0.9333312907870952	0.9055424492171942	-0.027788841569901024
1642	0.9507010770168665	0.9229018492176387	-0.02779922779922772
1643	0.9552735033134898	0.9339773110187577	-0.02129619229473212
1644	0.9385572168383153	0.9080345557205148	-0.030522661117800443
1645	0.9220082304526749	0.9034567901234568	-0.018551440329218072
1646	0.9397653467420909	0.9048921014037293	-0.03487324533836156
1647	0.9180604515112878	0.8891722293057327	-0.028888222205555092
1648	0.939021460095856	0.922341515231989	-0.016679944863866925
1649	0.9456460674157303	0.9174157303370787	-0.028230337078651635
1650	0.9382732532265242	0.9156801661474558	-0.022593087079068375
1651	0.9008328903065745	0.8686514265461633	-0.0321814637604112
1652	0.8960725709191967	0.8802501179801794	-0.015822452939017295
1653	0.9121276507103279	0.8934883139607549	-0.018639336749572966
1654	0.8996098626716604	0.8821161048689139	-0.017493757802746535
1655	0.9489505012531328	0.912531328320802	-0.03641917293233088
1656	0.9328318933380115	0.8991053023990175	-0.033726590938993994
1657	0.9343956907193357	0.9024688587139491	-0.031926832005386596
1658	0.9213932042650179	0.8885017421602788	-0.032891462104739144
1659	0.921504565636257	0.8906928038870738	-0.03081176174918321
1660	0.9394246040111874	0.9086590490646653	-0.03076555494652211
1661	0.9308299965181058	0.9103085828690808	-0.020521413649025044
1662	0.9282571032571033	0.8937110187110187	-0.034546084546084654
1663	0.9422958870472683	0.9072456880334264	-0.035050199013841876
1664	0.9592913597988144	0.9435176037363032	-0.01577375606251119
1665	0.9438508213704306	0.9311528784963742	-0.012697942874056456
1666	0.9202386456200603	0.8893842326574642	-0.030854412962596056
1667	0.9743963892111369	0.9577653712296984	-0.01663101798143851
1668	0.9312958770666118	0.9055932862271615	-0.025702590839450257
1669	0.940518417462483	0.9128284117414074	-0.027690005721075606
1670	0.9344278033794163	0.917210701484895	-0.017217101894521303
1671	0.9441232265173287	0.911567253189145	-0.03255597332818372
1672	0.8941002118621957	0.8701691766596742	-0.02393103520252149
1673	0.9338819788646778	0.9129220050500327	-0.020959973814645094
1674	0.9511724851083081	0.9284121632538751	-0.022760321854432997
1675	0.9345548938769278	0.9098182928691403	-0.024736601007787518
1676	0.9570460295722012	0.9363640584016155	-0.020681971170585678
1677	0.9372580332946187	0.9262122531939605	-0.011045780100658154
1678	0.9396030067631231	0.9122469063422601	-0.027356100420863005
1679	0.9550226978773046	0.9295604980852629	-0.025462199792041784
1680	0.9260772659732541	0.9157057949479941	-0.010371471025260037
1681	0.9115380440681645	0.8925431455551938	-0.01899489851297076
1682	0.9483050372611643	0.9285033899254777	-0.01980164733568668
1683	0.9303725156764799	0.9052502922733553	-0.025122223403124644
1684	0.9335706222498675	0.9057755661529246	-0.027795056096942883
1685	0.9240152650947253	0.9026441324792149	-0.02137113261551038
1686	0.9375746714456392	0.9153823178016727	-0.022192353643966545
1687	0.8834415584415585	0.8475572047000618	-0.03588435374149668
1688	0.928373565492679	0.8887726835886709	-0.03960088190400812
1689	0.9350282110852971	0.8981214736143379	-0.03690673747095918
1690	0.9408394287704632	0.9281609195402298	-0.012678509230233392
1691	0.9368841924889333	0.9034580417916132	-0.033426150697320134
1692	0.9410416333493257	0.9174796097873021	-0.023562023562023526
1693	0.8967017270484353	0.8663939748084665	-0.030307752239968844
1694	0.8764472092621393	0.8594812824983898	-0.016965926763749417
1695	0.9419979183187946	0.923225614591594	-0.018772303727200623
1696	0.9250995181227739	0.9025321002065189	-0.02256741791625505
1697	0.9357734806629834	0.9228877509769573	-0.012885729686026082
1698	0.9478675645342312	0.9263973063973064	-0.021470258136924714
1699	0.9452614379084967	0.9202199398277829	-0.025041498080713764
1700	0.9478324166936266	0.928405046910385	-0.019427369783241666
1701	0.9490132292344394	0.9239969637822598	-0.02501626545217961
1702	0.9460332989744754	0.9278988102517515	-0.01813448872272394
1703	0.9622459975369458	0.9404890188834154	-0.021756978653530434
1704	0.9111700667825451	0.8760711127374745	-0.035098954045070574
1705	0.9344785762023813	0.9081660437139533	-0.02631253248842802
1706	0.9370617330328074	0.9172614575507138	-0.01980027548209362
1707	0.9045680528747734	0.8838977598409078	-0.020670293033865583
1708	0.9443657166850364	0.9217183645620113	-0.022647352123025155
1709	0.9649676405439853	0.9422850849513061	-0.022682555592679177
1710	0.8932098765432098	0.8551007147498375	-0.038109161793372315
1711	0.934154022330375	0.8977825781432995	-0.0363714441870755
1712	0.9408602150537635	0.914082457078358	-0.026777757975405492
1713	0.9326542082338064	0.9138963046227343	-0.018757903611072102
1714	0.9266666666666666	0.9043530701754386	-0.022313596491227994
1715	0.8999909302536506	0.8770142395017686	-0.022976690751882023
1716	0.9424035420619861	0.9227324478178368	-0.019671094244149256
1717	0.9350391549808778	0.9199235112001457	-0.015115643780732047
1718	0.9155867487484131	0.8864589072268666	-0.02912784152154646
1719	0.9338224504768892	0.9171313279530448	-0.016691122523844415
1720	0.939840303937667	0.9071283685888148	-0.032711935348852195
1721	0.9446077134142095	0.9387021741855509	-0.005905539228658552
1722	0.9258911126366373	0.9115065744310081	-0.014384538205629127
1723	0.9506636526980815	0.9269576305570045	-0.023706022141076977
1724	0.8952898550724637	0.8697276361819091	-0.025562218890554655
1725	0.9394633144633144	0.9222305472305472	-0.017232767232767232
1726	0.9012046861184793	0.8620910698496905	-0.03911361626878873
1727	0.9409675615212528	0.9215324384787472	-0.01943512304250561
1728	0.9309164659652681	0.9128279883381925	-0.01808847762707566
1729	0.9561700951950368	0.9480069324090121	-0.008163162786024691
1730	0.9384578351921689	0.9202760170103507	-0.018181818181818188
1731	0.934376571141277	0.9076294620412267	-0.026747109100050293
1732	0.9052162582489176	0.8750788113152033	-0.03013744693371434
1733	0.9333382137628111	0.8938213762811127	-0.03951683748169843
1734	0.9379096021309882	0.9150141643059491	-0.02289543782503911
1735	0.9272106871838112	0.9035492200674536	-0.023661467116357526
1736	0.9167510875394792	0.8921846135510398	-0.024566473988439363
1737	0.9318693693693694	0.8921010296010295	-0.03976833976833982
1738	0.9276070644683784	0.9027614721045378	-0.02484559236384054
1739	0.9450154521681979	0.9183482261470264	-0.026667226021171553
1740	0.9037952222045659	0.8761984215265639	-0.027596800678001965
1741	0.9386362118479931	0.9045214719829026	-0.034114739865090504
1742	0.9399466295393897	0.9091309896739761	-0.03081563986541358
1743	0.9298229350143692	0.9053606192639289	-0.024462315750440333
1744	0.943188510305871	0.9089477795805541	-0.03424073072531697
1745	0.916277491175672	0.8969454249253326	-0.019332066250339452
1746	0.8949464886964887	0.8647486772486772	-0.03019781144781153
1747	0.9407435740514076	0.9284118727050183	-0.012331701346389279
1748	0.9399004108610218	0.9245154519471239	-0.015384958913897906
1749	0.9526276990138783	0.9288774452718512	-0.023750253742027105
1750	0.9236994347288465	0.8995208443737855	-0.02417859035506098
1751	0.9380880121396055	0.9220720099324045	-0.016016002207201008
1752	0.9091447658662634	0.880582340707128	-0.02856242515913532
1753	0.948269747175356	0.9232786137710899	-0.024991133404266064
1754	0.9446628636036591	0.9222556275053962	-0.022407236098262895
1755	0.9194311221381656	0.902783469756211	-0.016647652381954536
1756	0.9183256266731565	0.8999594386306482	-0.018366188042508336
1757	0.9369040284012558	0.9161458791773025	-0.02075814922395325
1758	0.9559595876542956	0.9388059241292126	-0.017153663525082963
1759	0.947308334065162	0.9265939228945288	-0.020714411170633218
1760	0.9317112086158755	0.892381332269645	-0.03932987634623053
1761	0.9194214876033058	0.8948680351906159	-0.024553452412689913
1762	0.9515809775161143	0.9279931990052276	-0.02358777851088667
1763	0.955183233674738	0.9413889053342016	-0.0137943283405364
1764	0.9517051006449091	0.9458300762165331	-0.005875024428375952
1765	0.9097037330765309	0.8770747181782134	-0.03262901489831749
1766	0.9439135381114904	0.9205346985210466	-0.023378839590443734
1767	0.9459041954205527	0.9290994138538389	-0.016804781566713833
1768	0.9433054891106964	0.9147390699946149	-0.0285664191160816
1769	0.9418169355689128	0.9215042708003797	-0.020312664768533106
1770	0.9408906221287543	0.9227902893194765	-0.018100332809277808
1771	0.9164507913011298	0.8871933299954285	-0.029257461305701282
1772	0.9281516463334645	0.8922996195723468	-0.03585202676111765
1773	0.9321404226312202	0.9021586003181096	-0.02998182231311064
1774	0.9296684600174737	0.9124706856118086	-0.017197774405665167
1775	0.9358176638176638	0.9102678062678062	-0.025549857549857613
1776	0.9106463878326996	0.8939916032953105	-0.01665478453738911
1777	0.9434520676142013	0.9088027139264199	-0.03464935368778144
1778	0.9544246536612949	0.936680802940345	-0.017743850720949972
1779	0.9231475888452633	0.8966576059599315	-0.026489982885331775
1780	0.9125606060606061	0.8639848484848485	-0.048575757575757605
1781	0.9578646589259797	0.9443638122883405	-0.013500846637639174
1782	0.9453138211382114	0.9163837398373984	-0.028930081300812982
1783	0.9323500431087572	0.9004341667693065	-0.0319158763394507
1784	0.9285391225689733	0.8906151062867481	-0.03792401628222519
1785	0.8987166146375304	0.8493409642733264	-0.04937565036420399
1786	0.9445714596771999	0.928785280749027	-0.01578617892817291
1787	0.9256902624701738	0.9039881831610044	-0.021702079309169453
1788	0.940398322851153	0.9137631027253669	-0.02663522012578612
1789	0.9288455824088748	0.9051728407290016	-0.02367274167987321
1790	0.9069756554307116	0.8668539325842697	-0.04012172284644189
1791	0.9351567076742824	0.9189001171646163	-0.016256590509666102
1792	0.9514205652102888	0.9352609291162464	-0.016159636094042473
1793	0.9553364149974319	0.9409655880842321	-0.014370826913199797
1794	0.8902225556389097	0.8620280070017504	-0.02819454863715931
1795	0.924988884586148	0.897437000702781	-0.027551883883367045
1796	0.9140322693301669	0.8729203045330726	-0.041111964797094336
1797	0.9361576402204455	0.9040193914836656	-0.03213824873677984
1798	0.9284083834820502	0.8988609900624841	-0.029547393419566137
1799	0.9171380090497737	0.8954005553270259	-0.021737453722747824
1800	0.9577783525151946	0.9404370878055088	-0.017341264709685777
1801	0.9299297134471306	0.9021394917741562	-0.027790221672974402
1802	0.9226516735416549	0.9051534158331921	-0.017498257708462805
1803	0.9456999190844989	0.926607713944438	-0.019092205140060936
1804	0.9035631399317406	0.8782662116040956	-0.025296928327645074
1805	0.9170168815442695	0.8982299309067597	-0.01878695063750979
1806	0.9382201086956522	0.9113722826086956	-0.026847826086956572
1807	0.9365313163481953	0.9145435244161358	-0.021987791932059464
1808	0.9046777721689383	0.8781619832856582	-0.0265157888832801
1809	0.9393062912368739	0.9174914041445962	-0.021814887092277746
1810	0.9285551984938488	0.9026628147282544	-0.02589238376559444
1811	0.9341832761734348	0.9125287870503835	-0.021654489123051235
1812	0.920379134561479	0.893169580579132	-0.027209553982347034
1813	0.9218789392862873	0.8980426760789347	-0.023836263207352548
1814	0.9519115984745243	0.9188772330153498	-0.033034365459174486
1815	0.9417831669044222	0.9185592011412268	-0.02322396576319541
1816	0.9336016096579477	0.9208143598432702	-0.012787249814677493
1817	0.923938026223339	0.8915697085898703	-0.0323683176334687
1818	0.9585970565294667	0.9247254082115411	-0.03387164831792555
1819	0.9438713885399556	0.917649048217219	-0.026222340322736515
1820	0.9401896538431886	0.9077017963148563	-0.03248785752833239
1821	0.951106472753389	0.927821168866146	-0.023285303887243036
1822	0.9456518800854216	0.9253642581028844	-0.020287621982537196
1823	0.9302281317127552	0.9022758789460804	-0.02795225276667479
1824	0.8965405313060562	0.862441274451183	-0.03409925685487314
1825	0.9326215022091311	0.8967791509252737	-0.03584235128385738
1826	0.9358924522189829	0.914658244250081	-0.021234207968901853
1827	0.9394646747587924	0.9255156608097784	-0.013949013949013933
1828	0.9235468548364955	0.9048351225941078	-0.018711732242387646
1829	0.9245418537100607	0.8971639820438342	-0.027377871666226516
1830	0.9523336643495531	0.9384460293099817	-0.013887635039571466
1831	0.91899414683802	0.8843682402341265	-0.03462590660389353
1832	0.9540823716865434	0.9377528849403699	-0.016329486746173516
1833	0.9087725244308874	0.880401626842908	-0.028370897587979393
1834	0.9232309900898398	0.9105191256830601	-0.012711864406779627
1835	0.8901133127669673	0.8663828903654485	-0.02373042240151879
1836	0.9455836166844032	0.9247540685752849	-0.0208295481091183
1837	0.9313927883292045	0.9106340031195522	-0.020758785209652242
1838	0.9259351256575102	0.8893775569842197	-0.03655756867329052
1839	0.9406653551251009	0.9041691888619855	-0.03649616626311536
1840	0.8890310786106033	0.8525776965265083	-0.03645338208409499
1841	0.9588453799721406	0.9428416653768766	-0.01600371459526395
1842	0.9402979373567609	0.9206137000254647	-0.019684237331296206
1843	0.9363863951964638	0.9041053022746387	-0.03228109292182513
1844	0.9394360023378141	0.920741606597831	-0.018694395739983105
1845	0.9319312128379125	0.9011074025773081	-0.030823810260604323
1846	0.9403508771929825	0.919029428409734	-0.021321448783248487
1847	0.9338444367675587	0.9109776514044272	-0.02286678536313147
1848	0.9449012250303499	0.9321542876062244	-0.01274693742412547
1849	0.9228022589292336	0.8921710937582776	-0.030631165170955987
1850	0.9373840114204139	0.926713062098501	-0.010670949321912926
1851	0.9349594803190121	0.9078659634679701	-0.027093516851042
1852	0.9265932102441929	0.9117282112368473	-0.014864999007345614
1853	0.9220058042192208	0.889817501953343	-0.03218830226587788
1854	0.9122329633607829	0.8940565699964196	-0.018176393364363275
1855	0.9348093744312281	0.9208804856375062	-0.013928888793721894
1856	0.9126526251526251	0.8897741147741147	-0.022878510378510408
1857	0.9241721230392388	0.8953200810212445	-0.028852042017994295
1858	0.9343425401322002	0.9165043673276676	-0.017838172804532593
1859	0.9281704617330804	0.9059535104364327	-0.02221695129664769
1860	0.9262661426165075	0.897877596855699	-0.028388545760808515
1861	0.9434509012912116	0.9180954274918678	-0.025355473799343775
1862	0.9246129296588605	0.9017229482037349	-0.022889981455125663
1863	0.9332134651882928	0.9085006492857857	-0.02471281590250718
1864	0.908442577248739	0.8762593846034155	-0.032183192645323544
1865	0.9276469249587529	0.8975223303180292	-0.0301245946407237
1866	0.9441884280593958	0.9225589225589226	-0.021629505500473267
1867	0.9080738998576469	0.87431144395618	-0.03376245590146687
1868	0.9359110638674816	0.9039330321551953	-0.0319780317122863
1869	0.9475385725385725	0.9107142857142857	-0.036824286824286845
1870	0.9440421990011834	0.9185904249984957	-0.02545177400268761
1871	0.9560511150087697	0.9318717113505387	-0.024179403658231013
1872	0.9091601822951012	0.8863146788587506	-0.02284550343635061
1873	0.9191506547166002	0.8987868714953634	-0.020363783221236775
1874	0.9168161556860187	0.9009295499021527	-0.015886605783866026
1875	0.9226381983035975	0.9046017354002145	-0.01803646290338301
1876	0.9198187229437229	0.897159090909091	-0.02265963203463195
1877	0.9016846869499623	0.8770429972340961	-0.024641689715866222
1878	0.9038318820502672	0.8801207203641401	-0.02371116168612708
1879	0.9166000639386189	0.8947676896845694	-0.02183237425404949
1880	0.9036128480572925	0.8641040029928919	-0.039508845064400555
1881	0.9128888246535305	0.8831719419954714	-0.02971688265805905
1882	0.8788367178825973	0.8414455069660829	-0.03739121091651443
1883	0.9128818889452003	0.8816420412459554	-0.031239847699244927
1884	0.9316363815919415	0.9004542761208769	-0.031182105471064592
1885	0.9391169759963708	0.9196632286816017	-0.01945374731476912
1886	0.9209671538894966	0.8838288422657519	-0.0371383116237447
1887	0.9513535353535354	0.9361750841750842	-0.01517845117845118
1888	0.8981477477477477	0.8860684684684684	-0.01207927927927932
1889	0.922256484672592	0.9046979865771813	-0.01755849809541077
1890	0.9084772370486656	0.8734408448694163	-0.035036392179249254
1891	0.9045795239271889	0.8781127309666968	-0.026466792960492036
1892	0.9179057999221487	0.8930323082911639	-0.024873491630984845
1893	0.9322800718132854	0.9045721125074806	-0.02770795930580483
1894	0.9461509992598075	0.9287688132247718	-0.017382186035035718
1895	0.931594653025182	0.9025303736183429	-0.02906427940683909
1896	0.8985472857180522	0.8611616441245485	-0.03738564159350366
1897	0.9454729852559871	0.9236679200512835	-0.0218050652047036
1898	0.9294516191067915	0.8940073078004113	-0.03544431130638026
1899	0.8785928472171433	0.8409639435383602	-0.03762890367878302
1900	0.9396896239899653	0.9042034946471806	-0.03548612934278461
1901	0.948243013059113	0.9339347675225538	-0.014308245536559183
1902	0.9155271822743677	0.8978418093718098	-0.017685372902557894
1903	0.9335893497183819	0.9162485065710873	-0.01734084314729467
1904	0.952747402522515	0.9305312378775648	-0.022216164644950243
1905	0.9024540682414698	0.8698950131233596	-0.03255905511811019
1906	0.9235179500119153	0.8989444467807729	-0.02457350323114238
1907	0.9253299932556123	0.8957670938112213	-0.029562899444390944
1908	0.9382483987747146	0.9119558154645874	-0.026292583310127182
1909	0.9462137550922598	0.9272585669781932	-0.0189551881140666
1910	0.9272510435301133	0.899688597363016	-0.027562446167097354
1911	0.9345879346984903	0.9035586620315206	-0.031029272666969754
1912	0.9361258349493644	0.9151217410040939	-0.021004093945270474
1913	0.9409272063766446	0.9184072793623356	-0.02251992701430905
1914	0.9453881858978063	0.9287956703453323	-0.016592515552473985
1915	0.9226294357184409	0.8998471258303232	-0.02278230988811769
1916	0.9267901627179732	0.8980892563735623	-0.028700906344410915
1917	0.9551995252929832	0.9327498392918954	-0.022449686001087876
1918	0.8913259599850876	0.8799707965701503	-0.011355163414937253
1919	0.9277447863088002	0.8954222388478443	-0.032322547460955864
1920	0.9520149694206884	0.9297743284481784	-0.022240640972509995
1921	0.9055954192940494	0.8779686405257181	-0.027626778768331306
1922	0.9601909236305478	0.9395366853258696	-0.020654238304678163
1923	0.9282605356137027	0.9210661068155052	-0.0071944287981975386
1924	0.9275258673158856	0.8928788800973828	-0.03464698721850279
1925	0.9210316272573081	0.905380125710865	-0.015651501546443125
1926	0.9296245130899538	0.9113710481021832	-0.018253464987770585
1927	0.9130699088145897	0.8882978723404256	-0.02477203647416415
1928	0.9536293823038398	0.9311385642737896	-0.022490818030050153
1929	0.9493261099365751	0.9383148343904157	-0.011011275546159327
1930	0.9286606054374807	0.9066286738245964	-0.022031931612884303
1931	0.9293710021321961	0.9042643923240938	-0.02510660980810231
1932	0.9677172874880611	0.9456133169600218	-0.022103970528039252
1933	0.9241170676797523	0.9033206697622063	-0.02079639791754606
1934	0.9527334654015918	0.9305135601663597	-0.022219905235232096
1935	0.911758973712268	0.866474830041157	-0.045284143671111
1936	0.9398178217821782	0.9127920792079208	-0.027025742574257383
1937	0.9341884053130254	0.9178997294498814	-0.016288675863143975
1938	0.8936721351918095	0.8700711319435879	-0.023601003248221675
1939	0.8832082551594747	0.852296077905834	-0.030912177253640705
1940	0.9130914588057445	0.8871050642479213	-0.025986394557823145
1941	0.9239698377637291	0.8988803412293396	-0.02508949653438952
1942	0.9244589354479464	0.8972077983066994	-0.02725113714124705
1943	0.9570051458774769	0.9284932591333505	-0.028511886744126413
1944	0.9484380996239159	0.9353288817253819	-0.013109217898534031
1945	0.9350805350805351	0.9107835107835108	-0.024297024297024294
1946	0.9500958629326299	0.9363314973457604	-0.013764365586869554
1947	0.9347353081072328	0.9155779097891977	-0.01915739831803509
1948	0.9253156146179402	0.8990476190476191	-0.026267995570321112
1949	0.9553994599595914	0.9287845314299741	-0.026614928529617332
1950	0.9270714421613394	0.9049657534246576	-0.02210568873668184
1951	0.8962194107864101	0.8681100023758612	-0.028109408410548875
1952	0.9332354425733034	0.9096613591520213	-0.023574083421282088
1953	0.935569755058573	0.9175110299710939	-0.018058725087479077
1954	0.9558042146974063	0.9383668047550432	-0.01743740994236309
1955	0.9499096782094854	0.9141177551207863	-0.03579192308869905
1956	0.9384555802519028	0.9087357715363373	-0.029719808715565454
1957	0.9277938808373591	0.9086151368760065	-0.019178743961352662
1958	0.9426016195722533	0.9229316107214098	-0.019670008850843468
1959	0.935895723413255	0.9183085108751308	-0.01758721253812423
1960	0.9447502056795938	0.9226077335527249	-0.02214247212686893
1961	0.9222767544139205	0.898514883039072	-0.02376187137484853
1962	0.9335377043710377	0.9116825158491825	-0.021855188521855196
1963	0.9329528872211799	0.9139045236606212	-0.019048363560558612
1964	0.9428380901573753	0.9281141637770072	-0.014723926380368124
1965	0.9250793650793651	0.9072789115646258	-0.017800453514739245
1966	0.9474135675031258	0.9219999418452502	-0.025413625657875527
1967	0.9455594720514161	0.9246661403489265	-0.020893331702489637
1968	0.8891955258144874	0.8615371464856152	-0.027658379328872162
1969	0.9114965134990166	0.8868611274296953	-0.024635386069321363
1970	0.9527793286342383	0.9256839276990718	-0.02709540093516649
1971	0.951048951048951	0.9318829318829319	-0.01916601916601912
1972	0.9444544924740258	0.9196961475854585	-0.02475834488856732
1973	0.936046511627907	0.9104626785627224	-0.025583833065184525
1974	0.9341786068522125	0.9104336707257322	-0.02374493612648032
1975	0.9273827534039334	0.9061505555845375	-0.021232197819395893
1976	0.9389567916632022	0.9205676117624234	-0.018389179900778818
1977	0.926632004621606	0.9091726041466076	-0.017459400474998388
1978	0.9566490688939668	0.9381057442281933	-0.018543324665773575
1979	0.8779628801431127	0.8504919499105545	-0.0274709302325582
1980	0.9389501398716472	0.9167681421754155	-0.022181997696231748
1981	0.9495030262646454	0.9299239269254261	-0.019579099339219308
1982	0.9120477587360404	0.8720343780556842	-0.0400133806803562
1983	0.9258588626798473	0.8961045316629147	-0.02975433101693259
1984	0.9564156729131176	0.9392299829642249	-0.01718568994889269
1985	0.9406210592686003	0.9214454602774275	-0.019175598991172826
1986	0.9212979425958852	0.8945516891033782	-0.026746253492506922
1987	0.9324436665937431	0.9053015386859184	-0.027142127907824665
1988	0.8928945713686858	0.8700249190712406	-0.022869652297445198
1989	0.9501563637921433	0.924720472946922	-0.025435890845221354
1990	0.9429698708751794	0.921425926782987	-0.021543944092192402
1991	0.950359425350534	0.9302165174000668	-0.020142907950467137
1992	0.9350878331602631	0.9049736067843545	-0.03011422637590866
1993	0.9187374149659864	0.8945850340136055	-0.024152380952380925
1994	0.9368491415705038	0.921005722863308	-0.015843418707195855
1995	0.9329786728732247	0.9013798508526101	-0.03159882202061459
1996	0.9192228390166535	0.8898493259318001	-0.029373513084853364
1997	0.9031718281718282	0.8715409590409591	-0.0316308691308691
1998	0.9153000271517785	0.8877952755905512	-0.027504751561227336
1999	0.9121060083723221	0.880571287860133	-0.031534720512189196
