draw	ref_metric	arm_metric	delta
0	0.9179681717246484	0.9149333826794966	-0.0030347890451517534
1	0.937413849688218	0.9176567115195274	-0.019757138168690513
2	0.942285929837797	0.8982324729212696	-0.0440534569165274
3	0.9308447978459338	0.9272161218393706	-0.0036286760065631363
4	0.9544094279661017	0.9357123940677966	-0.018697033898305127
5	0.9420033855891661	0.9234930448222566	-0.018510340766909494
6	0.9509401709401709	0.9333022533022532	-0.017637917637917666
7	0.9053351783517836	0.9007072570725707	-0.004627921279212854
8	0.9396297806779047	0.8974193402211347	-0.042210440456770026
9	0.9202136491946643	0.8642552720429513	-0.055958377151713035
10	0.9342970455631774	0.8904907698071284	-0.04380627575604901
11	0.9512421255842308	0.9290159520422678	-0.02222617354196299
12	0.9547302982144527	0.9245115452930728	-0.030218752921379877
13	0.9611410222361718	0.9420072913397233	-0.019133730896448542
14	0.9395033527374549	0.9068233733696853	-0.03267997936776956
15	0.9649958409771995	0.941602762046923	-0.023393078930276534
16	0.9285802480023989	0.8772511597551726	-0.05132908824722626
17	0.9109195402298851	0.8414280582922824	-0.06949148193760268
18	0.9267839470016764	0.9148573044373978	-0.011926642564278667
19	0.9074919262284143	0.8750633891157552	-0.03242853711265914
20	0.9465540420566674	0.910914948126728	-0.03563909392993936
21	0.9339307858503471	0.8878562022986155	-0.04607458355173155
22	0.9309490786605904	0.927745855623803	-0.0032032230367874392
23	0.8938808591111711	0.8842226124544104	-0.009658246656760738
24	0.9440914264036419	0.9216023330804249	-0.022489093323216913
25	0.9344255319148936	0.910822695035461	-0.023602836879432654
26	0.9401108269394715	0.8776925262858767	-0.06241830065359477
27	0.9427816704349578	0.878287927290636	-0.06449374314432177
28	0.9229713239780354	0.8677699816961562	-0.05520134228187923
29	0.9474493680523831	0.9207705192629816	-0.02667884878940152
30	0.9479358590511285	0.9118781667434362	-0.03605769230769229
31	0.9389334862385321	0.8986047400611621	-0.040328746177370034
32	0.9178605769230769	0.8803485576923077	-0.03751201923076919
33	0.9426607525776224	0.8860118085950122	-0.05664894398261022
34	0.9171678420310296	0.8965641748942172	-0.020603667136812387
35	0.8955142092519435	0.860022938702689	-0.035491270549254494
36	0.935608356568473	0.9061805471370267	-0.029427809431446295
37	0.9178076461894538	0.873455843395332	-0.044351802794121764
38	0.9435777055495366	0.8997351631154448	-0.0438425424340918
39	0.9268631027307525	0.9127597811287795	-0.014103321601972918
40	0.9414520228037639	0.9140325571811251	-0.02741946562263886
41	0.9313022267304255	0.8754407573781577	-0.05586146935226777
42	0.9460329097425871	0.9110052134245683	-0.03502769631801883
43	0.9253814455952779	0.8860993110909583	-0.03928213450431961
44	0.889717125382263	0.8701776052693484	-0.0195395201129146
45	0.9518591448445172	0.8893847176759411	-0.0624744271685761
46	0.9616643913916914	0.9058480116316496	-0.05581637976004172
47	0.9342534198580263	0.8763519483289157	-0.057901471529110626
48	0.9276891586674195	0.891895468661773	-0.03579369000564647
49	0.9583333333333334	0.9317055909412597	-0.02662774239207366
50	0.9407954243149774	0.9318701782388933	-0.008925246076084137
51	0.9387831125827815	0.9070985099337748	-0.03168460264900663
52	0.9224391886204865	0.8533372611733019	-0.06910192744718457
53	0.9204184198223468	0.8612552594670406	-0.05916316035530622
54	0.9189497716894978	0.8854166666666666	-0.03353310502283113
55	0.9104240806642941	0.94464709371293	0.03422301304863584
56	0.9445471596998928	0.8860664523043944	-0.05848070739549838
57	0.9500080687922171	0.924199460543606	-0.025808608248611087
58	0.9522856189522856	0.9314105772439106	-0.020875041708374953
59	0.944180353844977	0.9264443934476391	-0.017735960397337935
60	0.9421676944158959	0.895769099006509	-0.046398595409386845
61	0.9059064965048419	0.9063682421599436	0.0004617456551017085
62	0.9364472640761301	0.8824266455194291	-0.05402061855670104
63	0.9371164764581064	0.8860182370820668	-0.05109823937603952
64	0.9256861400969864	0.8756950262777058	-0.049991113819280564
65	0.9547766475011057	0.9257580225072485	-0.02901862499385721
66	0.9290712009862786	0.9044942920729462	-0.024576908913332418
67	0.9509018389749744	0.9125251491299283	-0.03837668984504605
68	0.9218927064496685	0.8973960216998191	-0.02449668474984934
69	0.9313570150779453	0.9220035778175313	-0.009353437260414044
70	0.9381851712714729	0.9204831346834693	-0.017702036588003622
71	0.9399254263050396	0.8968080558590225	-0.043117370446017156
72	0.918236494184352	0.9235089950454389	0.005272500861086882
73	0.9109147439044346	0.8990999836360661	-0.011814760268368474
74	0.9395831098018943	0.8860818759083505	-0.053501233893543776
75	0.9393871315600287	0.9464114545890246	0.007024323028995916
76	0.9255202943543751	0.8996924226744855	-0.025827871679889647
77	0.9184118971280442	0.8861336607772244	-0.03227823635081972
78	0.9369178852643419	0.9011473565804274	-0.035770528683914504
79	0.9357497915959122	0.8455957269443329	-0.09015406465157927
80	0.9321481796891633	0.8612412177985949	-0.07090696189056844
81	0.9383342022940563	0.9035844629822732	-0.034749739311783046
82	0.9453242835595776	0.9228506787330317	-0.022473604826545923
83	0.9272599321860405	0.9056618258588702	-0.021598106327170297
84	0.9181000222554287	0.9010587225383906	-0.01704129971703816
85	0.9285303629177147	0.8935860582105641	-0.0349443047071506
86	0.9014689730917078	0.8889758374519495	-0.01249313563975829
87	0.9214803312629399	0.8973990683229813	-0.024081262939958603
88	0.9031491934240153	0.881619937694704	-0.021529255729311303
89	0.9214937487396653	0.9236237144585602	0.0021299657188948995
90	0.8933968706392328	0.8776461506487337	-0.01575071999049904
91	0.9378211779066219	0.9473664937442783	0.009545315837656387
92	0.9376576531127031	0.9351982645545354	-0.002459388558167741
93	0.9308608058608059	0.8427770146520146	-0.08808379120879128
94	0.9231848704228308	0.854002727940405	-0.06918214248242582
95	0.907764081492895	0.8788592136049763	-0.028904867887918684
96	0.9363238978623594	0.869209446132523	-0.06711445172983632
97	0.9125062150858413	0.8744260185428914	-0.03808019654294992
98	0.9205387946854584	0.9074114854779907	-0.013127309207467741
99	0.922989291410344	0.9367167919799498	0.01372750056960581
100	0.9246688012219839	0.9091149428663748	-0.015553858355609074
101	0.942637979854245	0.9077426542264309	-0.03489532562781417
102	0.9459789681776997	0.9097224128936603	-0.03625655528403937
103	0.9253423077729551	0.9034513849573295	-0.021890922815625657
104	0.9192258064516129	0.8642150537634409	-0.055010752688172015
105	0.9407383503291596	0.9265005808700142	-0.014237769459145455
106	0.9258260794248842	0.9016824736910485	-0.02414360573383567
107	0.96321385697136	0.923955296404276	-0.03925856056708399
108	0.9272050700622129	0.8744229315657888	-0.0527821384964241
109	0.8787813310285221	0.8871362719677326	0.00835494093921052
110	0.9441426419965576	0.9011537220309811	-0.04298891996557652
111	0.9508471001757469	0.9132372583479789	-0.037609841827768054
112	0.9253466050479915	0.8886716435596634	-0.03667496148832805
113	0.9319430165956822	0.9327360845939198	0.0007930679982375288
114	0.9479406577445794	0.9240481377736279	-0.02389251997095143
115	0.9128721638074156	0.8637963475373547	-0.04907581627006097
116	0.9130576441102757	0.9018170426065163	-0.011240601503759384
117	0.9591503764732111	0.8977898033016143	-0.06136057317159682
118	0.9289115410396875	0.9185216004437973	-0.010389940595890268
119	0.9347177706552706	0.8771701388888888	-0.05754763176638178
120	0.9394599303135889	0.933246225319396	-0.006213704994192826
121	0.9356262150823698	0.8770720351990177	-0.0585541798833521
122	0.9166388518024032	0.8862316421895862	-0.030407209612817065
123	0.9214046822742475	0.873772112492375	-0.04763256978187258
124	0.936564383932805	0.9202962360857098	-0.016268147847095182
125	0.9546730462519937	0.9149601275917065	-0.039712918660287144
126	0.9304567725620357	0.8840795682900946	-0.04637720427194114
127	0.9232145412909689	0.9091312437383713	-0.014083297552597629
128	0.894245485154576	0.8583103764921947	-0.035935108662381365
129	0.9241739130434783	0.8773280632411067	-0.04684584980237161
130	0.941848005275305	0.8771568304209254	-0.06469117485437959
131	0.8882362155388471	0.8864191729323309	-0.0018170426065162726
132	0.9409737326417935	0.8859182421504657	-0.05505549049132785
133	0.9319969518101856	0.9367758934683492	0.004778941658163616
134	0.9057622083307545	0.914489075942316	0.008726867611561495
135	0.9325826226012793	0.8762926439232409	-0.05628997867803842
136	0.9345124923011006	0.8918538949736229	-0.042658597327477676
137	0.9462294714107401	0.9313212627799672	-0.014908208630772912
138	0.9305204511482539	0.8978393803505911	-0.0326810707976628
139	0.9440614926853459	0.9230349615670717	-0.02102653111827424
140	0.9272878602514991	0.8541244660155232	-0.07316339423597595
141	0.9292521795635458	0.8793658959224563	-0.04988628364108949
142	0.9542730870034432	0.9102009352998612	-0.04407215170358192
143	0.9249595936273378	0.8953887257974074	-0.02957086782993046
144	0.9484748159814856	0.9102086078878853	-0.03826620809360037
145	0.933603779398172	0.9251994111807196	-0.008404368217452385
146	0.9123141441097979	0.8553455694134307	-0.05696857469636729
147	0.8899147727272727	0.8656881313131313	-0.024226641414141437
148	0.9269084573962623	0.9101678808995882	-0.016740576496674042
149	0.9219128655285691	0.9338548117830793	0.011941946254510172
150	0.9319202061253221	0.9496905463914788	0.017770340266156648
151	0.9166666666666666	0.8834139248046533	-0.033252741862013324
152	0.9306518723994452	0.9229384139961554	-0.007713458403289852
153	0.9365506023764232	0.9138891186281808	-0.022661483748242395
154	0.9296596479500892	0.9011670008912656	-0.028492647058823595
155	0.9440127044195161	0.9579560300941569	0.013943325674640739
156	0.9235065781675951	0.9115947611710323	-0.01191181699656274
157	0.9429549604382228	0.8621119902617164	-0.08084297017650643
158	0.9129961163209245	0.9039973477313631	-0.00899876858956139
159	0.9231109269236082	0.8993092968642078	-0.02380163005940039
160	0.9493408429782757	0.871118813311052	-0.07822202966722369
161	0.9169065293137404	0.8856738877947785	-0.03123264151896188
162	0.9522180047542367	0.9097461851085039	-0.04247181964573277
163	0.918560553633218	0.8849273356401384	-0.03363321799307961
164	0.9443198804185351	0.899737283145355	-0.04458259727318015
165	0.8956027127543207	0.8803617005760956	-0.015241012178225044
166	0.918079862524307	0.9208836431058653	0.0028037805815583905
167	0.8906862104988248	0.8573713763384696	-0.03331483416035519
168	0.9112978350784365	0.8724149495100049	-0.03888288556843167
169	0.9523651368760064	0.8802133655394525	-0.07215177133655393
170	0.9297679227941177	0.8532054227941176	-0.07656250000000009
171	0.9292165157138037	0.8908338307424805	-0.038382684971323244
172	0.9442545858161	0.8819517466993808	-0.06230283911671919
173	0.9449086438033792	0.9245352864962056	-0.0203733573071736
174	0.9175224327018943	0.895451146560319	-0.022071286141575275
175	0.93951087967268	0.8997737276052321	-0.03973715206744788
176	0.9103968253968254	0.9184013605442177	0.0080045351473923
177	0.9414206519720962	0.9255059547492109	-0.0159146972228853
178	0.9182860863467895	0.9047505759791645	-0.013535510367625014
179	0.911405913934359	0.9492012412366395	0.037795327302280524
180	0.9530267712085894	0.9253796708342162	-0.027647100374373124
181	0.9510442363973461	0.9100255887715858	-0.04101864762576035
182	0.9136363636363637	0.8799948638931689	-0.03364149974319475
183	0.9523266423357665	0.9202529399837794	-0.03207370235198703
184	0.948974358974359	0.9156282051282051	-0.033346153846153914
185	0.9587102438798969	0.8787185619057521	-0.07999168197414475
186	0.9190884326622816	0.884605674041592	-0.03448275862068961
187	0.9557363107648414	0.919620322616043	-0.03611598814879846
188	0.9345291072563799	0.8897466170193443	-0.04478249023703562
189	0.9398587429549833	0.8747520867518014	-0.0651066562031819
190	0.9476629273504273	0.9252270299145299	-0.022435897435897467
191	0.9156808537996657	0.9043332904719044	-0.011347563327761323
192	0.9298009977523162	0.8626445918535168	-0.06715640589879934
193	0.9328094302554027	0.8840864440078585	-0.04872298624754423
194	0.9418058773320327	0.9131813193512986	-0.028624557980734044
195	0.9527239329047228	0.9006864214240827	-0.052037511480640064
196	0.9451766428702179	0.9372241544125125	-0.007952488457705353
197	0.9628274268104776	0.9312724704673857	-0.03155495634309191
198	0.9249182313749242	0.9210781344639613	-0.0038400969109629868
199	0.9035137559808613	0.9085825358851675	0.005068779904306209
200	0.939114093340712	0.9144761114185574	-0.024637981922154606
201	0.9181286549707602	0.8964205385258017	-0.021708116444958514
202	0.9566327250162187	0.96544721180154	0.008814486785321374
203	0.8937175247992443	0.8548358526216344	-0.03888167217760985
204	0.9188709840883754	0.8660349312523226	-0.05283605283605286
205	0.9478921309426525	0.9355982310243715	-0.012293899918281004
206	0.9522119591638308	0.8937125263328471	-0.05849943283098369
207	0.8851182039798174	0.8826804240603209	-0.0024377799194965633
208	0.9697784810126582	0.9575373993095512	-0.012241081703107004
209	0.9075144508670521	0.8632102793243259	-0.044304171542726145
210	0.933996249506514	0.9124555862613501	-0.021540663245163905
211	0.9413661489865754	0.938777748530315	-0.002588400456260409
212	0.9509328968903437	0.9028914348063284	-0.048041462084015274
213	0.944115567229013	0.9452065865238913	0.0010910192948783148
214	0.9217624704350368	0.8903505275186692	-0.03141194291636762
215	0.9487617924528302	0.8984866352201258	-0.05027515723270437
216	0.916291992927507	0.8986233897448851	-0.017668603182621867
217	0.9206651884700665	0.9106430155210643	-0.010022172949002206
218	0.9299190049531114	0.8090409645662033	-0.12087804038690808
219	0.9332772638071208	0.8982478273058593	-0.03502943650126156
220	0.931630291005291	0.8510147982804233	-0.08061549272486779
221	0.947816750178955	0.9073156764495347	-0.040501073729420245
222	0.9159279778393352	0.8871037242228378	-0.02882425361649743
223	0.9419106745737583	0.9240548554484803	-0.017855819125278005
224	0.9439936514234699	0.9263168336474557	-0.017676817776014264
225	0.9247444014178294	0.8805294322535702	-0.044214969164259266
226	0.9420731707317073	0.9225690518494589	-0.019504118882248345
227	0.9166123990622558	0.911956238603803	-0.0046561604584527405
228	0.9195581567353764	0.8850532205679005	-0.034504936167475964
229	0.950330658105939	0.9387608346709471	-0.01156982343499191
230	0.95339277618256	0.920341544506574	-0.033051231675986004
231	0.9339805064151141	0.9014345815150644	-0.032545924900049705
232	0.9425855708136913	0.9274441483910637	-0.015141422422627615
233	0.9476956710821707	0.9181936788161591	-0.02950199226601158
234	0.9290411612375631	0.9132819953659533	-0.015759165871609748
235	0.945074865470532	0.9037382777373357	-0.04133658773319626
236	0.9279180387852177	0.8955273291167912	-0.0323907096684265
237	0.9290390460603226	0.8866319850362403	-0.042407061024082315
238	0.9331034482758621	0.9208316430020284	-0.012271805273833758
239	0.9218169390418194	0.9120611445970298	-0.009755794444789578
240	0.9623868965061753	0.9070184708187482	-0.05536842568742706
241	0.8869606289614822	0.8544155290102389	-0.03254509995124333
242	0.9253358387973772	0.8788481528866144	-0.0464876859107628
243	0.9534434434434435	0.9142842842842843	-0.03915915915915913
244	0.9383601645421766	0.8847950840485501	-0.053565080493626516
245	0.9247405300036879	0.889218165533955	-0.03552236446973289
246	0.9291166715442396	0.91934933177251	-0.00976733977172961
247	0.9291508608112051	0.9158593522030931	-0.013291508608112013
248	0.9141341624046232	0.9045816473045294	-0.009552515100093806
249	0.9255222148541115	0.9085433244916004	-0.0169788903625111
250	0.9040768567557581	0.9092745411996551	0.0051976844438970105
251	0.9232470878136201	0.9152525761648745	-0.00799451164874554
252	0.9124724254034599	0.9033292697085801	-0.009143155694879779
253	0.9333127248201439	0.9018800584532374	-0.03143266636690656
254	0.9279837293149672	0.9179069982435056	-0.010076731071461564
255	0.948125	0.908875	-0.03925000000000001
256	0.9328634258585035	0.8948727657550073	-0.037990660103496166
257	0.9226556101556102	0.8848536036036037	-0.037802006552006495
258	0.9228879253711733	0.8856654841676521	-0.03722244120352114
259	0.9522382224538998	0.8959796702938685	-0.05625855216003128
260	0.9263109499118797	0.9484942913335547	0.022183341421674996
261	0.9372015607519987	0.8817293787006467	-0.05547218205135196
262	0.9404958951271186	0.9377151747881356	-0.0027807203389830226
263	0.9159762550006453	0.9180797522260937	0.0021034972254484474
264	0.9214405576352136	0.8979605008390344	-0.02348005679617915
265	0.9384888161483906	0.896481178396072	-0.04200763775231864
266	0.9521884141683281	0.881607631966312	-0.07058078220201613
267	0.9076527769178379	0.9250046436753142	0.017351866757476353
268	0.9489457831325301	0.9242218875502008	-0.024723895582329236
269	0.9453499256648863	0.9283216783216783	-0.01702824734320796
270	0.9176357240483072	0.862696332145818	-0.0549393919024892
271	0.9425023963575365	0.918763479511143	-0.02373891684639351
272	0.9295054307708531	0.9234287672677423	-0.0060766635031108684
273	0.9380625476735317	0.9001089680723549	-0.037953579601176846
274	0.9416318574213312	0.8978000556947925	-0.043831801726538666
275	0.9660933607238078	0.9173805673324883	-0.04871279339131951
276	0.9211611246282779	0.8963008020185635	-0.02486032260971438
277	0.9481340771376359	0.9171275367894585	-0.031006540348177403
278	0.9245371349179982	0.9169108097496149	-0.007626325168383241
279	0.9146653462078073	0.8896426508211603	-0.02502269538664692
280	0.93174532125186	0.8861857466035978	-0.04555957464826221
281	0.908320084790673	0.8563857975622682	-0.051934287228404874
282	0.9283604788936637	0.8625921799564964	-0.06576829893716729
283	0.942562223513115	0.9053130166674114	-0.03724920684570365
284	0.9383307770961146	0.8887142126789366	-0.04961656441717799
285	0.9574239713774597	0.9128205128205128	-0.04460345855694692
286	0.9220054741139357	0.860792818704769	-0.06121265540916676
287	0.9212521204410518	0.8715542832909245	-0.04969783715012721
288	0.9383654771367611	0.942172530644689	0.003807053507927871
289	0.9317434740573638	0.896954560103126	-0.03478891395423778
290	0.8847173925856073	0.8222873813873991	-0.062430011198208235
291	0.9239819930427665	0.89581201827979	-0.028169974762976557
292	0.9103602590064752	0.9181229530738269	0.007762694067351639
293	0.932062714926852	0.8998076586815877	-0.03225505624526426
294	0.965631171670248	0.9276354196425244	-0.03799575202772365
295	0.9062962962962963	0.8789316239316239	-0.027364672364672327
296	0.8856649795876316	0.8569717575242437	-0.02869322206338787
297	0.9124409377613999	0.8633147197793503	-0.049126217982049636
298	0.9075279409867596	0.87702447548347	-0.03050346550328964
299	0.9074476085074987	0.88663289774259	-0.020814710764908706
300	0.9096228718870228	0.906915935217822	-0.0027069366692008545
301	0.9353813559322034	0.8939072932717	-0.04147406266050335
302	0.9619908641035402	0.9223829463266083	-0.039607917776931845
303	0.9317690645260883	0.932706711033355	0.0009376465072666873
304	0.9309767130172558	0.8089685597810912	-0.12200815323616465
305	0.9431436522406679	0.9180980712023799	-0.025045581038288023
306	0.9469139615859823	0.9393603279793328	-0.0075536336066495124
307	0.9011391607991299	0.9027191024099834	0.001579941610853508
308	0.9126435331230284	0.9319495268138801	0.01930599369085173
309	0.9303488600480457	0.9076706906190037	-0.022678169429041994
310	0.9307632314974182	0.8888903829604131	-0.041872848537005125
311	0.949140121164745	0.8999511432479969	-0.049188977916748144
312	0.9515081161229905	0.9184875916965819	-0.03302052442640857
313	0.9167214311792625	0.8920408908360715	-0.024680540343191004
314	0.9339099501272975	0.9080668224462037	-0.025843127681093758
315	0.9150579710144927	0.9055507246376812	-0.009507246376811551
316	0.9355751572989734	0.8903874522082066	-0.04518770509076686
317	0.9291715993416684	0.8982184621603673	-0.030953137181301105
318	0.9335266225725589	0.9078402947660899	-0.025686327806469067
319	0.948461734045258	0.9083015509788965	-0.04016018306636149
320	0.9120978089222266	0.8687697394394	-0.04332806948282664
321	0.9065288678636706	0.9151435329534459	0.008614665089775264
322	0.9261007194244605	0.9123453237410072	-0.013755395683453298
323	0.9216750032063614	0.8354367064255482	-0.08623829678081318
324	0.9262145156570091	0.8966564237635353	-0.029558091893473804
325	0.9362790411043322	0.8801791253261025	-0.0560999157782297
326	0.947443080053302	0.9100457078992993	-0.03739737215400274
327	0.9421160737697754	0.9482562713049558	0.006140197535180469
328	0.9418788853419101	0.9585123490867197	0.016633463744809562
329	0.9597177662229106	0.9314575112782879	-0.028260254944622698
330	0.9035628217767554	0.8656068572680469	-0.03795596450870853
331	0.9229222826335267	0.8801419411827417	-0.04278034145078502
332	0.9466088957775586	0.8730449485698182	-0.0735639472077404
333	0.9300122523384036	0.9100797896183845	-0.01993246272001903
334	0.9328782152870901	0.8874070462026088	-0.045471169084481344
335	0.9437577128753599	0.9223159193747429	-0.021441793500617035
336	0.9443622898650167	0.9083983011747447	-0.03596398869027195
337	0.9229198570699336	0.8352658061693283	-0.0876540509006053
338	0.9392148164578019	0.9018298768991904	-0.03738493955861155
339	0.952463768115942	0.9009601449275362	-0.051503623188405845
340	0.9245412844036697	0.8493774574049804	-0.07516382699868929
341	0.9307803100906549	0.9124657572933434	-0.018314552797311423
342	0.9240537240537241	0.9125891652207442	-0.01146455883297992
343	0.9166119716461013	0.8871422945655028	-0.029469677080598555
344	0.9489225619414806	0.9223975611942975	-0.026525000747183114
345	0.9336487980105002	0.9029543151883578	-0.030694482822142377
346	0.9264458812748193	0.8963318399348336	-0.030114041339985742
347	0.9042766917293233	0.9191338345864661	0.014857142857142791
348	0.9308386111042658	0.8639567263855689	-0.06688188471869694
349	0.9196039603960396	0.9097293729372937	-0.00987458745874592
350	0.9421249720545495	0.8913760339816678	-0.05074893807288172
351	0.9348814312049606	0.8767073068543657	-0.05817412435059488
352	0.9317983753832912	0.8893431599332939	-0.04245521544999731
353	0.9304784243385879	0.8692697733779449	-0.061208650960642985
354	0.9202099444428934	0.9200005583628801	-0.00020938608001330739
355	0.8921334142481467	0.8390628160734896	-0.05307059817465709
356	0.9246782138884475	0.8181047724985434	-0.1065734413899041
357	0.9454572504320161	0.9463041164555224	0.0008468660235062542
358	0.9281571369806664	0.8829288358700124	-0.04522830111065401
359	0.9354623323604037	0.8943131307350388	-0.04114920162536484
360	0.9348995656296165	0.9321213591162657	-0.0027782065133508116
361	0.9502357836338419	0.9221636615811373	-0.028072122052704596
362	0.8895570531651402	0.9045446690858822	0.014987615920741937
363	0.9361023299379464	0.9135639854817937	-0.02253834445615266
364	0.9074327059299737	0.8934426229508197	-0.01399008297915405
365	0.8770979020979021	0.8056943056943057	-0.07140359640359639
366	0.9367108099784416	0.8886792937070116	-0.048031516271429986
367	0.9369212962962963	0.9478034420289855	0.010882145732689197
368	0.9314205614109798	0.9021434401504667	-0.029277121260513184
369	0.9699025533489577	0.9235502926140646	-0.04635226073489307
370	0.9236396639210132	0.9089396460444713	-0.014700017876541849
371	0.93151154323896	0.9235019488585258	-0.008009594380434248
372	0.9270095957212522	0.9252792197577474	-0.0017303759635047822
373	0.9352338398057699	0.8933330293738815	-0.041900810431888424
374	0.9386109226594301	0.9031970827679783	-0.03541383989145186
375	0.9467882128471486	0.9342095964949474	-0.012578616352201255
376	0.9149649812346701	0.8804929223676823	-0.03447205886698779
377	0.9184505506380721	0.9029285496753151	-0.015522000962757021
378	0.9229481717308863	0.9263191160634862	0.003370944332599879
379	0.9429639804639804	0.9303113553113553	-0.012652625152625108
380	0.9549860656730885	0.918590209620744	-0.03639585605234452
381	0.942195415615984	0.8881505713441923	-0.05404484427179168
382	0.9023095062372869	0.8381545551095351	-0.06415495112775182
383	0.9417360837181242	0.8895514769009444	-0.052184606817179846
384	0.9564718434241553	0.9219631153787532	-0.03450872804540206
385	0.9346458612702669	0.9214799463610874	-0.01316591490917951
386	0.9505642871979506	0.8914122181448915	-0.05915206905305914
387	0.9262963195184651	0.8642443622379669	-0.06205195728049828
388	0.9301705756929638	0.8639059168443497	-0.0662646588486141
389	0.9454008325500202	0.9065664025782194	-0.038834429971800755
390	0.9323930687646268	0.9228949858088931	-0.009498082955733733
391	0.9338714368819081	0.9002908667830134	-0.0335805700988947
392	0.9300684307384445	0.8940663581625543	-0.036002072575890165
393	0.9307486631016043	0.855686274509804	-0.07506238859180037
394	0.9263845181024087	0.8988412105526308	-0.027543307549777962
395	0.8898508898508899	0.8411152339723769	-0.04873565587851303
396	0.9412501921280696	0.9148370162806371	-0.026413175847432524
397	0.9072528254872297	0.8880484114977307	-0.019204413989499014
398	0.9101492209787141	0.9029734474434935	-0.0071757735352205865
399	0.9537101767701988	0.941808981657179	-0.011901195113019791
400	0.9199304347826087	0.9033321739130434	-0.016598260869565284
401	0.9219983187783123	0.8925535889412973	-0.02944472983701496
402	0.9270366385751001	0.9306676229753152	0.0036309844002151426
403	0.9031939687975646	0.9146213850837138	0.011427416286149183
404	0.9268462287330211	0.920541467711279	-0.006304761021742156
405	0.9349248606687898	0.9030404060509554	-0.0318844546178344
406	0.9400482712726334	0.8924226020798364	-0.04762566919279698
407	0.9247133265571987	0.8364565587734242	-0.08825676778377456
408	0.9094137076796036	0.8802848885218827	-0.02912881915772092
409	0.8850932967626647	0.8618314424635333	-0.023261854299131413
410	0.942176493085113	0.8351530404530145	-0.10702345263209845
411	0.9004697986577181	0.8721476510067114	-0.028322147651006713
412	0.9461388708630759	0.8910048420106824	-0.05513402885239349
413	0.9490684074527403	0.9431660546715627	-0.005902352781177678
414	0.9279668647577886	0.8428214478660183	-0.08514541689177024
415	0.9328305247484797	0.9201953717490224	-0.012635152999457278
416	0.9422608870562205	0.8929196419591673	-0.04934124509705318
417	0.9180280112044817	0.897389355742297	-0.020638655462184796
418	0.9399110132562727	0.926027858049325	-0.013883155206947717
419	0.9624623013744352	0.928166982560288	-0.03429531881414727
420	0.9098319098319099	0.9091299091299091	-0.0007020007020007712
421	0.9252774764249353	0.8840023366435784	-0.041275139781356884
422	0.9182381086405854	0.8749447147279965	-0.04329339391258891
423	0.9530149624333755	0.9333219170751547	-0.019693045358220806
424	0.9568135922111035	0.9284062320197656	-0.028407360191337938
425	0.9246432142532497	0.8863739660030906	-0.038269248250159094
426	0.9425682637815559	0.9187403400309119	-0.02382792375064402
427	0.9424248866213152	0.951755007558579	0.00933012093726382
428	0.9361294357360447	0.9265064859085316	-0.009622949827513105
429	0.9608279869265222	0.9281806076746156	-0.03264737925190653
430	0.9173273350787271	0.8894379094607716	-0.027889425617955488
431	0.909272030651341	0.9052176941832114	-0.004054336468129582
432	0.9485833333333333	0.9237857142857143	-0.024797619047619013
433	0.901199165797706	0.8075200883273017	-0.09367907747040427
434	0.9364960019095357	0.9075187969924812	-0.028977204917054578
435	0.9344883149265493	0.8767509967891042	-0.05773731813744509
436	0.9195459579180509	0.8906146179401994	-0.028931339977851578
437	0.9360454943132108	0.9224992709244678	-0.013546223388743006
438	0.9373177485358621	0.9134382121590826	-0.02387953637677953
439	0.9343611460332164	0.9198703103288559	-0.014490835704360494
440	0.9400742115027829	0.9129560915275201	-0.02711811997526281
441	0.9230412483631601	0.8894587516368399	-0.0335824967263203
442	0.9357798165137615	0.8809588055405648	-0.05482101097319669
443	0.9375127957649674	0.8954110730894095	-0.042101722675557895
444	0.9035498489425982	0.8759214501510574	-0.027628398791540776
445	0.9193191489361702	0.9102062193126023	-0.009112929623567911
446	0.9409238435563715	0.9324984427761204	-0.008425400780251113
447	0.9439158860265418	0.890868950039032	-0.05304693598750976
448	0.9475634815793337	0.923210528890846	-0.024352952688487695
449	0.8901326699834162	0.8306986572513775	-0.05943401273203874
450	0.9569137687969925	0.9258253054511278	-0.03108846334586468
451	0.9251484816553309	0.9054147906887633	-0.01973369096656763
452	0.9136496124031008	0.8893271317829458	-0.024322480620155074
453	0.9071146245059288	0.919631093544137	0.012516469038208133
454	0.9465040207169143	0.9167234564535914	-0.029780564263322873
455	0.9290585413238706	0.8939496064865293	-0.03510893483734123
456	0.9626853511487697	0.8967387509020228	-0.06594660024674692
457	0.8983962829736211	0.8728417266187051	-0.02555455635491599
458	0.9316829268292683	0.9182926829268293	-0.013390243902439036
459	0.92854140395124	0.8733988186102077	-0.055142585341032224
460	0.9098959428211058	0.8656322261929787	-0.044263716628127
461	0.9424179104477612	0.8854328358208955	-0.05698507462686575
462	0.9171661555617507	0.9027739057708392	-0.014392249790911582
463	0.9408237317688085	0.9396456256921373	-0.001178106076671237
464	0.9474087003222341	0.9237781954887218	-0.023630504833512367
465	0.936895494220335	0.9180820948336872	-0.018813399386647833
466	0.9255198191251617	0.9031064992093261	-0.022413319915835617
467	0.9039706649482955	0.8911289085274172	-0.012841756420878259
468	0.9371486486486487	0.9204729729729729	-0.01667567567567574
469	0.9298067650999987	0.91365167624701	-0.016155088852988664
470	0.9020816101461263	0.8695064791838986	-0.03257513096222775
471	0.9326639537626799	0.8728621137060627	-0.05980184005661715
472	0.922556799920888	0.9193799599495661	-0.0031768399713218987
473	0.95091044221479	0.9361823361823362	-0.014728106032453891
474	0.8909915193071093	0.8775712739083363	-0.013420245398772956
475	0.9460433290140717	0.9277319329832459	-0.018311396030825877
476	0.9057180384150227	0.9049117650883649	-0.0008062733266578359
477	0.9400423432814968	0.8734537716686906	-0.06658857161280618
478	0.9549283043674761	0.8914499363162003	-0.06347836805127582
479	0.9043883402357439	0.8824864606562599	-0.021901879579483974
480	0.9182132788177603	0.8959393915100012	-0.022273887307759033
481	0.9130040567572115	0.879400272943112	-0.033603783814099564
482	0.9589773735836877	0.9285821317011884	-0.030395241882499313
483	0.9222881355932203	0.8958958837772397	-0.026392251815980594
484	0.9116103399224996	0.8720753421297885	-0.03953499779271108
485	0.8937548383019732	0.8898999952604388	-0.0038548430415343837
486	0.9314130778396518	0.8766748534883155	-0.05473822435133624
487	0.9244971595270997	0.8649495880034802	-0.05954757152361945
488	0.9394974590626765	0.9144127611518916	-0.025084697910784826
489	0.9442767295597484	0.9172201257861635	-0.027056603773584875
490	0.9540200138026225	0.9425983436853002	-0.011421670117322313
491	0.9170685080035381	0.9183952977430307	0.0013267897394926287
492	0.9073549945280954	0.9052794445073399	-0.0020755500207555455
493	0.9238837835329063	0.896562393638417	-0.02732138989448929
494	0.9314585540254238	0.8926939883474576	-0.038764565677966156
495	0.9209999068120399	0.9231898238747553	0.0021899170627154296
496	0.9172178130511464	0.9156256123848716	-0.0015922006662747457
497	0.9395632045088567	0.9153331320450886	-0.02423007246376807
498	0.9311644021003627	0.8927515833919775	-0.0384128187083852
499	0.9511514831706306	0.8915859434874926	-0.059565539683137936
500	0.9308378563853016	0.9222159835298521	-0.008621872855449464
501	0.930577861276931	0.8997000090906336	-0.03087785218629735
502	0.930609085739559	0.9004075314336261	-0.030201554305932965
503	0.9319193577814268	0.9240284619594964	-0.007890895821930366
504	0.9285316532225988	0.9173309149921245	-0.011200738230474294
505	0.9263572510046333	0.9245927393190123	-0.001764511685620973
506	0.9413987200246742	0.9318888631865732	-0.009509856838101016
507	0.9126050420168067	0.8616293975217205	-0.05097564449508618
508	0.9209142923528216	0.8804565653045221	-0.04045772704829953
509	0.9238686360779385	0.9078802639849152	-0.015988372093023284
510	0.9397567343819653	0.8690802182173257	-0.07067651616463955
511	0.9450290966443683	0.9047560776635667	-0.0402730189808016
512	0.915040158433271	0.9088238530091319	-0.00621630542413909
513	0.9131993417959567	0.90216560883874	-0.011033732957216769
514	0.9455064468535506	0.8954177090683602	-0.05008873778519041
515	0.9400352733686067	0.9175576233047498	-0.022477650063856935
516	0.9392005278180175	0.8935327949972032	-0.04566773282081438
517	0.9474616021337258	0.8981306907017382	-0.049330911431987534
518	0.9376165030446129	0.9241207903566546	-0.013495712687958239
519	0.9272492365515621	0.906389476156918	-0.0208597603946441
520	0.9120398180725994	0.8857661832432278	-0.026273634829371617
521	0.9603787558188743	0.9180067710537453	-0.042371984765129045
522	0.9178085879660789	0.901319154664154	-0.016489433301924872
523	0.9249815941411245	0.9243099417470713	-0.0006716523940532015
524	0.9440866312904228	0.9194582843871943	-0.02462834690322846
525	0.9295013087202094	0.8774624603939937	-0.05203884832621575
526	0.9299936528832365	0.9334140435835351	0.0034203907002985368
527	0.9573147310642199	0.9105653784677908	-0.046749352596429095
528	0.9398665746491833	0.8939843570278353	-0.04588221762134803
529	0.9062442382152296	0.8603497019236679	-0.045894536291561705
530	0.9256877228731534	0.8994523688232298	-0.02623535404992361
531	0.920446047008547	0.8935096153846154	-0.026936431623931667
532	0.9106954396489474	0.9128895184135978	0.0021940787646503868
533	0.9381251832784856	0.9130038121924994	-0.02512137108598622
534	0.9312990196078431	0.907610294117647	-0.023688725490196072
535	0.9323947750362844	0.8990275761973875	-0.03336719883889694
536	0.9364707108609548	0.898621534292266	-0.0378491765686888
537	0.9404556272071242	0.9064755105174267	-0.03398011668969747
538	0.8821150185806218	0.8883349950149552	0.006219976434333363
539	0.9551689970274139	0.9625233953539579	0.007354398326544054
540	0.9306810554035214	0.9245494914029019	-0.006131564000619538
541	0.9298334080382489	0.9346892275511729	0.00485581951292402
542	0.9415382654280661	0.911343392979493	-0.030194872448573107
543	0.9447574334898279	0.9329942618675013	-0.01176317162232654
544	0.9354482323232324	0.9152913059163059	-0.020156926406926456
545	0.9336749969179832	0.8995438615029675	-0.03413113541501567
546	0.925834421033004	0.9266152340108148	0.0007808129778108519
547	0.9480806581502945	0.913230905272466	-0.034849752877828544
548	0.9157938415750916	0.8936154990842491	-0.022178342490842495
549	0.930307428420636	0.8899590975062673	-0.040348330914368624
550	0.9395322152396963	0.8855621822839531	-0.05397003295574321
551	0.9609521437653197	0.9188632997339136	-0.042088844031406114
552	0.9353347135955832	0.8861858753163101	-0.04914883827927308
553	0.9257775256761487	0.9224827719378703	-0.0032947537382783665
554	0.9385890981982187	0.9157991845288262	-0.022789913669392425
555	0.8954681032383736	0.8838568298027758	-0.011611273435597758
556	0.9416872759607636	0.8844027009753522	-0.057284574985411396
557	0.9179980206418775	0.9076888637541826	-0.010309156887694959
558	0.9143482686970952	0.9041542902564532	-0.01019397844064196
559	0.9181759707505331	0.8514844781475338	-0.06669149260299934
560	0.9280147463053391	0.9077385764641206	-0.020276169841218494
561	0.9052609427609427	0.9071548821548822	0.0018939393939394478
562	0.9248820948551632	0.8974193629961182	-0.02746273185904491
563	0.914030918489845	0.9055418085601588	-0.008489109929686212
564	0.9455079994530289	0.9188773417202243	-0.026630657732804597
565	0.9233141553931478	0.882975690665008	-0.040338464728139733
566	0.9544575725026853	0.9299140708915145	-0.024543501611170804
567	0.9392934675350306	0.9303861588053417	-0.008907308729688923
568	0.8754047640897232	0.8528952922822796	-0.02250947180744367
569	0.9386215538847118	0.9279949874686717	-0.010626566416040095
570	0.939164877117633	0.9111429253161537	-0.02802195180147926
571	0.9447712230215828	0.9346071942446044	-0.010164028776978418
572	0.944710051852909	0.952440416726131	0.007730364873221984
573	0.9191284127120833	0.8548789940573595	-0.06424941865472389
574	0.9201978585287566	0.9056099839509426	-0.014587874577813964
575	0.9186251336173801	0.9000316165068276	-0.01859351711055246
576	0.9331490700810869	0.9192960255748513	-0.01385304450623559
577	0.9236728748954105	0.8709287551520035	-0.05274411974340698
578	0.9069726026113283	0.8673996382007517	-0.03957296441057656
579	0.9316648917287895	0.9036531448672024	-0.02801174686158714
580	0.9243520307035816	0.8326705298640306	-0.09168150083955107
581	0.8960612154804533	0.8778633442880267	-0.01819787119242655
582	0.9320993620722985	0.900222308138411	-0.03187705393388751
583	0.9307617909768447	0.9152016840188884	-0.015560106957956399
584	0.8981600342319213	0.8916912079337511	-0.006468826298170138
585	0.9365061683700465	0.9268335700427933	-0.009672598327253201
586	0.9187134502923977	0.8795878585352269	-0.039125591757170786
587	0.9309606171570827	0.8896672504378283	-0.04129336671925432
588	0.9032817384481034	0.8567957171604673	-0.046486021287636126
589	0.9407649305363369	0.9091492776886035	-0.03161565284773338
590	0.9420574026712134	0.9266268826371128	-0.015430520034100614
591	0.9040446950387477	0.8090677376998533	-0.09497695733889444
592	0.9125631904137802	0.9102823781722864	-0.0022808122414937904
593	0.91402312075389	0.8868343195266272	-0.02718880122726286
594	0.9235510881308844	0.9052129958326902	-0.018338092298194164
595	0.952435699893327	0.9027616451345265	-0.04967405475880049
596	0.9357968923186315	0.9111926720622373	-0.024604220256394194
597	0.9244444444444444	0.928401559454191	0.0039571150097466035
598	0.9387108250590251	0.8846987289368996	-0.05401209612212554
599	0.9615180467091295	0.9033651804670912	-0.058152866242038304
600	0.9244871794871795	0.9098251748251748	-0.014662004662004735
601	0.9275895567698846	0.9340012143290832	0.006411657559198591
602	0.9543708221349321	0.9260130246020261	-0.028357797532906015
603	0.930979450603771	0.8951062778052398	-0.035873172798531194
604	0.9325965130759651	0.8411270236612702	-0.0914694894146949
605	0.9383576445164776	0.9201728795245813	-0.018184764991896363
606	0.936183395291202	0.9362256392925538	4.224400135177664e-05
607	0.9420660358160358	0.911451973951974	-0.030614061864061792
608	0.9469284923830379	0.8955287137105319	-0.051399778672506
609	0.9120724637681159	0.8734057971014493	-0.03866666666666663
610	0.8941323692992214	0.8874026696329255	-0.006729699666295885
611	0.9015769270671231	0.9215271293702666	0.019950202303143483
612	0.9173234811165846	0.861767925561029	-0.05555555555555558
613	0.8755513932434816	0.8960734014685723	0.02052200822509065
614	0.9110035419126328	0.8781818181818182	-0.0328217237308146
615	0.9526857395094767	0.9164206692967694	-0.03626507021270731
616	0.9473245588826944	0.9024512903040405	-0.044873268578653924
617	0.950137122911992	0.9175942628360244	-0.03254286007596763
618	0.9085070984915705	0.8441770186335403	-0.06433007985803019
619	0.9408789002162496	0.9346745958191741	-0.006204304397075533
620	0.9328731097961868	0.8892833662064431	-0.04358974358974366
621	0.9742888888888889	0.9307111111111112	-0.043577777777777715
622	0.9489769523267545	0.9089215965234486	-0.04005535580330588
623	0.9359349593495935	0.9151701294790726	-0.020764829870520862
624	0.8917663437224763	0.8965252720402307	0.004758928317754374
625	0.9142949858179895	0.8928296716504014	-0.021465314167588123
626	0.9268761552680221	0.9065286506469501	-0.020347504621072043
627	0.9180060373664028	0.8560938938682269	-0.061912143498175976
628	0.9181519403362407	0.9005688282138794	-0.0175831121223613
629	0.9213930946086678	0.8531002162941601	-0.0682928783145077
630	0.8992402234636871	0.8526703910614525	-0.04656983240223467
631	0.8900719026548672	0.9089463495575221	0.01887444690265483
632	0.9379985351887609	0.8932019442040082	-0.04479659098475264
633	0.9340825776577272	0.8890410958904109	-0.04504148176731626
634	0.9446643052462761	0.9214039298035098	-0.023260375442766268
635	0.9465935293527921	0.8815003652091717	-0.06509316414362032
636	0.9379048380647741	0.8918032786885246	-0.04610155937624949
637	0.9179661301140174	0.8780600268276325	-0.039906103286384886
638	0.9143437296946069	0.9034600389863547	-0.010883690708252125
639	0.941394779771615	0.9179853181076673	-0.02340946166394775
640	0.923528823558822	0.8910804459777011	-0.03244837758112096
641	0.945992492824023	0.9439942592183705	-0.001998233605652433
642	0.9607543323139653	0.9103399370651066	-0.05041439524885871
643	0.9569184873212249	0.9244914075132553	-0.03242707980796955
644	0.9620822930670252	0.9090887267140388	-0.052993566352986354
645	0.9184818113736675	0.8959511783170542	-0.022530633056613292
646	0.9565085833013939	0.9254331995239344	-0.031075383777459442
647	0.9284387212505606	0.8861938625152156	-0.042244858735345
648	0.9523783211309113	0.8580374821568356	-0.09434083897407564
649	0.9306593207841173	0.8810328756069397	-0.049626445177177625
650	0.9488420137001196	0.9231271066652169	-0.025714907034902645
651	0.9126752893124574	0.9045200816882233	-0.008155207624234162
652	0.9414301225376144	0.9179463316271134	-0.023483790910501012
653	0.9518309011107414	0.9104435043019442	-0.04138739680879722
654	0.9421464108031272	0.9237858327410566	-0.018360578062070587
655	0.9610480285157829	0.9280613432305638	-0.032986685285219086
656	0.9210837112622827	0.876228269085412	-0.04485544217687076
657	0.9180619186450091	0.8791753436068305	-0.038886575038178606
658	0.9067137809187279	0.8397610634359751	-0.06695271748275278
659	0.9362002712477396	0.9225248643761302	-0.013675406871609397
660	0.955014985014985	0.9071928071928071	-0.0478221778221779
661	0.89597752144336	0.8648033126293996	-0.03117420881396038
662	0.9627021387584768	0.9279603547209181	-0.034741784037558676
663	0.9105619299794057	0.8924847177274362	-0.018077212251969454
664	0.9637754845205134	0.9350415303297257	-0.028733954190787725
665	0.9311132232937686	0.9162068805637982	-0.014906342729970379
666	0.9345083487940631	0.9231756338899196	-0.011332714904143448
667	0.892124698748348	0.8546684288268678	-0.03745626992148021
668	0.9123742530822176	0.8500491642084562	-0.062325088873761425
669	0.9438123903266668	0.9160149213838306	-0.02779746894283619
670	0.9357160312805474	0.88455522971652	-0.05116080156402736
671	0.9371328064882559	0.9311111382540826	-0.006021668234173272
672	0.9224839558385994	0.9258403206373405	0.0033563647987410183
673	0.9154387865655471	0.9005958829902492	-0.014842903575297939
674	0.9375887810922718	0.8883398313537039	-0.04924894973856797
675	0.9195764049781642	0.866186209583171	-0.05339019539499312
676	0.9091713121783876	0.8582895583190394	-0.05088175385934823
677	0.9477657935285054	0.9055469953775038	-0.0422187981510016
678	0.9194586812553988	0.8817160955945869	-0.0377425856608119
679	0.9454870238614796	0.9183371055649721	-0.02714991829650759
680	0.949926793557833	0.9191918008784773	-0.030734992679355755
681	0.9162363740676994	0.886482437687257	-0.029753936380442436
682	0.945603184758655	0.9078126110755669	-0.037790573683088136
683	0.9374055356130738	0.931442471188362	-0.005963064424711839
684	0.9065268965517241	0.8923696551724138	-0.014157241379310292
685	0.9180176719170188	0.9092805005213764	-0.00873717139564234
686	0.920606020480226	0.8189883474576272	-0.10161767302259883
687	0.9278183292781833	0.9072500764495499	-0.020568252828633393
688	0.9130333382432366	0.8820886728531447	-0.030944665390091886
689	0.9642776010904135	0.9327691958200818	-0.03150840527033172
690	0.9154919845218352	0.933477453999842	0.017985469478006832
691	0.9479254403632769	0.9085948657853298	-0.039330574577947086
692	0.9449360067105014	0.9251833211570203	-0.019752685553481086
693	0.9507631512644044	0.950829454588853	6.630332444867992e-05
694	0.9590391557900583	0.9208707457804931	-0.03816841000956517
695	0.9228260219043629	0.8692022263450835	-0.05362379555927943
696	0.9119097486671744	0.9051028179741051	-0.0068069306930693685
697	0.9197440444067535	0.8586539202837098	-0.06109012412304371
698	0.91753546188161	0.8998671745777154	-0.01766828730389458
699	0.9281612270376315	0.8763093751857797	-0.051851851851851816
700	0.9420727907266608	0.9207123270597034	-0.02136046366695743
701	0.9623119006562543	0.9507623218251063	-0.011549578831147933
702	0.9317873303167421	0.8901960784313725	-0.04159125188536961
703	0.9139807723643474	0.9251099885937755	0.011129216229428085
704	0.9495526628222524	0.9221082089552238	-0.02744445386702854
705	0.9420099431818182	0.8932173295454545	-0.04879261363636367
706	0.9492704642923737	0.9279204736155137	-0.021349990676860053
707	0.9535267964431627	0.9212929584234559	-0.032233838019706806
708	0.9027760792466675	0.8779639367874662	-0.02481214245920127
709	0.9627753336592159	0.9375194418521975	-0.02525589180701837
710	0.9062770478884884	0.8993398700409513	-0.006937177847537113
711	0.9321145124716553	0.8758503401360545	-0.05626417233560088
712	0.9379699248120301	0.8674634699957441	-0.07050645481628603
713	0.9214678610718214	0.877966368065378	-0.04350149300644346
714	0.9102147039687704	0.9296001656118767	0.019385461643106394
715	0.9214109825166216	0.8674341295247476	-0.053976852991873936
716	0.9543744384546271	0.9338359164420486	-0.020538522012578553
717	0.9378632212536322	0.8779706309672063	-0.059892590286425906
718	0.946061326989162	0.9443166798836902	-0.0017446471054718415
719	0.9568970396784966	0.9081055074432558	-0.0487915322352408
720	0.945930035095664	0.8805954941695913	-0.06533454092607272
721	0.924797953369382	0.9053898482469911	-0.019408105122390884
722	0.9327438309224294	0.9079640319205207	-0.024779799001908742
723	0.9440386680988184	0.9080558539205156	-0.03598281417830285
724	0.9514133773177113	0.9147281310431122	-0.036685246274599015
725	0.9223886328725038	0.8732846902201741	-0.04910394265232976
726	0.9292231624018759	0.8915154449994903	-0.03770771740238554
727	0.9415123917587339	0.8916592017517667	-0.049853190006967196
728	0.9418219461697722	0.94472049689441	0.0028985507246377384
729	0.9166128800917958	0.8879984222604704	-0.028614457831325324
730	0.9168167138243448	0.8688444939838235	-0.04797221984052136
731	0.9217652301562336	0.9046214742581524	-0.017143755898081148
732	0.9172622635552111	0.8538706621889262	-0.06339160136628497
733	0.9313289359308687	0.9359436518893491	0.004614715958480398
734	0.9411757740808715	0.9184180924752827	-0.022757681605588775
735	0.9049310344827586	0.879080459770115	-0.025850574712643626
736	0.9220807726075505	0.909981343283582	-0.012099429323968458
737	0.9094157650695518	0.869885625965997	-0.03953013910355485
738	0.9153932701868229	0.8707546182427128	-0.0446386519441101
739	0.9453352033660589	0.8572454417952314	-0.08808976157082749
740	0.9238890376121002	0.9198735109088475	-0.00401552670325267
741	0.9444212775938909	0.9162474914644635	-0.028173786129427447
742	0.9430683155940144	0.9168780416762746	-0.02619027391773976
743	0.9276769301470589	0.902133118872549	-0.025543811274509887
744	0.9542811839323467	0.9285027868537382	-0.025778397078608517
745	0.8875084707476847	0.8364329995231283	-0.05107547122455636
746	0.9407492018861846	0.8951175936502358	-0.045631608235948806
747	0.9383372295818027	0.9122509184014249	-0.02608631118037774
748	0.9473519451321893	0.934858704004098	-0.012493241128091359
749	0.9305606523955148	0.9160312606184166	-0.014529391777098222
750	0.9322745020183972	0.91324200913242	-0.019032492885977192
751	0.934488116601742	0.9151092047095899	-0.01937891189215213
752	0.9532155130093275	0.9119783996072656	-0.04123711340206193
753	0.9234899328859061	0.8571742652163851	-0.06631566766952102
754	0.9395957740009186	0.9460011228499975	0.00640534884907884
755	0.9340957549912774	0.9136875917259712	-0.020408163265306145
756	0.9557238037552999	0.9168625075711689	-0.03886129618413092
757	0.9562506957586553	0.9092325908534302	-0.04701810490522507
758	0.9461932449920711	0.9232087199023021	-0.022984525089769003
759	0.9342506429120603	0.9150030488613166	-0.01924759405074372
760	0.9209912894123421	0.9065605447184395	-0.014430744693902597
761	0.9275599516117555	0.8737920728670034	-0.053767878744752085
762	0.9253947729320952	0.8637070125256325	-0.06168776040646262
763	0.9718469992691048	0.912563276576162	-0.0592837226929428
764	0.9326693280284116	0.9073151844483905	-0.025354143580021082
765	0.9283014690766481	0.8971013805208976	-0.031200088555750516
766	0.9175050578730783	0.9156883524408539	-0.0018167054322244525
767	0.9510980998432069	0.9016589366577854	-0.04943916318542152
768	0.9238638782460622	0.8715144742443593	-0.05234940400170285
769	0.9345182543772896	0.9015893357106044	-0.032928918666685236
770	0.9439580255496655	0.9042865212479361	-0.03967150430172939
771	0.9215227079923052	0.8647318174757745	-0.056790890516530634
772	0.9799889441680486	0.9441311958724894	-0.03585774829555921
773	0.9002234736748012	0.9065880039331367	0.006364530258335499
774	0.9359327568174282	0.9064054488405908	-0.029527307976837336
775	0.9157689811810512	0.8358425264979451	-0.07992645468310611
776	0.936730252208424	0.9163999487901677	-0.020330303418256257
777	0.9457923284289844	0.9114456461723343	-0.03434668225665016
778	0.9552487148285196	0.92606849281049	-0.02918022201802961
779	0.9025639562258336	0.8639547990354844	-0.038609157190349186
780	0.9579711212612347	0.9144933942340749	-0.043477727027159796
781	0.9499046742488988	0.9069094734074026	-0.04299520084149622
782	0.9130325814536341	0.858869395711501	-0.05416318574213308
783	0.9176331181928197	0.9146329164985881	-0.0030002016942315413
784	0.9220821661998133	0.9035014005602241	-0.018580765639589214
785	0.936743973735494	0.9141136607033129	-0.022630313032181104
786	0.9557196489396087	0.9061808507993336	-0.049538798140275064
787	0.9366150409081303	0.9356187543398846	-0.0009962865682456856
788	0.9077405367397164	0.9059094105238485	-0.0018311262158678954
789	0.9301685910307899	0.8947038152610441	-0.035464775769745716
790	0.9287136135670337	0.8869370766764904	-0.04177653689054339
791	0.9362494060503669	0.8997940974605353	-0.03645530858983159
792	0.9181623931623931	0.9082264957264957	-0.0099358974358974
793	0.9270372337286835	0.9237623178143625	-0.0032749159143210527
794	0.9383427577207482	0.9066364257751818	-0.03170633194556638
795	0.9225823540743595	0.8612863610094394	-0.06129599306492006
796	0.9296581196581196	0.8730402930402931	-0.05661782661782655
797	0.939047619047619	0.8943865546218488	-0.044661064425770225
798	0.9569372852233677	0.9388065578465064	-0.01813072737686139
799	0.9244296436204583	0.9122521000049705	-0.01217754361548784
800	0.9211507623990663	0.8853507415244186	-0.03580002087464773
801	0.9488139658848614	0.8828224946695096	-0.06599147121535187
802	0.9385353265473693	0.904557717622219	-0.03397760892515023
803	0.8929343165837764	0.919790773452238	0.02685645686846161
804	0.9261988993710691	0.916440644654088	-0.009758254716981107
805	0.9270957214370661	0.9064726977717547	-0.020623023665311435
806	0.9424284865461336	0.9107991681521094	-0.031629318394024275
807	0.9274796422373515	0.8871645975170204	-0.040315044720331095
808	0.9164874274661509	0.8782050290135397	-0.038282398452611166
809	0.90919452887538	0.8812436676798379	-0.02795086119554213
810	0.9442363095983693	0.8865367753396267	-0.057699534258742635
811	0.9344035823170732	0.8783346036585366	-0.05606897865853666
812	0.94060687723748	0.9124955415527286	-0.028111335684751437
813	0.946323363799092	0.924203089251633	-0.022120274547459018
814	0.9168569867313054	0.8828235557859635	-0.03403343094534195
815	0.9509631121742415	0.9106634772755886	-0.04029963489865285
816	0.950519678833555	0.9036254371705827	-0.04689424166297229
817	0.947794683559292	0.8942395358474927	-0.053555147711799256
818	0.9467051467051467	0.918001443001443	-0.028703703703703676
819	0.9105810397553517	0.9199021406727829	0.009321100917431213
820	0.93349533437014	0.9060264385692068	-0.027468895800933146
821	0.9423235508125152	0.9093863691486781	-0.03293718166383708
822	0.9271915202803779	0.8986729067829209	-0.02851861349745699
823	0.9175529995814873	0.8951697862698974	-0.022383213311589878
824	0.9448645578158839	0.8904983372977835	-0.05436622051810036
825	0.9441116170088133	0.9197353356231861	-0.024376281385627196
826	0.9175582680329516	0.8877586899738799	-0.02979957805907174
827	0.9563345633456335	0.9304428044280443	-0.025891758917589214
828	0.905447306296466	0.8538282653888165	-0.05161904090764946
829	0.9381468582920488	0.9001079119046451	-0.03803894638740368
830	0.8987328562909959	0.8042337507453786	-0.09449910554561725
831	0.9099981854472873	0.8922155688622755	-0.01778261658501179
832	0.9201984869437891	0.9151278505382467	-0.005070636405542395
833	0.9294890231042086	0.8726712044227144	-0.05681781868149416
834	0.9232223163657695	0.8992917508527233	-0.023930565513046176
835	0.922975217448315	0.9139385462651339	-0.009036671183181078
836	0.9405166631975762	0.9048891047434029	-0.035627558454173314
837	0.9548098035724882	0.9287282653848437	-0.026081538187644582
838	0.9291088034335611	0.87763005352606	-0.05147874990750101
839	0.9289406339473484	0.8814705956875364	-0.047470038259812
840	0.9690636068476978	0.9365591794569067	-0.03250442739079107
841	0.9157136075266497	0.8919770402658496	-0.02373656726080009
842	0.9260574083724162	0.8766284523189161	-0.04942895605350017
843	0.9327620054364241	0.9027735830061412	-0.02998842243028288
844	0.9227560360088892	0.8762006101924743	-0.04655542581641492
845	0.934407110253162	0.8801250728921598	-0.05428203736100223
846	0.8958863393175603	0.8524432291047438	-0.04344311021281655
847	0.9447100362454693	0.9106674165729284	-0.034042619672540964
848	0.9295814479638009	0.8893040009526078	-0.04027744701119318
849	0.9137609680564317	0.8396369788381028	-0.07412398921832886
850	0.9309735806769875	0.9159307665135994	-0.015042814163388152
851	0.9147951333669498	0.9019820798262286	-0.012813053540721264
852	0.9108280927971252	0.9135760714474449	0.0027479786503197268
853	0.9131912127524413	0.9240349244338075	0.01084371168136622
854	0.9461095328282828	0.8938210227272727	-0.0522885101010101
855	0.9340958028875005	0.9009613234965348	-0.0331344793909657
856	0.9016618947839856	0.9000463858986868	-0.001615508885298822
857	0.9167458769806661	0.9089653009828612	-0.007780575997804906
858	0.9608197358197358	0.9140637140637141	-0.04675602175602167
859	0.9020438908126096	0.8526105140081846	-0.049433376804425055
860	0.9337525867397672	0.9045660995995592	-0.029186487140207995
861	0.9051611348299132	0.8745696185098472	-0.03059151632006607
862	0.9088339695934633	0.8928939789699284	-0.015939990623534905
863	0.942077694007933	0.9319193387228631	-0.010158355285069809
864	0.9545043882292205	0.9506001548786783	-0.00390423335054213
865	0.9224449804039795	0.88067782132449	-0.04176715907948947
866	0.9201740411463419	0.8795587303218734	-0.040615310824468565
867	0.9293625889846384	0.8733139752716373	-0.05604861371300107
868	0.9245475288540351	0.8923927250171684	-0.03215480383686675
869	0.9344750254841998	0.9317295276928305	-0.0027454977913693446
870	0.9525133689839572	0.90725935828877	-0.0452540106951872
871	0.9475473530840214	0.8970981058766392	-0.0504492472073822
872	0.9398737378847049	0.8972501568159285	-0.042623581068776395
873	0.9248871518220853	0.8996339315204228	-0.025253220301662438
874	0.948937908496732	0.9226703307585661	-0.026267577738165904
875	0.8956112043371628	0.8592487414483025	-0.03636246288886025
876	0.9360764627222308	0.9036543393910165	-0.0324221233312143
877	0.9122253521126761	0.88037558685446	-0.031849765258216034
878	0.9254048132552806	0.9031015713258704	-0.022303241929410134
879	0.9337699971261615	0.8902912156336814	-0.04347878149248008
880	0.9167924025916393	0.8904100470400284	-0.026382355551610948
881	0.9382286516511017	0.9098944027345419	-0.02833424891655978
882	0.9491437281448938	0.8966914731462386	-0.052452254998655135
883	0.9272986272986273	0.895998445998446	-0.03130018130018131
884	0.9051602623031194	0.8595789667218239	-0.04558129558129553
885	0.9463003308319212	0.9005486968449932	-0.04575163398692805
886	0.9146395689474786	0.9020323289391086	-0.012607240008369991
887	0.9266242203742203	0.8747531185031185	-0.05187110187110178
888	0.8888786581342173	0.8332028912112702	-0.05567576692294707
889	0.9445828416590184	0.9038722083825008	-0.04071063327651758
890	0.9226559869148987	0.8808630393996247	-0.04179294751527396
891	0.8874711800461119	0.8633279186753301	-0.02414326137078182
892	0.9149967943113598	0.8986536107711138	-0.016343183540245998
893	0.9513816721776098	0.9194851204534719	-0.03189655172413797
894	0.9514745220852091	0.9300580674626476	-0.021416454622561476
895	0.9427320102006874	0.8819713937243597	-0.06076061647632769
896	0.9367838541666667	0.8817925347222222	-0.054991319444444464
897	0.9197755894328189	0.864501467664047	-0.05527412176877189
898	0.9189783868092691	0.9121407085561497	-0.006837678253119428
899	0.9150890945987268	0.8950601840269091	-0.02002891057181766
900	0.9238175160207507	0.8884192859322552	-0.03539823008849552
901	0.9480296217931764	0.9323040641805519	-0.015725557612624508
902	0.9258683304728762	0.9017361868368402	-0.024132143636035996
903	0.941759125261296	0.9201586535884655	-0.021600471672830523
904	0.9352815105674014	0.9370649062152903	0.0017833956478888746
905	0.9353558696547895	0.8316493792658677	-0.10370649038892177
906	0.9485225885225885	0.9092063492063492	-0.03931623931623929
907	0.9166138237159163	0.8942436412315931	-0.02237018248432321
908	0.9345783774808393	0.8152184362082375	-0.11935994127260174
909	0.9313027003949195	0.9290879496210909	-0.0022147507738286
910	0.9611965017287968	0.9224946973879188	-0.038701804340878
911	0.9051310396893874	0.8374676445211389	-0.06766339516824849
912	0.9437691025284801	0.8859173844586459	-0.057851718069834246
913	0.896560582274868	0.8699157984872271	-0.026644783787640902
914	0.9192173418851993	0.8706178452545262	-0.04859949663067309
915	0.9431140905885649	0.9131690542198352	-0.029945036368729694
916	0.9518766953817517	0.8842203230163325	-0.06765637236541922
917	0.9629047434549178	0.9408977694138485	-0.022006974041069327
918	0.9555777855949344	0.9270402778999208	-0.02853750769501362
919	0.9180692283264529	0.8936523058466532	-0.024416922479799652
920	0.9050091013281197	0.8653581300382353	-0.039650971289884485
921	0.92573402417962	0.8937823834196891	-0.031951640759930955
922	0.9570242869875223	0.9350629456327986	-0.021961341354723718
923	0.9216920334567393	0.8755930344165638	-0.04609899904017556
924	0.9079735014765743	0.8475270705297044	-0.060446430946869856
925	0.9164678433491953	0.8957199161646653	-0.02074792718453
926	0.9202354738686919	0.8634341437109603	-0.05680133015773159
927	0.9340490797546013	0.8851073619631902	-0.0489417177914111
928	0.9227345879725425	0.8847012841987716	-0.0380333037737709
929	0.9205736074270557	0.9054376657824934	-0.015135941644562334
930	0.9614542599610466	0.9334319749973579	-0.02802228496368875
931	0.9424672837535908	0.8854532397063517	-0.05701404404723909
932	0.9124449688526878	0.8706910770245753	-0.04175389182811251
933	0.9147332936744001	0.8433588783520547	-0.07137441532234545
934	0.9531650771607125	0.9275582070939674	-0.025606870066745113
935	0.9114739050616313	0.9156045108838186	0.004130605822187272
936	0.9509951371133504	0.9104877926505239	-0.040507344462826445
937	0.9613693153423288	0.9508745627186407	-0.010494752623688153
938	0.9304510691431247	0.8988085947661412	-0.03164247437698353
939	0.896098061866256	0.8417083814657939	-0.054389680400462104
940	0.9357422969187675	0.9124229691876751	-0.023319327731092465
941	0.916899194970974	0.9342666538375188	0.017367458866544783
942	0.9122049645722866	0.867673971188588	-0.04453099338369859
943	0.9295822102425876	0.8776280323450135	-0.05195417789757406
944	0.9206629184580899	0.9384607846739916	0.017797866215901736
945	0.9419500856373868	0.8874357719598728	-0.054514313677514026
946	0.9239565311418685	0.8920307093425606	-0.03192582179930792
947	0.9174305144884684	0.8651685393258427	-0.05226197516262565
948	0.9140657511444028	0.8835899569981966	-0.03047579414620616
949	0.899314648687803	0.8964450883155959	-0.0028695603722070917
950	0.9287179487179488	0.8896252465483234	-0.03909270216962535
951	0.935686070440192	0.9027485393949429	-0.0329375310452491
952	0.9402221149203284	0.9096692419121197	-0.030552873008208636
953	0.928303511037324	0.9077537969624301	-0.02054971407489392
954	0.9295505569467231	0.8903484155081599	-0.039202141438563154
955	0.9304042005151575	0.8803001783237567	-0.050104022191400754
956	0.9236218047428395	0.8883870011064344	-0.035234803636405077
957	0.9224494485294118	0.8763097426470589	-0.046139705882352944
958	0.9387516200510054	0.907970650946946	-0.030780969104059475
959	0.9044196909809558	0.8811567586271144	-0.02326293235384136
960	0.9385692492099815	0.9241446006320149	-0.014424648577966659
961	0.9293396868618108	0.9063308373042887	-0.023008849557522137
962	0.9539670816627981	0.930460012660899	-0.02350706900189914
963	0.9204095282193754	0.8984539795235891	-0.02195554869578631
964	0.9507276507276508	0.9046907484407485	-0.04603690228690227
965	0.934020439117786	0.9201332769724246	-0.013887162145361343
966	0.951957163958641	0.8868660758247169	-0.06509108813392417
967	0.9463771593090211	0.9039107485604606	-0.0424664107485605
968	0.9401999547372765	0.9271270151896375	-0.013072939547638995
969	0.9250254594163142	0.9083736249621549	-0.016651834454159298
970	0.9553026604832805	0.8484460174111138	-0.10685664307216669
971	0.9426851200250215	0.9043039218971661	-0.03838119812785534
972	0.943852343308865	0.9079380764163373	-0.035914266892527746
973	0.9313626774069812	0.883199079401611	-0.04816359800537018
974	0.9113432463864429	0.9172204685163649	0.005877222129921922
975	0.9444954830806921	0.9045475424896646	-0.039947940591027464
976	0.9289327443716159	0.890567113137646	-0.038365631233969855
977	0.9177749678235148	0.8403030234606093	-0.0774719443629055
978	0.9202070978502594	0.9219444959229058	0.00173739807264639
979	0.9349221431480152	0.8997556671643817	-0.03516647598363354
980	0.9234827326328856	0.8851945441917513	-0.03828818844113435
981	0.957736516357206	0.9451084412544859	-0.012628075102720127
982	0.9331644461124664	0.8950501449094056	-0.03811430120306081
983	0.9525296882731321	0.9343250041233713	-0.01820468414976084
984	0.9344056641061332	0.8727638294581637	-0.06164183464796957
985	0.9341547429782724	0.9012983571807102	-0.032856385797562226
986	0.8952533577533578	0.8819444444444444	-0.013308913308913373
987	0.9223219440508057	0.8963155408597071	-0.026006403191098593
988	0.9480017128175849	0.913131601484442	-0.034870111333142995
989	0.9474555058229567	0.9015718801043677	-0.04588362571858895
990	0.9520101958058163	0.9276561232765612	-0.024354072529255033
991	0.9521454887947035	0.8889165904872711	-0.06322889830743239
992	0.914398206090947	0.9038250938673341	-0.010573112223612902
993	0.944053872053872	0.9216565656565656	-0.022397306397306416
994	0.9072983354673495	0.868299189073837	-0.03899914639351254
995	0.9263533164461957	0.9150795884542015	-0.01127372799199422
996	0.9376115878592409	0.8641651788285435	-0.07344640903069743
997	0.9237487990217487	0.8606490897520682	-0.06309970926968045
998	0.911048730694124	0.8900230782886561	-0.021025652405467832
999	0.9114694280078895	0.8613609467455622	-0.050108481262327365
1000	0.9582308493429945	0.9063130138048705	-0.05191783553812401
1001	0.9502666271663457	0.9024712388288155	-0.047795388337530165
1002	0.9471348489567113	0.8873403924011212	-0.059794456555590125
1003	0.9434036435519015	0.9243435092211963	-0.019060134330705192
1004	0.9590794483894206	0.9371462385509931	-0.021933209838427503
1005	0.8978312262308562	0.8643802606183119	-0.03345096561254435
1006	0.91289767331434	0.9161621557454891	0.003264482431149074
1007	0.9249207035755479	0.8872188581314879	-0.03770184544405997
1008	0.9509996278880958	0.8871993504955854	-0.06380027739251037
1009	0.940900631990124	0.9024284635085585	-0.03847216848156543
1010	0.928524261073985	0.9027047729734013	-0.025819488100583654
1011	0.8797023653661517	0.8898271798900236	0.010124814523871928
1012	0.9190460472025087	0.9250111993964115	0.005965152193902812
1013	0.9271332248314346	0.8582655196465938	-0.06886770518484076
1014	0.9385796545105566	0.9044026841643232	-0.03417697034623335
1015	0.9221169634962738	0.9166729821902235	-0.005443981306050283
1016	0.9088871759735069	0.8985525865022268	-0.010334589471280076
1017	0.9125226770048958	0.8847759636173861	-0.02774671338750967
1018	0.9150141265525881	0.8876006183698492	-0.02741350818273891
1019	0.926105129253555	0.8948934623597292	-0.031211666893825818
1020	0.9361108779391328	0.926588134344367	-0.009522743594765792
1021	0.9297851985148402	0.9054007881369445	-0.024384410377895738
1022	0.9181998512273741	0.8987974212744855	-0.019402429952888656
1023	0.9518939393939394	0.8749562937062937	-0.07693764568764572
1024	0.8931884057971015	0.8528115942028985	-0.04037681159420292
1025	0.9141067125645439	0.9045783132530121	-0.009528399311531821
1026	0.941724697628148	0.8874417508770093	-0.05428294675113876
1027	0.9201906028368795	0.8674645390070922	-0.052726063829787284
1028	0.933441297175505	0.9230506155950753	-0.010390681580429662
1029	0.9317624662134859	0.9390181481847325	0.007255681971246597
1030	0.9236422938587673	0.8916515872483971	-0.03199070661037018
1031	0.9393573415312546	0.8870223978919631	-0.052334943639291476
1032	0.9369695629336798	0.8954883476626213	-0.041481215271058525
1033	0.9265922147385103	0.8692551505546752	-0.05733706418383511
1034	0.9239300463020899	0.8979476911525466	-0.02598235514954328
1035	0.9165685553102771	0.8613809173411823	-0.05518763796909487
1036	0.9374632451216253	0.8690056134723336	-0.06845763164929164
1037	0.9293511768759294	0.861948282740362	-0.06740289413556744
1038	0.9292777550901348	0.8996120413044747	-0.029665713785660075
1039	0.9364470805800501	0.906587582598498	-0.029859497981552074
1040	0.9074297437747292	0.8638274847538636	-0.043602259020865564
1041	0.930684811237928	0.8673105062920691	-0.06337430494585894
1042	0.9262900514492385	0.8914599358158015	-0.034830115633436964
1043	0.9670082259782764	0.9333794603143224	-0.03362876566395401
1044	0.9366940996702678	0.8944722944535292	-0.042221805216738684
1045	0.9290819996403524	0.8856208415752562	-0.043461158065096206
1046	0.9166573554716306	0.9030369393729469	-0.013620416098683696
1047	0.9361518259971717	0.8613050212116451	-0.07484680478552663
1048	0.9570262405050804	0.9163953832494821	-0.04063085725559834
1049	0.9460405578130068	0.9174917491749175	-0.028548808638089285
1050	0.9083060556464811	0.8588925259138025	-0.04941352973267865
1051	0.9347652761831866	0.9140834290088021	-0.020681847174384482
1052	0.9387379679144385	0.8934474153297682	-0.045290552584670296
1053	0.9355478120344418	0.8641517056788627	-0.07139610635557914
1054	0.9440742984050071	0.8954842183188639	-0.048590080086143184
1055	0.9726182074805928	0.9057163020465773	-0.06690190543401553
1056	0.9506038647342995	0.9185990338164252	-0.032004830917874316
1057	0.9228104628644682	0.9099637236450918	-0.012846739219376402
1058	0.8989583863902613	0.8549508480619366	-0.04400753832832471
1059	0.9082809224318659	0.848438423910122	-0.05984249852174384
1060	0.9425417534958171	0.9245114916493008	-0.01803026184651635
1061	0.9546687874251497	0.924186002994012	-0.03048278443113772
1062	0.9393670511682934	0.8965039929015084	-0.04286305826678505
1063	0.9050305594734368	0.825535630331117	-0.07949492914231981
1064	0.9226608029354629	0.9075383121087848	-0.015122490826678159
1065	0.9329851942663145	0.9262660316861562	-0.0067191625801583665
1066	0.906412422037422	0.8978257103257103	-0.008586711711711659
1067	0.9219475215050437	0.8966056067825979	-0.025341914722445735
1068	0.9006847183317771	0.9019607843137255	0.0012760659819484044
1069	0.9407107895296871	0.9040114918067674	-0.03669929772291969
1070	0.9484558144059141	0.9370750449880842	-0.011380769417829839
1071	0.885482180293501	0.8773465789975224	-0.008135601295978567
1072	0.9241171015364563	0.8794896859412988	-0.04462741559515748
1073	0.9311436054124836	0.9248008511567001	-0.006342754255783567
1074	0.9432620596635989	0.9125674389082831	-0.030694620755315816
1075	0.9557083333333334	0.9160416666666666	-0.03966666666666674
1076	0.9374426356214676	0.8483768900053138	-0.08906574561615377
1077	0.9142229163051652	0.8870380010411244	-0.027184915264040765
1078	0.8990304002332872	0.8783869164783359	-0.020643483754951286
1079	0.9222068965517242	0.8952413793103449	-0.0269655172413793
1080	0.9538175910884196	0.9135696051453768	-0.0402479859430428
1081	0.93140589569161	0.9066182028366903	-0.024787692854919774
1082	0.963083963083963	0.9179069179069179	-0.04517704517704513
1083	0.928409090909091	0.9148601398601398	-0.013548951048951152
1084	0.9208232445520581	0.8745359160613397	-0.04628732849071837
1085	0.9464569572386284	0.89541186576227	-0.051045091476358384
1086	0.9380888290713324	0.9254793372018622	-0.012609491869470246
1087	0.9424347158218126	0.9134280593958013	-0.0290066564260113
1088	0.9561818181818181	0.9245454545454546	-0.031636363636363574
1089	0.9348303571428571	0.9005714285714286	-0.03425892857142854
1090	0.9571697041213234	0.8922949171801932	-0.06487478694113025
1091	0.9334849738075545	0.8523745519713262	-0.0811104218362283
1092	0.8980779403985187	0.8758596367483689	-0.022218303650149873
1093	0.9363212495628861	0.9293157710688892	-0.007005478493996908
1094	0.9499229406758217	0.9115082925033929	-0.03841464817242879
1095	0.934918054991196	0.893471488554788	-0.04144656643640798
1096	0.9740939254721797	0.9407223072996427	-0.033371618172536976
1097	0.9190169028673666	0.9112717171241584	-0.0077451857432081495
1098	0.8894677793658844	0.8656922864124672	-0.023775492953417188
1099	0.9194953397870013	0.9065049094963092	-0.012990430290692023
1100	0.9390646598064813	0.904507756105053	-0.03455690370142839
1101	0.9576011378002528	0.95	-0.007601137800252844
1102	0.9405916260780196	0.9180034854104294	-0.022588140667590184
1103	0.9199263085172878	0.9009606211139257	-0.01896568740336213
1104	0.9110756830964085	0.8788066663714332	-0.032269016724975286
1105	0.9409596919192563	0.8819576388977443	-0.05900205302151207
1106	0.9594173132511791	0.9342639079060804	-0.02515340534509869
1107	0.895422335600907	0.8299744897959184	-0.06544784580498864
1108	0.8693983505564388	0.8819803259141494	0.012581975357710662
1109	0.9654659346218513	0.9440699906262554	-0.021395943995595856
1110	0.8987264129901414	0.8694740598652808	-0.02925235312486063
1111	0.932347428965339	0.8837702763835333	-0.048577152581805616
1112	0.9251259395490165	0.9277646729569806	0.0026387334079641667
1113	0.9148498331479421	0.9265016685205785	0.011651835372636365
1114	0.9079842615871934	0.872018863368418	-0.03596539821877531
1115	0.9235622958985996	0.8803785908009077	-0.04318370509769187
1116	0.9230491538150523	0.8986022064344712	-0.024446947380581063
1117	0.905016259600083	0.8985124195668719	-0.006503840033211139
1118	0.9300844988344988	0.9249562937062937	-0.00512820512820511
1119	0.9440649384056935	0.8818037175712884	-0.06226122083440511
1120	0.9384420813545323	0.8888860210613256	-0.049556060293206694
1121	0.9407230800282571	0.8949566051064689	-0.0457664749217882
1122	0.9126884092222047	0.8515046478651331	-0.0611837613570716
1123	0.9550475729721013	0.9106730097296135	-0.044374563242487786
1124	0.9450990196997635	0.8946359554541572	-0.050463064245606315
1125	0.9403253671177656	0.9088396199251367	-0.031485747192628866
1126	0.926418173229699	0.8813501095031563	-0.045068063726542706
1127	0.9296635793018984	0.8472328536436007	-0.08243072565829768
1128	0.9215301159745605	0.8421132622521511	-0.07941685372240936
1129	0.9390844120819849	0.9011596548004315	-0.03792475728155342
1130	0.9120307434905365	0.8949858830910802	-0.017044860399456296
1131	0.9219170055835114	0.9021506858757841	-0.019766319707727353
1132	0.933423015775957	0.905466552525376	-0.027956463250580987
1133	0.9191487630208334	0.9012858072916666	-0.01786295572916674
1134	0.9518269230769231	0.9261177884615385	-0.0257091346153846
1135	0.9360457756285288	0.909967845659164	-0.026077929969364755
1136	0.9033644859813084	0.8793882752761257	-0.023976210705182632
1137	0.9007434888626266	0.9148353703232756	0.014091881460648992
1138	0.9170205537625276	0.9055546118566332	-0.011465941905894339
1139	0.9347195747308508	0.9071871560125647	-0.027532418718286045
1140	0.9027422581216924	0.880978907654521	-0.021763350467171372
1141	0.9176292056885189	0.8745750953867499	-0.04305411030176898
1142	0.93908272986614	0.8312266842220759	-0.10785604564406415
1143	0.9300071322051482	0.9243013680866239	-0.0057057641185243035
1144	0.924000842874201	0.8926178267893516	-0.03138301608484939
1145	0.947716814159292	0.9000589970501475	-0.04765781710914452
1146	0.9478410326563541	0.9080465817811919	-0.0397944508751622
1147	0.9405629033288607	0.9027857644878922	-0.03777713884096856
1148	0.9282000679059502	0.8921144215261863	-0.03608564637976397
1149	0.9334731749142577	0.9092509799118079	-0.02422219500244982
1150	0.9094074006506735	0.8787284502417222	-0.0306789504089513
1151	0.9189225363894931	0.848552785678434	-0.07036975071105911
1152	0.9416118657209316	0.9400755247968297	-0.001536340924101931
1153	0.9279873852612233	0.9256899990601601	-0.002297386201063123
1154	0.9095697329376855	0.8105217606330366	-0.0990479723046489
1155	0.9584829475809359	0.9194029850746268	-0.039079962506309074
1156	0.9592876216019104	0.9071884814906306	-0.05209914011127981
1157	0.9533845061188811	0.9273792613636364	-0.026005244755244794
1158	0.9187446064404778	0.9150883408275423	-0.0036562656129355275
1159	0.9381061422413793	0.921026400862069	-0.017079741379310343
1160	0.9324082997902375	0.9083423096547424	-0.024065990135495152
1161	0.9256352282515073	0.9058462532299741	-0.019788975021533206
1162	0.907249322493225	0.8825880758807588	-0.02466124661246616
1163	0.9074111586989235	0.880165528417641	-0.027245630281282573
1164	0.94146418098031	0.9117825722664432	-0.029681608713866825
1165	0.9405185207318653	0.8729395125546558	-0.06757900817720941
1166	0.9408606448174793	0.9191846522781775	-0.021675992539301858
1167	0.9070198675496689	0.8821854304635761	-0.024834437086092787
1168	0.9500408000133225	0.9240620160202502	-0.025978783993072296
1169	0.9198831931072369	0.8722786017867985	-0.04760459132043837
1170	0.9444709571857104	0.8952822470684483	-0.04918871011726211
1171	0.908390170980099	0.875677380173783	-0.03271279080631595
1172	0.9300886252105764	0.9122354061378452	-0.017853219072731297
1173	0.9363999027696356	0.9189699300799291	-0.017429972689706474
1174	0.908259587020649	0.9004588659455917	-0.00780072107505736
1175	0.926596279537456	0.8750502765208648	-0.05154600301659129
1176	0.9212431416378785	0.8816932534037797	-0.03954988823409877
1177	0.9433656957928802	0.9041141978275498	-0.03925149796533045
1178	0.9191019244476123	0.8910192444761226	-0.02808267997148972
1179	0.9411985018726592	0.8707365792759051	-0.0704619225967541
1180	0.9119724025974026	0.889448051948052	-0.022524350649350655
1181	0.939209726443769	0.8956470614336742	-0.04356266501009476
1182	0.9517942399507161	0.9175008984034088	-0.03429334154730734
1183	0.9277163958641064	0.8252998522895125	-0.10241654357459384
1184	0.9197377908882334	0.8857292690921009	-0.03400852179613245
1185	0.9552860159324311	0.913295421825511	-0.041990594106920076
1186	0.9226813098506663	0.900716533851202	-0.021964775999464337
1187	0.9291217057480805	0.9114831915335132	-0.017638514214567302
1188	0.9535466020305498	0.8747027348394768	-0.07884386719107295
1189	0.9461437908496731	0.9066867772750126	-0.03945701357466058
1190	0.9393319630010277	0.9084172661870503	-0.030914696813977405
1191	0.9355846774193548	0.9300655241935484	-0.005519153225806428
1192	0.951394523326572	0.9102053752535497	-0.04118914807302232
1193	0.9385694036650805	0.8911992507846512	-0.04737015288042923
1194	0.9266280521826926	0.9331110343544916	0.00648298217179899
1195	0.9443518518518519	0.9031134259259259	-0.04123842592592597
1196	0.9165302514405448	0.8801319408067051	-0.03639831063383969
1197	0.9404525501672241	0.9209213001672241	-0.01953125
1198	0.9537609774723177	0.9070892198039965	-0.04667175766832121
1199	0.9428794381584081	0.88313174665106	-0.059747691507348155
1200	0.9606458983409211	0.9355295241018295	-0.02511637423909152
1201	0.9289940828402367	0.8809171597633136	-0.04807692307692302
1202	0.9241451659811376	0.8503053720553408	-0.07383979392579676
1203	0.9482377538829152	0.893936678614098	-0.05430107526881722
1204	0.9215821661077136	0.8676431906358913	-0.05393897547182225
1205	0.9385035419126329	0.8870425029515938	-0.05146103896103904
1206	0.8909756398481089	0.9102361988841213	0.019260559036012426
1207	0.9297287257868919	0.8838098567698376	-0.04591886901705433
1208	0.9201295559617245	0.8882512633050209	-0.03187829265670361
1209	0.9231965608835454	0.9088581713966168	-0.01433838948692856
1210	0.9286218627639772	0.8906219911419219	-0.037999871622055315
1211	0.9181000562113547	0.8852164137155706	-0.03288364249578413
1212	0.9296778890813688	0.8918932489769276	-0.03778464010444127
1213	0.9116030774061862	0.8551185429423771	-0.05648453446380908
1214	0.9394103263425185	0.9273958431298787	-0.01201448321263987
1215	0.9449034680259245	0.9060988476452775	-0.038804620380647026
1216	0.9509619294228423	0.8995163602901838	-0.05144556913265852
1217	0.9200301878354203	0.9052577146690519	-0.014772473166368427
1218	0.9424826601387188	0.9243472052223582	-0.018135454916360594
1219	0.9110551229195297	0.863063063063063	-0.04799205985646671
1220	0.93992133726647	0.9315306456899377	-0.008390691576532272
1221	0.9167193675889328	0.9071146245059288	-0.009604743083003964
1222	0.9523372031515354	0.9144324730643949	-0.03790473008714046
1223	0.933467716535433	0.8822929133858268	-0.05117480314960621
1224	0.9249770236832803	0.9114598798161895	-0.013517143867090797
1225	0.9418008689543929	0.8667820069204152	-0.07501886203397767
1226	0.9558720756098372	0.9134635650659478	-0.04240851054388939
1227	0.9378850596842511	0.8861787639584136	-0.051706295725837514
1228	0.9516970231886384	0.9423694134638531	-0.009327609724785302
1229	0.9325288852084073	0.9022043455972238	-0.03032453961118342
1230	0.9205748960387954	0.8358857745894945	-0.08468912144930085
1231	0.9249416228838295	0.9127553998832457	-0.012186223000583807
1232	0.9480416347599194	0.9435605093734933	-0.004481125386426088
1233	0.9467925237156006	0.8848854137315676	-0.06190710998403304
1234	0.9553500693206576	0.9196994454347396	-0.035650623885918
1235	0.916451594672494	0.902360454382759	-0.014091140289735016
1236	0.9195598367783798	0.8781523847749013	-0.041407452003478507
1237	0.9328034471715142	0.873133024718316	-0.0596704224531982
1238	0.9148990544339382	0.8626921251505969	-0.05220692928334125
1239	0.9440796546534129	0.9143414763235805	-0.029738178329832388
1240	0.9683841807909604	0.9379435028248587	-0.030440677966101726
1241	0.9237737464038612	0.8864571197603367	-0.03731662664352453
1242	0.9189135508217886	0.8611524901931575	-0.05776106062863107
1243	0.9378182870370371	0.9025462962962963	-0.03527199074074072
1244	0.9656312726537567	0.9473349795664919	-0.01829629308726477
1245	0.9226949013676183	0.8421125606604903	-0.080582340707128
1246	0.8999045311008298	0.8445142101784534	-0.05539032092237639
1247	0.9340883460901697	0.8877918276267486	-0.04629651846342109
1248	0.9113621988384797	0.8779732811990877	-0.033388917639392
1249	0.9425278514928913	0.9179390536261426	-0.024588797866748724
1250	0.9253437006986702	0.8716475095785441	-0.053696191120126135
1251	0.95865863123773	0.960450623202301	0.001791991964571027
1252	0.9445959635315203	0.896568742045248	-0.048027221486272365
1253	0.9317436048746904	0.8686551684057116	-0.06308843646897888
1254	0.9246832757471055	0.8892071285688307	-0.03547614717827485
1255	0.9409909414310339	0.9300619796824	-0.010928961748633892
1256	0.8565898660238283	0.8637290807102128	0.007139214686384565
1257	0.9506469002695418	0.8949595687331536	-0.05568733153638816
1258	0.9316932208684786	0.920134333020931	-0.01155888784754766
1259	0.9230718545119099	0.8664052976641519	-0.05666655684775801
1260	0.9193530641434702	0.8997827043679173	-0.01957035977555288
1261	0.945889432884537	0.9268028355773154	-0.01908659730722162
1262	0.9249253519124129	0.9349596798765005	0.010034327964087653
1263	0.914887251196775	0.8730316200554296	-0.041855631141345495
1264	0.9377331143105614	0.9090057010339163	-0.028727413276645075
1265	0.934444821023542	0.9058059806554214	-0.02863884036812059
1266	0.9526375205254516	0.9281711822660098	-0.024466338259441778
1267	0.9558173784977909	0.9194392784580158	-0.03637810003977515
1268	0.8864170992861778	0.8406777255029202	-0.04573937378325765
1269	0.9387128899415929	0.9230883104998251	-0.01562457944176776
1270	0.9476312611108849	0.9208565728941904	-0.026774688216694487
1271	0.9489462714219546	0.9135479388605836	-0.03539833256137104
1272	0.9451985785668577	0.9182131332797799	-0.026985445287077803
1273	0.9333114283280396	0.9049809548148419	-0.02833047351319773
1274	0.8844190476190477	0.9176126984126984	0.033193650793650775
1275	0.9151240915946798	0.8994801989454396	-0.015643892649240154
1276	0.9291948898225156	0.9073823201577639	-0.021812569664751758
1277	0.9488995598239296	0.9018707482993197	-0.047028811524609915
1278	0.9261150684931507	0.9263780821917809	0.00026301369863013235
1279	0.9439232409381663	0.858078654347311	-0.08584458659085525
1280	0.9342105263157895	0.8925316083504852	-0.04167891796530432
1281	0.9282138884474813	0.9024047883892156	-0.025809100058265755
1282	0.9104959553320664	0.9186525621836161	0.00815660685154973
1283	0.9253951093951094	0.8612921492921493	-0.06410296010296013
1284	0.9418485159886357	0.9102641600677024	-0.03158435592093334
1285	0.9497896406648735	0.8971135940409684	-0.052676046623905126
1286	0.943580370795107	0.9122825879204893	-0.03129778287461771
1287	0.9308390022675737	0.9051107622536194	-0.02572824001395424
1288	0.9257121277514027	0.8747707164436772	-0.05094141130772545
1289	0.9252469520334609	0.8763904956839014	-0.048856456349559485
1290	0.904860934272699	0.879565967801262	-0.02529496647143703
1291	0.9636669530355098	0.9406977854142803	-0.02296916762122947
1292	0.9321568312161655	0.9141475049579246	-0.01800932625824092
1293	0.9624155405405406	0.9384258056133056	-0.023989734927234996
1294	0.9550962727433315	0.9171995524936701	-0.0378967202496614
1295	0.9265901482544238	0.9061573409851745	-0.02043280726924923
1296	0.9481099656357388	0.9169784905180094	-0.0311314751177294
1297	0.9576409181146974	0.929981486025295	-0.02765943208940247
1298	0.9272459499263623	0.893519882179676	-0.033726067746686295
1299	0.9224197477005853	0.9026974951830443	-0.019722252517541006
1300	0.9465847060528477	0.9337713153953915	-0.012813390657456236
1301	0.9449330743120637	0.906218645261832	-0.0387144290502317
1302	0.9149613287688602	0.8493470267528845	-0.06561430201597562
1303	0.9610405775454319	0.9321944236992781	-0.028846153846153855
1304	0.9487400040319871	0.929977824070963	-0.01876217996102414
1305	0.9359662077053381	0.9219367588932806	-0.014029448812057477
1306	0.9165464165464166	0.8858383332067543	-0.03070808333966224
1307	0.9224995705432297	0.9145975659711669	-0.007902004572062804
1308	0.9459797404241849	0.919610636277303	-0.026369104146881872
1309	0.9567020199328465	0.9272824175238501	-0.029419602408996437
1310	0.9355074682726005	0.8954782076145759	-0.04002926065802459
1311	0.8989975891384342	0.8661901337957676	-0.0328074553426666
1312	0.9340548703750314	0.8728290964007047	-0.061225773974326714
1313	0.8910843737414418	0.9025372533225936	0.01145287958115182
1314	0.9463924193004162	0.9286778765043302	-0.017714542796085975
1315	0.952314147446458	0.9315537479406919	-0.020760399505766136
1316	0.9417900679047697	0.9160053451144018	-0.02578472279036792
1317	0.93433837890625	0.9067626953125	-0.027575683593750067
1318	0.9302089215132694	0.9025268210050819	-0.027682100508187535
1319	0.9371619044928744	0.8703973107724468	-0.06676459372042765
1320	0.9158140102183252	0.9131713399016114	-0.0026426703167138355
1321	0.9632457432240394	0.9236751672996926	-0.039570575924346874
1322	0.9354960964147654	0.9091834414353932	-0.026312654979372185
1323	0.9181237101582206	0.9072173813345563	-0.010906328823664269
1324	0.9384160005752155	0.9174206382494278	-0.020995362325787692
1325	0.9323388449556674	0.9281212556913492	-0.0042175892643182555
1326	0.9029006882989183	0.8843903638151426	-0.018510324483775764
1327	0.9218720061314428	0.877167560835409	-0.04470444529603379
1328	0.9275783799120443	0.9086253369272237	-0.01895304298482059
1329	0.913696131336931	0.8046920523928961	-0.10900407894403485
1330	0.9452290345313601	0.892093023255814	-0.053136011275546124
1331	0.9276650710432338	0.9101739989362511	-0.017491072106982752
1332	0.9082312091503268	0.8313112745098039	-0.07691993464052294
1333	0.8908437826541274	0.8785397074190178	-0.01230407523510968
1334	0.9308560363247863	0.8981537126068376	-0.03270232371794868
1335	0.9352125414531203	0.9100241181790775	-0.025188423274042804
1336	0.9414367199687987	0.9069569032761311	-0.03447981669266764
1337	0.9333475056689342	0.8704790249433106	-0.06286848072562357
1338	0.9463016889924286	0.9232714868125468	-0.02303020217988183
1339	0.9603549332464996	0.9356421826301344	-0.02471275061636513
1340	0.9180182238127871	0.8967105764105688	-0.021307647402218244
1341	0.9289812853107344	0.8886240583804144	-0.04035722693032007
1342	0.922206822025935	0.9227941176470589	0.0005872956211239178
1343	0.9684791174152876	0.9418614832326416	-0.026617634182645955
1344	0.9499084463144771	0.9081930808789154	-0.04171536543556176
1345	0.923961549350842	0.9045609588394699	-0.019400590511372107
1346	0.9158795395005648	0.8190809238830005	-0.09679861561756431
1347	0.9202135727937384	0.8829445135454904	-0.03726905924824797
1348	0.9327425141192768	0.9067772528682556	-0.025965261251021166
1349	0.9542111747596246	0.9151668339027829	-0.03904434085684172
1350	0.9478065303547675	0.934257621261365	-0.01354890909340245
1351	0.9345986000058577	0.9217409132179363	-0.01285768678792143
1352	0.9423418803418804	0.8713846153846154	-0.07095726495726495
1353	0.9386431886431886	0.9205959205959205	-0.018047268047268084
1354	0.9177033863307867	0.8998425562667768	-0.017860830064009958
1355	0.9516116799393249	0.9444444444444444	-0.0071672354948805195
1356	0.9107156881444166	0.885427068023471	-0.02528862012094557
1357	0.9065897320248223	0.9175078152946483	0.010918083269826018
1358	0.9526470764978067	0.8635779099813713	-0.08906916651643537
1359	0.8938727847231762	0.8844621513944223	-0.009410633328753915
1360	0.9492326230339929	0.9295249873160832	-0.019707635717909677
1361	0.8965067778936392	0.8659917738384891	-0.030515004055150063
1362	0.9264135663100029	0.9278124079709433	0.0013988416609403975
1363	0.9553379106085084	0.9196508705797882	-0.03568704002872014
1364	0.9279379732392905	0.8831423088891194	-0.04479566435017113
1365	0.9096577797417391	0.9186306279766289	0.008972848234889752
1366	0.9302364233182366	0.8997105303250648	-0.030525892993171877
1367	0.8944344577209122	0.8533185294843326	-0.04111592823657961
1368	0.9427018472395184	0.9082866334578663	-0.03441521378165213
1369	0.9416357602967012	0.837051392878057	-0.10458436741864419
1370	0.921886677877429	0.8799280642750373	-0.041958613602391615
1371	0.9089869566060043	0.828798185941043	-0.08018877066496122
1372	0.9332928203375239	0.8811576588552547	-0.052135161482269265
1373	0.9555161256653794	0.9261037469992693	-0.029412378666110017
1374	0.9190020153875575	0.8661311914323963	-0.052870823955161295
1375	0.9123200992555831	0.9161042183622828	0.003784119106699735
1376	0.9586191860465116	0.909375	-0.049244186046511595
1377	0.9313626834381551	0.8858280922431866	-0.0455345911949685
1378	0.9430812069003024	0.890317387804825	-0.05276381909547745
1379	0.9510249132765689	0.9136970461473772	-0.03732786712919167
1380	0.9451431309138819	0.9186848724398131	-0.026458258474068796
1381	0.9361860489410044	0.9011908803635319	-0.034995168577472535
1382	0.9082619418483905	0.9058065074420215	-0.0024554344063689726
1383	0.9477320814599313	0.900191748214758	-0.04754033324517326
1384	0.9336997595328066	0.9318962555822742	-0.0018035039505324146
1385	0.952797374897457	0.9262510254306809	-0.02654634946677603
1386	0.9357016417340599	0.8890354378535976	-0.046666203880462276
1387	0.9322792815583102	0.8836326840374399	-0.048646597520870305
1388	0.9512005789092823	0.9291757121242024	-0.022024866785079977
1389	0.9336844139530389	0.9044255483621606	-0.029258865590878314
1390	0.9452154981800864	0.8512263156104365	-0.09398918256964994
1391	0.9531955361030271	0.9339925296180023	-0.01920300648502482
1392	0.9148325988291784	0.943537459711899	0.028704860882720507
1393	0.9427172582619339	0.8641370869033048	-0.07858017135862905
1394	0.9478094528710725	0.9014423076923077	-0.046367145178764835
1395	0.9184115423873762	0.9270600568291539	0.008648514441777722
1396	0.920186679322892	0.8842588198069926	-0.035927859515899385
1397	0.9518518518518518	0.9143722338690892	-0.03747961798276267
1398	0.9330682054481181	0.8822650239134955	-0.0508031815346226
1399	0.9387765831602745	0.9069687968244788	-0.03180778633579562
1400	0.890927147620061	0.8589061502447329	-0.03202099737532804
1401	0.9213209219858156	0.828692929964539	-0.09262799202127658
1402	0.953354880413704	0.8963671622495152	-0.056987718164188794
1403	0.8984267748094614	0.8988843829391066	0.0004576081296451262
1404	0.918918918918919	0.84762348555452	-0.07129543336439892
1405	0.9222763222299508	0.890357317670093	-0.031919004559857855
1406	0.8895741729866911	0.8513736831233216	-0.038200489863369436
1407	0.9271220304061437	0.8891923953423032	-0.037929635063840506
1408	0.9171187910318345	0.9072339898426854	-0.009884801189149028
1409	0.9496124031007752	0.9424896079092236	-0.0071227951915515675
1410	0.9142501924101593	0.8990468296726067	-0.015203362737552517
1411	0.9211295034079844	0.8864410905550146	-0.03468841285296975
1412	0.9196710942441493	0.873166470889431	-0.04650462335471828
1413	0.9309302557953637	0.9320293764988009	0.0010991207034372064
1414	0.9273145400593472	0.8656083086053412	-0.061706231454006
1415	0.909810012800046	0.8888265665674303	-0.02098344623261572
1416	0.9309697489809053	0.9018808553243224	-0.02908889365658296
1417	0.942016221261157	0.9283845779711593	-0.013631643289997775
1418	0.9509173712193847	0.9177852348993288	-0.03313213632005585
1419	0.9112314413894889	0.8996686573291239	-0.011562784060364928
1420	0.9618735431235431	0.9375874125874126	-0.02428613053613049
1421	0.9364327737121538	0.8796670971444971	-0.05676567656765674
1422	0.9214489214489214	0.9241707366707367	0.002721815221815249
1423	0.9399746244008539	0.9263201353365288	-0.013654489064325093
1424	0.9490861935233663	0.9050925925925926	-0.04399360093077376
1425	0.9319485396587892	0.9211518432131908	-0.010796696445598442
1426	0.935040813333985	0.9083899506329732	-0.0266508627010118
1427	0.9434766440687663	0.9329500271746903	-0.010526616894075969
1428	0.897881953437509	0.8719243719243719	-0.025957581513137096
1429	0.968640009232012	0.9247446771680803	-0.0438953320639317
1430	0.9483070600502975	0.9404864135435196	-0.00782064650677794
1431	0.9187158469945356	0.8804387050211362	-0.038277141973399376
1432	0.9421576508416871	0.9189994325704558	-0.023158218271231323
1433	0.9296631336465168	0.8613192530185969	-0.06834388062791985
1434	0.9420289855072463	0.9024652622142537	-0.039563723292992625
1435	0.9493065518890483	0.9358014679891045	-0.01350508389994387
1436	0.9504984436491286	0.9387195414592675	-0.011778902189861107
1437	0.930582774626096	0.9043149389719787	-0.026267835654117277
1438	0.9388103039505581	0.9191907083300035	-0.019619595620554597
1439	0.9475426130355707	0.9157255847396693	-0.031817028295901495
1440	0.912040717187776	0.8482821056350468	-0.06375861155272922
1441	0.9591341991341992	0.8809276437847866	-0.07820655534941257
1442	0.9391356542617046	0.8940276110444177	-0.0451080432172869
1443	0.9541712131732963	0.9103688693015148	-0.0438023438717815
1444	0.9158940817881636	0.8980822961645923	-0.01781178562357122
1445	0.937737421268044	0.9071146729407151	-0.03062274832732892
1446	0.934929435483871	0.9308635752688172	-0.004065860215053729
1447	0.9499331149960791	0.9249411873241385	-0.024991927671940584
1448	0.9408999953464563	0.9244264507422402	-0.016473544604216128
1449	0.9157627267151494	0.900867431875931	-0.014895294839218365
1450	0.9402621722846441	0.8819020866773676	-0.05836008560727657
1451	0.9433224678760394	0.905246126228269	-0.038076341647770295
1452	0.9235101525892107	0.9065841643638112	-0.01692598822539948
1453	0.900883851960173	0.866895335584181	-0.033988516375991984
1454	0.9268672264266978	0.901163447418954	-0.025703779007743788
1455	0.927081476198966	0.900655692240645	-0.02642578395832096
1456	0.9088918380889184	0.8535943375359434	-0.055297500552975
1457	0.9373371510379385	0.9110808876163207	-0.026256263421617798
1458	0.9511722252106868	0.9080598888291196	-0.043112336381567196
1459	0.9367753623188406	0.9147891963109355	-0.02198616600790515
1460	0.9055602378077948	0.9028609826655429	-0.0026992551422518885
1461	0.9490075373839704	0.9263105596083469	-0.022696977775623517
1462	0.9435720282415118	0.9236295572468655	-0.0199424709946463
1463	0.9280143121911038	0.8314456342668863	-0.09656867792421742
1464	0.9525292160709716	0.9023927322357759	-0.050136483835195755
1465	0.94361215147732	0.9007360590928006	-0.04287609238451939
1466	0.9345198857393979	0.9333333333333333	-0.0011865524060645782
1467	0.9489291598023064	0.9416681920800537	-0.007260967722252709
1468	0.9185481397598321	0.9136173826880883	-0.00493075707174373
1469	0.9443526170798898	0.8911920184647457	-0.053160598615144106
1470	0.9298252218844413	0.9051944018296643	-0.024630820054777014
1471	0.9612817089452603	0.9352321614003857	-0.02604954754487465
1472	0.9419323721426972	0.890462163884726	-0.05147020825797122
1473	0.9361245022007965	0.9340494655208552	-0.0020750366799412445
1474	0.9420383538030597	0.9020011850894204	-0.04003716871363927
1475	0.9126440890000893	0.9011527120007149	-0.011491376999374414
1476	0.9259626459824748	0.9374808637205301	0.01151821773805528
1477	0.9292335814074945	0.8834867476171824	-0.04574683379031208
1478	0.9598032407407407	0.9487962962962962	-0.0110069444444445
1479	0.8958920282272129	0.8332528374788698	-0.06263919074834312
1480	0.9705455885967068	0.9349717375276481	-0.03557385106905875
1481	0.9353507942381755	0.8285843509724107	-0.10676644326576479
1482	0.9526612409855212	0.9488793311210396	-0.0037819098644815696
1483	0.9447990699306835	0.8669825392647188	-0.07781653066596472
1484	0.9400408282298046	0.9019889180519102	-0.038051910177894444
1485	0.9308119231728611	0.9080506360688451	-0.022761287104016037
1486	0.9512179129921647	0.9270727469429236	-0.024145166049241107
1487	0.939219992427111	0.9099280575539568	-0.02929193487315418
1488	0.9335482218332408	0.9236114075908295	-0.00993681424241133
1489	0.9135208012326657	0.8601144618093771	-0.05340633942328854
1490	0.9407784867040637	0.8928189097760459	-0.04795957692801778
1491	0.9298138342851939	0.8993846514108785	-0.030429182874315397
1492	0.9438653247064462	0.9145099448837767	-0.02935537982266956
1493	0.9203708036027606	0.8674698795180723	-0.05290092408468827
1494	0.9140384455354914	0.9075753793237358	-0.00646306621175563
1495	0.9154882154882155	0.8789001122334456	-0.03658810325476991
1496	0.9114277636415041	0.900876448968052	-0.010551314673452161
1497	0.895855894881236	0.892318244170096	-0.0035376507111399835
1498	0.9222714908521817	0.900709219858156	-0.021562270994025745
1499	0.9399783315276273	0.9403274346936319	0.0003491031660045607
1500	0.9701686856107777	0.9414921317785577	-0.02867655383222001
1501	0.9232714388626707	0.88811949602317	-0.03515194283950074
1502	0.9254792470208969	0.9125698002417822	-0.012909446779114653
1503	0.9485922176526416	0.8929136349256565	-0.055678582726985115
1504	0.9328394111421149	0.905256743320825	-0.02758266782128993
1505	0.9568417474077852	0.933401325854156	-0.02344042155362913
1506	0.8792420327304048	0.8933677863910422	0.014125753660637397
1507	0.9089488604656354	0.8942275497220921	-0.014721310743543325
1508	0.936895580188628	0.920262817235415	-0.01663276295321292
1509	0.938725012189176	0.9106045831301804	-0.02812042905899559
1510	0.9564604220621041	0.9016513243929332	-0.05480909766917097
1511	0.9434021632251721	0.9048836447066536	-0.03851851851851851
1512	0.9604708492542833	0.9557623567114507	-0.004708492542832565
1513	0.8913384374135227	0.8542723610982996	-0.03706607631522307
1514	0.9025510048952538	0.8562437289063213	-0.04630727598893247
1515	0.9413889406069633	0.9227704338112084	-0.01861850679575494
1516	0.938667048327847	0.8758360765230666	-0.06283097180478037
1517	0.9476312264036049	0.9302155644866642	-0.01741566191694066
1518	0.9503475670307845	0.918773712219591	-0.03157385481119346
1519	0.9228777985074627	0.8894356343283583	-0.033442164179104394
1520	0.9286713286713286	0.8739544326641101	-0.05471689600721852
1521	0.9170257230578704	0.91696122190975	-6.450114812039942e-05
1522	0.9576429658621439	0.9325360585634558	-0.02510690729868814
1523	0.904866081195112	0.85389255242679	-0.05097352876832206
1524	0.9287145760415491	0.910057017048662	-0.018657558992887013
1525	0.9344017987868647	0.9103743986613679	-0.024027400125496756
1526	0.9289677493931338	0.9230339459792702	-0.005933803413863514
1527	0.9235643564356436	0.8871551155115511	-0.03640924092409248
1528	0.9314843348741654	0.9215716486902927	-0.009912686183872643
1529	0.9561066144249111	0.923091199670052	-0.03301541475485903
1530	0.9448367926965808	0.9112336003215342	-0.03360319237504661
1531	0.9527691511387164	0.8962359098228664	-0.056533241315850025
1532	0.9284880975528458	0.8913641287742007	-0.0371239687786451
1533	0.9624763257575758	0.9507339015151515	-0.011742424242424332
1534	0.9084541269977414	0.8596792177716785	-0.04877490922606287
1535	0.9322398535245652	0.8938358254501068	-0.03840402807445842
1536	0.9316786017720597	0.878589634664401	-0.05308896710765876
1537	0.923313662034393	0.9016646572329039	-0.021649004801489125
1538	0.9049561669993924	0.8891444608396262	-0.015811706159766237
1539	0.905613864163087	0.8612993224392188	-0.04431454172386817
1540	0.9277613181558293	0.9054004885908831	-0.022360829564946227
1541	0.9298005380383413	0.9167131189258622	-0.013087419112479126
1542	0.9511379335417727	0.915606291960542	-0.03553164158123068
1543	0.9387710199591388	0.8647179003614647	-0.07405311959767413
1544	0.9371411231968629	0.8921735679940246	-0.04496755520283835
1545	0.9296184956766975	0.8583279098356422	-0.0712905858410553
1546	0.9400788244453094	0.8862032892175944	-0.05387553522771504
1547	0.9005195929854947	0.8870155877895648	-0.013504005195929869
1548	0.920770118001952	0.911143642977553	-0.00962647502439895
1549	0.9341210436270316	0.870551753635586	-0.06356928999144562
1550	0.939166171828609	0.8379379316810951	-0.10122824014751386
1551	0.9240568520793122	0.9180324033456162	-0.006024448733696008
1552	0.9039536741214057	0.9037318068867589	-0.0002218672346467887
1553	0.9011023622047244	0.9059017622797151	0.0047994000749906895
1554	0.9149090909090909	0.9158636363636363	0.0009545454545454302
1555	0.8844699964067553	0.8368523176428315	-0.047617678763923754
1556	0.9509249471458774	0.922815362931642	-0.028109584214235372
1557	0.9461475099623767	0.9246866582069948	-0.021460851755381927
1558	0.9373613193403298	0.9302948525737131	-0.007066466766616708
1559	0.9458177702320317	0.9055121675155631	-0.04030560271646866
1560	0.9140331664580726	0.9004028473091364	-0.013630319148936199
1561	0.9039003759398496	0.891734544695071	-0.012165831244778658
1562	0.9449612403100776	0.8954762663268557	-0.049484973983221825
1563	0.9347350427350427	0.8575897435897436	-0.0771452991452991
1564	0.9479575005890796	0.9022342180236917	-0.045723282565387824
1565	0.9289653046545878	0.8787774999714583	-0.050187804683129555
1566	0.9580361159308528	0.9273504273504274	-0.03068568858042542
1567	0.9467700258397933	0.9461776013108968	-0.000592424528896518
1568	0.9078742608154373	0.8548085901027077	-0.05306567071272961
1569	0.9474927371479096	0.9386131110269041	-0.008879626121005457
1570	0.9478386976047904	0.9116532559880239	-0.03618544161676651
1571	0.8789269553975436	0.8543956043956044	-0.02453135100193926
1572	0.9326444091149974	0.9300079491255961	-0.0026364599894012075
1573	0.9469661538461538	0.9383261538461538	-0.008639999999999981
1574	0.9556950985522414	0.8929770626199197	-0.06271803593232173
1575	0.9472870418579701	0.9281803695113677	-0.01910667234660235
1576	0.9326853591559474	0.8757286698463169	-0.05695668930963049
1577	0.9458343792709117	0.9031880177391013	-0.04264636153181045
1578	0.9154027926960258	0.8768349445041175	-0.03856784819190828
1579	0.9393378977466488	0.8601951680176281	-0.0791427297290207
1580	0.9066174807779286	0.8630568747173225	-0.04356060606060608
1581	0.9296351247389824	0.8942740960545115	-0.035361028684470885
1582	0.9447079692530057	0.9449444845936535	0.00023651534064783597
1583	0.9365999433238015	0.8915423654584331	-0.04505757786536835
1584	0.9296927257525084	0.8701295986622074	-0.05956312709030098
1585	0.92774114519534	0.900323177565222	-0.027417967630118056
1586	0.9443240901213171	0.8963989986520315	-0.047925091469285586
1587	0.9601322247821297	0.9041495542422118	-0.0559826705399179
1588	0.881901131901132	0.8513946638946639	-0.030506468006468057
1589	0.9195830797321972	0.8465079123554473	-0.0730751673767499
1590	0.9100608129734343	0.8225297587294813	-0.08753105424395302
1591	0.9119684663162924	0.8300950257471996	-0.08187344056909274
1592	0.9316730523627076	0.924695228143504	-0.0069778242192035655
1593	0.9138453831144862	0.8954147550493066	-0.01843062806517959
1594	0.9318450870962286	0.85408663719166	-0.0777584499045686
1595	0.9346247622109691	0.8966722932240173	-0.037952468986951815
1596	0.9278887000849617	0.8908544726301736	-0.03703422745478813
1597	0.9419091605245525	0.9009643916913946	-0.040944768833157896
1598	0.9355797344581316	0.9225063509562383	-0.013073383501893243
1599	0.9186775724116877	0.8584839657562998	-0.060193606655387866
1600	0.9410575427682737	0.8951455232170629	-0.045912019551210825
1601	0.915899562170274	0.8646750313288055	-0.051224530841468496
1602	0.9596342551293487	0.9004530729142213	-0.05918118221512747
1603	0.9033345053914674	0.875673933427098	-0.02766057196436944
1604	0.9235067246835443	0.8772003560126582	-0.04630636867088611
1605	0.9217969020636413	0.8880585935566883	-0.03373830850695303
1606	0.956202886694326	0.8908432186057383	-0.06535966808858762
1607	0.945529261318735	0.9226690805638174	-0.02286018075491769
1608	0.934211064874821	0.8967596698274097	-0.03745139504741124
1609	0.9421777025639019	0.8985884355405128	-0.043589267023389056
1610	0.9104411656396534	0.8677730586993347	-0.04266810694031864
1611	0.9402894044486965	0.9184286055967472	-0.021860798851949248
1612	0.940763142848545	0.9175468688874846	-0.023216273961060407
1613	0.9335049335049335	0.8813967028252743	-0.052108230679659195
1614	0.946982046886339	0.8679652086116049	-0.07901683827473416
1615	0.9290117811609017	0.8955511323901232	-0.03346064877077848
1616	0.9245079365079365	0.9051428571428571	-0.019365079365079363
1617	0.9063156788566624	0.8909336906263136	-0.015381988230348864
1618	0.9102064624053531	0.8550030815284381	-0.05520338087691501
1619	0.9163168800807608	0.888050581796929	-0.02826629828383187
1620	0.9107252224664049	0.8821798705431663	-0.028545351923238593
1621	0.9299500072104985	0.8970701341152718	-0.032879873095226664
1622	0.9411688311688312	0.9064935064935065	-0.03467532467532475
1623	0.9224206878165823	0.8859637430018662	-0.036456944814716064
1624	0.9436886369980219	0.9255816211361788	-0.018107015861843045
1625	0.9383142564675228	0.8977526521496371	-0.04056160431788569
1626	0.9317725752508361	0.8842105263157894	-0.047562048935046675
1627	0.9353825002455072	0.9114646415049047	-0.023917858740602482
1628	0.9127387078330474	0.8404345340194397	-0.07230417381360776
1629	0.944510167739686	0.935556579455313	-0.008953588284372982
1630	0.9468277782283134	0.9249587759846457	-0.021869002243667723
1631	0.9238366003291935	0.884894508454287	-0.03894209187490649
1632	0.9046404369895132	0.8844786271933215	-0.020161809796191754
1633	0.9178164743694367	0.880792457094073	-0.03702401727536375
1634	0.9109208766932155	0.88050113365502	-0.0304197430381955
1635	0.9573710035315811	0.9485368419956037	-0.00883416153597738
1636	0.912439272398599	0.9062252852784997	-0.006213987120099351
1637	0.9283582089552239	0.9165894664607994	-0.0117687424944245
1638	0.9197419561646031	0.8817299087764288	-0.03801204738817432
1639	0.9268170426065163	0.8711654135338346	-0.05565162907268173
1640	0.9214324618736384	0.8929119627649039	-0.028520499108734443
1641	0.9333312907870952	0.91922240264714	-0.014108888139955256
1642	0.9507010770168665	0.9200839937682043	-0.03061708324866219
1643	0.9552735033134898	0.9433000112321689	-0.011973492081320924
1644	0.9385572168383153	0.8900202237471213	-0.04853699309119397
1645	0.9220082304526749	0.8999670781893004	-0.02204115226337444
1646	0.9397653467420909	0.8817724701445632	-0.05799287659752772
1647	0.9180604515112878	0.8943473586839671	-0.023713092827320703
1648	0.939021460095856	0.9269446235947242	-0.012076836501131782
1649	0.9456460674157303	0.8978029695024077	-0.04784309791332264
1650	0.9382732532265242	0.9097018246550956	-0.02857142857142858
1651	0.9008328903065745	0.895605174552543	-0.005227715754031581
1652	0.8960725709191967	0.8875648890986314	-0.008507681820565272
1653	0.9121276507103279	0.8648002333041703	-0.047327417406157535
1654	0.8996098626716604	0.8979400749063671	-0.0016697877652933624
1655	0.9489505012531328	0.9076754385964912	-0.0412750626566416
1656	0.9328318933380115	0.8948511030217973	-0.037980790316214263
1657	0.9343956907193357	0.9257097968802603	-0.008685893839075365
1658	0.9213932042650179	0.8979067878756124	-0.023486416389405518
1659	0.921504565636257	0.9035938678059814	-0.017910697830275657
1660	0.9394246040111874	0.9333389551798288	-0.006085648831358648
1661	0.9308299965181058	0.8909187848189415	-0.03991121169916434
1662	0.9282571032571033	0.8804400554400554	-0.047817047817047875
1663	0.9422958870472683	0.8885918533040258	-0.05370403374324251
1664	0.9592913597988144	0.9363548589904797	-0.02293650080833476
1665	0.9438508213704306	0.920359133737852	-0.023491687632578584
1666	0.9202386456200603	0.9038702859784691	-0.016368359641591224
1667	0.9743963892111369	0.9144884715777262	-0.059907917633410745
1668	0.9312958770666118	0.9192449292264069	-0.012050947840204884
1669	0.940518417462483	0.9049333274655635	-0.03558508999691945
1670	0.9344278033794163	0.8609190988223246	-0.07350870455709169
1671	0.9441232265173287	0.9109084093464951	-0.03321481717083363
1672	0.8941002118621957	0.8903534863333229	-0.003746725528872785
1673	0.9338819788646778	0.9159146170391845	-0.0179673618254933
1674	0.9511724851083081	0.9068905716470803	-0.044281913461227784
1675	0.9345548938769278	0.8947930981829287	-0.03976179569399907
1676	0.9570460295722012	0.8911585153547967	-0.06588751421740446
1677	0.9372580332946187	0.9272406116918313	-0.010017421602787402
1678	0.9396030067631231	0.8967105676417011	-0.042892439121422044
1679	0.9550226978773046	0.9270497831655297	-0.027972914711774988
1680	0.9260772659732541	0.8998365527488856	-0.026240713224368495
1681	0.9115380440681645	0.8777994862332211	-0.033738557834943395
1682	0.9483050372611643	0.9334117778898414	-0.014893259371322909
1683	0.9303725156764799	0.90085290679137	-0.02951960888510996
1684	0.9335706222498675	0.8863547354113391	-0.0472158868385284
1685	0.9240152650947253	0.8762028076870656	-0.047812457407659714
1686	0.9375746714456392	0.885946833930705	-0.05162783751493427
1687	0.8834415584415585	0.8978200371057514	0.01437847866419295
1688	0.928373565492679	0.8895782689807225	-0.03879529651195657
1689	0.9350282110852971	0.9022768005310322	-0.03275141055426489
1690	0.9408394287704632	0.9326889585510275	-0.008150470219435713
1691	0.9368841924889333	0.9359679185111143	-0.0009162739778190154
1692	0.9410416333493257	0.9052721360413668	-0.035769497307958864
1693	0.8967017270484353	0.8404622776262823	-0.056239449422152976
1694	0.8764472092621393	0.880248833592535	0.0038016243303957697
1695	0.9419979183187946	0.9254188144329897	-0.01657910388580497
1696	0.9250995181227739	0.8935979168537308	-0.03150160126904311
1697	0.9357734806629834	0.9034412478102681	-0.03233223285271525
1698	0.9478675645342312	0.8836700336700337	-0.06419753086419744
1699	0.9452614379084967	0.8940891171283328	-0.05117232078016387
1700	0.9478324166936266	0.9302005823358136	-0.017631834357813014
1701	0.9490132292344394	0.8788332248969855	-0.07018000433745397
1702	0.9460332989744754	0.9281084575202222	-0.017924841454253215
1703	0.9622459975369458	0.9437089490968801	-0.018537048440065762
1704	0.9111700667825451	0.8624554020675144	-0.04871466471503072
1705	0.9344785762023813	0.9038590064110498	-0.030619569791331513
1706	0.9370617330328074	0.9023916854495367	-0.034670047583270636
1707	0.9045680528747734	0.8942504532958999	-0.01031759957887346
1708	0.9443657166850364	0.9357975122028027	-0.008568204482233721
1709	0.9649676405439853	0.9402061600524682	-0.024761480491517163
1710	0.8932098765432098	0.8414554905782976	-0.05175438596491222
1711	0.934154022330375	0.8898185982354319	-0.04433542409494318
1712	0.9408602150537635	0.9241074080674865	-0.016752806986277013
1713	0.9326542082338064	0.9030490375158072	-0.029605170717999174
1714	0.9266666666666666	0.8965021929824561	-0.03016447368421049
1715	0.8999909302536506	0.8862956132660157	-0.013695316987634931
1716	0.9424035420619861	0.9056166982922201	-0.03678684376976593
1717	0.9350391549808778	0.9007466763795301	-0.03429247860134765
1718	0.9155867487484131	0.8656430402184588	-0.04994370852995422
1719	0.9338224504768892	0.9222303741746148	-0.011592076302274323
1720	0.939840303937667	0.8652081522264078	-0.07463215171125925
1721	0.9446077134142095	0.920428430157249	-0.024179283256960504
1722	0.9258911126366373	0.9400644241432117	0.014173311506574415
1723	0.9506636526980815	0.9067060801020113	-0.04395757259607025
1724	0.8952898550724637	0.8416041979010495	-0.05368565717141427
1725	0.9394633144633144	0.9364801864801865	-0.0029831279831279423
1726	0.9012046861184793	0.8344385499557914	-0.0667661361626879
1727	0.9409675615212528	0.8849552572706935	-0.056012304250559364
1728	0.9309164659652681	0.8728736214982887	-0.05804284446697938
1729	0.9561700951950368	0.9461859191721297	-0.009984176022907132
1730	0.9384578351921689	0.9240953221535746	-0.01436251303859426
1731	0.934376571141277	0.9073906485671192	-0.026985922574157883
1732	0.9052162582489176	0.8370532274109257	-0.06816303083799191
1733	0.9333382137628111	0.8272181551976574	-0.10612005856515372
1734	0.9379096021309882	0.9123927106676251	-0.02551689146336311
1735	0.9272106871838112	0.8862247048903878	-0.04098598229342332
1736	0.9167510875394792	0.8964602824623086	-0.020290805077170626
1737	0.9318693693693694	0.852429214929215	-0.0794401544401544
1738	0.9276070644683784	0.9267903629217498	-0.0008167015466286065
1739	0.9450154521681979	0.9049377018920166	-0.04007775027618132
1740	0.9037952222045659	0.8689151967794905	-0.0348800254250754
1741	0.9386362118479931	0.8879716823615842	-0.05066452948640887
1742	0.9399466295393897	0.9331360946745562	-0.006810534864833517
1743	0.9298229350143692	0.8932279595809771	-0.036594975433392074
1744	0.943188510305871	0.8891893516014663	-0.05399915870440475
1745	0.916277491175672	0.936424110779256	0.020146619603583993
1746	0.8949464886964887	0.8984337421837422	0.0034872534872534278
1747	0.9407435740514076	0.906655446756426	-0.034088127294981674
1748	0.9399004108610218	0.9277420507324045	-0.012158360128617374
1749	0.9526276990138783	0.9144221626299426	-0.038205536383935756
1750	0.9236994347288465	0.8715443384561031	-0.052155096272743395
1751	0.9380880121396055	0.9126224306800939	-0.02546558145951161
1752	0.9091447658662634	0.8747211193042163	-0.034423646562047105
1753	0.948269747175356	0.9164640016213204	-0.03180574555403559
1754	0.9446628636036591	0.9274205982115326	-0.017242265392126588
1755	0.9194311221381656	0.8939889015650787	-0.02544222057308687
1756	0.9183256266731565	0.8920580838809118	-0.026267542792244747
1757	0.9369040284012558	0.8969280873162574	-0.039975941084998357
1758	0.9559595876542956	0.921826983360227	-0.034132604294068614
1759	0.947308334065162	0.9041231228594011	-0.04318521120576091
1760	0.9317112086158755	0.8880999867038958	-0.04361122191197975
1761	0.9194214876033058	0.8723940282591309	-0.04702745934417485
1762	0.9515809775161143	0.9278916916205654	-0.02368928589554886
1763	0.955183233674738	0.9436741459949085	-0.0115090876798295
1764	0.9517051006449091	0.9330784639437171	-0.018626636701192023
1765	0.9097037330765309	0.8888149323061236	-0.020888800770407223
1766	0.9439135381114904	0.8945250284414107	-0.04938850967007968
1767	0.9459041954205527	0.9031992608206046	-0.04270493459994806
1768	0.9433054891106964	0.890743778882641	-0.05256171022805545
1769	0.9418169355689128	0.9098518401349783	-0.03196509543393444
1770	0.9408906221287543	0.9197174183800559	-0.021173203748698355
1771	0.9164507913011298	0.9105840607788929	-0.0058667305222369626
1772	0.9281516463334645	0.8841401023219205	-0.044011544011543946
1773	0.9321404226312202	0.8917064303567371	-0.04043399227448308
1774	0.9296684600174737	0.9181036464799742	-0.011564813537499496
1775	0.9358176638176638	0.924991452991453	-0.010826210826210825
1776	0.9106463878326996	0.8787824778200254	-0.03186391001267419
1777	0.9434520676142013	0.9026261917295432	-0.040825875884658136
1778	0.9544246536612949	0.9254961832061068	-0.028928470455188093
1779	0.9231475888452633	0.8668201953085674	-0.05632739353669591
1780	0.9125606060606061	0.870969696969697	-0.04159090909090912
1781	0.9578646589259797	0.9327527818093856	-0.025111877116594128
1782	0.9453138211382114	0.9357008130081301	-0.009613008130081258
1783	0.9323500431087572	0.8493810814139673	-0.08296896169478996
1784	0.9285391225689733	0.8688037087290819	-0.05973541383989145
1785	0.8987166146375304	0.8169614984391259	-0.08175511619840448
1786	0.9445714596771999	0.9357121471925097	-0.008859312484690185
1787	0.9256902624701738	0.8674427492743593	-0.05824751319581456
1788	0.940398322851153	0.8998218029350105	-0.04057651991614253
1789	0.9288455824088748	0.8809181854199684	-0.04792739698890647
1790	0.9069756554307116	0.8757022471910112	-0.03127340823970037
1791	0.9351567076742824	0.9146406951767233	-0.020516012497559077
1792	0.9514205652102888	0.910179565474171	-0.041240999736117834
1793	0.9553364149974319	0.9462455059065229	-0.009090909090909038
1794	0.8902225556389097	0.8835958989747437	-0.006626656664166064
1795	0.924988884586148	0.9052249616338941	-0.01976392295225393
1796	0.9140322693301669	0.8631417196340015	-0.050890549696165355
1797	0.9361576402204455	0.8570119267272047	-0.07914571349324073
1798	0.9284083834820502	0.8903530008531046	-0.03805538262894559
1799	0.9171380090497737	0.9047716988893459	-0.012366310160427774
1800	0.9577783525151946	0.8995085995085995	-0.05826975300659509
1801	0.9299297134471306	0.8760330578512396	-0.05389665559589096
1802	0.9226516735416549	0.9137801133902168	-0.008871560151438085
1803	0.9456999190844989	0.9248160135629793	-0.02088390552151964
1804	0.9035631399317406	0.8665665529010239	-0.03699658703071673
1805	0.9170168815442695	0.892994515278866	-0.02402236626540355
1806	0.9382201086956522	0.8942119565217391	-0.04400815217391307
1807	0.9365313163481953	0.9178742038216561	-0.018657112526539232
1808	0.9046777721689383	0.9099080150316899	0.005230242862751644
1809	0.9393062912368739	0.92392667967661	-0.015379611560263906
1810	0.9285551984938488	0.8946235163004079	-0.03393168219344089
1811	0.9341832761734348	0.9016187020560995	-0.032564574117335265
1812	0.920379134561479	0.8723223947536538	-0.04805673980782521
1813	0.9218789392862873	0.9301299534734477	0.008251014187160455
1814	0.9519115984745243	0.908946851329509	-0.0429647471450153
1815	0.9417831669044222	0.8722539229671897	-0.06952924393723248
1816	0.9336016096579477	0.9363152599809382	0.002713650322990535
1817	0.923938026223339	0.9137797572971621	-0.010158268926176883
1818	0.9585970565294667	0.9005459869321161	-0.058051069597350624
1819	0.9438713885399556	0.8929123586819983	-0.050959029857957305
1820	0.9401896538431886	0.894965692699098	-0.04522396114409066
1821	0.951106472753389	0.9379993715773409	-0.013107101176048075
1822	0.9456518800854216	0.936068986024383	-0.009582894061038516
1823	0.9302281317127552	0.9019631835114338	-0.028264948201321416
1824	0.8965405313060562	0.8713419321773298	-0.02519859912872635
1825	0.9326215022091311	0.8720785041941475	-0.06054299801498364
1826	0.9358924522189829	0.9043893747975381	-0.03150307742144476
1827	0.9394646747587924	0.8940384234501881	-0.045426251308604226
1828	0.9235468548364955	0.9145822465061366	-0.008964608330358836
1829	0.9245418537100607	0.8932875627145498	-0.031254290995510914
1830	0.9523336643495531	0.9294333604164786	-0.022900303933074517
1831	0.91899414683802	0.8596672604657081	-0.05932688637231198
1832	0.9540823716865434	0.8865433827434697	-0.06753898894307375
1833	0.9087725244308874	0.8603344065977518	-0.04843811783313556
1834	0.9232309900898398	0.9188779290543669	-0.004353061035472838
1835	0.8901133127669673	0.8935245609871856	0.0034112482202183214
1836	0.9455836166844032	0.88475614504114	-0.06082747164326319
1837	0.9313927883292045	0.9082369942196532	-0.023155794109551264
1838	0.9259351256575102	0.8894360023378142	-0.03649912331969607
1839	0.9406653551251009	0.8712167070217918	-0.06944864810330909
1840	0.8890310786106033	0.8412614259597806	-0.04776965265082267
1841	0.9588453799721406	0.9306376721869679	-0.028207707785172675
1842	0.9402979373567609	0.8919276801629743	-0.048370257193786625
1843	0.9363863951964638	0.9065305403978173	-0.029855854798646497
1844	0.9394360023378141	0.9152785895187999	-0.02415741281901418
1845	0.9319312128379125	0.8994496142879247	-0.03248159854998778
1846	0.9403508771929825	0.9127758913412564	-0.02757498585172613
1847	0.9338444367675587	0.905623023570992	-0.02822141319656668
1848	0.9449012250303499	0.9138754000662178	-0.031025824964132087
1849	0.9228022589292336	0.9011983344105275	-0.021603924518706075
1850	0.9373840114204139	0.926802284082798	-0.010581727337615976
1851	0.9349594803190121	0.9111782865963468	-0.023781193722665295
1852	0.9265932102441929	0.9150536033353186	-0.011539606908874345
1853	0.9220058042192208	0.9031420917513115	-0.0188637124679093
1854	0.9122329633607829	0.9059553646019811	-0.006277598758801739
1855	0.9348093744312281	0.8884511204136912	-0.046358254017536904
1856	0.9126526251526251	0.8869810744810744	-0.02567155067155069
1857	0.9241721230392388	0.8604385510386735	-0.06373357200056529
1858	0.9343425401322002	0.8728901085930123	-0.06145243153918789
1859	0.9281704617330804	0.9082068311195446	-0.019963630613535788
1860	0.9262661426165075	0.8859404828747894	-0.04032565974171809
1861	0.9434509012912116	0.9196863591812384	-0.02376454210997314
1862	0.9246129296588605	0.913906499331522	-0.010706430327338534
1863	0.9332134651882928	0.8885825591848966	-0.04463090600339625
1864	0.908442577248739	0.8576003941857601	-0.05084218306297894
1865	0.9276469249587529	0.8712948739830461	-0.056352050975706836
1866	0.9441884280593958	0.8926437958696023	-0.05154463218979355
1867	0.9080738998576469	0.8980163396670174	-0.010057560190629422
1868	0.9359110638674816	0.894026633596126	-0.04188443027135558
1869	0.9475385725385725	0.9243950493950494	-0.023143523143523193
1870	0.9440421990011834	0.9078401091076836	-0.03620208989349971
1871	0.9560511150087697	0.9153929675102314	-0.040658147498538355
1872	0.9091601822951012	0.8912384050644041	-0.0179217772306971
1873	0.9191506547166002	0.912533590145855	-0.006617064570745179
1874	0.9168161556860187	0.9071401391606871	-0.009676016525331566
1875	0.9226381983035975	0.8914156186019304	-0.031222579701667086
1876	0.9198187229437229	0.910741341991342	-0.009077380952380865
1877	0.9016846869499623	0.8899295951722404	-0.011755091777721938
1878	0.9038318820502672	0.8993543439540866	-0.004477538096180567
1879	0.9166000639386189	0.8794490622335891	-0.03715100170502983
1880	0.9036128480572925	0.8637432526321415	-0.039869595425151005
1881	0.9128888246535305	0.8802010566716449	-0.03268776798188555
1882	0.8788367178825973	0.8437735038143332	-0.03506321406826407
1883	0.9128818889452003	0.9124010759814433	-0.00048081296375701577
1884	0.9316363815919415	0.8964299822239779	-0.03520639936796366
1885	0.9391169759963708	0.9351808611418736	-0.003936114854497186
1886	0.9209671538894966	0.8817738888336482	-0.039193265055848414
1887	0.9513535353535354	0.927030303030303	-0.024323232323232413
1888	0.8981477477477477	0.9114522522522522	0.013304504504504489
1889	0.922256484672592	0.9204788681298749	-0.0017776165427171309
1890	0.9084772370486656	0.876252319109462	-0.03222491793920357
1891	0.9045795239271889	0.8801032314746177	-0.024476292452571213
1892	0.9179057999221487	0.8691027637212924	-0.04880303620085635
1893	0.9322800718132854	0.9181807301017355	-0.014099341711549918
1894	0.9461509992598075	0.9096225018504811	-0.0365284974093264
1895	0.931594653025182	0.8825096677933072	-0.04908498523187477
1896	0.8985472857180522	0.8776398006802183	-0.020907485037833906
1897	0.9454729852559871	0.9073930556751533	-0.03807992958083384
1898	0.9294516191067915	0.8879865086761638	-0.04146511043062773
1899	0.8785928472171433	0.8356493332358176	-0.042943513981325676
1900	0.9396896239899653	0.887576208395321	-0.05211341559464422
1901	0.948243013059113	0.8867579332534224	-0.06148507980569051
1902	0.9155271822743677	0.9156997224978073	0.00017254022343959896
1903	0.9335893497183819	0.923758320532514	-0.009831029185867868
1904	0.952747402522515	0.9174154181650434	-0.035331984357471646
1905	0.9024540682414698	0.8718635170603675	-0.03059055118110232
1906	0.9235179500119153	0.8974164879375359	-0.026101462074379356
1907	0.9253299932556123	0.8813308925073065	-0.04399910074830582
1908	0.9382483987747146	0.9058293882855286	-0.03241901048918594
1909	0.9462137550922598	0.9063024203211119	-0.039911334771147944
1910	0.9272510435301133	0.8915656264493473	-0.035685417080766
1911	0.9345879346984903	0.9118503322810078	-0.022737602417482572
1912	0.9361258349493644	0.8907304460245636	-0.04539538892480077
1913	0.9409272063766446	0.9313958513396715	-0.00953135503697311
1914	0.9453881858978063	0.9241251131526742	-0.02126307274513206
1915	0.9226294357184409	0.8779712380102006	-0.04465819770824031
1916	0.9267901627179732	0.8872502252610378	-0.0395399374569354
1917	0.9551995252929832	0.9512271506040977	-0.0039723746888855604
1918	0.8913259599850876	0.8912016900708338	-0.00012426991425373846
1919	0.9277447863088002	0.857395024782568	-0.07034976152623218
1920	0.9520149694206884	0.933642266008615	-0.01837270341207342
1921	0.9055954192940494	0.90065473170496	-0.0049406875890893875
1922	0.9601909236305478	0.9403613554578168	-0.01982956817273096
1923	0.9282605356137027	0.9192739003533207	-0.008986635260382014
1924	0.9275258673158856	0.897991479001826	-0.029534388314059634
1925	0.9210316272573081	0.9199715653995809	-0.0010600618577272236
1926	0.9296245130899538	0.8753736751517348	-0.05425083793821894
1927	0.9130699088145897	0.911911094224924	-0.0011588145896657132
1928	0.9536293823038398	0.8887746243739566	-0.06485475792988316
1929	0.9493261099365751	0.915719696969697	-0.03360641296687805
1930	0.9286606054374807	0.9003422293377201	-0.028318376099760623
1931	0.9293710021321961	0.9172308102345416	-0.012140191897654584
1932	0.9677172874880611	0.9012279983626689	-0.0664892891253922
1933	0.9241170676797523	0.8989165611369073	-0.025200506542845003
1934	0.9527334654015918	0.9506481771104855	-0.002085288291106213
1935	0.911758973712268	0.8595389042383665	-0.052220069473901454
1936	0.9398178217821782	0.8966019801980198	-0.043215841584158365
1937	0.9341884053130254	0.8748232517229477	-0.05936515359007766
1938	0.8936721351918095	0.8859010731466633	-0.007771062045146215
1939	0.8832082551594747	0.8699186991869918	-0.013289555972482825
1940	0.9130914588057445	0.8754043839758126	-0.037687074829931944
1941	0.9239698377637291	0.8977378322796862	-0.02623200548404292
1942	0.9244589354479464	0.9246199465979685	0.00016101115002209454
1943	0.9570051458774769	0.9024960998439937	-0.054509046033483166
1944	0.9484380996239159	0.9469951646327424	-0.001442934991173539
1945	0.9350805350805351	0.8896532896532896	-0.04542724542724552
1946	0.9500958629326299	0.9209934281249653	-0.029102434807664612
1947	0.9347353081072328	0.9003066398145992	-0.03442866829263358
1948	0.9253156146179402	0.9185086747877446	-0.006806939830195646
1949	0.9553994599595914	0.9198814177004853	-0.03551804225910615
1950	0.9270714421613394	0.9203172564687976	-0.006754185692541825
1951	0.8962194107864101	0.8918983131385128	-0.004321097647897343
1952	0.9332354425733034	0.915569219474143	-0.017666223099160328
1953	0.935569755058573	0.8739084132055378	-0.06166134185303518
1954	0.9558042146974063	0.9235072946685879	-0.03229692002881834
1955	0.9499096782094854	0.9351367073880162	-0.014772970821469111
1956	0.9384555802519028	0.8865595743247794	-0.0518960059271234
1957	0.9277938808373591	0.8993397745571658	-0.028454106280193292
1958	0.9426016195722533	0.9056394404153292	-0.036962179156924124
1959	0.935895723413255	0.9110843963578886	-0.024811327055366372
1960	0.9447502056795938	0.9292320349513461	-0.015518170728247682
1961	0.9222767544139205	0.899776913761234	-0.02249984065268651
1962	0.9335377043710377	0.9035076743410076	-0.03003003003003002
1963	0.9329528872211799	0.9362492182614134	0.0032963310402335244
1964	0.9428380901573753	0.9384635902907442	-0.004374499866631076
1965	0.9250793650793651	0.9182086167800454	-0.006870748299319662
1966	0.9474135675031258	0.8812189235555814	-0.06619464394754437
1967	0.9455594720514161	0.8772085886159696	-0.06835088343544649
1968	0.8891955258144874	0.8931519562350413	0.003956430420553936
1969	0.9114965134990166	0.8850987203391996	-0.02639779315981705
1970	0.9527793286342383	0.9367279642682671	-0.01605136436597121
1971	0.951048951048951	0.919955288376341	-0.031093662672610045
1972	0.9444544924740258	0.9200377805912261	-0.024416711882799702
1973	0.936046511627907	0.929111208619765	-0.006935303008141935
1974	0.9341786068522125	0.9207944455730691	-0.013384161279143436
1975	0.9273827534039334	0.9063696593458188	-0.02101309405811458
1976	0.9389567916632022	0.8808929907707658	-0.05806380089243646
1977	0.926632004621606	0.9261505873290968	-0.00048141729250916754
1978	0.9566490688939668	0.9361358442991096	-0.02051322459485727
1979	0.8779628801431127	0.8328823792486583	-0.04508050089445448
1980	0.9389501398716472	0.9213098568372552	-0.017640283034392024
1981	0.9495030262646454	0.9039480259870065	-0.045555000277638924
1982	0.9120477587360404	0.8931346816942	-0.01891307704184042
1983	0.9258588626798473	0.884946657531565	-0.04091220514828231
1984	0.9564156729131176	0.9348415672913117	-0.02157410562180584
1985	0.9406210592686003	0.8989044766708701	-0.041716582597730145
1986	0.9212979425958852	0.881229362458725	-0.04006858013716019
1987	0.9324436665937431	0.927018157952308	-0.005425508641435095
1988	0.8928945713686858	0.855318009268963	-0.03757656209972282
1989	0.9501563637921433	0.8971211926487598	-0.05303517114338352
1990	0.9429698708751794	0.8675660665525061	-0.07540380432267324
1991	0.950359425350534	0.920743207561404	-0.02961621778912993
1992	0.9350878331602631	0.9073208722741433	-0.02776696088611985
1993	0.9187374149659864	0.8933224489795918	-0.02541496598639459
1994	0.9368491415705038	0.8902218782249742	-0.04662726334552958
1995	0.9329786728732247	0.9048591649646132	-0.028119507908611507
1996	0.9192228390166535	0.9153053132434575	-0.003917525773195929
1997	0.9031718281718282	0.9100899100899101	0.006918081918081964
1998	0.9153000271517785	0.9017105620418138	-0.013589465109964727
1999	0.9121060083723221	0.9152918000492489	0.0031857916769267858
