draw	ref_metric	arm_metric	delta
0	0.9179681717246484	0.8437083641746854	-0.07425980754996298
1	0.937413849688218	0.819937643583853	-0.11747620610436493
2	0.942285929837797	0.815855651955237	-0.12643027788256
3	0.9308447978459338	0.8642664815516008	-0.06657831629433297
4	0.9544094279661017	0.8567399364406779	-0.09766949152542381
5	0.9420033855891661	0.8420794386791296	-0.09992394691003648
6	0.9509401709401709	0.8540326340326341	-0.09690753690753684
7	0.9053351783517836	0.8202029520295203	-0.08513222632226325
8	0.9396297806779047	0.835463114011238	-0.10416666666666674
9	0.9202136491946643	0.8017379753141086	-0.11847567388055569
10	0.9342970455631774	0.8006433360461962	-0.1336537095169812
11	0.9512421255842308	0.8537009754115017	-0.09754115017272913
12	0.9547302982144527	0.8730952603533702	-0.0816350378610825
13	0.9611410222361718	0.8842801612786403	-0.07686086095753153
14	0.9395033527374549	0.8241839215975242	-0.1153194311399307
15	0.9649958409771995	0.860188466403072	-0.10480737457412748
16	0.9285802480023989	0.825886793784065	-0.10269345421833387
17	0.9109195402298851	0.7178263546798029	-0.19309318555008215
18	0.9267839470016764	0.8553856718708974	-0.07139827513077901
19	0.9074919262284143	0.7819414418021192	-0.12555048442629513
20	0.9465540420566674	0.8267677920672366	-0.11978624998943077
21	0.9339307858503471	0.8276421932729062	-0.10628859257744083
22	0.9309490786605904	0.8388976950003302	-0.09205138366026022
23	0.8938808591111711	0.8093205457247062	-0.08456031338646486
24	0.9440914264036419	0.894086684370258	-0.0500047420333839
25	0.9344255319148936	0.8896595744680851	-0.04476595744680856
26	0.9401108269394715	0.8409917590224496	-0.09911906791702185
27	0.9427816704349578	0.7873676434375769	-0.15541402699738083
28	0.9229713239780354	0.7874161073825503	-0.13555521659548508
29	0.9474493680523831	0.8592812547586417	-0.08816811329374141
30	0.9479358590511285	0.8571942653155228	-0.09074159373560575
31	0.9389334862385321	0.788144386194845	-0.15078910004368717
32	0.9178605769230769	0.8244591346153847	-0.0934014423076922
33	0.9426607525776224	0.8367358928414065	-0.1059248597362159
34	0.9171678420310296	0.7788434414668547	-0.13832440056417494
35	0.8955142092519435	0.7813686759271059	-0.11414553332483757
36	0.935608356568473	0.8477290176587061	-0.08787933890976685
37	0.9178076461894538	0.7320905719305094	-0.18571707425894435
38	0.9435777055495366	0.850993138317082	-0.09258456723245456
39	0.9268631027307525	0.8151411616615717	-0.11172194106918076
40	0.9414520228037639	0.8483961810563913	-0.09305584174737269
41	0.9313022267304255	0.790465149978264	-0.1408370767521615
42	0.9460329097425871	0.8328988812859781	-0.11313402845660903
43	0.9253814455952779	0.8153151003134298	-0.11006634528184811
44	0.889717125382263	0.7680251705481064	-0.12169195483415662
45	0.9518591448445172	0.8485449058919804	-0.10331423895253677
46	0.9616643913916914	0.8341934982630218	-0.12747089312866955
47	0.9342534198580263	0.8504402400755567	-0.0838131797824696
48	0.9276891586674195	0.7695687464709203	-0.1581204121964992
49	0.9583333333333334	0.8418259023354565	-0.11650743099787686
50	0.9407954243149774	0.8644453312051077	-0.07635009310986973
51	0.9387831125827815	0.8471854304635762	-0.09159768211920527
52	0.9224391886204865	0.7471172460230621	-0.1753219425974244
53	0.9204184198223468	0.7799906498363721	-0.14042776998597473
54	0.9189497716894978	0.8256040715372908	-0.093345700152207
55	0.9104240806642941	0.8627965599051008	-0.0476275207591933
56	0.9445471596998928	0.807462486602358	-0.1370846730975348
57	0.9500080687922171	0.8657929317380179	-0.08421513705419925
58	0.9522856189522856	0.8726226226226226	-0.079662996329663
59	0.944180353844977	0.8609754231824193	-0.08320493066255774
60	0.9421676944158959	0.8662427201096266	-0.07592497430626932
61	0.9059064965048419	0.8205989867248125	-0.08530750978002943
62	0.9364472640761301	0.8200317208564631	-0.11641554321966696
63	0.9371164764581064	0.7968878438569326	-0.1402286326011738
64	0.9256861400969864	0.794005636377485	-0.13168050371950135
65	0.9547766475011057	0.881296378200403	-0.07348026930070273
66	0.9290712009862786	0.9039979505900059	-0.025073250396272728
67	0.9509018389749744	0.8431664960643818	-0.10773534291059261
68	0.9218927064496685	0.8224110910186859	-0.09948161543098255
69	0.9313570150779453	0.8492035096686259	-0.08215350540931943
70	0.9381851712714729	0.8764614141138167	-0.06172375715765621
71	0.9399254263050396	0.8464826865529853	-0.0934427397520543
72	0.918236494184352	0.8047584982645789	-0.11347799591977314
73	0.9109147439044346	0.8357170130366006	-0.07519773086783399
74	0.9395831098018943	0.8199588377015441	-0.1196242721003502
75	0.9393871315600287	0.9054936496525282	-0.03389348190750052
76	0.9255202943543751	0.8424456709210072	-0.08307462343336791
77	0.9184118971280442	0.7984514632648885	-0.11996043386315569
78	0.9369178852643419	0.8467041619797525	-0.09021372328458943
79	0.9357497915959122	0.7587658361377834	-0.17698395545812884
80	0.9321481796891633	0.7852778369171812	-0.14687034277198208
81	0.9383342022940563	0.8444212721584984	-0.0939129301355579
82	0.9453242835595776	0.8436525892408245	-0.10167169431875311
83	0.9272599321860405	0.8095323395816006	-0.11772759260443988
84	0.9181000222554287	0.8612374018376625	-0.05686262041776624
85	0.9285303629177147	0.828602227811714	-0.09992813510600074
86	0.9014689730917078	0.8069330038440418	-0.09453596924766605
87	0.9214803312629399	0.8502199792960663	-0.07126035196687364
88	0.9031491934240153	0.8046790660374449	-0.09847012738657046
89	0.9214937487396653	0.8150458761847147	-0.10644787255495058
90	0.8933968706392328	0.8066268816246549	-0.08676998901457789
91	0.9378211779066219	0.8892523649679585	-0.04856881293866344
92	0.9376576531127031	0.8884446574513167	-0.04921299566138637
93	0.9308608058608059	0.7625343406593407	-0.16832646520146521
94	0.9231848704228308	0.7884928129262407	-0.13469205749659008
95	0.907764081492895	0.7838983050847458	-0.12386577640814922
96	0.9363238978623594	0.7805853190468575	-0.1557385788155019
97	0.9125062150858413	0.811222251469685	-0.10128396361615633
98	0.9205387946854584	0.8739753847659595	-0.04656340991949892
99	0.922989291410344	0.89196001367054	-0.031029277739804018
100	0.9246688012219839	0.825397291660547	-0.09927150956143693
101	0.942637979854245	0.8188390660539386	-0.12379891380030639
102	0.9459789681776997	0.8212020537601933	-0.12477691441750638
103	0.9253423077729551	0.8227023966786186	-0.10263991109433657
104	0.9192258064516129	0.826810035842294	-0.09241577060931894
105	0.9407383503291596	0.8626048793081192	-0.0781334710210404
106	0.9258260794248842	0.8314927893984669	-0.09433329002641722
107	0.96321385697136	0.8812810838621162	-0.08193277310924374
108	0.9272050700622129	0.8105471248328391	-0.11665794522937378
109	0.8787813310285221	0.8456496686833765	-0.03313166234514553
110	0.9441426419965576	0.7849881669535284	-0.15915447504302926
111	0.9508471001757469	0.8661792618629174	-0.08466783831282954
112	0.9253466050479915	0.8260575897618201	-0.0992890152861714
113	0.9319430165956822	0.8617124394184168	-0.07023057717726544
114	0.9479406577445794	0.8801120448179272	-0.06782861292665221
115	0.9128721638074156	0.7748865522966243	-0.13798561151079136
116	0.9130576441102757	0.8157644110275689	-0.09729323308270676
117	0.9591503764732111	0.8183301411647869	-0.14082023530842425
118	0.9289115410396875	0.847618057000208	-0.08129348403947956
119	0.9347177706552706	0.8097622863247863	-0.12495548433048431
120	0.9394599303135889	0.8821138211382114	-0.057346109175377524
121	0.9356262150823698	0.8006881203315256	-0.13493809475084417
122	0.9166388518024032	0.8116655540720962	-0.10497329773030706
123	0.9214046822742475	0.7898866241770262	-0.1315180580972214
124	0.936564383932805	0.8336607283975705	-0.1029036555352344
125	0.9546730462519937	0.8333333333333334	-0.1213397129186603
126	0.9304567725620357	0.8316737790422001	-0.09878299351983566
127	0.9232145412909689	0.8948905109489051	-0.028324030342063766
128	0.894245485154576	0.7364860728497092	-0.1577594123048668
129	0.9241739130434783	0.789296442687747	-0.13487747035573128
130	0.941848005275305	0.8192109022969557	-0.12263710297834929
131	0.8882362155388471	0.7779918546365915	-0.11024436090225564
132	0.9409737326417935	0.8159388768055323	-0.12503485583626117
133	0.9319969518101856	0.8569029874843392	-0.07509396432584636
134	0.9057622083307545	0.8232716469641641	-0.08249056136659039
135	0.9325826226012793	0.7944429637526652	-0.13813965884861412
136	0.9345124923011006	0.8150121843451249	-0.11950030795597566
137	0.9462294714107401	0.8483514017643017	-0.09787806964643841
138	0.9305204511482539	0.8337681750237804	-0.09675227612447346
139	0.9440614926853459	0.8697578312257211	-0.07430366145962475
140	0.9272878602514991	0.7852931148593089	-0.14199474539219026
141	0.9292521795635458	0.7851437699680511	-0.14410840959549465
142	0.9542730870034432	0.8341230279048255	-0.12015005909861765
143	0.9249595936273378	0.8426790249694891	-0.08228056865784872
144	0.9484748159814856	0.8507923242583009	-0.09768249172318477
145	0.933603779398172	0.8600184861867105	-0.07358529321146146
146	0.9123141441097979	0.7584145743695877	-0.15389956974021024
147	0.8899147727272727	0.8093434343434344	-0.08057133838383834
148	0.9269084573962623	0.8617833386126069	-0.06512511878365534
149	0.9219128655285691	0.8606548548656363	-0.061258010662932794
150	0.9319202061253221	0.9032060987595293	-0.02871410736579283
151	0.9166666666666666	0.750902274081082	-0.16576439258558462
152	0.9306518723994452	0.8683967199552278	-0.06225515244421742
153	0.9365506023764232	0.8418796349902131	-0.09467096738621006
154	0.9296596479500892	0.8072498885918004	-0.1224097593582888
155	0.9440127044195161	0.8877438392575573	-0.056268865161958836
156	0.9235065781675951	0.8192929951404527	-0.10421358302714234
157	0.9429549604382228	0.7862598904443092	-0.15669506999391358
158	0.9129961163209245	0.7921994884910486	-0.12079662782987588
159	0.9231109269236082	0.8451581710180964	-0.07795275590551176
160	0.9493408429782757	0.7982401848527986	-0.15110065812547713
161	0.9169065293137404	0.8112785941524011	-0.10562793516133928
162	0.9522180047542367	0.827112568054597	-0.1251054366996397
163	0.918560553633218	0.7795017301038062	-0.1390588235294118
164	0.9443198804185351	0.8182724102006613	-0.12604747021787377
165	0.8956027127543207	0.8348574345511558	-0.06074527820316489
166	0.918079862524307	0.842536064758287	-0.07554379776601994
167	0.8906862104988248	0.8151932619482893	-0.07549294855053545
168	0.9112978350784365	0.790885717479599	-0.12041211759883752
169	0.9523651368760064	0.7848429951690822	-0.16752214170692425
170	0.9297679227941177	0.7944508272058823	-0.13531709558823535
171	0.9292165157138037	0.8092544053149249	-0.11996211039887883
172	0.9442545858161	0.8145373291272345	-0.12971725668886547
173	0.9449086438033792	0.8838678970887649	-0.06104074671461435
174	0.9175224327018943	0.8239032901296112	-0.0936191425722831
175	0.93951087967268	0.8334108238794867	-0.10610005579319326
176	0.9103968253968254	0.8461678004535147	-0.06422902494331073
177	0.9414206519720962	0.8761438688628949	-0.06527678310920138
178	0.9182860863467895	0.8463888610638085	-0.07189722528298104
179	0.911405913934359	0.8450260232813962	-0.06637989065296279
180	0.9530267712085894	0.8898636716818535	-0.06316309952673582
181	0.9510442363973461	0.8259580466726936	-0.12508618972465257
182	0.9136363636363637	0.817090395480226	-0.0965459681561377
183	0.9523266423357665	0.8554845904298459	-0.09684205190592055
184	0.948974358974359	0.8446282051282051	-0.10434615384615387
185	0.9587102438798969	0.7923381739622685	-0.16637206991762843
186	0.9190884326622816	0.8094611653710717	-0.10962726729120986
187	0.9557363107648414	0.8349061779874904	-0.120830132777351
188	0.9345291072563799	0.8159476886749614	-0.11858141858141857
189	0.9398587429549833	0.8081900549332953	-0.13166868802168796
190	0.9476629273504273	0.8803285256410256	-0.06733440170940175
191	0.9156808537996657	0.8392535682139642	-0.07642728558570144
192	0.9298009977523162	0.7781782796995779	-0.1516227180527383
193	0.9328094302554027	0.8047151277013752	-0.12809430255402754
194	0.9418058773320327	0.8495610291427874	-0.09224484818924528
195	0.9527239329047228	0.8106782037028085	-0.14204572920191427
196	0.9451766428702179	0.8913092114629731	-0.053867431407244704
197	0.9628274268104776	0.8840737887348057	-0.07875363807567193
198	0.9249182313749242	0.8795639006662629	-0.04535433070866135
199	0.9035137559808613	0.8657446172248804	-0.03776913875598087
200	0.939114093340712	0.8383370226895407	-0.10077707065117136
201	0.9181286549707602	0.8146006040742882	-0.10352805089647199
202	0.9566327250162187	0.884762925563422	-0.0718697994527967
203	0.8937175247992443	0.7867412612187057	-0.10697626358053858
204	0.9188709840883754	0.7856660247964595	-0.1332049592919159
205	0.9478921309426525	0.9042445801086382	-0.04364755083401428
206	0.9522119591638308	0.839880084265111	-0.11233187489871987
207	0.8851182039798174	0.7841714382901525	-0.10094676568966499
208	0.9697784810126582	0.8768987341772152	-0.09287974683544298
209	0.9075144508670521	0.7952409659917018	-0.11227348487535027
210	0.933996249506514	0.8306109356494276	-0.10338531385708649
211	0.9413661489865754	0.8646134947793279	-0.07675265420724753
212	0.9509328968903437	0.8425531914893617	-0.10837970540098196
213	0.944115567229013	0.8867562380038387	-0.05735932922517428
214	0.9217624704350368	0.8288421164527359	-0.09292035398230092
215	0.9487617924528302	0.8122248427672956	-0.13653694968553465
216	0.916291992927507	0.8092952765849962	-0.10699671634251073
217	0.9206651884700665	0.8150332594235034	-0.10563192904656316
218	0.9299190049531114	0.7061317798016298	-0.22378722515148164
219	0.9332772638071208	0.8424025791982058	-0.09087468460891501
220	0.931630291005291	0.7547743055555556	-0.17685598544973546
221	0.947816750178955	0.8495204008589835	-0.09829634931997144
222	0.9159279778393352	0.8135580178516466	-0.10236995998768861
223	0.9419106745737583	0.8424388435878428	-0.0994718309859155
224	0.9439936514234699	0.8514829877988295	-0.09251066362464044
225	0.9247444014178294	0.7980719978691582	-0.12667240354867126
226	0.9420731707317073	0.8309542077208851	-0.11111896301082214
227	0.9166123990622558	0.8675978987583572	-0.049014500303898534
228	0.9195581567353764	0.8454352509888413	-0.07412290574653513
229	0.950330658105939	0.8967062600321027	-0.05362439807383623
230	0.95339277618256	0.8764545866706966	-0.07693818951186338
231	0.9339805064151141	0.8223888787269069	-0.11159162768820718
232	0.9425855708136913	0.8500076860012298	-0.09257788481246154
233	0.9476956710821707	0.8355175777806509	-0.11217809330151973
234	0.9290411612375631	0.8312661850892735	-0.09777497614828956
235	0.945074865470532	0.8284445966970696	-0.11663026877346239
236	0.9279180387852177	0.842811841165299	-0.08510619761991878
237	0.9290390460603226	0.8194899072558647	-0.10954913880445794
238	0.9331034482758621	0.8372008113590264	-0.09590263691683576
239	0.9218169390418194	0.8395699993786118	-0.08224693966320762
240	0.9623868965061753	0.8340818528058472	-0.12830504370032803
241	0.8869606289614822	0.7719100438810337	-0.11505058508044852
242	0.9253358387973772	0.8128498320806014	-0.11248600671677589
243	0.9534434434434435	0.8200100100100101	-0.1334334334334334
244	0.9383601645421766	0.8191559595754405	-0.11920420496673612
245	0.9247405300036879	0.8228359938886255	-0.10190453611506245
246	0.9291166715442396	0.859367378792313	-0.06974929275192665
247	0.9291508608112051	0.8594543332360666	-0.06969652757513856
248	0.9141341624046232	0.8427454284392021	-0.07138873396542111
249	0.9255222148541115	0.8510444297082228	-0.07447778514588865
250	0.9040768567557581	0.8208769552900603	-0.08319990146569778
251	0.9232470878136201	0.8588709677419355	-0.06437612007168458
252	0.9124724254034599	0.8503425055149193	-0.06212991988854055
253	0.9333127248201439	0.823347571942446	-0.10996515287769792
254	0.9279837293149672	0.8811246186558196	-0.04685911065914761
255	0.948125	0.8352638888888889	-0.11286111111111108
256	0.9328634258585035	0.814318585617336	-0.1185448402411674
257	0.9226556101556102	0.8186680999181	-0.10398751023751018
258	0.9228879253711733	0.8382341348048876	-0.08465379056628564
259	0.9522382224538998	0.8333094415846746	-0.1189287808692252
260	0.9263109499118797	0.8505402160864346	-0.07577073382544508
261	0.9372015607519987	0.7960653769543508	-0.14113618379764792
262	0.9404958951271186	0.880958686440678	-0.059537208686440635
263	0.9159762550006453	0.8582913924377339	-0.05768486256291139
264	0.9214405576352136	0.8220988769846392	-0.09934168065057436
265	0.9384888161483906	0.8274296625360456	-0.11105915361234509
266	0.9521884141683281	0.7924686504313477	-0.15971976373698038
267	0.9076527769178379	0.850117639774627	-0.0575351371432109
268	0.9489457831325301	0.8129016064257029	-0.13604417670682722
269	0.9453499256648863	0.8501734485986454	-0.09517647706624088
270	0.9176357240483072	0.8005758329412291	-0.11705989110707804
271	0.9425023963575365	0.8503175173735922	-0.09218487898394434
272	0.9295054307708531	0.8494806495834651	-0.08002478118738798
273	0.9380625476735317	0.8316988122480113	-0.10636373542552036
274	0.9416318574213312	0.8027847396268449	-0.13884711779448622
275	0.9660933607238078	0.8432186721447615	-0.12287468857904627
276	0.9211611246282779	0.8040911958186897	-0.11706992880958822
277	0.9481340771376359	0.8336298932384342	-0.1145041838992017
278	0.9245371349179982	0.869174544685735	-0.0553625902322632
279	0.9146653462078073	0.8481637368985723	-0.06650160930923499
280	0.93174532125186	0.8101765040345508	-0.12156881721730928
281	0.908320084790673	0.7984278396043102	-0.10989224518636287
282	0.9283604788936637	0.790917290041912	-0.13744318885175166
283	0.942562223513115	0.8254881808838643	-0.1170740426292507
284	0.9383307770961146	0.804038854805726	-0.13429192229038855
285	0.9574239713774597	0.909583439815998	-0.04784053156146173
286	0.9220054741139357	0.7562743551679347	-0.165731118946001
287	0.9212521204410518	0.7854246183206107	-0.13582750212044103
288	0.9383654771367611	0.8665125716437267	-0.07185290549303436
289	0.9317434740573638	0.823960683209797	-0.10778279084756681
290	0.8847173925856073	0.7658248364472211	-0.11889255613838623
291	0.9239819930427665	0.8485267034990792	-0.0754552895436873
292	0.9103602590064752	0.8090202255056377	-0.10134003350083753
293	0.932062714926852	0.7913388121466457	-0.1407239027802063
294	0.965631171670248	0.8830441317119825	-0.08258703995826555
295	0.9062962962962963	0.811951566951567	-0.09434472934472926
296	0.8856649795876316	0.756970469677652	-0.12869450990997955
297	0.9124409377613999	0.7976623787669839	-0.11477855899441602
298	0.9075279409867596	0.7730124664297693	-0.1345154745569903
299	0.9074476085074987	0.8504235304133146	-0.05702407809418408
300	0.9096228718870228	0.8297624807058769	-0.07986039118114596
301	0.9353813559322034	0.8326164184215031	-0.10276493751070026
302	0.9619908641035402	0.8326893795203655	-0.1293014845831747
303	0.9317690645260883	0.8520576766949104	-0.07971138783117793
304	0.9309767130172558	0.7329089183001061	-0.19806779471714975
305	0.9431436522406679	0.8461280107475291	-0.0970156414931388
306	0.9469139615859823	0.896804447938897	-0.05010951364708527
307	0.9011391607991299	0.8281412788367966	-0.07299788196233337
308	0.9126435331230284	0.8154069400630914	-0.09723659305993693
309	0.9303488600480457	0.8336531343012978	-0.0966957257467479
310	0.9307632314974182	0.8175290447504303	-0.11323418674698793
311	0.949140121164745	0.8181063122923588	-0.13103380887238625
312	0.9515081161229905	0.8369166536600593	-0.11459146246293117
313	0.9167214311792625	0.760122307411464	-0.1565991237677985
314	0.9339099501272975	0.826003557353608	-0.10790639277368952
315	0.9150579710144927	0.8441159420289855	-0.07094202898550717
316	0.9355751572989734	0.8368154860463016	-0.09875967125267182
317	0.9291715993416684	0.8566540582681258	-0.07251754107354258
318	0.9335266225725589	0.861798193953671	-0.07172842861888795
319	0.948461734045258	0.8596999745741164	-0.08876175947114162
320	0.9120978089222266	0.762263126727201	-0.1498346821950256
321	0.9065288678636706	0.847180410708526	-0.059348457155144585
322	0.9261007194244605	0.8177726618705036	-0.10832805755395691
323	0.9216750032063614	0.7695652173913043	-0.15210978581505707
324	0.9262145156570091	0.7774180567749488	-0.14879645888206028
325	0.9362790411043322	0.8274686222550892	-0.10881041884924303
326	0.947443080053302	0.8519866458425871	-0.09545643421071492
327	0.9421160737697754	0.8730006118346298	-0.0691154619351455
328	0.9418788853419101	0.8909584043395818	-0.050920481002328266
329	0.9597177662229106	0.8141633169844256	-0.14555444923848504
330	0.9035628217767554	0.7980200460072298	-0.10554277576952564
331	0.9229222826335267	0.8184462618601606	-0.10447602077336615
332	0.9466088957775586	0.7825959325536612	-0.16401296322389736
333	0.9300122523384036	0.8304545318710217	-0.09955772046738187
334	0.9328782152870901	0.8027916615872241	-0.130086553699866
335	0.9437577128753599	0.8467400246812011	-0.09701768819415879
336	0.9443622898650167	0.8244152894272971	-0.11994700043771955
337	0.9229198570699336	0.7466029801404993	-0.17631687692943432
338	0.9392148164578019	0.8398247754241988	-0.09939004103360316
339	0.952463768115942	0.8038405797101449	-0.14862318840579714
340	0.9245412844036697	0.7885976408912189	-0.1359436435124508
341	0.9307803100906549	0.8591036177243074	-0.07167669236634744
342	0.9240537240537241	0.822196516933359	-0.10185720712036506
343	0.9166119716461013	0.8414117878708323	-0.07520018377526905
344	0.9489225619414806	0.9019247437161899	-0.0469978182252907
345	0.9336487980105002	0.8538500506585613	-0.07979874735193881
346	0.9264458812748193	0.8169101924447613	-0.10953568883005804
347	0.9042766917293233	0.8809744360902255	-0.023302255639097824
348	0.9308386111042658	0.7881046846891249	-0.14273392641514093
349	0.9196039603960396	0.8347986798679868	-0.0848052805280528
350	0.9421249720545495	0.8205482897384306	-0.12157668231611884
351	0.9348814312049606	0.7876026478967656	-0.147278783308195
352	0.9317983753832912	0.8099090860186131	-0.12188928936467813
353	0.9304784243385879	0.7863819806146736	-0.14409644372391428
354	0.9202099444428934	0.8211144923085514	-0.09909545213434201
355	0.8921334142481467	0.7523530741679458	-0.1397803400802009
356	0.9246782138884475	0.7441469357487155	-0.18053127813973202
357	0.9454572504320161	0.8896556459642256	-0.05580160446779048
358	0.9281571369806664	0.8168037844508432	-0.11135335252982315
359	0.9354623323604037	0.8009309601480379	-0.13453137221236577
360	0.9348995656296165	0.8415650563358543	-0.09333450929376219
361	0.9502357836338419	0.8463938973647711	-0.10384188626907076
362	0.8895570531651402	0.8260584067738034	-0.06349864639133684
363	0.9361023299379464	0.8590621707060063	-0.07704015923194008
364	0.9074327059299737	0.7963468933414288	-0.11108581258854489
365	0.8770979020979021	0.7178071928071929	-0.1592907092907092
366	0.9367108099784416	0.7997382198952879	-0.13697259008315366
367	0.9369212962962963	0.8815041264090178	-0.05541716988727852
368	0.9314205614109798	0.848823592036623	-0.08259696937435679
369	0.9699025533489577	0.8642051450735304	-0.10569740827542728
370	0.9236396639210132	0.8682223841806356	-0.05541727974037758
371	0.93151154323896	0.8576797875530047	-0.07383175568595535
372	0.9270095957212522	0.8935731389719119	-0.03343645674934026
373	0.9352338398057699	0.7802145193831143	-0.15501932042265565
374	0.9386109226594301	0.7947591587516961	-0.14385176390773402
375	0.9467882128471486	0.8651332061338421	-0.0816550067133065
376	0.9149649812346701	0.8258370519223381	-0.08912792931233193
377	0.9184505506380721	0.7961411126720437	-0.12230943796602844
378	0.9229481717308863	0.8349524790486446	-0.08799569268224172
379	0.9429639804639804	0.8463980463980464	-0.09656593406593406
380	0.9549860656730885	0.8401338907064098	-0.11485217496667877
381	0.942195415615984	0.8443853790408687	-0.09781003657511522
382	0.9023095062372869	0.748312422371429	-0.15399708386585786
383	0.9417360837181242	0.8140589832238903	-0.12767710049423397
384	0.9564718434241553	0.8312398576257206	-0.12523198579843464
385	0.9346458612702669	0.859246617091308	-0.07539924417895894
386	0.9505642871979506	0.7929446790832929	-0.1576196081146577
387	0.9262963195184651	0.7652517399209982	-0.16104457959746699
388	0.9301705756929638	0.7658915245202559	-0.1642790511727079
389	0.9454008325500202	0.8403652477507721	-0.10503558479924802
390	0.9323930687646268	0.8576532390579097	-0.07473982970671711
391	0.9338714368819081	0.8443862710878418	-0.08948516579406629
392	0.9300684307384445	0.8345870035198056	-0.09548142721863884
393	0.9307486631016043	0.7650623885918003	-0.165686274509804
394	0.9263845181024087	0.8248580924090468	-0.1015264256933619
395	0.8898508898508899	0.7771078128220985	-0.11274307702879138
396	0.9412501921280696	0.8336111800801618	-0.10763901204790782
397	0.9072528254872297	0.830648749666281	-0.07660407582094875
398	0.9101492209787141	0.7992429229756419	-0.11090629800307217
399	0.9537101767701988	0.8687206631379207	-0.08498951363227802
400	0.9199304347826087	0.7847373913043478	-0.1351930434782609
401	0.9219983187783123	0.8416966328865643	-0.08030168589174802
402	0.9270366385751001	0.8446147869224793	-0.08242185165262084
403	0.9031939687975646	0.8346175799086758	-0.06857638888888884
404	0.9268462287330211	0.8390431597978768	-0.08780306893514433
405	0.9349248606687898	0.8008683320063694	-0.13405652866242035
406	0.9400482712726334	0.8110865009286757	-0.12896177034395762
407	0.9247133265571987	0.7696448255622521	-0.15506850099494662
408	0.9094137076796036	0.7875	-0.12191370767960363
409	0.8850932967626647	0.748701325686739	-0.1363919710759257
410	0.942176493085113	0.724909631493887	-0.217266861591226
411	0.9004697986577181	0.8241208053691275	-0.07634899328859068
412	0.9461388708630759	0.8231792542305196	-0.12295961663255628
413	0.9490684074527403	0.8889976880184959	-0.06007071943424447
414	0.9279668647577886	0.767085359265262	-0.16088150549252656
415	0.9328305247484797	0.8618482390103391	-0.07098228573814058
416	0.9422608870562205	0.8210499849140098	-0.12121090214221064
417	0.9180280112044817	0.8201680672268907	-0.09785994397759101
418	0.9399110132562727	0.8554959252633672	-0.08441508799290554
419	0.9624623013744352	0.8585988627829632	-0.10386343859147207
420	0.9098319098319099	0.8377598377598378	-0.07207207207207211
421	0.9252774764249353	0.8025035466911458	-0.12277392973378953
422	0.9182381086405854	0.810693176792248	-0.10754493184833747
423	0.9530149624333755	0.8397906543656485	-0.11322430806772699
424	0.9568135922111035	0.8780220895993863	-0.07879150261171719
425	0.9246432142532497	0.8271196125027594	-0.09752360175049024
426	0.9425682637815559	0.840043791859866	-0.1025244719216899
427	0.9424248866213152	0.8793343726379441	-0.06309051398337107
428	0.9361294357360447	0.8621517480683492	-0.07397768766769552
429	0.9608279869265222	0.8483839728846386	-0.11244401404188353
430	0.9173273350787271	0.8199417382646853	-0.0973855968140418
431	0.909272030651341	0.8608429118773946	-0.0484291187739464
432	0.9485833333333333	0.8527738095238095	-0.09580952380952379
433	0.901199165797706	0.711356805495921	-0.18984236030178503
434	0.9364960019095357	0.8472252058718224	-0.08927079603771337
435	0.9344883149265493	0.8155675523093752	-0.1189207626171741
436	0.9195459579180509	0.8196013289036544	-0.09994462901439649
437	0.9360454943132108	0.8509477981918927	-0.08509769612131812
438	0.9373177485358621	0.863363473743537	-0.07395427479232519
439	0.9343611460332164	0.8461423939654602	-0.0882187520677562
440	0.9400742115027829	0.8623222016079158	-0.07775200989486708
441	0.9230412483631601	0.8457278481012658	-0.07731340026189437
442	0.9357798165137615	0.8286262517239311	-0.1071535647898304
443	0.9375127957649674	0.8625661723845457	-0.07494662338042168
444	0.9035498489425982	0.8128398791540785	-0.09070996978851964
445	0.9193191489361702	0.8128314238952536	-0.10648772504091653
446	0.9409238435563715	0.8681932924630364	-0.07273055109333504
447	0.9439158860265418	0.7837382903981265	-0.16017759562841527
448	0.9475634815793337	0.8395714076031117	-0.10799207397622201
449	0.8901326699834162	0.7473653239180442	-0.142767346065372
450	0.9569137687969925	0.8468632518796992	-0.11005051691729328
451	0.9251484816553309	0.8229835233259891	-0.1021649583293418
452	0.9136496124031008	0.8250790697674418	-0.088570542635659
453	0.9071146245059288	0.8490210497288354	-0.058093574777093426
454	0.9465040207169143	0.8379787379037754	-0.10852528281313889
455	0.9290585413238706	0.8333663739270067	-0.09569216739686381
456	0.9626853511487697	0.8065364650015131	-0.15614888614725664
457	0.8983962829736211	0.836121103117506	-0.06227517985611508
458	0.9316829268292683	0.8114512195121951	-0.12023170731707322
459	0.92854140395124	0.8349372801486693	-0.09360412380257066
460	0.9098959428211058	0.8296852007567794	-0.08021074206432632
461	0.9424179104477612	0.8313432835820895	-0.11107462686567171
462	0.9171661555617507	0.8494447542049995	-0.0677214013567512
463	0.9408237317688085	0.853349355575976	-0.08747437619283249
464	0.9474087003222341	0.8201933404940924	-0.1272153598281417
465	0.936895494220335	0.8332625619249823	-0.10363293229535275
466	0.9255198191251617	0.829070664035443	-0.09644915508971863
467	0.9039706649482955	0.842953143698794	-0.06101752124950144
468	0.9371486486486487	0.8347972972972973	-0.10235135135135132
469	0.9298067650999987	0.8504339332005861	-0.07937283189941258
470	0.9020816101461263	0.7991039426523298	-0.10297766749379655
471	0.9326639537626799	0.78560686482661	-0.14705708893606984
472	0.922556799920888	0.8456574946228584	-0.07689930529802957
473	0.95091044221479	0.8662455097237706	-0.08466493249101947
474	0.8909915193071093	0.7904975640562973	-0.10049395525081195
475	0.9460433290140717	0.8335947623269454	-0.11244856668712633
476	0.9057180384150227	0.7958567954536588	-0.1098612429613639
477	0.9400423432814968	0.7587077776225429	-0.1813345656589539
478	0.9549283043674761	0.8251913937850089	-0.12973691058246717
479	0.9043883402357439	0.8267494955930763	-0.07763884464266757
480	0.9182132788177603	0.8175064470009754	-0.10070683181678486
481	0.9130040567572115	0.8104073582471818	-0.10259669851002973
482	0.9589773735836877	0.8854847447468216	-0.07349262883686614
483	0.9222881355932203	0.826549636803874	-0.09573849878934626
484	0.9116103399224996	0.8423341671980511	-0.06927617272444853
485	0.8937548383019732	0.7978577183752784	-0.09589711992669481
486	0.9314130778396518	0.7665418379009313	-0.16487123993872044
487	0.9244971595270997	0.7961001074773529	-0.12839705204974672
488	0.9394974590626765	0.8681818181818182	-0.07131564088085829
489	0.9442767295597484	0.838566037735849	-0.10571069182389936
490	0.9540200138026225	0.8911663216011042	-0.06285369220151826
491	0.9170685080035381	0.8387879133734699	-0.0782805946300682
492	0.9073549945280954	0.8184711372756205	-0.08888385725247494
493	0.9238837835329063	0.7812122899842198	-0.14267149354868658
494	0.9314585540254238	0.7931839247881356	-0.13827462923728817
495	0.9209999068120399	0.8541142484391017	-0.06688565837293825
496	0.9172178130511464	0.8750734861845973	-0.04214432686654901
497	0.9395632045088567	0.8543931159420289	-0.08517008856682773
498	0.9311644021003627	0.7915877226222053	-0.13957667947815733
499	0.9511514831706306	0.8276858517708844	-0.1234656313997462
500	0.9308378563853016	0.8590429845904298	-0.07179487179487176
501	0.930577861276931	0.8355201357534621	-0.09505772552346892
502	0.930609085739559	0.8217128956845896	-0.10889619005496942
503	0.9319193577814268	0.8355409596788907	-0.09637839810253601
504	0.9285316532225988	0.862393203188392	-0.06613845003420682
505	0.9263572510046333	0.8910670172922145	-0.035290233712418795
506	0.9413987200246742	0.8820006682602103	-0.05939805176446389
507	0.9126050420168067	0.804301381569577	-0.10830366044722972
508	0.9209142923528216	0.8009787691324678	-0.11993552322035383
509	0.9238686360779385	0.8037692489000628	-0.1200993871778756
510	0.9397567343819653	0.791706467978518	-0.14805026640344732
511	0.9450290966443683	0.8531435253167999	-0.09188557132756836
512	0.915040158433271	0.814280999009792	-0.10075915942347902
513	0.9131993417959567	0.8144393511988717	-0.09875999059708507
514	0.9455064468535506	0.8047127247845703	-0.14079372206898022
515	0.9400352733686067	0.8432889375418111	-0.0967463358267956
516	0.9392005278180175	0.8031009308529711	-0.13609959696504648
517	0.9474616021337258	0.8436034213188632	-0.10385818081486253
518	0.9376165030446129	0.8582577358021622	-0.07935876724245061
519	0.9272492365515621	0.821000704721635	-0.1062485318299271
520	0.9120398180725994	0.8312165679796333	-0.08082325009296609
521	0.9603787558188743	0.833611933982226	-0.12676682183664834
522	0.9178085879660789	0.8525104320904563	-0.0652981558756226
523	0.9249815941411245	0.8698415158677878	-0.05514007827333667
524	0.9440866312904228	0.8072129730897504	-0.13687365820067243
525	0.9295013087202094	0.7711117233778757	-0.15838958534233372
526	0.9299936528832365	0.8668163332471379	-0.06317731963609863
527	0.9573147310642199	0.8642373028361852	-0.09307742822803478
528	0.9398665746491833	0.811858753163101	-0.12800782148608236
529	0.9062442382152296	0.8005193288673099	-0.10572490934791967
530	0.9256877228731534	0.8385506877228731	-0.08713703515028026
531	0.920446047008547	0.8242922008547009	-0.09615384615384615
532	0.9106954396489474	0.8601483086152308	-0.05054713103371655
533	0.9381251832784856	0.8341967786430332	-0.10392840463545239
534	0.9312990196078431	0.8439215686274509	-0.08737745098039218
535	0.9323947750362844	0.8474020319303338	-0.08499274310595062
536	0.9364707108609548	0.8288904523660621	-0.10758025849489272
537	0.9404556272071242	0.811012590204207	-0.12944303700291715
538	0.8821150185806218	0.7680707876370887	-0.11404423094353311
539	0.9551689970274139	0.8916327204668061	-0.06353627656060779
540	0.9306810554035214	0.8337894356379408	-0.09689161976558058
541	0.9298334080382489	0.873786045121769	-0.056047362916479826
542	0.9415382654280661	0.8505712328112303	-0.09096703261683581
543	0.9447574334898279	0.8569900886802295	-0.08776734480959836
544	0.9354482323232324	0.8563086219336219	-0.07913961038961048
545	0.9336749969179832	0.8079463200718551	-0.1257286768461281
546	0.925834421033004	0.8633577288830878	-0.062476692149916135
547	0.9480806581502945	0.8471632269576339	-0.10091743119266061
548	0.9157938415750916	0.8487007783882784	-0.06709306318681318
549	0.930307428420636	0.8002770814091569	-0.13003034701147909
550	0.9395322152396963	0.7873353880638835	-0.15219682717581284
551	0.9609521437653197	0.8243960624451114	-0.13655608132020824
552	0.9353347135955832	0.8083735909822867	-0.1269611226132965
553	0.9257775256761487	0.8517240130824654	-0.07405351259368331
554	0.9385890981982187	0.8590692694927222	-0.07951982870549645
555	0.8954681032383736	0.8479121012904797	-0.04755600194789389
556	0.9416872759607636	0.8268402478672854	-0.11484702809347824
557	0.9179980206418775	0.8006385786323578	-0.11735944200951975
558	0.9143482686970952	0.8296866502112705	-0.08466161848582465
559	0.9181759707505331	0.8006703002809845	-0.11750567046954863
560	0.9280147463053391	0.8318888852957346	-0.09612586100960452
561	0.9052609427609427	0.8358585858585859	-0.06940235690235685
562	0.9248820948551632	0.8100494379749397	-0.11483265688022348
563	0.914030918489845	0.8008795354876644	-0.11315138300218053
564	0.9455079994530289	0.8685047176261452	-0.07700328182688365
565	0.9233141553931478	0.7978800601254341	-0.12543409526771365
566	0.9544575725026853	0.8512459720730398	-0.1032116004296455
567	0.9392934675350306	0.8723110321689362	-0.06698243536609438
568	0.8754047640897232	0.7585705108876624	-0.11683425320206087
569	0.9386215538847118	0.8596616541353383	-0.07895989974937345
570	0.939164877117633	0.8115294679074206	-0.12763540921021232
571	0.9447712230215828	0.8608575539568345	-0.08391366906474829
572	0.944710051852909	0.8551686408829265	-0.08954141096998247
573	0.9191284127120833	0.7684666838917119	-0.15066172882037143
574	0.9201978585287566	0.808609001844444	-0.11158885668431262
575	0.9186251336173801	0.8303548576504419	-0.08827027596693815
576	0.9331490700810869	0.8344794285619141	-0.09866964151917279
577	0.9236728748954105	0.8312002231243608	-0.09247265177104969
578	0.9069726026113283	0.7803616117875319	-0.12661099082379634
579	0.9316648917287895	0.7811662955432923	-0.1504985961854972
580	0.9243520307035816	0.7294246865886452	-0.1949273441149364
581	0.8960612154804533	0.7939536632821569	-0.10210755219829637
582	0.9320993620722985	0.8301662478252465	-0.10193311424705198
583	0.9307617909768447	0.8156113102349661	-0.11515048074187861
584	0.8981600342319213	0.8273679176420247	-0.07079211658989659
585	0.9365061683700465	0.8631355184865447	-0.07337064988350184
586	0.9187134502923977	0.7892787524366471	-0.12943469785575057
587	0.9309606171570827	0.8156489267777279	-0.11531169037935474
588	0.9032817384481034	0.7828332046625239	-0.12044853378557951
589	0.9407649305363369	0.8036087895057287	-0.13715614103060825
590	0.9420574026712134	0.8577720943449844	-0.08428530832622905
591	0.9040446950387477	0.763162637419222	-0.14088205761952577
592	0.9125631904137802	0.8439515923133223	-0.06861159810045792
593	0.91402312075389	0.8132807363576594	-0.10074238439623062
594	0.9235510881308844	0.8262849205124247	-0.09726616761845963
595	0.952435699893327	0.8605546995377504	-0.09188100035557656
596	0.9357968923186315	0.8381224250789469	-0.09767446723968465
597	0.9244444444444444	0.8560721247563353	-0.06837231968810908
598	0.9387108250590251	0.7846954946796468	-0.1540153303793783
599	0.9615180467091295	0.8489171974522293	-0.11260084925690028
600	0.9244871794871795	0.8468298368298368	-0.0776573426573427
601	0.9275895567698846	0.8874681238615665	-0.040121432908318155
602	0.9543708221349321	0.8390445179518986	-0.11532630418303347
603	0.930979450603771	0.8260433585198785	-0.10493609208389243
604	0.9325965130759651	0.7338729763387297	-0.19872353673723542
605	0.9383576445164776	0.8510534846029173	-0.08730415991356033
606	0.936183395291202	0.8539202433254478	-0.08226315196575418
607	0.9420660358160358	0.8141407203907204	-0.12792531542531538
608	0.9469284923830379	0.8087753996844906	-0.13815309269854725
609	0.9120724637681159	0.8032608695652174	-0.10881159420289854
610	0.8941323692992214	0.7902113459399333	-0.1039210233592881
611	0.9015769270671231	0.8320365183110281	-0.06954040875609502
612	0.9173234811165846	0.7779556650246305	-0.13936781609195403
613	0.8755513932434816	0.834887413982654	-0.040663979260827654
614	0.9110035419126328	0.7783943329397874	-0.13260920897284534
615	0.9526857395094767	0.8451458051700831	-0.10753993433939357
616	0.9473245588826944	0.8428501638025174	-0.10447439508017697
617	0.950137122911992	0.8514672884860751	-0.09866983442591692
618	0.9085070984915705	0.758329636202307	-0.15017746228926354
619	0.9408789002162496	0.859978375038616	-0.08090052517763369
620	0.9328731097961868	0.8158316896778435	-0.11704142011834329
621	0.9742888888888889	0.8540888888888889	-0.12019999999999997
622	0.9489769523267545	0.8334023125274839	-0.11557463979927063
623	0.9359349593495935	0.8474676302318579	-0.08846732911773558
624	0.8917663437224763	0.8529278063471318	-0.038838537375344484
625	0.9142949858179895	0.8370150473534926	-0.07727993846449688
626	0.9268761552680221	0.8535600739371534	-0.07331608133086875
627	0.9180060373664028	0.7376659401624728	-0.18034009720393007
628	0.9181519403362407	0.8051194539249147	-0.11303248641132602
629	0.9213930946086678	0.7790194664744052	-0.14237362813426258
630	0.8992402234636871	0.751608938547486	-0.14763128491620114
631	0.8900719026548672	0.8055978060471977	-0.08447409660766958
632	0.9379985351887609	0.8438777548438644	-0.09412078034489646
633	0.9340825776577272	0.7883561643835616	-0.14572641327416558
634	0.9446643052462761	0.7981793218031407	-0.14648498344313543
635	0.9465935293527921	0.8295833751056242	-0.11701015424716787
636	0.9379048380647741	0.8165267226442756	-0.12137811542049848
637	0.9179661301140174	0.8078470824949698	-0.11011904761904756
638	0.9143437296946069	0.8568713450292398	-0.05747238466536708
639	0.941394779771615	0.8414151712887439	-0.09997960848287113
640	0.923528823558822	0.8069971501424928	-0.1165316734163292
641	0.945992492824023	0.8602782071097372	-0.08571428571428574
642	0.9607543323139653	0.8566679962770908	-0.10408633603687456
643	0.9569184873212249	0.8717206282355006	-0.0851978590857243
644	0.9620822930670252	0.8246711158056462	-0.13741117726137897
645	0.9184818113736675	0.8645134562373524	-0.05396835513631504
646	0.9565085833013939	0.8840094406229198	-0.07249914267847413
647	0.9284387212505606	0.8112371067973605	-0.1172016144532001
648	0.9523783211309113	0.7591103743610996	-0.19326794676981163
649	0.9306593207841173	0.7976125881714595	-0.13304673261265776
650	0.9488420137001196	0.8510818745243014	-0.09776013917581816
651	0.9126752893124574	0.8147719537100068	-0.09790333560245068
652	0.9414301225376144	0.8096323871568172	-0.1317977353807972
653	0.9518309011107414	0.8584398916195275	-0.09339100949121393
654	0.9421464108031272	0.8452736318407961	-0.09687277896233115
655	0.9610480285157829	0.8744840088683105	-0.0865640196474724
656	0.9210837112622827	0.8142951625094482	-0.1067885487528345
657	0.9180619186450091	0.8025544911842288	-0.11550742746078024
658	0.9067137809187279	0.785344102305233	-0.1213696786134949
659	0.9362002712477396	0.8952164330922242	-0.04098383815551543
660	0.955014985014985	0.8487712287712288	-0.10624375624375626
661	0.89597752144336	0.7927979887607217	-0.10317953268263824
662	0.9627021387584768	0.8848026430186055	-0.07789949573987132
663	0.9105619299794057	0.8185904350952895	-0.09197149488411616
664	0.9637754845205134	0.8420236597029952	-0.12175182481751823
665	0.9311132232937686	0.8690768731454006	-0.06203635014836795
666	0.9345083487940631	0.8522881880024737	-0.08222016079158934
667	0.892124698748348	0.7824146777579103	-0.1097100209904377
668	0.9123742530822176	0.7591710158081839	-0.15320323727403373
669	0.9438123903266668	0.8846498006995851	-0.05916258962708165
670	0.9357160312805474	0.8509042033235582	-0.08481182795698916
671	0.9371328064882559	0.8588022620952473	-0.07833054439300857
672	0.9224839558385994	0.8539673953133836	-0.06851656052521582
673	0.9154387865655471	0.8160021668472373	-0.09943661971830986
674	0.9375887810922718	0.8177531961193217	-0.1198355849729501
675	0.9195764049781642	0.7940561376171242	-0.12552026736103994
676	0.9091713121783876	0.7626500857632933	-0.14652122641509435
677	0.9477657935285054	0.816628145865434	-0.13113764766307145
678	0.9194586812553988	0.8044457241577887	-0.11501295709761006
679	0.9454870238614796	0.8550143615455662	-0.09047266231591344
680	0.949926793557833	0.8347525622254759	-0.11517423133235716
681	0.9162363740676994	0.7993402180149168	-0.11689615605278258
682	0.945603184758655	0.8387715930902111	-0.10683159166844391
683	0.9374055356130738	0.8580908747402229	-0.07931466087285088
684	0.9065268965517241	0.8012579310344827	-0.10526896551724141
685	0.9180176719170188	0.822205147906262	-0.0958125240107568
686	0.920606020480226	0.7510593220338984	-0.16954669844632764
687	0.9278183292781833	0.8255886615345751	-0.1022296677436082
688	0.9130333382432366	0.8051627632935631	-0.10787057494967356
689	0.9642776010904135	0.8292367105860973	-0.13504089050431622
690	0.9154919845218352	0.8492063492063492	-0.06628563531548604
691	0.9479254403632769	0.8050072630949329	-0.142918177268344
692	0.9449360067105014	0.8355115404388884	-0.10942446627161295
693	0.9507631512644044	0.8634416729654825	-0.0873214782989219
694	0.9590391557900583	0.8506279119997532	-0.10841124379030509
695	0.9228260219043629	0.7657699443413729	-0.15705607756299
696	0.9119097486671744	0.8319116527037319	-0.07999809596344254
697	0.9197440444067535	0.7942487086577751	-0.12549533574897842
698	0.91753546188161	0.8058618615608241	-0.11167360032078588
699	0.9281612270376315	0.7692527198145176	-0.1589085072231139
700	0.9420727907266608	0.8568957995762184	-0.08517699115044242
701	0.9623119006562543	0.9007554987656465	-0.06155640189060774
702	0.9317873303167421	0.8196078431372549	-0.11217948717948723
703	0.9139807723643474	0.8334039432947694	-0.08057682906957797
704	0.9495526628222524	0.803998473541384	-0.14555418928086838
705	0.9420099431818182	0.8042613636363637	-0.1377485795454545
706	0.9492704642923737	0.8566800298340481	-0.0925904344583256
707	0.9535267964431627	0.8288722662821437	-0.12465453016101902
708	0.9027760792466675	0.7716223010340657	-0.13115377821260177
709	0.9627753336592159	0.8928142914278097	-0.0699610422314062
710	0.9062770478884884	0.8364272888165459	-0.06984975907194246
711	0.9321145124716553	0.7949161807580175	-0.13719833171363782
712	0.9379699248120301	0.8111552466070837	-0.1268146782049464
713	0.9214678610718214	0.8011944051548012	-0.12027345591702021
714	0.9102147039687704	0.8513781274028509	-0.05883657656591945
715	0.9214109825166216	0.8295739965525732	-0.09183698596404832
716	0.9543744384546271	0.8780042677448338	-0.07637017070979335
717	0.9378632212536322	0.8127983603154836	-0.12506486093814861
718	0.946061326989162	0.8771345492994977	-0.06892677768966426
719	0.9568970396784966	0.8303899926416483	-0.12650704703684834
720	0.945930035095664	0.8366353447299898	-0.10929469036567419
721	0.924797953369382	0.7954764811907669	-0.12932147217861512
722	0.9327438309224294	0.8030494676080308	-0.12969436331439865
723	0.9440386680988184	0.834562596968612	-0.10947607113020641
724	0.9514133773177113	0.8201143214651347	-0.1312990558525765
725	0.9223886328725038	0.7926907322068613	-0.12969790066564257
726	0.9292231624018759	0.8433963706799877	-0.08582679172188812
727	0.9415123917587339	0.810416044590425	-0.13109634716830887
728	0.9418219461697722	0.9097945532728141	-0.03202739289695811
729	0.9166128800917958	0.8313790877796902	-0.0852337923121056
730	0.9168167138243448	0.8072394181028323	-0.10957729572151254
731	0.9217652301562336	0.8414202579427493	-0.08034497221348424
732	0.9172622635552111	0.8181348488762593	-0.09912741467895181
733	0.9313289359308687	0.8634759932504985	-0.06785294268037023
734	0.9411757740808715	0.8625895447279617	-0.07858622935290982
735	0.9049310344827586	0.7907931034482759	-0.11413793103448266
736	0.9220807726075505	0.8660831870061457	-0.055997585601404776
737	0.9094157650695518	0.8004945904173106	-0.10892117465224116
738	0.9153932701868229	0.7945863205819248	-0.12080694960489813
739	0.9453352033660589	0.7532117812061712	-0.19212342215988776
740	0.9238890376121002	0.8849551599518137	-0.03893387766028644
741	0.9444212775938909	0.8148374990226485	-0.12958377857124248
742	0.9430683155940144	0.8984307681104895	-0.044637547483524886
743	0.9276769301470589	0.8259420955882353	-0.1017348345588236
744	0.9542811839323467	0.8316596194503171	-0.12262156448202965
745	0.8875084707476847	0.7636975127374946	-0.12381095801019004
746	0.9407492018861846	0.8345341651290162	-0.10621503675716837
747	0.9383372295818027	0.7995194626887825	-0.13881776689302017
748	0.9473519451321893	0.830274054469393	-0.11707789066279639
749	0.9305606523955148	0.821651376146789	-0.10890927624872582
750	0.9322745020183972	0.8293296274237311	-0.10294487459466617
751	0.934488116601742	0.8487985293473979	-0.08568958725434417
752	0.9532155130093275	0.8529823269513991	-0.10023318605792841
753	0.9234899328859061	0.7722749363573247	-0.1512149965285814
754	0.9395957740009186	0.8508778645434594	-0.08871790945745928
755	0.9340957549912774	0.8451388696591255	-0.08895688533215185
756	0.9557238037552999	0.8498728043609933	-0.10585099939430653
757	0.9562506957586553	0.8638741865948812	-0.09237650916377405
758	0.9461932449920711	0.8500811111313635	-0.0961121338607076
759	0.9342506429120603	0.9025424852196505	-0.031708157692409755
760	0.9209912894123421	0.8309716599190283	-0.09001962949331377
761	0.9275599516117555	0.8220024194122252	-0.10555753219953035
762	0.9253947729320952	0.7946788918929509	-0.13071588103914422
763	0.9718469992691048	0.8395414309304026	-0.13230556833870222
764	0.9326693280284116	0.851560100935927	-0.08110922709248458
765	0.9283014690766481	0.8303524835143982	-0.09794898556224996
766	0.9175050578730783	0.8305922184450653	-0.08691283942801309
767	0.9510980998432069	0.8369351885354649	-0.11416291130774203
768	0.9238638782460622	0.7926378246062155	-0.13122605363984674
769	0.9345182543772896	0.8145589279993314	-0.11995932637795825
770	0.9439580255496655	0.8092248196749805	-0.13473320587468496
771	0.9215227079923052	0.778022056802839	-0.1435006511894662
772	0.9799889441680486	0.9060622811866593	-0.07392666298138928
773	0.9002234736748012	0.8418879056047197	-0.058335568070081445
774	0.9359327568174282	0.8432437948011531	-0.09268896201627508
775	0.9157689811810512	0.763486913259788	-0.1522820679212632
776	0.936730252208424	0.8519907822301882	-0.08473946997823578
777	0.9457923284289844	0.8532105622137777	-0.09258176621520675
778	0.9552487148285196	0.8655598877492736	-0.08968882707924597
779	0.9025639562258336	0.7920727096323141	-0.1104912465935195
780	0.9579711212612347	0.8769952359903738	-0.08097588527086097
781	0.9499046742488988	0.8741700085464467	-0.07573466570245213
782	0.9130325814536341	0.7929128376496798	-0.1201197438039543
783	0.9176331181928197	0.8260639370713998	-0.09156918112141987
784	0.9220821661998133	0.8227668845315904	-0.0993152816682229
785	0.936743973735494	0.8688354781509506	-0.06790849558454337
786	0.9557196489396087	0.8036100544491683	-0.15210959449044037
787	0.9366150409081303	0.8638106451710292	-0.07280439573710107
788	0.9077405367397164	0.8652877065510372	-0.04245283018867929
789	0.9301685910307899	0.8038612784471219	-0.126307312583668
790	0.9287136135670337	0.7755415955741689	-0.15317201799286484
791	0.9362494060503669	0.8502850958238741	-0.08596431022649276
792	0.9181623931623931	0.8411725427350427	-0.0769898504273504
793	0.9270372337286835	0.8689591078066915	-0.05807812592199202
794	0.9383427577207482	0.858137078232772	-0.08020567948797619
795	0.9225823540743595	0.7812319398959738	-0.14135041417838567
796	0.9296581196581196	0.81001221001221	-0.1196459096459096
797	0.939047619047619	0.8476302521008403	-0.09141736694677871
798	0.9569372852233677	0.8763960481099656	-0.08054123711340211
799	0.9244296436204583	0.8314429146577862	-0.09298672896267213
800	0.9211507623990663	0.7805600098680153	-0.14059075253105102
801	0.9488139658848614	0.8124866737739872	-0.13632729211087424
802	0.9385353265473693	0.8462079841516025	-0.09232734239576679
803	0.8929343165837764	0.8437146287086263	-0.049219687875150075
804	0.9261988993710691	0.8060141509433962	-0.1201847484276729
805	0.9270957214370661	0.8064551815692673	-0.12064053986779877
806	0.9424284865461336	0.8464582802818097	-0.09597020626432395
807	0.9274796422373515	0.8006051706492235	-0.12687447158812792
808	0.9164874274661509	0.7926808510638298	-0.12380657640232107
809	0.90919452887538	0.8252152988855117	-0.08397922998986829
810	0.9442363095983693	0.7912477083024927	-0.15298860129587666
811	0.9344035823170732	0.7977205602134146	-0.13668302210365857
812	0.94060687723748	0.7876193873102683	-0.15298748992721178
813	0.946323363799092	0.8802588996763754	-0.0660644641227166
814	0.9168569867313054	0.8125429095851257	-0.1043140771461798
815	0.9509631121742415	0.8014478156867683	-0.1495152964874732
816	0.950519678833555	0.8301192059504457	-0.12040047288310929
817	0.947794683559292	0.8378189568409212	-0.10997572671837075
818	0.9467051467051467	0.84493746993747	-0.10176767676767673
819	0.9105810397553517	0.8233883792048929	-0.08719266055045871
820	0.93349533437014	0.8106045878693624	-0.12289074650077758
821	0.9423235508125152	0.8533592044627698	-0.08896434634974537
822	0.9271915202803779	0.7970359447792452	-0.13015557550113266
823	0.9175529995814873	0.8305600854343151	-0.08699291414717214
824	0.9448645578158839	0.8103572738784156	-0.13450728393746825
825	0.9441116170088133	0.8586415315387278	-0.0854700854700855
826	0.9175582680329516	0.8083936106088004	-0.10916465742415116
827	0.9563345633456335	0.8644526445264452	-0.09188191881918828
828	0.905447306296466	0.8267502906874318	-0.0786970156090342
829	0.9381468582920488	0.8352013538038946	-0.1029455044881542
830	0.8987328562909959	0.7467799642218247	-0.15195289206917117
831	0.9099981854472873	0.8362366176737435	-0.07376156777354381
832	0.9201984869437891	0.8460641557525963	-0.07413433119119284
833	0.9294890231042086	0.8028792381682804	-0.12660978493592812
834	0.9232223163657695	0.7940754741575963	-0.12914684220817318
835	0.922975217448315	0.7877857423838455	-0.13518947506446954
836	0.9405166631975762	0.8521820578644279	-0.0883346053331483
837	0.9548098035724882	0.8568927660079521	-0.09791703756453618
838	0.9291088034335611	0.8380158358205274	-0.09109296761303365
839	0.9289406339473484	0.8265639648313781	-0.10237666911597032
840	0.9690636068476978	0.879482733175915	-0.0895808736717828
841	0.9157136075266497	0.8695351948556385	-0.04617841267101119
842	0.9260574083724162	0.7754038561750912	-0.150653552197325
843	0.9327620054364241	0.8507122722239001	-0.08204973321252396
844	0.9227560360088892	0.7697747561113413	-0.15298127989754795
845	0.934407110253162	0.8036536566729002	-0.1307534535802618
846	0.8958863393175603	0.765604565450006	-0.13028177386755435
847	0.9447100362454693	0.8501124859392576	-0.09459755030621175
848	0.9295814479638009	0.8056531316980233	-0.1239283162657776
849	0.9137609680564317	0.7535986694958995	-0.1601622985605322
850	0.9309735806769875	0.8430675160476985	-0.08790606462928907
851	0.9147951333669498	0.8304306789237552	-0.08436445444319463
852	0.9108280927971252	0.8236431855414046	-0.08718490725572059
853	0.9131912127524413	0.8219060704102586	-0.09128514234218266
854	0.9461095328282828	0.811679292929293	-0.13443023989898983
855	0.9340958028875005	0.8153599962347182	-0.11873580665278227
856	0.9016618947839856	0.8539324045490171	-0.04772949023496853
857	0.9167458769806661	0.8256229850366	-0.09112289194406609
858	0.9608197358197358	0.8312645687645688	-0.129555167055167
859	0.9020438908126096	0.7403876422179251	-0.16165624859468453
860	0.9337525867397672	0.8040124701013196	-0.12974011663844764
861	0.9051611348299132	0.7774583390717532	-0.12770279575816001
862	0.9088339695934633	0.839300783604581	-0.06953318598888225
863	0.942077694007933	0.8247343082932146	-0.11734338571471836
864	0.9545043882292205	0.8942146360351059	-0.06028975219411459
865	0.9224449804039795	0.7842176665661742	-0.1382273138378053
866	0.9201740411463419	0.8177364372955103	-0.10243760385083167
867	0.9293625889846384	0.8139401461221432	-0.11542244286249526
868	0.9245475288540351	0.8148800425333954	-0.10966748632063972
869	0.9344750254841998	0.854909955827387	-0.07956506965681276
870	0.9525133689839572	0.8462967914438503	-0.10621657754010694
871	0.9475473530840214	0.8257649344341913	-0.12178241864983008
872	0.9398737378847049	0.7744076404767204	-0.16546609740798446
873	0.9248871518220853	0.8290074865132665	-0.09587966530881875
874	0.948937908496732	0.8366384432560903	-0.11229946524064172
875	0.8956112043371628	0.7923454240351103	-0.10326578030205247
876	0.9360764627222308	0.8418462415327619	-0.09423022118946889
877	0.9122253521126761	0.8050078247261346	-0.10721752738654144
878	0.9254048132552806	0.7914484269624457	-0.1339563862928349
879	0.9337699971261615	0.8239175208353291	-0.10985247629083239
880	0.9167924025916393	0.7692154078281708	-0.14757699476346853
881	0.9382286516511017	0.8270280168467313	-0.11120063480437037
882	0.9491437281448938	0.8351474939478167	-0.11399623419707705
883	0.9272986272986273	0.7903133903133903	-0.136985236985237
884	0.9051602623031194	0.7410522767665625	-0.16410798553655692
885	0.9463003308319212	0.8272613572177843	-0.11903897361413696
886	0.9146395689474786	0.8328102113412847	-0.08182935760619381
887	0.9266242203742203	0.7846153846153846	-0.14200883575883572
888	0.8888786581342173	0.7293556159170081	-0.15952304221720914
889	0.9445828416590184	0.8179603164197369	-0.12662252523928152
890	0.9226559869148987	0.7772045028142589	-0.1454514841006398
891	0.8874711800461119	0.7533666946132886	-0.13410448543282327
892	0.9149967943113598	0.7687241359211984	-0.14627265839016146
893	0.9513816721776098	0.8535781766650921	-0.09780349551251777
894	0.9514745220852091	0.8755137991779213	-0.07596072290728784
895	0.9427320102006874	0.7979598625124736	-0.14477214768821378
896	0.9367838541666667	0.8216471354166667	-0.11513671874999998
897	0.9197755894328189	0.7533732601079444	-0.16640232932487453
898	0.9189783868092691	0.8269552139037433	-0.09202317290552586
899	0.9150890945987268	0.8045478553359464	-0.11054123926278037
900	0.9238175160207507	0.7956362526701252	-0.12818126335062552
901	0.9480296217931764	0.8724543771489024	-0.07557524464427401
902	0.9258683304728762	0.799423483562644	-0.12644484691023217
903	0.941759125261296	0.825277375783888	-0.11648174947740797
904	0.9352815105674014	0.8524161882264599	-0.08286532234094146
905	0.9353558696547895	0.7189498575804805	-0.21640601207430898
906	0.9485225885225885	0.8390354090354091	-0.10948717948717945
907	0.9166138237159163	0.8510181075177905	-0.06559571619812576
908	0.9345783774808393	0.7059260489220202	-0.22865232855881912
909	0.9313027003949195	0.8552273455011207	-0.0760753548937988
910	0.9611965017287968	0.8532701862451696	-0.10792631548362719
911	0.9051310396893874	0.7543545081967213	-0.150776531492666
912	0.9437691025284801	0.8202857275169029	-0.12348337501157725
913	0.896560582274868	0.7986870272584559	-0.09787355501641215
914	0.9192173418851993	0.8095153040513112	-0.1097020378338881
915	0.9431140905885649	0.8316219584053786	-0.11149213218318632
916	0.9518766953817517	0.8119445674010011	-0.1399321279807506
917	0.9629047434549178	0.8672275419272707	-0.09567720152764714
918	0.9555777855949344	0.8340295488523437	-0.12154823674259074
919	0.9180692283264529	0.8046763816849558	-0.11339284664149707
920	0.9050091013281197	0.7707813658733904	-0.13422773545472932
921	0.92573402417962	0.8191178424339046	-0.10661618174571541
922	0.9570242869875223	0.8876726827094474	-0.06935160427807485
923	0.9216920334567393	0.8296311531605649	-0.09206088029617443
924	0.9079735014765743	0.7671535371271982	-0.14081996434937605
925	0.9164678433491953	0.8057682928436788	-0.1106995505055165
926	0.9202354738686919	0.8257762998247428	-0.0944591740439491
927	0.9340490797546013	0.8207208588957056	-0.11332822085889571
928	0.9227345879725425	0.7877623411173514	-0.13497224685519105
929	0.9205736074270557	0.8270888594164456	-0.09348474801061013
930	0.9614542599610466	0.8436579952591609	-0.11779626470188576
931	0.9424672837535908	0.8250877752952441	-0.11737950845834666
932	0.9124449688526878	0.7890102640226342	-0.12343470483005359
933	0.9147332936744001	0.7859467403856248	-0.1287865532887753
934	0.9531650771607125	0.8844502387801664	-0.06871483838054615
935	0.9114739050616313	0.8299501704694466	-0.08152373459218465
936	0.9509951371133504	0.8337218629367825	-0.11727327417656785
937	0.9613693153423288	0.9030734632683658	-0.05829585207396304
938	0.9304510691431247	0.8415274959679517	-0.08892357317517297
939	0.896098061866256	0.7767456039019381	-0.11935245796431782
940	0.9357422969187675	0.8215826330532213	-0.11415966386554621
941	0.916899194970974	0.8704576798486161	-0.046441515122357946
942	0.9122049645722866	0.7947695243457995	-0.11743544022648711
943	0.9295822102425876	0.8022461814914645	-0.12733602875112304
944	0.9206629184580899	0.8823846445938828	-0.038278273864207124
945	0.9419500856373868	0.8198434059212136	-0.12210667971617317
946	0.9239565311418685	0.8260299524221453	-0.09792657871972321
947	0.9174305144884684	0.7705222501478415	-0.14690826434062687
948	0.9140657511444028	0.7930642252739631	-0.12100152587043966
949	0.899314648687803	0.8046330863096897	-0.09468156237811332
950	0.9287179487179488	0.8091124260355029	-0.11960552268244584
951	0.935686070440192	0.8462639260117795	-0.08942214442841256
952	0.9402221149203284	0.8118058908739739	-0.12841622404635444
953	0.928303511037324	0.8041566746602717	-0.12414683637705226
954	0.9295505569467231	0.8195859597616786	-0.10996459718504448
955	0.9304042005151575	0.822926986328512	-0.10747721418664546
956	0.9236218047428395	0.7845304497598923	-0.13909135498294722
957	0.9224494485294118	0.8017003676470589	-0.12074908088235292
958	0.9387516200510054	0.7757222291901835	-0.1630293908608219
959	0.9044196909809558	0.7824623042014346	-0.12195738677952117
960	0.9385692492099815	0.8428407976462896	-0.09572845156369192
961	0.9293396868618108	0.82857385976855	-0.10076582709326076
962	0.9539670816627981	0.8599177041569952	-0.09404937750580289
963	0.9204095282193754	0.8361501260482584	-0.08425940217111694
964	0.9507276507276508	0.8411902286902286	-0.10953742203742212
965	0.934020439117786	0.8418330556729741	-0.09218738344481192
966	0.951957163958641	0.8121861152141802	-0.1397710487444609
967	0.9463771593090211	0.8298044625719769	-0.11657269673704418
968	0.9401999547372765	0.862947135801483	-0.0772528189357935
969	0.9250254594163142	0.8225914474710313	-0.1024340119452829
970	0.9553026604832805	0.7604548043283703	-0.19484785615491018
971	0.9426851200250215	0.8283234476056432	-0.11436167241937822
972	0.943852343308865	0.8281573498964804	-0.11569499341238465
973	0.9313626774069812	0.7998777330264673	-0.13148494438051395
974	0.9113432463864429	0.8643254693470677	-0.047017777039375264
975	0.9444954830806921	0.8356913183279743	-0.10880416475271781
976	0.9289327443716159	0.8590944713593617	-0.0698382730122542
977	0.9177749678235148	0.7369205410165511	-0.18085442680696362
978	0.9202070978502594	0.8520200148257969	-0.06818708302446252
979	0.9349221431480152	0.8483003354728617	-0.0866218076751536
980	0.9234827326328856	0.822479348613143	-0.10100338401974263
981	0.957736516357206	0.8639621365787694	-0.09377437977843661
982	0.9331644461124664	0.8178311544796814	-0.11533329163278505
983	0.9525296882731321	0.8731754082137556	-0.0793542800593765
984	0.9344056641061332	0.8312453815882181	-0.10316028251791509
985	0.9341547429782724	0.798769357592887	-0.13538538538538536
986	0.8952533577533578	0.8496184371184371	-0.045634920634920695
987	0.9223219440508057	0.8354721041305831	-0.08684983992022255
988	0.9480017128175849	0.8252212389380531	-0.12278047387953184
989	0.9474555058229567	0.8309963725843745	-0.11645913323858215
990	0.9520101958058163	0.8506777893639208	-0.10133240644189545
991	0.9521454887947035	0.8326130917753954	-0.11953239701930807
992	0.914398206090947	0.8399692323738006	-0.07442897371714641
993	0.944053872053872	0.8492390572390572	-0.0948148148148148
994	0.9072983354673495	0.7691848058045241	-0.13811352966282542
995	0.9263533164461957	0.884323107233324	-0.042030209212871705
996	0.9376115878592409	0.8016903760870817	-0.1359212117721592
997	0.9237487990217487	0.7770485257602037	-0.146700273261545
998	0.911048730694124	0.7905423397834191	-0.12050639091070481
999	0.9114694280078895	0.8053648915187377	-0.10610453648915186
1000	0.9582308493429945	0.832502382060316	-0.1257284672826785
1001	0.9502666271663457	0.8253715498938429	-0.12489507727250282
1002	0.9471348489567113	0.7888174578457979	-0.15831739111091336
1003	0.9434036435519015	0.8348720713435317	-0.10853157220836984
1004	0.9590794483894206	0.8885072553257178	-0.07057219306370277
1005	0.8978312262308562	0.8130788821507292	-0.084752344080127
1006	0.91289767331434	0.8325320512820513	-0.0803656220322887
1007	0.9249207035755479	0.8036572472126106	-0.12126345636293734
1008	0.9509996278880958	0.788674266770407	-0.1623253611176888
1009	0.940900631990124	0.8146960735540693	-0.12620455843605471
1010	0.928524261073985	0.8453075886843286	-0.08321667238965635
1011	0.8797023653661517	0.783451165226499	-0.0962512001396526
1012	0.9190460472025087	0.8359111593143611	-0.0831348878881476
1013	0.9271332248314346	0.753995194915911	-0.17313802991552352
1014	0.9385796545105566	0.87098454076091	-0.06759511374964655
1015	0.9221169634962738	0.8562586838448908	-0.06585827965138302
1016	0.9088871759735069	0.8210574397624757	-0.08782973621103118
1017	0.9125226770048958	0.7581078058599866	-0.15441487114490915
1018	0.9150141265525881	0.8258969028199797	-0.08911722373260833
1019	0.926105129253555	0.7950683749034574	-0.13103675435009765
1020	0.9361108779391328	0.8710932035031758	-0.06501767443595707
1021	0.9297851985148402	0.8212683082389923	-0.10851689027584788
1022	0.9181998512273741	0.8146788990825689	-0.10352095214480528
1023	0.9518939393939394	0.7787587412587412	-0.17313519813519818
1024	0.8931884057971015	0.8143768115942029	-0.07881159420289852
1025	0.9141067125645439	0.7855283993115318	-0.12857831325301206
1026	0.941724697628148	0.8184329022461909	-0.12329179538195711
1027	0.9201906028368795	0.7562389184397164	-0.16395168439716312
1028	0.933441297175505	0.8611390520640541	-0.07230224511145089
1029	0.9317624662134859	0.8612350822999075	-0.07052738391357838
1030	0.9236422938587673	0.8328865357549762	-0.0907557581037911
1031	0.9393573415312546	0.8388230127360562	-0.10053432879519841
1032	0.9369695629336798	0.8181240151494208	-0.11884554778425904
1033	0.9265922147385103	0.7735984548335975	-0.15299375990491282
1034	0.9239300463020899	0.8399762232511575	-0.08395382305093235
1035	0.9165685553102771	0.8207505518763797	-0.09581800343389746
1036	0.9374632451216253	0.822373696872494	-0.11508954824913131
1037	0.9293511768759294	0.8174482283393174	-0.11190294853661198
1038	0.9292777550901348	0.8251268887462808	-0.10415086634385395
1039	0.9364470805800501	0.8480864211452155	-0.08836065943483462
1040	0.9074297437747292	0.7638511571282028	-0.14357858664652634
1041	0.930684811237928	0.8042873865964296	-0.1263974246414984
1042	0.9262900514492385	0.8157378635831084	-0.11055218786613008
1043	0.9670082259782764	0.8788397966019791	-0.08816842937629732
1044	0.9366940996702678	0.8160335629842104	-0.12066053668605747
1045	0.9290819996403524	0.8121291134688006	-0.11695288617155186
1046	0.9166573554716306	0.836923730139221	-0.07973362533240969
1047	0.9361518259971717	0.7548203182869071	-0.18133150771026463
1048	0.9570262405050804	0.7764871263687482	-0.18053911413633228
1049	0.9460405578130068	0.8368435109406894	-0.10919704687231735
1050	0.9083060556464811	0.7686442989634479	-0.13966175668303327
1051	0.9347652761831866	0.8783326954968746	-0.05643258068631196
1052	0.9387379679144385	0.8064028520499109	-0.13233511586452762
1053	0.9355478120344418	0.7641087796379062	-0.17143903239653557
1054	0.9440742984050071	0.8488727370617134	-0.09520156134329372
1055	0.9726182074805928	0.8731507025085007	-0.09946750497209211
1056	0.9506038647342995	0.8542270531400966	-0.09637681159420286
1057	0.9228104628644682	0.8412295775032048	-0.0815808853612634
1058	0.8989583863902613	0.7899200325981766	-0.10903835379208471
1059	0.9082809224318659	0.7779390420899854	-0.13034188034188043
1060	0.9425417534958171	0.8496119114493673	-0.09292984204644983
1061	0.9546687874251497	0.8063248502994012	-0.14834393712574856
1062	0.9393670511682934	0.8319668737060042	-0.10740017746228925
1063	0.9050305594734368	0.7507018604338773	-0.15432869903955948
1064	0.9226608029354629	0.8428394129074034	-0.07982139002805955
1065	0.9329851942663145	0.854111655978876	-0.0788735382874386
1066	0.906412422037422	0.8259485446985447	-0.08046387733887728
1067	0.9219475215050437	0.8406306083297234	-0.0813169131753203
1068	0.9006847183317771	0.7978369125427949	-0.10284780578898223
1069	0.9407107895296871	0.8339221110874654	-0.10678867844222173
1070	0.9484558144059141	0.8679441661397792	-0.08051164826613488
1071	0.885482180293501	0.8002072612921669	-0.0852749190013341
1072	0.9241171015364563	0.8046845627490788	-0.11943253878737747
1073	0.9311436054124836	0.8289365997381056	-0.10220700567437802
1074	0.9432620596635989	0.8167843541732783	-0.12647770549032056
1075	0.9557083333333334	0.874375	-0.08133333333333337
1076	0.9374426356214676	0.7643712864112845	-0.17307134921018308
1077	0.9142229163051652	0.7612499276996935	-0.1529729886054717
1078	0.8990304002332872	0.8323248523729678	-0.06670554786031935
1079	0.9222068965517242	0.8446896551724138	-0.07751724137931038
1080	0.9538175910884196	0.8352948977223751	-0.11852269336604448
1081	0.93140589569161	0.7984638299764351	-0.13294206571517497
1082	0.963083963083963	0.848001848001848	-0.11508211508211508
1083	0.928409090909091	0.8701923076923077	-0.05821678321678325
1084	0.9208232445520581	0.8674334140435835	-0.05338983050847457
1085	0.9464569572386284	0.8319658777879803	-0.11449107945064818
1086	0.9380888290713324	0.834157050504159	-0.1039317785671734
1087	0.9424347158218126	0.8814004096262161	-0.061034306195596466
1088	0.9561818181818181	0.8236083916083916	-0.13257342657342652
1089	0.9348303571428571	0.8477232142857143	-0.08710714285714283
1090	0.9571697041213234	0.7577203793540492	-0.19944932476727417
1091	0.9334849738075545	0.7929073614557486	-0.14057761235180588
1092	0.8980779403985187	0.7856764994835882	-0.11240144091493054
1093	0.9363212495628861	0.8768970742510782	-0.05942417531180788
1094	0.9499229406758217	0.8605456260207485	-0.08937731465507326
1095	0.934918054991196	0.801774346471624	-0.1331437085195719
1096	0.9740939254721797	0.8754998298451591	-0.0985940956270206
1097	0.9190169028673666	0.8485098168463675	-0.07050708602099909
1098	0.8894677793658844	0.7582799268446371	-0.13118785252124732
1099	0.9194953397870013	0.8326339551567022	-0.08686138463029902
1100	0.9390646598064813	0.8146086110684483	-0.12445604873803306
1101	0.9576011378002528	0.8949115044247787	-0.06268963337547406
1102	0.9405916260780196	0.7886299655927432	-0.15196166048527637
1103	0.9199263085172878	0.7891897226700003	-0.13073658584728753
1104	0.9110756830964085	0.8291336374237929	-0.08194204567261565
1105	0.9409596919192563	0.7954501982887237	-0.14550949363053267
1106	0.9594173132511791	0.8669810842334804	-0.09243622901769866
1107	0.895422335600907	0.7822278911564626	-0.11319444444444438
1108	0.8693983505564388	0.7683947734499205	-0.1010035771065183
1109	0.9654659346218513	0.839173325001116	-0.1262926096207353
1110	0.8987264129901414	0.7808917339519115	-0.11783467903822997
1111	0.932347428965339	0.7653001874151785	-0.16704724155016049
1112	0.9251259395490165	0.8292719494642572	-0.09585399008475926
1113	0.9148498331479421	0.8531006674082313	-0.06174916573971079
1114	0.9079842615871934	0.802289740202554	-0.10569452138463942
1115	0.9235622958985996	0.7748270327115736	-0.148735263187026
1116	0.9230491538150523	0.7755299485935424	-0.14751920522150985
1117	0.905016259600083	0.8212689407043521	-0.08374731889573095
1118	0.9300844988344988	0.8464597902097902	-0.08362470862470861
1119	0.9440649384056935	0.810215222797039	-0.13384971560865455
1120	0.9384420813545323	0.7881478422465414	-0.1502942391079909
1121	0.9407230800282571	0.8362221213038652	-0.10450095872439191
1122	0.9126884092222047	0.7871697915025472	-0.12551861771965755
1123	0.9550475729721013	0.8065903348922216	-0.14845723807987965
1124	0.9450990196997635	0.8117115146211624	-0.1333875050786011
1125	0.9403253671177656	0.8316729052692197	-0.10865246184854593
1126	0.926418173229699	0.8269850130974363	-0.09943316013226267
1127	0.9296635793018984	0.709086037966932	-0.22057754133496632
1128	0.9215301159745605	0.7502338196782641	-0.1712962962962964
1129	0.9390844120819849	0.8372100862998921	-0.10187432578209277
1130	0.9120307434905365	0.8329760535396842	-0.0790546899508523
1131	0.9219170055835114	0.8493658233956021	-0.07255118218790935
1132	0.933423015775957	0.8478904243610126	-0.0855325914149444
1133	0.9191487630208334	0.7899712456597222	-0.12917751736111116
1134	0.9518269230769231	0.8422716346153846	-0.1095552884615385
1135	0.9360457756285288	0.8518874851254525	-0.08415829050307622
1136	0.9033644859813084	0.8051656754460492	-0.09819881053525914
1137	0.9007434888626266	0.796954238784089	-0.10378925007853756
1138	0.9170205537625276	0.8520185719947908	-0.06500198176773675
1139	0.9347195747308508	0.8392622224608693	-0.09545735226998142
1140	0.9027422581216924	0.7732509558655964	-0.12949130225609595
1141	0.9176292056885189	0.7593218869233438	-0.15830731876517512
1142	0.93908272986614	0.7031380294053106	-0.2359447004608295
1143	0.9300071322051482	0.8577557327800471	-0.07225139942510106
1144	0.924000842874201	0.7954625272178127	-0.1285383156563883
1145	0.947716814159292	0.8328377581120944	-0.11487905604719761
1146	0.9478410326563541	0.8302641271177523	-0.11757690553860178
1147	0.9405629033288607	0.8621334100057504	-0.07842949332311033
1148	0.9282000679059502	0.7907329598506069	-0.13746710805534335
1149	0.9334731749142577	0.8473634247917687	-0.086109750122489
1150	0.9094074006506735	0.7871628812064824	-0.12224451944419112
1151	0.9189225363894931	0.8184373431487368	-0.10048519324075622
1152	0.9416118657209316	0.8394451942681561	-0.10216667145277547
1153	0.9279873852612233	0.8403212163615669	-0.0876661688996564
1154	0.9095697329376855	0.7241097922848665	-0.185459940652819
1155	0.9584829475809359	0.8871295695435865	-0.07135337803734942
1156	0.9592876216019104	0.86848760748609	-0.0908000141158204
1157	0.9533845061188811	0.8858446241258742	-0.06753988199300698
1158	0.9187446064404778	0.8237271199527638	-0.09501748648771402
1159	0.9381061422413793	0.8722117456896552	-0.06589439655172413
1160	0.9324082997902375	0.8439537388740859	-0.08845456091615167
1161	0.9256352282515073	0.8345607235142118	-0.0910745047372955
1162	0.907249322493225	0.843309620596206	-0.06393970189701903
1163	0.9074111586989235	0.8113207547169812	-0.09609040398194235
1164	0.94146418098031	0.8061374109761207	-0.13532677000418936
1165	0.9405185207318653	0.7908885369667633	-0.14962998376510195
1166	0.9408606448174793	0.8702504662936318	-0.07061017852384754
1167	0.9070198675496689	0.8071523178807947	-0.09986754966887423
1168	0.9500408000133225	0.8411297440423654	-0.10891105597095707
1169	0.9198831931072369	0.8005753606846503	-0.11930783242258658
1170	0.9444709571857104	0.8023247886555768	-0.14214616853013362
1171	0.908390170980099	0.7907128842380641	-0.11767728674203493
1172	0.9300886252105764	0.8188676481359408	-0.11122097707463563
1173	0.9363999027696356	0.8506941962051561	-0.08570570656447951
1174	0.908259587020649	0.8378892166502786	-0.07037037037037042
1175	0.926596279537456	0.8252890899949723	-0.10130718954248374
1176	0.9212431416378785	0.7894990855517171	-0.13174405608616135
1177	0.9433656957928802	0.86471851068602	-0.0786471851068602
1178	0.9191019244476123	0.7854597291518175	-0.1336421952957948
1179	0.9411985018726592	0.7928714107365793	-0.1483270911360799
1180	0.9119724025974026	0.8188311688311688	-0.09314123376623384
1181	0.939209726443769	0.8227763849754842	-0.11643334146828477
1182	0.9517942399507161	0.8483495045946917	-0.10344473535602439
1183	0.9277163958641064	0.7324667651403249	-0.19524963072378143
1184	0.9197377908882334	0.7744083906915765	-0.14532940019665685
1185	0.9552860159324311	0.84350705441981	-0.11177896151262112
1186	0.9226813098506663	0.7656331614544968	-0.15704814839616954
1187	0.9291217057480805	0.8552604274745798	-0.07386127827350075
1188	0.9535466020305498	0.7930234153480289	-0.16052318668252086
1189	0.9461437908496731	0.8435897435897436	-0.10255404725992956
1190	0.9393319630010277	0.8500719424460431	-0.08926002055498461
1191	0.9355846774193548	0.86640625	-0.06917842741935476
1192	0.951394523326572	0.852079107505071	-0.09931541582150105
1193	0.9385694036650805	0.8212640477877898	-0.11730535587729063
1194	0.9266280521826926	0.867842814251933	-0.058785237930759626
1195	0.9443518518518519	0.8265393518518519	-0.11781249999999999
1196	0.9165302514405448	0.7711989261393399	-0.14533132530120485
1197	0.9404525501672241	0.8267401755852842	-0.11371237458193983
1198	0.9537609774723177	0.8701030927835052	-0.08365788468881252
1199	0.9428794381584081	0.7658863311223826	-0.17699310703602555
1200	0.9606458983409211	0.8667280508806929	-0.09391784746022813
1201	0.9289940828402367	0.8062802582033352	-0.1227138246369015
1202	0.9241451659811376	0.782978104615896	-0.1411670613652416
1203	0.9482377538829152	0.8243130227001195	-0.12392473118279568
1204	0.9215821661077136	0.8192773065035839	-0.10230485960412972
1205	0.9385035419126329	0.810655253837072	-0.1278482880755608
1206	0.8909756398481089	0.824708349897871	-0.0662672899502379
1207	0.9297287257868919	0.8111678010728606	-0.11856092471403135
1208	0.9201295559617245	0.8197102462100849	-0.1004193097516396
1209	0.9231965608835454	0.8384943380399832	-0.08470222284356221
1210	0.9286218627639772	0.8315681365941331	-0.09705372616984409
1211	0.9181000562113547	0.8001264755480607	-0.117973580663294
1212	0.9296778890813688	0.8278225502749115	-0.10185533880645736
1213	0.9116030774061862	0.8078452923012509	-0.10375778510493527
1214	0.9394103263425185	0.8841225430264271	-0.05528778331609141
1215	0.9449034680259245	0.8148285170112769	-0.1300749510146476
1216	0.9509619294228423	0.8300734019559588	-0.1208885274668835
1217	0.9200301878354203	0.8177688953488372	-0.10226129248658311
1218	0.9424826601387188	0.8356079151366789	-0.10687474500203997
1219	0.9110551229195297	0.7823637196518552	-0.12869140326767448
1220	0.93992133726647	0.9045394952474598	-0.03538184201901018
1221	0.9167193675889328	0.8368247694334651	-0.07989459815546773
1222	0.9523372031515354	0.8464044099223252	-0.10593279322921012
1223	0.933467716535433	0.7927559055118111	-0.14071181102362196
1224	0.9249770236832803	0.8346129374337221	-0.09036408624955816
1225	0.9418008689543929	0.8142154694695215	-0.12758539948487135
1226	0.9558720756098372	0.8333056008519418	-0.1225664747578954
1227	0.9378850596842511	0.8488520408163265	-0.08903301886792458
1228	0.9516970231886384	0.8491334349675038	-0.10256358822113454
1229	0.9325288852084073	0.8354298933974789	-0.0970989918109284
1230	0.9205748960387954	0.7375152329861678	-0.18305966305262755
1231	0.9249416228838295	0.7971978984238178	-0.1277437244600117
1232	0.9480416347599194	0.893147848776199	-0.05489378598372041
1233	0.9467925237156006	0.8171433267587114	-0.12964919695688926
1234	0.9553500693206576	0.8622623291740938	-0.09308774014656374
1235	0.916451594672494	0.8076408643068402	-0.10881073036565381
1236	0.9195598367783798	0.8670312395477958	-0.05252859723058401
1237	0.9328034471715142	0.805965586514106	-0.1268378606574082
1238	0.9148990544339382	0.8101748749589281	-0.10472417947501
1239	0.9440796546534129	0.8555101635765204	-0.08856949107689249
1240	0.9683841807909604	0.8677288135593221	-0.10065536723163837
1241	0.9237737464038612	0.7868470481942034	-0.13692669820965786
1242	0.9189135508217886	0.7653185361735936	-0.15359501464819503
1243	0.9378182870370371	0.8130931712962963	-0.12472511574074074
1244	0.9656312726537567	0.8803448425248018	-0.08528643012895487
1245	0.9226949013676183	0.7463036490830025	-0.17639125228461583
1246	0.8999045311008298	0.8119079092311082	-0.08799662186972157
1247	0.9340883460901697	0.8247474626292679	-0.10934088346090176
1248	0.9113621988384797	0.7682996952446668	-0.1430625035938129
1249	0.9425278514928913	0.8093919464635976	-0.13313590502929373
1250	0.9253437006986702	0.7949346405228758	-0.13040906017579446
1251	0.95865863123773	0.8997283477149249	-0.05893028352280505
1252	0.9445959635315203	0.8226057819683628	-0.12199018156315755
1253	0.9317436048746904	0.762649428216339	-0.16909417665835147
1254	0.9246832757471055	0.8244377765654362	-0.10024549918166936
1255	0.9409909414310339	0.8820063324409237	-0.058984608990110154
1256	0.8565898660238283	0.7434634462936349	-0.11312641973019333
1257	0.9506469002695418	0.8331266846361186	-0.11752021563342319
1258	0.9316932208684786	0.8367853795688848	-0.09490784129959384
1259	0.9230718545119099	0.775024983801711	-0.14804687071019884
1260	0.9193530641434702	0.8311557927164704	-0.08819727142699973
1261	0.945889432884537	0.8260276417788658	-0.11986179110567119
1262	0.9249253519124129	0.8840161686742093	-0.040909183238203584
1263	0.914887251196775	0.8037288989669942	-0.11115835222978088
1264	0.9377331143105614	0.8132186684703836	-0.12451444584017779
1265	0.934444821023542	0.8525301770211434	-0.08191464400239856
1266	0.9526375205254516	0.860632183908046	-0.09200533661740562
1267	0.9558173784977909	0.8621631209485826	-0.09365425754920831
1268	0.8864170992861778	0.6969601719662557	-0.18945692731992214
1269	0.9387128899415929	0.8486259521438376	-0.09008693779775523
1270	0.9476312611108849	0.8475891924167787	-0.10004206869410626
1271	0.9489462714219546	0.8567392311255211	-0.09220704029643356
1272	0.9451985785668577	0.861954879028415	-0.08324369953844268
1273	0.9333114283280396	0.8255266328356029	-0.10778479549243669
1274	0.8844190476190477	0.8533079365079365	-0.0311111111111112
1275	0.9151240915946798	0.8050683719132917	-0.11005571968138805
1276	0.9291948898225156	0.8609963131269828	-0.06819857669553286
1277	0.9488995598239296	0.8215586234493798	-0.1273409363745498
1278	0.9261150684931507	0.8557041095890411	-0.07041095890410964
1279	0.9439232409381663	0.7963041933191187	-0.14761904761904754
1280	0.9342105263157895	0.8146501029109086	-0.11956042340488093
1281	0.9282138884474813	0.8444303194025107	-0.08378356904497064
1282	0.9104959553320664	0.8210928171406469	-0.08940313819141954
1283	0.9253951093951094	0.7444942084942084	-0.18090090090090094
1284	0.9418485159886357	0.8709423925527413	-0.07090612343589442
1285	0.9497896406648735	0.7964687219808263	-0.15332091868404718
1286	0.943580370795107	0.8242904243119266	-0.11928994648318048
1287	0.9308390022675737	0.8364149078434793	-0.09442409442409438
1288	0.9257121277514027	0.7881554812257229	-0.13755664652567978
1289	0.9252469520334609	0.7894201553541235	-0.1358267966793374
1290	0.904860934272699	0.8168095521036698	-0.08805138216902919
1291	0.9636669530355098	0.8655498281786942	-0.09811712485681556
1292	0.9321568312161655	0.8496676850511872	-0.08248914616497838
1293	0.9624155405405406	0.8907386954261954	-0.07167684511434513
1294	0.9550962727433315	0.8179709120885591	-0.13712536065477243
1295	0.9265901482544238	0.817479674796748	-0.10911047345767577
1296	0.9481099656357388	0.8460608374697722	-0.10204912816596656
1297	0.9576409181146974	0.8336195935847962	-0.12402132452990122
1298	0.9272459499263623	0.839483197215156	-0.08776275271120637
1299	0.9224197477005853	0.795306649216563	-0.1271130984840223
1300	0.9465847060528477	0.8557678373025458	-0.09081686875030193
1301	0.9449330743120637	0.8548449074568238	-0.0900881668552399
1302	0.9149613287688602	0.792658805629517	-0.1223025231393432
1303	0.9610405775454319	0.8597523027134678	-0.10128827483196412
1304	0.9487400040319871	0.8468920099455681	-0.10184799408641898
1305	0.9359662077053381	0.8567628024149764	-0.07920340529036174
1306	0.9165464165464166	0.8245993772309562	-0.09194703931546033
1307	0.9224995705432297	0.8357228748496901	-0.08677669569353963
1308	0.9459797404241849	0.830389363722697	-0.11559037670148786
1309	0.9567020199328465	0.8525289132867878	-0.10417310664605872
1310	0.9355074682726005	0.8254907965023306	-0.11001667177026986
1311	0.8989975891384342	0.8098521056267535	-0.08914548351168072
1312	0.9340548703750314	0.7817895796627233	-0.1522652907123081
1313	0.8910843737414418	0.8007702376157874	-0.09031413612565442
1314	0.9463924193004162	0.8734675514565291	-0.07292486784388708
1315	0.952314147446458	0.8565820634266886	-0.0957320840197694
1316	0.9417900679047697	0.8411192015053588	-0.10067086639941092
1317	0.93433837890625	0.86309814453125	-0.07124023437500004
1318	0.9302089215132694	0.7933794466403162	-0.13682947487295316
1319	0.9371619044928744	0.7926300475981978	-0.14453185689467662
1320	0.9158140102183252	0.8606025288322108	-0.055211481386114425
1321	0.9632457432240394	0.8627367387541017	-0.10050900446993771
1322	0.9354960964147654	0.8246797544152202	-0.11081634199954515
1323	0.9181237101582206	0.8274908277917908	-0.09063288236642975
1324	0.9384160005752155	0.851798147327046	-0.08661785324816951
1325	0.9323388449556674	0.8644140905823149	-0.06792475437335255
1326	0.9029006882989183	0.799791052114061	-0.10310963618485736
1327	0.9218720061314428	0.8100689787315578	-0.11180302739988501
1328	0.9275783799120443	0.857341466874734	-0.07023691303731028
1329	0.913696131336931	0.7160446910389906	-0.19765144029794035
1330	0.9452290345313601	0.8102466525722339	-0.13498238195912615
1331	0.9276650710432338	0.8684750398905858	-0.05919003115264798
1332	0.9082312091503268	0.7930964052287581	-0.11513480392156872
1333	0.8908437826541274	0.7974007314524556	-0.09344305120167185
1334	0.9308560363247863	0.8259715544871795	-0.10488448183760679
1335	0.9352125414531203	0.8651492312330419	-0.07006331022007839
1336	0.9414367199687987	0.8500633775351014	-0.09137334243369732
1337	0.9333475056689342	0.8480017006802721	-0.08534580498866207
1338	0.9463016889924286	0.9198768616357434	-0.026424827356685165
1339	0.9603549332464996	0.8781690468437456	-0.08218588640275393
1340	0.9180182238127871	0.8136881646742303	-0.10433005913855675
1341	0.9289812853107344	0.8215483757062146	-0.10743290960451979
1342	0.922206822025935	0.8350404059387333	-0.08716641608720166
1343	0.9684791174152876	0.9049120042027844	-0.06356711321250319
1344	0.9499084463144771	0.8555984104721832	-0.09431003584229392
1345	0.923961549350842	0.8532080406616963	-0.07075350868914565
1346	0.9158795395005648	0.7194222126084553	-0.19645732689210949
1347	0.9202135727937384	0.8457664654309377	-0.07444710736280069
1348	0.9327425141192768	0.8299293148154726	-0.10281319930380417
1349	0.9542111747596246	0.8552285630818864	-0.09898261167773814
1350	0.9478065303547675	0.8453806173804528	-0.10242591297431469
1351	0.9345986000058577	0.8680549453767976	-0.06654365462906009
1352	0.9423418803418804	0.8083589743589744	-0.13398290598290596
1353	0.9386431886431886	0.8468760968760969	-0.09176709176709175
1354	0.9177033863307867	0.8069120379929795	-0.11079134833780724
1355	0.9516116799393249	0.8997345468335229	-0.051877133105802
1356	0.9107156881444166	0.7937081374605918	-0.11700755068382485
1357	0.9065897320248223	0.867536588021214	-0.039053144003608264
1358	0.9526470764978067	0.793666246018869	-0.15898083047893763
1359	0.8938727847231762	0.8048323945596922	-0.08904039016348397
1360	0.9492326230339929	0.8497431506849316	-0.09948947234906136
1361	0.8965067778936392	0.7861198007183409	-0.11038697717529833
1362	0.9264135663100029	0.8232551290860901	-0.10315843722391282
1363	0.9553379106085084	0.8500605815831987	-0.10527732902530962
1364	0.9279379732392905	0.8207006534591847	-0.10723731978010576
1365	0.9096577797417391	0.834573083910247	-0.07508469583149213
1366	0.9302364233182366	0.8199609423692192	-0.1102754809490174
1367	0.8944344577209122	0.7618695146452363	-0.1325649430756759
1368	0.9427018472395184	0.8326587795765878	-0.1100430676629306
1369	0.9416357602967012	0.7584283762304453	-0.1832073840662558
1370	0.921886677877429	0.797645739910314	-0.124240937967115
1371	0.9089869566060043	0.7560517084326608	-0.15293524817334347
1372	0.9332928203375239	0.7741400483623887	-0.15915277197513522
1373	0.9555161256653794	0.8388164074731239	-0.11669971819225544
1374	0.9190020153875575	0.7921502861261898	-0.12685172926136778
1375	0.9123200992555831	0.8299255583126551	-0.08239454094292797
1376	0.9586191860465116	0.8339244186046512	-0.12469476744186048
1377	0.9313626834381551	0.8250873515024458	-0.10627533193570926
1378	0.9430812069003024	0.8092083795601384	-0.13387282734016404
1379	0.9510249132765689	0.8620203931462209	-0.08900452013034799
1380	0.9451431309138819	0.8255479698167445	-0.11959516109713741
1381	0.9361860489410044	0.8841111488339296	-0.05207490010707483
1382	0.9082619418483905	0.8343393042575286	-0.07392263759086193
1383	0.9477320814599313	0.8468659084898175	-0.1008661729701138
1384	0.9336997595328066	0.8400893163861216	-0.09361044314668499
1385	0.952797374897457	0.8944216570959803	-0.058375717801476656
1386	0.9357016417340599	0.8479747318732429	-0.08772690986081699
1387	0.9322792815583102	0.7776498861624083	-0.15462939539590193
1388	0.9512005789092823	0.8554700348661273	-0.09573054404315506
1389	0.9336844139530389	0.8343897961155667	-0.09929461783747218
1390	0.9452154981800864	0.8313093172772732	-0.11390618090281324
1391	0.9531955361030271	0.8721900135200165	-0.08100552258301064
1392	0.9148325988291784	0.871314872064724	-0.04351772676445442
1393	0.9427172582619339	0.8211808591245556	-0.12153639913737824
1394	0.9478094528710725	0.8613387053087758	-0.08647074756229678
1395	0.9184115423873762	0.8768241882534691	-0.04158735413390713
1396	0.920186679322892	0.8357696566998892	-0.08441702262300277
1397	0.9518518518518518	0.8658863265781505	-0.08596552527370138
1398	0.9330682054481181	0.7822962154294032	-0.15077199001871489
1399	0.9387765831602745	0.8540259194027496	-0.08475066375752482
1400	0.890927147620061	0.7739377172448039	-0.11698943037525711
1401	0.9213209219858156	0.7674534574468085	-0.15386746453900713
1402	0.953354880413704	0.8427407886231416	-0.11061409179056236
1403	0.8984267748094614	0.8002303820238903	-0.09819639278557113
1404	0.918918918918919	0.7985358316574288	-0.12038308726149016
1405	0.9222763222299508	0.8325218332174047	-0.08975448901254612
1406	0.8895741729866911	0.793608168324136	-0.095966004662555
1407	0.9271220304061437	0.8223706802360066	-0.10475135017013715
1408	0.9171187910318345	0.8387092778397126	-0.07840951319212186
1409	0.9496124031007752	0.8633187282327829	-0.08629367486799233
1410	0.9142501924101593	0.7922443905038186	-0.1220058019063407
1411	0.9211295034079844	0.8257667964946446	-0.09536270691333981
1412	0.9196710942441493	0.8259841571037017	-0.09368693714044762
1413	0.9309302557953637	0.8577013389288569	-0.07322891686650679
1414	0.9273145400593472	0.7925519287833828	-0.13476261127596445
1415	0.909810012800046	0.7995570321151716	-0.11025298068487444
1416	0.9309697489809053	0.8522849173996996	-0.07868483158120576
1417	0.942016221261157	0.8732007413931355	-0.0688154798680215
1418	0.9509173712193847	0.847162904209884	-0.10375446700950064
1419	0.9112314413894889	0.8052799796698302	-0.10595146171965864
1420	0.9618735431235431	0.8911130536130536	-0.07076048951048952
1421	0.9364327737121538	0.7521595637824652	-0.18427320992968865
1422	0.9214489214489214	0.8605514855514855	-0.0608974358974359
1423	0.9399746244008539	0.8324807669069965	-0.10749385749385743
1424	0.9490861935233663	0.851694299011053	-0.09739189451231334
1425	0.9319485396587892	0.8602737314615148	-0.07167480819727445
1426	0.935040813333985	0.8421354904931815	-0.09290532284080355
1427	0.9434766440687663	0.8429016848308017	-0.10057495923796456
1428	0.897881953437509	0.8097786986675876	-0.08810325476992142
1429	0.968640009232012	0.8777912411286135	-0.09084876810339848
1430	0.9483070600502975	0.871235355456051	-0.0770717045942465
1431	0.9187158469945356	0.8475744922156924	-0.0711413547788432
1432	0.9421576508416871	0.8589937582750142	-0.08316389256667289
1433	0.9296631336465168	0.7965342754720399	-0.13312885817447684
1434	0.9420289855072463	0.8270880023905574	-0.11494098311668899
1435	0.9493065518890483	0.8376063044517913	-0.11170024743725704
1436	0.9504984436491286	0.86216353339641	-0.08833491025271856
1437	0.930582774626096	0.8166064981949458	-0.11397627643115016
1438	0.9388103039505581	0.8826553717467167	-0.05615493220384138
1439	0.9475426130355707	0.8162563972423127	-0.13128621579325805
1440	0.912040717187776	0.7574191838897721	-0.15462153329800388
1441	0.9591341991341992	0.8223623995052567	-0.13677179962894248
1442	0.9391356542617046	0.8229741896758703	-0.11616146458583432
1443	0.9541712131732963	0.8741479728484985	-0.0800232403247978
1444	0.9158940817881636	0.8247078994157988	-0.09118618237236475
1445	0.937737421268044	0.7869519398083474	-0.1507854814596966
1446	0.934929435483871	0.8461021505376344	-0.0888272849462366
1447	0.9499331149960791	0.868674754370589	-0.08125836062549008
1448	0.9408999953464563	0.8646439263499155	-0.0762560689965408
1449	0.9157627267151494	0.8487514238149478	-0.06701130290020152
1450	0.9402621722846441	0.81205189941145	-0.1282102728731942
1451	0.9433224678760394	0.8309122260015117	-0.11241024187452764
1452	0.9235101525892107	0.8515859665985822	-0.07192418599062844
1453	0.900883851960173	0.779295068923249	-0.121588783036924
1454	0.9268672264266978	0.799954817575963	-0.12691240885073485
1455	0.927081476198966	0.8107406747092966	-0.11634080148966941
1456	0.9088918380889184	0.7453881884538819	-0.1635036496350365
1457	0.9373371510379385	0.8126986399427344	-0.12463851109520407
1458	0.9511722252106868	0.8590191859422629	-0.09215303926842389
1459	0.9367753623188406	0.8541666666666666	-0.08260869565217399
1460	0.9055602378077948	0.8191954625179381	-0.08636477528985675
1461	0.9490075373839704	0.8614066551949783	-0.08760088218899209
1462	0.9435720282415118	0.8442450350266313	-0.09932699321488048
1463	0.9280143121911038	0.7405529242174629	-0.18746138797364087
1464	0.9525292160709716	0.863580141601979	-0.08894907446899258
1465	0.94361215147732	0.8132152517686225	-0.1303968997086975
1466	0.9345198857393979	0.825049439683586	-0.10947044605581191
1467	0.9489291598023064	0.8951278296418329	-0.053801330160473504
1468	0.9185481397598321	0.8421803854955529	-0.07636775426427922
1469	0.9443526170798898	0.8362891817437272	-0.10806343533616258
1470	0.9298252218844413	0.8004216510273038	-0.1294035708571375
1471	0.9612817089452603	0.8807298620382733	-0.08055184690698702
1472	0.9419323721426972	0.8048507398411796	-0.1370816323015176
1473	0.9361245022007965	0.8552085516663174	-0.08091595053447909
1474	0.9420383538030597	0.8457363714716656	-0.09630198233139409
1475	0.9126440890000893	0.8547404164060406	-0.057903672594048716
1476	0.9259626459824748	0.872891364252701	-0.05307128172977382
1477	0.9292335814074945	0.8180898289593942	-0.11114375244810026
1478	0.9598032407407407	0.8822106481481482	-0.07759259259259255
1479	0.8958920282272129	0.7554401781641579	-0.14045185006305505
1480	0.9705455885967068	0.8953428360776604	-0.0752027525190464
1481	0.9353507942381755	0.7143483683510821	-0.2210024258870934
1482	0.9526612409855212	0.9062030737287036	-0.04645816725681762
1483	0.9447990699306835	0.7721878564534527	-0.17261121347723085
1484	0.9400408282298046	0.8558296879556722	-0.08421114027413246
1485	0.9308119231728611	0.8168184085806934	-0.11399351459216767
1486	0.9512179129921647	0.844867717929384	-0.10635019506278076
1487	0.939219992427111	0.8562968572510413	-0.08292313517606964
1488	0.9335482218332408	0.8386201596721171	-0.0949280621611237
1489	0.9135208012326657	0.8300819942769095	-0.08343880695575612
1490	0.9407784867040637	0.8502690589360397	-0.09050942776802406
1491	0.9298138342851939	0.8567265536576164	-0.07308728062757752
1492	0.9438653247064462	0.8390047128364886	-0.10486061186995765
1493	0.9203708036027606	0.7781319452567552	-0.14223885834600536
1494	0.9140384455354914	0.8617930154503343	-0.05224543008515714
1495	0.9154882154882155	0.8042508417508417	-0.11123737373737375
1496	0.9114277636415041	0.8342437093582131	-0.077184054283291
1497	0.895855894881236	0.8099415204678363	-0.08591437441339966
1498	0.9222714908521817	0.8497223981816149	-0.07254909267056686
1499	0.9399783315276273	0.8706873720958228	-0.06929095943180452
1500	0.9701686856107777	0.9058983357862561	-0.06427034982452162
1501	0.9232714388626707	0.8130375336303092	-0.11023390523236154
1502	0.9254792470208969	0.8363939899833055	-0.0890852570375914
1503	0.9485922176526416	0.7922809237583044	-0.15631129389433718
1504	0.9328394111421149	0.8293723339427178	-0.10346707719939707
1505	0.9568417474077852	0.8775964643889173	-0.0792452830188679
1506	0.8792420327304048	0.7692908412288257	-0.10995119150157906
1507	0.9089488604656354	0.8220830822116565	-0.0868657782539789
1508	0.936895580188628	0.8143309365039652	-0.1225646436846628
1509	0.938725012189176	0.8148951730862993	-0.1238298391028767
1510	0.9564604220621041	0.8399958973307008	-0.11646452473140334
1511	0.9434021632251721	0.7941002949852507	-0.14930186823992142
1512	0.9604708492542833	0.8753975101688648	-0.08507333908541848
1513	0.8913384374135227	0.7929004089413646	-0.0984380284721581
1514	0.9025510048952538	0.7799416218188452	-0.12260938307640856
1515	0.9413889406069633	0.8594054490163222	-0.08198349159064111
1516	0.938667048327847	0.7948857401841515	-0.1437813081436955
1517	0.9476312264036049	0.8589544513457557	-0.08867677505784921
1518	0.9503475670307845	0.8199653706108523	-0.1303821964199322
1519	0.9228777985074627	0.8074277052238806	-0.11545009328358202
1520	0.9286713286713286	0.8264831942251297	-0.1021881344461989
1521	0.9170257230578704	0.8399984519724452	-0.07702727108542529
1522	0.9576429658621439	0.8664782199028774	-0.09116474595926649
1523	0.904866081195112	0.7667593836922212	-0.13810669750289084
1524	0.9287145760415491	0.8359066275262504	-0.09280794851529861
1525	0.9344017987868647	0.8168139510562644	-0.11758784773060027
1526	0.9289677493931338	0.8627518976611567	-0.06621585173197708
1527	0.9235643564356436	0.7634323432343234	-0.1601320132013202
1528	0.9314843348741654	0.795698510529019	-0.1357858243451464
1529	0.9561066144249111	0.8448522967469196	-0.11125431767799143
1530	0.9448367926965808	0.8718887262079063	-0.07294806648867458
1531	0.9527691511387164	0.845568783068783	-0.10720036806993338
1532	0.9284880975528458	0.8057692841865504	-0.12271881336629542
1533	0.9624763257575758	0.8781565656565656	-0.08431976010101017
1534	0.9084541269977414	0.8055007576407354	-0.10295336935700605
1535	0.9322398535245652	0.7841776014647543	-0.14806225205981083
1536	0.9316786017720597	0.8118946474086661	-0.11978395436339362
1537	0.923313662034393	0.7943608943037841	-0.12895276773060893
1538	0.9049561669993924	0.832610016491624	-0.07234615050776838
1539	0.905613864163087	0.7495682210708118	-0.1560456430922752
1540	0.9277613181558293	0.8353344768439108	-0.09242684131191847
1541	0.9298005380383413	0.8796320981071715	-0.05016843993116982
1542	0.9511379335417727	0.8414083391906413	-0.10972959435113139
1543	0.9387710199591388	0.8038661008958039	-0.1349049190633349
1544	0.9371411231968629	0.7942439662013911	-0.14289715699547179
1545	0.9296184956766975	0.7553124451193686	-0.17430605055732895
1546	0.9400788244453094	0.8227179836512262	-0.11736084079408327
1547	0.9005195929854947	0.7845718770296601	-0.11594771595583453
1548	0.920770118001952	0.8338360985419809	-0.08693401945997103
1549	0.9341210436270316	0.7951133447390932	-0.1390076988879384
1550	0.939166171828609	0.7652436165890553	-0.1739225552395537
1551	0.9240568520793122	0.8346025618529567	-0.08945429022635554
1552	0.9039536741214057	0.820509407170749	-0.08344426695065665
1553	0.9011023622047244	0.8406599175103112	-0.06044244469441318
1554	0.9149090909090909	0.8522727272727273	-0.0626363636363636
1555	0.8844699964067553	0.7236794825727632	-0.16079051383399212
1556	0.9509249471458774	0.8482822410147992	-0.10264270613107818
1557	0.9461475099623767	0.8493955787083417	-0.09675193125403503
1558	0.9373613193403298	0.8997001499250374	-0.037661169415292406
1559	0.9458177702320317	0.8112280701754386	-0.1345897000565931
1560	0.9140331664580726	0.8542514080100125	-0.05978175844806011
1561	0.9039003759398496	0.8127871762740184	-0.0911131996658312
1562	0.9449612403100776	0.8204205160879261	-0.12454072422215146
1563	0.9347350427350427	0.8091794871794872	-0.12555555555555553
1564	0.9479575005890796	0.8324550692971746	-0.11550243129190496
1565	0.9289653046545878	0.7780023061730087	-0.15096299848157912
1566	0.9580361159308528	0.8407771565666302	-0.11725895936422259
1567	0.9467700258397933	0.8868721245351988	-0.05989790130459449
1568	0.9078742608154373	0.8236491177667649	-0.08422514304867246
1569	0.9474927371479096	0.8971580143993937	-0.050334722748515914
1570	0.9478386976047904	0.8311657934131736	-0.1166729041916168
1571	0.8789269553975436	0.7925016160310278	-0.08642533936651586
1572	0.9326444091149974	0.8748940116587175	-0.057750397456279856
1573	0.9469661538461538	0.8596676923076924	-0.08729846153846144
1574	0.9556950985522414	0.8352629513343799	-0.12043214721786155
1575	0.9472870418579701	0.8334832205235008	-0.11380382133446931
1576	0.9326853591559474	0.812870356988004	-0.11981500216794339
1577	0.9458343792709117	0.8448386466962319	-0.10099573257467986
1578	0.9154027926960258	0.8046974579305406	-0.11070533476548516
1579	0.9393378977466488	0.7741795860549303	-0.16515831169171846
1580	0.9066174807779286	0.8073552691090005	-0.09926221166892812
1581	0.9296351247389824	0.8147598637212881	-0.1148752610176943
1582	0.9447079692530057	0.8820445437224886	-0.06266342553051707
1583	0.9365999433238015	0.8353814050544864	-0.10121853826931504
1584	0.9296927257525084	0.7985785953177258	-0.1311141304347826
1585	0.92774114519534	0.8344366545909458	-0.09330449060439416
1586	0.9443240901213171	0.8094670710571924	-0.13485701906412473
1587	0.9601322247821297	0.8196809576279676	-0.14045126715416212
1588	0.881901131901132	0.7323284823284824	-0.1495726495726496
1589	0.9195830797321972	0.7762984378170015	-0.14328464191519574
1590	0.9100608129734343	0.7238877627227142	-0.18617305025072017
1591	0.9119684663162924	0.7585470085470085	-0.15342145776928384
1592	0.9316730523627076	0.8546267270405201	-0.07704632532218747
1593	0.9138453831144862	0.8241048357327427	-0.08974054738174342
1594	0.9318450870962286	0.7917059264091227	-0.14013916068710586
1595	0.9346247622109691	0.8315114004769177	-0.10311336173405139
1596	0.9278887000849617	0.8224905935186309	-0.10539810656633086
1597	0.9419091605245525	0.8146477457643343	-0.12726141476021824
1598	0.9355797344581316	0.8071945549537458	-0.12838517950438577
1599	0.9186775724116877	0.7445969496139315	-0.17408062279775616
1600	0.9410575427682737	0.8618084870028883	-0.07924905576538543
1601	0.915899562170274	0.8321704287018271	-0.0837291334684469
1602	0.9596342551293487	0.8186769331893516	-0.1409573219399971
1603	0.9033345053914674	0.8088373183309893	-0.09449718706047816
1604	0.9235067246835443	0.8230691257911392	-0.10043759889240511
1605	0.9217969020636413	0.7993393378532192	-0.12245756421042209
1606	0.956202886694326	0.8307573189972536	-0.12544556769707238
1607	0.945529261318735	0.8548069600701179	-0.09072230124861713
1608	0.934211064874821	0.850385428746845	-0.083825636127976
1609	0.9421777025639019	0.8141391217584395	-0.12803858080546238
1610	0.9104411656396534	0.8256450543785138	-0.08479611126113962
1611	0.9402894044486965	0.8404209519253767	-0.09986845252331977
1612	0.940763142848545	0.8771779362643315	-0.06358520658421352
1613	0.9335049335049335	0.799365692222835	-0.13413924128209842
1614	0.946982046886339	0.7875600803525415	-0.15942196653379748
1615	0.9290117811609017	0.8479853676905696	-0.08102641347033201
1616	0.9245079365079365	0.828031746031746	-0.0964761904761905
1617	0.9063156788566624	0.8271069777217318	-0.07920870113493061
1618	0.9102064624053531	0.7804410987849973	-0.12976536362035573
1619	0.9163168800807608	0.800674778173317	-0.11564210190744384
1620	0.9107252224664049	0.8269985949490218	-0.08372662751738302
1621	0.9299500072104985	0.8488559342402539	-0.08109407297024462
1622	0.9411688311688312	0.8371284271284272	-0.10404040404040404
1623	0.9224206878165823	0.8147160757131432	-0.10770461210343907
1624	0.9436886369980219	0.8311629995509654	-0.11252563744705646
1625	0.9383142564675228	0.8360669086171598	-0.10224734785036294
1626	0.9317725752508361	0.8636859707797923	-0.06808660447104387
1627	0.9353825002455072	0.8233548288541905	-0.11202767139131664
1628	0.9127387078330474	0.7449857061177816	-0.16775300171526586
1629	0.944510167739686	0.8672403272605008	-0.07726984047918517
1630	0.9468277782283134	0.893047333279269	-0.05378044494904444
1631	0.9238366003291935	0.7984531647463714	-0.12538343558282206
1632	0.9046404369895132	0.7864651773981604	-0.11817525959135289
1633	0.9178164743694367	0.8364490088008939	-0.0813674655685428
1634	0.9109208766932155	0.8162606825184582	-0.09466019417475735
1635	0.9573710035315811	0.8984904834828266	-0.05888052004875455
1636	0.912439272398599	0.8542914171656687	-0.05814785523293031
1637	0.9283582089552239	0.8551266655229599	-0.07323154343226401
1638	0.9197419561646031	0.8165511346182099	-0.10319082154639314
1639	0.9268170426065163	0.7839598997493734	-0.1428571428571429
1640	0.9214324618736384	0.7910353535353535	-0.13039710833828488
1641	0.9333312907870952	0.8555102791139434	-0.07782101167315181
1642	0.9507010770168665	0.8627514732777891	-0.08794960373907734
1643	0.9552735033134898	0.8841289452993373	-0.07114455801415254
1644	0.9385572168383153	0.8300737640718703	-0.108483452766445
1645	0.9220082304526749	0.8202798353909465	-0.10172839506172837
1646	0.9397653467420909	0.7840666247642992	-0.15569872197779167
1647	0.9180604515112878	0.8275081877046926	-0.0905522638065952
1648	0.939021460095856	0.8125497932395007	-0.12647166685635525
1649	0.9456460674157303	0.8132524077046549	-0.13239365971107542
1650	0.9382732532265242	0.8310784750037087	-0.10719477822281553
1651	0.9008328903065745	0.8191919191919191	-0.0816409711146554
1652	0.8960725709191967	0.8523543600230716	-0.04371821089612504
1653	0.9121276507103279	0.7602966295879682	-0.1518310211223597
1654	0.8996098626716604	0.8431960049937578	-0.056413857677902635
1655	0.9489505012531328	0.8670426065162907	-0.08190789473684212
1656	0.9328318933380115	0.7786500592079295	-0.15418183413008202
1657	0.9343956907193357	0.8856020648636517	-0.04879362585568403
1658	0.9213932042650179	0.8011448481831757	-0.12024835608184226
1659	0.921504565636257	0.8476501633576276	-0.0738544022786295
1660	0.9394246040111874	0.8693342328287726	-0.07009037118241479
1661	0.9308299965181058	0.8202363335654597	-0.11059366295264617
1662	0.9282571032571033	0.8407137907137907	-0.0875433125433126
1663	0.9422958870472683	0.8327491633497693	-0.10954672369749896
1664	0.9592913597988144	0.8471685827195976	-0.1121227770792168
1665	0.9438508213704306	0.8677420946179271	-0.07610872675250357
1666	0.9202386456200603	0.7989784910728045	-0.1212601545472558
1667	0.9743963892111369	0.7874311194895591	-0.1869652697215778
1668	0.9312958770666118	0.8732135098671423	-0.058082367199469465
1669	0.940518417462483	0.8512168287638076	-0.08930158869867544
1670	0.9344278033794163	0.7896185355862775	-0.14480926779313885
1671	0.9441232265173287	0.8376290709165881	-0.1064941556007406
1672	0.8941002118621957	0.7852364402976507	-0.10886377156454496
1673	0.9338819788646778	0.8553609838211914	-0.07852099504348642
1674	0.9511724851083081	0.8215259002337431	-0.12964658487456504
1675	0.9345548938769278	0.8543441746831577	-0.0802107191937701
1676	0.9570460295722012	0.7894779601216313	-0.1675680694505699
1677	0.9372580332946187	0.8612562911343399	-0.07600174216027877
1678	0.9396030067631231	0.8198454741514688	-0.11975753261165434
1679	0.9550226978773046	0.879016509852654	-0.07600618802465064
1680	0.9260772659732541	0.857147102526003	-0.06893016344725111
1681	0.9115380440681645	0.8449292666160136	-0.06660877745215088
1682	0.9483050372611643	0.887196727741357	-0.06110830951980728
1683	0.9303725156764799	0.8912875969816133	-0.03908491869486663
1684	0.9335706222498675	0.8565323565323565	-0.07703826571751105
1685	0.9240152650947253	0.7498841488346736	-0.17413111626005173
1686	0.9375746714456392	0.8536439665471923	-0.0839307048984469
1687	0.8834415584415585	0.7694032158317873	-0.11403834260977119
1688	0.928373565492679	0.8225733506699079	-0.10580021482277113
1689	0.9350282110852971	0.8425755061400597	-0.09245270494523739
1690	0.9408394287704632	0.8789968652037617	-0.06184256356670148
1691	0.9368841924889333	0.8476010281308011	-0.08928316435813222
1692	0.9410416333493257	0.8573484727330881	-0.08369316061623755
1693	0.8967017270484353	0.7128554733151539	-0.18384625373328145
1694	0.8764472092621393	0.8053316995774228	-0.07111550968471647
1695	0.9419979183187946	0.8392149088025377	-0.10278300951625696
1696	0.9250995181227739	0.8295321899973063	-0.09556732812546764
1697	0.9357734806629834	0.8100997170192696	-0.12567376364371374
1698	0.9478675645342312	0.7915151515151515	-0.15635241301907965
1699	0.9452614379084967	0.8421127710343397	-0.10314866687415702
1700	0.9478324166936266	0.861177612423164	-0.08665480427046257
1701	0.9490132292344394	0.781641726306658	-0.16737150292778147
1702	0.9460332989744754	0.8799594681947623	-0.06607383077971307
1703	0.9622459975369458	0.8829664408866995	-0.07927955665024633
1704	0.9111700667825451	0.8214405513371756	-0.08972951544536945
1705	0.9344785762023813	0.8292408227926433	-0.10523775340973796
1706	0.9370617330328074	0.8340063861758077	-0.10305534685699969
1707	0.9045680528747734	0.8104579750833479	-0.09411007779142544
1708	0.9443657166850364	0.8612554453366924	-0.08311027134834403
1709	0.9649676405439853	0.874806647609855	-0.09016099293413027
1710	0.8932098765432098	0.7660168940870695	-0.1271929824561403
1711	0.934154022330375	0.8410197017411446	-0.09313432058923043
1712	0.9408602150537635	0.8615517138953247	-0.0793085011584388
1713	0.9326542082338064	0.8264999297456793	-0.10615427848812709
1714	0.9266666666666666	0.8221491228070176	-0.10451754385964906
1715	0.8999909302536506	0.7851679414699035	-0.11482298878374708
1716	0.9424035420619861	0.8401897533206831	-0.10221378874130294
1717	0.9350391549808778	0.7999635767619742	-0.1350755782189036
1718	0.9155867487484131	0.7874697583059861	-0.12811699044242697
1719	0.9338224504768892	0.8377965272682808	-0.09602592320860837
1720	0.939840303937667	0.7579928523133391	-0.18184745162432792
1721	0.9446077134142095	0.907210607685558	-0.037397105728651514
1722	0.9258911126366373	0.8752600728732112	-0.05063103976342609
1723	0.9506636526980815	0.8635135918391005	-0.08715006085898103
1724	0.8952898550724637	0.7650924537731134	-0.1301974012993503
1725	0.9394633144633144	0.8868908868908869	-0.05257242757242753
1726	0.9012046861184793	0.7597148541114058	-0.14148983200707343
1727	0.9409675615212528	0.8314876957494407	-0.10947986577181212
1728	0.9309164659652681	0.8145645835974141	-0.11635188236785399
1729	0.9561700951950368	0.8658478386456685	-0.09032225654936832
1730	0.9384578351921689	0.8707694776538554	-0.06768835753831348
1731	0.934376571141277	0.8275641025641025	-0.10681246857717452
1732	0.9052162582489176	0.7219676908634918	-0.18324856738542583
1733	0.9333382137628111	0.7651976573938507	-0.16814055636896041
1734	0.9379096021309882	0.8525009513339816	-0.08540865079700655
1735	0.9272106871838112	0.7690372048903878	-0.15817348229342332
1736	0.9167510875394792	0.876571718014421	-0.040179369525058184
1737	0.9318693693693694	0.8203024453024453	-0.11156692406692403
1738	0.9276070644683784	0.8690342504211117	-0.058572814047266664
1739	0.9450154521681979	0.8410594174322832	-0.10395603473591475
1740	0.9037952222045659	0.7913819587901901	-0.11241326341437574
1741	0.9386362118479931	0.7965270820810793	-0.1421091297669138
1742	0.9399466295393897	0.850968789882817	-0.08897783965657269
1743	0.9298229350143692	0.7930379160100121	-0.13678501900435713
1744	0.943188510305871	0.8006730364761733	-0.14251547382969776
1745	0.916277491175672	0.8739207168069508	-0.042356774368721206
1746	0.8949464886964887	0.8303872053872053	-0.0645592833092834
1747	0.9407435740514076	0.8645195838433293	-0.07622399020807835
1748	0.9399004108610218	0.8714607895677028	-0.06843962129331904
1749	0.9526276990138783	0.8644750478103399	-0.08815265120353843
1750	0.9236994347288465	0.8021550962727433	-0.12154433845610324
1751	0.9380880121396055	0.8918609463374259	-0.04622706580217961
1752	0.9091447658662634	0.8013487111615302	-0.10779605470473319
1753	0.948269747175356	0.8482292141662867	-0.10004053300906923
1754	0.9446628636036591	0.8799080069894131	-0.06475485661424607
1755	0.9194311221381656	0.8212731078940665	-0.09815801424409909
1756	0.9183256266731565	0.8267705037722074	-0.09155512290094914
1757	0.9369040284012558	0.7762961006953614	-0.16060792770589438
1758	0.9559595876542956	0.8539626093301952	-0.10199697832410037
1759	0.947308334065162	0.8109137613067533	-0.13639457275840872
1760	0.9317112086158755	0.8302087488365909	-0.10150245977928463
1761	0.9194214876033058	0.7964142895227939	-0.12300719808051186
1762	0.9515809775161143	0.856861899203167	-0.09471907831294724
1763	0.955183233674738	0.9025042922266295	-0.052678941448108474
1764	0.9517051006449091	0.8790917529802619	-0.07261334766464722
1765	0.9097037330765309	0.7918767348326063	-0.11782699824392451
1766	0.9439135381114904	0.8145904436860069	-0.1293230944254835
1767	0.9459041954205527	0.8404267606040482	-0.10547743481650451
1768	0.9433054891106964	0.8456211098448321	-0.09768437926586437
1769	0.9418169355689128	0.8407281451017611	-0.10108879046715169
1770	0.9408906221287543	0.8196704575617126	-0.12122016456704165
1771	0.9164507913011298	0.8349696323225286	-0.0814811589786012
1772	0.9281516463334645	0.7858192312737767	-0.14233241505968774
1773	0.9321404226312202	0.8197568734378551	-0.11238354919336513
1774	0.9296684600174737	0.8321952453211937	-0.09747321469628001
1775	0.9358176638176638	0.872957264957265	-0.06286039886039885
1776	0.9106463878326996	0.807172845373891	-0.10347354245880858
1777	0.9434520676142013	0.8159443177165585	-0.1275077498976428
1778	0.9544246536612949	0.879626802374894	-0.07479785128640093
1779	0.9231475888452633	0.7854877680459076	-0.13765982079935568
1780	0.9125606060606061	0.8054545454545454	-0.10710606060606065
1781	0.9578646589259797	0.8826802128688921	-0.07518444605708763
1782	0.9453138211382114	0.8656130081300814	-0.07970081300813003
1783	0.9323500431087572	0.7560660179825102	-0.17628402512624708
1784	0.9285391225689733	0.8006445047489824	-0.1278946178199909
1785	0.8987166146375304	0.7209503988900451	-0.1777662157474853
1786	0.9445714596771999	0.8759151901145859	-0.06865626956261406
1787	0.9256902624701738	0.7875138155788082	-0.13817644689136566
1788	0.940398322851153	0.8417295597484277	-0.09866876310272532
1789	0.9288455824088748	0.7997350435816165	-0.12911053882725831
1790	0.9069756554307116	0.7752652933832709	-0.1317103620474407
1791	0.9351567076742824	0.8290006834602617	-0.1061560242140207
1792	0.9514205652102888	0.8372852816627084	-0.1141352835475804
1793	0.9553364149974319	0.9254134565998973	-0.02992295839753467
1794	0.8902225556389097	0.8093148287071767	-0.08090772693173298
1795	0.924988884586148	0.8623696628085423	-0.0626192217776057
1796	0.9140322693301669	0.8546343507718097	-0.05939791855835719
1797	0.9361576402204455	0.7914571349324072	-0.14470050528803824
1798	0.9284083834820502	0.7783426713702705	-0.15006571211177977
1799	0.9171380090497737	0.81836178527355	-0.09877622377622375
1800	0.9577783525151946	0.7976593818699081	-0.16011897064528646
1801	0.9299297134471306	0.834988800494323	-0.0949409129528076
1802	0.9226516735416549	0.8505396394869187	-0.07211203405473621
1803	0.9456999190844989	0.8442472931838323	-0.10145262590066662
1804	0.9035631399317406	0.7781023890784983	-0.12546075085324238
1805	0.9170168815442695	0.8319680888952204	-0.08504879264904908
1806	0.9382201086956522	0.8120244565217392	-0.12619565217391304
1807	0.9365313163481953	0.8248407643312102	-0.11169055201698508
1808	0.9046777721689383	0.8365303718660609	-0.06814740030287736
1809	0.9393062912368739	0.8442872409627358	-0.09501905027413815
1810	0.9285551984938488	0.8296274656192857	-0.09892773287456313
1811	0.9341832761734348	0.8286031446228275	-0.1055801315506073
1812	0.920379134561479	0.802936076452719	-0.11744305810875999
1813	0.9218789392862873	0.8653938713300177	-0.05648506795626962
1814	0.9519115984745243	0.8375748740214877	-0.11433672445303666
1815	0.9417831669044222	0.7882881597717546	-0.15349500713266762
1816	0.9336016096579477	0.8770914963465001	-0.05651011331144762
1817	0.923938026223339	0.8436960379178526	-0.08024198830548634
1818	0.9585970565294667	0.8233150485250681	-0.1352820080043986
1819	0.9438713885399556	0.8360590395207267	-0.10781234901922887
1820	0.9401896538431886	0.8208002467041863	-0.11938940713900237
1821	0.951106472753389	0.8408519615764432	-0.11025451117694585
1822	0.9456518800854216	0.901062363149785	-0.04458951693563651
1823	0.9302281317127552	0.8409331919406151	-0.08929493977214009
1824	0.8965405313060562	0.8163150251985991	-0.08022550610745705
1825	0.9326215022091311	0.8157296535826343	-0.11689184862649682
1826	0.9358924522189829	0.8624392614188533	-0.07345319080012958
1827	0.9394646747587924	0.830320006790595	-0.10914466796819733
1828	0.9235468548364955	0.8202136130254524	-0.10333324181104309
1829	0.9245418537100607	0.7931555320834434	-0.13138632162661734
1830	0.9523336643495531	0.8779603382383918	-0.07437332611116132
1831	0.91899414683802	0.7945985494337702	-0.12439559740424988
1832	0.9540823716865434	0.7890203273622712	-0.16506204432427218
1833	0.9087725244308874	0.7648844828560131	-0.14388804157487434
1834	0.9232309900898398	0.8696281374455868	-0.05360285264425302
1835	0.8901133127669673	0.8393302088277171	-0.05078310393925012
1836	0.9455836166844032	0.8301450930516261	-0.11543852363277707
1837	0.9313927883292045	0.8519359574272869	-0.07945683090191757
1838	0.9259351256575102	0.7950321449444769	-0.1309029807130333
1839	0.9406653551251009	0.7930917070217918	-0.14757364810330909
1840	0.8890310786106033	0.8091956124314442	-0.07983546617915904
1841	0.9588453799721406	0.8559278749419594	-0.10291750503018116
1842	0.9402979373567609	0.7971861471861472	-0.1431117901706137
1843	0.9363863951964638	0.8412055780476833	-0.09518081714878057
1844	0.9394360023378141	0.8218066108188844	-0.1176293915189297
1845	0.9319312128379125	0.8360999977896156	-0.09583121504829684
1846	0.9403508771929825	0.8537775891341256	-0.08657328805885689
1847	0.9338444367675587	0.8132125109617071	-0.12063192580585158
1848	0.9449012250303499	0.8728203288820219	-0.07208089614832802
1849	0.9228022589292336	0.8141469151630095	-0.1086553437662241
1850	0.9373840114204139	0.8864917915774447	-0.05089221984296921
1851	0.9349594803190121	0.8748713660921019	-0.06008811422691018
1852	0.9265932102441929	0.8703469326980345	-0.05624627754615841
1853	0.9220058042192208	0.8236549838151579	-0.09835082040406296
1854	0.9122329633607829	0.8382623224728488	-0.07397064088793404
1855	0.9348093744312281	0.8169223686605356	-0.11788700577069255
1856	0.9126526251526251	0.8255799755799755	-0.0870726495726496
1857	0.9241721230392388	0.7640727306985727	-0.16009939234066606
1858	0.9343425401322002	0.7988225920679887	-0.13551994806421153
1859	0.9281704617330804	0.8130534471853258	-0.11511701454775458
1860	0.9262661426165075	0.827007299270073	-0.09925884334643453
1861	0.9434509012912116	0.8828534496228639	-0.060597451668347624
1862	0.9246129296588605	0.8033919868892052	-0.12122094276965534
1863	0.9332134651882928	0.8445010488462691	-0.08871241634202376
1864	0.908442577248739	0.7556048287755605	-0.15283774847317855
1865	0.9276469249587529	0.7851453604141776	-0.1425015645445753
1866	0.9441884280593958	0.840757808499744	-0.10343061955965183
1867	0.9080738998576469	0.8226774772544408	-0.08539642260320601
1868	0.9359110638674816	0.8505624944636372	-0.08534856940384439
1869	0.9475385725385725	0.8754995004995005	-0.072039072039072
1870	0.9440421990011834	0.8329188311037125	-0.1111233678974709
1871	0.9560511150087697	0.8500459366908878	-0.10600517831788192
1872	0.9091601822951012	0.8320950748083996	-0.07706510748670159
1873	0.9191506547166002	0.8624085493716895	-0.05674210534491064
1874	0.9168161556860187	0.8289302022178735	-0.0878859534681452
1875	0.9226381983035975	0.8110558642878034	-0.1115823340157941
1876	0.9198187229437229	0.8087797619047619	-0.11103896103896105
1877	0.9016846869499623	0.8306669600201156	-0.07101772692984665
1878	0.9038318820502672	0.8290619433999604	-0.07476993865030679
1879	0.9166000639386189	0.7959825234441603	-0.12061754049445861
1880	0.9036128480572925	0.8032975255197478	-0.10031532253754472
1881	0.9128888246535305	0.7934993817346758	-0.11938944291885467
1882	0.8788367178825973	0.7354679273664984	-0.14336879051609897
1883	0.9128818889452003	0.8179798058555222	-0.09490208308967807
1884	0.9316363815919415	0.8176970175785108	-0.11393936401343074
1885	0.9391169759963708	0.850507692102419	-0.08860928389395173
1886	0.9209671538894966	0.8040336747207584	-0.1169334791687382
1887	0.9513535353535354	0.83593265993266	-0.11542087542087542
1888	0.8981477477477477	0.8272864864864865	-0.07086126126126124
1889	0.922256484672592	0.818018018018018	-0.10423846665457404
1890	0.9084772370486656	0.8492079349222207	-0.05926930212644488
1891	0.9045795239271889	0.7928506712791368	-0.1117288526480521
1892	0.9179057999221487	0.796117166212534	-0.12178863370961468
1893	0.9322800718132854	0.8432076600837821	-0.08907241172950331
1894	0.9461509992598075	0.855452751048606	-0.09069824821120154
1895	0.931594653025182	0.7711397338692488	-0.16045491915593313
1896	0.8985472857180522	0.7768330301352527	-0.12171425558279947
1897	0.9454729852559871	0.8345245271104222	-0.11094845814556487
1898	0.9294516191067915	0.8221127531472359	-0.10733886595955566
1899	0.8785928472171433	0.755015968209854	-0.12357687900728931
1900	0.9396896239899653	0.8471748198710656	-0.09251480411889967
1901	0.948243013059113	0.7869787395117027	-0.16126427354741024
1902	0.9155271822743677	0.8225423801923823	-0.09298480208198534
1903	0.9335893497183819	0.8660180918245435	-0.06757125789383844
1904	0.952747402522515	0.8452417148069322	-0.10750568771558278
1905	0.9024540682414698	0.8275328083989502	-0.07492125984251963
1906	0.9235179500119153	0.8234576727364481	-0.10006027727546718
1907	0.9253299932556123	0.7598997976683688	-0.16543019558724348
1908	0.9382483987747146	0.8001369163649865	-0.13811148240972804
1909	0.9462137550922598	0.830889048646058	-0.11532470644620185
1910	0.9272510435301133	0.8130391572252037	-0.11421188630490964
1911	0.9345879346984903	0.7824879924330832	-0.15209994226540713
1912	0.9361258349493644	0.7936306830424478	-0.14249515190691664
1913	0.9409272063766446	0.8750840295784116	-0.06584317679823304
1914	0.9453881858978063	0.8428863080449144	-0.10250187785289189
1915	0.9226294357184409	0.80555217338366	-0.11707726233478088
1916	0.9267901627179732	0.8074945672337944	-0.11929559548417878
1917	0.9551995252929832	0.8953996274868549	-0.05979989780612838
1918	0.8913259599850876	0.7927643842425749	-0.09856157574251267
1919	0.9277447863088002	0.7889156457495557	-0.13882914055924445
1920	0.9520149694206884	0.859423074508031	-0.0925918949126574
1921	0.9055954192940494	0.7943876688168926	-0.11120775047715681
1922	0.9601909236305478	0.8781112554978009	-0.08207966813274692
1923	0.9282605356137027	0.8298299964155871	-0.09843053919811562
1924	0.9275258673158856	0.8225502130249543	-0.10497565429093125
1925	0.9210316272573081	0.8630150653496957	-0.058016561907612396
1926	0.9296245130899538	0.7976492435909049	-0.1319752694990488
1927	0.9130699088145897	0.8249810030395137	-0.088088905775076
1928	0.9536293823038398	0.7858831385642738	-0.16774624373956593
1929	0.9493261099365751	0.8637244538407329	-0.08560165609584214
1930	0.9286606054374807	0.7797688115976088	-0.14889179383987194
1931	0.9293710021321961	0.8651252665245203	-0.06424573560767588
1932	0.9677172874880611	0.8120480283804066	-0.1556692591076545
1933	0.9241170676797523	0.8399043196848178	-0.0842127479949345
1934	0.9527334654015918	0.8747089285093664	-0.07802453689222533
1935	0.911758973712268	0.7926559436871611	-0.11910303002510692
1936	0.9398178217821782	0.8596910891089109	-0.08012673267326731
1937	0.9341884053130254	0.7754322678334836	-0.15875613747954176
1938	0.8936721351918095	0.778682345846525	-0.11498978934528459
1939	0.8832082551594747	0.7945590994371482	-0.08864915572232646
1940	0.9130914588057445	0.7883295540438398	-0.12476190476190474
1941	0.9239698377637291	0.7982786198491888	-0.1256912179145403
1942	0.9244589354479464	0.8821666733754646	-0.04229226207248182
1943	0.9570051458774769	0.838358907490628	-0.11864623838684885
1944	0.9484380996239159	0.8562591142835214	-0.09217898534039448
1945	0.9350805350805351	0.7993993993993994	-0.1356811356811357
1946	0.9500958629326299	0.843948444582359	-0.10614741835027097
1947	0.9347353081072328	0.8153886634349732	-0.11934664467225964
1948	0.9253156146179402	0.864422296050203	-0.060893318567737165
1949	0.9553994599595914	0.8352121452444343	-0.12018731471515709
1950	0.9270714421613394	0.8491723744292238	-0.07789906773211563
1951	0.8962194107864101	0.8065306486101211	-0.08968876217628896
1952	0.9332354425733034	0.7938672968384344	-0.139368145734869
1953	0.935569755058573	0.8018408641411836	-0.13372889091738938
1954	0.9558042146974063	0.8568984149855908	-0.09890579971181546
1955	0.9499096782094854	0.8780962003612872	-0.07181347784819814
1956	0.9384555802519028	0.8604768640129319	-0.0779787162389709
1957	0.9277938808373591	0.8472785829307569	-0.08051529790660228
1958	0.9426016195722533	0.8351497377772493	-0.10745188179500398
1959	0.935895723413255	0.8531356441594871	-0.08276007925376794
1960	0.9447502056795938	0.8371868705495191	-0.10756333513007466
1961	0.9222767544139205	0.8109375995920709	-0.11133915482184964
1962	0.9335377043710377	0.8157011177844511	-0.11783658658658658
1963	0.9329528872211799	0.8675474254742548	-0.06540546174692508
1964	0.9428380901573753	0.8917933671201209	-0.05104472303725438
1965	0.9250793650793651	0.8043197278911565	-0.12075963718820859
1966	0.9474135675031258	0.78773516326946	-0.15967840423366575
1967	0.9455594720514161	0.7709961860496147	-0.17456328600180138
1968	0.8891955258144874	0.8015190739022127	-0.08767645191227469
1969	0.9114965134990166	0.8062246175065771	-0.10527189599243947
1970	0.9527793286342383	0.8615569823434992	-0.09122234629073911
1971	0.951048951048951	0.860180754917597	-0.090868196131354
1972	0.9444544924740258	0.8796145575852575	-0.06483993488876827
1973	0.936046511627907	0.8334917848959095	-0.1025547267319975
1974	0.9341786068522125	0.8400951231462339	-0.09408348370597863
1975	0.9273827534039334	0.8051124210965621	-0.12227033230737128
1976	0.9389567916632022	0.8104681134114908	-0.1284886782517114
1977	0.926632004621606	0.8933821169523076	-0.03324988766929837
1978	0.9566490688939668	0.8477136028156437	-0.10893546607832316
1979	0.8779628801431127	0.7153846153846154	-0.16257826475849735
1980	0.9389501398716472	0.8699851900608853	-0.06896494981076196
1981	0.9495030262646454	0.8099616858237548	-0.13954134044089062
1982	0.9120477587360404	0.8243271061705522	-0.08772065256548822
1983	0.9258588626798473	0.8087256533228933	-0.11713320935695404
1984	0.9564156729131176	0.8701873935264055	-0.08622827938671207
1985	0.9406210592686003	0.7943883984867591	-0.14623266078184116
1986	0.9212979425958852	0.813246126492253	-0.10805181610363213
1987	0.9324436665937431	0.8596951797564355	-0.07274848683730761
1988	0.8928945713686858	0.7803861291599711	-0.1125084422087147
1989	0.9501563637921433	0.8129096517157178	-0.13724671207642547
1990	0.9429698708751794	0.8071226917202758	-0.13584717915490352
1991	0.950359425350534	0.8265166456507916	-0.12384277969974233
1992	0.9350878331602631	0.8561677916233991	-0.07892004153686405
1993	0.9187374149659864	0.7899319727891156	-0.12880544217687073
1994	0.9368491415705038	0.8171967351533915	-0.11965240641711228
1995	0.9329786728732247	0.8199900251745594	-0.11298864769866523
1996	0.9192228390166535	0.8418715305313244	-0.07735130848532912
1997	0.9031718281718282	0.8118381618381618	-0.09133366633366635
1998	0.9153000271517785	0.8472848221558512	-0.06801520499592728
1999	0.9121060083723221	0.8313223344003939	-0.0807836739719282
