draw	ref_metric	arm_metric	delta
0	0.9179681717246484	0.9206421169504071	0.0026739452257587004
1	0.937413849688218	0.9280111585165737	-0.009402691171644273
2	0.942285929837797	0.9435433169873004	0.0012573871495034084
3	0.9308447978459338	0.9320964281206614	0.001251630274727633
4	0.9544094279661017	0.9462923728813559	-0.008117055084745806
5	0.9420033855891661	0.9448369765216751	0.0028335909325090114
6	0.9509401709401709	0.9417404817404817	-0.009199689199689165
7	0.9053351783517836	0.9040282902829029	-0.001306888068880685
8	0.9396297806779047	0.9277460576400217	-0.011883723037882987
9	0.9202136491946643	0.9183179277135108	-0.0018957214811534673
10	0.9342970455631774	0.8903357490731052	-0.04396129649007219
11	0.9512421255842308	0.9543410892095102	0.003098963625279394
12	0.9547302982144527	0.9442367018790315	-0.01049359633542113
13	0.9611410222361718	0.9557570197252468	-0.005384002510924968
14	0.9395033527374549	0.9336452730086213	-0.005858079728833565
15	0.9649958409771995	0.9556750720707375	-0.00932076890646194
16	0.9285802480023989	0.9094597216587585	-0.019120526343640365
17	0.9109195402298851	0.8997588259441708	-0.011160714285714302
18	0.9267839470016764	0.9386197006725778	0.011835753670901394
19	0.9074919262284143	0.9198094323004243	0.012317506072009987
20	0.9465540420566674	0.9363738595912707	-0.010180182465396648
21	0.9339307858503471	0.8860664016057069	-0.047864384244640124
22	0.9309490786605904	0.9312462849217357	0.0002972062611452664
23	0.8938808591111711	0.9197622585438335	0.025881399432662433
24	0.9440914264036419	0.9364567526555387	-0.007634673748103116
25	0.9344255319148936	0.9326382978723404	-0.0017872340425532096
26	0.9401108269394715	0.9063228189826655	-0.03378800795680592
27	0.9427816704349578	0.9158738331355913	-0.02690783729936641
28	0.9229713239780354	0.9297284929835266	0.00675716900549117
29	0.9474493680523831	0.9352977006243338	-0.012151667428049295
30	0.9479358590511285	0.9283884154767388	-0.019547443574389756
31	0.9389334862385321	0.9380187854958497	-0.0009147007426824061
32	0.9178605769230769	0.8935216346153846	-0.02433894230769229
33	0.9426607525776224	0.913095203125459	-0.029565549452163387
34	0.9171678420310296	0.9261269393511988	0.008959097320169196
35	0.8955142092519435	0.9076844654007901	0.012170256148846592
36	0.935608356568473	0.9251323392734473	-0.010476017295025675
37	0.9178076461894538	0.9134435737988343	-0.004364072390619422
38	0.9435777055495366	0.9355362946912242	-0.008041410858312337
39	0.9268631027307525	0.9252703778868138	-0.0015927248439386865
40	0.9414520228037639	0.9294044920667628	-0.012047530737001155
41	0.9313022267304255	0.9102545524803168	-0.021047674250108672
42	0.9460329097425871	0.9357146736178994	-0.01031823612468774
43	0.9253814455952779	0.9182377929454442	-0.007143652649833743
44	0.889717125382263	0.8945395201129146	0.004822394730651602
45	0.9518591448445172	0.9247391571194763	-0.027119987725040873
46	0.9616643913916914	0.9389449383455977	-0.022719453046093685
47	0.9342534198580263	0.9002224050208695	-0.03403101483715687
48	0.9276891586674195	0.9424583568605308	0.014769198193111288
49	0.9583333333333334	0.9422770700636943	-0.01605626326963905
50	0.9407954243149774	0.9513434424048949	0.010548018089917455
51	0.9387831125827815	0.9350372516556291	-0.0037458609271523446
52	0.9224391886204865	0.8973150408214797	-0.025124147799006735
53	0.9204184198223468	0.9251285647498831	0.004710144927536297
54	0.9189497716894978	0.9101146308980214	-0.008835140791476404
55	0.9104240806642941	0.9541221826809015	0.0436981020166074
56	0.9445471596998928	0.9259378349410504	-0.01860932475884236
57	0.9500080687922171	0.9305046453189478	-0.019503423473269277
58	0.9522856189522856	0.9535368702035368	0.0012512512512512508
59	0.944180353844977	0.9405195117420144	-0.0036608421029625804
60	0.9421676944158959	0.9088729016786571	-0.03329479273723879
61	0.9059064965048419	0.9110883088565382	0.005181812351696347
62	0.9364472640761301	0.906233148295004	-0.030214115781126094
63	0.9371164764581064	0.9412647435529812	0.0041482670948748135
64	0.9256861400969864	0.9132200980018788	-0.012466042095107599
65	0.9547766475011057	0.9419873212442872	-0.0127893262568185
66	0.9290712009862786	0.8996909873993307	-0.029380213586947868
67	0.9509018389749744	0.9495252550210017	-0.0013765839539726654
68	0.9218927064496685	0.9291380349608198	0.007245328511151339
69	0.9313570150779453	0.9379333844450124	0.00657636936706707
70	0.9381851712714729	0.9300911854103343	-0.00809398586113863
71	0.9399254263050396	0.9182539305562153	-0.02167149574882432
72	0.918236494184352	0.9148848793153698	-0.003351614868982278
73	0.9109147439044346	0.9214422080401462	0.010527464135711595
74	0.9395831098018943	0.9232742560060866	-0.01630885379580771
75	0.9393871315600287	0.9454678888090103	0.006080757248981605
76	0.9255202943543751	0.9226744854547545	-0.0028458088996206055
77	0.9184118971280442	0.9415603610978466	0.023148463969802413
78	0.9369178852643419	0.915748031496063	-0.021169853768278957
79	0.9357497915959122	0.9182850144596416	-0.017464777136270593
80	0.9321481796891633	0.9049393229721099	-0.02720885671705342
81	0.9383342022940563	0.9404848800834202	0.002150677789363953
82	0.9453242835595776	0.932579185520362	-0.012745098039215641
83	0.9272599321860405	0.9460303243554475	0.018770392169407013
84	0.9181000222554287	0.9114233936349474	-0.006676628620481351
85	0.9285303629177147	0.9095939633489041	-0.018936399568810658
86	0.9014689730917078	0.9101043382756727	0.008635365183964905
87	0.9214803312629399	0.8936206004140786	-0.027859730848861286
88	0.9031491934240153	0.9100737176521391	0.00692452422812373
89	0.9214937487396653	0.9525862068965517	0.031092458156886438
90	0.8933968706392328	0.8999881238680562	0.006591253228823368
91	0.9378211779066219	0.9529569728410131	0.015135794934391211
92	0.9376576531127031	0.9491221874684693	0.01146453435576622
93	0.9308608058608059	0.9053342490842491	-0.025526556776556797
94	0.9231848704228308	0.8991055503095163	-0.024079320113314484
95	0.907764081492895	0.8984477543799577	-0.009316327112937284
96	0.9363238978623594	0.9141212218135295	-0.02220267604882986
97	0.9125062150858413	0.9136761135971454	0.0011698985113041127
98	0.9205387946854584	0.906604027502508	-0.013934767182950392
99	0.922989291410344	0.9240003417634997	0.0010110503531556292
100	0.9246688012219839	0.9126398966013571	-0.012028904620626779
101	0.942637979854245	0.9283874112240635	-0.014250568630181482
102	0.9459789681776997	0.9489580187254606	0.002979050547760931
103	0.9253423077729551	0.9219454404394959	-0.0033968673334592303
104	0.9192258064516129	0.8942795698924731	-0.024946236559139745
105	0.9407383503291596	0.9433974441719375	0.0026590938427778488
106	0.9258260794248842	0.9294963405655883	0.003670261140704123
107	0.96321385697136	0.9349739895958383	-0.028239867375521643
108	0.9272050700622129	0.9032618175475319	-0.02394325251468099
109	0.8787813310285221	0.904206280610775	0.025424949582252943
110	0.9441426419965576	0.9304001721170396	-0.013742469879517993
111	0.9508471001757469	0.9116485061511423	-0.03919859402460457
112	0.9253466050479915	0.9035549235691432	-0.021791681478848246
113	0.9319430165956822	0.926832133940373	-0.005110882655309235
114	0.9479406577445794	0.9308849465712211	-0.017055711173358246
115	0.9128721638074156	0.9040841173215274	-0.008788046485888268
116	0.9130576441102757	0.9032706766917293	-0.009786967418546344
117	0.9591503764732111	0.932761783155484	-0.026388593317727138
118	0.9289115410396875	0.9158634398908998	-0.013048101148787739
119	0.9347177706552706	0.9190927706552706	-0.015625
120	0.9394599303135889	0.9244192799070848	-0.015040650406504041
121	0.9356262150823698	0.9072444489921212	-0.02838176609024856
122	0.9166388518024032	0.9014018691588785	-0.015236982643524688
123	0.9214046822742475	0.9160829599713931	-0.005321722302854437
124	0.936564383932805	0.9396238343606764	0.0030594504278714796
125	0.9546730462519937	0.9393301435406699	-0.01534290271132377
126	0.9304567725620357	0.9230621599042652	-0.007394612657770527
127	0.9232145412909689	0.9104909116931444	-0.01272362959782447
128	0.894245485154576	0.8983471074380165	0.004101622283440465
129	0.9241739130434783	0.9225296442687747	-0.0016442687747035833
130	0.941848005275305	0.9097016155621497	-0.03214638971315531
131	0.8882362155388471	0.9202380952380952	0.03200187969924806
132	0.9409737326417935	0.930801405387318	-0.010172327254475477
133	0.9319969518101856	0.9327202510881779	0.0007232992779923064
134	0.9057622083307545	0.9314476697406697	0.025685461409915233
135	0.9325826226012793	0.9108208955223881	-0.021761727078891235
136	0.9345124923011006	0.9166778244918726	-0.017834667809227933
137	0.9462294714107401	0.9302974629398483	-0.015932008470891823
138	0.9305204511482539	0.9024595733115912	-0.028060877836662668
139	0.9440614926853459	0.9285230184312753	-0.015538474254070622
140	0.9272878602514991	0.8984075730530876	-0.028880287198411514
141	0.9292521795635458	0.901391671630476	-0.027860507933069822
142	0.9542730870034432	0.9382393750963565	-0.01603371190708669
143	0.9249595936273378	0.9048223768842564	-0.020137216743081443
144	0.9484748159814856	0.936581916363987	-0.01189289961749862
145	0.933603779398172	0.9340488172263873	0.00044503782821536664
146	0.9123141441097979	0.8924622841893143	-0.01985185992048366
147	0.8899147727272727	0.9064416486291487	0.01652687590187596
148	0.9269084573962623	0.9087741526765917	-0.01813430471967059
149	0.9219128655285691	0.9435349237977274	0.021622058269158306
150	0.9319202061253221	0.9514835179429968	0.019563311817674678
151	0.9166666666666666	0.919522407933004	0.002855741266337364
152	0.9306518723994452	0.932622819183882	0.0019709467844367667
153	0.9365506023764232	0.9394315330962424	0.002880930719819208
154	0.9296596479500892	0.9230726381461676	-0.006587009803921573
155	0.9440127044195161	0.9530004054601974	0.00898770104068125
156	0.9235065781675951	0.9397742088420055	0.016267630674410394
157	0.9429549604382228	0.9295343883140597	-0.013420572124163144
158	0.9129961163209245	0.9288268447475608	0.015830728426636353
159	0.9231109269236082	0.9189114518579914	-0.004199475065616798
160	0.9493408429782757	0.9307111468713252	-0.018629696106950533
161	0.9169065293137404	0.9036888350249962	-0.013217694288744197
162	0.9522180047542367	0.9306418219461697	-0.021576182808066946
163	0.918560553633218	0.9125397923875432	-0.006020761245674744
164	0.9443198804185351	0.9194636952484486	-0.024856185170086476
165	0.8956027127543207	0.8971632757237658	0.0015605629694450673
166	0.918079862524307	0.9277122054899832	0.009632342965676277
167	0.8906862104988248	0.8910779576913032	0.0003917471924783644
168	0.9112978350784365	0.8965979804001938	-0.014699854678242752
169	0.9523651368760064	0.9287037037037037	-0.023661433172302737
170	0.9297679227941177	0.8955997242647059	-0.034168198529411775
171	0.9292165157138037	0.9339656917447383	0.00474917603093461
172	0.9442545858161	0.9171486154924641	-0.02710597032363593
173	0.9449086438033792	0.9286205346518945	-0.01628810915148471
174	0.9175224327018943	0.9075523429710868	-0.009970089730807485
175	0.93951087967268	0.9251131361973839	-0.014397743475296099
176	0.9103968253968254	0.9356916099773243	0.02529478458049883
177	0.9414206519720962	0.9335561390944537	-0.00786451287764256
178	0.9182860863467895	0.9105103676249624	-0.007775718721827141
179	0.911405913934359	0.9314364522961236	0.020030538361764605
180	0.9530267712085894	0.9497209860846224	-0.0033057851239669533
181	0.9510442363973461	0.9267808712440433	-0.02426336515330285
182	0.9136363636363637	0.9095146379044684	-0.004121725731895287
183	0.9523266423357665	0.939375506893755	-0.01295113544201143
184	0.948974358974359	0.9088589743589743	-0.040115384615384664
185	0.9587102438798969	0.9258309361244931	-0.03287930775540382
186	0.9190884326622816	0.915606936416185	-0.003481496246096616
187	0.9557363107648414	0.9350652913420389	-0.020671019422802583
188	0.9345291072563799	0.927436200163473	-0.007092907092906997
189	0.9398587429549833	0.915117357494471	-0.0247413854605123
190	0.9476629273504273	0.9317307692307693	-0.01593215811965809
191	0.9156808537996657	0.9143146457502893	-0.0013662080493763717
192	0.9298009977523162	0.9147113645085247	-0.015089633243791423
193	0.9328094302554027	0.9130916235041971	-0.019717806751205602
194	0.9418058773320327	0.9454029996341909	0.003597122302158251
195	0.9527239329047228	0.9398897858558515	-0.012834147048871314
196	0.9451766428702179	0.9495291557345374	0.004352512864319591
197	0.9628274268104776	0.9467449922958397	-0.016082434514637867
198	0.9249182313749242	0.919152029073289	-0.00576620230163527
199	0.9035137559808613	0.9156100478468899	0.012096291866028674
200	0.939114093340712	0.9462045748016971	0.00709048146098501
201	0.9181286549707602	0.9160079686395476	-0.002120686331212651
202	0.9566327250162187	0.962400925168533	0.005768200152314384
203	0.8937175247992443	0.899194024563061	0.0054764997638167
204	0.9188709840883754	0.897165636296071	-0.021705347792304375
205	0.9478921309426525	0.947795990962842	-9.61399798105056e-05
206	0.9522119591638308	0.9228974234321828	-0.029314535731647995
207	0.8851182039798174	0.9144962866375644	0.029378082657746996
208	0.9697784810126582	0.9563147295742233	-0.013463751438434923
209	0.9075144508670521	0.9142286369493008	0.006714186082248719
210	0.933996249506514	0.931232727990525	-0.0027635215159890203
211	0.9413661489865754	0.9526958848819865	0.011329735895411086
212	0.9509328968903437	0.9346317512274959	-0.016301145662847794
213	0.944115567229013	0.9401959793918577	-0.003919587837155292
214	0.9217624704350368	0.9161550931462435	-0.005607377288793236
215	0.9487617924528302	0.9432881289308176	-0.005473663522012617
216	0.916291992927507	0.9357160899216974	0.019424096994190454
217	0.9206651884700665	0.9410643015521064	0.0203991130820399
218	0.9299190049531114	0.9013556530609736	-0.028563351892137767
219	0.9332772638071208	0.9266610597140454	-0.006616204093075395
220	0.931630291005291	0.9067150297619048	-0.024915261243386277
221	0.947816750178955	0.9261130994989263	-0.021703650680028663
222	0.9159279778393352	0.9302708525700215	0.014342874730686295
223	0.9419106745737583	0.947488880652335	0.005578206078576731
224	0.9439936514234699	0.9295109612141652	-0.014482690209304705
225	0.9247444014178294	0.9208515172004016	-0.003892884217427839
226	0.9420731707317073	0.9413059279599418	-0.0007672427717654307
227	0.9166123990622558	0.9166123990622558	0.0
228	0.9195581567353764	0.9061806605138759	-0.013377496221500529
229	0.950330658105939	0.9413547351524879	-0.008975922953451065
230	0.95339277618256	0.9379477104427989	-0.015445065739761121
231	0.9339805064151141	0.9197522799132457	-0.01422822650186839
232	0.9425855708136913	0.946249231399877	0.003663660586185724
233	0.9476956710821707	0.9386687666756779	-0.009026904406492786
234	0.9290411612375631	0.9408136840670573	0.011772522829494259
235	0.945074865470532	0.9411781498451305	-0.0038967156254015034
236	0.9279180387852177	0.9171327513808304	-0.010785287404387334
237	0.9290390460603226	0.930987452264048	0.0019484062037253835
238	0.9331034482758621	0.9470081135902637	0.013904665314401599
239	0.9218169390418194	0.9290498974709501	0.0072329584291307425
240	0.9623868965061753	0.9207449970279374	-0.04164189947823782
241	0.8869606289614822	0.9026237201365188	0.015663091175036614
242	0.9253358387973772	0.9299036462498	0.004567807452422801
243	0.9534434434434435	0.941071071071071	-0.012372372372372431
244	0.9383601645421766	0.9305520288456656	-0.007808135696511065
245	0.9247405300036879	0.8850561087403193	-0.039684421263368685
246	0.9291166715442396	0.9250317042239782	-0.004084967320261423
247	0.9291508608112051	0.9222643711701196	-0.006886489641085514
248	0.9141341624046232	0.9166498558222876	0.002515693417664444
249	0.9255222148541115	0.9291694297082228	0.003647214854111347
250	0.9040768567557581	0.9234511639364453	0.019374307180687222
251	0.9232470878136201	0.939754144265233	0.016507056451612878
252	0.9124724254034599	0.9300911412980378	0.017618715894577974
253	0.9333127248201439	0.934099595323741	0.000786870503597048
254	0.9279837293149672	0.9277294998613294	-0.0002542294536378442
255	0.948125	0.9395555555555556	-0.008569444444444407
256	0.9328634258585035	0.927882794978592	-0.004980630879911407
257	0.9226556101556102	0.9057253276003276	-0.016930282555282505
258	0.9228879253711733	0.9250952568650638	0.0022073314938905186
259	0.9522382224538998	0.9155404965139766	-0.036697725939923154
260	0.9263109499118797	0.9534622359582131	0.027151286046333434
261	0.9372015607519987	0.9097656143414554	-0.027435946410543255
262	0.9404958951271186	0.946487685381356	0.00599179025423735
263	0.9159762550006453	0.910607820363918	-0.005368434636727315
264	0.9214405576352136	0.9223312249903188	0.0008906673551052346
265	0.9384888161483906	0.9001246979970384	-0.03836411815135221
266	0.9521884141683281	0.909640574633401	-0.042547839534927134
267	0.9076527769178379	0.9217540709553588	0.014101294037520917
268	0.9489457831325301	0.9294553212851405	-0.019490461847389562
269	0.9453499256648863	0.9406695666538186	-0.00468035901106767
270	0.9176357240483072	0.9142972373462391	-0.003338486702068044
271	0.9425023963575365	0.932183081715792	-0.010319314641744515
272	0.9295054307708531	0.9304676790045344	0.0009622482336812954
273	0.9380625476735317	0.9322109621880789	-0.005851585485452837
274	0.9416318574213312	0.931885268727374	-0.00974658869395717
275	0.9660933607238078	0.9350714629135889	-0.031021897810218912
276	0.9211611246282779	0.9129494457961611	-0.00821167883211682
277	0.9481340771376359	0.940006732711359	-0.008127344426276828
278	0.9245371349179982	0.9286296777311305	0.004092542813132316
279	0.9146653462078073	0.9021044813072543	-0.01256086490055297
280	0.93174532125186	0.9270998415213946	-0.004645479730465474
281	0.908320084790673	0.8979508920685392	-0.01036919272213388
282	0.9283604788936637	0.8723539710329461	-0.05600650786071759
283	0.942562223513115	0.933562715045355	-0.008999508467759987
284	0.9383307770961146	0.9233895705521472	-0.014941206543967356
285	0.9574239713774597	0.9299088508390834	-0.027515120538376348
286	0.9220054741139357	0.9203817962516236	-0.0016236778623121007
287	0.9212521204410518	0.9184292832909245	-0.002822837150127211
288	0.9383654771367611	0.9414194870936703	0.003054009956909187
289	0.9317434740573638	0.9210280373831776	-0.010715436674186174
290	0.8847173925856073	0.8740496257440915	-0.010667766841515824
291	0.9239819930427665	0.9068276379510265	-0.017154355091740014
292	0.9103602590064752	0.9305482637065927	0.0201880047001175
293	0.932062714926852	0.9330768782421169	0.0010141633152649376
294	0.965631171670248	0.9296973009228782	-0.03593387074736987
295	0.9062962962962963	0.8973219373219373	-0.008974358974358942
296	0.8856649795876316	0.8995866012440598	0.013921621656428185
297	0.9124409377613999	0.9075577057852734	-0.004883231976126501
298	0.9075279409867596	0.9076452169018049	0.00011727591504528956
299	0.9074476085074987	0.8995871110543566	-0.007860497453142101
300	0.9096228718870228	0.91796254060405	0.008339668717027182
301	0.9353813559322034	0.9158748501968841	-0.019506505735319313
302	0.9619908641035402	0.9544156832889227	-0.007575180814617499
303	0.9317690645260883	0.940608098064103	0.008839033538014629
304	0.9309767130172558	0.880694700396493	-0.05028201262076282
305	0.9431436522406679	0.9314725074369062	-0.011671144803761635
306	0.9469139615859823	0.9472790070762664	0.0003650454902841549
307	0.9011391607991299	0.9227660427042189	0.02162688190508899
308	0.9126435331230284	0.9321514195583597	0.0195078864353313
309	0.9303488600480457	0.932645383534531	0.0022965234864852357
310	0.9307632314974182	0.8965011833046471	-0.03426204819277112
311	0.949140121164745	0.9367695915575532	-0.01237052960719176
312	0.9515081161229905	0.9390705478383019	-0.01243756828468856
313	0.9167214311792625	0.9323293172690763	0.015607886089813783
314	0.9339099501272975	0.9222962368778991	-0.011613713249398416
315	0.9150579710144927	0.931	0.01594202898550734
316	0.9355751572989734	0.9151789746214288	-0.020396182677544616
317	0.9291715993416684	0.9126266855311408	-0.016544913810527584
318	0.9335266225725589	0.9250400169128085	-0.008486605659750457
319	0.948461734045258	0.9304602084922451	-0.01800152555301293
320	0.9120978089222266	0.9252615475720489	0.013163738649822343
321	0.9065288678636706	0.93573271691216	0.029203849048489383
322	0.9261007194244605	0.9340776978417267	0.00797697841726619
323	0.9216750032063614	0.899294600487367	-0.02238040271899444
324	0.9262145156570091	0.9220258999122037	-0.004188615744805335
325	0.9362790411043322	0.9029806289928308	-0.03329841211150142
326	0.947443080053302	0.9293175337794272	-0.01812554627387486
327	0.9421160737697754	0.9572152783847566	0.015099204614981265
328	0.9418788853419101	0.9530758706766196	0.011196985334709475
329	0.9597177662229106	0.9495273567626704	-0.01019040946024019
330	0.9035628217767554	0.8977708401796473	-0.005791981597108142
331	0.9229222826335267	0.9186427255143845	-0.0042795571191421855
332	0.9466088957775586	0.9262364379315203	-0.02037245784603825
333	0.9300122523384036	0.9134267698652243	-0.01658548247317926
334	0.9328782152870901	0.9128123857125442	-0.020065829574545946
335	0.9437577128753599	0.9371554915672563	-0.006602221308103617
336	0.9443622898650167	0.919341291154515	-0.025020998710501674
337	0.9229198570699336	0.8937261479374803	-0.029193709132453338
338	0.9392148164578019	0.9164799822557391	-0.022734834202062792
339	0.952463768115942	0.9393297101449275	-0.013134057971014523
340	0.9245412844036697	0.9035222804718217	-0.021019003931847968
341	0.9307803100906549	0.9164901578694682	-0.01429015222118668
342	0.9240537240537241	0.9060600218494955	-0.01799370220422858
343	0.9166119716461013	0.900449593069047	-0.01616237857705427
344	0.9489225619414806	0.9302429839505066	-0.018679577990973972
345	0.9336487980105002	0.9233098461821866	-0.01033895182831357
346	0.9264458812748193	0.9235948477751756	-0.0028510334996436626
347	0.9042766917293233	0.9193864661654135	0.015109774436090184
348	0.9308386111042658	0.9102861085783287	-0.0205525025259371
349	0.9196039603960396	0.9182970297029703	-0.001306930693069308
350	0.9421249720545495	0.9142074670243684	-0.02791750503018109
351	0.9348814312049606	0.9185729847494554	-0.01630844645550522
352	0.9317983753832912	0.9314218085964818	-0.000376566786809418
353	0.9304784243385879	0.9170604670414957	-0.013417957297092165
354	0.9202099444428934	0.9318518104916386	0.011641866048745175
355	0.8921334142481467	0.8799366960577827	-0.012196718190364053
356	0.9246782138884475	0.9058080406801208	-0.018870173208326735
357	0.9454572504320161	0.9554479806822993	0.009990730250283186
358	0.9281571369806664	0.9311497326203209	0.002992595639654483
359	0.9354623323604037	0.9094984642972967	-0.02596386806310691
360	0.9348995656296165	0.9436200471854123	0.008720481555795745
361	0.9502357836338419	0.9505547850208045	0.00031900138696261404
362	0.8895570531651402	0.9118368757560048	0.022279822590864584
363	0.9361023299379464	0.9340972953986653	-0.0020050345392811364
364	0.9074327059299737	0.9329462659380692	0.02551356000809546
365	0.8770979020979021	0.8654095904095904	-0.011688311688311637
366	0.9367108099784416	0.9307565958320501	-0.005954214146391523
367	0.9369212962962963	0.9434002616747182	0.006478965378421964
368	0.9314205614109798	0.9268959153979914	-0.004524646012988409
369	0.9699025533489577	0.9356797280813564	-0.03422282526760134
370	0.9236396639210132	0.926211135710455	0.002571471789441837
371	0.93151154323896	0.9311046387116118	-0.0004069045273482619
372	0.9270095957212522	0.933791271214584	0.006781675493331862
373	0.9352338398057699	0.9342535705736855	-0.0009802692320843853
374	0.9386109226594301	0.9278239484396201	-0.010786974219810008
375	0.9467882128471486	0.9386792452830188	-0.008108967564129821
376	0.9149649812346701	0.9138863441591064	-0.0010786370755636598
377	0.9184505506380721	0.94252930023283	0.024078749594757864
378	0.9229481717308863	0.9374151411582939	0.014466969427407661
379	0.9429639804639804	0.9487026862026862	0.005738705738705718
380	0.9549860656730885	0.9293135829395371	-0.025672482733551383
381	0.942195415615984	0.9202503464413094	-0.021945069174674536
382	0.9023095062372869	0.8731571652296005	-0.029152341007686378
383	0.9417360837181242	0.9317237858783673	-0.010012297839756878
384	0.9564718434241553	0.9552166545630598	-0.0012551888610954354
385	0.9346458612702669	0.93507253443862	0.00042667316835309776
386	0.9505642871979506	0.928973666597429	-0.021590620600521637
387	0.9262963195184651	0.9093987083829708	-0.016897611135494373
388	0.9301705756929638	0.9089707711442786	-0.021199804548685197
389	0.9454008325500202	0.9293943870014771	-0.016006445548543025
390	0.9323930687646268	0.9418911517203605	0.009498082955733733
391	0.9338714368819081	0.9013379872018615	-0.03253344968004657
392	0.9300684307384445	0.9255480712537297	-0.004520359484714742
393	0.9307486631016043	0.9111408199643494	-0.019607843137254943
394	0.9263845181024087	0.9107085085732772	-0.015676009529131507
395	0.8898508898508899	0.8822751322751323	-0.007575757575757569
396	0.9412501921280696	0.9382943756724482	-0.002955816455621374
397	0.9072528254872297	0.913179674290291	0.005926848803061269
398	0.9101492209787141	0.9225257845073513	0.012376563528637252
399	0.9537101767701988	0.940444089350511	-0.013266087419687711
400	0.9199304347826087	0.9458226086956522	0.025892173913043437
401	0.9219983187783123	0.925524214262364	0.0035258954840516887
402	0.9270366385751001	0.9422180383718846	0.015181399796784456
403	0.9031939687975646	0.914597602739726	0.011403633942161373
404	0.9268462287330211	0.9373927958833619	0.010546567150340747
405	0.9349248606687898	0.9370397093949044	0.002114848726114671
406	0.9400482712726334	0.9359958681379803	-0.004052403134653049
407	0.9247133265571987	0.8861895695245731	-0.03852375703262567
408	0.9094137076796036	0.9131090008257639	0.003695293146160239
409	0.8850932967626647	0.9144121680588455	0.029318871296180826
410	0.942176493085113	0.9103963877271549	-0.031780105357958055
411	0.9004697986577181	0.9068322147651007	0.006362416107382529
412	0.9461388708630759	0.9142789397494134	-0.031859931113662476
413	0.9490684074527403	0.9497076023391813	0.0006391948864409303
414	0.9279668647577886	0.9100711327210517	-0.01789573203673689
415	0.9328305247484797	0.9390924397812505	0.006261915032770737
416	0.9422608870562205	0.9291159609775722	-0.013144926078648256
417	0.9180280112044817	0.93303081232493	0.015002801120448273
418	0.9399110132562727	0.9525098237083925	0.012598810452119857
419	0.9624623013744352	0.9387881605454828	-0.023674140828952472
420	0.9098319098319099	0.9156624156624157	0.005830505830505817
421	0.9252774764249353	0.9199365768171577	-0.005340899607777616
422	0.9182381086405854	0.9024365727152105	-0.01580153592537492
423	0.9530149624333755	0.9524798253312499	-0.0005351371021256046
424	0.9568135922111035	0.9358183192499916	-0.02099527296111192
425	0.9246432142532497	0.9216175152908177	-0.0030256989624319885
426	0.9425682637815559	0.9370170015455951	-0.005551262235960808
427	0.9424248866213152	0.9502314814814815	0.007806594860166327
428	0.9361294357360447	0.9197280558413524	-0.01640137989469226
429	0.9608279869265222	0.9432030020578622	-0.017624984868659932
430	0.9173273350787271	0.9119190727288371	-0.005408262349890003
431	0.909272030651341	0.9112365029606408	0.0019644723092998584
432	0.9485833333333333	0.9394880952380953	-0.009095238095238045
433	0.901199165797706	0.8918143899895725	-0.009384775808133461
434	0.9364960019095357	0.9270437999761308	-0.009452201933404902
435	0.9344883149265493	0.9309245733507404	-0.003563741575808854
436	0.9195459579180509	0.9132890365448505	-0.006256921373200441
437	0.9360454943132108	0.9280985710119568	-0.007946923301254016
438	0.9373177485358621	0.9290720184273077	-0.00824573010855445
439	0.9343611460332164	0.930672268907563	-0.003688877125653356
440	0.9400742115027829	0.927473716759431	-0.012600494743351898
441	0.9230412483631601	0.9180625272806635	-0.00497872108249664
442	0.9357798165137615	0.9294687293877796	-0.00631108712598194
443	0.9375127957649674	0.9144219238981018	-0.023090871866865537
444	0.9035498489425982	0.8956344410876133	-0.007915407854984902
445	0.9193191489361702	0.9353453355155483	0.016026186579378154
446	0.9409238435563715	0.9292036848834541	-0.011720158672917425
447	0.9439158860265418	0.9147394613583139	-0.029176424668227896
448	0.9475634815793337	0.9485053084788884	0.0009418268995546875
449	0.8901326699834162	0.9066495479591291	0.016516877975712885
450	0.9569137687969925	0.9397908834586466	-0.01712288533834594
451	0.9251484816553309	0.937266500622665	0.01211801896733411
452	0.9136496124031008	0.9121488372093023	-0.0015007751937985425
453	0.9071146245059288	0.9268621503201887	0.01974752581425987
454	0.9465040207169143	0.9359751942210712	-0.01052882649584308
455	0.9290585413238706	0.9249846361239419	-0.0040739051999286735
456	0.9626853511487697	0.9338089806559743	-0.028876370492795456
457	0.8983962829736211	0.8771582733812949	-0.021238009592326135
458	0.9316829268292683	0.9504512195121951	0.01876829268292679
459	0.92854140395124	0.9038959315059402	-0.0246454724452998
460	0.9098959428211058	0.8889531217153668	-0.020942821105738973
461	0.9424179104477612	0.9128955223880597	-0.029522388059701532
462	0.9171661555617507	0.9148777994610167	-0.002288356100734079
463	0.9408237317688085	0.9435451568059188	0.002721425037110259
464	0.9474087003222341	0.9332303974221268	-0.014178302900107354
465	0.936895494220335	0.9273295588582213	-0.009565935362113698
466	0.9255198191251617	0.9284995491198035	0.0029797299946418
467	0.9039706649482955	0.9147871981343398	0.010816533186044364
468	0.9371486486486487	0.9453378378378379	0.008189189189189205
469	0.9298067650999987	0.9360183341473495	0.006211569047350762
470	0.9020816101461263	0.9072511717673007	0.005169561621174434
471	0.9326639537626799	0.8942262326020288	-0.03843772116065103
472	0.922556799920888	0.9344606788795767	0.011903878958688718
473	0.95091044221479	0.9385854081506255	-0.01232503406416452
474	0.8909915193071093	0.9050433056658246	0.01405178635871529
475	0.9460433290140717	0.9309600127304554	-0.015083316283616366
476	0.9057180384150227	0.9115180046035606	0.005799966188537842
477	0.9400423432814968	0.9244699029543574	-0.015572440327139447
478	0.9549283043674761	0.9333990714491146	-0.021529232918361507
479	0.9043883402357439	0.9104146755867049	0.006026335350960976
480	0.9182132788177603	0.9180529388971286	-0.00016033992063169134
481	0.9130040567572115	0.9132096988278402	0.00020564207062867546
482	0.9589773735836877	0.9382067153082748	-0.020770658275412912
483	0.9222881355932203	0.9233414043583535	0.0010532687651332306
484	0.9116103399224996	0.8955380062458103	-0.016072333676689365
485	0.8937548383019732	0.8790306017662765	-0.014724236535696766
486	0.9314130778396518	0.9175157454465871	-0.013897332393064676
487	0.9244971595270997	0.921759046010543	-0.0027381135165566173
488	0.9394974590626765	0.935347261434218	-0.004150197628458474
489	0.9442767295597484	0.9330440251572327	-0.01123270440251567
490	0.9540200138026225	0.9397170462387854	-0.014302967563837088
491	0.9170685080035381	0.9210774103346934	0.004008902331155251
492	0.9073549945280954	0.9193302891933028	0.011975294665207414
493	0.9238837835329063	0.923450601813175	-0.0004331817197313903
494	0.9314585540254238	0.9155356197033898	-0.015922934322033955
495	0.9209999068120399	0.9214541981176032	0.00045429130556329245
496	0.9172178130511464	0.9297227121301196	0.01250489907897323
497	0.9395632045088567	0.919321155394525	-0.020242049114331695
498	0.9311644021003627	0.9232176690304769	-0.007946733069885803
499	0.9511514831706306	0.9323056047642381	-0.018845878406392513
500	0.9308378563853016	0.9313743839291284	0.0005365275438268258
501	0.930577861276931	0.935411048150056	0.004833186873125062
502	0.930609085739559	0.9203892083149049	-0.010219877424654134
503	0.9319193577814268	0.9423371647509579	0.010417806969531096
504	0.9285316532225988	0.9188582883871892	-0.009673364835409592
505	0.9263572510046333	0.9393804856391517	0.013023234634518377
506	0.9413987200246742	0.9494435448633922	0.008044824838718045
507	0.9126050420168067	0.9058396239851872	-0.006765418031619452
508	0.9209142923528216	0.9151055734657721	-0.00580871888704948
509	0.9238686360779385	0.9436576838466373	0.01978904776869883
510	0.9397567343819653	0.9110361077501115	-0.02872062663185382
511	0.9450290966443683	0.9201201936150541	-0.024908903029314144
512	0.915040158433271	0.9298712729673232	0.01483111453405217
513	0.9131993417959567	0.9195316173013635	0.006332275505406715
514	0.9455064468535506	0.9367716552269763	-0.008734791626574312
515	0.9400352733686067	0.9492793285896735	0.00924405522106675
516	0.9392005278180175	0.9407925875991452	0.0015920597811276416
517	0.9474616021337258	0.9311597535178884	-0.01630184861583739
518	0.9376165030446129	0.9372436933018516	-0.00037280974276121537
519	0.9272492365515621	0.928917077754287	0.0016678412027248957
520	0.9120398180725994	0.8841357018221345	-0.02790411625046485
521	0.9603787558188743	0.9406898011002962	-0.019688954718578122
522	0.9178085879660789	0.9112935792165836	-0.006515008749495288
523	0.9249815941411245	0.9241807778251379	-0.0008008163159866077
524	0.9440866312904228	0.9420072642821458	-0.0020793670082770443
525	0.9295013087202094	0.8952564632410341	-0.03424484547917528
526	0.9299936528832365	0.950363196125908	0.020369543242671484
527	0.9573147310642199	0.9338719070216958	-0.02344282404252418
528	0.9398665746491833	0.9399240855762595	5.7510927076176444e-05
529	0.9062442382152296	0.8894044619261262	-0.01683977628910338
530	0.9256877228731534	0.9111946001018849	-0.014493122771268463
531	0.920446047008547	0.9127136752136752	-0.007732371794871851
532	0.9106954396489474	0.9302616230628229	0.019566183413875504
533	0.9381251832784856	0.9388202839051623	0.0006951006266766591
534	0.9312990196078431	0.9408700980392157	0.009571078431372615
535	0.9323947750362844	0.8991582002902757	-0.03323657474600872
536	0.9364707108609548	0.931910569105691	-0.004560141755263758
537	0.9404556272071242	0.9421637494242284	0.0017081222171042576
538	0.8821150185806218	0.8958125623130608	0.013697543732439033
539	0.9551689970274139	0.9604535946273258	0.0052845975999119554
540	0.9306810554035214	0.9347859761449889	0.00410492074146751
541	0.9298334080382489	0.9301135514716868	0.00028014343343796266
542	0.9415382654280661	0.926719673672302	-0.014818591755764055
543	0.9447574334898279	0.9394105372978613	-0.005346896191966599
544	0.9354482323232324	0.9241747835497836	-0.011273448773448824
545	0.9336749969179832	0.9300470227717018	-0.003627974146281354
546	0.925834421033004	0.949177232892038	0.023342811859034085
547	0.9480806581502945	0.9274108228457737	-0.020669835304520823
548	0.9157938415750916	0.9021863553113553	-0.013607486263736313
549	0.930307428420636	0.9276685578572371	-0.002638870563398843
550	0.9395322152396963	0.9218001574403928	-0.017732057799303536
551	0.9609521437653197	0.9468089289693411	-0.014143214795978576
552	0.9353347135955832	0.9388543823326432	0.00351966873706
553	0.9257775256761487	0.9306291410709759	0.004851615394827258
554	0.9385890981982187	0.9244094667547437	-0.014179631443475005
555	0.8954681032383736	0.8960311663014365	0.000563063063062974
556	0.9416872759607636	0.922138550031956	-0.01954872592880763
557	0.9179980206418775	0.9463334747160563	0.028335454074178812
558	0.9143482686970952	0.923091941039479	0.008743672342383824
559	0.9181759707505331	0.8577981651376146	-0.0603778056129185
560	0.9280147463053391	0.9129612262717072	-0.015053520033631917
561	0.9052609427609427	0.9192024410774411	0.01394149831649838
562	0.9248820948551632	0.9189899986091619	-0.005892096246001288
563	0.914030918489845	0.9351863194257295	0.021155400935884527
564	0.9455079994530289	0.9296287433337892	-0.015879256119239682
565	0.9233141553931478	0.9215129839838283	-0.0018011714093194575
566	0.9544575725026853	0.9290655209452202	-0.025392051557465045
567	0.9392934675350306	0.9365699625024669	-0.002723505032563689
568	0.8754047640897232	0.9116008337812505	0.03619606969152722
569	0.9386215538847118	0.9470175438596491	0.00839598997493729
570	0.939164877117633	0.9366261035552375	-0.0025387735623955132
571	0.9447712230215828	0.951021582733813	0.006250359712230202
572	0.944710051852909	0.9572689215546358	0.012558869701726816
573	0.9191284127120833	0.9110517803998124	-0.00807663231227096
574	0.9201978585287566	0.9371332071765636	0.01693534864780699
575	0.9186251336173801	0.9127836075939838	-0.005841526023396271
576	0.9331490700810869	0.9428894919995338	0.009740421918446818
577	0.9236728748954105	0.908395054076668	-0.015277820818742516
578	0.9069726026113283	0.9066820384482	-0.00029056416312833733
579	0.9316648917287895	0.9270016458514861	-0.004663245877303379
580	0.9243520307035816	0.920791829211327	-0.0035602014922546665
581	0.8960612154804533	0.8961102663462011	4.905086574780171e-05
582	0.9320993620722985	0.9233616856756234	-0.00873767639667511
583	0.9307617909768447	0.918416111964499	-0.012345679012345734
584	0.8981600342319213	0.9152508243348687	0.01709079010294745
585	0.9365061683700465	0.936515451093969	9.282723922532377e-06
586	0.9187134502923977	0.9151629072681704	-0.003550543024227304
587	0.9309606171570827	0.9218711554326903	-0.0090894617243924
588	0.9032817384481034	0.8966372622226723	-0.006644476225431184
589	0.9407649305363369	0.9368793933691261	-0.0038855371672108507
590	0.9420574026712134	0.9324808184143223	-0.009576584256891119
591	0.9040446950387477	0.8935660770834942	-0.01047861795525351
592	0.9125631904137802	0.9290565266974179	0.016493336283637694
593	0.91402312075389	0.8978742055665132	-0.016148915187376822
594	0.9235510881308844	0.9288470442969594	0.005295956166075033
595	0.952435699893327	0.9293587768164039	-0.023076923076923106
596	0.9357968923186315	0.9383169165777862	0.0025200242591546518
597	0.9244444444444444	0.9359649122807018	0.011520467836257375
598	0.9387108250590251	0.9378267947432539	-0.0008840303157712226
599	0.9615180467091295	0.9304033970276009	-0.03111464968152866
600	0.9244871794871795	0.9363752913752914	0.011888111888111896
601	0.9275895567698846	0.9242380085003036	-0.0033515482695810617
602	0.9543708221349321	0.9449469368065605	-0.009423885328371573
603	0.930979450603771	0.9217851846621001	-0.009194265941670832
604	0.9325965130759651	0.9133042756330427	-0.01929223744292241
605	0.9383576445164776	0.9205510534846029	-0.017806591031874763
606	0.936183395291202	0.926495437647854	-0.009687957643347955
607	0.9420660358160358	0.9203678266178266	-0.021698209198209195
608	0.9469284923830379	0.9289397471215654	-0.01798874526147254
609	0.9120724637681159	0.8907246376811594	-0.021347826086956512
610	0.8941323692992214	0.888959955506118	-0.005172413793103403
611	0.9015769270671231	0.9328976034858388	0.03132067641871572
612	0.9173234811165846	0.8938423645320197	-0.023481116584564865
613	0.8755513932434816	0.9016518044980116	0.026100411254529998
614	0.9110035419126328	0.9111216056670602	0.00011806375442746653
615	0.9526857395094767	0.9297597042513863	-0.022926035258090338
616	0.9473245588826944	0.9180700040232197	-0.029254554859474702
617	0.950137122911992	0.9334037279833399	-0.016733394928652112
618	0.9085070984915705	0.8827307009760426	-0.02577639751552796
619	0.9408789002162496	0.9497605807846772	0.00888168056842753
620	0.9328731097961868	0.9270216962524654	-0.005851413543721318
621	0.9742888888888889	0.9540666666666666	-0.020222222222222253
622	0.9489769523267545	0.9386947411986859	-0.010282211128068597
623	0.9359349593495935	0.9102679915688046	-0.02566696778078892
624	0.8917663437224763	0.8996647441543313	0.007898400431854968
625	0.9142949858179895	0.9198596221335513	0.005564636315561811
626	0.9268761552680221	0.9221589648798522	-0.004717190388169978
627	0.9180060373664028	0.9213860301402115	0.0033799927738086266
628	0.9181519403362407	0.9264062697509796	0.008254329414738915
629	0.9213930946086678	0.8996735560362092	-0.021719538572458563
630	0.8992402234636871	0.9127932960893854	0.01355307262569827
631	0.8900719026548672	0.8982992256637168	0.00822732300884954
632	0.9379985351887609	0.9255476396564352	-0.012450895532325701
633	0.9340825776577272	0.9304167470576886	-0.0036658306000385554
634	0.9446643052462761	0.9293304565540954	-0.015333848692180685
635	0.9465935293527921	0.9273878234965556	-0.019205705856236488
636	0.9379048380647741	0.9179794748767159	-0.019925363188058154
637	0.9179661301140174	0.9119438855354348	-0.006022244578582581
638	0.9143437296946069	0.9130766731643924	-0.0012670565302144166
639	0.941394779771615	0.9274163947797717	-0.01397838499184334
640	0.923528823558822	0.9170416479176041	-0.006487175641217924
641	0.945992492824023	0.9577390152351513	0.01174652241112828
642	0.9607543323139653	0.9318353055887958	-0.02891902672516955
643	0.9569184873212249	0.9354968099374522	-0.021421677383772653
644	0.9620822930670252	0.9214758978298444	-0.04060639523718079
645	0.9184818113736675	0.8933220733281282	-0.02515973804553928
646	0.9565085833013939	0.9344905492909447	-0.022018034010449217
647	0.9284387212505606	0.9220962265359728	-0.00634249471458781
648	0.9523783211309113	0.9309481051710642	-0.021430215959847065
649	0.9306593207841173	0.9114876803428078	-0.01917164044130948
650	0.9488420137001196	0.9467543764270958	-0.002087637273023746
651	0.9126752893124574	0.9130973451327433	0.0004220558202858715
652	0.9414301225376144	0.9278579184116643	-0.01357220412595006
653	0.9518309011107414	0.9191424632789846	-0.03268843783175679
654	0.9421464108031272	0.9439350864723999	0.0017886756692726546
655	0.9610480285157829	0.9413760580114896	-0.019671970504293257
656	0.9210837112622827	0.9110213529856387	-0.010062358276644034
657	0.9180619186450091	0.8976537553797029	-0.020408163265306145
658	0.9067137809187279	0.8902237926972909	-0.01648998822143699
659	0.9362002712477396	0.9282323688969258	-0.007967902350813794
660	0.955014985014985	0.9146253746253746	-0.04038961038961042
661	0.89597752144336	0.8941881100266194	-0.001789411416740605
662	0.9627021387584768	0.9399582681272822	-0.02274387063119454
663	0.9105619299794057	0.9260076493086202	0.015445719329214569
664	0.9637754845205134	0.9439516737981374	-0.019823810722376045
665	0.9311132232937686	0.9242396142433235	-0.006873609050445095
666	0.9345083487940631	0.9376314162028447	0.0031230674087816546
667	0.892124698748348	0.8784731400139936	-0.013651558734354419
668	0.9123742530822176	0.8955701787560195	-0.016804074326198126
669	0.9438123903266668	0.9316800502027868	-0.012132340123879981
670	0.9357160312805474	0.9138196480938416	-0.021896383186705726
671	0.9371328064882559	0.9412001807721904	0.004067374283934444
672	0.9224839558385994	0.939585433622661	0.01710147778406157
673	0.9154387865655471	0.921863488624052	0.006424702058504872
674	0.9375887810922718	0.9242149484691873	-0.013373832623084558
675	0.9195764049781642	0.9067721895310931	-0.01280421544707111
676	0.9091713121783876	0.9189536878216124	0.009782375643224706
677	0.9477657935285054	0.9352080123266564	-0.012557781201849028
678	0.9194586812553988	0.9077224301756407	-0.011736251079758064
679	0.9454870238614796	0.9435890669562658	-0.0018979569052138823
680	0.949926793557833	0.9281288433382138	-0.021797950219619278
681	0.9162363740676994	0.9216548734621024	0.005418499394402976
682	0.945603184758655	0.9304329281296652	-0.015170256628989853
683	0.9374055356130738	0.9439471944077082	0.00654165879463442
684	0.9065268965517241	0.9103337931034483	0.0038068965517241704
685	0.9180176719170188	0.9232094835629219	0.005191811645903099
686	0.920606020480226	0.877637270480226	-0.04296875
687	0.9278183292781833	0.9236302234985974	-0.004188105779585949
688	0.9130333382432366	0.9167034909412285	0.0036701526979918686
689	0.9642776010904135	0.9508291685597455	-0.013448432530667964
690	0.9154919845218352	0.9371298270552002	0.02163784253336498
691	0.9479254403632769	0.9228402973596513	-0.02508514300362552
692	0.9449360067105014	0.9472900938929025	0.0023540871824011544
693	0.9507631512644044	0.9542507061304054	0.0034875548660010525
694	0.9590391557900583	0.9148847542349348	-0.04415440155512351
695	0.9228260219043629	0.9238284756717936	0.0010024537674306888
696	0.9119097486671744	0.9194402132520945	0.007530464584920016
697	0.9197440444067535	0.9017346388096523	-0.01800940559710118
698	0.91753546188161	0.9187133477018696	0.0011778858202596831
699	0.9281612270376315	0.9278996492479639	-0.0002615777896676219
700	0.9420727907266608	0.936292533964851	-0.005780256761809821
701	0.9623119006562543	0.9583669317321887	-0.003944968924065595
702	0.9317873303167421	0.9344645550527904	0.002677224736048256
703	0.9139807723643474	0.9372657650317745	0.023284992667427118
704	0.9495526628222524	0.940574118046133	-0.008978544776119368
705	0.9420099431818182	0.9270714962121213	-0.014938446969696928
706	0.9492704642923737	0.9483381502890174	-0.0009323140033563604
707	0.9535267964431627	0.9227950012016343	-0.03073179524152847
708	0.9027760792466675	0.8933594227711875	-0.009416656475479956
709	0.9627753336592159	0.9401709401709402	-0.022604393488275698
710	0.9062770478884884	0.9060574351819556	-0.0002196127065328124
711	0.9321145124716553	0.908477081308714	-0.02363743116294137
712	0.9379699248120301	0.8889322362510049	-0.049037688561025194
713	0.9214678610718214	0.9293886531510294	0.007920792079207928
714	0.9102147039687704	0.9258886851599929	0.01567398119122254
715	0.9214109825166216	0.9048387096774193	-0.016572272839202262
716	0.9543744384546271	0.9322495507637018	-0.022124887690925354
717	0.9378632212536322	0.9062370278123703	-0.03162619344126194
718	0.946061326989162	0.947726671953476	0.0016653449643140306
719	0.9568970396784966	0.9434255957434765	-0.013471443935020089
720	0.945930035095664	0.9135627759538095	-0.032367259141854454
721	0.924797953369382	0.9402058259201116	0.015407872550729618
722	0.9327438309224294	0.9191753098912219	-0.013568521031207537
723	0.9440386680988184	0.9372717508055854	-0.006766917293232977
724	0.9514133773177113	0.960542031623251	0.009128654305539774
725	0.9223886328725038	0.9145545314900153	-0.007834101382488523
726	0.9292231624018759	0.9337852992150066	0.004562136813130779
727	0.9415123917587339	0.9173509505324973	-0.024161441226236646
728	0.9418219461697722	0.9487816531294793	0.006959706959707046
729	0.9166128800917958	0.9082221744119334	-0.008390705679862331
730	0.9168167138243448	0.9048272314155877	-0.01198948240875708
731	0.9217652301562336	0.9224861067421621	0.0007208765859285649
732	0.9172622635552111	0.8893911995177818	-0.02787106403742934
733	0.9313289359308687	0.936953520478601	0.005624584547732292
734	0.9411757740808715	0.9336569770883902	-0.007518796992481258
735	0.9049310344827586	0.899264367816092	-0.005666666666666598
736	0.9220807726075505	0.9140556409130817	-0.008025131694468834
737	0.9094157650695518	0.9047295208655333	-0.00468624420401853
738	0.9153932701868229	0.919213459626354	0.0038201894395311076
739	0.9453352033660589	0.927741935483871	-0.017593267882187957
740	0.9238890376121002	0.9088810065586936	-0.015008031053406534
741	0.9444212775938909	0.9303213531757408	-0.014099924418150112
742	0.9430683155940144	0.9271696785077127	-0.01589863708630168
743	0.9276769301470589	0.9173560049019608	-0.01032092524509809
744	0.9542811839323467	0.9447914664616567	-0.009489717470690051
745	0.8875084707476847	0.8771176869211655	-0.010390783826519145
746	0.9407492018861846	0.9209354772574173	-0.019813724628767293
747	0.9383372295818027	0.9315930090170321	-0.006744220564770531
748	0.9473519451321893	0.9548791940578844	0.007527248925695007
749	0.9305606523955148	0.935453618756371	0.004892966360856232
750	0.9322745020183972	0.9135596585269009	-0.018714843491496325
751	0.934488116601742	0.9174180417560293	-0.017070074845712768
752	0.9532155130093275	0.928939617083947	-0.024275895925380486
753	0.9234899328859061	0.9055658412404536	-0.0179240916454525
754	0.9395957740009186	0.9457969683050069	0.0062011943040882755
755	0.9340957549912774	0.9408384792180101	0.006742724226732721
756	0.9557238037552999	0.9366686856450636	-0.019055118110236302
757	0.9562506957586553	0.9375487031058667	-0.0187019926527886
758	0.9461932449920711	0.9167016021726847	-0.029491642819386432
759	0.9342506429120603	0.930141308094064	-0.004109334817996246
760	0.9209912894123421	0.9324622745675377	0.011470985155195623
761	0.9275599516117555	0.9100120970611257	-0.017547854550629793
762	0.9253947729320952	0.9032822642790904	-0.022112508653004737
763	0.9718469992691048	0.9429901735199372	-0.02885682574916759
764	0.9326693280284116	0.9263274543051309	-0.0063418737232807665
765	0.9283014690766481	0.9184022012429433	-0.009899267833704872
766	0.9175050578730783	0.9339104584428632	0.0164054005697849
767	0.9510980998432069	0.9327215113537932	-0.018376588489413703
768	0.9238638782460622	0.8944364623243933	-0.029427415921668865
769	0.9345182543772896	0.9353679430569292	0.0008496886796395264
770	0.9439580255496655	0.9288476579473364	-0.015110367602329089
771	0.9215227079923052	0.9072443334568004	-0.014278374535504734
772	0.9799889441680486	0.9447208402432283	-0.03526810392482027
773	0.9002234736748012	0.9120586394922678	0.011835165817466686
774	0.9359327568174282	0.9218897477105176	-0.014043009106910587
775	0.9157689811810512	0.8803266277309106	-0.035442353450140573
776	0.936730252208424	0.9261298169248495	-0.01060043528357446
777	0.9457923284289844	0.9197115853064406	-0.026080743122543826
778	0.9552487148285196	0.9291355204013212	-0.026113194427198394
779	0.9025639562258336	0.8842010643913992	-0.018362891834434403
780	0.9579711212612347	0.9341265163793527	-0.023844604881882003
781	0.9499046742488988	0.931184668989547	-0.018720005259351802
782	0.9130325814536341	0.9030075187969925	-0.010025062656641603
783	0.9176331181928197	0.9346636748688988	0.01703055667607911
784	0.9220821661998133	0.9147992530345471	-0.007282913165266192
785	0.936743973735494	0.9405537316315244	0.0038097578960304412
786	0.9557196489396087	0.9457373014097114	-0.00998234752989735
787	0.9366150409081303	0.9439362376596323	0.0073211967515020016
788	0.9077405367397164	0.8914508379233563	-0.01628969881636011
789	0.9301685910307899	0.9359416834002677	0.005773092369477872
790	0.9287136135670337	0.9190062561398066	-0.00970735742722717
791	0.9362494060503669	0.9210442954437463	-0.015205110606620553
792	0.9181623931623931	0.9210336538461539	0.002871260683760757
793	0.9270372337286835	0.9255325426329144	-0.0015046910957691173
794	0.9383427577207482	0.925573230597154	-0.012769527123594138
795	0.9225823540743595	0.9042694085917935	-0.018312945482566012
796	0.9296581196581196	0.9134676434676434	-0.0161904761904762
797	0.939047619047619	0.92503081232493	-0.014016806722689013
798	0.9569372852233677	0.9482388316151202	-0.008698453608247503
799	0.9244296436204583	0.9314975893434068	0.007067945722948443
800	0.9211507623990663	0.9129242534941314	-0.008226508904934926
801	0.9488139658848614	0.9444029850746268	-0.00441098081023461
802	0.9385353265473693	0.9329310412240802	-0.005604285323289049
803	0.8929343165837764	0.8980449322586177	0.005110615674841279
804	0.9261988993710691	0.9379029088050315	0.011704009433962326
805	0.9270957214370661	0.9212600602926128	-0.00583566114445333
806	0.9424284865461336	0.9366564807741279	-0.005772005772005762
807	0.9274796422373515	0.9224736350287011	-0.005006007208650409
808	0.9164874274661509	0.9273036750483559	0.010816247582205007
809	0.90919452887538	0.8982396149949341	-0.010954913880445893
810	0.9442363095983693	0.919218374574399	-0.025017935023970317
811	0.9344035823170732	0.931616806402439	-0.0027867759146341653
812	0.94060687723748	0.9466307348842125	0.006023857646732411
813	0.946323363799092	0.9397560368434155	-0.006567326955676522
814	0.9168569867313054	0.9338386739712208	0.016981687239915333
815	0.9509631121742415	0.9298879516555457	-0.021075160518695735
816	0.950519678833555	0.9341042313186543	-0.01641544751490076
817	0.947794683559292	0.9233437925522467	-0.024450891007045228
818	0.9467051467051467	0.952008177008177	0.005303030303030254
819	0.9105810397553517	0.9300183486238532	0.01943730886850159
820	0.93349533437014	0.9387733281493001	0.005277993779160162
821	0.9423235508125152	0.9368784865389279	-0.005445064273587263
822	0.9271915202803779	0.9251079198187802	-0.0020836004615977233
823	0.9175529995814873	0.9090095680660384	-0.008543431515448896
824	0.9448645578158839	0.9290540940343901	-0.015810463781493755
825	0.9441116170088133	0.9324360305668717	-0.011675586441941554
826	0.9175582680329516	0.9190400843881856	0.0014818163552340335
827	0.9563345633456335	0.9363776137761377	-0.019956949569495785
828	0.905447306296466	0.8652091187766463	-0.04023818751981967
829	0.9381468582920488	0.929636533084809	-0.008510325207239822
830	0.8987328562909959	0.88412343470483	-0.01460942158616585
831	0.9099981854472873	0.9168027581201234	0.006804572672836073
832	0.9201984869437891	0.920876379511375	0.0006778925675858805
833	0.9294890231042086	0.909979867702042	-0.019509155402166578
834	0.9232223163657695	0.9325642529709531	0.009341936605183676
835	0.922975217448315	0.9259910835263779	0.003015866078062923
836	0.9405166631975762	0.9099655403686486	-0.03055112282892758
837	0.9548098035724882	0.9426295175360513	-0.01218028603643695
838	0.9291088034335611	0.9177745985545497	-0.011334204879011378
839	0.9289406339473484	0.9020954214913726	-0.02684521245597582
840	0.9690636068476978	0.9326667650531287	-0.036396841794569035
841	0.9157136075266497	0.9107936644944111	-0.004919943032238527
842	0.9260574083724162	0.9216388744137571	-0.004418533958659099
843	0.9327620054364241	0.9065866304238397	-0.02617537501258438
844	0.9227560360088892	0.9137820633545519	-0.008973972654337303
845	0.934407110253162	0.9139068186845227	-0.020500291568639306
846	0.8958863393175603	0.8869337771965283	-0.008952562121032015
847	0.9447100362454693	0.9193382077240345	-0.025371828521434825
848	0.9295814479638009	0.892519052155275	-0.03706239580852588
849	0.9137609680564317	0.906707002351322	-0.007053965705109744
850	0.9309735806769875	0.9441040694770947	0.013130488800107143
851	0.9147951333669498	0.91933335919217	0.004538225825220121
852	0.9108280927971252	0.9378745442054642	0.027046451408339056
853	0.9131912127524413	0.9251724800189101	0.011981267266468754
854	0.9461095328282828	0.9315340909090909	-0.014575441919191912
855	0.9340958028875005	0.9324014261004624	-0.0016943767870380988
856	0.9016618947839856	0.9036452918312833	0.0019833970472976636
857	0.9167458769806661	0.9256827602426285	0.008936883261962403
858	0.9608197358197358	0.9500971250971251	-0.010722610722610715
859	0.9020438908126096	0.9021675585735486	0.00012366776093897247
860	0.9337525867397672	0.9250584535999355	-0.008694133139831695
861	0.9051611348299132	0.8844339622641509	-0.020727172565762286
862	0.9088339695934633	0.9074542897327708	-0.0013796798606925398
863	0.942077694007933	0.9333878341962637	-0.008689859811669254
864	0.9545043882292205	0.9548431853381518	0.0003387971089313657
865	0.9224449804039795	0.8869837202291228	-0.035461260174856735
866	0.9201740411463419	0.8911900234681467	-0.02898401767819525
867	0.9293625889846384	0.8854439865118022	-0.04391860247283619
868	0.9245475288540351	0.9000465209011763	-0.02450100795285881
869	0.9344750254841998	0.9467210329595651	0.012246007475365306
870	0.9525133689839572	0.9500802139037433	-0.0024331550802139112
871	0.9475473530840214	0.922975352112676	-0.024572000971345376
872	0.9398737378847049	0.9412395540357338	0.0013658161510289313
873	0.9248871518220853	0.9164648243972255	-0.00842232742485971
874	0.948937908496732	0.9348262032085561	-0.014111705288175846
875	0.8956112043371628	0.8977410610558926	0.0021298567187297834
876	0.9360764627222308	0.9196790670144902	-0.01639739570774057
877	0.9122253521126761	0.8997433489827856	-0.012482003129890451
878	0.9254048132552806	0.903461024956352	-0.021943788298928513
879	0.9337699971261615	0.9159881214675735	-0.01778187565858802
880	0.9167924025916393	0.9248690867134108	0.008076684121771538
881	0.9382286516511017	0.9300494414942319	-0.008179210156869843
882	0.9491437281448938	0.913404465166323	-0.035739262978570774
883	0.9272986272986273	0.9247474747474748	-0.002551152551152569
884	0.9051602623031194	0.899813078384507	-0.0053471839186124415
885	0.9463003308319212	0.9452816105866215	-0.001018720245299698
886	0.9146395689474786	0.9357475413266374	0.021107972379158846
887	0.9266242203742203	0.9178144490644491	-0.00880977130977123
888	0.8888786581342173	0.8906741555790862	0.0017954974448689542
889	0.9445828416590184	0.9461999038503562	0.001617062191337837
890	0.9226559869148987	0.9235579929763794	0.0009020060614807202
891	0.8874711800461119	0.8970603647034164	0.009589184657304517
892	0.9149967943113598	0.9384041499096578	0.023407355598297985
893	0.9513816721776098	0.9345536136041568	-0.016828058573453042
894	0.9514745220852091	0.9449337769948457	-0.006540745090363398
895	0.9427320102006874	0.9181949218316886	-0.024537088368998816
896	0.9367838541666667	0.9271701388888889	-0.009613715277777768
897	0.9197755894328189	0.9119046491809488	-0.007870940251870073
898	0.9189783868092691	0.9151905080213903	-0.0037878787878787845
899	0.9150890945987268	0.9094737719956634	-0.005615322603063411
900	0.9238175160207507	0.9149069270674397	-0.008910588953310983
901	0.9480296217931764	0.9419575949925064	-0.006072026800669983
902	0.9258683304728762	0.9386787532832043	0.01281042281032807
903	0.941759125261296	0.9300316235193226	-0.011727501741973456
904	0.9352815105674014	0.9434475853761557	0.008166074808754309
905	0.9353558696547895	0.9292828863689293	-0.006072983285860145
906	0.9485225885225885	0.922954822954823	-0.02556776556776552
907	0.9166138237159163	0.8983653913901218	-0.018248432325794428
908	0.9345783774808393	0.9059225532435526	-0.02865582423728663
909	0.9313027003949195	0.9393478492902124	0.008045148895292953
910	0.9611965017287968	0.9473080163872505	-0.013888485341546297
911	0.9051310396893874	0.8970421699741156	-0.008088869715271785
912	0.9437691025284801	0.9093266648143002	-0.034442437714179874
913	0.896560582274868	0.8991865277579564	0.0026259454830883655
914	0.9192173418851993	0.9172850531785337	-0.0019322887066656191
915	0.9431140905885649	0.9302763637066159	-0.012837726881948952
916	0.9518766953817517	0.9214364352435107	-0.03044026013824097
917	0.9629047434549178	0.957535838822162	-0.005368904632755855
918	0.9555777855949344	0.9315913288189254	-0.02398645677600908
919	0.9180692283264529	0.923385436881785	0.005316208555332103
920	0.9050091013281197	0.9047201702766996	-0.0002889310514201382
921	0.92573402417962	0.9118949559364067	-0.013839068243213348
922	0.9570242869875223	0.9496156417112299	-0.007408645276292369
923	0.9216920334567393	0.8957082133552722	-0.02598382010146716
924	0.9079735014765743	0.8858780961502647	-0.022095405326309603
925	0.9164678433491953	0.9382439397334669	0.02177609638427158
926	0.9202354738686919	0.9000883775970281	-0.020147096271663778
927	0.9340490797546013	0.9205674846625767	-0.013481595092024623
928	0.9227345879725425	0.9078726968174204	-0.014861891155122042
929	0.9205736074270557	0.928183023872679	0.007609416445623296
930	0.9614542599610466	0.9652590098591337	0.003804749898087101
931	0.9424672837535908	0.9330247898712629	-0.009442493882327874
932	0.9124449688526878	0.9206917113893858	0.008246742536697993
933	0.9147332936744001	0.9096476187143507	-0.005085674960049413
934	0.9531650771607125	0.9294854535406069	-0.023679623620105672
935	0.9114739050616313	0.9421715184893784	0.030697613427747128
936	0.9509951371133504	0.9150373489747832	-0.035957788138567204
937	0.9613693153423288	0.948375812093953	-0.012993503248375782
938	0.9304510691431247	0.914884761458821	-0.01556630768430367
939	0.896098061866256	0.8744224104736235	-0.0216756513926325
940	0.9357422969187675	0.9260504201680673	-0.009691876750700268
941	0.916899194970974	0.9401359889669328	0.023236793995958793
942	0.9122049645722866	0.8928722256111867	-0.019332738961099882
943	0.9295822102425876	0.9157569631626236	-0.01382524707996402
944	0.9206629184580899	0.9370521441957887	0.016389225737698854
945	0.9419500856373868	0.940787863958894	-0.0011622216784927808
946	0.9239565311418685	0.9164143598615917	-0.007542171280276788
947	0.9174305144884684	0.8972963483146067	-0.020134166173861656
948	0.9140657511444028	0.9076016090997364	-0.006464142044666388
949	0.899314648687803	0.9081879979940937	0.00887334930629069
950	0.9287179487179488	0.9138330046022354	-0.014884944115713394
951	0.935686070440192	0.910636989379568	-0.02504908106062398
952	0.9402221149203284	0.9277040077257364	-0.01251810719459201
953	0.928303511037324	0.9241960277931501	-0.004107483244173871
954	0.9295505569467231	0.9164579915378638	-0.01309256540885928
955	0.9304042005151575	0.9055379433326729	-0.024866257182484586
956	0.9236218047428395	0.9370473029234964	0.013425498180656859
957	0.9224494485294118	0.9067440257352941	-0.015705422794117685
958	0.9387516200510054	0.9296479785944228	-0.0091036414565826
959	0.9044196909809558	0.9282016475692365	0.02378195658828075
960	0.9385692492099815	0.9383104500381388	-0.000258799171842683
961	0.9293396868618108	0.9214091218515997	-0.007930565010211055
962	0.9539670816627981	0.946824224519941	-0.0071428571428571175
963	0.9204095282193754	0.9092452538972063	-0.011164274322169043
964	0.9507276507276508	0.9413981288981289	-0.009329521829521847
965	0.934020439117786	0.9259144143024094	-0.008106024815376589
966	0.951957163958641	0.904849827671098	-0.047107336287543045
967	0.9463771593090211	0.9477417226487524	0.0013645633397313395
968	0.9401999547372765	0.9286047099857555	-0.011595244751520961
969	0.9250254594163142	0.9291356642843381	0.004110204868023937
970	0.9553026604832805	0.8999674558620129	-0.05533520462126762
971	0.9426851200250215	0.939490410285625	-0.0031947097393965063
972	0.943852343308865	0.9206898174289478	-0.023162525879917184
973	0.9313626774069812	0.9445842922899885	0.013221614883007327
974	0.9113432463864429	0.9175112144874564	0.006167968101013499
975	0.9444954830806921	0.941341295360588	-0.003154187720104118
976	0.9289327443716159	0.893238814477059	-0.035693929894556886
977	0.9177749678235148	0.8906789802876691	-0.027095987535845634
978	0.9202070978502594	0.9388320051890289	0.018624907338769425
979	0.9349221431480152	0.9181194128255348	-0.016802730322480475
980	0.9234827326328856	0.8973711043135169	-0.02611162831936875
981	0.957736516357206	0.9484162895927601	-0.009320226764445882
982	0.9331644461124664	0.9243656304080399	-0.008798815704426532
983	0.9525296882731321	0.944860217714003	-0.0076694705591291434
984	0.9344056641061332	0.9042635459091612	-0.03014211819697199
985	0.9341547429782724	0.9375846434669964	0.003429900488724047
986	0.8952533577533578	0.9019383394383395	0.006684981684981661
987	0.9223219440508057	0.9054873248307354	-0.016834619220070346
988	0.9480017128175849	0.9421067656294605	-0.005894947188124444
989	0.9474555058229567	0.9341019494707368	-0.013353556352219909
990	0.9520101958058163	0.924423589387093	-0.027586606418723236
991	0.9521454887947035	0.9326158619352337	-0.019529626859469795
992	0.914398206090947	0.9172924488944514	0.0028942428035043655
993	0.944053872053872	0.947973063973064	0.003919191919191989
994	0.9072983354673495	0.927475458813487	0.020177123346137527
995	0.9263533164461957	0.9169715733183226	-0.009381743127873099
996	0.9376115878592409	0.9043512065887231	-0.03326038127051778
997	0.9237487990217487	0.9130803688406972	-0.010668430181051458
998	0.911048730694124	0.9143884253506125	0.0033396946564885344
999	0.9114694280078895	0.9094575936883629	-0.002011834319526673
1000	0.9582308493429945	0.9275078109419663	-0.03072303840102819
1001	0.9502666271663457	0.940440922332494	-0.0098257048338517
1002	0.9471348489567113	0.9174378253325621	-0.029697023624149166
1003	0.9434036435519015	0.9324415391872768	-0.010962104364624747
1004	0.9590794483894206	0.9485309251826696	-0.010548523206751037
1005	0.8978312262308562	0.8998298329164811	0.001998606685624904
1006	0.91289767331434	0.9155982905982906	0.002700617283950546
1007	0.9249207035755479	0.9193939830834295	-0.005526720492118442
1008	0.9509996278880958	0.9291634247826528	-0.021836203105442986
1009	0.940900631990124	0.929670370165644	-0.011230261824479948
1010	0.928524261073985	0.9109987057238701	-0.017525555350114908
1011	0.8797023653661517	0.9209871694160775	0.04128480404992585
1012	0.9190460472025087	0.9418574493669394	0.022811402164430672
1013	0.9271332248314346	0.9046113306982873	-0.022521894133147313
1014	0.9385796545105566	0.9139698552277224	-0.024609799282834133
1015	0.9221169634962738	0.918075028419856	-0.004041935076417813
1016	0.9088871759735069	0.8916295535000571	-0.017257622473449752
1017	0.9125226770048958	0.9295211113596262	0.016998434354730474
1018	0.9150141265525881	0.908670504824351	-0.006343621728237103
1019	0.926105129253555	0.9104425060197174	-0.015662623233837603
1020	0.9361108779391328	0.9371368346437599	0.001025956704627018
1021	0.9297851985148402	0.9344775745427211	0.004692376027880862
1022	0.9181998512273741	0.9095834366476568	-0.00861641457971729
1023	0.9518939393939394	0.9292395104895105	-0.022654428904428925
1024	0.8931884057971015	0.8838985507246376	-0.009289855072463826
1025	0.9141067125645439	0.9351600688468158	0.021053356282271896
1026	0.941724697628148	0.9379679564375099	-0.00375674119063818
1027	0.9201906028368795	0.9252327127659574	0.0050421099290779425
1028	0.933441297175505	0.9461354309165527	0.012694133741047775
1029	0.9317624662134859	0.9448460412532215	0.013083575039735562
1030	0.9236422938587673	0.915454728235373	-0.008187565623394288
1031	0.9393573415312546	0.9184416630068803	-0.02091567852437426
1032	0.9369695629336798	0.9278190915876482	-0.009150471346031641
1033	0.9265922147385103	0.9157215729001584	-0.010870641838351847
1034	0.9239300463020899	0.9315949192841947	0.007664872982104831
1035	0.9165685553102771	0.9005150846210449	-0.01605347068923224
1036	0.9374632451216253	0.8984763432237369	-0.03898690189788834
1037	0.9293511768759294	0.9141007507344141	-0.015250426141515283
1038	0.9292777550901348	0.9083192345837465	-0.020958520506388245
1039	0.9364470805800501	0.9311585214586952	-0.005288559121354952
1040	0.9074297437747292	0.9248909379896518	0.01746119421492265
1041	0.930684811237928	0.8980684811237928	-0.03261633011413523
1042	0.9262900514492385	0.9029723396668534	-0.023317711782385064
1043	0.9670082259782764	0.9572007512108333	-0.009807474767443147
1044	0.9366940996702678	0.9070986247754872	-0.02959547489478065
1045	0.9290819996403524	0.8812488761014206	-0.047833123538931877
1046	0.9166573554716306	0.9172272006078348	0.0005698451362041723
1047	0.9361518259971717	0.923985993580391	-0.012165832416780709
1048	0.9570262405050804	0.9350276215842952	-0.02199861892078525
1049	0.9460405578130068	0.9356054102520078	-0.010435147560998947
1050	0.9083060556464811	0.9058237861429351	-0.0024822695035460196
1051	0.9347652761831866	0.9207807118254879	-0.013984564357698681
1052	0.9387379679144385	0.9179465240641711	-0.020791443850267433
1053	0.9355478120344418	0.9232255132186955	-0.012322298815746313
1054	0.9440742984050071	0.897799313547345	-0.04627498485766213
1055	0.9726182074805928	0.9175723359209598	-0.05504587155963303
1056	0.9506038647342995	0.9308091787439614	-0.019794685990338068
1057	0.9228104628644682	0.9266290265390176	0.003818563674549358
1058	0.8989583863902613	0.8987801151123109	-0.00017827127795033704
1059	0.9082809224318659	0.8932295866258131	-0.015051335806052779
1060	0.9425417534958171	0.9467850563256923	0.004243302829875173
1061	0.9546687874251497	0.9512818113772455	-0.0033869760479041666
1062	0.9393670511682934	0.9241881100266194	-0.015178941141674063
1063	0.9050305594734368	0.8669621868493519	-0.03806837262408491
1064	0.9226608029354629	0.9395639974098856	0.016903194474422678
1065	0.9329851942663145	0.9476023198792909	0.014617125612976345
1066	0.906412422037422	0.9289782571032571	0.022565835065835094
1067	0.9219475215050437	0.9068321059471502	-0.015115415557893419
1068	0.9006847183317771	0.9168534080298786	0.01616868969810148
1069	0.9407107895296871	0.9219408384762715	-0.018769951053415612
1070	0.9484558144059141	0.9449443120470794	-0.003511502358834684
1071	0.885482180293501	0.9039570230607966	0.018474842767295607
1072	0.9241171015364563	0.91232423490488	-0.011792866631576304
1073	0.9311436054124836	0.9237232649498036	-0.007420340462680031
1074	0.9432620596635989	0.9372818152967312	-0.005980244366867726
1075	0.9557083333333334	0.9212083333333333	-0.034500000000000086
1076	0.9374426356214676	0.9037486111782039	-0.03369402444326364
1077	0.9142229163051652	0.9269188501359246	0.012695933830759398
1078	0.8990304002332872	0.9079123229083133	0.008881922675026077
1079	0.9222068965517242	0.907603448275862	-0.01460344827586213
1080	0.9538175910884196	0.9420150515532275	-0.011802539535192058
1081	0.93140589569161	0.9334733893557423	0.0020674936641322805
1082	0.963083963083963	0.9581119581119582	-0.004972004972004895
1083	0.928409090909091	0.9237587412587412	-0.004650349650349717
1084	0.9208232445520581	0.8817191283292978	-0.03910411622276033
1085	0.9464569572386284	0.9340363140902225	-0.012420643148405963
1086	0.9380888290713324	0.936798093683119	-0.0012907353882134487
1087	0.9424347158218126	0.9140809011776754	-0.02835381464413722
1088	0.9561818181818181	0.9363216783216783	-0.01986013986013979
1089	0.9348303571428571	0.923	-0.011830357142857073
1090	0.9571697041213234	0.9334382238538526	-0.02373148026747085
1091	0.9334849738075545	0.8626619795974635	-0.07082299421009097
1092	0.8980779403985187	0.9068947275612766	0.00881678716275791
1093	0.9363212495628861	0.937708357617438	0.0013871080545518888
1094	0.9499229406758217	0.9151772364456099	-0.03474570423021184
1095	0.934918054991196	0.9263849383719355	-0.008533116619260483
1096	0.9740939254721797	0.9561213204015654	-0.017972605070614267
1097	0.9190169028673666	0.9218536654268091	0.0028367625594425405
1098	0.8894677793658844	0.8959072955568875	0.006439516191003136
1099	0.9194953397870013	0.9217388895813425	0.0022435497943412708
1100	0.9390646598064813	0.950865202477858	0.011800542671376646
1101	0.9576011378002528	0.949936788874842	-0.007664348925410791
1102	0.9405916260780196	0.9440546941328924	0.003463068054872842
1103	0.9199263085172878	0.9392209757541863	0.019294667236898433
1104	0.9110756830964085	0.8980263643476079	-0.013049318748800665
1105	0.9409596919192563	0.9030361765343466	-0.03792351538490968
1106	0.9594173132511791	0.9550180029413257	-0.00439931030985341
1107	0.895422335600907	0.8787414965986394	-0.016680839002267578
1108	0.8693983505564388	0.8900784976152624	0.020680147058823595
1109	0.9654659346218513	0.951658260054457	-0.01380767456739429
1110	0.8987264129901414	0.9014029531159388	0.002676540125797322
1111	0.932347428965339	0.9188836948794726	-0.013463734085866319
1112	0.9251259395490165	0.9454361906284984	0.020310251079481922
1113	0.9148498331479421	0.9436457174638487	0.028795884315906628
1114	0.9079842615871934	0.8964503345122938	-0.01153392707489953
1115	0.9235622958985996	0.9384070404605082	0.01484474456190854
1116	0.9230491538150523	0.9240310749148039	0.0009819210997515926
1117	0.905016259600083	0.9213035355981457	0.016287275998062678
1118	0.9300844988344988	0.9377913752913752	0.007706876456876399
1119	0.9440649384056935	0.9286592162803327	-0.015405722125360843
1120	0.9384420813545323	0.9413586619863721	0.002916580631839749
1121	0.9407230800282571	0.9259259259259259	-0.014797154102331178
1122	0.9126884092222047	0.8919437004359014	-0.0207447087863033
1123	0.9550475729721013	0.9317583185507714	-0.023289254421329897
1124	0.9450990196997635	0.9366086403933702	-0.008490379306393292
1125	0.9403253671177656	0.9242009789807083	-0.0161243881370573
1126	0.926418173229699	0.9173143814145232	-0.009103791815175843
1127	0.9296635793018984	0.9100486068585426	-0.01961497244335575
1128	0.9215301159745605	0.9101197156752713	-0.011410400299289192
1129	0.9390844120819849	0.9141271125494427	-0.02495729953254222
1130	0.9120307434905365	0.9116124647077277	-0.0004182787828087564
1131	0.9219170055835114	0.8919659474736334	-0.02995105810987797
1132	0.933423015775957	0.9049039990216461	-0.0285190167543109
1133	0.9191487630208334	0.928466796875	0.00931803385416663
1134	0.9518269230769231	0.9576682692307692	0.0058413461538461275
1135	0.9360457756285288	0.9405777653999038	0.0045319897713750334
1136	0.9033644859813084	0.8974001699235344	-0.005964316057773922
1137	0.9007434888626266	0.9232725477583138	0.022529058895687237
1138	0.9170205537625276	0.9160579808617858	-0.0009625729007417538
1139	0.9347195747308508	0.9340081080355465	-0.0007114666953043081
1140	0.9027422581216924	0.913073202846074	0.010330944724381563
1141	0.9176292056885189	0.9272199098161638	0.009590704127644845
1142	0.93908272986614	0.919047619047619	-0.02003511081852105
1143	0.9300071322051482	0.9347511292658152	0.004743997060666971
1144	0.924000842874201	0.9013134789632647	-0.022687363910936287
1145	0.947716814159292	0.9302418879056047	-0.017474926253687295
1146	0.9478410326563541	0.9255322880493879	-0.02230874460696619
1147	0.9405629033288607	0.9296850041530893	-0.010877899175771422
1148	0.9282000679059502	0.9213776419658772	-0.006822425940072985
1149	0.9334731749142577	0.9391076678098971	0.005634492895639331
1150	0.9094074006506735	0.9084040256620755	-0.001003374988598038
1151	0.9189225363894931	0.8848251631253137	-0.03409737326417939
1152	0.9416118657209316	0.9426241277316716	0.001012262010740006
1153	0.9279873852612233	0.936320631572352	0.00833324631112875
1154	0.9095697329376855	0.8744065281899109	-0.03516320474777457
1155	0.9584829475809359	0.9344437234119258	-0.024039224169010054
1156	0.9592876216019104	0.9221865405653386	-0.03710108103657184
1157	0.9533845061188811	0.921806708916084	-0.031577797202797186
1158	0.9187446064404778	0.9355952218740065	0.016850615433528615
1159	0.9381061422413793	0.9302667025862069	-0.00783943965517242
1160	0.9324082997902375	0.9171013095980498	-0.01530699019218773
1161	0.9256352282515073	0.916817398794143	-0.008817829457364312
1162	0.907249322493225	0.9040481029810298	-0.003201219512195208
1163	0.9074111586989235	0.9052697071420304	-0.002141451556893159
1164	0.94146418098031	0.951885211562631	0.010421030582320912
1165	0.9405185207318653	0.9247716656208603	-0.01574685511100493
1166	0.9408606448174793	0.9303090860644817	-0.010551558752997625
1167	0.9070198675496689	0.9054635761589404	-0.001556291390728548
1168	0.9500408000133225	0.9484254525470865	-0.001615347466235928
1169	0.9198831931072369	0.9047619047619048	-0.015121288345332107
1170	0.9444709571857104	0.9452777020270885	0.0008067448413781042
1171	0.908390170980099	0.9007754835092965	-0.007614687470802517
1172	0.9300886252105764	0.9252728338094192	-0.004815791401157288
1173	0.9363999027696356	0.9353847033758954	-0.0010151993937401738
1174	0.908259587020649	0.8945263847918715	-0.013733202228777497
1175	0.926596279537456	0.8858597285067873	-0.040736551030668755
1176	0.9212431416378785	0.9074248120300752	-0.01381832960780327
1177	0.9433656957928802	0.916242109647858	-0.027123586145022194
1178	0.9191019244476123	0.9157091945830363	-0.0033927298645759496
1179	0.9411985018726592	0.9012484394506867	-0.03995006242197252
1180	0.9119724025974026	0.9139069264069264	0.0019345238095237471
1181	0.939209726443769	0.9331639784349832	-0.006045748008785767
1182	0.9517942399507161	0.9498562554545922	-0.0019379844961239234
1183	0.9277163958641064	0.8984579025110783	-0.029258493353028103
1184	0.9197377908882334	0.9233169452638479	0.0035791543756145128
1185	0.9552860159324311	0.9422929263844899	-0.012993089547941206
1186	0.9226813098506663	0.9422888903770174	0.01960758052635103
1187	0.9291217057480805	0.9260219962647852	-0.0030997094832952987
1188	0.9535466020305498	0.9279017652977225	-0.025644836732827248
1189	0.9461437908496731	0.955465057817999	0.009321266968325803
1190	0.9393319630010277	0.9292394655704008	-0.010092497430626901
1191	0.9355846774193548	0.9299647177419355	-0.0056199596774193505
1192	0.951394523326572	0.9372844827586206	-0.014110040567951398
1193	0.9385694036650805	0.93930343221626	0.0007340285511795441
1194	0.9266280521826926	0.9265616281850307	-6.642399766187967e-05
1195	0.9443518518518519	0.9420486111111112	-0.0023032407407407307
1196	0.9165302514405448	0.9325644971189104	0.016034245678365644
1197	0.9404525501672241	0.9223845108695652	-0.018068039297658878
1198	0.9537609774723177	0.9264350260913835	-0.027325951380934188
1199	0.9428794381584081	0.9155026661464429	-0.0273767720119652
1200	0.9606458983409211	0.9309427592204205	-0.0297031391205006
1201	0.9289940828402367	0.9232786444324906	-0.005715438407746021
1202	0.9241451659811376	0.8998815904275209	-0.02426357555361669
1203	0.9482377538829152	0.9342891278375149	-0.013948626045400259
1204	0.9215821661077136	0.9024462418623003	-0.019135924245413327
1205	0.9385035419126329	0.9124114521841794	-0.02609208972845345
1206	0.8909756398481089	0.9103047417988402	0.019329101950731342
1207	0.9297287257868919	0.9176344626410724	-0.012094263145819517
1208	0.9201295559617245	0.9111789054940329	-0.008950650467691612
1209	0.9231965608835454	0.9324846218369914	0.009288060953446031
1210	0.9286218627639772	0.9171962256884267	-0.011425637075550443
1211	0.9181000562113547	0.9054243957279371	-0.012675660483417617
1212	0.9296778890813688	0.9258994250709247	-0.003778464010444127
1213	0.9116030774061862	0.8861542890040299	-0.025448788402156253
1214	0.9394103263425185	0.9415851594093859	0.0021748330668673876
1215	0.9449034680259245	0.9432592044504734	-0.0016442635754511103
1216	0.9509619294228423	0.9329324402405359	-0.018029489182306402
1217	0.9200301878354203	0.9245443872987478	0.0045141994633274285
1218	0.9424826601387188	0.9248572011423909	-0.017625458996327947
1219	0.9110551229195297	0.9175446633073752	0.006489540387845438
1220	0.93992133726647	0.9367748279252704	-0.0031465093411995326
1221	0.9167193675889328	0.913399209486166	-0.003320158102766757
1222	0.9523372031515354	0.9326679473259278	-0.019669255825607523
1223	0.933467716535433	0.9367685039370078	0.0033007874015748007
1224	0.9249770236832803	0.9249911629551079	1.4139271827584565e-05
1225	0.9418008689543929	0.9102427348648437	-0.031558134089549106
1226	0.9558720756098372	0.929903380034832	-0.02596869557500525
1227	0.9378850596842511	0.8977425876010782	-0.0401424720831729
1228	0.9516970231886384	0.9483069886865121	-0.0033900345021262712
1229	0.9325288852084073	0.9242478015694625	-0.008281083638944753
1230	0.9205748960387954	0.8901089237031546	-0.030465972335640745
1231	0.9249416228838295	0.9302831290134267	0.005341506129597162
1232	0.9480416347599194	0.9562381235996483	0.0081964888397289
1233	0.9467925237156006	0.9299215741523433	-0.016870949563257298
1234	0.9553500693206576	0.9415973460091107	-0.013752723311546866
1235	0.916451594672494	0.9088031949965149	-0.0076483996759791895
1236	0.9195598367783798	0.902485116061275	-0.017074720717104808
1237	0.9328034471715142	0.9097155501208257	-0.023087897050688477
1238	0.9148990544339382	0.8648278631667335	-0.05007119126720461
1239	0.9440796546534129	0.9356940837895503	-0.008385570863862601
1240	0.9683841807909604	0.9439661016949152	-0.02441807909604521
1241	0.9237737464038612	0.9155115433082099	-0.008262203095651288
1242	0.9189135508217886	0.8922116291772183	-0.026701921644570303
1243	0.9378182870370371	0.9360387731481481	-0.0017795138888889728
1244	0.9656312726537567	0.9436670565639937	-0.021964216089762956
1245	0.9226949013676183	0.883380601247873	-0.03931430011974535
1246	0.8999045311008298	0.8702173753396489	-0.02968715576118086
1247	0.9340883460901697	0.9246466876214698	-0.00944165846869982
1248	0.9113621988384797	0.9187606616449121	0.007398462806432415
1249	0.9425278514928913	0.9352845403381921	-0.007243311154699228
1250	0.9253437006986702	0.9175259184133423	-0.007817782285327923
1251	0.95865863123773	0.9496073597224125	-0.009051271515317483
1252	0.9445959635315203	0.9259331411205486	-0.018662822410971724
1253	0.9317436048746904	0.9107767137862897	-0.020966891088400774
1254	0.9246832757471055	0.9220009698733103	-0.0026823058737952543
1255	0.9409909414310339	0.9319812716225963	-0.009009669808437648
1256	0.8565898660238283	0.9038176255157387	0.04722775949191049
1257	0.9506469002695418	0.9087735849056604	-0.04187331536388139
1258	0.9316932208684786	0.9367228990940332	0.005029678225554557
1259	0.9230718545119099	0.9061817063662021	-0.016890148145707773
1260	0.9193530641434702	0.9135493453625261	-0.0058037187809441
1261	0.945889432884537	0.92953131374949	-0.016358119135046922
1262	0.9249253519124129	0.9227519246003535	-0.002173427312059384
1263	0.914887251196775	0.9028092718568909	-0.012077979339884193
1264	0.9377331143105614	0.933587786259542	-0.004145328051019415
1265	0.934444821023542	0.9127408295747843	-0.021703991448757676
1266	0.9526375205254516	0.932799671592775	-0.019837848932676594
1267	0.9558173784977909	0.92528729454006	-0.030530083957730936
1268	0.8864170992861778	0.9161765898767035	0.029759490590525628
1269	0.9387128899415929	0.9442171560843	0.005504266142707159
1270	0.9476312611108849	0.9472784269022514	-0.00035283420863352344
1271	0.9489462714219546	0.9387332098193608	-0.010213061602593831
1272	0.9451985785668577	0.9434013642490503	-0.0017972143178074385
1273	0.9333114283280396	0.9376680904920107	0.004356662163971126
1274	0.8844190476190477	0.9153269841269841	0.03090793650793644
1275	0.9151240915946798	0.9272652481208631	0.012141156526183305
1276	0.9291948898225156	0.8867872760010289	-0.04240761382148672
1277	0.9488995598239296	0.9386054421768707	-0.010294117647058898
1278	0.9261150684931507	0.9273643835616439	0.0012493150684931287
1279	0.9439232409381663	0.9126391850272447	-0.03128405591092154
1280	0.9342105263157895	0.9230250906596099	-0.011185435656179576
1281	0.9282138884474813	0.9164018221304094	-0.011812066317071879
1282	0.9104959553320664	0.9315854089234961	0.021089453591429663
1283	0.9253951093951094	0.907016731016731	-0.018378378378378413
1284	0.9418485159886357	0.9300761651453787	-0.011772350843257007
1285	0.9497896406648735	0.9075281053865784	-0.042261535278295126
1286	0.943580370795107	0.9192947247706422	-0.024285646024464813
1287	0.9308390022675737	0.9108814465957323	-0.01995755567184132
1288	0.9257121277514027	0.9002211911955115	-0.025490936555891186
1289	0.9252469520334609	0.9003292693779479	-0.024917682655512974
1290	0.904860934272699	0.9043516396457573	-0.0005092946269417142
1291	0.9636669530355098	0.9649317487590684	0.0012647957235586427
1292	0.9321568312161655	0.9176716513908989	-0.014485179825266647
1293	0.9624155405405406	0.9536934771309772	-0.008722063409563385
1294	0.9550962727433315	0.9430960372136843	-0.01200023552964724
1295	0.9265901482544238	0.9241152558584409	-0.002474892395982864
1296	0.9481099656357388	0.9332696958126512	-0.014840269823087615
1297	0.9576409181146974	0.9431308692645713	-0.014510048850126078
1298	0.9272459499263623	0.9164546793412773	-0.010791270585085
1299	0.9224197477005853	0.9060602755662195	-0.016359472134365838
1300	0.9465847060528477	0.9547727162938988	0.008188010241051091
1301	0.9449330743120637	0.9343551864739662	-0.010577887838097544
1302	0.9149613287688602	0.8839102320273868	-0.031051096741473327
1303	0.9610405775454319	0.9315253920836445	-0.02951518546178744
1304	0.9487400040319871	0.9240104831664538	-0.02472952086553326
1305	0.9359662077053381	0.9352821091951526	-0.0006840985101854713
1306	0.9165464165464166	0.9158375737323106	-0.0007088428141059921
1307	0.9224995705432297	0.9263845025569195	0.003884932013689779
1308	0.9459797404241849	0.9590218423551757	0.013042101930990868
1309	0.9567020199328465	0.948643607099078	-0.008058412833768513
1310	0.9355074682726005	0.9298424687829607	-0.0056649994896397216
1311	0.8989975891384342	0.8897771010447066	-0.009220488093727552
1312	0.9340548703750314	0.9046186760634282	-0.02943619431160327
1313	0.8910843737414418	0.9227748691099477	0.03169049536850588
1314	0.9463924193004162	0.9398408502980542	-0.006551569002361979
1315	0.952314147446458	0.9436650535420099	-0.008649093904448124
1316	0.9417900679047697	0.9375630641686438	-0.004227003736125945
1317	0.93433837890625	0.92188720703125	-0.012451171875
1318	0.9302089215132694	0.93828345567476	0.00807453416149062
1319	0.9371619044928744	0.906314882558156	-0.030847021934718444
1320	0.9158140102183252	0.9169659434333031	0.0011519332149778627
1321	0.9632457432240394	0.9219957109268015	-0.04125003229723789
1322	0.9354960964147654	0.9344240993600502	-0.001071997054715168
1323	0.9181237101582206	0.9380302682870901	0.019906558128869545
1324	0.9384160005752155	0.9368940764796817	-0.0015219240955337554
1325	0.9323388449556674	0.9330577522166307	0.0007189072609632419
1326	0.9029006882989183	0.9207350049164208	0.017834316617502455
1327	0.9218720061314428	0.9103036980264418	-0.01156830810500098
1328	0.9275783799120443	0.9174350971769045	-0.010143282735139758
1329	0.913696131336931	0.8935800967799143	-0.020116034557016604
1330	0.9452290345313601	0.9189006342494714	-0.026328400281888653
1331	0.9276650710432338	0.9220879872350125	-0.005577083808221306
1332	0.9082312091503268	0.8655228758169935	-0.04270833333333335
1333	0.8908437826541274	0.8936912225705329	0.0028474399164054587
1334	0.9308560363247863	0.9250801282051282	-0.005775908119658113
1335	0.9352125414531203	0.9127072656014471	-0.022505275851673168
1336	0.9414367199687987	0.9191448907956318	-0.022291829173166966
1337	0.9333475056689342	0.8971230158730159	-0.0362244897959183
1338	0.9463016889924286	0.9237207754388884	-0.022580913553540194
1339	0.9603549332464996	0.9520630785691027	-0.008291854677396904
1340	0.9180182238127871	0.9229422066549913	0.004923982842204189
1341	0.9289812853107344	0.9205214218455744	-0.008459863465160034
1342	0.922206822025935	0.9317327570005638	0.009525934974628836
1343	0.9684791174152876	0.9477716487172752	-0.020707468698012432
1344	0.9499084463144771	0.9324645472962444	-0.017443899018232734
1345	0.923961549350842	0.9181912555781754	-0.005770293772666579
1346	0.9158795395005648	0.881306030235297	-0.03457350926526781
1347	0.9202135727937384	0.9165276218790765	-0.0036859509146618397
1348	0.9327425141192768	0.9216069335417185	-0.011135580577558257
1349	0.9542111747596246	0.9321741118492081	-0.022037062910416516
1350	0.9478065303547675	0.9385362241329658	-0.009270306221801694
1351	0.9345986000058577	0.9214040945435374	-0.01319450546232026
1352	0.9423418803418804	0.9044615384615384	-0.03788034188034195
1353	0.9386431886431886	0.9384871884871885	-0.00015600015600014672
1354	0.9177033863307867	0.9453334709890564	0.02763008465826966
1355	0.9516116799393249	0.953488813045127	0.0018771331058020646
1356	0.9107156881444166	0.9208805017334036	0.01016481358898702
1357	0.9065897320248223	0.9204939577274212	0.01390422570259886
1358	0.9526470764978067	0.9108226669070368	-0.04182440959076983
1359	0.8938727847231762	0.9025965105096854	0.008723725786509151
1360	0.9492326230339929	0.9278443683409436	-0.02138825469304928
1361	0.8965067778936392	0.9133646159193605	0.016857838025721272
1362	0.9264135663100029	0.9482060469225484	0.021792480612545462
1363	0.9553379106085084	0.9256304972177347	-0.02970741339077365
1364	0.9279379732392905	0.9129110050824604	-0.015026968156830134
1365	0.9096577797417391	0.9357170913733	0.026059311631560833
1366	0.9302364233182366	0.9158321906898796	-0.014404232628356994
1367	0.8944344577209122	0.8727573931126855	-0.021677064608226715
1368	0.9427018472395184	0.9253580323785803	-0.017343814860938167
1369	0.9416357602967012	0.9016062017233206	-0.04002955857338053
1370	0.921886677877429	0.921839966367713	-4.67115097159132e-05
1371	0.9089869566060043	0.8918444870825823	-0.01714246952342191
1372	0.9332928203375239	0.925937179535873	-0.0073556408016509645
1373	0.9555161256653794	0.9585846988832063	0.003068573217826942
1374	0.9190020153875575	0.9050119893493388	-0.01399002603821875
1375	0.9123200992555831	0.9274193548387096	0.015099255583126525
1376	0.9586191860465116	0.9373110465116279	-0.021308139534883752
1377	0.9313626834381551	0.9251851851851852	-0.006177498252969871
1378	0.9430812069003024	0.9205116491548653	-0.02256955774543712
1379	0.9510249132765689	0.943677073478398	-0.007347839798170885
1380	0.9451431309138819	0.9405437776979279	-0.004599353215954061
1381	0.9361860489410044	0.9346452168916978	-0.0015408320493066618
1382	0.9082619418483905	0.9130970924195223	0.004835150571131819
1383	0.9477320814599313	0.9224852331834612	-0.025246848276470057
1384	0.9336997595328066	0.9513769609527081	0.017677201419901478
1385	0.952797374897457	0.9402461033634126	-0.01255127153404434
1386	0.9357016417340599	0.9174447259727188	-0.01825691576134114
1387	0.9322792815583102	0.9380597014925374	0.005780419934227177
1388	0.9512005789092823	0.9435168738898757	-0.007683705019406628
1389	0.9336844139530389	0.9264469997101169	-0.007237414242922013
1390	0.9452154981800864	0.9079667993332653	-0.03724869884682114
1391	0.9531955361030271	0.9489332936135109	-0.0042622424895162325
1392	0.9148325988291784	0.9416167861606262	0.026784187331447717
1393	0.9427172582619339	0.9017427289153115	-0.04097452934662238
1394	0.9478094528710725	0.9184723726977249	-0.029337080173347685
1395	0.9184115423873762	0.9266738392783249	0.008262296890948706
1396	0.920186679322892	0.924125929441544	0.003939250118652038
1397	0.9518518518518518	0.9178430002329373	-0.03400885161891454
1398	0.9330682054481181	0.9055416926595966	-0.027526512788521473
1399	0.9387765831602745	0.9381982597723509	-0.0005783233879235183
1400	0.890927147620061	0.9076966730510038	0.01676952543094279
1401	0.9213209219858156	0.8668966090425532	-0.05442431294326244
1402	0.953354880413704	0.9324886877828055	-0.020866192630898506
1403	0.8984267748094614	0.9275401196092974	0.02911334479983596
1404	0.918918918918919	0.8875631529896503	-0.0313557659292687
1405	0.9222763222299508	0.9204987505474406	-0.0017775716825102483
1406	0.8895741729866911	0.8916546168147077	0.0020804438280166426
1407	0.9271220304061437	0.9104673305653544	-0.016654699840789267
1408	0.9171187910318345	0.924823485693051	0.007704694661216482
1409	0.9496124031007752	0.9527131782945737	0.0031007751937984773
1410	0.9142501924101593	0.9316085489313836	0.017358356521224305
1411	0.9211295034079844	0.9268622200584226	0.005732716650438174
1412	0.9196710942441493	0.89735248938285	-0.02231860486129933
1413	0.9309302557953637	0.9500649480415667	0.01913469224620301
1414	0.9273145400593472	0.8961424332344213	-0.031172106824925883
1415	0.909810012800046	0.9100976542837008	0.00028764148365478803
1416	0.9309697489809053	0.9403561467496245	0.00938639776871919
1417	0.942016221261157	0.9419373496509931	-7.887161016395527e-05
1418	0.9509173712193847	0.9324609953804585	-0.01845637583892623
1419	0.9112314413894889	0.9319037053689242	0.020672263979435335
1420	0.9618735431235431	0.9404574592074592	-0.02141608391608396
1421	0.9364327737121538	0.9369493471086239	0.0005165733964700436
1422	0.9214489214489214	0.92002442002442	-0.0014245014245014564
1423	0.9399746244008539	0.9470435413058363	0.0070689169049824585
1424	0.9490861935233663	0.9351488268373085	-0.013937366686057828
1425	0.9319485396587892	0.9437280875471256	0.01177954788833635
1426	0.935040813333985	0.9358839630480473	0.0008431497140622968
1427	0.9434766440687663	0.9507422981206556	0.007265654051889281
1428	0.897881953437509	0.9157673602118046	0.01788540677429562
1429	0.968640009232012	0.9383763198892159	-0.030263689342796107
1430	0.9483070600502975	0.941283812795191	-0.007023247255106502
1431	0.9187158469945356	0.9223760181462006	0.0036601711516650592
1432	0.9421576508416871	0.9412592207300927	-0.000898430111594406
1433	0.9296631336465168	0.8951094200929197	-0.03455371355359704
1434	0.9420289855072463	0.9343941431346182	-0.007634842372628126
1435	0.9493065518890483	0.9530389037905724	0.0037323519015241002
1436	0.9504984436491286	0.9393777338982818	-0.01112070975084678
1437	0.930582774626096	0.9392470345538938	0.008664259927797846
1438	0.9388103039505581	0.9267162151362582	-0.012094088814299853
1439	0.9475426130355707	0.9511589053842575	0.003616292348686767
1440	0.912040717187776	0.9121621621621622	0.00012144497438615343
1441	0.9591341991341992	0.8991713048855906	-0.05996289424860857
1442	0.9391356542617046	0.9061824729891956	-0.03295318127250901
1443	0.9541712131732963	0.9255742769283093	-0.028596936244987048
1444	0.9158940817881636	0.9040989331978664	-0.011795148590297178
1445	0.937737421268044	0.9488150381099429	0.011077616841898896
1446	0.934929435483871	0.9446908602150538	0.0097614247311828
1447	0.9499331149960791	0.9476451865860972	-0.002287928409981932
1448	0.9408999953464563	0.9257294429708223	-0.015170552375634028
1449	0.9157627267151494	0.9226496100937528	0.006886883378603437
1450	0.9402621722846441	0.929119850187266	-0.011142322097378199
1451	0.9433224678760394	0.9174815759637188	-0.02584089191232053
1452	0.9235101525892107	0.9287366334254475	0.005226480836236891
1453	0.900883851960173	0.914421195243113	0.013537343282940095
1454	0.9268672264266978	0.921307278135472	-0.005559948291225858
1455	0.927081476198966	0.9053703373546483	-0.021711138844317635
1456	0.9088918380889184	0.9136031851360319	0.004711347047113512
1457	0.9373371510379385	0.933528990694345	-0.0038081603435934364
1458	0.9511722252106868	0.9289492558723328	-0.022222969338353993
1459	0.9367753623188406	0.9345355731225297	-0.0022397891963109595
1460	0.9055602378077948	0.9206737887519646	0.015113550944169774
1461	0.9490075373839704	0.9334601681975716	-0.015547369186398763
1462	0.9435720282415118	0.943475687801924	-9.634043958772764e-05
1463	0.9280143121911038	0.9120932866556837	-0.015921025535420075
1464	0.9525292160709716	0.9430819756035145	-0.009447240467457152
1465	0.94361215147732	0.9468763004577612	0.0032641489804411394
1466	0.9345198857393979	0.9357943309162822	0.0012744451768842424
1467	0.9489291598023064	0.9319818170724267	-0.016947342729879744
1468	0.9185481397598321	0.9284450421119683	0.00989690235213625
1469	0.9443526170798898	0.9040279949370859	-0.04032462214280397
1470	0.9298252218844413	0.9501924723997403	0.020367250515298974
1471	0.9612817089452603	0.9530781783118232	-0.00820353063343715
1472	0.9419323721426972	0.9226052055879972	-0.019327166554700015
1473	0.9361245022007965	0.9500628798993922	0.013938377698595739
1474	0.9420383538030597	0.9005332902391726	-0.04150506356388706
1475	0.9126440890000893	0.8995621481547672	-0.013081940845322104
1476	0.9259626459824748	0.9400469476722995	0.014084301689824663
1477	0.9292335814074945	0.894111502807155	-0.035122078600339446
1478	0.9598032407407407	0.9546296296296296	-0.005173611111111143
1479	0.8958920282272129	0.8593066623735545	-0.03658536585365846
1480	0.9705455885967068	0.9577660358810518	-0.012779552715655007
1481	0.9353507942381755	0.8989076655291038	-0.036443128709071626
1482	0.9526612409855212	0.952707587920135	4.634693461380568e-05
1483	0.9447990699306835	0.9113363165745372	-0.033462753356146346
1484	0.9400408282298046	0.9145056867891513	-0.025535141440653275
1485	0.9308119231728611	0.9432526814666999	0.012440758293838838
1486	0.9512179129921647	0.9384486771792938	-0.012769235812870927
1487	0.939219992427111	0.9351003407800076	-0.004119651647103373
1488	0.9335482218332408	0.9290120821414849	-0.004536139691755925
1489	0.9135208012326657	0.8744909751265684	-0.03902982610609729
1490	0.9407784867040637	0.9108322984912717	-0.029946188212792046
1491	0.9298138342851939	0.9251434295601494	-0.004670404725044541
1492	0.9438653247064462	0.948058950395399	0.004193625688952762
1493	0.9203708036027606	0.9000029243186337	-0.020367879284126866
1494	0.9140384455354914	0.9150092923913345	0.0009708468558431438
1495	0.9154882154882155	0.9035914702581369	-0.011896745230078554
1496	0.9114277636415041	0.9268645744981623	0.015436810856658156
1497	0.895855894881236	0.9063786008230452	0.010522705941809263
1498	0.9222714908521817	0.9065841934642471	-0.015687297387934618
1499	0.9399783315276273	0.9460695798723968	0.006091248344769484
1500	0.9701686856107777	0.9507868221442318	-0.019381863466545912
1501	0.9232714388626707	0.903732780546612	-0.01953865831605872
1502	0.9254792470208969	0.9219676472281388	-0.0035115997927580578
1503	0.9485922176526416	0.9138721923441949	-0.034720025308446645
1504	0.9328394111421149	0.9390775842714648	0.006238173129349933
1505	0.9568417474077852	0.9388577256501784	-0.017984021757606716
1506	0.8792420327304048	0.9177031294860752	0.03846109675567044
1507	0.9089488604656354	0.9027545257706645	-0.006194334694970882
1508	0.936895580188628	0.9375156374079433	0.0006200572193153508
1509	0.938725012189176	0.9413213066796684	0.002596294490492368
1510	0.9564604220621041	0.9330367445319111	-0.023423677530193032
1511	0.9434021632251721	0.9291379875450672	-0.014264175680104962
1512	0.9604708492542833	0.9497473191174658	-0.010723530136817483
1513	0.8913384374135227	0.9002552040094702	0.008916766595947534
1514	0.9025510048952538	0.9087080786889233	0.006157073793669587
1515	0.9413889406069633	0.937615589896357	-0.00377335071060636
1516	0.938667048327847	0.9330470874481179	-0.005619960879729047
1517	0.9476312264036049	0.9416027280477408	-0.006028498355864054
1518	0.9503475670307845	0.9381254296845161	-0.012222137346268425
1519	0.9228777985074627	0.9259444962686567	0.0030666977611940593
1520	0.9286713286713286	0.9142251297090007	-0.014446198962327905
1521	0.9170257230578704	0.9320802910291803	0.015054567971309885
1522	0.9576429658621439	0.9353482641153874	-0.022294701746756518
1523	0.904866081195112	0.8970215957746038	-0.007844485420508196
1524	0.9287145760415491	0.9341622445523315	0.0054476685107824885
1525	0.9344017987868647	0.9233423969880779	-0.011059401798786839
1526	0.9289677493931338	0.9317034639540708	0.0027357145609370193
1527	0.9235643564356436	0.9019537953795379	-0.021610561056105704
1528	0.9314843348741654	0.9353877760657422	0.0039034411915768175
1529	0.9561066144249111	0.9348971490436665	-0.021209465381244574
1530	0.9448367926965808	0.9481382596962651	0.003301466999684255
1531	0.9527691511387164	0.9063578329882678	-0.04641131815044863
1532	0.9284880975528458	0.9068081442182162	-0.021679953334629576
1533	0.9624763257575758	0.9613636363636363	-0.0011126893939394922
1534	0.9084541269977414	0.8939017068359207	-0.014552420161820678
1535	0.9322398535245652	0.9359932865425694	0.0037534330180042375
1536	0.9316786017720597	0.9123194562446899	-0.019359145527369837
1537	0.923313662034393	0.9346616748101614	0.011348012775768357
1538	0.9049561669993924	0.9236032751786593	0.018647108179266847
1539	0.905613864163087	0.8877079550654681	-0.01790590909761891
1540	0.9277613181558293	0.9301107126150008	0.0023493944591714833
1541	0.9298005380383413	0.9222873900293255	-0.007513148009015813
1542	0.9511379335417727	0.9257454939124393	-0.025392439629333352
1543	0.9387710199591388	0.9090523338048091	-0.02971868615432971
1544	0.9371411231968629	0.9156785397507119	-0.02146258344615104
1545	0.9296184956766975	0.9212198221092758	-0.008398673567421744
1546	0.9400788244453094	0.916224698326197	-0.023854126119112418
1547	0.9005195929854947	0.917054557263477	0.01653496427798229
1548	0.920770118001952	0.9194836305562949	-0.0012864874456570696
1549	0.9341210436270316	0.9020637296834901	-0.0320573139435415
1550	0.939166171828609	0.8852079882488983	-0.053958183579710606
1551	0.9240568520793122	0.9505761244662806	0.026519272386968384
1552	0.9039536741214057	0.9192736066737665	0.015319932552360749
1553	0.9011023622047244	0.9242444694413199	0.02314210723659549
1554	0.9149090909090909	0.9128030303030303	-0.002106060606060556
1555	0.8844699964067553	0.8873877111031261	0.00291771469637081
1556	0.9509249471458774	0.9374735729386893	-0.013451374207188116
1557	0.9461475099623767	0.9443553952670363	-0.0017921146953404632
1558	0.9373613193403298	0.9397801099450275	0.0024187906046976293
1559	0.9458177702320317	0.9411771363893605	-0.004640633842671216
1560	0.9140331664580726	0.9120189299123905	-0.002014236545682113
1561	0.9039003759398496	0.9117063492063492	0.007805973266499566
1562	0.9449612403100776	0.9241690559626208	-0.020792184347456777
1563	0.9347350427350427	0.9122735042735043	-0.02246153846153842
1564	0.9479575005890796	0.925144056723004	-0.022813443866075533
1565	0.9289653046545878	0.9327099816191161	0.003744676964528293
1566	0.9580361159308528	0.9590536169483538	0.0010175010175009769
1567	0.9467700258397933	0.9469969118295835	0.00022688598979014873
1568	0.9078742608154373	0.8839689722042663	-0.023905288611171027
1569	0.9474927371479096	0.9561955286093217	0.008702791461412063
1570	0.9478386976047904	0.940283495508982	-0.0075552020958084
1571	0.8789269553975436	0.8703135100193924	-0.00861344537815123
1572	0.9326444091149974	0.9373211446740859	0.004676735559088541
1573	0.9469661538461538	0.9432615384615385	-0.0037046153846153063
1574	0.9556950985522414	0.9411302982731554	-0.014564800279086021
1575	0.9472870418579701	0.9350436250611383	-0.01224341679683183
1576	0.9326853591559474	0.9203521703521703	-0.012333188803777095
1577	0.9458343792709117	0.9209131732351546	-0.024921206035757093
1578	0.9154027926960258	0.9274901539563194	0.012087361260293639
1579	0.9393378977466488	0.9056819076099788	-0.03365599013666998
1580	0.9066174807779286	0.8879890321121664	-0.018628448665762187
1581	0.9296351247389824	0.9065968787778876	-0.023038245961094717
1582	0.9447079692530057	0.9356152683792129	-0.00909270087379277
1583	0.9365999433238015	0.9109926063322771	-0.0256073369915244
1584	0.9296927257525084	0.9213733277591973	-0.00831939799331105
1585	0.92774114519534	0.9172509056790639	-0.010490239516276145
1586	0.9443240901213171	0.931241575197381	-0.013082514923936084
1587	0.9601322247821297	0.9288540518882099	-0.031278172893919765
1588	0.881901131901132	0.887936012936013	0.0060348810348810344
1589	0.9195830797321972	0.9044557719618583	-0.015127307770338883
1590	0.9100608129734343	0.8903080276173203	-0.019752785356114022
1591	0.9119684663162924	0.8815097945532728	-0.03045867176301953
1592	0.9316730523627076	0.9275165447579241	-0.004156507604783477
1593	0.9138453831144862	0.9122897220903865	-0.0015556610240996527
1594	0.9318450870962286	0.9079389239206591	-0.023906163175569484
1595	0.9346247622109691	0.9349596763389867	0.0003349141280175605
1596	0.9278887000849617	0.9115639033863333	-0.016324796698628408
1597	0.9419091605245525	0.9266296544462526	-0.015279506078299976
1598	0.9355797344581316	0.9485932032785314	0.013013468820399776
1599	0.9186775724116877	0.8986681592103087	-0.020009413201378945
1600	0.9410575427682737	0.9157076205287714	-0.025349922239502276
1601	0.915899562170274	0.8989123876417532	-0.016987174528520832
1602	0.9596342551293487	0.9416287149631438	-0.018005540166204925
1603	0.9033345053914674	0.9092387482419128	0.005904242850445329
1604	0.9235067246835443	0.9131106606012658	-0.010396064082278555
1605	0.9217969020636413	0.9130004453902113	-0.008796456673429986
1606	0.956202886694326	0.9171828434523461	-0.03902004324197983
1607	0.945529261318735	0.9471959998275787	0.0016667385088436903
1608	0.934211064874821	0.9148782318029879	-0.01933283307183309
1609	0.9421777025639019	0.9226231817425925	-0.019554520821309374
1610	0.9104411656396534	0.9124297252841677	0.001988559644514276
1611	0.9402894044486965	0.9472853384357809	0.006995933987084424
1612	0.940763142848545	0.9274171707140922	-0.013345972134452766
1613	0.9335049335049335	0.913985413985414	-0.019519519519519468
1614	0.946982046886339	0.9156613834520041	-0.03132066343433493
1615	0.9290117811609017	0.9049868201624617	-0.02402496099843998
1616	0.9245079365079365	0.9374603174603174	0.012952380952380937
1617	0.9063156788566624	0.9204629045817571	0.014147225725094636
1618	0.9102064624053531	0.8946227328755062	-0.01558372952984688
1619	0.9163168800807608	0.9222543966845544	0.005937516603793602
1620	0.9107252224664049	0.9023549615112104	-0.008370260955194442
1621	0.9299500072104985	0.917379704850262	-0.012570302360236485
1622	0.9411688311688312	0.9115584415584416	-0.029610389610389642
1623	0.9224206878165823	0.8859370834444148	-0.036483604372167466
1624	0.9436886369980219	0.9495382225512445	0.00584958555322268
1625	0.9383142564675228	0.9283686953284943	-0.009945561139028447
1626	0.9317725752508361	0.9068121809540574	-0.024960394296778765
1627	0.9353825002455072	0.9441552914989034	0.00877279125339625
1628	0.9127387078330474	0.9174614065180103	0.004722698684962889
1629	0.944510167739686	0.9389686562145872	-0.005541511525098741
1630	0.9468277782283134	0.931189684534912	-0.01563809369340141
1631	0.9238366003291935	0.9067222804129882	-0.017114319916205267
1632	0.9046404369895132	0.9150885058359743	0.0104480688464611
1633	0.9178164743694367	0.9201767711642038	0.002360296794767125
1634	0.9109208766932155	0.9140311609790128	0.0031102842857972934
1635	0.9573710035315811	0.9556416747403402	-0.0017293287912408806
1636	0.912439272398599	0.9110270025985764	-0.0014122698000226253
1637	0.9283582089552239	0.9303711328415394	0.0020129238863154653
1638	0.9197419561646031	0.9075877175408369	-0.01215423862376619
1639	0.9268170426065163	0.9217919799498747	-0.005025062656641599
1640	0.9214324618736384	0.9138443256090315	-0.0075881362646068595
1641	0.9333312907870952	0.9429210453751646	0.009589754588069432
1642	0.9507010770168665	0.9297839192576035	-0.02091715775926295
1643	0.9552735033134898	0.9455801415253285	-0.00969336178816127
1644	0.9385572168383153	0.923149760938943	-0.015407455899372313
1645	0.9220082304526749	0.9118847736625515	-0.010123456790123386
1646	0.9397653467420909	0.9410014665828619	0.0012361198407709884
1647	0.9180604515112878	0.9237605940148503	0.005700142503562544
1648	0.939021460095856	0.9201158364631941	-0.018905623632661905
1649	0.9456460674157303	0.921558988764045	-0.024087078651685356
1650	0.9382732532265242	0.9308856252781487	-0.0073876279483755525
1651	0.9008328903065745	0.9149211412369307	0.01408825093035615
1652	0.8960725709191967	0.9005164910072886	0.004443920088091913
1653	0.9121276507103279	0.8732575094779819	-0.038870141232346
1654	0.8996098626716604	0.9071161048689138	0.007506242197253377
1655	0.9489505012531328	0.9385651629072682	-0.010385338345864636
1656	0.9328318933380115	0.9217687820709618	-0.01106311126704973
1657	0.9343956907193357	0.9435978004713276	0.009202109751991872
1658	0.9213932042650179	0.9399413167064001	0.018548112441382214
1659	0.921504565636257	0.906475663902153	-0.015028901734104094
1660	0.9394246040111874	0.9281809110202246	-0.01124369299096284
1661	0.9308299965181058	0.9222449512534819	-0.008585045264623892
1662	0.9282571032571033	0.9126472626472627	-0.015609840609840608
1663	0.9422958870472683	0.89383948196994	-0.04845640507732829
1664	0.9592913597988144	0.953329890425723	-0.005961469373091388
1665	0.9438508213704306	0.9213161659513591	-0.022534655419071514
1666	0.9202386456200603	0.9326332474737468	0.01239460185368646
1667	0.9743963892111369	0.9669464182134571	-0.007449970997679856
1668	0.9312958770666118	0.9286432965173447	-0.0026525805492670917
1669	0.940518417462483	0.9256348193460371	-0.014883598116445906
1670	0.9344278033794163	0.9136104710701485	-0.020817332309267855
1671	0.9441232265173287	0.9403064759805981	-0.0038167505367305843
1672	0.8941002118621957	0.9163718338081969	0.022271621946001185
1673	0.9338819788646778	0.9354601140933321	0.0015781352286542427
1674	0.9511724851083081	0.9339272057477084	-0.01724527936059972
1675	0.9345548938769278	0.9084440372575966	-0.026110856619331213
1676	0.9570460295722012	0.9477263758965669	-0.009319653675634254
1677	0.9372580332946187	0.9423393341076268	0.005081300813008172
1678	0.9396030067631231	0.9248937373060575	-0.014709269457065632
1679	0.9550226978773046	0.9339986305191347	-0.021024067358169973
1680	0.9260772659732541	0.9096879643387816	-0.016389301634472497
1681	0.9115380440681645	0.9010094431781179	-0.010528600890046591
1682	0.9483050372611643	0.9455818905138118	-0.002723146747352523
1683	0.9303725156764799	0.9134738016792433	-0.016898713997236636
1684	0.9335706222498675	0.9034833091436865	-0.03008731310618107
1685	0.9240152650947253	0.9332288401253919	0.009213575030666554
1686	0.9375746714456392	0.8882616487455197	-0.0493130227001195
1687	0.8834415584415585	0.9092300556586271	0.025788497217068662
1688	0.928373565492679	0.9233845892927808	-0.004988976199898243
1689	0.9350282110852971	0.9217524062396283	-0.013275804845668815
1690	0.9408394287704632	0.9291013584117033	-0.011738070358759956
1691	0.9368841924889333	0.9327788090818221	-0.004105383407111196
1692	0.9410416333493257	0.9230946923254616	-0.01794694102386407
1693	0.8967017270484353	0.8997792494481236	0.0030775223996882817
1694	0.8764472092621393	0.895989443423347	0.019542234161207706
1695	0.9419979183187946	0.934662470261697	-0.007335448057097627
1696	0.9250995181227739	0.9129029361587501	-0.012196581964023845
1697	0.9357734806629834	0.9308886942460585	-0.004884786416924913
1698	0.9478675645342312	0.9209090909090909	-0.026958473625140256
1699	0.9452614379084967	0.9259388940761489	-0.01932254383234777
1700	0.9478324166936266	0.9409090909090909	-0.006923325784535694
1701	0.9490132292344394	0.9184124918672739	-0.03060073736716551
1702	0.9460332989744754	0.929890459302224	-0.016142839672251386
1703	0.9622459975369458	0.9410534688013136	-0.021192528735632266
1704	0.9111700667825451	0.8885737809898454	-0.022596285792699677
1705	0.9344785762023813	0.9229931433946384	-0.011485432807742835
1706	0.9370617330328074	0.9278737791134485	-0.009187953919358893
1707	0.9045680528747734	0.9305258232438439	0.025957770369070543
1708	0.9443657166850364	0.9416496089854616	-0.0027161076995748656
1709	0.9649676405439853	0.9467522985732141	-0.018215341970771237
1710	0.8932098765432098	0.8918453541260559	-0.0013645224171539017
1711	0.934154022330375	0.9310308929547406	-0.0031231293756344147
1712	0.9408602150537635	0.9405037723519277	-0.00035644270183576854
1713	0.9326542082338064	0.9245328087677392	-0.008121399466067158
1714	0.9266666666666666	0.9251864035087719	-0.0014802631578947345
1715	0.8999909302536506	0.9067025425522266	0.006711612298575975
1716	0.9424035420619861	0.9298292220113852	-0.012574320050600885
1717	0.9350391549808778	0.9207248224367146	-0.014314332544163144
1718	0.9155867487484131	0.9015258581454955	-0.014060890602917597
1719	0.9338224504768892	0.9496943017852776	0.01587185130838842
1720	0.939840303937667	0.9243214527190187	-0.015518851218648377
1721	0.9446077134142095	0.9278799949858629	-0.016727718428346527
1722	0.9258911126366373	0.9423984791677668	0.016507366531129497
1723	0.9506636526980815	0.9268648930620762	-0.023798759636005307
1724	0.8952898550724637	0.9077961019490255	0.012506246876561766
1725	0.9394633144633144	0.9394494394494395	-1.3875013874953268e-05
1726	0.9012046861184793	0.9012267904509284	2.2104332449091046e-05
1727	0.9409675615212528	0.9161772930648769	-0.024790268456375886
1728	0.9309164659652681	0.921701102801369	-0.009215363163899148
1729	0.9561700951950368	0.9585185743350162	0.002348479139979376
1730	0.9384578351921689	0.9192810719730402	-0.019176763219128645
1731	0.934376571141277	0.931649069884364	-0.002727501256913012
1732	0.9052162582489176	0.8880669160606952	-0.017149342188222394
1733	0.9333382137628111	0.8833382137628111	-0.050000000000000044
1734	0.9379096021309882	0.9148873197750623	-0.02302228235592585
1735	0.9272106871838112	0.9202808811129848	-0.006929806070826383
1736	0.9167510875394792	0.9125201120314641	-0.0042309755080151
1737	0.9318693693693694	0.8984716859716859	-0.03339768339768345
1738	0.9276070644683784	0.9359527333979889	0.008345668929610528
1739	0.9450154521681979	0.9282907524716477	-0.016724699696550216
1740	0.9037952222045659	0.8951877747762064	-0.008607447428359505
1741	0.9386362118479931	0.9206838976824951	-0.017952314165497918
1742	0.9399466295393897	0.947859380438566	0.007912750899176313
1743	0.9298229350143692	0.9306225085751367	0.0007995735607675414
1744	0.943188510305871	0.9429241031188029	-0.0002644071870681053
1745	0.916277491175672	0.9276133586749932	0.01133586749932114
1746	0.8949464886964887	0.9204545454545454	0.025508056758056674
1747	0.9407435740514076	0.9372246022031824	-0.0035189718482252497
1748	0.9399004108610218	0.9399897284744552	8.931761343333733e-05
1749	0.9526276990138783	0.9351381959208966	-0.017489503092981695
1750	0.9236994347288465	0.9027115350644762	-0.020987899664370313
1751	0.9380880121396055	0.9184301282935577	-0.01965788384604772
1752	0.9091447658662634	0.9199218503812945	0.010777084515031121
1753	0.948269747175356	0.9311445508435933	-0.017125196331762682
1754	0.9446628636036591	0.9466286360365916	0.0019657724329325
1755	0.9194311221381656	0.9127078187477156	-0.0067233033904500195
1756	0.9183256266731565	0.9035450636813499	-0.014780562991806634
1757	0.9369040284012558	0.9376228618372796	0.000718833436023858
1758	0.9559595876542956	0.9412931539513038	-0.01466643370299181
1759	0.947308334065162	0.9342671467462896	-0.013041187318872383
1760	0.9317112086158755	0.9193192394628373	-0.012391969153038196
1761	0.9194214876033058	0.8895227939216209	-0.02989869368168485
1762	0.9515809775161143	0.9362660508551998	-0.015314926660914496
1763	0.955183233674738	0.9444201053815642	-0.01076312829317383
1764	0.9517051006449091	0.9312829783076021	-0.020422122337307003
1765	0.9097037330765309	0.9203393190959044	0.010635586019373533
1766	0.9439135381114904	0.9320392491467577	-0.011874288964732638
1767	0.9459041954205527	0.9459186325181186	1.4437097565878076e-05
1768	0.9433054891106964	0.934163233102481	-0.009142256008215499
1769	0.9418169355689128	0.9403669724770642	-0.0014499630918485273
1770	0.9408906221287543	0.939124487004104	-0.001766135124650292
1771	0.9164507913011298	0.9247774125432657	0.008326621242135901
1772	0.9281516463334645	0.9158467794831431	-0.012304866850321394
1773	0.9321404226312202	0.9137695978186776	-0.018370824812542597
1774	0.9296684600174737	0.9399572354807559	0.010288775463282218
1775	0.9358176638176638	0.942997150997151	0.007179487179487132
1776	0.9106463878326996	0.9113989226869454	0.0007525348542458676
1777	0.9434520676142013	0.9418026554366263	-0.0016494121775749715
1778	0.9544246536612949	0.9256545094713033	-0.028770144189991576
1779	0.9231475888452633	0.9129417094533374	-0.010205879391925854
1780	0.9125606060606061	0.9053181818181818	-0.007242424242424272
1781	0.9578646589259797	0.9478410740203193	-0.010023584905660465
1782	0.9453138211382114	0.9520520325203252	0.0067382113821138345
1783	0.9323500431087572	0.9024202487991132	-0.029929794309644042
1784	0.9285391225689733	0.9100180913613749	-0.018521031207598404
1785	0.8987166146375304	0.8705688518903919	-0.028147762747138483
1786	0.9445714596771999	0.9416183555156364	-0.002953104161563469
1787	0.9256902624701738	0.9206908305874333	-0.004999431882740546
1788	0.940398322851153	0.9321069182389937	-0.00829140461215927
1789	0.9288455824088748	0.9122548534072901	-0.01659072900158476
1790	0.9069756554307116	0.8915730337078651	-0.015402621722846455
1791	0.9351567076742824	0.9153973833235696	-0.019759324350712815
1792	0.9514205652102888	0.9329739510687224	-0.018446614141566453
1793	0.9553364149974319	0.9539907550077041	-0.0013456599897277988
1794	0.8902225556389097	0.907664416104026	0.01744186046511631
1795	0.924988884586148	0.9158097041148545	-0.009179180471293513
1796	0.9140322693301669	0.876831738492701	-0.037200530837465884
1797	0.9361576402204455	0.9116047417483689	-0.024552898472076534
1798	0.9284083834820502	0.9153005464480874	-0.013107837033962788
1799	0.9171380090497737	0.9176779103249691	0.0005399012751954313
1800	0.9577783525151946	0.9262640631061684	-0.03151428940902623
1801	0.9299297134471306	0.902263072526454	-0.02766664092067661
1802	0.9226516735416549	0.9371833267408789	0.014531653199224004
1803	0.9456999190844989	0.9444091241860286	-0.0012907948984702822
1804	0.9035631399317406	0.9003412969283277	-0.003221843003412994
1805	0.9170168815442695	0.9100541349098938	-0.006962746634375683
1806	0.9382201086956522	0.9304619565217391	-0.007758152173913069
1807	0.9365313163481953	0.9445196390658174	0.007988322717622065
1808	0.9046777721689383	0.9130349430702788	0.008357170901340472
1809	0.9393062912368739	0.935844717033733	-0.0034615742031409713
1810	0.9285551984938488	0.9306434684757793	0.0020882699819304573
1811	0.9341832761734348	0.9169193299865799	-0.017263946186854895
1812	0.920379134561479	0.9089190492953155	-0.011460085266163489
1813	0.9218789392862873	0.9323760628910637	0.010497123604776393
1814	0.9519115984745243	0.9295048542663666	-0.022406744208157692
1815	0.9417831669044222	0.9057203994293865	-0.03606276747503567
1816	0.9336016096579477	0.9348062056549825	0.0012045959970348186
1817	0.923938026223339	0.9418251539221875	0.017887127698848482
1818	0.9585970565294667	0.9231270858107331	-0.03546997071873359
1819	0.9438713885399556	0.9169726543627403	-0.026898734177215222
1820	0.9401896538431886	0.9114023591087811	-0.028787294734407554
1821	0.951106472753389	0.9386614597360625	-0.012445013017326478
1822	0.9456518800854216	0.9430703105993026	-0.002581569486118984
1823	0.9302281317127552	0.9154770644696414	-0.014751067243113813
1824	0.8965405313060562	0.8902195267788503	-0.0063210045272058535
1825	0.9326215022091311	0.8867580201062945	-0.04586348210283664
1826	0.9358924522189829	0.9144638807904114	-0.021428571428571463
1827	0.9394646747587924	0.9109017344311462	-0.02856294032764617
1828	0.9235468548364955	0.9406111858543148	0.017064331017819345
1829	0.9245418537100607	0.9439345128069713	0.01939265909691057
1830	0.9523336643495531	0.9186001023141043	-0.03373356203544886
1831	0.91899414683802	0.8858633413920346	-0.033130805445985456
1832	0.9540823716865434	0.9348462169861427	-0.019236154700400743
1833	0.9087725244308874	0.9109049313675648	0.002132406936677378
1834	0.9232309900898398	0.9242150597388163	0.000984069648976571
1835	0.8901133127669673	0.9095425961082108	0.019429283341243497
1836	0.9455836166844032	0.929101668959431	-0.016481947724972135
1837	0.9313927883292045	0.9359000825763831	0.0045072942471786615
1838	0.9259351256575102	0.914041496201052	-0.011893629456458221
1839	0.9406653551251009	0.924636803874092	-0.016028551251008882
1840	0.8890310786106033	0.8779707495429616	-0.01106032906764165
1841	0.9588453799721406	0.9389722953103234	-0.019873084661817142
1842	0.9402979373567609	0.9214922332569392	-0.01880570409982174
1843	0.9363863951964638	0.934322986954566	-0.0020634082418978794
1844	0.9394360023378141	0.9370738359633742	-0.002362166374439867
1845	0.9319312128379125	0.9217966004288146	-0.010134612409097854
1846	0.9403508771929825	0.9339841539332201	-0.006366723259762397
1847	0.9338444367675587	0.9318646860301347	-0.0019797507374239576
1848	0.9449012250303499	0.9325405584372586	-0.012360666593091318
1849	0.9228022589292336	0.9297528104173509	0.006950551488117296
1850	0.9373840114204139	0.942005710206995	0.00462169878658103
1851	0.9349594803190121	0.9245401337792643	-0.010419346539747854
1852	0.9265932102441929	0.9358993448481239	0.009306134603930927
1853	0.9220058042192208	0.9235266212746959	0.001520817055475021
1854	0.9122329633607829	0.9066953097028285	-0.005537653657954333
1855	0.9348093744312281	0.9053777715919189	-0.029431602839309234
1856	0.9126526251526251	0.9159493284493284	0.003296703296703285
1857	0.9241721230392388	0.9289415422299684	0.004769419190729596
1858	0.9343425401322002	0.9130370632672332	-0.021305476864966977
1859	0.9281704617330804	0.9213314358001266	-0.006839025932953824
1860	0.9262661426165075	0.9152610892756878	-0.011005053340819693
1861	0.9434509012912116	0.9343598630662368	-0.009091038224974812
1862	0.9246129296588605	0.9459287531806616	0.02131582352180106
1863	0.9332134651882928	0.9244431125761662	-0.008770352612126664
1864	0.908442577248739	0.912799367228122	0.004356789979383047
1865	0.9276469249587529	0.923963133640553	-0.003683791318199847
1866	0.9441884280593958	0.9076323915033593	-0.036556036556036564
1867	0.9080738998576469	0.9229436157702544	0.01486971591260755
1868	0.9359110638674816	0.9086131042017302	-0.027297959665751326
1869	0.9475385725385725	0.9468448218448219	-0.000693750693750661
1870	0.9440421990011834	0.9418259491766783	-0.002216249824505079
1871	0.9560511150087697	0.9489518082351959	-0.0070993067735738435
1872	0.9091601822951012	0.8983309154320717	-0.01082926686302954
1873	0.9191506547166002	0.9162770468631075	-0.0028736078534926657
1874	0.9168161556860187	0.9272396173081104	0.010423461622091734
1875	0.9226381983035975	0.8947548015989081	-0.027883396704689423
1876	0.9198187229437229	0.9363636363636364	0.016544913419913487
1877	0.9016846869499623	0.9105795825999498	0.008894895649987467
1878	0.9038318820502672	0.9211730655056403	0.017341183455373055
1879	0.9166000639386189	0.9252317774936062	0.008631713554987264
1880	0.9036128480572925	0.9159986104430549	0.012385762385762389
1881	0.9128888246535305	0.9140450611038846	0.00115623645035412
1882	0.8788367178825973	0.9033105309026659	0.02447381302006857
1883	0.9128818889452003	0.930165165750523	0.01728327680532271
1884	0.9316363815919415	0.9212793798143393	-0.010357001777602237
1885	0.9391169759963708	0.9406647364137324	0.0015477604173615989
1886	0.9209671538894966	0.9321202479201882	0.011153094030691646
1887	0.9513535353535354	0.9410774410774411	-0.010276094276094327
1888	0.8981477477477477	0.9125765765765765	0.014428828828828788
1889	0.922256484672592	0.9366588064574641	0.014402321784872107
1890	0.9084772370486656	0.8910518053375196	-0.017425431711145967
1891	0.9045795239271889	0.9095214562227164	0.004941932295527529
1892	0.9179057999221487	0.9066952121448034	-0.011210587777345293
1893	0.9322800718132854	0.9219868342309994	-0.010293237582286063
1894	0.9461509992598075	0.9205526770293609	-0.025598322230446557
1895	0.931594653025182	0.9083462744739806	-0.02324837855120132
1896	0.8985472857180522	0.9177674075245854	0.019220121806533208
1897	0.9454729852559871	0.9264234526440674	-0.019049532611919662
1898	0.9294516191067915	0.9072767348629418	-0.022174884243849724
1899	0.8785928472171433	0.8726078158901972	-0.005985031326946055
1900	0.9396896239899653	0.911948309559231	-0.027741314430734243
1901	0.948243013059113	0.9386032426976216	-0.009639770361491329
1902	0.9155271822743677	0.9211922529439676	0.00566507066959987
1903	0.9335893497183819	0.9325311486601809	-0.0010582010582009804
1904	0.952747402522515	0.9374508549920844	-0.015296547530430638
1905	0.9024540682414698	0.9032020997375328	0.0007480314960630619
1906	0.9235179500119153	0.919060235221554	-0.004457714790361278
1907	0.9253299932556123	0.8939525323570029	-0.03137746089860938
1908	0.9382483987747146	0.9411375661375662	0.002889167362851608
1909	0.9462137550922598	0.9266474958063743	-0.019566259285885512
1910	0.9272510435301133	0.9241635195123568	-0.003087524017756582
1911	0.9345879346984903	0.9146265063200953	-0.019961428378394985
1912	0.9361258349493644	0.933324714501185	-0.0028011204481793728
1913	0.9409272063766446	0.9310837414769999	-0.009843464899644716
1914	0.9453881858978063	0.9485660907917798	0.0031779048939735155
1915	0.9226294357184409	0.9068549859978083	-0.015774449720632577
1916	0.9267901627179732	0.9287777601102454	0.001987597392272167
1917	0.9551995252929832	0.9523150208508464	-0.002884504442136837
1918	0.8913259599850876	0.9104479930408848	0.019122033055797183
1919	0.9277447863088002	0.8987538576638923	-0.028990928644907932
1920	0.9520149694206884	0.9412902334576599	-0.010724735963028476
1921	0.9055954192940494	0.9295861419149091	0.02399072262085966
1922	0.9601909236305478	0.9507571971211516	-0.009433726509396223
1923	0.9282605356137027	0.9278124839981566	-0.00044805161554606343
1924	0.9275258673158856	0.9210133901399878	-0.006512477175897757
1925	0.9210316272573081	0.9230395091290033	0.002007881871695205
1926	0.9296245130899538	0.9129563366246942	-0.016668176465259532
1927	0.9130699088145897	0.926063829787234	0.01299392097264429
1928	0.9536293823038398	0.9297896494156929	-0.02383973288814689
1929	0.9493261099365751	0.9331285236081748	-0.016197586328400293
1930	0.9286606054374807	0.9290278042976955	0.0003671988602147458
1931	0.9293710021321961	0.930730277185501	0.0013592750533049092
1932	0.9677172874880611	0.9121026060854142	-0.055614681402646915
1933	0.9241170676797523	0.9189531447868299	-0.005163922892922446
1934	0.9527334654015918	0.9491421355669087	-0.0035913298346830214
1935	0.911758973712268	0.9162529950588694	0.004494021346601373
1936	0.9398178217821782	0.8925940594059406	-0.0472237623762376
1937	0.9341884053130254	0.9023681485687565	-0.031820256744268915
1938	0.8936721351918095	0.9281279552649974	0.034455820073187815
1939	0.8832082551594747	0.8848387384972751	0.0016304833378004702
1940	0.9130914588057445	0.9169916855631142	0.0039002267573696736
1941	0.9239698377637291	0.930565922766395	0.006596085002665952
1942	0.9244589354479464	0.9257336070522884	0.0012746716043419148
1943	0.9570051458774769	0.9344773790951638	-0.022527766782313052
1944	0.9484380996239159	0.9510476629058254	0.0026095632819095327
1945	0.9350805350805351	0.924993174993175	-0.010087360087360109
1946	0.9500958629326299	0.9348907827513215	-0.015205080181308395
1947	0.9347353081072328	0.9214475828079302	-0.013287725299302666
1948	0.9253156146179402	0.9321225544481359	0.006806939830195646
1949	0.9553994599595914	0.948450688268283	-0.006948771691308364
1950	0.9270714421613394	0.9316495433789954	0.004578101217656005
1951	0.8962194107864101	0.9107418626752197	0.014522451888809629
1952	0.9332354425733034	0.9374799247464782	0.004244482173174857
1953	0.935569755058573	0.9026776205689944	-0.03289213448957862
1954	0.9558042146974063	0.9438715778097982	-0.011932636887608039
1955	0.9499096782094854	0.9488533725238052	-0.001056305685680159
1956	0.9384555802519028	0.8931097191351788	-0.04534586111672401
1957	0.9277938808373591	0.8987761674718197	-0.029017713365539488
1958	0.9426016195722533	0.9250584551975588	-0.017543164374694498
1959	0.935895723413255	0.9131770520269819	-0.022718671386273148
1960	0.9447502056795938	0.9442962920933927	-0.00045391358620106015
1961	0.9222767544139205	0.926037351010262	0.0037605965963414256
1962	0.9335377043710377	0.9320049215882549	-0.0015327827827827933
1963	0.9329528872211799	0.9423467792370231	0.009393892015843286
1964	0.9428380901573753	0.939219347381524	-0.0036187427758512802
1965	0.9250793650793651	0.9381746031746032	0.01309523809523816
1966	0.9474135675031258	0.9368294030414934	-0.01058416446163235
1967	0.9455594720514161	0.9379982876141127	-0.007561184437303359
1968	0.8891955258144874	0.9095638157573389	0.02036828994285156
1969	0.9114965134990166	0.9176649383157518	0.006168424816735185
1970	0.9527793286342383	0.9477371065671016	-0.00504222206713667
1971	0.951048951048951	0.9556700609332188	0.004621109884267782
1972	0.9444544924740258	0.9377826008319768	-0.006671891642048955
1973	0.936046511627907	0.9270879040514846	-0.008958607576422417
1974	0.9341786068522125	0.9247618933808153	-0.009416713471397276
1975	0.9273827534039334	0.9398716677969638	0.01248891439303046
1976	0.9389567916632022	0.9033286217122586	-0.035628169950943644
1977	0.926632004621606	0.937945310995571	0.011313306373964993
1978	0.9566490688939668	0.9480603052031623	-0.008588763690804524
1979	0.8779628801431127	0.8998099284436494	0.02184704830053663
1980	0.9389501398716472	0.9369261148593055	-0.002024025012341668
1981	0.9495030262646454	0.951402076739408	0.0018990504747625758
1982	0.9120477587360404	0.9328778755596727	0.02083011682363234
1983	0.9258588626798473	0.9233140843691886	-0.0025447783106586908
1984	0.9564156729131176	0.9538262350936968	-0.0025894378194207812
1985	0.9406210592686003	0.9469577553593947	0.006336696090794458
1986	0.9212979425958852	0.8996062992125984	-0.021691643383286774
1987	0.9324436665937431	0.9241449719244512	-0.008298694669291895
1988	0.8928945713686858	0.8866764479843499	-0.006218123384335916
1989	0.9501563637921433	0.9133359036970398	-0.036820460095103535
1990	0.9429698708751794	0.9224556856574259	-0.0205141852177535
1991	0.950359425350534	0.9501654326575921	-0.00019399269294184673
1992	0.9350878331602631	0.9211664935964001	-0.013921339563862989
1993	0.9187374149659864	0.9156897959183673	-0.0030476190476190768
1994	0.9368491415705038	0.9194342808893893	-0.01741486068111453
1995	0.9329786728732247	0.9299031016957203	-0.0030755711775043437
1996	0.9192228390166535	0.9249801744647106	0.0057573354480571215
1997	0.9031718281718282	0.9165834165834166	0.013411588411588404
1998	0.9153000271517785	0.9128292153136031	-0.002470811838175435
1999	0.9121060083723221	0.9333754001477469	0.02126939177542475
