key	name	cache	len_full	len_used	truncated	trunc_coverage	seq_sha256	revision	layer_set	n_resid_stored	forward_seconds	forward_precision	device	cache_reject_sha256
bcc5e992ef851e741281d592	A3KGF7	miss	1181	1022	True	0.8654	a0e311e04f4f2d463a98b2aad58ce560f97f46664ae2b9fe0f66b7b667c9800c	08e4846e537177426273712802403f7ba8261b6c	mean_5_11_17_23_29_33|domfull	1022	0.025	fp32	cuda	
6982902487ed8e411de33949	A7MBM2	miss	1401	1022	True	0.7295	97aefcb2b6b086b18b922841ab397f0cb6c25b5ff19b8f899cd8a7f059c2f22c	08e4846e537177426273712802403f7ba8261b6c	mean_5_11_17_23_29_33|domfull	1022	0.025	fp32	cuda	
fdabdf15b2baa8ecf200cced	C0LGQ9	miss	1053	1022	True	0.9706	7eaeed2bf5d9661d64854800c53a43fb3fa21319a5232f1def3f561de98b22d0	08e4846e537177426273712802403f7ba8261b6c	mean_5_11_17_23_29_33|domfull	1022	0.025	fp32	cuda	
9e9b9913149c4a5c420979fe	D2H526	miss	1491	1022	True	0.6854	2d585f84262261b2efdbdf9667c95cfe0ff60d80ea379bd732f68e75acd8d35a	08e4846e537177426273712802403f7ba8261b6c	mean_5_11_17_23_29_33|domfull	1022	0.025	fp32	cuda	
8e01c7c16ca5f373b0555015	E0D206	miss	3799	1022	True	0.269	66992940771c9879afd722acfbe8badea212f3ef9019bce0c1ad2bb79ed0bd76	08e4846e537177426273712802403f7ba8261b6c	mean_5_11_17_23_29_33|domfull	1022	0.025	fp32	cuda	
9b86afd0eb77439ed3b19b81	G3ECR1	miss	1409	1022	True	0.7253	6d40f16174742edd183049324da805d461193896a363f487b6019717543b480b	08e4846e537177426273712802403f7ba8261b6c	mean_5_11_17_23_29_33|domfull	1022	0.025	fp32	cuda	
79d46a999c1bfb8cf10b4dac	O14497	miss	2285	1022	True	0.4473	1bd87af767bfd8e14ce94b3c3cbee580a4d98ccc7301b8d222bf96646e5be3a6	08e4846e537177426273712802403f7ba8261b6c	mean_5_11_17_23_29_33|domfull	1022	0.025	fp32	cuda	
1fc223536dd77b6e6e1b263a	O15550	miss	1401	1022	True	0.7295	9f36147280b0c920c7cf353e5794edd4f90e82106c3025d51064171b7b4ab375	08e4846e537177426273712802403f7ba8261b6c	mean_5_11_17_23_29_33|domfull	1022	0.025	fp32	cuda	
675aff1f8c69df9ca453357b	O57683	miss	1307	1022	True	0.7819	1865d784d287c1eb58da1219db5b613b4218f2746b405a1cb8bd94c048e31cb9	08e4846e537177426273712802403f7ba8261b6c	mean_5_11_17_23_29_33|domfull	1022	0.025	fp32	cuda	
2fd08c746241b68cb9b4ee8b	O60081	miss	1502	1022	True	0.6804	e39ceeaddebba2879906fce82e7c6fc53689c8e59bd6bb9f17cf7098dc04b659	08e4846e537177426273712802403f7ba8261b6c	mean_5_11_17_23_29_33|domfull	1022	0.025	fp32	cuda	
32989f7a62210e77041583f0	O75165	miss	2243	1022	True	0.4556	f9823d9f802d30d5479382bb70b7ac3cfe6a8c4007aa072bf689bba1a137d2f1	08e4846e537177426273712802403f7ba8261b6c	mean_5_11_17_23_29_33|domfull	1022	0.025	fp32	cuda	
28f32d57e887843fa330f2f6	O94851	miss	1957	1022	True	0.5222	ca4ddb04fef2dea87868106ae8fe26ef3ad7fa8f97381f807dfd1591023fc12a	08e4846e537177426273712802403f7ba8261b6c	mean_5_11_17_23_29_33|domfull	1022	0.025	fp32	cuda	
04f05172702072acd2b1134e	O95996	miss	2303	1022	True	0.4438	54b776e675f6cf20c9a5742ca40823ef9f2adee190d67723a0d06d43ad116116	08e4846e537177426273712802403f7ba8261b6c	mean_5_11_17_23_29_33|domfull	1022	0.025	fp32	cuda	
9f18b3670c797c46b3b835c0	P0C6Y3	miss	6631	1022	True	0.1541	2035a0c8a235e1a57660a99474df28f3542708035c2bda36236287dad4a858d8	08e4846e537177426273712802403f7ba8261b6c	mean_5_11_17_23_29_33|domfull	1022	0.025	fp32	cuda	
b0b8557e78ce52b99c43f0cc	P14284	miss	1504	1022	True	0.6795	f48fd3f4048f053496790e68a4a34f2d74fc2a4f992fa2b6424e72a62b80b93a	08e4846e537177426273712802403f7ba8261b6c	mean_5_11_17_23_29_33|domfull	1022	0.025	fp32	cuda	
2966f46bb705a13097f7d526	P21530	miss	3898	1022	True	0.2622	d4b421b1c292810f029dfaf4e42afb8c7e8136281bfda5ad5681ae92e0e1699f	08e4846e537177426273712802403f7ba8261b6c	mean_5_11_17_23_29_33|domfull	1022	0.025	fp32	cuda	
4a88d4c483086025ada73295	P22382	miss	1441	1022	True	0.7092	d134a0d2cd2df8ec81213fc7b61d032bdf3b74cccd64f5b6018d604973aa1766	08e4846e537177426273712802403f7ba8261b6c	mean_5_11_17_23_29_33|domfull	1022	0.00125	fp32	cuda	
f670be043254f280ad7e6da9	P22706	miss	1756	1022	True	0.582	6415832c0a407a9e9adb2c3d99ffca520a751c73fe2d8586a48e742c02fa4e58	08e4846e537177426273712802403f7ba8261b6c	mean_5_11_17_23_29_33|domfull	1022	0.00125	fp32	cuda	
ea61a279150cc4c02ee412dc	P24181	miss	1034	1022	True	0.9884	bed4c8fba32d12e5718becb0c0ae7a81e004c0cf52325be469eeacac8e3ade54	08e4846e537177426273712802403f7ba8261b6c	mean_5_11_17_23_29_33|domfull	1022	0.00125	fp32	cuda	
2e2e185351fd22c62c7737df	P28192	miss	1159	1022	True	0.8818	982f5fece945b4f89662f7a0cbff34c6e7d9bbb1313bc434e18104ce4d54fbd6	08e4846e537177426273712802403f7ba8261b6c	mean_5_11_17_23_29_33|domfull	1022	0.00125	fp32	cuda	
d71504fc10d2524a7e3843e5	P29539	miss	1916	1022	True	0.5334	809e2b73d5222bc427b94a195db0ac4bd25d23e910087bc15481956bda930ab7	08e4846e537177426273712802403f7ba8261b6c	mean_5_11_17_23_29_33|domfull	1022	0.00125	fp32	cuda	
ad01f6f64a4850eacce41349	P34545	miss	2017	1022	True	0.5067	e1ea6963465adbc39abed5881a6215fd2e03ca02f0076d71c3bb2cad368cfff6	08e4846e537177426273712802403f7ba8261b6c	mean_5_11_17_23_29_33|domfull	1022	0.00125	fp32	cuda	
9dfd3f0b1d200d076f6dec85	P35822	miss	1457	1022	True	0.7014	c04519ef18a8c805ed4f3aaf45b8b8e6825f526a6da140765bfe7845135b8e0c	08e4846e537177426273712802403f7ba8261b6c	mean_5_11_17_23_29_33|domfull	1022	0.00125	fp32	cuda	
aa6c24d385744e48f13f15d9	P51112	miss	3148	1022	True	0.3247	cd22e49a0feb2656666402ae4f47c46fa2a3dedadbc4045ba70866dd9b70633c	08e4846e537177426273712802403f7ba8261b6c	mean_5_11_17_23_29_33|domfull	1022	0.00125	fp32	cuda	
02ad58ab808bec0721c9b548	P51592	miss	2885	1022	True	0.3542	f8dc0a8a5e0ac829f011611762e6fe09d72c2b1cc75cd232d7e28d3a8a7109e8	08e4846e537177426273712802403f7ba8261b6c	mean_5_11_17_23_29_33|domfull	1022	0.00125	fp32	cuda	
079dc2566bc7dfa04b40f5fd	P53914	miss	1056	1022	True	0.9678	ee2df6f0ad1d4024a32a45cd63663e5131a0f5db5539d359a85c91fdea3cda18	08e4846e537177426273712802403f7ba8261b6c	mean_5_11_17_23_29_33|domfull	1022	0.00125	fp32	cuda	
cfd993bb4f710f9700a29153	P55265	miss	1226	1022	True	0.8336	4c6227d55a2a3c4faac5fee8b9211f1cb694554acbcbaaf1b25886b4a4120f19	08e4846e537177426273712802403f7ba8261b6c	mean_5_11_17_23_29_33|domfull	1022	0.00125	fp32	cuda	
74419b2c4c57dd78171fe869	P79209	miss	1205	1022	True	0.8481	7a12c9911e956de376702dfb10db4425ba1fe159e8f9254c2080535a83ef1d1b	08e4846e537177426273712802403f7ba8261b6c	mean_5_11_17_23_29_33|domfull	1022	0.00125	fp32	cuda	
6e2f90a4da8f4cf179c3d5f7	P98160	miss	4391	1022	True	0.2327	3d33f7fa51e373bd4a2908c93797310195c8eef268863cd819be9bfa4218c9de	08e4846e537177426273712802403f7ba8261b6c	mean_5_11_17_23_29_33|domfull	1022	0.00125	fp32	cuda	
64752eb3f5f62f2a0fa577a4	Q00333	miss	2072	1022	True	0.4932	a4ab34bdc0084295e5153f617b8fbac6943b3d900f6013e28b6bed5b72fde64e	08e4846e537177426273712802403f7ba8261b6c	mean_5_11_17_23_29_33|domfull	1022	0.00125	fp32	cuda	
56310bd2c9967f11350813ac	Q01484	miss	3957	1022	True	0.2583	6d25d5e8c5ea065e991fbdca0d21948e92b39209f941418ba61fb675e8988b1e	08e4846e537177426273712802403f7ba8261b6c	mean_5_11_17_23_29_33|domfull	1022	0.00125	fp32	cuda	
84c1a3057c925e4793769209	Q03834	miss	1242	1022	True	0.8229	8b1a3c325dc3d93c1a2336ac2b036e68c1c808974f119a601cb17a4f39f55e5c	08e4846e537177426273712802403f7ba8261b6c	mean_5_11_17_23_29_33|domfull	1022	0.00125	fp32	cuda	
c009379bb616a2d898a79b28	Q07157	miss	1748	1022	True	0.5847	f7d975297c9eeb9fae387447017755d5ee40e7b233211ad67bea5301d93e01a0	08e4846e537177426273712802403f7ba8261b6c	mean_5_11_17_23_29_33|domfull	1022	0.000625	fp32	cuda	
24ec939289c6aa9a5dd5381e	Q07527	miss	1436	1022	True	0.7117	972d296669874e445a85cd676f0425cd6eab3cdf1a9e605dc6858df21804aa2f	08e4846e537177426273712802403f7ba8261b6c	mean_5_11_17_23_29_33|domfull	1022	0.000625	fp32	cuda	
29360e014020373305261cdf	Q08999	miss	1139	1022	True	0.8973	b0446cd59b6b28d5cce8fc61b9b065f697719d18f3fed972d8ed2032def83c10	08e4846e537177426273712802403f7ba8261b6c	mean_5_11_17_23_29_33|domfull	1022	0.000625	fp32	cuda	
be79061d1409dd62113701b1	Q14031	miss	1691	1022	True	0.6044	16eb8c1c764cc8ab8264e9d3cd8981358765bf16707e819c3002ba8a6c063dbf	08e4846e537177426273712802403f7ba8261b6c	mean_5_11_17_23_29_33|domfull	1022	0.000625	fp32	cuda	
77943365241257838d7cce6b	Q28146	miss	1530	1022	True	0.668	9585e48990a0cfb69187662d63723c56594d87d09993a7b0ff0b42edd02925cd	08e4846e537177426273712802403f7ba8261b6c	mean_5_11_17_23_29_33|domfull	1022	0.000625	fp32	cuda	
3c1a3fa3a3797cbf50c114be	Q28833	miss	2482	1022	True	0.4118	3c99d3d09df441d44063842a9492f129d29931cd316efc0c8a15dbf62d48971e	08e4846e537177426273712802403f7ba8261b6c	mean_5_11_17_23_29_33|domfull	1022	0.000625	fp32	cuda	
bb73371a3791757b3e3b65e0	Q3V0C5	miss	1052	1022	True	0.9715	64e18dedccfd0da80248f2081092e0aa83893161dfcfbe28b639a318281eda73	08e4846e537177426273712802403f7ba8261b6c	mean_5_11_17_23_29_33|domfull	1022	0.000625	fp32	cuda	
6adbcdf7ec358d2693f123e6	Q4JIM5	miss	1182	1022	True	0.8646	b006a5c41f8933860a1ac8791221e5b894d73ff6481f708b18a07d89313b097d	08e4846e537177426273712802403f7ba8261b6c	mean_5_11_17_23_29_33|domfull	1022	0.000625	fp32	cuda	
d018fc071439f16140affb8f	Q5B7I5	miss	1480	1022	True	0.6905	595679e13aee5ce407286bcd1e8a161ca59b61770cdb48df979d04cbf9f13141	08e4846e537177426273712802403f7ba8261b6c	mean_5_11_17_23_29_33|domfull	1022	0.000625	fp32	cuda	
ad12002da289463855b13199	Q5HZJ0	miss	1373	1022	True	0.7444	82c1b91e0eb1e9634b38befb85e74a10c0606887ed746bd11d8034e5afd388cc	08e4846e537177426273712802403f7ba8261b6c	mean_5_11_17_23_29_33|domfull	1022	0.000625	fp32	cuda	
1c9075779c01295334598ff5	Q5N870	miss	1651	1022	True	0.619	1490815a6270b96313119001062ecd6fbad1c76dc958b56bda2dea93a58cec99	08e4846e537177426273712802403f7ba8261b6c	mean_5_11_17_23_29_33|domfull	1022	0.000625	fp32	cuda	
917c242cf5dee599f87185d4	Q5VT97	miss	1194	1022	True	0.8559	224deef18d279e2831e3853a7de4e978b82c50fa535d2c12b114b6181c714197	08e4846e537177426273712802403f7ba8261b6c	mean_5_11_17_23_29_33|domfull	1022	0.000625	fp32	cuda	
c1846d202a1c9de1b6a92d8e	Q5VZK9	miss	1371	1022	True	0.7454	546b0b31154c07db6728c968ae59b782326026063a4a619a09cb2ed052c964df	08e4846e537177426273712802403f7ba8261b6c	mean_5_11_17_23_29_33|domfull	1022	0.000625	fp32	cuda	
48483b972ffa3d5419907540	Q64962	miss	2183	1022	True	0.4682	5ac5325660a0b24ae166204d2cf2534945ef1efa479abc67e8b227c3222c239f	08e4846e537177426273712802403f7ba8261b6c	mean_5_11_17_23_29_33|domfull	1022	0.000625	fp32	cuda	
531848eedc9e39e036019824	Q6CJ38	miss	1572	1022	True	0.6501	4dfb2727bd6870324c7d2c8de7292d5cea064a33024570b976de5037f19cf7d3	08e4846e537177426273712802403f7ba8261b6c	mean_5_11_17_23_29_33|domfull	1022	0.000625	fp32	cuda	
4307b831e0b3e9139c45ec39	Q6CT34	miss	2287	1022	True	0.4469	58d47ccca6745911484a851f2701b941cbd85c40be94457ad0d6d3287e6567dc	08e4846e537177426273712802403f7ba8261b6c	mean_5_11_17_23_29_33|domfull	1022	0.000625	fp32	cuda	
dd1c0866853522a2e6a7659b	Q6MG49	miss	1146	1022	True	0.8918	36195c27bd2d52cca12286d28c41f34b053b6ddc452a90482698851c3f45db13	08e4846e537177426273712802403f7ba8261b6c	mean_5_11_17_23_29_33|domfull	1022	0.000625	fp32	cuda	
53694cdfd1e350e62bf501c6	Q6P4R8	miss	1299	1022	True	0.7868	749c870dee2f91e5a7612e3078ada3bde7a017f794bd3a25e68233d944ca3011	08e4846e537177426273712802403f7ba8261b6c	mean_5_11_17_23_29_33|domfull	1022	0.000625	fp32	cuda	
b89fb3d5e1515374b32a091c	Q6PAC4	miss	1279	1022	True	0.7991	f7bf5b95883846f86f56c3c119420a36aec5a8d501eb1fde84e206712bc8f3dc	08e4846e537177426273712802403f7ba8261b6c	mean_5_11_17_23_29_33|domfull	1022	0.000625	fp32	cuda	
7dc1582ae9d92d43b0de4e45	Q6Q760	miss	1738	1022	True	0.588	6d092da87573bcca51134e81b0795b75e3e7bbc61491a59aa6b3b7c7a4bfbe7b	08e4846e537177426273712802403f7ba8261b6c	mean_5_11_17_23_29_33|domfull	1022	0.000625	fp32	cuda	
466a22fcb215e33eeb033af2	Q6UB98	miss	2062	1022	True	0.4956	264459236f546cabc465026e3b72002ca0a1be52917093bf48fb22006534a802	08e4846e537177426273712802403f7ba8261b6c	mean_5_11_17_23_29_33|domfull	1022	0.000625	fp32	cuda	
d5955dccee882e6bd911edbc	Q6ZPJ0	miss	1128	1022	True	0.906	51ce6e7f27ff137896e50313468a8e1fcaeaa0912ae3780c45c90265d3020092	08e4846e537177426273712802403f7ba8261b6c	mean_5_11_17_23_29_33|domfull	1022	0.000625	fp32	cuda	
0360677d17b604c8a65b2bc0	Q6ZPJ3	miss	1288	1022	True	0.7935	4f6c318cae3a9eefafe11710761056695f6935b67b0d7b46b48ccf9de327de74	08e4846e537177426273712802403f7ba8261b6c	mean_5_11_17_23_29_33|domfull	1022	0.000625	fp32	cuda	
2ed2030ad2dd71c923fa1607	Q750S2	miss	1479	1022	True	0.691	1942850c956678e54f577c8091992988965e432e0132f96cc8d55ed0bf891211	08e4846e537177426273712802403f7ba8261b6c	mean_5_11_17_23_29_33|domfull	1022	0.000625	fp32	cuda	
7ab5be19608043f60e9a0a29	Q76EC9	miss	1240	1022	True	0.8242	92f2944605ec3f1a46326fd1960b8e625cb2f3581f980af28c6c8fafdca58348	08e4846e537177426273712802403f7ba8261b6c	mean_5_11_17_23_29_33|domfull	1022	0.000625	fp32	cuda	
01e451a0d525c2b27d6cddab	Q775Q3	miss	1164	1022	True	0.878	e8755286fe4058f9c46ba1fec9a50b138456e18d3d6b7501ed559feb3e972536	08e4846e537177426273712802403f7ba8261b6c	mean_5_11_17_23_29_33|domfull	1022	0.000625	fp32	cuda	
ba7328f8b58e9709fa4554bc	Q7BCK4	miss	1102	1022	True	0.9274	329ee8e21326afe307c9cacd8d41d30a0e00ed9b5ee3dab51194e2a4546872df	08e4846e537177426273712802403f7ba8261b6c	mean_5_11_17_23_29_33|domfull	1022	0.000625	fp32	cuda	
690daed157ee9b8945f2c39e	Q7FMW4	miss	1509	1022	True	0.6773	fb51d3b0719e86a3fe5a3b4e35591044046eaf151e45ed8ef2ca76e5e520679f	08e4846e537177426273712802403f7ba8261b6c	mean_5_11_17_23_29_33|domfull	1022	0.000625	fp32	cuda	
eb91e0a31f14f73b409902ef	Q7JXG9	miss	1297	1022	True	0.788	225ab0a71ab4ea8f954976d99b862cd8776b7afb74facbd9e3252dd0ab9f64cc	08e4846e537177426273712802403f7ba8261b6c	mean_5_11_17_23_29_33|domfull	1022	0.000625	fp32	cuda	
1e1938cfa2e42eac742565e8	Q7SQ98	miss	1603	1022	True	0.6376	a35477a86c86379cc7de390be6ba8a19aa1218bb71d2874d9ca9687b882448ef	08e4846e537177426273712802403f7ba8261b6c	mean_5_11_17_23_29_33|domfull	1022	0.000625	fp32	cuda	
ddcdff0b61f1c331cefaa7de	Q7TDB5	miss	1238	1022	True	0.8255	183e8a81a92915b4b50b75a9690ddbeb081d546e433ed259dbf6ccca2d8852be	08e4846e537177426273712802403f7ba8261b6c	mean_5_11_17_23_29_33|domfull	1022	0.000625	fp32	cuda	
9ba2fa7dc320a6f15fd48371	Q7Z3K3	miss	1410	1022	True	0.7248	0a33a2d0aedd3d147441960a7c9bbf3c04dbcf24eac616a4d45e0e2c9076caf0	08e4846e537177426273712802403f7ba8261b6c	mean_5_11_17_23_29_33|domfull	1022	0.000625	fp32	cuda	
8320cbcde2a3b1f6c5009807	Q804S5	miss	1030	1022	True	0.9922	4f9dd1613a329b1c68102eb7d3a60793fc908469b90abc11338a2636c69e91f0	08e4846e537177426273712802403f7ba8261b6c	mean_5_11_17_23_29_33|domfull	1022	0.000625	fp32	cuda	
cb20ac8737568a2cc2703c74	Q80YE7	miss	1442	1022	True	0.7087	859379d488d552c72acbb50d0ba9774089fa7cbc3b88497d19c624b1cb5de4e3	08e4846e537177426273712802403f7ba8261b6c	mean_5_11_17_23_29_33|domfull	1022	0.000625	fp32	cuda	
b61fe5a8a1cdf42cd73f2f65	Q869T7	miss	1176	1022	True	0.869	e30bdf15ed13dafe67e4a27187aa35802c6e2bdef5491a685a2f939e307b9805	08e4846e537177426273712802403f7ba8261b6c	mean_5_11_17_23_29_33|domfull	1022	0.000625	fp32	cuda	
9b9d33003068666c49542f70	Q86C65	miss	2380	1022	True	0.4294	89640d1837e7efcfd94c662e7f3bd3e6863db5f5e438f8667fc7c5510d25c0e9	08e4846e537177426273712802403f7ba8261b6c	mean_5_11_17_23_29_33|domfull	1022	0.000625	fp32	cuda	
8acd9a5a86b8577768368d4c	Q87E25	miss	1219	1022	True	0.8384	4c079eeabdc07c4939a1920e262586bb93c6826438afd01f011b92066dc50a7d	08e4846e537177426273712802403f7ba8261b6c	mean_5_11_17_23_29_33|domfull	1022	0.000625	fp32	cuda	
1f54369eb01f4bca1bdc8953	Q88FX8	miss	1187	1022	True	0.861	7224cdcdbcb1b68558f1b013b7fca63ff5324b17f4e328f99e748e20abec0fc6	08e4846e537177426273712802403f7ba8261b6c	mean_5_11_17_23_29_33|domfull	1022	0.000625	fp32	cuda	
cc45fd1f7572ff4de7390719	Q8BHZ4	miss	1262	1022	True	0.8098	1978cb0b4f84a354c6982a39dd0dd7d32467ea9d0c42790e297d41a19d4a9afd	08e4846e537177426273712802403f7ba8261b6c	mean_5_11_17_23_29_33|domfull	1022	0.000625	fp32	cuda	
a7e5f8272c50e0f1a756dee4	Q8CGC7	miss	1512	1022	True	0.6759	c4827ae3554454c2812594fc421988cb87fa2c9678b0e1d5020fe165f411eb46	08e4846e537177426273712802403f7ba8261b6c	mean_5_11_17_23_29_33|domfull	1022	0.000625	fp32	cuda	
db92213a56fe18cb8c83feba	Q8CHD8	miss	1047	1022	True	0.9761	d9629575ddd36835591a8eaad9839ee920f9653df61307fdda81d0109fe97f80	08e4846e537177426273712802403f7ba8261b6c	mean_5_11_17_23_29_33|domfull	1022	0.000625	fp32	cuda	
697da920de93dfe77965f8d2	Q8CIQ7	miss	2027	1022	True	0.5042	b55d71df2a7ca93e4460a93d22fc006fe287cb87d1a419cbda6eb2ba58cd8339	08e4846e537177426273712802403f7ba8261b6c	mean_5_11_17_23_29_33|domfull	1022	0.000625	fp32	cuda	
58ccf5aa0f30571c30ecee19	Q8CJE2	miss	1119	1022	True	0.9133	62803ed6a1e4c051b4c1ffabfb9920a17eea47c91e80e09064c9a312f72634df	08e4846e537177426273712802403f7ba8261b6c	mean_5_11_17_23_29_33|domfull	1022	0.000625	fp32	cuda	
0536aadf633bf8de0b8544f3	Q8I615	miss	1189	1022	True	0.8595	0afc04170af8f1185a22b21f885d5fbd451074c1cbd429d0a1a7e6883eb9bf1d	08e4846e537177426273712802403f7ba8261b6c	mean_5_11_17_23_29_33|domfull	1022	0.000625	fp32	cuda	
e7c877048dfe01e9357d2254	Q8ILY1	miss	2016	1022	True	0.5069	5018e9657fa9fea397606788a2a5ca18f95521c32f62b3f31f23bdb74e247606	08e4846e537177426273712802403f7ba8261b6c	mean_5_11_17_23_29_33|domfull	1022	0.000625	fp32	cuda	
eae67cf49af939c584daeb56	Q8IMA8	miss	1192	1022	True	0.8574	cb46dbfb20ba5e072e7e1709ff38e28e11ef07fbec7f0d7c8d78c1547a8a1588	08e4846e537177426273712802403f7ba8261b6c	mean_5_11_17_23_29_33|domfull	1022	0.000625	fp32	cuda	
352a499147e53758927513eb	Q8INR6	miss	1848	1022	True	0.553	3e26b85b001d386cd83b419f328f0fe3d738e7c665de5f44905b766c04a7e816	08e4846e537177426273712802403f7ba8261b6c	mean_5_11_17_23_29_33|domfull	1022	0.000625	fp32	cuda	
7857bcbd692ae0fd1e3cbadb	Q8K9B0	miss	1061	1022	True	0.9632	f2bae83b60f431293fc2df183318a85e27d1839f0a86210a0aa2ee7f2c607cb9	08e4846e537177426273712802403f7ba8261b6c	mean_5_11_17_23_29_33|domfull	1022	0.000625	fp32	cuda	
80e546a6d3cdb39491384a79	Q8N1P7	miss	1661	1022	True	0.6153	9abcc1d738917e0bc721460ed1ce52f4e4f246f79aa8c51c8c421d52eb6c7b34	08e4846e537177426273712802403f7ba8261b6c	mean_5_11_17_23_29_33|domfull	1022	0.000625	fp32	cuda	
5ff9a510a1bd4d97450beb74	Q8NCX0	miss	1101	1022	True	0.9282	1c3b3b74b8c8bd7b7fe0947f9baef60f915fd6987cacd9e8d64ad751d4e65157	08e4846e537177426273712802403f7ba8261b6c	mean_5_11_17_23_29_33|domfull	1022	0.000625	fp32	cuda	
d55e5170f6ce5834b52c009b	Q8R151	miss	1909	1022	True	0.5354	a379b7e9f3326910e38d74f54d38f83ea405daa12fc972159d6ac5581d12af3b	08e4846e537177426273712802403f7ba8261b6c	mean_5_11_17_23_29_33|domfull	1022	0.000625	fp32	cuda	
d7fa6d789cc609ec053b8da8	Q8RWB8	miss	1029	1022	True	0.9932	18bc9855995afbabbcd0c97b69916da3b0a3e9325686e3f4f134f68ac04412e9	08e4846e537177426273712802403f7ba8261b6c	mean_5_11_17_23_29_33|domfull	1022	0.000625	fp32	cuda	
3e4619f07235c2b95d35553f	Q8RWY3	miss	1056	1022	True	0.9678	85b6371380ee9a088ce1901896b9cc3e07c823b3db7c466234688c3da7b712e8	08e4846e537177426273712802403f7ba8261b6c	mean_5_11_17_23_29_33|domfull	1022	0.000625	fp32	cuda	
0856b61cacefabc7d636ac11	Q8RXA7	miss	1187	1022	True	0.861	ec1dac344a42f5445ec9a8845701fec0ff7ee29a1c91a5f64c0ef8212cfaadc1	08e4846e537177426273712802403f7ba8261b6c	mean_5_11_17_23_29_33|domfull	1022	0.000625	fp32	cuda	
d4f30c6a5b29e65214e1f103	Q8RY18	miss	1055	1022	True	0.9687	1e141c62666a7cf1f907693e5ca9ba83d8f515e424499e0638c8923c02350af5	08e4846e537177426273712802403f7ba8261b6c	mean_5_11_17_23_29_33|domfull	1022	0.000625	fp32	cuda	
4f6d7a822ca5ae43a260d24c	Q8SAB7	miss	1830	1022	True	0.5585	81218e0b27cd6d6501f67591e2f7619d311d06d4a5a2a9b15c166213c19e392c	08e4846e537177426273712802403f7ba8261b6c	mean_5_11_17_23_29_33|domfull	1022	0.000625	fp32	cuda	
541b3d8ae3d79d59a34c7fd4	Q8SSN9	miss	1140	1022	True	0.8965	8be98506358d5e7d518b1a3d371919d2ab29027e6aa714922d42c4176cb8ab3d	08e4846e537177426273712802403f7ba8261b6c	mean_5_11_17_23_29_33|domfull	1022	0.000625	fp32	cuda	
b554e1f75adc78a4c89e9835	Q8SSQ0	miss	1721	1022	True	0.5938	c878f77f8ab227d1e35c2ade8f21fe0214922e520c5665bae23deb1d19b69987	08e4846e537177426273712802403f7ba8261b6c	mean_5_11_17_23_29_33|domfull	1022	0.000625	fp32	cuda	
8223245cbac5acdb4f9a36e1	Q8SX83	miss	5560	1022	True	0.1838	a5843c50431f0cd505beadae9562953c902700d2bd4dd62e2205e94fb5798b83	08e4846e537177426273712802403f7ba8261b6c	mean_5_11_17_23_29_33|domfull	1022	0.000625	fp32	cuda	
a97b2ba60d6cf378468ad8a6	Q8T690	miss	1393	1022	True	0.7337	16eb2cf5b07127c685cda922609aa65907454637719d9c3177485ee8d4d78eef	08e4846e537177426273712802403f7ba8261b6c	mean_5_11_17_23_29_33|domfull	1022	0.000625	fp32	cuda	
b4f91bf28d62fc765b212bf6	Q8TDX9	miss	2849	1022	True	0.3587	7b79c3cf7ce720bb038d02e2e176824cd05af2189c71140e7054d9ad0997815f	08e4846e537177426273712802403f7ba8261b6c	mean_5_11_17_23_29_33|domfull	1022	0.000625	fp32	cuda	
d06fa5ab7635b68967443d2f	Q8VI75	miss	1082	1022	True	0.9445	8e309549145d64dc74925d32aa92f7306f438a93981b656e40c0a18fe3af2e6c	08e4846e537177426273712802403f7ba8261b6c	mean_5_11_17_23_29_33|domfull	1022	0.000625	fp32	cuda	
3331fdb40b74a9d1f31133b1	Q8VZ10	miss	1055	1022	True	0.9687	665c8b26c78c8a0eb0f5043141237e96fc2a616c2084ef866d54237a3785a818	08e4846e537177426273712802403f7ba8261b6c	mean_5_11_17_23_29_33|domfull	1022	0.000625	fp32	cuda	
f46c2a39d4563a3eb4786760	Q90243	miss	1677	1022	True	0.6094	84ddcc22fcf9a65a920499e6349a2189108325c339f62d4e3bea820df497cec7	08e4846e537177426273712802403f7ba8261b6c	mean_5_11_17_23_29_33|domfull	1022	0.000625	fp32	cuda	
239328a12772bb048defa292	Q90Y57	miss	1242	1022	True	0.8229	937b2bb86c2fb414444edac210ccf1faded65cb889ba05537b83149c8f994510	08e4846e537177426273712802403f7ba8261b6c	mean_5_11_17_23_29_33|domfull	1022	0.000625	fp32	cuda	
936f280e01a3250e37862566	Q91DD4	miss	2212	1022	True	0.462	1e84f6ceec399fd562efa71f0b110a0d8377a70dab62f17cca9c302379cdaa6c	08e4846e537177426273712802403f7ba8261b6c	mean_5_11_17_23_29_33|domfull	1022	0.000625	fp32	cuda	
d59c44b88e6dfb2c31f54819	Q91ID9	miss	1237	1022	True	0.8262	19a37031425a2f00ee12c9660d4ca43349c4fb78665bd81767382e5ed0da6e22	08e4846e537177426273712802403f7ba8261b6c	mean_5_11_17_23_29_33|domfull	1022	0.000625	fp32	cuda	
31bafc8b081b6d6a6f1d861f	Q91RA6	miss	1289	1022	True	0.7929	2efbfc5a6fc2cff3a3fa0131494c18c0f69cf21729a7646942e58f4cefbeb7c7	08e4846e537177426273712802403f7ba8261b6c	mean_5_11_17_23_29_33|domfull	1022	0.000625	fp32	cuda	
922b5a9ba4aafb4b76a6d245	Q91Z96	miss	1138	1022	True	0.8981	315052a10d30d5acffb28597592ac7033a4045eb6cc94bb83b071f78ecb86e46	08e4846e537177426273712802403f7ba8261b6c	mean_5_11_17_23_29_33|domfull	1022	0.000625	fp32	cuda	
51778df517c8781477059374	Q91ZB0	miss	2144	1022	True	0.4767	f795f7414dd234f8f79ffa1847895ce578d425500227e839e0709e0f7785a1f2	08e4846e537177426273712802403f7ba8261b6c	mean_5_11_17_23_29_33|domfull	1022	0.000625	fp32	cuda	
d00dfcf88d2d330165f8f4a9	Q924C1	miss	1204	1022	True	0.8488	5422bbf110c39ade15d03e314d62222fc117f67fd4a8326e90fd7f1d24cb56d5	08e4846e537177426273712802403f7ba8261b6c	mean_5_11_17_23_29_33|domfull	1022	0.000625	fp32	cuda	
687e8debd5b49101275a82d8	Q92576	miss	2039	1022	True	0.5012	709130b9a4c9aaa6e03d5457794f38caea39d07a3c12f348e4cf5e23e51a8836	08e4846e537177426273712802403f7ba8261b6c	mean_5_11_17_23_29_33|domfull	1022	0.000625	fp32	cuda	
60cdebfae9d09daae039f5ab	Q92621	miss	2012	1022	True	0.508	6e00262c5560579863cec7807a2f4d641242123d561116dd0ff25689e757875f	08e4846e537177426273712802403f7ba8261b6c	mean_5_11_17_23_29_33|domfull	1022	0.000625	fp32	cuda	
c1863f344fc4b6624a1cfe97	Q93442	miss	2862	1022	True	0.3571	2452da6cb9f42527804965b5274e5ebff5ac2284cb3841df8884bf9907f99e08	08e4846e537177426273712802403f7ba8261b6c	mean_5_11_17_23_29_33|domfull	1022	0.000625	fp32	cuda	
a36afd7ba980c30a7601acc8	Q947D2	miss	1103	1022	True	0.9266	3c505210a4b31ea3d78315a8edff1b5156a4327f46698c9914ea3bdc3c958d59	08e4846e537177426273712802403f7ba8261b6c	mean_5_11_17_23_29_33|domfull	1022	0.000625	fp32	cuda	
8ebeb23ef3f3d2fd1264c165	Q96FS4	miss	1042	1022	True	0.9808	f6a3ada54b34712c95abc7d0bf7537dcc4bc51f8217b330f52ecb7d0398d17fd	08e4846e537177426273712802403f7ba8261b6c	mean_5_11_17_23_29_33|domfull	1022	0.000625	fp32	cuda	
c9907addf7f16730ed5fdae3	Q96JN2	miss	1154	1022	True	0.8856	8f768610cad087ae28b2045972b5eb0dea4ac9c7e4f3669b447ac4207a2e8141	08e4846e537177426273712802403f7ba8261b6c	mean_5_11_17_23_29_33|domfull	1022	0.000625	fp32	cuda	
21f08683154b6a3d283d599d	Q96KR1	miss	1074	1022	True	0.9516	25e89cad540873cd6cf4ffdd43faf734e041a17e6bf52d40772e797b24860a74	08e4846e537177426273712802403f7ba8261b6c	mean_5_11_17_23_29_33|domfull	1022	0.000625	fp32	cuda	
50af8ab23190230dc6b3069f	Q96N67	miss	2140	1022	True	0.4776	fd22f3bb14f9fb53a366ed772a22d7418574d393710b735c25ab67c8e56a0372	08e4846e537177426273712802403f7ba8261b6c	mean_5_11_17_23_29_33|domfull	1022	0.000625	fp32	cuda	
ad4a9584baec8887b4ceefa0	Q96PQ0	miss	1159	1022	True	0.8818	995041cc93c24c1dc9a9d6ec57947fc05029541dfb913a463f8c91fa29321ef0	08e4846e537177426273712802403f7ba8261b6c	mean_5_11_17_23_29_33|domfull	1022	0.000625	fp32	cuda	
460316a17d4ef34b89a13d92	Q96R06	miss	1193	1022	True	0.8567	c3f3fb902a4cb5e422df046e1d3ee3fc43f98f2a72f52b23f023c83df232308a	08e4846e537177426273712802403f7ba8261b6c	mean_5_11_17_23_29_33|domfull	1022	0.000625	fp32	cuda	
e43cb9fd6d2d57d52acff1f9	Q96T23	miss	1441	1022	True	0.7092	e98d30e0b538dffe311077d2c9de7233a23639c1da1d2ca63f38735de2bb2ab9	08e4846e537177426273712802403f7ba8261b6c	mean_5_11_17_23_29_33|domfull	1022	0.000625	fp32	cuda	
1cd9066f20f2fdd4a75194a1	Q96T58	miss	3664	1022	True	0.2789	494a51a306634b8f56b99072ca805e5a748d23f64a07617dd4235c46359f7ba4	08e4846e537177426273712802403f7ba8261b6c	mean_5_11_17_23_29_33|domfull	1022	0.000625	fp32	cuda	
9c176eee659fb803925a8858	Q96V34	miss	3589	1022	True	0.2848	8b65b91385c4ff7efbb1d6a63004d85a80bb6221c16a4ac61a845c433d101268	08e4846e537177426273712802403f7ba8261b6c	mean_5_11_17_23_29_33|domfull	1022	0.000625	fp32	cuda	
8204ebfdd2d455189b9a550a	Q96WV6	miss	3971	1022	True	0.2574	733c44aaef29ded40ea43948c257a8b2748a5571af0235f9474ca49ec254bf09	08e4846e537177426273712802403f7ba8261b6c	mean_5_11_17_23_29_33|domfull	1022	0.000625	fp32	cuda	
3e26cd143324c5a6be5d7484	Q97FK1	miss	1163	1022	True	0.8788	2fd8b8d717d201cf498076f793af801d66a0b1e004d02e289f6d41c4ebbe8004	08e4846e537177426273712802403f7ba8261b6c	mean_5_11_17_23_29_33|domfull	1022	0.000625	fp32	cuda	
2e0ee5f45933773c72e73dc2	Q98UI9	miss	2108	1022	True	0.4848	0607ce4009a7a0c774bafa207c9f1360c196498519cb30a3d1956addb34fd5e4	08e4846e537177426273712802403f7ba8261b6c	mean_5_11_17_23_29_33|domfull	1022	0.000625	fp32	cuda	
cb62e9a0d226f9653c80626b	Q99279	miss	1242	1022	True	0.8229	abc1169454d15428970ab880299c3d562f7405b955520d34421251c428c4c343	08e4846e537177426273712802403f7ba8261b6c	mean_5_11_17_23_29_33|domfull	1022	0.000625	fp32	cuda	
9964eb4f3035b842955bcd00	Q99570	miss	1358	1022	True	0.7526	80c597c599fc5aee74e486466ff69824b3def90c7f69798a5171a9d6d77912d7	08e4846e537177426273712802403f7ba8261b6c	mean_5_11_17_23_29_33|domfull	1022	0.000625	fp32	cuda	
5d15b8707d556c23cbe673f8	Q99996	miss	3907	1022	True	0.2616	6d29bbaa64531c88cecf8c070b95824e2562a08754a6e0cbae04f626ef3f1912	08e4846e537177426273712802403f7ba8261b6c	mean_5_11_17_23_29_33|domfull	1022	0.000625	fp32	cuda	
5d03bca17111db293f1e0637	Q9BQS8	miss	1478	1022	True	0.6915	dcab834a557d7c7b2a9c81a332bc217b6e73bdb5eee90336b005ebc5b0593fe8	08e4846e537177426273712802403f7ba8261b6c	mean_5_11_17_23_29_33|domfull	1022	0.000625	fp32	cuda	
8bc0bf73672b02515feb4b8c	Q9BTC0	miss	2240	1022	True	0.4562	015a09f0e901e764267e3bbdf74e733a06a23ab17c4857fb989f5f7fc37f6d13	08e4846e537177426273712802403f7ba8261b6c	mean_5_11_17_23_29_33|domfull	1022	0.000625	fp32	cuda	
bdabcdcac2b205973ecda289	Q9BVR0	miss	1158	1022	True	0.8826	89c89708d2966b1c8c4b35a661cbc8aa0ee5c72fe6312301e021406a44331feb	08e4846e537177426273712802403f7ba8261b6c	mean_5_11_17_23_29_33|domfull	1022	0.000625	fp32	cuda	
e7f1bbb6931acd6dbcb096cd	Q9C104	miss	1135	1022	True	0.9004	2ca05a19333c750a44bc3177af92b870e3195db5974e704388e92de13b325179	08e4846e537177426273712802403f7ba8261b6c	mean_5_11_17_23_29_33|domfull	1022	0.000625	fp32	cuda	
a579bd24b892456025943269	Q9CSB4	miss	1203	1022	True	0.8495	f5635835b35a344b44e39600fccd90cb3e750414e87756c16f9b79887e31d830	08e4846e537177426273712802403f7ba8261b6c	mean_5_11_17_23_29_33|domfull	1022	0.000625	fp32	cuda	
ae67fdc4e1ef341ad551f14b	Q9D2F7	miss	1881	1022	True	0.5433	8bdeb76212d47280d4d35bdbd8f05b9ef9ad507dc96952e9bcb9f186f95d6498	08e4846e537177426273712802403f7ba8261b6c	mean_5_11_17_23_29_33|domfull	1022	0.000625	fp32	cuda	
532908e1ffea33be6f10c075	Q9ESV1	miss	1051	1022	True	0.9724	fc331e136f0681cf10fcfec0dab55b2ae75fab33357b058d812e316830d9a83a	08e4846e537177426273712802403f7ba8261b6c	mean_5_11_17_23_29_33|domfull	1022	0.000625	fp32	cuda	
db52abcba970fc4bf4452629	Q9FJ57	miss	1380	1022	True	0.7406	60156a72f5b2bf7b838404eb7a59f92d3be99b118037db475a9003288494278d	08e4846e537177426273712802403f7ba8261b6c	mean_5_11_17_23_29_33|domfull	1022	0.000625	fp32	cuda	
33cc04212bd36ba2031c7f25	Q9FMM3	miss	1714	1022	True	0.5963	58f3c47a65d4532bfd33bc170a0adec74e251a64d935ac95817ee28402ba5172	08e4846e537177426273712802403f7ba8261b6c	mean_5_11_17_23_29_33|domfull	1022	0.000625	fp32	cuda	
402871e57a035938f74c062e	Q9FT70	miss	1150	1022	True	0.8887	52ad61896faa310ec9a44c2952b5439f528a1af9ede39f758f5ccc7ddf3db90e	08e4846e537177426273712802403f7ba8261b6c	mean_5_11_17_23_29_33|domfull	1022	0.000625	fp32	cuda	
de3b4e3a3c535fc268a818ba	Q9H2G2	miss	1235	1022	True	0.8275	da80bd451c7c6fe9df3c444e13584cd3c9ec01cc1e17dffc428fd223e6deb9d0	08e4846e537177426273712802403f7ba8261b6c	mean_5_11_17_23_29_33|domfull	1022	0.000625	fp32	cuda	
4c7d065ffd6196a0d44d942b	Q9H6K5	miss	1346	1022	True	0.7593	cf8f9b99884eff4f4f7a8141326015e36bdd340c1ce877454e0145b341e2c0c3	08e4846e537177426273712802403f7ba8261b6c	mean_5_11_17_23_29_33|domfull	1022	0.000625	fp32	cuda	
7b61cc653d1a93eb12b69997	Q9H6S0	miss	1430	1022	True	0.7147	f1a201c722fe900813fed61c4548c634568d71a49cc84c66e713c8440470e1fb	08e4846e537177426273712802403f7ba8261b6c	mean_5_11_17_23_29_33|domfull	1022	0.000625	fp32	cuda	
4315c54a8a56a4122c839937	Q9HE88	miss	1111	1022	True	0.9199	8ed0bac245c74511e15efece9a9a2d9727aeb61923733d4f2062d7ae85188aad	08e4846e537177426273712802403f7ba8261b6c	mean_5_11_17_23_29_33|domfull	1022	0.000625	fp32	cuda	
833c91fc5240474a64ee926c	Q9HF75	miss	2071	1022	True	0.4935	816766ccf4367b86c74e80fcb8e5df43caa17cf7556541cd74635cd15ab0a013	08e4846e537177426273712802403f7ba8261b6c	mean_5_11_17_23_29_33|domfull	1022	0.000625	fp32	cuda	
9332bc035a9919f6bf59ea4e	Q9I1H3	miss	2124	1022	True	0.4812	9e04f478a17f51c05f7fbf50160d6d6fdf943b29bece27f8b64a1b11233f2d84	08e4846e537177426273712802403f7ba8261b6c	mean_5_11_17_23_29_33|domfull	1022	0.000625	fp32	cuda	
5bec8f0aef7b2745ea24a92c	Q9I7T7	miss	1531	1022	True	0.6675	3a7cbfd8829260744f7152f18f814b1a7a91704a3523dfa318293b4476b47eb8	08e4846e537177426273712802403f7ba8261b6c	mean_5_11_17_23_29_33|domfull	1022	0.000625	fp32	cuda	
c4c2966f34af5707db10e91d	Q9I7U4	miss	18141	1022	True	0.0563	0d162c0527f6a9142478b51e9420a0c2b7465304fac8c071445e507da8e82303	08e4846e537177426273712802403f7ba8261b6c	mean_5_11_17_23_29_33|domfull	1022	0.000625	fp32	cuda	
1d5bcc2ef335096b1f090acb	Q9IBG7	miss	2327	1022	True	0.4392	abfccb46fb7b2987955e2186f2e7053624a518c62fc256157a6b735d7dc70213	08e4846e537177426273712802403f7ba8261b6c	mean_5_11_17_23_29_33|domfull	1022	0.000625	fp32	cuda	
34ee146d4789f9449dfa16f5	Q9JIL5	miss	1547	1022	True	0.6606	27ef3adf030bc6cb74a990d6bd10da973c48cd3e72e9a299904968d08b6d7efc	08e4846e537177426273712802403f7ba8261b6c	mean_5_11_17_23_29_33|domfull	1022	0.000625	fp32	cuda	
edaa275f2695da80cd0dfb6f	Q9JJV9	miss	2019	1022	True	0.5062	670eefb9162c3c26eb9787e1cf82c6b6c79a4b160c55d90930f5a78ffc704a83	08e4846e537177426273712802403f7ba8261b6c	mean_5_11_17_23_29_33|domfull	1022	0.000625	fp32	cuda	
c586ec9e2c109af20d3f74c1	Q9JMS3	miss	1371	1022	True	0.7454	d79b04bc338c4ece9044261ef395e85cd77017b274e697b5ec9ae5cc46136cb9	08e4846e537177426273712802403f7ba8261b6c	mean_5_11_17_23_29_33|domfull	1022	0.000625	fp32	cuda	
56642f5bc74c84954d64da15	Q9K0K9	miss	1302	1022	True	0.7849	45d51b982063b2b2a1d672cc43b33c20c9e65053adcb60ee8dbb67bf879b9c34	08e4846e537177426273712802403f7ba8261b6c	mean_5_11_17_23_29_33|domfull	1022	0.000625	fp32	cuda	
b92763880560313337c5fd91	Q9L7Q2	miss	1906	1022	True	0.5362	9110265c5e1a13a85fc1e3e88e993c8642553b506c3a96ad8d641c1b580fe799	08e4846e537177426273712802403f7ba8261b6c	mean_5_11_17_23_29_33|domfull	1022	0.000625	fp32	cuda	
5f04ed5a1031597d0b305792	Q9LAP7	miss	1429	1022	True	0.7152	b925799b77e86ac37de373252876dc0b3c4ee3dc431d689e22aff656d9749b59	08e4846e537177426273712802403f7ba8261b6c	mean_5_11_17_23_29_33|domfull	1022	0.000625	fp32	cuda	
b7ccf3baed4330c47ff65a76	Q9LBG3	miss	1653	1022	True	0.6183	ed5490c253606e6519a37dde19742dbe8250b02a9715352b4f124baa26fcc5ab	08e4846e537177426273712802403f7ba8261b6c	mean_5_11_17_23_29_33|domfull	1022	0.000625	fp32	cuda	
3c105f666618743927fa257e	Q9LYD9	miss	1096	1022	True	0.9325	d10fd250cc41878ece9efc29932bf3a34386dd0778442c7e5daaea4317c2224f	08e4846e537177426273712802403f7ba8261b6c	mean_5_11_17_23_29_33|domfull	1022	0.000625	fp32	cuda	
12b39b457b0de56ad7628e53	Q9LZU5	miss	1058	1022	True	0.966	5865034abd6c2a8b6a2efce4a8a14cc87ea3dfb5d10b875b404bb0b4c6d7c270	08e4846e537177426273712802403f7ba8261b6c	mean_5_11_17_23_29_33|domfull	1022	0.000625	fp32	cuda	
9e6e824e4ead9b8f3dd5a045	Q9NJ15	miss	1696	1022	True	0.6026	40823ca401985cca8f39789b80d3eb99fa996f2905742ac6d9f02ea179f3b535	08e4846e537177426273712802403f7ba8261b6c	mean_5_11_17_23_29_33|domfull	1022	0.000625	fp32	cuda	
f81feb985c54634b8389c8c0	Q9NR48	miss	2969	1022	True	0.3442	76cb44ba17c36ec30697b38f0f34d8087ed66f7da2072d52efe1e1d06dcefc0c	08e4846e537177426273712802403f7ba8261b6c	mean_5_11_17_23_29_33|domfull	1022	0.000625	fp32	cuda	
8c06a02fc0940b2f1d847848	Q9NTG1	miss	2253	1022	True	0.4536	4a0b5449bda054933be5759a27ea28550c2e26b20a49847912fc7cf6d00bba10	08e4846e537177426273712802403f7ba8261b6c	mean_5_11_17_23_29_33|domfull	1022	0.000625	fp32	cuda	
b2503d77eac3d8923fbb1905	Q9NUA8	miss	1239	1022	True	0.8249	a8cd838ea390c8b4666689a4e0ae7df00284a945afb6e7bad3f847123f948bfb	08e4846e537177426273712802403f7ba8261b6c	mean_5_11_17_23_29_33|domfull	1022	0.000625	fp32	cuda	
9cd6e5ab1c72374afddd7308	Q9NVI1	miss	1328	1022	True	0.7696	30d4492f6d5545031de5842fc2a65e80952e0f9b00999615d04c535aa5b57aae	08e4846e537177426273712802403f7ba8261b6c	mean_5_11_17_23_29_33|domfull	1022	0.000625	fp32	cuda	
9d65f270b6cee37b97d02ca4	Q9NZM3	miss	1697	1022	True	0.6022	1557cc92d1dfb20c0baa14063417ce7a74b1462dcf502b141b661e56ea180d75	08e4846e537177426273712802403f7ba8261b6c	mean_5_11_17_23_29_33|domfull	1022	0.000625	fp32	cuda	
737bb6c757b08b13342e2d08	Q9P203	miss	1132	1022	True	0.9028	8a4859c50a3be7aad6eedb8893c3c9d741813ad8e618df3b253ae62089fa0b67	08e4846e537177426273712802403f7ba8261b6c	mean_5_11_17_23_29_33|domfull	1022	0.000625	fp32	cuda	
359b10820798ca2673e9cfd7	Q9P212	miss	2302	1022	True	0.444	ff87b7ed1732bd948418b05b0fdb82907b84d1e78120427e719cc55925a7a081	08e4846e537177426273712802403f7ba8261b6c	mean_5_11_17_23_29_33|domfull	1022	0.000625	fp32	cuda	
8eb32e6b96d3e5e056652841	Q9P281	miss	2639	1022	True	0.3873	e7de595acd23710029d2b9c07f9d45b08967def0a2ab4c80eaa520253eba68cb	08e4846e537177426273712802403f7ba8261b6c	mean_5_11_17_23_29_33|domfull	1022	0.000625	fp32	cuda	
be0e9d4744c202d14ad62f04	Q9P2P1	miss	1898	1022	True	0.5385	81d8fe3e208b39dc43770548ad82af64bcb3050a6802664005a47530bd33d4c6	08e4846e537177426273712802403f7ba8261b6c	mean_5_11_17_23_29_33|domfull	1022	0.000625	fp32	cuda	
e87fcd4f601e439c7481b421	Q9P793	miss	1418	1022	True	0.7207	094bc777f54030da5d139356f5813ae8cf5dd1265e6f30939050a12d4c6a9312	08e4846e537177426273712802403f7ba8261b6c	mean_5_11_17_23_29_33|domfull	1022	0.000625	fp32	cuda	
a31cb266b112593ce0b27919	Q9P7R8	miss	1462	1022	True	0.699	1510a81e2d41f9c8ce30d5bcd6884a13c5afcfdb57ad905e932d06319a5f2109	08e4846e537177426273712802403f7ba8261b6c	mean_5_11_17_23_29_33|domfull	1022	0.000625	fp32	cuda	
6fb8b104506cf9c9f0ed06af	Q9P7T1	miss	4924	1022	True	0.2076	0d41afd0db6dd9fc190312fdaee1595b954bd708d59847c15b0fe143edeb4804	08e4846e537177426273712802403f7ba8261b6c	mean_5_11_17_23_29_33|domfull	1022	0.000625	fp32	cuda	
b32f60441a436e88e5acba80	Q9QZR8	miss	2766	1022	True	0.3695	0118da50ffe8925725d18cc2232ef7696d1093c3e301d3ae97990cd2db17d59d	08e4846e537177426273712802403f7ba8261b6c	mean_5_11_17_23_29_33|domfull	1022	0.000625	fp32	cuda	
b3920acaaac3f6a395d8d21b	Q9R283	miss	1170	1022	True	0.8735	374d9c30e2e02bd2d78ac3d8082584616609b70a882557434fed1bab9131e1c4	08e4846e537177426273712802403f7ba8261b6c	mean_5_11_17_23_29_33|domfull	1022	0.000625	fp32	cuda	
2b57010edc543a7a33d19cea	Q9SR02	miss	1703	1022	True	0.6001	0becac22aacd75cf5a9b66824b39420752c2cd39339268e9095b6423af7f797c	08e4846e537177426273712802403f7ba8261b6c	mean_5_11_17_23_29_33|domfull	1022	0.000625	fp32	cuda	
edf801fb2e28f30f2d02fb2b	Q9SUG7	miss	1148	1022	True	0.8902	04422f664a1d8036aff2a4a6a46a20ed1ea46089f9e6a3fccb9e3f1f43c3bf34	08e4846e537177426273712802403f7ba8261b6c	mean_5_11_17_23_29_33|domfull	1022	0.000625	fp32	cuda	
bf07334e872fff1128ea1457	Q9SZ66	miss	1219	1022	True	0.8384	4bfe8025fb83c300afd1f2d11f33b9f4b08b8e592995e0636b950e6b49234d2b	08e4846e537177426273712802403f7ba8261b6c	mean_5_11_17_23_29_33|domfull	1022	0.000625	fp32	cuda	
127675ee909caf989ec62534	Q9TW65	miss	3674	1022	True	0.2782	48c8ad571e43f1d949f590957217b86d07db8b9faee1b2543683dc535eb29f12	08e4846e537177426273712802403f7ba8261b6c	mean_5_11_17_23_29_33|domfull	1022	0.000625	fp32	cuda	
fe6d7186a0ce374cf49d5235	Q9TXQ1	miss	2276	1022	True	0.449	9fd915411cee95a7a62922e8b8d1531143fbaae9c4daa80c08dfcddc9674e5db	08e4846e537177426273712802403f7ba8261b6c	mean_5_11_17_23_29_33|domfull	1022	0.000625	fp32	cuda	
d89cabb18fe5a78a36401cb4	Q9U308	miss	1254	1022	True	0.815	34c21bb566c95f52f749b84a01997889afbdc7d8b6683843cd1ab4e8bebc2e97	08e4846e537177426273712802403f7ba8261b6c	mean_5_11_17_23_29_33|domfull	1022	0.000625	fp32	cuda	
fd7338b4b47d00b9c7d6c4d5	Q9U720	miss	1059	1022	True	0.9651	ecbaaff7082f5f61d4411ea59b196d5bca0f73f0a077fb055507b46e0c44e38a	08e4846e537177426273712802403f7ba8261b6c	mean_5_11_17_23_29_33|domfull	1022	0.000625	fp32	cuda	
d20070d1bc960b71176adf98	Q9UKA4	miss	1901	1022	True	0.5376	703332aee91422b978b51d32164feeeab45140deb711f87099e8cf15ef777395	08e4846e537177426273712802403f7ba8261b6c	mean_5_11_17_23_29_33|domfull	1022	0.000625	fp32	cuda	
a2c244f90f417bedb3d5837a	Q9ULI3	miss	1381	1022	True	0.74	e5ccac6db85327b487553f473965899eda022f26b4ec96428797c6deadf26c26	08e4846e537177426273712802403f7ba8261b6c	mean_5_11_17_23_29_33|domfull	1022	0.000625	fp32	cuda	
5397656dcbc76b00ae32b51f	Q9ULT8	miss	2610	1022	True	0.3916	5b9adfcb976b01b2b2685a556f2a77531d6001c696b7731943503c8e3d0e77ef	08e4846e537177426273712802403f7ba8261b6c	mean_5_11_17_23_29_33|domfull	1022	0.000625	fp32	cuda	
accd544ecf9cecb2a4747c2e	Q9URV2	miss	1458	1022	True	0.701	55e67b6ba773128281b91bf39dcd8e7ede49cb2e8cafab21e56f261ca7ec6132	08e4846e537177426273712802403f7ba8261b6c	mean_5_11_17_23_29_33|domfull	1022	0.000625	fp32	cuda	
e098b65346a5c25ade81478c	Q9URX8	miss	1315	1022	True	0.7772	b215bf9638f078686d7442f2faab2ac42957396a5c12492dd907990e9d327939	08e4846e537177426273712802403f7ba8261b6c	mean_5_11_17_23_29_33|domfull	1022	0.000625	fp32	cuda	
eaa1a8a6e415d37400dc7d90	Q9US08	miss	1028	1022	True	0.9942	747a09744c3e2f2bb070c2647055c46a8dd0332cf46fdf68b41f219fa68794bc	08e4846e537177426273712802403f7ba8261b6c	mean_5_11_17_23_29_33|domfull	1022	0.000625	fp32	cuda	
1b0725b802264400df409974	Q9UT79	miss	1588	1022	True	0.6436	1281c1588c9e6593cb6d93ac13d367b06fc3b3ba42bab7fd3373620e307de5ae	08e4846e537177426273712802403f7ba8261b6c	mean_5_11_17_23_29_33|domfull	1022	0.000625	fp32	cuda	
e4ceacc0f6a0627c6be4fea8	Q9V4P1	miss	1239	1022	True	0.8249	019103248b2980c5c316ad536bf73d984e21b69aea42033c990e2649a064e6dd	08e4846e537177426273712802403f7ba8261b6c	mean_5_11_17_23_29_33|domfull	1022	0.000625	fp32	cuda	
c31ad6e399340824fcd8206b	Q9VAW5	miss	1673	1022	True	0.6109	7a1c332751ae49f4b4bbb81cd0847b541911c450b7bd9c80bc03285fdba938b0	08e4846e537177426273712802403f7ba8261b6c	mean_5_11_17_23_29_33|domfull	1022	0.000625	fp32	cuda	
16788cc8a508293f07ab4080	Q9VBY8	miss	1153	1022	True	0.8864	2a13d08edf8aa38e1f1c45d64ca51ab91d7921fb7b35437e090c77e1a768602f	08e4846e537177426273712802403f7ba8261b6c	mean_5_11_17_23_29_33|domfull	1022	0.000625	fp32	cuda	
de8b6df0d590d9299681a2c5	Q9VC47	miss	1464	1022	True	0.6981	a23d46125e58e4d7b65e52d94cd994631b014068d1dac1bd201a3d244011f55c	08e4846e537177426273712802403f7ba8261b6c	mean_5_11_17_23_29_33|domfull	1022	0.000625	fp32	cuda	
3d291605ff7f2542a6e0abf1	Q9VCW3	miss	1200	1022	True	0.8517	919ddb86a362a5e7d6c236b8ee8f6d6d31c61865dcd811c33e53f983935bec24	08e4846e537177426273712802403f7ba8261b6c	mean_5_11_17_23_29_33|domfull	1022	0.000625	fp32	cuda	
1b7ffc6ffbbb15c4fa90b24d	Q9VDW6	miss	3598	1022	True	0.284	1dce022e602d24b5406876a6fd0a9af690f30a0366ed6992d084013fd237eba8	08e4846e537177426273712802403f7ba8261b6c	mean_5_11_17_23_29_33|domfull	1022	0.000625	fp32	cuda	
7f58b18ab3ed60b748b77b5e	Q9VGW1	miss	1943	1022	True	0.526	fc77a818ed3bd756683102fe17a8e1c5b2c7998e54b8262f5ee1d3143b731a50	08e4846e537177426273712802403f7ba8261b6c	mean_5_11_17_23_29_33|domfull	1022	0.000625	fp32	cuda	
304a76184b8e7e1d1c31f2db	Q9VIS1	miss	1843	1022	True	0.5545	cc035865fb531c374efdb9a0041ba802833e2e18226e14bae89c272c58e54713	08e4846e537177426273712802403f7ba8261b6c	mean_5_11_17_23_29_33|domfull	1022	0.000625	fp32	cuda	
5e8010e5513bd54f458ead16	Q9VMJ7	miss	1838	1022	True	0.556	ed9827d39db06eaa1eca5b23720f0e1278c8ff2a92719cecedb76200cd54e826	08e4846e537177426273712802403f7ba8261b6c	mean_5_11_17_23_29_33|domfull	1022	0.000625	fp32	cuda	
50afbeec03233d7195cdbb6e	Q9VP05	miss	1475	1022	True	0.6929	352f9c0cd88c2dfa22ea9a9bfa91d993e89626e32bdf5bc8105735be15e2e1db	08e4846e537177426273712802403f7ba8261b6c	mean_5_11_17_23_29_33|domfull	1022	0.000625	fp32	cuda	
153535e15cbf7e79d5b85c06	Q9VUQ5	miss	1214	1022	True	0.8418	d422f0a47de82aa74e381c373cddad6a294b52cf23fde134a493af2c9866eb0e	08e4846e537177426273712802403f7ba8261b6c	mean_5_11_17_23_29_33|domfull	1022	0.000625	fp32	cuda	
2ca34d5403feeda47e53ebb9	Q9VWF2	miss	2006	1022	True	0.5095	1ad27175d399716862a072e75ac95073fee02b70301cad3f3f5d996b9bfb958f	08e4846e537177426273712802403f7ba8261b6c	mean_5_11_17_23_29_33|domfull	1022	0.000625	fp32	cuda	
e7f33eabc8e2de64f35d5643	Q9W040	miss	1754	1022	True	0.5827	090a3abaadf4c6a8498f4a1e50c0356490ac6bbec95ca97369e3f57ba5f4afbb	08e4846e537177426273712802403f7ba8261b6c	mean_5_11_17_23_29_33|domfull	1022	0.000625	fp32	cuda	
8d580d10b82fd558c3a36d2d	Q9W0T1	miss	2669	1022	True	0.3829	2e0586cccb58b604fc44878ad1ead7a8acb7c5d46d76ed292635ff4de994144a	08e4846e537177426273712802403f7ba8261b6c	mean_5_11_17_23_29_33|domfull	1022	0.000625	fp32	cuda	
6f85d38211576de7a2ae83cb	Q9W3E2	miss	1195	1022	True	0.8552	466c18802308dc0a26758a166a28b63ac13fb59a0d0fef583580e50c5e0cfc42	08e4846e537177426273712802403f7ba8261b6c	mean_5_11_17_23_29_33|domfull	1022	0.000625	fp32	cuda	
430a460a859c9d0ed99197e3	Q9W4C3	miss	1126	1022	True	0.9076	4e3e58f2da216a09f5726fcd8dfeb7c67ba2a1ea3e49e42d2d0855349c1861af	08e4846e537177426273712802403f7ba8261b6c	mean_5_11_17_23_29_33|domfull	1022	0.000625	fp32	cuda	
7491f703f9c6b1a6e84629dd	Q9W596	miss	5495	1022	True	0.186	f1acfd260acb43ab6fdc5c741c35e290edf985b15e00be7eb9d46f60d06de5f8	08e4846e537177426273712802403f7ba8261b6c	mean_5_11_17_23_29_33|domfull	1022	0.000625	fp32	cuda	
6a70fc9a9df7fa2a22c1da62	Q9W5E0	miss	1300	1022	True	0.7862	04000b04d1544a2de1a18001eecdadea33857a57d6825351209de8ba83709bc3	08e4846e537177426273712802403f7ba8261b6c	mean_5_11_17_23_29_33|domfull	1022	0.000625	fp32	cuda	
b347aedf350b6dc819ef95a5	Q9WAL9	miss	1574	1022	True	0.6493	6cbd9627eef4b41633b65ae5553b3a0da9c1f015cbd0cdc06e2de7ab3c353709	08e4846e537177426273712802403f7ba8261b6c	mean_5_11_17_23_29_33|domfull	1022	0.000625	fp32	cuda	
4c35ebe7c70e76cdab5e803f	Q9XX00	miss	1113	1022	True	0.9182	dd3c4a2a15468822977c7f864dd4204fd7db7921bf76a549e9f8384602eb3bf4	08e4846e537177426273712802403f7ba8261b6c	mean_5_11_17_23_29_33|domfull	1022	0.000625	fp32	cuda	
56ea6335d31f9d73a7831f00	Q9Y2Q0	miss	1164	1022	True	0.878	02bbf967c6f1b20b2512361de72713f9e9d82d21d052ad79190a4abed4870ee0	08e4846e537177426273712802403f7ba8261b6c	mean_5_11_17_23_29_33|domfull	1022	0.000625	fp32	cuda	
c985724869ba009fc5cf8b7d	Q9Y3Q4	miss	1203	1022	True	0.8495	9c3188b073b9e98d1564288ad72c38251639f58ffa45500df86cfcc08355c99f	08e4846e537177426273712802403f7ba8261b6c	mean_5_11_17_23_29_33|domfull	1022	0.000625	fp32	cuda	
d6bce17dc0acdce93e2b3a85	Q9Y493	miss	2812	1022	True	0.3634	c8bdb54bc9986257d4d9107eef51f472a8db77f93000ba449808efa966f73553	08e4846e537177426273712802403f7ba8261b6c	mean_5_11_17_23_29_33|domfull	1022	0.000625	fp32	cuda	
7d9a37b391dfdc0cd53418c8	Q9Y4B6	miss	1507	1022	True	0.6782	030ef1b424381b56f9f5794a5a8f5526cf73f1a02d7d305f1c0b51d8b3c2485c	08e4846e537177426273712802403f7ba8261b6c	mean_5_11_17_23_29_33|domfull	1022	0.000625	fp32	cuda	
0b38498141df3ae671101277	Q9Y4F4	miss	1720	1022	True	0.5942	07736e55c214a89217ef800776ca682a05b6b3b6ecd3b483d5f6473c48b12c47	08e4846e537177426273712802403f7ba8261b6c	mean_5_11_17_23_29_33|domfull	1022	0.000625	fp32	cuda	
5fb1451c6e27b45908eb048c	Q9Y4G2	miss	1056	1022	True	0.9678	ce95513bb21a74e12cb5bf5a3862b08dfa7e12605f14471d5804cf1f22410f6c	08e4846e537177426273712802403f7ba8261b6c	mean_5_11_17_23_29_33|domfull	1022	0.000625	fp32	cuda	
c9c3ae028704c72675a34a1c	Q9Y6Q9	miss	1424	1022	True	0.7177	6ffd495ceb38724e91c62cdb51078c556c645722c3e98093edd559d941882bd1	08e4846e537177426273712802403f7ba8261b6c	mean_5_11_17_23_29_33|domfull	1022	0.000625	fp32	cuda	
bfcc90e03f8b491458b56f79	Q9YK98	miss	1626	1022	True	0.6285	49d65194d6209be7b6834e95ae06016dc6a8a573ba1e13b1849aa70247e370ff	08e4846e537177426273712802403f7ba8261b6c	mean_5_11_17_23_29_33|domfull	1022	0.000625	fp32	cuda	
88b6661bb1e7f0f65fb3f5f2	R4V2Q5	miss	1073	1022	True	0.9525	82d9cc06901238c416fbad0fc25dcb29691c6efd3b89fb2aec26175a4956ae4a	08e4846e537177426273712802403f7ba8261b6c	mean_5_11_17_23_29_33|domfull	1022	0.000625	fp32	cuda	
bb7a4bfb274ac608a5adf698	S8G6L4	miss	2133	1022	True	0.4791	636f76bb2d8ab6b667905c9304d422d167ca5bc3c7a944009166332ebdfb0056	08e4846e537177426273712802403f7ba8261b6c	mean_5_11_17_23_29_33|domfull	1022	0.00375	fp32	cuda	
da87051977414934ec70ddce	U4PAZ9	miss	1112	1022	True	0.9191	8c8c87b2d1f7d046f57a80bd6de42646e595b155f58dada076f2477436e1154f	08e4846e537177426273712802403f7ba8261b6c	mean_5_11_17_23_29_33|domfull	1022	0.00375	fp32	cuda	
09ad507e14c3249cda00b586	V5BCL0	miss	1161	1022	True	0.8803	fffdc0516b7125fd1b76fc2fba0ca2afa2d7ef334ae1871c25966c9a3d6f06f0	08e4846e537177426273712802403f7ba8261b6c	mean_5_11_17_23_29_33|domfull	1022	0.00375	fp32	cuda	
2a6c4cd234d933bdd99cd5a2	W3X8X8	miss	2717	1022	True	0.3762	c3a050d24b09dc1ff891acd1b17ebde096b40bef67f25c2fadf97e677f82641a	08e4846e537177426273712802403f7ba8261b6c	mean_5_11_17_23_29_33|domfull	1022	0.00375	fp32	cuda	
933edcff6297fc272e135f02	Q7Z6P3	miss	1021	1021	False	1.0	8bd143b76468cd17b2ce3e2ed814457a1305b559298f95b74cd2863266a892ae	08e4846e537177426273712802403f7ba8261b6c	mean_5_11_17_23_29_33|domfull	1021	0.00375	fp32	cuda	
54cb26087abea132399de3c3	Q9U1K1	miss	1020	1020	False	1.0	6c00e4a5fd0344696bd72e0545af7d40d5f85f4661b2860c9b95bad735af9736	08e4846e537177426273712802403f7ba8261b6c	mean_5_11_17_23_29_33|domfull	1020	0.00375	fp32	cuda	
6bd54e7b215bead3a076b5f0	Q8K031	miss	1019	1019	False	1.0	a2771b8859666abc85f3377c5b102b5a2142ee8c78e59bb58e72008a19a6b804	08e4846e537177426273712802403f7ba8261b6c	mean_5_11_17_23_29_33|domfull	1019	0.00375	fp32	cuda	
7cda050294bc212b62fdaa5f	Q9BPX3	miss	1015	1015	False	1.0	c73cecb5644345df465cf8ac80b3e44a09ffd25b6045ad45c5b638bae359c101	08e4846e537177426273712802403f7ba8261b6c	mean_5_11_17_23_29_33|domfull	1015	0.00375	fp32	cuda	
6522bbf8b4bb44c45be9d338	Q9KM67	miss	1013	1013	False	1.0	ea19217fbe14aefe30ac59b6aabfcf8a82fa686cc78ad44f1463c18edb4d48a8	08e4846e537177426273712802403f7ba8261b6c	mean_5_11_17_23_29_33|domfull	1013	0.00375	fp32	cuda	
f5a2acfb0f1154b97da59193	Q9RYL9	miss	1013	1013	False	1.0	ad127a9b0086aa8f546280dde2688e8e2096797f0c0c2955e2d699dc904ad403	08e4846e537177426273712802403f7ba8261b6c	mean_5_11_17_23_29_33|domfull	1013	0.00375	fp32	cuda	
66cf9c10299406e4341583f1	Q9VRJ1	miss	1012	1012	False	1.0	7342301a35300cdfc495aa0d2c5c14fb23560f2194ed04e755ef5630ce21ade5	08e4846e537177426273712802403f7ba8261b6c	mean_5_11_17_23_29_33|domfull	1012	0.00375	fp32	cuda	
1b57f6dea70d00abf97e67b0	Q9EQZ6	miss	1011	1011	False	1.0	89f4d268e55e9ab1d322535ef543df88c3d1d46701e68a420930591ec8c90656	08e4846e537177426273712802403f7ba8261b6c	mean_5_11_17_23_29_33|domfull	1011	0.00375	fp32	cuda	
ba5d95212223a81cba7c2d6b	Q9SAJ3	miss	1008	1008	False	1.0	6b8f0f6c0c63d0151b57086331e6d78451bac3f587dce646a73b692a3cf9818b	08e4846e537177426273712802403f7ba8261b6c	mean_5_11_17_23_29_33|domfull	1008	0.00375	fp32	cuda	
b627c792348ce40a4efc8e20	P78364	miss	1004	1004	False	1.0	37cb94299e1e91870522f67527c8277814889df409eda32465db215f6de534f3	08e4846e537177426273712802403f7ba8261b6c	mean_5_11_17_23_29_33|domfull	1004	0.00375	fp32	cuda	
1bdb71ae05cfe6b855da1c4c	Q9SS47	miss	1003	1003	False	1.0	0813b57f4320c0fc18abe0a079a7117a4626fff0a611c3854ce71dc3bde27b82	08e4846e537177426273712802403f7ba8261b6c	mean_5_11_17_23_29_33|domfull	1003	0.00375	fp32	cuda	
663ba2af2d5928619cb5852a	P93820	miss	1002	1002	False	1.0	5ca95068eb09df127144ac212b67f62cd4f0f59b2b709a470263b993c14b8bb4	08e4846e537177426273712802403f7ba8261b6c	mean_5_11_17_23_29_33|domfull	1002	0.00375	fp32	cuda	
57341daa32812dd2584b9940	Q95WA4	miss	1002	1002	False	1.0	022b6f85a9a64bcd48665966ef0db845ec33f45d360d5e2a5a9114a96cbf8fdf	08e4846e537177426273712802403f7ba8261b6c	mean_5_11_17_23_29_33|domfull	1002	0.00375	fp32	cuda	
748ab7576276d3d0fe6d9242	Q5HYA8	miss	995	995	False	1.0	16857c52c05e16d56e767beb65dc9f47c6877cbf54d421775774bf62e3d98d47	08e4846e537177426273712802403f7ba8261b6c	mean_5_11_17_23_29_33|domfull	995	0.00375	fp32	cuda	
4caa2efe42e5a6a21f792a02	Q9W0P2	miss	995	995	False	1.0	ff5a5c8f0990ab1d3b77ae3a1850af057cdf3b7812f52ea2fa03a14fc57cb044	08e4846e537177426273712802403f7ba8261b6c	mean_5_11_17_23_29_33|domfull	995	0.00375	fp32	cuda	
c544b057a25757e9f2b1b48f	P22467	miss	994	994	False	1.0	5850264f1ded12046a9a4c95247b00c167dc8b11cd3ebc10a046922467501568	08e4846e537177426273712802403f7ba8261b6c	mean_5_11_17_23_29_33|domfull	994	0.00375	fp32	cuda	
6b7a1af5c3bf2fa16ccb3be1	Q9VFS6	miss	994	994	False	1.0	461dbe65dc961b1555698026f3e728ddf21a6891729f75bf5808f4c1986b1cc5	08e4846e537177426273712802403f7ba8261b6c	mean_5_11_17_23_29_33|domfull	994	0.00375	fp32	cuda	
96f763c3bcd24b098c3a97ff	Q8K1R7	miss	984	984	False	1.0	a807eccc3ce443986cf9db21bfd222887166765ec79cf6c24ea7baceb26eb879	08e4846e537177426273712802403f7ba8261b6c	mean_5_11_17_23_29_33|domfull	984	0.00375	fp32	cuda	
bd834467d1700a433b30384f	Q8JVC1	miss	982	982	False	1.0	1fec1e4c304f99cde8b54c56eea556ff8d739b109d99441652c089aba2f8aeaf	08e4846e537177426273712802403f7ba8261b6c	mean_5_11_17_23_29_33|domfull	982	0.00375	fp32	cuda	
1049ffa06baa0c6d3cbbc4fc	T2KN75	miss	981	981	False	1.0	29114232a8b2a6dd609570ccf52ef5cefca5c3f599090fc446dc56a867a4bf10	08e4846e537177426273712802403f7ba8261b6c	mean_5_11_17_23_29_33|domfull	981	0.00375	fp32	cuda	
157e2040d8b9cc7825f81cd5	Q6CC84	miss	980	980	False	1.0	e820dd5de0330c91404a5e36de53f62316f36840aa749e1041885702caeef68e	08e4846e537177426273712802403f7ba8261b6c	mean_5_11_17_23_29_33|domfull	980	0.00375	fp32	cuda	
ac0e5a82c95e64145cb2bc31	Q8H3A7	miss	980	980	False	1.0	2265124fd502390be058021d87e8aac939a754728fb1d495077554501bb30260	08e4846e537177426273712802403f7ba8261b6c	mean_5_11_17_23_29_33|domfull	980	0.00375	fp32	cuda	
a45c8551cc3a00ebb36223ad	B2T7I8	miss	978	978	False	1.0	4ae14d20b609204679b38e1196908d3b6fbe0dc9fe4a6288602c137211ccf499	08e4846e537177426273712802403f7ba8261b6c	mean_5_11_17_23_29_33|domfull	978	0.00375	fp32	cuda	
085a17febb41111042548bf5	Q9UGR2	miss	977	977	False	1.0	0b3876acee6e8459d85659a285943029f82f8c1a8b02bea5384113244bea94ca	08e4846e537177426273712802403f7ba8261b6c	mean_5_11_17_23_29_33|domfull	977	0.00375	fp32	cuda	
2498362e7ed7b71b07f1c799	Q9PJY3	miss	976	976	False	1.0	69c1062f4e5b5562e265465070efcbe0c3bedaa5473dcd4c4e022b7f0215ba47	08e4846e537177426273712802403f7ba8261b6c	mean_5_11_17_23_29_33|domfull	976	0.00375	fp32	cuda	
5cbd4348348e8d7b462f844c	Q94CG5	miss	974	974	False	1.0	650731dea662d63478fba97f689d0aad0665336aff9b9bd005d515cc26c153d8	08e4846e537177426273712802403f7ba8261b6c	mean_5_11_17_23_29_33|domfull	974	0.00375	fp32	cuda	
1d1c31d115eed2240cf91b07	Q9FIT7	miss	974	974	False	1.0	6cee2bebc88ec3f424afed98191f7fa082aee7a8b6df9d517ae29d5e06074845	08e4846e537177426273712802403f7ba8261b6c	mean_5_11_17_23_29_33|domfull	974	0.00375	fp32	cuda	
e0f0e4b66720f6e7e6acff6e	Q9D4H4	miss	968	968	False	1.0	4f322459a4f8492c7421b8d5a9beb9aa6571f92e07f0344e772dd24ea555de07	08e4846e537177426273712802403f7ba8261b6c	mean_5_11_17_23_29_33|domfull	968	0.00375	fp32	cuda	
8b7869ad46fad45dd15888a2	Q9AGP1	miss	967	967	False	1.0	3b32a61a2dd967614a35709fabd3a78021b6b332b51352f7eb504987b710f820	08e4846e537177426273712802403f7ba8261b6c	mean_5_11_17_23_29_33|domfull	967	0.003125	fp32	cuda	
2ad98538830a12418f62b82f	O94829	miss	963	963	False	1.0	97d5a97429e1fc6e71b2acb7cfa47f08b5a9b30c0598cf32dae1ff1e8e9192d7	08e4846e537177426273712802403f7ba8261b6c	mean_5_11_17_23_29_33|domfull	963	0.003125	fp32	cuda	
9babed84e0991211bef4d83c	S0DLN7	miss	961	961	False	1.0	6951d27a1bcb372942978f1367180e21b49aed87a5175422e71a90747139afca	08e4846e537177426273712802403f7ba8261b6c	mean_5_11_17_23_29_33|domfull	961	0.003125	fp32	cuda	
194cb48c718aca30dfd78189	Q7TSG2	miss	960	960	False	1.0	4462e3b3503d0ecf020d4116c4a545ccbfa6c02a93d59135976474e4a29a2753	08e4846e537177426273712802403f7ba8261b6c	mean_5_11_17_23_29_33|domfull	960	0.003125	fp32	cuda	
5db5cc453a7471a5275302d3	Q9USQ1	miss	960	960	False	1.0	58359b1db64ecf59a4fdd7bd8e64bbcc6c6872fa254293837f775dcc0848d6e0	08e4846e537177426273712802403f7ba8261b6c	mean_5_11_17_23_29_33|domfull	960	0.003125	fp32	cuda	
9092a92e7be9590383e3f764	Q6NRV8	miss	959	959	False	1.0	1f315c1d2047708ac25d5767ff986e3714db1a37dc27055d142da92a01e0068a	08e4846e537177426273712802403f7ba8261b6c	mean_5_11_17_23_29_33|domfull	959	0.003125	fp32	cuda	
e4bd768c9bd568e95c9a041c	P55117	miss	955	955	False	1.0	0160a2e319659b9a55cbcb47930e07a6e1026a01669d3a1962b6c8b5a0d1f039	08e4846e537177426273712802403f7ba8261b6c	mean_5_11_17_23_29_33|domfull	955	0.003125	fp32	cuda	
b5b8fffb1a0e017a45b4ceed	Q9INI5	miss	954	954	False	1.0	3520d33446c50ed84edc04ed1f667bd8d7b26216d9712166e480289eed818e16	08e4846e537177426273712802403f7ba8261b6c	mean_5_11_17_23_29_33|domfull	954	0.003125	fp32	cuda	
807dfa275adccc1a4bf09c5a	Q9VUA0	miss	952	952	False	1.0	7c02f92eea49c3f10121d554c6a6182bb0550fbea9b29cab2b24a7aa7d524601	08e4846e537177426273712802403f7ba8261b6c	mean_5_11_17_23_29_33|domfull	952	0.003125	fp32	cuda	
2321f743cf017fb4868734c6	Q8CHP0	miss	950	950	False	1.0	39b7d1fd539fdfd776987d8db45b62e5438c1e05e05d29a65553a37c76a62f66	08e4846e537177426273712802403f7ba8261b6c	mean_5_11_17_23_29_33|domfull	950	0.003125	fp32	cuda	
1cbfb10b83bd6f2bd24ad0b1	Q9WVL5	miss	950	950	False	1.0	8a40820d4ec906786d46dced3721ab732429c867001131f30b9f41290dd75aff	08e4846e537177426273712802403f7ba8261b6c	mean_5_11_17_23_29_33|domfull	950	0.003125	fp32	cuda	
95ca788778255f6976342845	Q9H8L6	miss	949	949	False	1.0	13564d6d637d5f426525fc628d8fcd629ed302ce8cf4061d4a19ed9d5413de38	08e4846e537177426273712802403f7ba8261b6c	mean_5_11_17_23_29_33|domfull	949	0.003125	fp32	cuda	
d601ca1bb47b7d39f613bcc5	Q9C5V5	miss	947	947	False	1.0	6007608e7eab92c276c84be62dceb6aa5cd60570387b624f329bdbc3e87f021d	08e4846e537177426273712802403f7ba8261b6c	mean_5_11_17_23_29_33|domfull	947	0.003125	fp32	cuda	
04c20dc714982c3a6253dafd	Q9VJ04	miss	946	946	False	1.0	e45a82e6f9d3249fabbcdbe61f2ca175d0d892678e30117b6ea5335f76bf6183	08e4846e537177426273712802403f7ba8261b6c	mean_5_11_17_23_29_33|domfull	946	0.003125	fp32	cuda	
d71ae1568e5ee86109911572	B0F2B4	miss	945	945	False	1.0	5cc1770af32bc9e41a17adb9b5c461e0bd34ac30aed59592467060e81747b4ac	08e4846e537177426273712802403f7ba8261b6c	mean_5_11_17_23_29_33|domfull	945	0.003125	fp32	cuda	
85e17cce93e45804192d4204	Q9VR07	miss	943	943	False	1.0	19a4692c95e3fdba50c017b1aadda90c6bc5974b8559c1c4da9ffaf0a46a0fe4	08e4846e537177426273712802403f7ba8261b6c	mean_5_11_17_23_29_33|domfull	943	0.003125	fp32	cuda	
67dce9b88dfdb6368db38673	Q8VID6	miss	935	935	False	1.0	68a6e2a5be3abf51fa954e20766a611aa5735f1e9eb7a6acdf2c06d2f3f9041e	08e4846e537177426273712802403f7ba8261b6c	mean_5_11_17_23_29_33|domfull	935	0.0029411764705882353	fp32	cuda	
2709b753ed82354e73178f0b	Q9SJ40	miss	932	932	False	1.0	68cfd6c60fed17ae4956db11e29c87ec815cb9840f9ad60904b0689aafa16e9f	08e4846e537177426273712802403f7ba8261b6c	mean_5_11_17_23_29_33|domfull	932	0.0029411764705882353	fp32	cuda	
ae25a193b3f290281c764e8b	X0JZ91	miss	931	931	False	1.0	1d0ff059e103268d06d49e091fbb5ffe56a90247bf5f495c1667a4b5b3b6daaf	08e4846e537177426273712802403f7ba8261b6c	mean_5_11_17_23_29_33|domfull	931	0.0029411764705882353	fp32	cuda	
37fe0ca461313466297dd14c	Q8TE49	miss	926	926	False	1.0	a7578552cb7acff000e4ee3c768a7218afb02bd21457560033cbe696db79aaae	08e4846e537177426273712802403f7ba8261b6c	mean_5_11_17_23_29_33|domfull	926	0.0029411764705882353	fp32	cuda	
aea9abebfc555f8e25e0c7c3	T2KNB2	miss	926	926	False	1.0	1b18f21ea6b9ea8d254e6b0a5ccf1033eab9a064e4e5e8974dc5ccd4f795f623	08e4846e537177426273712802403f7ba8261b6c	mean_5_11_17_23_29_33|domfull	926	0.0029411764705882353	fp32	cuda	
0653d72ccec77615d0a46c68	Q9RN02	miss	922	922	False	1.0	be1bbc255520bde79724d103a122cbb479e9f70e4ca653584081502ea1855148	08e4846e537177426273712802403f7ba8261b6c	mean_5_11_17_23_29_33|domfull	922	0.0029411764705882353	fp32	cuda	
d7b150a97768d85092e241fe	P78953	miss	920	920	False	1.0	3e8dcd3599b2ae5aa0c68e3cab90813ca4e41fc4fb512441129051e93f59593f	08e4846e537177426273712802403f7ba8261b6c	mean_5_11_17_23_29_33|domfull	920	0.0029411764705882353	fp32	cuda	
def9d7c9f8fbecd3e3d21f4b	S8F0G9	miss	920	920	False	1.0	1b3323ef721cf65ab45d3b117ae2dacc946e403f4e3e6310d20c440e008b3a65	08e4846e537177426273712802403f7ba8261b6c	mean_5_11_17_23_29_33|domfull	920	0.0029411764705882353	fp32	cuda	
5734f00c94afa529cb9f50db	P32917	miss	917	917	False	1.0	3866925f03ef5b691d89d7720b25c9b30e53a8677aea49ef9e18c1e359d0af2b	08e4846e537177426273712802403f7ba8261b6c	mean_5_11_17_23_29_33|domfull	917	0.0029411764705882353	fp32	cuda	
1fc09c80bd4a81e6dd1cdb14	P39936	miss	914	914	False	1.0	a8be0f8d9dbd92a83551ff028d1dee950724c71a3c37b6a9d4f81bd473e75bed	08e4846e537177426273712802403f7ba8261b6c	mean_5_11_17_23_29_33|domfull	914	0.0029411764705882353	fp32	cuda	
5848ea462072192d0f2e1e6e	Q19469	miss	914	914	False	1.0	1667ffd1c664fa539a9a75ef22982eabf70c41d0f95feaf6bff349248d742655	08e4846e537177426273712802403f7ba8261b6c	mean_5_11_17_23_29_33|domfull	914	0.0029411764705882353	fp32	cuda	
16c468bd9c1ae974c4f8cf15	Q9SY69	miss	913	913	False	1.0	7e2c3716932cdd6aaaa7bb544404f9f5ba2c0436cdef2fcec7326d6dee2d8715	08e4846e537177426273712802403f7ba8261b6c	mean_5_11_17_23_29_33|domfull	913	0.0029411764705882353	fp32	cuda	
4df862171af80e8448466190	Q9V3R1	miss	912	912	False	1.0	1f48846586655dbe9b4224ccfce96f1bffb13a28c58d78efa9fba741b8dc7c82	08e4846e537177426273712802403f7ba8261b6c	mean_5_11_17_23_29_33|domfull	912	0.0029411764705882353	fp32	cuda	
2a21db0651b01f1b96f01929	Q96EK7	miss	910	910	False	1.0	44e8a35ee2611b38885a202691d9c30fc41a332e1e484e225c09e866c22936ae	08e4846e537177426273712802403f7ba8261b6c	mean_5_11_17_23_29_33|domfull	910	0.0029411764705882353	fp32	cuda	
b2250dc49d3bfcf931319604	Q83943	miss	908	908	False	1.0	733ca7936f984311e5b783b1bf61f6690eb8f125ca882e34ac156c078a5b7701	08e4846e537177426273712802403f7ba8261b6c	mean_5_11_17_23_29_33|domfull	908	0.0029411764705882353	fp32	cuda	
5ef468bdeb2d5ef3b3c289ff	Q99MB1	miss	905	905	False	1.0	c63e91d3d5cc8ccc0e96745f11d3559f84bcdbbccbe09c89646371cc58d16eb8	08e4846e537177426273712802403f7ba8261b6c	mean_5_11_17_23_29_33|domfull	905	0.0029411764705882353	fp32	cuda	
a5352b80202868cb54e564a8	Q04195	miss	904	904	False	1.0	1d9035f8479ad99bf0ca6221532e4baafd5d38dc6111a61cb1580a0de5cbc883	08e4846e537177426273712802403f7ba8261b6c	mean_5_11_17_23_29_33|domfull	904	0.0029411764705882353	fp32	cuda	
2a1dfe5987d9b7b8810d0acf	Q9NXZ1	miss	904	904	False	1.0	a71ae1e1c20b9fa5a5cf8bb854056fccfc32241ddcbf8177aba9bc6f38ef3232	08e4846e537177426273712802403f7ba8261b6c	mean_5_11_17_23_29_33|domfull	904	0.003333333333333333	fp32	cuda	
78a6aff3292502f8a4250ada	Q8IYH5	miss	903	903	False	1.0	5c90b2f994c060247b94c30cab7bc2e2f3694b3907706d468eab469eec05713b	08e4846e537177426273712802403f7ba8261b6c	mean_5_11_17_23_29_33|domfull	903	0.003333333333333333	fp32	cuda	
4e512e443c0442a19f982d8c	Q05934	miss	901	901	False	1.0	63b7ef9c5f8ff5f4963b1670f468961a91cdad0fa5f2891a9333f0e329c3d16e	08e4846e537177426273712802403f7ba8261b6c	mean_5_11_17_23_29_33|domfull	901	0.003333333333333333	fp32	cuda	
70f21b8b9785b5d644804444	Q7SZK7	miss	901	901	False	1.0	d38c01f288edaa6d6422f2b0848313ffcfe0ca740ddc813ca1fb0446bcfbac63	08e4846e537177426273712802403f7ba8261b6c	mean_5_11_17_23_29_33|domfull	901	0.003333333333333333	fp32	cuda	
1934cade47fca2d4e8fc0105	Q9UUD1	miss	900	900	False	1.0	7b5a983340d9b13d46c0ead81f2c62d553010cee93152c622460eb70d5d307cc	08e4846e537177426273712802403f7ba8261b6c	mean_5_11_17_23_29_33|domfull	900	0.003333333333333333	fp32	cuda	
5b91b8ba122c5b83189a0ca0	H2L0Q3	miss	899	899	False	1.0	721b687f00e15f281959de6f1f87870be4f8c7fb8a957737a97fcdc2588a121a	08e4846e537177426273712802403f7ba8261b6c	mean_5_11_17_23_29_33|domfull	899	0.003333333333333333	fp32	cuda	
40095f5c7d46196c759b72c0	P40977	miss	899	899	False	1.0	f14da12f6644d14df41e19edb39c54ff76af583934384d704ecff5fdcd2161b8	08e4846e537177426273712802403f7ba8261b6c	mean_5_11_17_23_29_33|domfull	899	0.003333333333333333	fp32	cuda	
ca8faddb55794100add29558	Q24210	miss	898	898	False	1.0	fa8a7dc7cd3e1ff679b2f68d7505d5846374b412c16734b6756a8ca39509da88	08e4846e537177426273712802403f7ba8261b6c	mean_5_11_17_23_29_33|domfull	898	0.003333333333333333	fp32	cuda	
eb7c4409c8199c19cc8aaa33	Q89EW7	miss	897	897	False	1.0	e9decaf65f4338e269f2799cbdd82d1cf0a41c0353ff96b1df4056ba3745f8a9	08e4846e537177426273712802403f7ba8261b6c	mean_5_11_17_23_29_33|domfull	897	0.003333333333333333	fp32	cuda	
2e0f911bdd8063081b670d06	Q9HDS6	miss	897	897	False	1.0	60f9e61e5d3e162c982999a943ae38ec0cc86a1a4c84adf7ebe82dced321aff6	08e4846e537177426273712802403f7ba8261b6c	mean_5_11_17_23_29_33|domfull	897	0.003333333333333333	fp32	cuda	
77abe9f5dc49664eef93a492	Q75LD5	miss	893	893	False	1.0	8e84211785818792c195a9fcf913347cf34d3e33f98578f3a87a688167cca6cc	08e4846e537177426273712802403f7ba8261b6c	mean_5_11_17_23_29_33|domfull	893	0.003333333333333333	fp32	cuda	
5b48b5aecf639df65cbddecc	P46578	miss	892	892	False	1.0	e0f6a9eb86a3a0fb71df063015b353e3c3bde333c4704cef6f4f0d13ad4d148f	08e4846e537177426273712802403f7ba8261b6c	mean_5_11_17_23_29_33|domfull	892	0.003333333333333333	fp32	cuda	
049a45d6f57df2b8c57c8cae	Q9MUP8	miss	890	890	False	1.0	49096cabddc835e707ee1fae171085298ed450891e986f3651c7aac22e67ff5f	08e4846e537177426273712802403f7ba8261b6c	mean_5_11_17_23_29_33|domfull	890	0.003333333333333333	fp32	cuda	
19710ead65bbcca440e18da6	Q86I31	miss	885	885	False	1.0	a58a837ab7959c4d5e03f076eb82db0ab8f9c8b69db4c5076ccfbc7d07d79004	08e4846e537177426273712802403f7ba8261b6c	mean_5_11_17_23_29_33|domfull	885	0.003333333333333333	fp32	cuda	
8330b84472548834af1a10b9	Q8R4S5	miss	883	883	False	1.0	75898527215a4bd66653d32ec07b65795e685e025510a4f2be302cbc1d2efa47	08e4846e537177426273712802403f7ba8261b6c	mean_5_11_17_23_29_33|domfull	883	0.003333333333333333	fp32	cuda	
0b289b4378ad9571e10c918f	Q91ID7	miss	881	881	False	1.0	872e3e45bbe266599fa5997fd403dfdcacc8036fd090d12c08077a85c55d2688	08e4846e537177426273712802403f7ba8261b6c	mean_5_11_17_23_29_33|domfull	881	0.003333333333333333	fp32	cuda	
f1c1d90b009a19079187820f	Q3AF87	miss	878	878	False	1.0	3c7ff90584bf14913768a8d713e8905073791f5318c6ade5a3b38e9bc9fb9496	08e4846e537177426273712802403f7ba8261b6c	mean_5_11_17_23_29_33|domfull	878	0.003333333333333333	fp32	cuda	
e5f93e38b3ce8bf7881e92f2	O14638	miss	875	875	False	1.0	332a615fa2c3bc173a06bcc49fae71432ccdd91eb59277b93cb8bbbbf0e67a42	08e4846e537177426273712802403f7ba8261b6c	mean_5_11_17_23_29_33|domfull	875	0.003333333333333333	fp32	cuda	
b8fb85f35b5f9eac9b4669da	Q9FL51	miss	872	872	False	1.0	8314b7e18dc28c9b41a692ba861db3604f3b2924eef5f8790b2f6e72bc65a5fe	08e4846e537177426273712802403f7ba8261b6c	mean_5_11_17_23_29_33|domfull	872	0.002777777777777778	fp32	cuda	
d4978937e7289571ffa651f3	Q9LME2	miss	871	871	False	1.0	d8e397750e7df528013349839aa3e89ec0fd3511bd26fb77d5d742bbfd263184	08e4846e537177426273712802403f7ba8261b6c	mean_5_11_17_23_29_33|domfull	871	0.002777777777777778	fp32	cuda	
06ecd07cc1f6e29eade80e9e	Q9M907	miss	871	871	False	1.0	113624e0820938fbe936df0befd54f3e9604dad773b6c0a24e08b48021d9cf4f	08e4846e537177426273712802403f7ba8261b6c	mean_5_11_17_23_29_33|domfull	871	0.002777777777777778	fp32	cuda	
ec1eecb0a82110ba4990ab5f	Q6FJW0	miss	870	870	False	1.0	d6a95ff0ae2ed970363ada59e9b2e8fb1857e1a298d86f6e804531c6d9eb2431	08e4846e537177426273712802403f7ba8261b6c	mean_5_11_17_23_29_33|domfull	870	0.002777777777777778	fp32	cuda	
043b0b7128eff89cf70adb0d	Q8MLZ3	miss	867	867	False	1.0	7afc1449d91c850eebdbbea1544884e92c474817d51464545b0fdda28b71d14e	08e4846e537177426273712802403f7ba8261b6c	mean_5_11_17_23_29_33|domfull	867	0.002777777777777778	fp32	cuda	
0889f9c0e99703f7c9ce5c66	Q24X61	miss	862	862	False	1.0	90979da90c239f46de6f6c1666557d780a4a769c7adc1c9e6f8bc308b162dff5	08e4846e537177426273712802403f7ba8261b6c	mean_5_11_17_23_29_33|domfull	862	0.002777777777777778	fp32	cuda	
46114ffbc4834c6a0f71f754	Q8WUH2	miss	860	860	False	1.0	9722bfcb393e1ab91d13897b78082160b91a8dad6e88f886ce0b018b1e4a5796	08e4846e537177426273712802403f7ba8261b6c	mean_5_11_17_23_29_33|domfull	860	0.002777777777777778	fp32	cuda	
fce435fb8137777e20a8d98c	Q6UDK3	miss	859	859	False	1.0	a458af67990537be735e3f942302a9e206aa92427a5e5cc3192c3582dfa451b2	08e4846e537177426273712802403f7ba8261b6c	mean_5_11_17_23_29_33|domfull	859	0.002777777777777778	fp32	cuda	
6523bd62b2298ab719e853fe	Q9GZR7	miss	859	859	False	1.0	fa0de7cf1c6f91ee9a32986ff319bbba15182740be154d150a142e0933eabef4	08e4846e537177426273712802403f7ba8261b6c	mean_5_11_17_23_29_33|domfull	859	0.002777777777777778	fp32	cuda	
6ebf45cc34aacf8512dad443	P0C219	miss	858	858	False	1.0	d1002ae4963067f864193c5a670f2402e8fb139d0408fc8dd1518fe33648cbfc	08e4846e537177426273712802403f7ba8261b6c	mean_5_11_17_23_29_33|domfull	858	0.002777777777777778	fp32	cuda	
2da9d740942051b47a17a864	Q0RHA0	miss	858	858	False	1.0	ce14370d3f69c591dc3e23ef447050b04fd047feb736e2266fdfc3f4b5a2bd00	08e4846e537177426273712802403f7ba8261b6c	mean_5_11_17_23_29_33|domfull	858	0.002777777777777778	fp32	cuda	
5c4251a602009bd006065343	Q3U1C4	miss	858	858	False	1.0	28800779eb234f1018a66389cff2d32db844dc88995472cc232b811101eb1c56	08e4846e537177426273712802403f7ba8261b6c	mean_5_11_17_23_29_33|domfull	858	0.002777777777777778	fp32	cuda	
9d0bfdec433a3cc27c174b24	Q9FT69	miss	858	858	False	1.0	10dd1d198066a7bf96e51834af31df5ab2bef2749ac9ae01977729101f7437a9	08e4846e537177426273712802403f7ba8261b6c	mean_5_11_17_23_29_33|domfull	858	0.002777777777777778	fp32	cuda	
db233404fa0e66cd9f243947	S7WCF5	miss	858	858	False	1.0	44ecafb1a03860fc4c46041f446f3e07f88c7a7a810daf9a5b85c6c6bf59c460	08e4846e537177426273712802403f7ba8261b6c	mean_5_11_17_23_29_33|domfull	858	0.002777777777777778	fp32	cuda	
2e8214bec380ad427516dee3	Q99PK0	miss	855	855	False	1.0	93faf3fb1ef242d5a3a59118e4a91fdf85c86a88cd1e1647cc1c5a146f2c237e	08e4846e537177426273712802403f7ba8261b6c	mean_5_11_17_23_29_33|domfull	855	0.002777777777777778	fp32	cuda	
0fafd782d8298b0e389526ad	A0A7U2I117	miss	854	854	False	1.0	bfafc6d69147c28df1c7dcce0ac9d3ff1faec6ca58b941894da82d204a46dd23	08e4846e537177426273712802403f7ba8261b6c	mean_5_11_17_23_29_33|domfull	854	0.002777777777777778	fp32	cuda	
c0cd041e5c3f4ed234109af8	E7FA21	miss	853	853	False	1.0	a2ec7c911a62ec026e4188f9161cd2ec846e6e6828c0dfe6d5be43d83bc3f20f	08e4846e537177426273712802403f7ba8261b6c	mean_5_11_17_23_29_33|domfull	853	0.002777777777777778	fp32	cuda	
b81cc44a93092e10740cd597	Q5H432	miss	850	850	False	1.0	3e90c9746464ba46f086993cb8afc35d81a1827e6b9a3ec67a2bd47d4f5f7aac	08e4846e537177426273712802403f7ba8261b6c	mean_5_11_17_23_29_33|domfull	850	0.002777777777777778	fp32	cuda	
36685d5186c8f055e3614c25	Q7QHW5	miss	850	850	False	1.0	a21fb6cb1e84f09a4d3567f34dba2437c0e86ab38de7acb728ecf7f6322c4fd7	08e4846e537177426273712802403f7ba8261b6c	mean_5_11_17_23_29_33|domfull	850	0.002631578947368421	fp32	cuda	
d48ba87b6031319b1c7a2749	Q9W436	miss	849	849	False	1.0	6e039b9e5aa91a167fe0543a0df12bc22dfc82ed5775b2f1a8de84ab67b3366e	08e4846e537177426273712802403f7ba8261b6c	mean_5_11_17_23_29_33|domfull	849	0.002631578947368421	fp32	cuda	
daf20b9a4027599f29f72828	Q9XIL5	miss	849	849	False	1.0	647de65c2e3f4f61bc004e72449336f26da481099e8e4d0792bee9e618baa318	08e4846e537177426273712802403f7ba8261b6c	mean_5_11_17_23_29_33|domfull	849	0.002631578947368421	fp32	cuda	
472b9e6188720cd2e6dc06db	E1C2V1	miss	847	847	False	1.0	bdf4c85884846c5cbb718431194c7e25518763e0214e5040ecb881cfe1d70e6a	08e4846e537177426273712802403f7ba8261b6c	mean_5_11_17_23_29_33|domfull	847	0.002631578947368421	fp32	cuda	
235228061acac08cd56319bd	Q7TSL3	miss	843	843	False	1.0	6c39d8876f78c4dc113c443c3881bcfbb0d4744e44ae7e9ed5ed3eb2b60c3695	08e4846e537177426273712802403f7ba8261b6c	mean_5_11_17_23_29_33|domfull	843	0.002631578947368421	fp32	cuda	
467f95db8d1ce356af79a506	Q9LS88	miss	842	842	False	1.0	ed9d715816e266c8a97cebb11af9eb6a08d26ffcf8bb1134782a04febbe68e67	08e4846e537177426273712802403f7ba8261b6c	mean_5_11_17_23_29_33|domfull	842	0.002631578947368421	fp32	cuda	
6acad14bda1592d657a08bfb	Q9ZHG4	miss	842	842	False	1.0	8b67e62132d2f2e7a818bc65427a0aad8bd9d6390b3e614484fe6a73a294c51d	08e4846e537177426273712802403f7ba8261b6c	mean_5_11_17_23_29_33|domfull	842	0.002631578947368421	fp32	cuda	
b1f6c6ce7726d855acd1fabe	Q95JR0	miss	840	840	False	1.0	5c802e05e4c0268cea3de19241b0e3ccd664a5858d62ea18ff6051c7a17313e9	08e4846e537177426273712802403f7ba8261b6c	mean_5_11_17_23_29_33|domfull	840	0.002631578947368421	fp32	cuda	
5304060b58a640d2dd8d9807	Q9C951	miss	840	840	False	1.0	48ec5ca693ebbfb4a05e06105cdc0406fdf5bed2851d99af0fb9fb4904e72f91	08e4846e537177426273712802403f7ba8261b6c	mean_5_11_17_23_29_33|domfull	840	0.002631578947368421	fp32	cuda	
699b6fec82b667b9bd77f983	Q9I1X7	miss	840	840	False	1.0	d0bfda4af46aee8a223044e9ae5ae680f3ebc79e118c3f2bfc39f4ab1115cd12	08e4846e537177426273712802403f7ba8261b6c	mean_5_11_17_23_29_33|domfull	840	0.002631578947368421	fp32	cuda	
df5fa9f7694f483b0fbc3dd9	P42915	miss	838	838	False	1.0	0c330ff98e95b0ada2893fb1f323307ea16f4d3a8fa57b3b82b201da9452ab1e	08e4846e537177426273712802403f7ba8261b6c	mean_5_11_17_23_29_33|domfull	838	0.002631578947368421	fp32	cuda	
c43287013c3c1f8a03a7e43c	P08298	miss	837	837	False	1.0	10369153531d447a0e40332e700fda6c85def009cfc267282049e76560f8d65e	08e4846e537177426273712802403f7ba8261b6c	mean_5_11_17_23_29_33|domfull	837	0.002631578947368421	fp32	cuda	
7a9bf9e1cd20547e911a5448	Q9Y7J8	miss	836	836	False	1.0	a8864b6f717c525e47c1262521b13fb83b521c05651d15f8a6589ef7f4fb81f6	08e4846e537177426273712802403f7ba8261b6c	mean_5_11_17_23_29_33|domfull	836	0.002631578947368421	fp32	cuda	
1b71bbb4ee3e2bb245905f2a	Q9LT25	miss	835	835	False	1.0	65fd865cc274863f5da8dd0512a727f0c81cfde7e95f948be0486fcb125e81ff	08e4846e537177426273712802403f7ba8261b6c	mean_5_11_17_23_29_33|domfull	835	0.002631578947368421	fp32	cuda	
a73fa3a2867cc5f6054b736b	P43572	miss	832	832	False	1.0	1ed6a0c84dc0df9fa0b61d4e262cdda7c084d5112eccde1aeb1760907d824472	08e4846e537177426273712802403f7ba8261b6c	mean_5_11_17_23_29_33|domfull	832	0.002631578947368421	fp32	cuda	
90f0dd7700c493bf92508afc	Q99523	miss	831	831	False	1.0	71c75d29add3938542716c997db4ce5b657f2759a4642773975ae9b7d12ea876	08e4846e537177426273712802403f7ba8261b6c	mean_5_11_17_23_29_33|domfull	831	0.002631578947368421	fp32	cuda	
3453070ef9b7aa369f78cf04	Q9KVL2	miss	829	829	False	1.0	1310492702e8c3da8992ceffcdffe062cd33827fad727a52e25cf681962f37ad	08e4846e537177426273712802403f7ba8261b6c	mean_5_11_17_23_29_33|domfull	829	0.002631578947368421	fp32	cuda	
55d6df448ec14a9a37c36628	Q9VFP2	miss	829	829	False	1.0	a352493a92ad1001942f2ca31864f2d933f40ab1ba59bfea4521682d73c0d60a	08e4846e537177426273712802403f7ba8261b6c	mean_5_11_17_23_29_33|domfull	829	0.002631578947368421	fp32	cuda	
b003d4e03035d09b0e0b19b0	Q94407	miss	827	827	False	1.0	ab50165b097505a40c7947b0ec5a1dc982d5d92ff3da44cb22977a59b2c77a92	08e4846e537177426273712802403f7ba8261b6c	mean_5_11_17_23_29_33|domfull	827	0.002631578947368421	fp32	cuda	
ae7ba3cdd4182a6be7ebe80f	Q940X9	miss	826	826	False	1.0	32322cee0aede703f0ca89d6c8c7504d8929514e3177afb7a2ac8ce02607ff35	08e4846e537177426273712802403f7ba8261b6c	mean_5_11_17_23_29_33|domfull	826	0.002631578947368421	fp32	cuda	
c78a76724049fdce6a351033	Q9W735	miss	826	826	False	1.0	154d442e69dbb85ac59120e9f1584fb30dc9ed2666e1dda39c9b556ca72d1df3	08e4846e537177426273712802403f7ba8261b6c	mean_5_11_17_23_29_33|domfull	826	0.002631578947368421	fp32	cuda	
30c4b5650fa0a67da44e1f10	Q96M69	miss	825	825	False	1.0	4d453884bce4fdf0c69b88794e4212d876cddbe6cb3e153c6e0b43f218d9a116	08e4846e537177426273712802403f7ba8261b6c	mean_5_11_17_23_29_33|domfull	825	0.002631578947368421	fp32	cuda	
4816df16773cafb8f8300b1d	P91870	miss	824	824	False	1.0	b5ff15f54a4472b52c7f6766381a73364c753800e5e4fe8ea651109d78d20d12	08e4846e537177426273712802403f7ba8261b6c	mean_5_11_17_23_29_33|domfull	824	0.002631578947368421	fp32	cuda	
33fee0d071b4d7195bc1e0ae	Q94392	miss	824	824	False	1.0	2f87baba6a4d3e7e9cf0e01437c5a182dc0d762a8f011dbef6fbe7afd00887e0	08e4846e537177426273712802403f7ba8261b6c	mean_5_11_17_23_29_33|domfull	824	0.002631578947368421	fp32	cuda	
e92341d6ed3622e418822bcd	Q6H6R9	miss	822	822	False	1.0	de31bbce317cf8d74bf6df060426bd2c80681faddc2914aee0282ee957d2f27f	08e4846e537177426273712802403f7ba8261b6c	mean_5_11_17_23_29_33|domfull	822	0.002631578947368421	fp32	cuda	
44e89bdacefecbd933580545	Q9UKN8	miss	822	822	False	1.0	12a89d9c71ef3c289e04e96ef3ee324e947461808cb47f1e5be1a1cb48009cba	08e4846e537177426273712802403f7ba8261b6c	mean_5_11_17_23_29_33|domfull	822	0.002631578947368421	fp32	cuda	
62ff1bc9a5e08a6451d54117	Q9VI82	miss	822	822	False	1.0	9b4469f6721ac801b6c2ec0a6bee5a8783befcf555be1e44909dbda1d207827b	08e4846e537177426273712802403f7ba8261b6c	mean_5_11_17_23_29_33|domfull	822	0.002631578947368421	fp32	cuda	
8bd53dfeeb1d8d73b5cd77e8	Q94A76	miss	820	820	False	1.0	666f0da3a35098528f25c9febcd43660dd43efbd6067361ccce390294b8b435e	08e4846e537177426273712802403f7ba8261b6c	mean_5_11_17_23_29_33|domfull	820	0.002631578947368421	fp32	cuda	
01b1195cb68233039c0898fe	Q9VVH9	miss	819	819	False	1.0	5cddf0c8bdf339a5ccb1810eb4d12d15f6cc40452fee66d193d1811b22504fa6	08e4846e537177426273712802403f7ba8261b6c	mean_5_11_17_23_29_33|domfull	819	0.002631578947368421	fp32	cuda	
84650d5f8875238aae24292d	Q9Z1D8	miss	819	819	False	1.0	8b0e6606476f9cc555e99208c62afd489a3df2a4163ed7f0a5ffe310096a2e7c	08e4846e537177426273712802403f7ba8261b6c	mean_5_11_17_23_29_33|domfull	819	0.002631578947368421	fp32	cuda	
63e358f87273b1dbec8958b3	W6QJR3	miss	818	818	False	1.0	deb4512509577b543118ea9560f7f6d3ff2020917ba98f18685078e4788ada1f	08e4846e537177426273712802403f7ba8261b6c	mean_5_11_17_23_29_33|domfull	818	0.002631578947368421	fp32	cuda	
1594cff65d0dabd52331d7de	P48632	miss	815	815	False	1.0	40c2c4a8357e8203bda427a48120d060643c0b0463310605c7179321e584e14f	08e4846e537177426273712802403f7ba8261b6c	mean_5_11_17_23_29_33|domfull	815	0.002631578947368421	fp32	cuda	
cc6dc72227b08c3df1013d59	Q8RXU6	miss	815	815	False	1.0	e791d009db52e56b8b5da5be64441fb21374f82ab2af7793fa60aaf5fff4a3d2	08e4846e537177426273712802403f7ba8261b6c	mean_5_11_17_23_29_33|domfull	815	0.002631578947368421	fp32	cuda	
98148ca06d2322c42088229c	Q9SVD0	miss	815	815	False	1.0	1ff707376e322bbf3bd6d96af66db320bf30439dffdb576778fd35a417e2e30d	08e4846e537177426273712802403f7ba8261b6c	mean_5_11_17_23_29_33|domfull	815	0.002631578947368421	fp32	cuda	
806984e122cc7855b4d396da	Q9V9W8	miss	815	815	False	1.0	5bd6cfc84dcfbca616563f0d9aa5051b1edce0b3853026559ce19a033aea69bc	08e4846e537177426273712802403f7ba8261b6c	mean_5_11_17_23_29_33|domfull	815	0.002631578947368421	fp32	cuda	
239034a60c120abdf06cfd2b	Q9LK27	miss	813	813	False	1.0	10a29bb223814c2882059d32d213fde75c03ca515f371d00042d283ff96e561f	08e4846e537177426273712802403f7ba8261b6c	mean_5_11_17_23_29_33|domfull	813	0.002631578947368421	fp32	cuda	
24f063889409245d0865bf04	Q9UBL0	miss	812	812	False	1.0	db0d8f445b13ff6b4bded0fba9d3fd8f97cbdc191bb4d7e3d38654c6ea641200	08e4846e537177426273712802403f7ba8261b6c	mean_5_11_17_23_29_33|domfull	812	0.002631578947368421	fp32	cuda	
098f11a397224211972ccbbb	P21538	miss	810	810	False	1.0	5df959b0cc1b8a476dc20d4e86bfa75b1b7eedaefe200a569d58ff59249ef5b9	08e4846e537177426273712802403f7ba8261b6c	mean_5_11_17_23_29_33|domfull	810	0.002631578947368421	fp32	cuda	
adadc7f2ea69db22666fdc1e	O60058	miss	809	809	False	1.0	05a561c474b80a75f52f454452a17e872959bf2b221d80f208fad3f03e47b825	08e4846e537177426273712802403f7ba8261b6c	mean_5_11_17_23_29_33|domfull	809	0.0025	fp32	cuda	
42b811723ef44d6b282d2f26	P15917	miss	809	809	False	1.0	0f08a0f33648783b36fada752d56def0c2649349ef9dae080b01812e205a122f	08e4846e537177426273712802403f7ba8261b6c	mean_5_11_17_23_29_33|domfull	809	0.0025	fp32	cuda	
b781007e5f2b3a5f1622c2d4	Q388V7	miss	808	808	False	1.0	4cc30e7bb88b5fd8babc446380aee14b0aec4cb33c1f287d50e46c63bf361730	08e4846e537177426273712802403f7ba8261b6c	mean_5_11_17_23_29_33|domfull	808	0.0025	fp32	cuda	
f39f39c6852151962ea50e91	Q94A27	miss	808	808	False	1.0	a3e584d3ebfd43f267e82ceff07be7ae975818e5c1242a4b1af9552cd1ce1ac8	08e4846e537177426273712802403f7ba8261b6c	mean_5_11_17_23_29_33|domfull	808	0.0025	fp32	cuda	
460a0ce56f7986865f3e2d85	Q9P0L9	miss	805	805	False	1.0	2d442c48746befe46665042d3bcfb48bffd64928f76fb234b1fcbbcfd0e5e02b	08e4846e537177426273712802403f7ba8261b6c	mean_5_11_17_23_29_33|domfull	805	0.0025	fp32	cuda	
64bdfd6cbb58e49bcba877c4	Q8VYF9	miss	802	802	False	1.0	7ceb553e31feabb131e6e4bd520199e0bfdc5bd03d5ce9efa0b1fa63fd227f1b	08e4846e537177426273712802403f7ba8261b6c	mean_5_11_17_23_29_33|domfull	802	0.0025	fp32	cuda	
621a4b84a5d685bc5e103178	Q6NU13	miss	800	800	False	1.0	8b15da392909491f6ea79383ac3425db1040794ce95c22b776e8ea9867e91d03	08e4846e537177426273712802403f7ba8261b6c	mean_5_11_17_23_29_33|domfull	800	0.0025	fp32	cuda	
9551e1b0ab00a4858326aca4	P18084	miss	799	799	False	1.0	bd4f66185e4e7ba895a3613e5109f247d38e0f98da30d4eb06f6e38760074c49	08e4846e537177426273712802403f7ba8261b6c	mean_5_11_17_23_29_33|domfull	799	0.0025	fp32	cuda	
04fed7efdeadcda5d350b39c	Q6GM65	miss	799	799	False	1.0	112d6a52b689cb322b8655b942057515e704076173bc635c1224f674f07ac69e	08e4846e537177426273712802403f7ba8261b6c	mean_5_11_17_23_29_33|domfull	799	0.0025	fp32	cuda	
9c69b726a8c8c22c388f27de	Q9FJW6	miss	798	798	False	1.0	cb726ba1cf7fa551833405fe08a0b1c161560e60ac582eee05a929b6df221ca2	08e4846e537177426273712802403f7ba8261b6c	mean_5_11_17_23_29_33|domfull	798	0.0025	fp32	cuda	
72f07af7577b40a4fcc521ec	Q9UBK2	miss	798	798	False	1.0	17659308c69ac01d51fcc86fe96d838f4bfef869049bfc92b2e384f79ed58de3	08e4846e537177426273712802403f7ba8261b6c	mean_5_11_17_23_29_33|domfull	798	0.0025	fp32	cuda	
b8d76d142401b0cee98afd01	Q9XTG1	miss	798	798	False	1.0	6f7893a9af3870f0833eec2c878bb7f95a485cf1e763de46a7eab7f45fefe78d	08e4846e537177426273712802403f7ba8261b6c	mean_5_11_17_23_29_33|domfull	798	0.0025	fp32	cuda	
bd9722ceffd8ca85b775945a	Q9P7M6	miss	797	797	False	1.0	22ab02743d9e59e40528e45afa41999999ac6a61e061b70655914501ea354481	08e4846e537177426273712802403f7ba8261b6c	mean_5_11_17_23_29_33|domfull	797	0.0025	fp32	cuda	
016b44ac90dc2abbb4f5c861	Q9W1A4	miss	797	797	False	1.0	2cc2d3b232201c607354de7bc9a78e0b35de692265e8d7789a368115558a09c4	08e4846e537177426273712802403f7ba8261b6c	mean_5_11_17_23_29_33|domfull	797	0.0025	fp32	cuda	
c7e04c18b396a63fe54119d2	C0H906	miss	796	796	False	1.0	b564f7ca5356b931edf60ec4cf855d2aea50bbcae0e9b814b31dca2f770d9631	08e4846e537177426273712802403f7ba8261b6c	mean_5_11_17_23_29_33|domfull	796	0.0025	fp32	cuda	
bfccdbf88e33d1c5cf111e14	Q9FT77	miss	796	796	False	1.0	c40734956147ffe534b565af88d05e56bd9c734fbd32cd40d9e221793436b150	08e4846e537177426273712802403f7ba8261b6c	mean_5_11_17_23_29_33|domfull	796	0.0025	fp32	cuda	
8af1a7df7492741ca8adb573	Q9STU3	miss	795	795	False	1.0	dd9967d0bde7a962dabfb265db6cedbc5559123e4d55775e5db283a525fdae9a	08e4846e537177426273712802403f7ba8261b6c	mean_5_11_17_23_29_33|domfull	795	0.0025	fp32	cuda	
0f992e57554dc18a8738b627	G2XCL5	miss	794	794	False	1.0	3afec593c37e4dabd22a8e7d4db2e5ccbb58f1149361fc8dcb29adecc6f6007e	08e4846e537177426273712802403f7ba8261b6c	mean_5_11_17_23_29_33|domfull	794	0.0025	fp32	cuda	
4b7841f065da5542d00ce46d	Q9W0E8	miss	793	793	False	1.0	0ff557a8b66bcb5e208bfa3d4c1bbc711ebfeb25f15350092b089068d1f09cc0	08e4846e537177426273712802403f7ba8261b6c	mean_5_11_17_23_29_33|domfull	793	0.0025	fp32	cuda	
a1bca05c2dbc5cc734cfa935	Q8WXE1	miss	791	791	False	1.0	650351c2cd5cf77e829a9a8b3ea83ead1f9daec5de06704179c8ff1b0ca47aef	08e4846e537177426273712802403f7ba8261b6c	mean_5_11_17_23_29_33|domfull	791	0.0025	fp32	cuda	
a2e84efbc93bd5ef0e19196a	Q9W4N2	miss	788	788	False	1.0	dd1a93cf57ae52151966a13d473a288d59ae379fb82a5ac5117581d90cb1cfdc	08e4846e537177426273712802403f7ba8261b6c	mean_5_11_17_23_29_33|domfull	788	0.0025	fp32	cuda	
6e497d495b841f8d7670d731	Q8SSH5	miss	786	786	False	1.0	c6f43ad96052c3112c31115346dc4e76addad672278fd01c8e970083605591ce	08e4846e537177426273712802403f7ba8261b6c	mean_5_11_17_23_29_33|domfull	786	0.0025	fp32	cuda	
2954145286c207cda5bdb652	Q9C7E7	miss	786	786	False	1.0	6c4932de3ddccebcde522e2d4351252f4d3a2ae12c17471d1846171a45b6a861	08e4846e537177426273712802403f7ba8261b6c	mean_5_11_17_23_29_33|domfull	786	0.0025	fp32	cuda	
612f3a13bda25ad360aa2d33	P21189	miss	783	783	False	1.0	bd6e2b12cdf6882dd1c3344298183ecfb749018f06c5064adf48e2285d087702	08e4846e537177426273712802403f7ba8261b6c	mean_5_11_17_23_29_33|domfull	783	0.0025	fp32	cuda	
5afabb1ea08161b3726fd7f7	Q8HZ59	miss	782	782	False	1.0	2d22f3e17a17ec64415f65d20dc87f136c849d3cd66c4637977c100a23771177	08e4846e537177426273712802403f7ba8261b6c	mean_5_11_17_23_29_33|domfull	782	0.0025	fp32	cuda	
5fc3a6d8f7c4df910fd3919e	Q96JK4	miss	782	782	False	1.0	006463a6537a80db66772d9e30cf6afe6e33e39ac5f86bd5471b8086d03e8768	08e4846e537177426273712802403f7ba8261b6c	mean_5_11_17_23_29_33|domfull	782	0.0025	fp32	cuda	
79bbc030a888f49b253c90a7	Q6PFX6	miss	781	781	False	1.0	1c224c7e9670a9561ea2f1d8de5499a00534684476a0f56b1f43db757751e935	08e4846e537177426273712802403f7ba8261b6c	mean_5_11_17_23_29_33|domfull	781	0.0025	fp32	cuda	
00b35293a2837ad032ae827f	Q6ZMT9	miss	781	781	False	1.0	d2fc7d4cb27ba69e5489a081417aae0c4586f27321be1afd5f79e780d3e105db	08e4846e537177426273712802403f7ba8261b6c	mean_5_11_17_23_29_33|domfull	781	0.0025	fp32	cuda	
f8befef51125cb3269404116	O58247	miss	778	778	False	1.0	e1dc3fe219cfd17fef4c6fbc2ca857193fa22fb4df2e216652f8c0ce5e549ba8	08e4846e537177426273712802403f7ba8261b6c	mean_5_11_17_23_29_33|domfull	778	0.0025	fp32	cuda	
07026e20df7fc7f06961fb9a	Q381F9	miss	777	777	False	1.0	25b9af755a4260f97e9b4f52bdf2b243107b71f690a73f4894b0d036ebf96bcd	08e4846e537177426273712802403f7ba8261b6c	mean_5_11_17_23_29_33|domfull	777	0.0025	fp32	cuda	
66641daecdb62bf60a4f3809	P49880	miss	776	776	False	1.0	3860236045880e1fba2db60a10587fd60858794b5b8f637901d85e07872be895	08e4846e537177426273712802403f7ba8261b6c	mean_5_11_17_23_29_33|domfull	776	0.0025	fp32	cuda	
2af1dc18649a4b870ba31d96	Q8IV76	miss	773	773	False	1.0	d423a4f5f667882e4b095c5c7a2543b7028cd97cd7e54057fa903fc5b6e7d7a1	08e4846e537177426273712802403f7ba8261b6c	mean_5_11_17_23_29_33|domfull	773	0.0025	fp32	cuda	
694d3f6860e7c12eb302e354	Q8WYQ5	miss	773	773	False	1.0	404b4e7b1d0ed17cd02850d67a59d3574c9a4cd962d7faa23a4b2b15937f5c5c	08e4846e537177426273712802403f7ba8261b6c	mean_5_11_17_23_29_33|domfull	773	0.0025	fp32	cuda	
896e64a76194eae0ed0970c5	Q94A08	miss	773	773	False	1.0	a04c881381d61fe5f7b29530d5f8386896523a67fefa9d251cf81675fbf12f50	08e4846e537177426273712802403f7ba8261b6c	mean_5_11_17_23_29_33|domfull	773	0.0025	fp32	cuda	
f519229fea8081699ac0fcb8	O62609	miss	771	771	False	1.0	7618f6c974ad4270c674753dc0178f547417b9b87dca9e6eca1d07142a967c8f	08e4846e537177426273712802403f7ba8261b6c	mean_5_11_17_23_29_33|domfull	771	0.0025	fp32	cuda	
d4744e8f9152324e60ff1af4	Q9HCN3	miss	771	771	False	1.0	476b2aadec41bdef484c48d67ab5a0cffc85b498db138974c66d2dc3d7915940	08e4846e537177426273712802403f7ba8261b6c	mean_5_11_17_23_29_33|domfull	771	0.0025	fp32	cuda	
823123169769d6cb72a08aae	Q9VAQ1	miss	771	771	False	1.0	8144328d746773308a7860d5a30bf2d780df0491ddf5afb4f077f63b9d21a287	08e4846e537177426273712802403f7ba8261b6c	mean_5_11_17_23_29_33|domfull	771	0.0025	fp32	cuda	
1a0a0f84e61c7562ffaa8e7f	Q9XWP6	miss	770	770	False	1.0	99af7509fcbaf5a9b593a82749b357d8bca3851c3d3c489921f4a1d0e9830e97	08e4846e537177426273712802403f7ba8261b6c	mean_5_11_17_23_29_33|domfull	770	0.0025	fp32	cuda	
202db88b8e4b9526ce8eac62	Q99027	miss	769	769	False	1.0	d144a89b767c9ff322f93306d2447ead6e077f9d2e4b02376cb80b1bf91e299c	08e4846e537177426273712802403f7ba8261b6c	mean_5_11_17_23_29_33|domfull	769	0.0025	fp32	cuda	
1317a1abb85d7a90b7d214e4	O01991	miss	768	768	False	1.0	426992cfc0e5a41884b200bb060920179a1cd655d4f4ea3a8d3e02e53ced6fc4	08e4846e537177426273712802403f7ba8261b6c	mean_5_11_17_23_29_33|domfull	768	0.0025	fp32	cuda	
957b7eee9f91bb85c7b8478b	Q9RLB8	miss	768	768	False	1.0	99b26d1d0fb29f97d589a1e47b574d3f53568e48ae41f57cda26033ad54d11c3	08e4846e537177426273712802403f7ba8261b6c	mean_5_11_17_23_29_33|domfull	768	0.002380952380952381	fp32	cuda	
e44360fac14952c9b0dc8635	Q7TPS0	miss	764	764	False	1.0	8a7000b70cea2f5bfa36a46a4bdea3a81dbe2463529df45d2ecca1a2d35e45cc	08e4846e537177426273712802403f7ba8261b6c	mean_5_11_17_23_29_33|domfull	764	0.002380952380952381	fp32	cuda	
67668ca7db619f5136d01907	Q95KD0	miss	764	764	False	1.0	848b492b393057ee25f3372279d256048e91447f55561ad72d4ad7f6e7e9a72f	08e4846e537177426273712802403f7ba8261b6c	mean_5_11_17_23_29_33|domfull	764	0.002380952380952381	fp32	cuda	
1ffa8db571bb575f4cd6fa8d	Q9FH32	miss	763	763	False	1.0	d24a5647f6edb6af39823ea6b91223264a7dabde129d13a93c33cc6bce4e201d	08e4846e537177426273712802403f7ba8261b6c	mean_5_11_17_23_29_33|domfull	763	0.002380952380952381	fp32	cuda	
157b5c07eb8fdde43ab1f176	Q9SUA1	miss	763	763	False	1.0	e410af72755249af0158983decdb7fd48ced765e99ff2f763ec609e1c9b45f49	08e4846e537177426273712802403f7ba8261b6c	mean_5_11_17_23_29_33|domfull	763	0.002380952380952381	fp32	cuda	
974426e03d904143cf1ea771	A0R3R7	miss	762	762	False	1.0	a1168aa95e2b46bc188751febaf4367836c95935fbf82d96dac433fb198e4686	08e4846e537177426273712802403f7ba8261b6c	mean_5_11_17_23_29_33|domfull	762	0.002380952380952381	fp32	cuda	
7874422c455b56a32b8ebead	Q9UTE0	miss	762	762	False	1.0	778a4a403a8ddca7454a29d284e34a0166e5102a76189d6beb85e2f55bbfdd27	08e4846e537177426273712802403f7ba8261b6c	mean_5_11_17_23_29_33|domfull	762	0.002380952380952381	fp32	cuda	
46e713be2a35fefc4047a4a4	Q8CE22	miss	761	761	False	1.0	bd7c8ceca0dac2447eee1eb16f0343035bf5d89e7bc55a998f3cab04c7968b78	08e4846e537177426273712802403f7ba8261b6c	mean_5_11_17_23_29_33|domfull	761	0.002380952380952381	fp32	cuda	
ee010ff6d72ad60792fb99f9	Q9BRB3	miss	760	760	False	1.0	f96a91de3bd761bf612ceca3d521e0a6b9d2310de0b8fb997b5422c7625966a3	08e4846e537177426273712802403f7ba8261b6c	mean_5_11_17_23_29_33|domfull	760	0.002380952380952381	fp32	cuda	
29ba60080a87164462f77817	Q9N2V9	miss	760	760	False	1.0	b52912516b355edf4f6acc24d65a440e7cc6580865a95cb5581f1426d7684aeb	08e4846e537177426273712802403f7ba8261b6c	mean_5_11_17_23_29_33|domfull	760	0.002380952380952381	fp32	cuda	
db53a3447bb723c027f01c95	P16143	miss	758	758	False	1.0	88bdc41b72f0d426e05bba2598cf9bdda48a1e1ea503474c5acd52668d922807	08e4846e537177426273712802403f7ba8261b6c	mean_5_11_17_23_29_33|domfull	758	0.002380952380952381	fp32	cuda	
752db2885993aed3c3690b84	P49843	miss	758	758	False	1.0	a7bda7d7e21d2b7c4c5642bb487f006c31ded29d0163d7c9ba48d17a95077a42	08e4846e537177426273712802403f7ba8261b6c	mean_5_11_17_23_29_33|domfull	758	0.002380952380952381	fp32	cuda	
541be5681b63307e4780347c	Q876A6	miss	757	757	False	1.0	f8e484def9c581ddd8c1b0bb3538a1dd38c4dab2f353c78dc25210ef7ccf0bed	08e4846e537177426273712802403f7ba8261b6c	mean_5_11_17_23_29_33|domfull	757	0.002380952380952381	fp32	cuda	
d4c97e86ee352523c83b07ed	Q9H1I8	miss	757	757	False	1.0	b7a5ea3a891a5f25c3df795ce9a885ff61e0db92f86113f139bf2ca75c6f16d4	08e4846e537177426273712802403f7ba8261b6c	mean_5_11_17_23_29_33|domfull	757	0.002380952380952381	fp32	cuda	
e7e4b0a75789b3be0c50701e	Q9HCU0	miss	757	757	False	1.0	5de140e38af6ff4da85214e6fdc7a93faa5b9be0b770eb0329f411900d5588c3	08e4846e537177426273712802403f7ba8261b6c	mean_5_11_17_23_29_33|domfull	757	0.002380952380952381	fp32	cuda	
a0b555bab235851029fddde4	Q8N436	miss	756	756	False	1.0	6c91214942109cb174f10f3bb2540387b67b84529f7f18983eefedd1a530efcb	08e4846e537177426273712802403f7ba8261b6c	mean_5_11_17_23_29_33|domfull	756	0.002380952380952381	fp32	cuda	
90a21feef159d31c6120d935	Q9GYF0	miss	756	756	False	1.0	cad7f18dae7741deafd03b86a0a1b8a247f698285b78827a1035b3b161532a8d	08e4846e537177426273712802403f7ba8261b6c	mean_5_11_17_23_29_33|domfull	756	0.002380952380952381	fp32	cuda	
71e775ebbd4ef56bf529f309	Q93JY3	miss	755	755	False	1.0	60f62c94b4a9be566f61ac87628327dc50e48d8d46fd755d4361e0d946e95ad5	08e4846e537177426273712802403f7ba8261b6c	mean_5_11_17_23_29_33|domfull	755	0.002380952380952381	fp32	cuda	
bc747257c749a4ccdfecccd6	Q96HI0	miss	755	755	False	1.0	da8fe7db75aea410e32c8cc1b5771c920c98494ff3ff61d907be360ebb063047	08e4846e537177426273712802403f7ba8261b6c	mean_5_11_17_23_29_33|domfull	755	0.002380952380952381	fp32	cuda	
2c17722a2e7990e2b5c511bc	P32282	miss	754	754	False	1.0	5ff7ab4167619bdddb44e1c4436a3666ca0f7d03bc68a11052739cfd7093904b	08e4846e537177426273712802403f7ba8261b6c	mean_5_11_17_23_29_33|domfull	754	0.002380952380952381	fp32	cuda	
fe221fc7d443f949c0a18833	Q1ECZ4	miss	754	754	False	1.0	04affde24fe799ad8f9af7b1423aff3a6de3e94374007cfef3021750875ed328	08e4846e537177426273712802403f7ba8261b6c	mean_5_11_17_23_29_33|domfull	754	0.002380952380952381	fp32	cuda	
48c50501204bb6794ae4f58d	Q6FR93	miss	753	753	False	1.0	72fb84bf8c75a19b17ee88052f012dfa330f810627108e78d1ea974864ff5298	08e4846e537177426273712802403f7ba8261b6c	mean_5_11_17_23_29_33|domfull	753	0.002380952380952381	fp32	cuda	
c26cc96b0e03b39183ad35f2	Q9NVP4	miss	752	752	False	1.0	445c8528bb178293ce9bd12adce6658f4ae25928e13ac43c03752e249c63920b	08e4846e537177426273712802403f7ba8261b6c	mean_5_11_17_23_29_33|domfull	752	0.002380952380952381	fp32	cuda	
619287f852dfcf7f4d7e5923	Q9SLC6	miss	752	752	False	1.0	3514a0f3a156ea0a61dcb86b015d2612eb5a02e3278099f58dcb5d6e187ffb1d	08e4846e537177426273712802403f7ba8261b6c	mean_5_11_17_23_29_33|domfull	752	0.002380952380952381	fp32	cuda	
d99b81739d2ae33a7facfddd	Q92698	miss	747	747	False	1.0	076621fb418cdba70cd223fb47dfeeec524a1dc685a22aea1fe1a3399d3a4917	08e4846e537177426273712802403f7ba8261b6c	mean_5_11_17_23_29_33|domfull	747	0.002380952380952381	fp32	cuda	
33d993f3cdd110573af6885f	Q9TZL0	miss	747	747	False	1.0	ed262affcebd7f85d62ca23aaa0087bfbf18a2d646e202c27cc26a88b6cc2020	08e4846e537177426273712802403f7ba8261b6c	mean_5_11_17_23_29_33|domfull	747	0.002380952380952381	fp32	cuda	
21dda417058c2d4c89fb3cff	Q9UFB7	miss	747	747	False	1.0	8b6e1d388f59a163750cb015fe70d01412b4b4080dd9a78675e0c114d8e1c243	08e4846e537177426273712802403f7ba8261b6c	mean_5_11_17_23_29_33|domfull	747	0.002380952380952381	fp32	cuda	
d8762708baafa72de0e27b12	Q9ULW0	miss	747	747	False	1.0	d07722a95e38b3a5df0e01311cb4f97ec309d88e7d9f1eaba11f45263557c1e9	08e4846e537177426273712802403f7ba8261b6c	mean_5_11_17_23_29_33|domfull	747	0.002380952380952381	fp32	cuda	
7b05270782c436273c6b9bfe	Q8C4U2	miss	746	746	False	1.0	c4eddfba26225f1d9e389d563565111a603dd4e963f1330e3ccc88e8a53e9885	08e4846e537177426273712802403f7ba8261b6c	mean_5_11_17_23_29_33|domfull	746	0.002380952380952381	fp32	cuda	
d574f44b729a7230082a2c26	Q05996	miss	745	745	False	1.0	bb796e3f8afbc2cbc69f93a91ab108b3f7e75d3aadb6db3a37105cfa2c2996c0	08e4846e537177426273712802403f7ba8261b6c	mean_5_11_17_23_29_33|domfull	745	0.002380952380952381	fp32	cuda	
a7625892d9318485d9f5c1c4	Q9VCN9	miss	743	743	False	1.0	dffafdd59dc6f41cf720f781a7acebbe16dd9c8a07646ad48f35c2d436c43c3e	08e4846e537177426273712802403f7ba8261b6c	mean_5_11_17_23_29_33|domfull	743	0.002380952380952381	fp32	cuda	
f3acc06c58acbb02bdaf6e7a	Q9W3J8	miss	743	743	False	1.0	59b2d23b1fe4647172b260af4b6a41675c7a17c445d723d49c589e3ebddfab2d	08e4846e537177426273712802403f7ba8261b6c	mean_5_11_17_23_29_33|domfull	743	0.002380952380952381	fp32	cuda	
c0064e6cab31351916a42042	Q9ZVX5	miss	743	743	False	1.0	810e8e925bd6469f2905f91a0075b0cef7a905fe2dca1e6e936982a205883dea	08e4846e537177426273712802403f7ba8261b6c	mean_5_11_17_23_29_33|domfull	743	0.002380952380952381	fp32	cuda	
3de3c773b17ff52121da6933	S0E028	miss	743	743	False	1.0	736c903473b4c763a1b3a89b7ba8ae57e0f27d98854de02a668ba4d4ba6c394a	08e4846e537177426273712802403f7ba8261b6c	mean_5_11_17_23_29_33|domfull	743	0.002380952380952381	fp32	cuda	
984c581c8aee26cab686fc2b	Q9H091	miss	742	742	False	1.0	d1aa18992e5b3d676d7044630fd5dd4a440a093bccec972137afa46a9720d4a3	08e4846e537177426273712802403f7ba8261b6c	mean_5_11_17_23_29_33|domfull	742	0.002380952380952381	fp32	cuda	
673449d0bc0bb6d79ed4b2cb	S0EJF2	miss	742	742	False	1.0	bbd9bc380b737d77245fe5fa7036364c2b7cbabe933a541d21cabc7c3d3e5c46	08e4846e537177426273712802403f7ba8261b6c	mean_5_11_17_23_29_33|domfull	742	0.002380952380952381	fp32	cuda	
e173491680611ecfc4ae0e59	Q8BSY0	miss	741	741	False	1.0	05eadf9ea9ebf30e3c8425ae0dae43789a328c062860a8db3c5b1193443c57b1	08e4846e537177426273712802403f7ba8261b6c	mean_5_11_17_23_29_33|domfull	741	0.002380952380952381	fp32	cuda	
dc3dd2e7d3629434c00cebb4	Q9Y7K6	miss	741	741	False	1.0	2139d3d3ab1b07997c6edba65c6649506b4753aedab88ad7dd004d29205762fd	08e4846e537177426273712802403f7ba8261b6c	mean_5_11_17_23_29_33|domfull	741	0.002380952380952381	fp32	cuda	
a211c26c2bd4f031414d8565	Q8L7F7	miss	739	739	False	1.0	30d5e090fb7a613a11abe60c3f812c5c825c7c24a4a037582c6d9eb6971b1912	08e4846e537177426273712802403f7ba8261b6c	mean_5_11_17_23_29_33|domfull	739	0.002380952380952381	fp32	cuda	
61778cc8cc9dc1758629a4e9	Q9LKF9	miss	739	739	False	1.0	904efad0e4d7b8b97c9891d06ccec0f9de9917c72b369ad0e98fb7930cc879de	08e4846e537177426273712802403f7ba8261b6c	mean_5_11_17_23_29_33|domfull	739	0.002380952380952381	fp32	cuda	
795ae3d8121c422ad34a8db6	B2RKU0	miss	736	736	False	1.0	cd5a207906e272a43f4939d255805dec48d94e67a02b89c7fa23911ce3ba3da9	08e4846e537177426273712802403f7ba8261b6c	mean_5_11_17_23_29_33|domfull	736	0.002380952380952381	fp32	cuda	
ea944fc2135c157ebb1dfbe0	Q7ZVR8	miss	736	736	False	1.0	5c92ab7bab37414b4daf634af37d27f7b55fe4f60b7da1720c5ac32b5a2ddcd8	08e4846e537177426273712802403f7ba8261b6c	mean_5_11_17_23_29_33|domfull	736	0.002380952380952381	fp32	cuda	
2c55eee3fbf018a7e8392f83	Q9UU96	miss	736	736	False	1.0	894a63d1d818c46e73d36eb8098aa72c5394e48f9d61e0023e3cbfb64132eba4	08e4846e537177426273712802403f7ba8261b6c	mean_5_11_17_23_29_33|domfull	736	0.002272727272727273	fp32	cuda	
68d4a92671781781f245999f	Q9Y7Z4	miss	735	735	False	1.0	e4d2c4b391545bb111075d7bcc64d34a0db3a7abf56155e2cff26e8ef12dbbc3	08e4846e537177426273712802403f7ba8261b6c	mean_5_11_17_23_29_33|domfull	735	0.002272727272727273	fp32	cuda	
6693e173bdae2ff8711e105f	Q96P31	miss	734	734	False	1.0	18bfdc31ffebb6e318449ea6b1bb9d3ecea8801c4d0a9594851f6aa25b8e1a35	08e4846e537177426273712802403f7ba8261b6c	mean_5_11_17_23_29_33|domfull	734	0.002272727272727273	fp32	cuda	
4eb25a1b927c53988da37662	Q9U9K0	miss	732	732	False	1.0	d196c0e5bcdd3afc369a04ae5fbb9fdc5469ca040a6e32bd103a24c3e681632c	08e4846e537177426273712802403f7ba8261b6c	mean_5_11_17_23_29_33|domfull	732	0.002272727272727273	fp32	cuda	
156a84ac1884da0e3708556c	Q9TUG2	miss	730	730	False	1.0	24cec46c3261646e3ed9d4c786ebf9784255e62ef55884328f733b52acf83e5d	08e4846e537177426273712802403f7ba8261b6c	mean_5_11_17_23_29_33|domfull	730	0.002272727272727273	fp32	cuda	
7433cafe24c90f0bd90fb2e0	Q9ZXA5	miss	729	729	False	1.0	512e117d2ecc1b802da8effac1009381404ff85cc50f5b6eb35b831af05b21a2	08e4846e537177426273712802403f7ba8261b6c	mean_5_11_17_23_29_33|domfull	729	0.002272727272727273	fp32	cuda	
591529beecc202c1b03e9008	Q91V93	miss	728	728	False	1.0	5fd53d01d5202cf68ad92f6b2f7dedecc2aa69c961eb89e045d78a595a95042b	08e4846e537177426273712802403f7ba8261b6c	mean_5_11_17_23_29_33|domfull	728	0.002272727272727273	fp32	cuda	
c3b18599ac33da955005eedb	Q9FGN7	miss	726	726	False	1.0	f27aa60df9bafc3b0ee805ce58527d7095f3925864ea0144fe5a1be9b910b4b9	08e4846e537177426273712802403f7ba8261b6c	mean_5_11_17_23_29_33|domfull	726	0.002272727272727273	fp32	cuda	
9966be1a7a9cda67f7905490	Q9Q3G5	miss	724	724	False	1.0	c9babc9508b6a564d2932bd09c53b49ecba8e8cdaea437505f70221da38517f5	08e4846e537177426273712802403f7ba8261b6c	mean_5_11_17_23_29_33|domfull	724	0.002272727272727273	fp32	cuda	
350fd0e570e09c6306bd5667	Q9LZA5	miss	723	723	False	1.0	b7a121b5320af5890df369f9a79c3f8b95a382f70c0130f6ad3aac982a8203fe	08e4846e537177426273712802403f7ba8261b6c	mean_5_11_17_23_29_33|domfull	723	0.002272727272727273	fp32	cuda	
57f3fa3ff1f63173686de887	Q9LK39	miss	722	722	False	1.0	261604d9559758832db3efd4773aa900ed640c9e1d6d24e23f12518553a7d47b	08e4846e537177426273712802403f7ba8261b6c	mean_5_11_17_23_29_33|domfull	722	0.002272727272727273	fp32	cuda	
a2df9a7a93f657fd31c24abb	Q9Z7G4	miss	722	722	False	1.0	0ad1988be66677572b31640901db24c0b1a52213f70d13ea9ed8e7ba619383a4	08e4846e537177426273712802403f7ba8261b6c	mean_5_11_17_23_29_33|domfull	722	0.002272727272727273	fp32	cuda	
1ba77c4358445ccb22ca2701	Q9VZQ1	miss	721	721	False	1.0	7777b98d69ee5b125c5caee8ef59ac38ba3686eab58922994c5d1d34bda736cb	08e4846e537177426273712802403f7ba8261b6c	mean_5_11_17_23_29_33|domfull	721	0.002272727272727273	fp32	cuda	
d81a5afb04a84a755970a357	Q9DUB7	miss	720	720	False	1.0	40aa4b29b2e4b7ba69d63b0d58736db1e127b088bcff4d19d33fcc213166621b	08e4846e537177426273712802403f7ba8261b6c	mean_5_11_17_23_29_33|domfull	720	0.002272727272727273	fp32	cuda	
0fa99095e6fe350543fe18d2	Q9T1S9	miss	720	720	False	1.0	a7b77a4bc70d6ff09369bfc5c23308c6909bdb182344cba31c6753a9c9e0ccc1	08e4846e537177426273712802403f7ba8261b6c	mean_5_11_17_23_29_33|domfull	720	0.002272727272727273	fp32	cuda	
abcb5d219753d7e67e5d1cd2	Q96RL1	miss	719	719	False	1.0	83084b235b4faef81e0b7f1d721c30c5f5dc25e68cc8b532e4cc0d6d09b9f9d4	08e4846e537177426273712802403f7ba8261b6c	mean_5_11_17_23_29_33|domfull	719	0.002272727272727273	fp32	cuda	
8ce07e96a254e5bf19ecdc18	Q9FGS4	miss	718	718	False	1.0	b30006222591541b39fd196951fd5508a10761d8b7322ea446ef3b30d518172e	08e4846e537177426273712802403f7ba8261b6c	mean_5_11_17_23_29_33|domfull	718	0.002272727272727273	fp32	cuda	
8fdbca394ef94692ba803f21	Q9SGY7	miss	718	718	False	1.0	27863f1ec422af8e972ded01a1d492828dcacb849b6565e2f38101de1606f9bc	08e4846e537177426273712802403f7ba8261b6c	mean_5_11_17_23_29_33|domfull	718	0.002272727272727273	fp32	cuda	
1d136d78e7fa6c35b7133e23	Q9ZKY0	miss	718	718	False	1.0	4f72a9bbc6168f79ef900969d936882a152625537d7f8895952367672268ea4a	08e4846e537177426273712802403f7ba8261b6c	mean_5_11_17_23_29_33|domfull	718	0.002272727272727273	fp32	cuda	
ec7d4f40d39e4016fb43316e	Q09219	miss	717	717	False	1.0	91e0f83e068223c0b94faac26e465b450aeedca3a170514ff1ac999f15d2b34f	08e4846e537177426273712802403f7ba8261b6c	mean_5_11_17_23_29_33|domfull	717	0.002272727272727273	fp32	cuda	
1dac81fb398e2173ae0374dc	Q8RM04	miss	717	717	False	1.0	b9ca8c0f0b763d28224abf983fa127def49daa86150581782b332fe7d7e1265b	08e4846e537177426273712802403f7ba8261b6c	mean_5_11_17_23_29_33|domfull	717	0.002272727272727273	fp32	cuda	
0113aad4f2def2e970e61cee	Q9J5B9	miss	717	717	False	1.0	44f29a21f8faa5c70d7cdfa6e84e3cc5893934daa5a044b7138a099be45a60ed	08e4846e537177426273712802403f7ba8261b6c	mean_5_11_17_23_29_33|domfull	717	0.002272727272727273	fp32	cuda	
6dc8707141f0d0ffc426f5f8	Q9VW27	miss	717	717	False	1.0	50473aca89ba6f4ac80ea4f9239652c9d9292b980a972d0d5469773e107dd26a	08e4846e537177426273712802403f7ba8261b6c	mean_5_11_17_23_29_33|domfull	717	0.002272727272727273	fp32	cuda	
e6079ef63dc5bca2552b7fb3	O15992	miss	715	715	False	1.0	7f60a34413a5f9e92de158c33b1a975eae1f3cbfcd6e4f0c2d27fbc0fc2ee1b8	08e4846e537177426273712802403f7ba8261b6c	mean_5_11_17_23_29_33|domfull	715	0.002272727272727273	fp32	cuda	
13e6aef8e9e97f1213051efb	Q9US53	miss	715	715	False	1.0	208f976f60098728d9fb5c8594e9f8c528ce8f02c348ab790aba22851cb88444	08e4846e537177426273712802403f7ba8261b6c	mean_5_11_17_23_29_33|domfull	715	0.002272727272727273	fp32	cuda	
bdd27aeee10b3fc88354a42b	Q9VU52	miss	715	715	False	1.0	fc7e2be3e9204b09c9c38327375412f223ee516dc98ec32c5d4335bd294f0901	08e4846e537177426273712802403f7ba8261b6c	mean_5_11_17_23_29_33|domfull	715	0.002272727272727273	fp32	cuda	
d750da0cc29d47e4ec67e0c2	Q9ESJ4	miss	714	714	False	1.0	9412b267704190bfeeedffaf535ba50478ab78e26effed7b25f7303b77c03d29	08e4846e537177426273712802403f7ba8261b6c	mean_5_11_17_23_29_33|domfull	714	0.002272727272727273	fp32	cuda	
535c68e03e22e148a6f22e5a	Q9M3B6	miss	710	710	False	1.0	be63bb37fe705f41e0d117ceee13e345cba01c2d61e70df7d23eb96bedd9a84f	08e4846e537177426273712802403f7ba8261b6c	mean_5_11_17_23_29_33|domfull	710	0.002272727272727273	fp32	cuda	
a73fc707daf2dd549f1b9072	P07112	miss	709	709	False	1.0	0464775532e8c27335316a99af9ce9cb7715a4ec4d1b4fa87eb907c08f4c3cce	08e4846e537177426273712802403f7ba8261b6c	mean_5_11_17_23_29_33|domfull	709	0.002272727272727273	fp32	cuda	
f195c6e565880dad8842ec44	Q6I7C2	miss	709	709	False	1.0	79d5d4625b6abbd13c17f8318c9540cd0d8f1a27e5aa98e29f32ce7a98b78567	08e4846e537177426273712802403f7ba8261b6c	mean_5_11_17_23_29_33|domfull	709	0.002272727272727273	fp32	cuda	
767dedb134f73e00cadb1d1c	W7E8S5	miss	709	709	False	1.0	0a5e98bd5451dd1df8692bfba4c2b37115415d8028b9f08f97f000e0cbd88d54	08e4846e537177426273712802403f7ba8261b6c	mean_5_11_17_23_29_33|domfull	709	0.002272727272727273	fp32	cuda	
d33b56d6fc01e88beffb6800	P13228	miss	708	708	False	1.0	8953a8a3b1fea64a17665cba16f00e4b9e32bd589ede30c0a0bbf45049ab101a	08e4846e537177426273712802403f7ba8261b6c	mean_5_11_17_23_29_33|domfull	708	0.002272727272727273	fp32	cuda	
7f350957c033287380fa7a32	P57716	miss	708	708	False	1.0	cd2ea1563da639f294f919f80d1685fc60bc8206d1bcb2e925208ca4b58b3ea1	08e4846e537177426273712802403f7ba8261b6c	mean_5_11_17_23_29_33|domfull	708	0.002272727272727273	fp32	cuda	
1e84ed7bd35a25379768b4b7	Q8V3T6	miss	708	708	False	1.0	00d312d3b5bb313652c54c736bdfaf1a2097febc1ff44d579434017d0cb02d62	08e4846e537177426273712802403f7ba8261b6c	mean_5_11_17_23_29_33|domfull	708	0.002272727272727273	fp32	cuda	
e5f4e3a0fefc9a7e812a5a5a	P98070	miss	707	707	False	1.0	93d3bf53739c5d8b758070fd7baba6c8f1f5a11fc2979620de63f7721a845ac1	08e4846e537177426273712802403f7ba8261b6c	mean_5_11_17_23_29_33|domfull	707	0.002272727272727273	fp32	cuda	
3bfb5c6f7104ecb9fbb295ca	Q5M9G3	miss	707	707	False	1.0	a78cbc732eb9b781a7ac03467b2fa09a882784db8546ad7ff92c24154b7f2529	08e4846e537177426273712802403f7ba8261b6c	mean_5_11_17_23_29_33|domfull	707	0.002272727272727273	fp32	cuda	
a7b0c63a32c89c82de00b0d2	Q8S8N9	miss	707	707	False	1.0	f10ec2bae6ae8b8bdebc9f6fa9f345d89d5d24b795475f6a58823b9596400f5b	08e4846e537177426273712802403f7ba8261b6c	mean_5_11_17_23_29_33|domfull	707	0.002272727272727273	fp32	cuda	
d5a2469d5cc52c0fc854d9d8	P17599	miss	706	706	False	1.0	2b0c29d043fd541270e3a90fe454366343e3a277d892e5c6053164e5b0d3f929	08e4846e537177426273712802403f7ba8261b6c	mean_5_11_17_23_29_33|domfull	706	0.002272727272727273	fp32	cuda	
f31b4140196b8723debadaae	Q9PTP2	miss	706	706	False	1.0	cab0c3e1bd4bc2341ac54ff44b1b247cb8e56cbfe1280c6b12b9004165503002	08e4846e537177426273712802403f7ba8261b6c	mean_5_11_17_23_29_33|domfull	706	0.002272727272727273	fp32	cuda	
b177dc8cf345ac7b610dca9e	P74535	miss	705	705	False	1.0	84e06444c0bbde1c36a26e45671d5e8df774b9cdfa4eafb7a1e06cead5b5b34e	08e4846e537177426273712802403f7ba8261b6c	mean_5_11_17_23_29_33|domfull	705	0.002272727272727273	fp32	cuda	
4fae8892a0fe5fdb668c734d	Q8N350	miss	705	705	False	1.0	b9597d33777120b8dc273450ce1f6b61412558c28136f81580002a68463b446e	08e4846e537177426273712802403f7ba8261b6c	mean_5_11_17_23_29_33|domfull	705	0.002272727272727273	fp32	cuda	
8fdc0f36b5b9476260924cf0	Q796K8	miss	704	704	False	1.0	5cfc215dc80e7eddcf1ebea813197d7e8fcd58ded8dece28cb2518506c858f5a	08e4846e537177426273712802403f7ba8261b6c	mean_5_11_17_23_29_33|domfull	704	0.002272727272727273	fp32	cuda	
7f1eb7cd7b3e314d11d3dab3	Q8BMD6	miss	703	703	False	1.0	e211314036ec1c274716c95f33dcc4787355651113f2843ac3d81d4b31ef1b99	08e4846e537177426273712802403f7ba8261b6c	mean_5_11_17_23_29_33|domfull	703	0.002272727272727273	fp32	cuda	
8104349247782e007f119749	Q8ND24	miss	703	703	False	1.0	84908ac25095491bbced14a01d813f334f1b09dc2f98a355b2071af40f55bfbc	08e4846e537177426273712802403f7ba8261b6c	mean_5_11_17_23_29_33|domfull	703	0.002272727272727273	fp32	cuda	
9be1973b81af931d378fc5a0	D2CVN6	miss	701	701	False	1.0	679b13860eaf28166fee2f7a907e758b536362744e6344fb2e2f67d3f0ae1bb6	08e4846e537177426273712802403f7ba8261b6c	mean_5_11_17_23_29_33|domfull	701	0.002173913043478261	fp32	cuda	
179e15211845705286964166	Q9UTL1	miss	701	701	False	1.0	cd3e94efce06711147d4594941a70060d666593d9d8770cd65a516ca86b42155	08e4846e537177426273712802403f7ba8261b6c	mean_5_11_17_23_29_33|domfull	701	0.002173913043478261	fp32	cuda	
ca1d2f3f33c8f507dbe948fa	Q9VUY0	miss	698	698	False	1.0	21f19082138593fddbfbcab78eebabc0b9e225e235b608f41713bc164fd194d8	08e4846e537177426273712802403f7ba8261b6c	mean_5_11_17_23_29_33|domfull	698	0.002173913043478261	fp32	cuda	
f619c948cafa8694ebd746ae	Q87026	miss	697	697	False	1.0	8db4ec4d8b45d88152cf142ce02105ff88fff9f4c66ce0cba1f8989970350c31	08e4846e537177426273712802403f7ba8261b6c	mean_5_11_17_23_29_33|domfull	697	0.002173913043478261	fp32	cuda	
71925f48a828c9a72469248b	Q9ZUA9	miss	697	697	False	1.0	11a37990a3acee54629b3dbb4420b0c2edcb9e9c6ba2f2d16ea51bfbd762aec4	08e4846e537177426273712802403f7ba8261b6c	mean_5_11_17_23_29_33|domfull	697	0.002173913043478261	fp32	cuda	
a565c1bce1abbe3a9fcb2596	Q9FFX6	miss	695	695	False	1.0	172c52f25b666fea58894c9f78f38f160f38e3601a72f74d88aaefb7e4242c25	08e4846e537177426273712802403f7ba8261b6c	mean_5_11_17_23_29_33|domfull	695	0.002173913043478261	fp32	cuda	
2f39d078f65f9021d9d272a3	Q96TL7	miss	693	693	False	1.0	234830671ca4af21607727e8e8103ad366da9885cf7b250ea9b075091132d52b	08e4846e537177426273712802403f7ba8261b6c	mean_5_11_17_23_29_33|domfull	693	0.002173913043478261	fp32	cuda	
833edc996294e898ba1f2237	Q9VCU7	miss	691	691	False	1.0	2115635c556e1115a7fe22847b44d0040b0c6a6593135a05ee2f56cbb09b9098	08e4846e537177426273712802403f7ba8261b6c	mean_5_11_17_23_29_33|domfull	691	0.002173913043478261	fp32	cuda	
f9564602e143d0a5e7df3787	Q9VML1	miss	691	691	False	1.0	8f1fe7f1e8317b8b5fac6449fb866a3739dbfd032571e946742afd065093a43f	08e4846e537177426273712802403f7ba8261b6c	mean_5_11_17_23_29_33|domfull	691	0.002173913043478261	fp32	cuda	
9539a49e511bd626b3180c15	Q7T0Y4	miss	690	690	False	1.0	904063156e8166d19f2741bbf90e12d5139ef593dc9567c3cf63c772ef50cbd9	08e4846e537177426273712802403f7ba8261b6c	mean_5_11_17_23_29_33|domfull	690	0.002173913043478261	fp32	cuda	
608b6d51f0acb6b725720f6e	Q9RWH3	miss	690	690	False	1.0	0aa7ef33b99ea0ea87e65276d0ffda22434012dcd5c42b10df53179d89499991	08e4846e537177426273712802403f7ba8261b6c	mean_5_11_17_23_29_33|domfull	690	0.002173913043478261	fp32	cuda	
f18b2dda6142cd55a0387c09	Q8CFG8	miss	688	688	False	1.0	b5fd2675899d9fd1b54b9545a0c3d132a7c0658aedd001709356d505d2336a74	08e4846e537177426273712802403f7ba8261b6c	mean_5_11_17_23_29_33|domfull	688	0.002173913043478261	fp32	cuda	
13295b41161ef2ac12797551	Q9M2B9	miss	687	687	False	1.0	a56643b3517c7e128cc37da81e6881fcd96009284ca2c6bb4fc7a490296a574a	08e4846e537177426273712802403f7ba8261b6c	mean_5_11_17_23_29_33|domfull	687	0.002173913043478261	fp32	cuda	
e1835a19ae19a92c6f2463be	Q9QY53	miss	687	687	False	1.0	c69fe862dc8f3a4f4ca74f6036500fac40f7fa9452aba7df3226784f5a129191	08e4846e537177426273712802403f7ba8261b6c	mean_5_11_17_23_29_33|domfull	687	0.002173913043478261	fp32	cuda	
8633fa8d3864d96fb3b418b0	Q6P2C0	miss	686	686	False	1.0	ca8ba99d0837f55e37c5c308fe9b7f44c569f7b9334b8ada3306bab0ee9c16be	08e4846e537177426273712802403f7ba8261b6c	mean_5_11_17_23_29_33|domfull	686	0.002173913043478261	fp32	cuda	
0150fee1e378b8242c0e2b2d	Q8R2N2	miss	686	686	False	1.0	d63e3dc6267650b3bb98c1aa7c80ccf127ed448286dc0d70c76b9949c26d57d4	08e4846e537177426273712802403f7ba8261b6c	mean_5_11_17_23_29_33|domfull	686	0.002173913043478261	fp32	cuda	
cbd5fdf336f5c219b19c1548	Q94316	miss	686	686	False	1.0	c0f2027b050b93b3dcd77fcbebf374a63e0aebfd6d7db34191d0b3256b8a574a	08e4846e537177426273712802403f7ba8261b6c	mean_5_11_17_23_29_33|domfull	686	0.002173913043478261	fp32	cuda	
6b441c5d75dd8b0fb49d0bf8	Q9YEA0	miss	685	685	False	1.0	d4137f2690b35fd6e2a5743ff604998c2feae7d4581647c187fc908a907b5b6f	08e4846e537177426273712802403f7ba8261b6c	mean_5_11_17_23_29_33|domfull	685	0.002173913043478261	fp32	cuda	
2d3bba7b0b2cdee73f2346a6	P81274	miss	684	684	False	1.0	4c757b43aede62e220343bb4dd49d4b530bec54bacbfcce24ebf12c922fa0908	08e4846e537177426273712802403f7ba8261b6c	mean_5_11_17_23_29_33|domfull	684	0.002173913043478261	fp32	cuda	
652ea0b811a5f75a12aa54bf	Q54E71	miss	684	684	False	1.0	f2fd7181eea6d4acd58815c846554a9dabcb8b5cc1926adc919e2a65a6bda73c	08e4846e537177426273712802403f7ba8261b6c	mean_5_11_17_23_29_33|domfull	684	0.002173913043478261	fp32	cuda	
0fdacee3dbbecca3c968ac5e	Q8IUH8	miss	684	684	False	1.0	df8a305c6944f40b48df9132b790ec1277f7a2081dbf32f82ad87c8b134c878a	08e4846e537177426273712802403f7ba8261b6c	mean_5_11_17_23_29_33|domfull	684	0.002173913043478261	fp32	cuda	
7b33f10b5ebd4703e9b5965a	Q8SZZ8	miss	684	684	False	1.0	cb7ec689c893f68d909f199a512b15bb6d08573e9b109990e7d5b8d981f780cd	08e4846e537177426273712802403f7ba8261b6c	mean_5_11_17_23_29_33|domfull	684	0.002173913043478261	fp32	cuda	
5e7eaa915dff82b8f34a1f2a	Q9P896	miss	682	682	False	1.0	07e773bc06f2745cb1a8d43e18107394745072bef8bdd20e914468e242fab9f7	08e4846e537177426273712802403f7ba8261b6c	mean_5_11_17_23_29_33|domfull	682	0.002173913043478261	fp32	cuda	
cad3377feabe48dc8b961799	S3DQQ3	miss	682	682	False	1.0	1100a57af7de9771ec4aa458cf9ae53ad697673845e914105bbdb5f9bdf67910	08e4846e537177426273712802403f7ba8261b6c	mean_5_11_17_23_29_33|domfull	682	0.002173913043478261	fp32	cuda	
d170df46e8cbb56409feca42	W8DXL4	miss	681	681	False	1.0	3be0f1a46716311e3225541846e3f65a51211ab3221e5f2ed96f1324cc56a02c	08e4846e537177426273712802403f7ba8261b6c	mean_5_11_17_23_29_33|domfull	681	0.002173913043478261	fp32	cuda	
c29e88270a69b72eb09fdce2	Q8Z6P7	miss	679	679	False	1.0	c54118fead0587b670cb34c946c8e1684e294db4f93154ae94f5dba0be02a2fe	08e4846e537177426273712802403f7ba8261b6c	mean_5_11_17_23_29_33|domfull	679	0.002173913043478261	fp32	cuda	
0302c4b745a1c9378579e984	P36587	miss	678	678	False	1.0	52c79ca3e88dc5d7afd787fc9837f8e36a101a00d9319053c91ec6b3bdc9f468	08e4846e537177426273712802403f7ba8261b6c	mean_5_11_17_23_29_33|domfull	678	0.002173913043478261	fp32	cuda	
452675364f01b718dde41edd	Q9LHN5	miss	678	678	False	1.0	28faa3938f1da67ecef1544a51b210e9e0e14e67d38b0522f1fbb28a6b0e77a3	08e4846e537177426273712802403f7ba8261b6c	mean_5_11_17_23_29_33|domfull	678	0.002173913043478261	fp32	cuda	
8239915a69839d41cfab70d1	P22121	miss	677	677	False	1.0	3b977f4ba3e27e9f98b102f287f2e7e7645c0df15d58663cb4a628a32f5013ab	08e4846e537177426273712802403f7ba8261b6c	mean_5_11_17_23_29_33|domfull	677	0.002173913043478261	fp32	cuda	
a5df61fbd204378b109750a0	P35620	miss	677	677	False	1.0	ec213835c1a556ed6d0780f71d39db94275fa272c18553c61a8dea17d0c1260c	08e4846e537177426273712802403f7ba8261b6c	mean_5_11_17_23_29_33|domfull	677	0.002173913043478261	fp32	cuda	
f8dae0aae63ce713b871a750	Q61584	miss	677	677	False	1.0	9fb4f54c5af14642eb307e396a1fefca14ce1bd7bb60b4abf544ab0e356af6f1	08e4846e537177426273712802403f7ba8261b6c	mean_5_11_17_23_29_33|domfull	677	0.002173913043478261	fp32	cuda	
ec06334b5034b0198e0de049	Q9L9F4	miss	677	677	False	1.0	cf92563dbf75db8cc3f111e8c6142b8d2b7e8bd9649da9850b851d7a774418b1	08e4846e537177426273712802403f7ba8261b6c	mean_5_11_17_23_29_33|domfull	677	0.002173913043478261	fp32	cuda	
d0852e02f39332aadc7e84a8	Q9W266	miss	677	677	False	1.0	6fa31a762d117546b67eec0ac22703ccc51b974b6999c49cfb7789edefe62dbf	08e4846e537177426273712802403f7ba8261b6c	mean_5_11_17_23_29_33|domfull	677	0.002173913043478261	fp32	cuda	
49d1ec5ed504e0301e636484	W7L9F0	miss	676	676	False	1.0	850c1a0d69795976aa5cb1d7986a568cba0984cd421bdbb5e3e62947c2a020ee	08e4846e537177426273712802403f7ba8261b6c	mean_5_11_17_23_29_33|domfull	676	0.002173913043478261	fp32	cuda	
0540268493aff835aee714c4	Q8K0U4	miss	675	675	False	1.0	3377953f67c40bb4fb8de2a010f46920eaf051bed1f4bfb3df2029505209f33f	08e4846e537177426273712802403f7ba8261b6c	mean_5_11_17_23_29_33|domfull	675	0.002173913043478261	fp32	cuda	
4c202cf4915cc265aa23c50b	Q92331	miss	675	675	False	1.0	a2b4f3a7677fa75a7c41ce0b8c6aacbeddb56487b2572389dbd75655ee6972f7	08e4846e537177426273712802403f7ba8261b6c	mean_5_11_17_23_29_33|domfull	675	0.002173913043478261	fp32	cuda	
8b385bc486f2aaa0d444b211	P75906	miss	672	672	False	1.0	b5a183417b9269c0d7f46f2867d1cb1c0458fc6b45b1b388660c09e0a0cf6c44	08e4846e537177426273712802403f7ba8261b6c	mean_5_11_17_23_29_33|domfull	672	0.002173913043478261	fp32	cuda	
6c2d8efbbcf883e0c79188fa	Q86T24	miss	672	672	False	1.0	25f8c590d55128ad3258b833575080784ef71ee26c3b488d1248c7f8335a0e89	08e4846e537177426273712802403f7ba8261b6c	mean_5_11_17_23_29_33|domfull	672	0.002173913043478261	fp32	cuda	
0a2c5f4a15e9131003202093	P87200	miss	671	671	False	1.0	041582eea559d8ffd5ebc3248e94d146cc29ee6906ed2a4e34909c5718609408	08e4846e537177426273712802403f7ba8261b6c	mean_5_11_17_23_29_33|domfull	671	0.002173913043478261	fp32	cuda	
92343b0167481b434d996c09	Q13546	miss	671	671	False	1.0	a5738db82a0d8d4b3b1be01d61879e9adcd8fef0377366ac0d930a850c227edc	08e4846e537177426273712802403f7ba8261b6c	mean_5_11_17_23_29_33|domfull	671	0.002173913043478261	fp32	cuda	
9b928999422920ab3ac3a7bd	Q9UTG2	miss	671	671	False	1.0	00ad294c877eb6770528503e17c2ab9a36c5476b068c1a27e931f504c486a439	08e4846e537177426273712802403f7ba8261b6c	mean_5_11_17_23_29_33|domfull	671	0.002173913043478261	fp32	cuda	
2261691ba8d4138fb75a4270	Q9VUX3	miss	671	671	False	1.0	4a3c8627d20b7953eba2c885814cd1ef5702527333b4a0d843a6b8a4c10b1d01	08e4846e537177426273712802403f7ba8261b6c	mean_5_11_17_23_29_33|domfull	671	0.002173913043478261	fp32	cuda	
630cc870c0600cb9b20310f1	Q06436	miss	670	670	False	1.0	1d5cb6ce6dee98db9f6132127811e3a3e52d3e4eb82e0f1022b8e8d23fa0f0a3	08e4846e537177426273712802403f7ba8261b6c	mean_5_11_17_23_29_33|domfull	670	0.002173913043478261	fp32	cuda	
f494d089b1e2d90678de1b92	Q9NII1	miss	669	669	False	1.0	1a1dd9cd335264c36cea24eab7ee0aaafd9921822ff09ab23a0dbf99fd6e9fdb	08e4846e537177426273712802403f7ba8261b6c	mean_5_11_17_23_29_33|domfull	669	0.002173913043478261	fp32	cuda	
e1716f1a4434134baadcd9c3	Q9VM21	miss	669	669	False	1.0	d86144cfe29d53237489612f3c4367a3d68bb9db978cbbec9f81e867d975c488	08e4846e537177426273712802403f7ba8261b6c	mean_5_11_17_23_29_33|domfull	669	0.002173913043478261	fp32	cuda	
876aa53bdc4f4ac27b8523bc	Q9VML9	miss	669	669	False	1.0	06490dff173ea0a19b5d6f91efb83b067352ba6b9bfb469fd673b5cafa4e70bb	08e4846e537177426273712802403f7ba8261b6c	mean_5_11_17_23_29_33|domfull	669	0.002173913043478261	fp32	cuda	
28874228d8169415c603848d	Q86UX7	miss	667	667	False	1.0	3a88f4dde4e323eeea86cef0bb34fc8cd86b6ffa3694e49b7024ad5cdf951591	08e4846e537177426273712802403f7ba8261b6c	mean_5_11_17_23_29_33|domfull	667	0.0020833333333333333	fp32	cuda	
ffeaa2ab19be52a9ad33ee11	Q9BX79	miss	667	667	False	1.0	cbf4afd75828585711a676f0461ec3e9d2db86c170ff85ca5ae80b6656e47279	08e4846e537177426273712802403f7ba8261b6c	mean_5_11_17_23_29_33|domfull	667	0.0020833333333333333	fp32	cuda	
8590111fb8bd9bc78613a61b	Q9LJE5	miss	667	667	False	1.0	2ebbde23c1dfa236e7b2e50624d11e68a20cd74de04b500211629e1fc583aea7	08e4846e537177426273712802403f7ba8261b6c	mean_5_11_17_23_29_33|domfull	667	0.0020833333333333333	fp32	cuda	
53f6f3e897f4d00fc0b6ddc0	P0CP39	miss	666	666	False	1.0	4014f02e7821d6782126804e6f50e6c97fcd9b1af1ca0e434bcd09fa24401fa8	08e4846e537177426273712802403f7ba8261b6c	mean_5_11_17_23_29_33|domfull	666	0.0020833333333333333	fp32	cuda	
3f525db2b7341a0cdf50320b	Q9HE11	miss	666	666	False	1.0	ed0e7b33a89d436c803974030990687e51d55d6bce9c556be967f66c442bc6e6	08e4846e537177426273712802403f7ba8261b6c	mean_5_11_17_23_29_33|domfull	666	0.0020833333333333333	fp32	cuda	
5eb6e03816ac8518d8dcc8e2	Q9SPL5	miss	666	666	False	1.0	55ab4e782f034499af49988124126f3fcf09eab91ad8a07c87bbb6bf1779cf1f	08e4846e537177426273712802403f7ba8261b6c	mean_5_11_17_23_29_33|domfull	666	0.0020833333333333333	fp32	cuda	
c99b6647022d0cbbd92fdd1f	Q9VJ90	miss	665	665	False	1.0	e772503ceee0473a9439108a470ab22fcda9dad41cd55889bd2ac731880b7fbf	08e4846e537177426273712802403f7ba8261b6c	mean_5_11_17_23_29_33|domfull	665	0.0020833333333333333	fp32	cuda	
8f6f948665e2e01f26ba4708	Q17693	miss	663	663	False	1.0	3cc93aa7cdc0c9b821ba6c1ef05e2fd4460f78ecf2597280b89f8e1e6b7de3ee	08e4846e537177426273712802403f7ba8261b6c	mean_5_11_17_23_29_33|domfull	663	0.0020833333333333333	fp32	cuda	
da81e6cfdf04155d3033d3be	Q54GH3	miss	663	663	False	1.0	b39797eea3a0e0d8d3429173a2c4b4a47fbd273581db683a1043b64a7ed02122	08e4846e537177426273712802403f7ba8261b6c	mean_5_11_17_23_29_33|domfull	663	0.0020833333333333333	fp32	cuda	
3cba308e418e64ce57c5eadb	Q9NX95	miss	663	663	False	1.0	3ec8cff5fb99a489aefb17a3816725cc8d63e45a77102cef665d71ecc62976e2	08e4846e537177426273712802403f7ba8261b6c	mean_5_11_17_23_29_33|domfull	663	0.0020833333333333333	fp32	cuda	
06dd6cb0af68ebfe09ff9d40	P10675	miss	662	662	False	1.0	e544f9870593ffbf4c3f6016c5c61d5d6ccd891de72fadc5411fd91a53460213	08e4846e537177426273712802403f7ba8261b6c	mean_5_11_17_23_29_33|domfull	662	0.0020833333333333333	fp32	cuda	
17e263e4cd18bfa375e72e29	P53627	miss	662	662	False	1.0	55d9b5db1acfe20821a0047c312f64502cfcfd34bd536217f5eb08bcf9cd1b23	08e4846e537177426273712802403f7ba8261b6c	mean_5_11_17_23_29_33|domfull	662	0.0020833333333333333	fp32	cuda	
56c32d78d3f62bcca6af8479	Q9TVY6	miss	661	661	False	1.0	54abb2221e50c7e0f8c3b867996e9be0224e177b4c787dbdb46b59dc5a130d67	08e4846e537177426273712802403f7ba8261b6c	mean_5_11_17_23_29_33|domfull	661	0.0020833333333333333	fp32	cuda	
afc23631d87363c3a0bc9af1	Q9NW15	miss	660	660	False	1.0	3b40b4bfb9f9a70784e6fb433eca6a86918cb358d22071bab52419f6174da678	08e4846e537177426273712802403f7ba8261b6c	mean_5_11_17_23_29_33|domfull	660	0.0020833333333333333	fp32	cuda	
c7f968a50fcad090b01ca416	Q95QG8	miss	659	659	False	1.0	81d692637a2e2d563f47f7215d0f56c73e319718c159cc6397a169a2f70ed6ad	08e4846e537177426273712802403f7ba8261b6c	mean_5_11_17_23_29_33|domfull	659	0.0020833333333333333	fp32	cuda	
a013eb2c0adfb15249b19691	Q9LW32	miss	659	659	False	1.0	a8e66ce0039bacf78e6eda757d86f0190f6ef495a3cb341b650931b9b57c7796	08e4846e537177426273712802403f7ba8261b6c	mean_5_11_17_23_29_33|domfull	659	0.0020833333333333333	fp32	cuda	
d7382bbc9e995a6e0a3ce242	Q0U397	miss	658	658	False	1.0	5037ba6b2805a6d35bfcae69326d4f0980a229c3e8c3994f62ef9c0f718d98ad	08e4846e537177426273712802403f7ba8261b6c	mean_5_11_17_23_29_33|domfull	658	0.0020833333333333333	fp32	cuda	
2bf216bcd14dbebb3ec6a535	Q9JL61	miss	658	658	False	1.0	f1dee3fd8051d41064594a38748615422db12959509c86141ad3d6213bcda747	08e4846e537177426273712802403f7ba8261b6c	mean_5_11_17_23_29_33|domfull	658	0.0020833333333333333	fp32	cuda	
f706f02e805b2cba1782ac35	Q9VRK8	miss	658	658	False	1.0	52a53626e1c73e9779f41a999116fd11b2d85ee6948e8286d93d0e3f23e123a3	08e4846e537177426273712802403f7ba8261b6c	mean_5_11_17_23_29_33|domfull	658	0.0020833333333333333	fp32	cuda	
9e112c70d035ce2cb2c9af56	P17564	miss	657	657	False	1.0	4b8bf0d5886abc28883f3d605eddc25c790a3548750a1b4ebe9b8a6807684025	08e4846e537177426273712802403f7ba8261b6c	mean_5_11_17_23_29_33|domfull	657	0.0020833333333333333	fp32	cuda	
76956d16e4fd5a780d395edb	Q9SAA6	miss	657	657	False	1.0	6c2aa86f51b395214cf426ad308e21396954936db93727d3a2437ecf2ff5c667	08e4846e537177426273712802403f7ba8261b6c	mean_5_11_17_23_29_33|domfull	657	0.0020833333333333333	fp32	cuda	
ab57c22c7069bc44bb24be36	P48818	miss	655	655	False	1.0	dbbf5cad8a59fc930039de0bfc862a86f5732a285a1b3bf5aba85bc317412a91	08e4846e537177426273712802403f7ba8261b6c	mean_5_11_17_23_29_33|domfull	655	0.0020833333333333333	fp32	cuda	
1cf477ac817666a1a2c51c0c	P54703	miss	654	654	False	1.0	eb2ae4f0000f6a57e92ecc762f07a89dcb6aa18728816f1b862286c258fa735f	08e4846e537177426273712802403f7ba8261b6c	mean_5_11_17_23_29_33|domfull	654	0.0020833333333333333	fp32	cuda	
0e1c0a071584880ddd9c7c7e	O14357	miss	653	653	False	1.0	2f16f4f49fd4527017c6c946a4e568824021b87d93704e373bc37c23d5a0c184	08e4846e537177426273712802403f7ba8261b6c	mean_5_11_17_23_29_33|domfull	653	0.0020833333333333333	fp32	cuda	
d3edbb06c1c340577f953929	Q9GKS6	miss	653	653	False	1.0	c7b48b34880fa207b6beb8f130d6dfee4e6836a21417c62504616510dd52f469	08e4846e537177426273712802403f7ba8261b6c	mean_5_11_17_23_29_33|domfull	653	0.002	fp32	cuda	
9aa765bef80f59ed789f480c	Q9VR35	miss	653	653	False	1.0	8742898b3f3edba90de2e3055042cf8576af3d0ed54dd83ed044833ebfbedcd3	08e4846e537177426273712802403f7ba8261b6c	mean_5_11_17_23_29_33|domfull	653	0.002	fp32	cuda	
a389e8be9a25f298ca1ae088	Q99109	miss	652	652	False	1.0	19d0399a35d33b1c61f6f207322b9f71e9826466967b33e1e62754676b0652e8	08e4846e537177426273712802403f7ba8261b6c	mean_5_11_17_23_29_33|domfull	652	0.002	fp32	cuda	
5e90c928364f0af8c83639fb	Q9LK91	miss	652	652	False	1.0	6e0f305dd9557a5c79d30c25d89608fe1cd631b46103655daeeb72207302559c	08e4846e537177426273712802403f7ba8261b6c	mean_5_11_17_23_29_33|domfull	652	0.002	fp32	cuda	
8497d552abc36fd776ce87c2	Q5BIR6	miss	651	651	False	1.0	9a769223258cb1017263617b728701ac5eac3e4c7df274ef1b7873da178be121	08e4846e537177426273712802403f7ba8261b6c	mean_5_11_17_23_29_33|domfull	651	0.002	fp32	cuda	
f6daadb08478ae91601fd3ae	Q9SI52	miss	650	650	False	1.0	e0ef64b4f71798561b64e02b7e50b860941d2975e8d9ddcaf05991c5467d3081	08e4846e537177426273712802403f7ba8261b6c	mean_5_11_17_23_29_33|domfull	650	0.002	fp32	cuda	
19cc66fa21a0fdcbd2bede3c	Q09683	miss	649	649	False	1.0	9df783062a35d2ac9b279ebdee01d886b0282cb47a352c01a4c41c770548d8c7	08e4846e537177426273712802403f7ba8261b6c	mean_5_11_17_23_29_33|domfull	649	0.002	fp32	cuda	
01be41fba9452d3bbca5e5f1	Q9LU77	miss	647	647	False	1.0	5e26f4d0dadcb1af98155fe1aaff0f8dbb712d97bc0b126354f9dd5c16b8e668	08e4846e537177426273712802403f7ba8261b6c	mean_5_11_17_23_29_33|domfull	647	0.002	fp32	cuda	
0e37ef608e4653fc072a5b0f	F4IFF3	miss	646	646	False	1.0	8b32da255df70dbd4e1f65b9a722ebd8db8cef998bd8ecad3fef7b5616f8d668	08e4846e537177426273712802403f7ba8261b6c	mean_5_11_17_23_29_33|domfull	646	0.002	fp32	cuda	
72b481ae5566c5455b81f259	P53925	miss	644	644	False	1.0	64b8029c7cbf12fe9c7bcb01bdfc37323095e9bab125124424016ea06fd48d99	08e4846e537177426273712802403f7ba8261b6c	mean_5_11_17_23_29_33|domfull	644	0.002	fp32	cuda	
98e5edb0d12abb669c59c1c0	Q9VIA5	miss	644	644	False	1.0	55a2524dec35b59d6b34b8b01b105f4523f0e2b7301d8dc24cc770df6a9ca208	08e4846e537177426273712802403f7ba8261b6c	mean_5_11_17_23_29_33|domfull	644	0.002	fp32	cuda	
126aefa828eaebee503524c3	Q99KE8	miss	643	643	False	1.0	45a03fce374bdc15fade55e9620a207907d4ca8626d380936a459645ee2226ce	08e4846e537177426273712802403f7ba8261b6c	mean_5_11_17_23_29_33|domfull	643	0.002	fp32	cuda	
b5d7f0b089497e9a5d91846b	Q9USR9	miss	643	643	False	1.0	17c65bc008fcafe1f7b3607be9369c68a3dbbf537fe4020233a33e91b62fca70	08e4846e537177426273712802403f7ba8261b6c	mean_5_11_17_23_29_33|domfull	643	0.002	fp32	cuda	
712c866c149267b6dc2ff425	Q8L7S5	miss	642	642	False	1.0	f642c256e085b048a988701baf747bf422cf73977d90574ac27e3e96b3e66674	08e4846e537177426273712802403f7ba8261b6c	mean_5_11_17_23_29_33|domfull	642	0.002	fp32	cuda	
04fe5dc8a90ecdbc121c8df4	Q9PHW6	miss	642	642	False	1.0	c35e1db004d9a9c10847bbe5bfe3474ad6eedd8daf2d4b31affab445d734cce1	08e4846e537177426273712802403f7ba8261b6c	mean_5_11_17_23_29_33|domfull	642	0.002	fp32	cuda	
7d25b067a6b5e60d121e5422	Q9H611	miss	641	641	False	1.0	9fab358bab8a1bde4e246c1f15298eea89c82750ae2b41010dc17aaf9ff3a05f	08e4846e537177426273712802403f7ba8261b6c	mean_5_11_17_23_29_33|domfull	641	0.002	fp32	cuda	
b010a9f1d91cef69acbc4182	Q9VA00	miss	641	641	False	1.0	1dab2bfff5de96ac2df9cc5db67934ab3c49caeb8ac55b8c89a8829fa32635b8	08e4846e537177426273712802403f7ba8261b6c	mean_5_11_17_23_29_33|domfull	641	0.002	fp32	cuda	
672d5d52d716a55b9a66a1cf	Q8MRW5	miss	640	640	False	1.0	7368d18b9e48fe9d843c926945d9e2d4e21a36b3f5633d4f6f127a1416399e74	08e4846e537177426273712802403f7ba8261b6c	mean_5_11_17_23_29_33|domfull	640	0.002	fp32	cuda	
57e5a382f39f39938158ccb1	Q9FYR7	miss	640	640	False	1.0	3d501f0ccdb78ddeedec93751b17347ffc24ad03e587c64c55dbedfbc8088544	08e4846e537177426273712802403f7ba8261b6c	mean_5_11_17_23_29_33|domfull	640	0.002	fp32	cuda	
619f282fecfe5d83f5e36ba1	Q9FGN8	miss	639	639	False	1.0	2546d11ddee63b60aaffe99a1d4b6e41787078e20a5c2ad62061880a754d9770	08e4846e537177426273712802403f7ba8261b6c	mean_5_11_17_23_29_33|domfull	639	0.002	fp32	cuda	
e8eba8b79c76635126e44bc5	Q9BPN8	miss	637	637	False	1.0	4465746a77ea754c0ce2232804be2c2b3fc866c7b1a998e48227410316b22e5f	08e4846e537177426273712802403f7ba8261b6c	mean_5_11_17_23_29_33|domfull	637	0.002	fp32	cuda	
41935cd298c57a3c0daaa044	Q9HM61	miss	637	637	False	1.0	eba59a010ee280d831a17f7225534eb8e7c4738316319e1ab96527147a483829	08e4846e537177426273712802403f7ba8261b6c	mean_5_11_17_23_29_33|domfull	637	0.002	fp32	cuda	
67e440991765375fd2098141	Q9V3G6	miss	635	635	False	1.0	1e31764df5937680884a6a49b45974f040666022f050a8145798fad0adb78f88	08e4846e537177426273712802403f7ba8261b6c	mean_5_11_17_23_29_33|domfull	635	0.002	fp32	cuda	
85f9ad40c487d44be25f5d17	Q9D9X6	miss	631	631	False	1.0	773c0589caae6db7695f0298a9d37dc30bf16bbd76f12b1e4ccb3510b8bfcfed	08e4846e537177426273712802403f7ba8261b6c	mean_5_11_17_23_29_33|domfull	631	0.002	fp32	cuda	
a74d532f5307cf5d29a19108	Q9ESZ0	miss	631	631	False	1.0	19b155e27fdf54d58104c9e3efdeffa1a7fc34d0cf72700fb6cdede0701d9e1b	08e4846e537177426273712802403f7ba8261b6c	mean_5_11_17_23_29_33|domfull	631	0.002	fp32	cuda	
56c7b6658661971a91fb936e	Q14258	miss	630	630	False	1.0	16af50ebfa648a9e0393a040a489018c309dda3baa3789b9655ba30411e6af85	08e4846e537177426273712802403f7ba8261b6c	mean_5_11_17_23_29_33|domfull	630	0.0008	fp32	cuda	
94539388762ae90ac4e21d1b	Q69FB3	miss	630	630	False	1.0	6f0f523fb8b5cd9c59557e99f3f86426f72670d9d0dcdd7b3bfeb7a9e412695d	08e4846e537177426273712802403f7ba8261b6c	mean_5_11_17_23_29_33|domfull	630	0.0008	fp32	cuda	
f5ea393e581fd0dba23962b0	Q6Z7H3	miss	630	630	False	1.0	e72a0b80a1bce59c6cd7489ec2887f2cfa8eb6f4d47331b374afa763e6a8a560	08e4846e537177426273712802403f7ba8261b6c	mean_5_11_17_23_29_33|domfull	630	0.0008	fp32	cuda	
e6dcf72d1bd320a2ec046733	O07116	miss	629	629	False	1.0	819b92708828674c27edf6bedff93921e1f8614bb473ee072e4888784ebd0885	08e4846e537177426273712802403f7ba8261b6c	mean_5_11_17_23_29_33|domfull	629	0.0008	fp32	cuda	
f5bcc796135536c5ea32ff7e	Q9S7T7	miss	627	627	False	1.0	16baca488e27bf7c7cf3d98f35dc8995d06134e1c65c4f4f75cb64b3f525c224	08e4846e537177426273712802403f7ba8261b6c	mean_5_11_17_23_29_33|domfull	627	0.0008	fp32	cuda	
01091e5426ca3b65b7deabf5	Q9UTI7	miss	625	625	False	1.0	6b3b6fb4a5c2006471104817abd9777fd949a02e942a0613649a9f91461798c6	08e4846e537177426273712802403f7ba8261b6c	mean_5_11_17_23_29_33|domfull	625	0.0008	fp32	cuda	
93cac834525ff7a287149ba3	O60506	miss	623	623	False	1.0	4d1939a7df031a77e9c7a87b9324e4261cbeb2ba98930a385686449083db5764	08e4846e537177426273712802403f7ba8261b6c	mean_5_11_17_23_29_33|domfull	623	0.0008	fp32	cuda	
a47c8dd10550c47fce6cc1b7	Q94918	miss	623	623	False	1.0	4d14685b6f97dfdb2389d1824d5631a4590e1380169ecd5c1e997ef83ef77abf	08e4846e537177426273712802403f7ba8261b6c	mean_5_11_17_23_29_33|domfull	623	0.0008	fp32	cuda	
61a46a141e64b3f52bb56a79	Q9M000	miss	623	623	False	1.0	890c2b560e7b4ab720d1e467fc49f5865d1cb6870d6f942d23aef48a6f069506	08e4846e537177426273712802403f7ba8261b6c	mean_5_11_17_23_29_33|domfull	623	0.0008	fp32	cuda	
3d967c8dcc0845994bec9e2e	Q9XJP3	miss	623	623	False	1.0	e65d0a8b910307962c0c4b66affe666068c94983828182a52e9b45343130689c	08e4846e537177426273712802403f7ba8261b6c	mean_5_11_17_23_29_33|domfull	623	0.0008	fp32	cuda	
925fb35b916c2fcbccf1ca4f	Q9M895	miss	622	622	False	1.0	e203c02571743d6ab74f7311426ce46df963790c1d765865fe4a15aed56c28cd	08e4846e537177426273712802403f7ba8261b6c	mean_5_11_17_23_29_33|domfull	622	0.0008	fp32	cuda	
0d0cae34643886113986150d	Q96MC4	miss	621	621	False	1.0	583c055664eeb804d6f4051188639bdc5ed7a7b6afc9f20a202a81d6cf979d8e	08e4846e537177426273712802403f7ba8261b6c	mean_5_11_17_23_29_33|domfull	621	0.0008	fp32	cuda	
91dad1cfe3f1c1879cea890d	Q9STK5	miss	621	621	False	1.0	e56bae2bce8654a453badf4ada2e58acc29d9f9db3d3f0e90632538e3d1830aa	08e4846e537177426273712802403f7ba8261b6c	mean_5_11_17_23_29_33|domfull	621	0.0008	fp32	cuda	
a9eff93eaa81fd850ee941d3	Q6CK11	miss	619	619	False	1.0	fa8d9c4051571a31984e4c18196995cd7e9a98a38e5d28b033e1a83f7338b8ef	08e4846e537177426273712802403f7ba8261b6c	mean_5_11_17_23_29_33|domfull	619	0.0008	fp32	cuda	
881183a480a23bcdb1d356e1	Q9LTX2	miss	619	619	False	1.0	11acd5b7c5854adfa604fa1d4b19e176558f4315a476254b6f1d6b9a5dfdac1e	08e4846e537177426273712802403f7ba8261b6c	mean_5_11_17_23_29_33|domfull	619	0.0008	fp32	cuda	
1129f08f1201b573c631f8a5	Q9N303	miss	619	619	False	1.0	8d7952f77d0f2d9f5b834d1a372235672f9d37baebe69fdd336bb1eac58dc935	08e4846e537177426273712802403f7ba8261b6c	mean_5_11_17_23_29_33|domfull	619	0.0008	fp32	cuda	
83e3f47c55e4ab70b52b3794	Q9URY3	miss	619	619	False	1.0	cccc1a28134f4764a3387fc8c7b17db80a63c574c60d033bc97b10250c8071f4	08e4846e537177426273712802403f7ba8261b6c	mean_5_11_17_23_29_33|domfull	619	0.0008	fp32	cuda	
0ff72ee26656b6c84396c76b	Q9Z2R9	miss	619	619	False	1.0	cbf8e72d6d7720e8123df432018344e39c2a4988606a443dc1042d57c2df02d5	08e4846e537177426273712802403f7ba8261b6c	mean_5_11_17_23_29_33|domfull	619	0.0008	fp32	cuda	
2e20179dff76ec31e244b7b2	Q9LXQ8	miss	618	618	False	1.0	e27ed83e75e9138f67b660dd41643413c129e56113053cabcc8654296330231a	08e4846e537177426273712802403f7ba8261b6c	mean_5_11_17_23_29_33|domfull	618	0.0008	fp32	cuda	
5ef96d05a813358c8ff76301	Q8A1G0	miss	617	617	False	1.0	24d5128477b896e4a33619209757fe3fd161636ce67350d7ca184bb2b4c19c83	08e4846e537177426273712802403f7ba8261b6c	mean_5_11_17_23_29_33|domfull	617	0.0008	fp32	cuda	
844eed19949062a5b94657a3	Q9FRK5	miss	617	617	False	1.0	203447a56f16d6a3ce737f88ae9ec6dce1f94ef8d5b615e1b08026c8cded9c7b	08e4846e537177426273712802403f7ba8261b6c	mean_5_11_17_23_29_33|domfull	617	0.0008	fp32	cuda	
184f2099e796528d0ecf586b	P22303	miss	614	614	False	1.0	b5e7ca71ef5af9ce9e3ffc10eebc77b2bb95d592400670484ee596f06be68e78	08e4846e537177426273712802403f7ba8261b6c	mean_5_11_17_23_29_33|domfull	614	0.0008	fp32	cuda	
fa831462279560c3fbc1769a	Q9VN93	miss	614	614	False	1.0	134877fde4118b6d8e93e58cba14af232c8a2e30a641ed0cac986ba909ef1aa5	08e4846e537177426273712802403f7ba8261b6c	mean_5_11_17_23_29_33|domfull	614	0.0008	fp32	cuda	
e2d082d3b6e9e8954ff46f5a	A2VD23	miss	613	613	False	1.0	8390a7aeb4b4bb699dbaf081c21bf68532bd02acafdab62b685d39e20d19d14c	08e4846e537177426273712802403f7ba8261b6c	mean_5_11_17_23_29_33|domfull	613	0.0008	fp32	cuda	
6fda4aa9e8a8125342c3c415	O43070	miss	613	613	False	1.0	48d68a1ee1ec42fa17444f2fbefe44ccef63a0809fdb957e95dcc6f0c9f8eb32	08e4846e537177426273712802403f7ba8261b6c	mean_5_11_17_23_29_33|domfull	613	0.0008	fp32	cuda	
915965733223b9d9b7235978	Q8W0Z6	miss	613	613	False	1.0	35aeb58291fe49b0a8b827119fabb5093a5d472c24aae98b6e794c40a97d327a	08e4846e537177426273712802403f7ba8261b6c	mean_5_11_17_23_29_33|domfull	613	0.0019230769230769232	fp32	cuda	
f349b30e174e4eed2736d1f2	Q8NAB2	miss	612	612	False	1.0	b14f0c7ff1a0a9fbb03c3e3af7a83852feb79218b1848c12dd5fb51569ac5b45	08e4846e537177426273712802403f7ba8261b6c	mean_5_11_17_23_29_33|domfull	612	0.0019230769230769232	fp32	cuda	
d8d619099247b94e5da8d579	Q9YRB2	miss	612	612	False	1.0	191f3c1b34c8071f0fb5b5048da77e3a3543a123849153463c36267901433515	08e4846e537177426273712802403f7ba8261b6c	mean_5_11_17_23_29_33|domfull	612	0.0019230769230769232	fp32	cuda	
a96fd73e57c2ccf36c34ce34	Q8R366	miss	611	611	False	1.0	2d575fb794596a814cdd8428f497dc70f15c6d3569694683cdad40c0c4da26c8	08e4846e537177426273712802403f7ba8261b6c	mean_5_11_17_23_29_33|domfull	611	0.0019230769230769232	fp32	cuda	
17a6b9aa9b464cd2748d198e	Q9CZW5	miss	611	611	False	1.0	4af5631edd103498d305f8671892ebc2ebdb7b7c96d223f00d0c25be4f26719a	08e4846e537177426273712802403f7ba8261b6c	mean_5_11_17_23_29_33|domfull	611	0.0019230769230769232	fp32	cuda	
a103146633255013ebd75f68	P54680	miss	610	610	False	1.0	705c4c2ebc264969f3ab67d918bce00ba3e0ef90315d3bec364300ae8138fa98	08e4846e537177426273712802403f7ba8261b6c	mean_5_11_17_23_29_33|domfull	610	0.0019230769230769232	fp32	cuda	
47dd33e32a94107a0bcd6518	O23661	miss	608	608	False	1.0	7bfd52aeee41b40a8ec746690191aa85e133021e5da426a4db9a1cbdbec68f0b	08e4846e537177426273712802403f7ba8261b6c	mean_5_11_17_23_29_33|domfull	608	0.0019230769230769232	fp32	cuda	
013a2993a740fb1a0d027a30	Q58788	miss	608	608	False	1.0	70fd29ad2ecd9c9975082852b3f361fd7a9a135f12010ba558bbd9fed549f844	08e4846e537177426273712802403f7ba8261b6c	mean_5_11_17_23_29_33|domfull	608	0.0019230769230769232	fp32	cuda	
7c854f75c4c2eb19925d13b5	Q9UT57	miss	608	608	False	1.0	8a25cd58dc8936a10b9fffebe058e12cea955b96319f482a47126eaeabf6015a	08e4846e537177426273712802403f7ba8261b6c	mean_5_11_17_23_29_33|domfull	608	0.0019230769230769232	fp32	cuda	
bcc3215803258edaf96c1d0f	P96589	miss	607	607	False	1.0	548054c7a62f38a14dc3284cb58498c8ce9572510984c1432283b4957b7426d5	08e4846e537177426273712802403f7ba8261b6c	mean_5_11_17_23_29_33|domfull	607	0.0019230769230769232	fp32	cuda	
58b641baa901fef40651b2f4	Q8WXI4	miss	607	607	False	1.0	c31a46c028ae185f039a3d84753566a08576928895af4882c62345173f49fcb5	08e4846e537177426273712802403f7ba8261b6c	mean_5_11_17_23_29_33|domfull	607	0.0019230769230769232	fp32	cuda	
211e676614833ed875baf6b8	O43318	miss	606	606	False	1.0	ee8f636b23fc543f2ff590c279327e68a0e5edeff759e094a93aae43b8dc3666	08e4846e537177426273712802403f7ba8261b6c	mean_5_11_17_23_29_33|domfull	606	0.0019230769230769232	fp32	cuda	
08be9aa7ba4c70bf11ac4c8a	Q12495	miss	606	606	False	1.0	3e0337c1c215c443223391ef80ac603753094c379b16880f4ae2c9e4e1241d4f	08e4846e537177426273712802403f7ba8261b6c	mean_5_11_17_23_29_33|domfull	606	0.0019230769230769232	fp32	cuda	
6f192be106e2047f15f2f3a3	Q9FT74	miss	606	606	False	1.0	deb7afd320a00d18814e8bdd6d9c7e7a244fed4b91cd1d29f86c4b7edc6243db	08e4846e537177426273712802403f7ba8261b6c	mean_5_11_17_23_29_33|domfull	606	0.0019230769230769232	fp32	cuda	
bc8ff95bc727383ed8eaff01	Q9W590	miss	606	606	False	1.0	c5f2810cdfb707de599cd32d7cbbc20c4aea32f62f45a60a5062783e66cb8159	08e4846e537177426273712802403f7ba8261b6c	mean_5_11_17_23_29_33|domfull	606	0.0019230769230769232	fp32	cuda	
cc1698450a1bf6d75f868fdd	Q0JMY1	miss	605	605	False	1.0	8c18d6bb527ed948f728460f5daaf608cb2160e3f2c8906254fed0f4cc3b2a8f	08e4846e537177426273712802403f7ba8261b6c	mean_5_11_17_23_29_33|domfull	605	0.0019230769230769232	fp32	cuda	
1dddd086e9fcbb212b3c349b	Q93ZJ9	miss	605	605	False	1.0	a7a355948d2a21771e7162c0cd860efaebeca9d79978c87f258dd47ecc670653	08e4846e537177426273712802403f7ba8261b6c	mean_5_11_17_23_29_33|domfull	605	0.0019230769230769232	fp32	cuda	
765e5d3d0e20079417517c70	Q9ENK7	miss	605	605	False	1.0	714f84c8db6c74a8addf32b503ee587ada0de78a44bb662a1f30267d94d81f0a	08e4846e537177426273712802403f7ba8261b6c	mean_5_11_17_23_29_33|domfull	605	0.0019230769230769232	fp32	cuda	
992114b29549d91ab31a243b	Q9Y297	miss	605	605	False	1.0	f045bce6f472f39f4ec4d95a94da2de457bcce02327c1d1dc4d1277a1110c45d	08e4846e537177426273712802403f7ba8261b6c	mean_5_11_17_23_29_33|domfull	605	0.0019230769230769232	fp32	cuda	
79648072349774c0507a09a1	Q75I13	miss	603	603	False	1.0	88acc961d292401cd5d0296285cc5eab6ceb5592cc3befd7f2328cd0f83b4c1c	08e4846e537177426273712802403f7ba8261b6c	mean_5_11_17_23_29_33|domfull	603	0.0019230769230769232	fp32	cuda	
feb9cd1a171b9379524e6904	Q8R5C8	miss	602	602	False	1.0	202a800822e81e5edf447811fa4af21974799de8f257f2c6e065413b7ea5dfcb	08e4846e537177426273712802403f7ba8261b6c	mean_5_11_17_23_29_33|domfull	602	0.0019230769230769232	fp32	cuda	
97d216184e48971227b7fcb2	Q9GS00	miss	601	601	False	1.0	bbd020f5443c2a1edfc2e2575469acd78803d13f0bdbd3415049b88dc474677f	08e4846e537177426273712802403f7ba8261b6c	mean_5_11_17_23_29_33|domfull	601	0.0019230769230769232	fp32	cuda	
3e022617e6836f3fd50ba7ab	Q9UGU5	miss	601	601	False	1.0	e9bdf606676f60814788ef330017a385f1b992bc619073e23ab1b658705ecde7	08e4846e537177426273712802403f7ba8261b6c	mean_5_11_17_23_29_33|domfull	601	0.0019230769230769232	fp32	cuda	
337b8bca51681dd997b6c3a0	P14328	miss	600	600	False	1.0	2c80ac7cebb6ef778dcd365e5e7bab29298b25bdfc6da4dab4baa0f0d8b3898d	08e4846e537177426273712802403f7ba8261b6c	mean_5_11_17_23_29_33|domfull	600	0.0019230769230769232	fp32	cuda	
7e17d359b3da30a7609b3ba6	Q8BH27	miss	600	600	False	1.0	c9c886ee5c6a68693d2c04d3c34824ffd36b689bfe91b068acb05ea318bcbf26	08e4846e537177426273712802403f7ba8261b6c	mean_5_11_17_23_29_33|domfull	600	0.0019230769230769232	fp32	cuda	
1c1654b1cebbb1118b86544a	Q84MA1	miss	599	599	False	1.0	c811ab6f367ae3fea51fedc0c75234e0973f3bf4d5eeed1244dc7ce18ed77949	08e4846e537177426273712802403f7ba8261b6c	mean_5_11_17_23_29_33|domfull	599	0.0019230769230769232	fp32	cuda	
cdf1c79f7270b3a9adac16bb	Q9XD73	miss	599	599	False	1.0	0f536a1c88e84b127568ccc42aef85fcfdddd9a35d25e197407da843bdf912ab	08e4846e537177426273712802403f7ba8261b6c	mean_5_11_17_23_29_33|domfull	599	0.001851851851851852	fp32	cuda	
273cfdab2b7076a28e922b76	Q9Y6M1	miss	599	599	False	1.0	c4825fecc4bc380e5bce3a3e3e9e00e83acbca438fbf1428a50d5b8fbd77cbb7	08e4846e537177426273712802403f7ba8261b6c	mean_5_11_17_23_29_33|domfull	599	0.001851851851851852	fp32	cuda	
fc2cb13c5e1bc0fe98c01a10	Q9H1C4	miss	597	597	False	1.0	fb641dfc5b4971e72d80c5057b3e75e9765f9a2301edac1aa054b4fecd86f92f	08e4846e537177426273712802403f7ba8261b6c	mean_5_11_17_23_29_33|domfull	597	0.001851851851851852	fp32	cuda	
6fa65cb763ad6ec8e7ac2362	Q9M3B8	miss	597	597	False	1.0	95cf8925ab456a38b8ba62f033c3aa5633a0daff1e2586ccc21ebc9158a1cd33	08e4846e537177426273712802403f7ba8261b6c	mean_5_11_17_23_29_33|domfull	597	0.001851851851851852	fp32	cuda	
9ab3ab5df359ba60c470b2bd	Q9LSW2	miss	596	596	False	1.0	ed4774fdc84c63d4ee38d1fcdc4841144fc393a5376c3ff6c07b7e3140aff4df	08e4846e537177426273712802403f7ba8261b6c	mean_5_11_17_23_29_33|domfull	596	0.001851851851851852	fp32	cuda	
a5d0e94c58fd3f845c8635a3	Q99572	miss	595	595	False	1.0	155a223fdcfff03dcbafe49e96681986d306ca27fba7bd88c55e1480c0f59316	08e4846e537177426273712802403f7ba8261b6c	mean_5_11_17_23_29_33|domfull	595	0.001851851851851852	fp32	cuda	
5f19b115277a3d773da939a9	Q9FJX0	miss	595	595	False	1.0	dd6ebd6d730914fbc8c38f88ac59643de1065fcdf17b6a403363af0dd4239831	08e4846e537177426273712802403f7ba8261b6c	mean_5_11_17_23_29_33|domfull	595	0.001851851851851852	fp32	cuda	
2a87f89bb118381b3620baf4	Q9TU31	miss	595	595	False	1.0	a66b4748575e733e54927f26d126f146450085c4f3099e330f763a67f17a3a28	08e4846e537177426273712802403f7ba8261b6c	mean_5_11_17_23_29_33|domfull	595	0.001851851851851852	fp32	cuda	
33127fb711054f47c27ba589	Q8JZL0	miss	594	594	False	1.0	205ee2c4f79adca724d734d72c3d405af01bcbaf87ef14b9d1417636777a9ec3	08e4846e537177426273712802403f7ba8261b6c	mean_5_11_17_23_29_33|domfull	594	0.001851851851851852	fp32	cuda	
ffafb5a7c11dead1a5dcd096	Q922B6	miss	594	594	False	1.0	a2a2ae7ed2d4ea16e1987fda5c5a230f04182f87059aa0e8df66b8f74017e7a0	08e4846e537177426273712802403f7ba8261b6c	mean_5_11_17_23_29_33|domfull	594	0.001851851851851852	fp32	cuda	
80796ad07beb31e61e9e2800	Q92990	miss	594	594	False	1.0	41764a67881cf152943f723ad41af295d1935f6324b13d6a2d953b30f7670ebb	08e4846e537177426273712802403f7ba8261b6c	mean_5_11_17_23_29_33|domfull	594	0.001851851851851852	fp32	cuda	
81e7c5508c7ca3428f170eaf	Q93212	miss	594	594	False	1.0	095f83e2d1a17163f0d44abe16988b53e33280fb0e79889e771bfe9fa9fd773d	08e4846e537177426273712802403f7ba8261b6c	mean_5_11_17_23_29_33|domfull	594	0.001851851851851852	fp32	cuda	
7d55722d7cb02caccea9f43a	Q9RU24	miss	594	594	False	1.0	d704952540f51288a456f233385316ad99eee6617bb5fb9aa9352b8b28af13d0	08e4846e537177426273712802403f7ba8261b6c	mean_5_11_17_23_29_33|domfull	594	0.001851851851851852	fp32	cuda	
7365daa9b06509cde797277e	Q3V3N7	miss	593	593	False	1.0	a28b2fba48cdfa15b0aac31fd2e108a7db5645913db584a70f182b8f8042e736	08e4846e537177426273712802403f7ba8261b6c	mean_5_11_17_23_29_33|domfull	593	0.001851851851851852	fp32	cuda	
02e516332932d39b4430a868	Q8BII1	miss	593	593	False	1.0	18b726c02a069d852f7159a59b81f95560206fc27055bf3960fb4bfe780d565a	08e4846e537177426273712802403f7ba8261b6c	mean_5_11_17_23_29_33|domfull	593	0.001851851851851852	fp32	cuda	
ce715fcaecb84dbafee8b4f8	Q9VEI9	miss	592	592	False	1.0	1de0dd08057e98869145e607d1c3fdfb0c5ebf4074f4af116b8651e539ad997b	08e4846e537177426273712802403f7ba8261b6c	mean_5_11_17_23_29_33|domfull	592	0.001851851851851852	fp32	cuda	
15effa0cf4bf44efa8d30120	Q9VHJ6	miss	592	592	False	1.0	a46f12771d78d9ba035974fad0c0460c2fc5a0a9ba8c9595a83c6e596e621093	08e4846e537177426273712802403f7ba8261b6c	mean_5_11_17_23_29_33|domfull	592	0.001851851851851852	fp32	cuda	
22571450c0c8f8597ac61420	T2KN85	miss	592	592	False	1.0	cc5be6c35fb7e62e15a5ebd73900398e8493be14dd5dc82ce61a69c4c778d0bb	08e4846e537177426273712802403f7ba8261b6c	mean_5_11_17_23_29_33|domfull	592	0.001851851851851852	fp32	cuda	
fea6c093b680156ae70c4c2d	Q75K12	miss	591	591	False	1.0	46c5f697e6bafe6ec15109c61409393508767e3eb4ab57b40f46d88b31121b79	08e4846e537177426273712802403f7ba8261b6c	mean_5_11_17_23_29_33|domfull	591	0.001851851851851852	fp32	cuda	
96ee9c330ee09e385073cddc	Q84ZW8	miss	590	590	False	1.0	1975d213bcd93a0f6dbe433f2dc6fe387efdc8499603409cb87b847c03c54146	08e4846e537177426273712802403f7ba8261b6c	mean_5_11_17_23_29_33|domfull	590	0.001851851851851852	fp32	cuda	
01a1996dd9098e15cb110d85	Q91V27	miss	590	590	False	1.0	6de6befeb53b37c5aaf4083ef63e3704cb98f536b918809a772daf37546bba35	08e4846e537177426273712802403f7ba8261b6c	mean_5_11_17_23_29_33|domfull	590	0.001851851851851852	fp32	cuda	
b8c2a3bc1e8c9fcdeb2389b7	Q86ME2	miss	589	589	False	1.0	b2460c093cc041100dd0dfbbad9557df17d5853bb3e31be4e047a1236c86192a	08e4846e537177426273712802403f7ba8261b6c	mean_5_11_17_23_29_33|domfull	589	0.001851851851851852	fp32	cuda	
bb72cddd5595953857ab9b6f	Q6FL44	miss	588	588	False	1.0	73601ab966d202d873a08d6c059bb796079358fc0fdceb17ad6ce0bfb0edc61b	08e4846e537177426273712802403f7ba8261b6c	mean_5_11_17_23_29_33|domfull	588	0.001851851851851852	fp32	cuda	
43e0e162b497c937a11da1f9	Q84VG7	miss	587	587	False	1.0	be8f546df0c8856c09aa01fa289b77d6f1a076c3f679cf832091466af88b0c8f	08e4846e537177426273712802403f7ba8261b6c	mean_5_11_17_23_29_33|domfull	587	0.001851851851851852	fp32	cuda	
a13c46997b846edd918172cd	P07548	miss	586	586	False	1.0	8b1fef57a9ec4a194a5171906867d80f8cc3210d2807607b72cd0b25af108aeb	08e4846e537177426273712802403f7ba8261b6c	mean_5_11_17_23_29_33|domfull	586	0.001851851851851852	fp32	cuda	
29062280a6b2a8bb61e80acf	Q6K762	miss	586	586	False	1.0	2ae212904ab0d41289c2935e23a96b862920232ca7ff13d371b39478be7a88ad	08e4846e537177426273712802403f7ba8261b6c	mean_5_11_17_23_29_33|domfull	586	0.001851851851851852	fp32	cuda	
93ca2b42f74aea4a76839d7b	Q96PP8	miss	586	586	False	1.0	dfa1754db48ff487df3879398a3e62a48f8ef560f16e2bd80175464a04686c00	08e4846e537177426273712802403f7ba8261b6c	mean_5_11_17_23_29_33|domfull	586	0.001851851851851852	fp32	cuda	
677dce870465c36cb102f796	Q9DCM7	miss	586	586	False	1.0	f027d1f52ca640f18d852ecba473cddf72e8a53f99afe2c3de219c394fbc99e8	08e4846e537177426273712802403f7ba8261b6c	mean_5_11_17_23_29_33|domfull	586	0.001851851851851852	fp32	cuda	
5be3af5faa8b6d33827f0ce9	Q9VQG9	miss	586	586	False	1.0	4e36bc9dc0e6a70f24d2e079faa8f76c3eef48e9dc6b6c6993bcbfe48b7298b7	08e4846e537177426273712802403f7ba8261b6c	mean_5_11_17_23_29_33|domfull	586	0.001851851851851852	fp32	cuda	
7a8b22a4a208d86b160cf513	Q9XZI6	miss	586	586	False	1.0	fe8b0e7722e0c2896119538a156941245ee7847518fd266ef29d33459fa579b0	08e4846e537177426273712802403f7ba8261b6c	mean_5_11_17_23_29_33|domfull	586	0.001851851851851852	fp32	cuda	
5661e5201da701b13e5d4e5e	P44898	miss	585	585	False	1.0	509154408f5dba43b44636e10014bac1ee30fc89e13f2dfa180399530e9cf20c	08e4846e537177426273712802403f7ba8261b6c	mean_5_11_17_23_29_33|domfull	585	0.001851851851851852	fp32	cuda	
3af6eb4dfef3af8734064696	Q9P7V9	miss	585	585	False	1.0	7662a623e9bb2ddde35d915f70a733cb613048edfcabc60e027f64d8f6f84cfb	08e4846e537177426273712802403f7ba8261b6c	mean_5_11_17_23_29_33|domfull	585	0.001851851851851852	fp32	cuda	
1f9cbe4efe99157294ffe074	Q8R3Y8	miss	584	584	False	1.0	ab403decb651fc8e1ec72840bdb205d3ca45217c9dfcb99ecfc135f5877d7e33	08e4846e537177426273712802403f7ba8261b6c	mean_5_11_17_23_29_33|domfull	584	0.001851851851851852	fp32	cuda	
f29c75461c7a412db67d6f24	Q9LY51	miss	584	584	False	1.0	bcc6830d5a82da5d10177f17095e8be1e0803b535a0c655bb29feea2ffbb95a2	08e4846e537177426273712802403f7ba8261b6c	mean_5_11_17_23_29_33|domfull	584	0.001851851851851852	fp32	cuda	
8439b5c3860328fedb2ec549	Q9SJJ3	miss	584	584	False	1.0	8d3e645f0916ec55ab228fb70537a486348de60b7a514c029c982337dda608f6	08e4846e537177426273712802403f7ba8261b6c	mean_5_11_17_23_29_33|domfull	584	0.001851851851851852	fp32	cuda	
acf383e982eec76d27d9b88d	W3X7K0	miss	584	584	False	1.0	49b7b75de0a778100317f664c69ec7cfc50f9015bf33bbe33c6736e670a77154	08e4846e537177426273712802403f7ba8261b6c	mean_5_11_17_23_29_33|domfull	584	0.001851851851851852	fp32	cuda	
b7d3d4d577a89989e4cfc15c	P0CT24	miss	583	583	False	1.0	f97a6daa1ae9460e56dfd9b67dabbe5018445a0d5c1ca08edaea01ac851a27ac	08e4846e537177426273712802403f7ba8261b6c	mean_5_11_17_23_29_33|domfull	583	0.001851851851851852	fp32	cuda	
bcf4fcba091137fb4b5124b7	Q8NHH9	miss	583	583	False	1.0	3099411e00ef4939221183e516670eed0247e339b0874329f6a2fdba9cc5eba9	08e4846e537177426273712802403f7ba8261b6c	mean_5_11_17_23_29_33|domfull	583	0.001851851851851852	fp32	cuda	
48b3ecec9dc532a37eff5256	Q9ZQC5	miss	583	583	False	1.0	e848f382667793a1db3caa55d5d8b55f179748d413865bd47a06d81f02a34695	08e4846e537177426273712802403f7ba8261b6c	mean_5_11_17_23_29_33|domfull	583	0.001851851851851852	fp32	cuda	
6809af9b3ac2b22d4e3bbf1b	Q08605	miss	582	582	False	1.0	71cf2e33ab6b1b4b068ac0f63b063f625a43119ae6d82be277e3e0a03d1ffe95	08e4846e537177426273712802403f7ba8261b6c	mean_5_11_17_23_29_33|domfull	582	0.001851851851851852	fp32	cuda	
c06391d3ac272b09c766843f	Q8CVD0	miss	582	582	False	1.0	8a91db7e33fac5b8c0e02e19189651c010a2c9d7795bb23c2ae29d4cb193cd60	08e4846e537177426273712802403f7ba8261b6c	mean_5_11_17_23_29_33|domfull	582	0.001851851851851852	fp32	cuda	
0330c5ee5c7f6e26edb1a306	Q8SQU5	miss	582	582	False	1.0	64bd24db09cda62702570245571ea0ec52ddd5b74a7a3674134e0f790a31efe3	08e4846e537177426273712802403f7ba8261b6c	mean_5_11_17_23_29_33|domfull	582	0.001851851851851852	fp32	cuda	
d004811c78a2007e69e4d71b	Q960A0	miss	582	582	False	1.0	fb72b2cc2db4ad76016ebacebaa9094e4b3e8915ff28b8add8aba8eea4ec5712	08e4846e537177426273712802403f7ba8261b6c	mean_5_11_17_23_29_33|domfull	582	0.001851851851851852	fp32	cuda	
733a8ef2d3c267a9cc5b6194	Q9W4S1	miss	582	582	False	1.0	7cdd31d75c7c31a51ac74f1b6e9315b3d27a7ed60ad82330d7136a2e99163428	08e4846e537177426273712802403f7ba8261b6c	mean_5_11_17_23_29_33|domfull	582	0.001851851851851852	fp32	cuda	
0577d3f67f21436ee2506a22	P46014	miss	581	581	False	1.0	154fb87cb9619c406ae623d264761dbfdd731691dd9d45ba8c97fd734fa4cec2	08e4846e537177426273712802403f7ba8261b6c	mean_5_11_17_23_29_33|domfull	581	0.001851851851851852	fp32	cuda	
13cc8317c62d2961f6ad5104	Q9BY79	miss	579	579	False	1.0	eaddccd58fdd79db59685b7374d481d2dcfd15899082dc1af91c60b3cbf6f1de	08e4846e537177426273712802403f7ba8261b6c	mean_5_11_17_23_29_33|domfull	579	0.001851851851851852	fp32	cuda	
61334643ef650c19e50bf2ab	P09032	miss	578	578	False	1.0	7840559887b75064caf24eaed75d8a5cedbdaf15ef36264eb1ed993af1dedfbc	08e4846e537177426273712802403f7ba8261b6c	mean_5_11_17_23_29_33|domfull	578	0.001851851851851852	fp32	cuda	
91a997f9cc9769e31bd48d1e	Q6IC98	miss	578	578	False	1.0	4871706496f839ed43d3c4eb15f10e22aa04984934dd060b3336f762017bb208	08e4846e537177426273712802403f7ba8261b6c	mean_5_11_17_23_29_33|domfull	578	0.001851851851851852	fp32	cuda	
af9816f605310493271fa9a9	Q9VCG4	miss	578	578	False	1.0	ad46ec80d968ba663a0e392921589852559a77c9ea5e9dfadf1942c124e5f9c5	08e4846e537177426273712802403f7ba8261b6c	mean_5_11_17_23_29_33|domfull	578	0.001851851851851852	fp32	cuda	
8a2075c6fce3940a78fa99a3	Q9VQS7	miss	578	578	False	1.0	b199b2d14e07248477e126f434ccb37691be6435099ff373fecfc15dfeeb6191	08e4846e537177426273712802403f7ba8261b6c	mean_5_11_17_23_29_33|domfull	578	0.001851851851851852	fp32	cuda	
b5652a33080021aa35735221	Q9ZU29	miss	577	577	False	1.0	a9434c45c4518c1598a41a72e6217f9c58c6ad002338698ce643a0660abfec6f	08e4846e537177426273712802403f7ba8261b6c	mean_5_11_17_23_29_33|domfull	577	0.001851851851851852	fp32	cuda	
a00d75a7f76d3a79875ef88a	P56518	miss	576	576	False	1.0	e458ab566f422e52e7389f5383cb3d39dc758d45d24c46be98c6fa6e589980c0	08e4846e537177426273712802403f7ba8261b6c	mean_5_11_17_23_29_33|domfull	576	0.001851851851851852	fp32	cuda	
64d1be011b6fdb1dc35624ed	Q96DX4	miss	576	576	False	1.0	da691cf76e8641447d10f0c0b7aff3d2819566deb4113acdfb908517f2b17e7d	08e4846e537177426273712802403f7ba8261b6c	mean_5_11_17_23_29_33|domfull	576	0.001851851851851852	fp32	cuda	
fef1c5763d1136dcfc6c92f3	Q9UT96	miss	575	575	False	1.0	adabbffabad7758122c59ea610d008ed89db868c3909b48cacec374c276adf7f	08e4846e537177426273712802403f7ba8261b6c	mean_5_11_17_23_29_33|domfull	575	0.001851851851851852	fp32	cuda	
440a2f516a7e521364527c1b	Q9Z4I3	miss	575	575	False	1.0	9255452917a397ef8b7115d6af4807255ee7cd891854cfb39a5a17dedbede471	08e4846e537177426273712802403f7ba8261b6c	mean_5_11_17_23_29_33|domfull	575	0.0017857142857142859	fp32	cuda	
7d731f246af037501b171f76	P29166	miss	574	574	False	1.0	256e5d85a0e3cf8376fd1dc8a91c8809f4eebe00217ef1b458d5f6c3f729cc8b	08e4846e537177426273712802403f7ba8261b6c	mean_5_11_17_23_29_33|domfull	574	0.0017857142857142859	fp32	cuda	
90f3f1427bfa37dd84b20831	Q9H5J0	miss	574	574	False	1.0	a7a7995a7c4f120b8a9dd8cb5a2d34aceffb2c5c85721dc9e30aa42fe76412e6	08e4846e537177426273712802403f7ba8261b6c	mean_5_11_17_23_29_33|domfull	574	0.0017857142857142859	fp32	cuda	
dcdc9de24c89c59477f51dcb	Q9RTJ3	miss	574	574	False	1.0	8a4f93f223749116c6a4b1a6402a7254c07858288cbcbf50f5216967535c2dd5	08e4846e537177426273712802403f7ba8261b6c	mean_5_11_17_23_29_33|domfull	574	0.0017857142857142859	fp32	cuda	
fb7dd0ee6e5412ffe6e3dbab	Q9Y7G2	miss	574	574	False	1.0	066ea3788c2aaff7189682a20b581acf179dea761330cab10d7c13b64b42e55e	08e4846e537177426273712802403f7ba8261b6c	mean_5_11_17_23_29_33|domfull	574	0.0017857142857142859	fp32	cuda	
cb4dcab9bf30e732593dd1fb	P13915	miss	571	571	False	1.0	2cb2587c49b09c76281351e668d285f5ff98df2da2a706a7f32ca2caa64a288c	08e4846e537177426273712802403f7ba8261b6c	mean_5_11_17_23_29_33|domfull	571	0.0017857142857142859	fp32	cuda	
e63ba927251c70f7111d1405	Q9LHI7	miss	571	571	False	1.0	05d82622d45fd568ac748227735238b267f0a9fa307d3b1cb973795a5be9eefe	08e4846e537177426273712802403f7ba8261b6c	mean_5_11_17_23_29_33|domfull	571	0.0017857142857142859	fp32	cuda	
1e717f33228d96f98203bbfc	O59314	miss	570	570	False	1.0	8e2b57776800684adb1c9fe90199a39825d4f7d2a64ee82c80977dc9ad9ddb84	08e4846e537177426273712802403f7ba8261b6c	mean_5_11_17_23_29_33|domfull	570	0.0017857142857142859	fp32	cuda	
896f945e1d694ac67cdaae61	Q8RWL6	miss	570	570	False	1.0	9552d0309300474769a877483981282eba2bd5aa1f0e7696667a8059260a2fbb	08e4846e537177426273712802403f7ba8261b6c	mean_5_11_17_23_29_33|domfull	570	0.0017857142857142859	fp32	cuda	
74b5a5ce76d9b5ea9c94abdf	Q8YQE2	miss	570	570	False	1.0	f46de280a35f9a058a9f556dc9f205999cb0a46cef4d8434f694d1990baa2191	08e4846e537177426273712802403f7ba8261b6c	mean_5_11_17_23_29_33|domfull	570	0.0017857142857142859	fp32	cuda	
0e450dd8c43b27dec42d1fb6	Q920G3	miss	569	569	False	1.0	b649ff9dedd19d6a3ab07de5147c86600c303b5d944efa41f5e782f41f362825	08e4846e537177426273712802403f7ba8261b6c	mean_5_11_17_23_29_33|domfull	569	0.0017857142857142859	fp32	cuda	
8ab16382cac135a3c44b9497	Q9H5N1	miss	569	569	False	1.0	31921977fa4d490266778c1ff535ba01498e402fce146ebbd3ccf722544aa398	08e4846e537177426273712802403f7ba8261b6c	mean_5_11_17_23_29_33|domfull	569	0.0017857142857142859	fp32	cuda	
95c0ccd42af7ffd65f511baf	Q9V719	miss	569	569	False	1.0	ae3b7851188f4dc725484122c65ef9cf4b061a5112b97b74debf6c1b3d74caeb	08e4846e537177426273712802403f7ba8261b6c	mean_5_11_17_23_29_33|domfull	569	0.0017857142857142859	fp32	cuda	
c53f743e7c9aad637318bdc4	W7N463	miss	569	569	False	1.0	9133c00beeeb77edca6f47163bd08f9c49e12cf39bf9772c5bce827e4490da92	08e4846e537177426273712802403f7ba8261b6c	mean_5_11_17_23_29_33|domfull	569	0.0017857142857142859	fp32	cuda	
2c65fc7e5a038df9fb837736	Q9M1G5	miss	568	568	False	1.0	8db46a59d751f97892b63cfc010ec80127f2d49971654b4b74096e5d1c9fe60a	08e4846e537177426273712802403f7ba8261b6c	mean_5_11_17_23_29_33|domfull	568	0.0017857142857142859	fp32	cuda	
00443d188f449208c50f7878	Q9VNA8	miss	568	568	False	1.0	f7bf2a54d9d3a68cb840a67aa643890c5f94c26b77e7255a406e742efb205971	08e4846e537177426273712802403f7ba8261b6c	mean_5_11_17_23_29_33|domfull	568	0.0017857142857142859	fp32	cuda	
882bd2eceeef9f3cfdbf49b6	Q8L7M4	miss	567	567	False	1.0	4fe657b020caeda0b31027849fdd5bb11b01cdcf5de3694749485e89992ba8a6	08e4846e537177426273712802403f7ba8261b6c	mean_5_11_17_23_29_33|domfull	567	0.0017857142857142859	fp32	cuda	
59cebebad67ae1ffc6fa3101	Q9P7G6	miss	566	566	False	1.0	f6c3abd7dec17047d16c24fa6f4b13657774863d47df0d98526bf558e99a6b2f	08e4846e537177426273712802403f7ba8261b6c	mean_5_11_17_23_29_33|domfull	566	0.0017857142857142859	fp32	cuda	
cde9d6189d553293294abfe4	Q6DR03	miss	565	565	False	1.0	14f21d3f5bfa75d66e975d98209348e8c3ea1760554f99838e0dd8490fdc5abe	08e4846e537177426273712802403f7ba8261b6c	mean_5_11_17_23_29_33|domfull	565	0.0017857142857142859	fp32	cuda	
4707005072ffe955ecd22ec9	Q9W2P0	miss	565	565	False	1.0	f5fc47d4a94bb9bf8d625e931cb4eb3f51d7f329176a703171b9d0c3948c7bd4	08e4846e537177426273712802403f7ba8261b6c	mean_5_11_17_23_29_33|domfull	565	0.0017857142857142859	fp32	cuda	
aae1c534d5a9dd1de85ca17e	Q9LV85	miss	564	564	False	1.0	5ec199f48249fc831f73698bd2d2fdf1a9fe96bebd4f3c40f1f5ad75209368df	08e4846e537177426273712802403f7ba8261b6c	mean_5_11_17_23_29_33|domfull	564	0.0017857142857142859	fp32	cuda	
4bbed1546b22d93b3c9e40b7	Q9VJ62	miss	564	564	False	1.0	eab9424dbfc1fb73e8b0664db87a5d68daedd7f4365b605d9c327ed3fec232d3	08e4846e537177426273712802403f7ba8261b6c	mean_5_11_17_23_29_33|domfull	564	0.0017857142857142859	fp32	cuda	
7186637d063eb94ef8b37588	Q9SV96	miss	563	563	False	1.0	07c9c4762abc7b5a822440474e7ffd7fc5b2f37f97e8c1189bd3868cdbf2e0fb	08e4846e537177426273712802403f7ba8261b6c	mean_5_11_17_23_29_33|domfull	563	0.0017857142857142859	fp32	cuda	
4f63169d911a2a86a45a31a3	Q3UY90	miss	562	562	False	1.0	2842526c032c42be6636368136c495debab2b91e250b373a1fd3d66a2bbf3ad4	08e4846e537177426273712802403f7ba8261b6c	mean_5_11_17_23_29_33|domfull	562	0.0017857142857142859	fp32	cuda	
f9dc4c461688a580a6d2221b	Q9LXU9	miss	562	562	False	1.0	d29e178bdef6764eddfe251aae761baffa2a23617f9088a1d1426fe52bffa6d7	08e4846e537177426273712802403f7ba8261b6c	mean_5_11_17_23_29_33|domfull	562	0.0017857142857142859	fp32	cuda	
2b58e2e132a5b0c819703f6b	Q8BG36	miss	561	561	False	1.0	ead228407d91ceb98f09de213c371d598ad9cad7891156a841870d958dac33b9	08e4846e537177426273712802403f7ba8261b6c	mean_5_11_17_23_29_33|domfull	561	0.0017857142857142859	fp32	cuda	
d966cac5b5c6ace49673407b	Q9V9N4	miss	561	561	False	1.0	35974bf8a80d74ca3e663990d4dcecbc6e41e61fb622b99b7bd7efad881fd81d	08e4846e537177426273712802403f7ba8261b6c	mean_5_11_17_23_29_33|domfull	561	0.0017857142857142859	fp32	cuda	
1b3f4c42ad0617213fc02910	Q9VEB4	miss	560	560	False	1.0	6f3c70cc9517f199a104e36deebcec02e9c6cedaa52f702cbbba981aa989c9b1	08e4846e537177426273712802403f7ba8261b6c	mean_5_11_17_23_29_33|domfull	560	0.0017857142857142859	fp32	cuda	
29d20b0a8a8f25d9140079a6	Q91628	miss	558	558	False	1.0	5ff12602e2bd518e27df35e5d971dce89394dd47c3e239dc802688285cea0ce2	08e4846e537177426273712802403f7ba8261b6c	mean_5_11_17_23_29_33|domfull	558	0.0006896551724137932	fp32	cuda	
0a5df37fcbb9b7f4a487baf2	P43609	miss	557	557	False	1.0	2f214da281d488dc31ef4cc61226c7bb03256609a7e3112d9d7c47513498b5c8	08e4846e537177426273712802403f7ba8261b6c	mean_5_11_17_23_29_33|domfull	557	0.0006896551724137932	fp32	cuda	
3e2d1789a2eb89d8703f1df2	A6NKX4	miss	556	556	False	1.0	ab789035b61b2aeaca26e3d36be9ead9a1fc351ee784548cd0b7c6c8502425ca	08e4846e537177426273712802403f7ba8261b6c	mean_5_11_17_23_29_33|domfull	556	0.0006896551724137932	fp32	cuda	
af3a2642dd24d50d434c18a5	O22212	miss	554	554	False	1.0	4763f550c380308b373401333d3251e4bd7b439e38d09b578be728f89d7c7999	08e4846e537177426273712802403f7ba8261b6c	mean_5_11_17_23_29_33|domfull	554	0.0006896551724137932	fp32	cuda	
6b13f6097847a773e47357d4	P80299	miss	554	554	False	1.0	3b83eb99ffaa6eb283264c097cbe2a2bdb4b50af8eb6ff81032fe28bf3d55f2f	08e4846e537177426273712802403f7ba8261b6c	mean_5_11_17_23_29_33|domfull	554	0.0006896551724137932	fp32	cuda	
a15c45a0211a3aa082384e07	Q8R0S9	miss	554	554	False	1.0	5bbefed2303d9c304b307db929ff1b602b200ace6b478887beccbde3e4e5c3fa	08e4846e537177426273712802403f7ba8261b6c	mean_5_11_17_23_29_33|domfull	554	0.0006896551724137932	fp32	cuda	
e0012c2434261e5880b94702	Q9Z2D7	miss	554	554	False	1.0	2da31b324bb4fb88141aae8331ca9a381e1d3677f32c6053d509cf264ba25bf4	08e4846e537177426273712802403f7ba8261b6c	mean_5_11_17_23_29_33|domfull	554	0.0006896551724137932	fp32	cuda	
9cc8b5509aa51de904353469	Q75AS3	miss	553	553	False	1.0	4c49559b7da15b48a8dc4c44be322c4194acf19954c00cc8d4a9de34f3a28272	08e4846e537177426273712802403f7ba8261b6c	mean_5_11_17_23_29_33|domfull	553	0.0006896551724137932	fp32	cuda	
3521f2f785d28f4243e2a134	Q9NQ89	miss	552	552	False	1.0	f59358d5a1cdf455053974e16d0b04e88de7e20a08fa3ffd90a88f1db8924568	08e4846e537177426273712802403f7ba8261b6c	mean_5_11_17_23_29_33|domfull	552	0.0006896551724137932	fp32	cuda	
c5d6dbe09cc731a1f4aaaac3	Q9EP89	miss	551	551	False	1.0	a7b296185ebb3b9575e406390897efc44a2f5d1f20802b9c5fe2a05cb99222e2	08e4846e537177426273712802403f7ba8261b6c	mean_5_11_17_23_29_33|domfull	551	0.0006896551724137932	fp32	cuda	
43a79be493c3a44701242dd0	Q9FPS3	miss	551	551	False	1.0	6c7c6c9a6d74645e832f9e84c6d9e814f191787bf1edd0a71d335942bf9e2d2e	08e4846e537177426273712802403f7ba8261b6c	mean_5_11_17_23_29_33|domfull	551	0.0006896551724137932	fp32	cuda	
2d52b2278cc87eeb2363133b	Q9UL16	miss	551	551	False	1.0	fbebc02cd410f282c8c4dc5c8edfd364b64d70997797145f88a15882b7a9360d	08e4846e537177426273712802403f7ba8261b6c	mean_5_11_17_23_29_33|domfull	551	0.0006896551724137932	fp32	cuda	
e1344f07f93b26c5a20b6fff	Q55B11	miss	550	550	False	1.0	651f4e4d73f22e1dcd731477315f8841dede1c8ecc5fd84f5788e924e3c6cef5	08e4846e537177426273712802403f7ba8261b6c	mean_5_11_17_23_29_33|domfull	550	0.0006896551724137932	fp32	cuda	
17b4c422f27c01cd2f2a1de5	Q8VBT9	miss	550	550	False	1.0	5d899a7a0aaf95fef7e0d025a9720458dcf895a126df52825331b37d53b9d722	08e4846e537177426273712802403f7ba8261b6c	mean_5_11_17_23_29_33|domfull	550	0.0006896551724137932	fp32	cuda	
b9324b36cc58bb8f6629d78f	O94687	miss	549	549	False	1.0	eb9b95dfe33bcb3c1832484ee0c3b688df16d41cf146d788ee15d5e0dc1164dc	08e4846e537177426273712802403f7ba8261b6c	mean_5_11_17_23_29_33|domfull	549	0.0006896551724137932	fp32	cuda	
d97b04149409984d61f111cf	P35201	miss	549	549	False	1.0	93d07a69feea1563d26bfc787e0c4379679b8f138613ee019b649f854321605a	08e4846e537177426273712802403f7ba8261b6c	mean_5_11_17_23_29_33|domfull	549	0.0006896551724137932	fp32	cuda	
dccb6c55d8201f2e09681081	Q4QAU9	miss	549	549	False	1.0	c44453817254a00f6e3d6eb1ceeeac996f592771befcdf32aa066e2c5805763e	08e4846e537177426273712802403f7ba8261b6c	mean_5_11_17_23_29_33|domfull	549	0.0006896551724137932	fp32	cuda	
44afe4bd88367bf83228c9c1	Q9JLB9	miss	549	549	False	1.0	330390dcccec415399e57f983cfb2a4ba2bcd1cf59c0c2ed5e2f7875c031067b	08e4846e537177426273712802403f7ba8261b6c	mean_5_11_17_23_29_33|domfull	549	0.0006896551724137932	fp32	cuda	
4b416259993f957e86725f80	Q9URW7	miss	549	549	False	1.0	02d32ff6d41a8f01db207c7061c9d01ff2de27468f9207fb227193575ed04f64	08e4846e537177426273712802403f7ba8261b6c	mean_5_11_17_23_29_33|domfull	549	0.0006896551724137932	fp32	cuda	
53d4fe3fa223d817a0293bd0	Q9USL4	miss	549	549	False	1.0	d6cf55fcb6839e0148ddc9cca5adc94b3432451f12f4a65109e7ca8de0be798d	08e4846e537177426273712802403f7ba8261b6c	mean_5_11_17_23_29_33|domfull	549	0.0006896551724137932	fp32	cuda	
847c215c8e540f930bf8bc1a	P55111	miss	548	548	False	1.0	8697b957daf3770329f10ab51a167be8029cf8673b28680fd83fbd8bb2245a9a	08e4846e537177426273712802403f7ba8261b6c	mean_5_11_17_23_29_33|domfull	548	0.0006896551724137932	fp32	cuda	
5c389b4e2040c789e65b485a	Q9WZ56	miss	548	548	False	1.0	44ba6ace86fda96897edb553e717e6c4fed462930b8fcf2ec627c8d41cfa6dda	08e4846e537177426273712802403f7ba8261b6c	mean_5_11_17_23_29_33|domfull	548	0.0006896551724137932	fp32	cuda	
6825b7c9d1ceecf35711c063	P36616	miss	544	544	False	1.0	2c4b1f73b8dc10e188ec0c93f16fefaf9daed11a7232128d4fab0eb3f13b0920	08e4846e537177426273712802403f7ba8261b6c	mean_5_11_17_23_29_33|domfull	544	0.0006896551724137932	fp32	cuda	
eecaba99201b561736d5c919	Q8NC44	miss	543	543	False	1.0	9942a76c49354bedb9d4ca09f63034707987cc622933bc4dca8048391d4697f0	08e4846e537177426273712802403f7ba8261b6c	mean_5_11_17_23_29_33|domfull	543	0.0006896551724137932	fp32	cuda	
f5d4508b000340eef30df0a3	Q9Y251	miss	543	543	False	1.0	45553a5ee7870094a40c8560c5acdde38f6bb756b96f7b800522be303694334e	08e4846e537177426273712802403f7ba8261b6c	mean_5_11_17_23_29_33|domfull	543	0.0006896551724137932	fp32	cuda	
e1441a96fa82e8f387990ef0	W7X6T2	miss	542	542	False	1.0	15936be6dbcb999ad0183a694ae461a2a8e21ad83cc9de7341b882ea3dfacb23	08e4846e537177426273712802403f7ba8261b6c	mean_5_11_17_23_29_33|domfull	542	0.0006896551724137932	fp32	cuda	
b47f1460459de2a3b40999fd	Q8C7W7	miss	541	541	False	1.0	12eb358d954545ae3bb2b9a4594bf3e3d9d69483a688baff2cc80fdfb3fd04b0	08e4846e537177426273712802403f7ba8261b6c	mean_5_11_17_23_29_33|domfull	541	0.0006896551724137932	fp32	cuda	
7ca3cd9bfdcbed6358b2c020	Q8LP17	miss	541	541	False	1.0	bac85b0536a9d42c054cf864ad9cdcc057db50903657572a690c8c45d153d7ef	08e4846e537177426273712802403f7ba8261b6c	mean_5_11_17_23_29_33|domfull	541	0.0006896551724137932	fp32	cuda	
15059a1d881e1a094b2fe1bc	Q9EQP2	miss	541	541	False	1.0	485a9d5c38f92422f26859975c15a67550d52fb99e26fccf898b814d1c2c13bb	08e4846e537177426273712802403f7ba8261b6c	mean_5_11_17_23_29_33|domfull	541	0.0006896551724137932	fp32	cuda	
91e8e81c822f7577d8f3f702	Q9UP65	miss	541	541	False	1.0	69777fc4db35dc5c222f0685142c1a29fd6e4fc259e7c3897013ba8dd6f7d364	08e4846e537177426273712802403f7ba8261b6c	mean_5_11_17_23_29_33|domfull	541	0.0016666666666666668	fp32	cuda	
40864bdbf46c5026fb303336	Q9ZKY5	miss	541	541	False	1.0	9904650da419c71c2433d2712e259aaa6e6d154cd9dd67b71a4ec91e52f81b76	08e4846e537177426273712802403f7ba8261b6c	mean_5_11_17_23_29_33|domfull	541	0.0016666666666666668	fp32	cuda	
6680d6e007e0e39dcba6d113	Q9H5H4	miss	540	540	False	1.0	22732e3ca640b6fa209598640e62eccc0cdc0a4b0ff02d5a96e8792a948f8dbf	08e4846e537177426273712802403f7ba8261b6c	mean_5_11_17_23_29_33|domfull	540	0.0016666666666666668	fp32	cuda	
efecb1021414f9d68e34f2f5	Q9M9R6	miss	540	540	False	1.0	8f3797fc25aa919c0d996be95a105ad737eb83a729ecc18a5c089c4777b8a5fa	08e4846e537177426273712802403f7ba8261b6c	mean_5_11_17_23_29_33|domfull	540	0.0016666666666666668	fp32	cuda	
d1ad4f12ee2c6c8dca324f10	Q9Y6F8	miss	540	540	False	1.0	4defde59a1d7277cd859067b22fac5ce59d32d0832d20e381ed616842f122d39	08e4846e537177426273712802403f7ba8261b6c	mean_5_11_17_23_29_33|domfull	540	0.0016666666666666668	fp32	cuda	
73a12424a5bb50395b0eb86f	P70181	miss	539	539	False	1.0	692c91762b1a7a490ee977210d703d08996be42cf55a4f62f0b7da7f570d28d0	08e4846e537177426273712802403f7ba8261b6c	mean_5_11_17_23_29_33|domfull	539	0.0016666666666666668	fp32	cuda	
f3e7f9776b56ed353716da38	Q1ISS4	miss	538	538	False	1.0	ff80b078d978efec676a0032639392e99611ddecd34943a1407f0db004f7a78b	08e4846e537177426273712802403f7ba8261b6c	mean_5_11_17_23_29_33|domfull	538	0.0016666666666666668	fp32	cuda	
d76bc7e9f88efeeb75c7db20	Q6GQI7	miss	536	536	False	1.0	2b538d841061b75874108bfbeb7ab3d697bd1751e56bddab502ed9f5e4dcb737	08e4846e537177426273712802403f7ba8261b6c	mean_5_11_17_23_29_33|domfull	536	0.0016666666666666668	fp32	cuda	
d5622f3331229442223dda56	Q95NQ0	miss	536	536	False	1.0	13496cb6b4d43c233840f058a2d4c796b9479ed0b8ac804b193faba7da60ed14	08e4846e537177426273712802403f7ba8261b6c	mean_5_11_17_23_29_33|domfull	536	0.0016666666666666668	fp32	cuda	
774192e19add891c064f65b2	Q9H257	miss	536	536	False	1.0	b4a3064cf0def007d4ff859bd15022a4c187aa75603686157a043a1af85a9a01	08e4846e537177426273712802403f7ba8261b6c	mean_5_11_17_23_29_33|domfull	536	0.0016666666666666668	fp32	cuda	
2a0f72b8861b34a9f11bf22d	Q9USG9	miss	536	536	False	1.0	6a6782453c593a8a332ec69b1d40996c52fcc733777191f0dfbe94fc4f6aec6b	08e4846e537177426273712802403f7ba8261b6c	mean_5_11_17_23_29_33|domfull	536	0.0016666666666666668	fp32	cuda	
27daeb29efc0119b937450f5	Q9Y871	miss	536	536	False	1.0	bd5c6e7160a3e832f3d41421304fd72fc8d460643a467dad66f2a57d702adf89	08e4846e537177426273712802403f7ba8261b6c	mean_5_11_17_23_29_33|domfull	536	0.0016666666666666668	fp32	cuda	
43922ad3ca7fd3c53a598f14	Q8I295	miss	535	535	False	1.0	ce40abab6255fcc261bfb3018c76ecc02a163a291f973fb7b3bfe907806dadfb	08e4846e537177426273712802403f7ba8261b6c	mean_5_11_17_23_29_33|domfull	535	0.0016666666666666668	fp32	cuda	
edb632f67b5070f06a46e15c	Q9U1N0	miss	535	535	False	1.0	eaa2c78542c8e2932401592adc47a02687d24fba58a65daffced43bf316de42c	08e4846e537177426273712802403f7ba8261b6c	mean_5_11_17_23_29_33|domfull	535	0.0016666666666666668	fp32	cuda	
f62aef0c74695c589dc82d75	W7E3A0	miss	534	534	False	1.0	49fe3e5609df176c58349f60ca97138fbafa2a229aed7a3fee7ff81b1787af21	08e4846e537177426273712802403f7ba8261b6c	mean_5_11_17_23_29_33|domfull	534	0.0016666666666666668	fp32	cuda	
ae3698e05e0a715a3054ee42	Q75JD4	miss	533	533	False	1.0	e4ab219df99e6da1a4f32d82c1996afe7519b371520a72cb0fcb6cb57d9a3993	08e4846e537177426273712802403f7ba8261b6c	mean_5_11_17_23_29_33|domfull	533	0.0016666666666666668	fp32	cuda	
b7b3cb0460a97f51818d07bb	Q7F9K4	miss	533	533	False	1.0	e673d905c886fab35a45d117a29bac7468b962a72e5a10f762b086fecb57e4f0	08e4846e537177426273712802403f7ba8261b6c	mean_5_11_17_23_29_33|domfull	533	0.0016666666666666668	fp32	cuda	
2f359d23e046ae533671a579	Q9C9Z9	miss	533	533	False	1.0	db807d2a26c939c94e82c21f6c8523f69a3bdb57f0e8568516fa77d04607ea37	08e4846e537177426273712802403f7ba8261b6c	mean_5_11_17_23_29_33|domfull	533	0.0016666666666666668	fp32	cuda	
010f3a89c71635e67b6545c1	A2R2L1	miss	531	531	False	1.0	6206712f5026e91ab65e8c58dd29134c2da8d8d2e578292cbd45644871a4d471	08e4846e537177426273712802403f7ba8261b6c	mean_5_11_17_23_29_33|domfull	531	0.0016666666666666668	fp32	cuda	
fe3e82a1ef55a443121cb50e	Q9I0K4	miss	531	531	False	1.0	5b90fcc589234f7a00ca9b71e955aee295b4c5a764386fec2de77ac5ff800ab0	08e4846e537177426273712802403f7ba8261b6c	mean_5_11_17_23_29_33|domfull	531	0.0016666666666666668	fp32	cuda	
97a760cfe490cc2e9a11590e	Q9GPF0	miss	530	530	False	1.0	8305455b03ced00e9ab8fd5dbc8448e0a5914e4c35c0139ccb5a541b861905c5	08e4846e537177426273712802403f7ba8261b6c	mean_5_11_17_23_29_33|domfull	530	0.0016666666666666668	fp32	cuda	
5e86b5f63d94ded682537794	W7MLD8	miss	530	530	False	1.0	d23e97d769bfe403104257553e1204bb56eb651fa626e41f77b6878b5ba41ca5	08e4846e537177426273712802403f7ba8261b6c	mean_5_11_17_23_29_33|domfull	530	0.0016666666666666668	fp32	cuda	
b93450b0abfdb66d4924fd1c	Q7YR44	miss	529	529	False	1.0	959ab63b39b344cbf156fdc5959ef961c5a29ec5662cab33c0e5a252f421755a	08e4846e537177426273712802403f7ba8261b6c	mean_5_11_17_23_29_33|domfull	529	0.0016666666666666668	fp32	cuda	
a84695362fe91727bf64b16b	Q9FMV0	miss	529	529	False	1.0	702c3cf308a57e70404ec704b5d9fb70168289cdb74d07e748bc987f9e98034a	08e4846e537177426273712802403f7ba8261b6c	mean_5_11_17_23_29_33|domfull	529	0.0016666666666666668	fp32	cuda	
c674333e41df0b8c1b7867dc	Q9HDX7	miss	529	529	False	1.0	a7c22bc816eca1e72b86ba5ae6b95f42cac01d8a635c4dde09a44cf6bfe44437	08e4846e537177426273712802403f7ba8261b6c	mean_5_11_17_23_29_33|domfull	529	0.0016666666666666668	fp32	cuda	
4e3c450a0b9c31b0c8f40df9	Q9LEZ3	miss	529	529	False	1.0	8f899ab85b7dc912d04dbc4e0c78badc2f1c593a1338885780e0520249883750	08e4846e537177426273712802403f7ba8261b6c	mean_5_11_17_23_29_33|domfull	529	0.0016666666666666668	fp32	cuda	
cdebe6032cda45716d870be8	Q9PJB1	miss	529	529	False	1.0	2642bb18d68f4ffe9a1c44fc6bdbe8376eb25a5a5031708497d0fa1964f237c5	08e4846e537177426273712802403f7ba8261b6c	mean_5_11_17_23_29_33|domfull	529	0.0016666666666666668	fp32	cuda	
642dd85465e374385301a170	Q9QVY8	miss	529	529	False	1.0	6c2692c598939dfefd49e41c57fbcfc1c87788c3d74d8d996f795b5b38a167c5	08e4846e537177426273712802403f7ba8261b6c	mean_5_11_17_23_29_33|domfull	529	0.0016666666666666668	fp32	cuda	
fae442d7bbfc651f94941a33	Q6CC39	miss	528	528	False	1.0	71455a8ee55370f1a76468aa54c491bb07bad43bbdcd69f1f881fe518499b118	08e4846e537177426273712802403f7ba8261b6c	mean_5_11_17_23_29_33|domfull	528	0.0016666666666666668	fp32	cuda	
d1255da91cd9dec087bda31b	Q9M9X7	miss	528	528	False	1.0	2e326c6442f1e66131feb7f4230533fe89acf21d4dcfefbc8df1df108af3ac6d	08e4846e537177426273712802403f7ba8261b6c	mean_5_11_17_23_29_33|domfull	528	0.0016666666666666668	fp32	cuda	
f34f67226c9dfa53c29f26de	Q9WS39	miss	527	527	False	1.0	0cb733f6466b08632ad57de83100587b7a2ad68629cc3778986d37a4281b0d2e	08e4846e537177426273712802403f7ba8261b6c	mean_5_11_17_23_29_33|domfull	527	0.0016666666666666668	fp32	cuda	
1d38692854b0422f31742890	O05218	miss	525	525	False	1.0	dc2ecd40c3b08d4f4cb503dd8841dc111375382d11560959c3aaca2b24c1dae1	08e4846e537177426273712802403f7ba8261b6c	mean_5_11_17_23_29_33|domfull	525	0.0016666666666666668	fp32	cuda	
b07725dc709ccc5a4aaa1421	Q9J507	miss	525	525	False	1.0	98f1b1c2e6067f2254fe3edd0e578c192e61179cf9a0e7dd3fea8555f37c61c5	08e4846e537177426273712802403f7ba8261b6c	mean_5_11_17_23_29_33|domfull	525	0.0016666666666666668	fp32	cuda	
a926b716dc51165250bf599f	Q9K5Z9	miss	524	524	False	1.0	b8550ec5cbf5122cb00235671b63a19ae99d746d1ef230c424a61ad1b4e8c285	08e4846e537177426273712802403f7ba8261b6c	mean_5_11_17_23_29_33|domfull	524	0.0016666666666666668	fp32	cuda	
ab010ce6a1bd3bf23a4b8f03	Q9R0H5	miss	524	524	False	1.0	ef19678dd3c66daf02ace42757bb90fa49bbdec1d6b425e178c36c81d79086ff	08e4846e537177426273712802403f7ba8261b6c	mean_5_11_17_23_29_33|domfull	524	0.0016666666666666668	fp32	cuda	
6cb1d8dff6397b39dfe13197	Q9VVR9	miss	524	524	False	1.0	444bb71ba4cd2c7ca38c592326be17b116f9975ba482e343c1b47d7a770257be	08e4846e537177426273712802403f7ba8261b6c	mean_5_11_17_23_29_33|domfull	524	0.0016666666666666668	fp32	cuda	
4f55972fdf8430862f220de5	Q9SSR6	miss	523	523	False	1.0	5714bd3f183db55faaf5dbcc5cfca22a9229ef259682cae40df944bd19489c14	08e4846e537177426273712802403f7ba8261b6c	mean_5_11_17_23_29_33|domfull	523	0.0016666666666666668	fp32	cuda	
7c6fcf0ed2034ee0d50063cf	A2VDU2	miss	522	522	False	1.0	186e676555a157d459d1a7224dc9d713b50400dcda2bc800130f8fe02e8b9559	08e4846e537177426273712802403f7ba8261b6c	mean_5_11_17_23_29_33|domfull	522	0.0016666666666666668	fp32	cuda	
3c4b541d84e0f92494ecf4f8	Q80Y61	miss	522	522	False	1.0	3483e870189df924beb2e09c4e917bddbf2f73199e0f7c8b98a824ea81d87264	08e4846e537177426273712802403f7ba8261b6c	mean_5_11_17_23_29_33|domfull	522	0.0016666666666666668	fp32	cuda	
7d30b3fa5305dec3f9c73e58	V5XZS6	miss	522	522	False	1.0	8298257b8bf900d28a0f598c485641ba946fac90d8173a6d2161d87e793c7abf	08e4846e537177426273712802403f7ba8261b6c	mean_5_11_17_23_29_33|domfull	522	0.0016666666666666668	fp32	cuda	
13b1e28be90cdbb329b23cf2	Q8H965	miss	520	520	False	1.0	9ad6e6ad0c7b8752e29a6201e1d9ca9495606681a9fd10c648f3ac15bbd20d18	08e4846e537177426273712802403f7ba8261b6c	mean_5_11_17_23_29_33|domfull	520	0.0016666666666666668	fp32	cuda	
4cbf7677c2920f7817a63650	Q8TDB8	miss	520	520	False	1.0	c6bfe61e458ae6a273b4c5590db2c1b8481fb6199d026a3159f071fc2ae7a36b	08e4846e537177426273712802403f7ba8261b6c	mean_5_11_17_23_29_33|domfull	520	0.0016666666666666668	fp32	cuda	
ae66feee46c1717afcc4b31b	Q9CWP6	miss	518	518	False	1.0	73048dde42647162b9db6d3eb2265f3a027316dc8e0d1c3f53857a3ddddbd396	08e4846e537177426273712802403f7ba8261b6c	mean_5_11_17_23_29_33|domfull	518	0.0016666666666666668	fp32	cuda	
16b5a8945ec5096db2e40695	Q9FG14	miss	518	518	False	1.0	8620bff891d7014afea9a3717bb42f266c105745d4dcf7241cffea19d3963341	08e4846e537177426273712802403f7ba8261b6c	mean_5_11_17_23_29_33|domfull	518	0.0016666666666666668	fp32	cuda	
b50d4d48ce798d23b5037b94	Q9PWA3	miss	518	518	False	1.0	502fed8978b8c686389c73a01d23fb536e17f63b617b77f9a0bf502e92548614	08e4846e537177426273712802403f7ba8261b6c	mean_5_11_17_23_29_33|domfull	518	0.0016666666666666668	fp32	cuda	
386af035f3791b08c68b6fad	Q9Y898	miss	518	518	False	1.0	e9664bac1b3df11784373fd2cec86059f6cc282c8dfd581f6ad3f33e4a56b162	08e4846e537177426273712802403f7ba8261b6c	mean_5_11_17_23_29_33|domfull	518	0.0016666666666666668	fp32	cuda	
ed1a1a21c3758511d1a82f26	P52714	miss	517	517	False	1.0	7ebc815eeff7875461babb635cc38cfd1208526eeafda6aa100a815ee17182a8	08e4846e537177426273712802403f7ba8261b6c	mean_5_11_17_23_29_33|domfull	517	0.0016666666666666668	fp32	cuda	
f2a88f9815f788977a3b8521	Q06203	miss	517	517	False	1.0	3f1bec36bceb5715ffcf8f871856c6ac5f06cd9db768dc5b9564357343e04616	08e4846e537177426273712802403f7ba8261b6c	mean_5_11_17_23_29_33|domfull	517	0.0016666666666666668	fp32	cuda	
1f250b967802d594a18484c9	Q9N5U5	miss	517	517	False	1.0	61af7f2fccbaa91bdbe4ccb0e9e1b42b01abaa2751b7c8378d903e61d3639d36	08e4846e537177426273712802403f7ba8261b6c	mean_5_11_17_23_29_33|domfull	517	0.0016666666666666668	fp32	cuda	
c126e870c4035cb5daa99ad0	Q960W6	miss	516	516	False	1.0	5153d54dc54f3ed2fe504d4902552e07f9d51543bee1bc1debef83f299374a48	08e4846e537177426273712802403f7ba8261b6c	mean_5_11_17_23_29_33|domfull	516	0.0016666666666666668	fp32	cuda	
ceff6453e1d3f040a08e70c5	F4I1X0	miss	515	515	False	1.0	04d49aabdd366f820a69ba081337e04ae252f9626a23429e320d057f1b6280fd	08e4846e537177426273712802403f7ba8261b6c	mean_5_11_17_23_29_33|domfull	515	0.0016666666666666668	fp32	cuda	
4017f9daacf11f9445bcbcb6	Q88894	miss	515	515	False	1.0	c05f8f5f5733651f7d8384de8fb99fcd069874d83ef2b25d5bec98232e7a7b7a	08e4846e537177426273712802403f7ba8261b6c	mean_5_11_17_23_29_33|domfull	515	0.0016666666666666668	fp32	cuda	
37d555219973cee6bc0aab54	Q93834	miss	515	515	False	1.0	b176c872f7573cef87074246007a84bdd8ec5f57f8696bb9a5a323b1360294bf	08e4846e537177426273712802403f7ba8261b6c	mean_5_11_17_23_29_33|domfull	515	0.0016666666666666668	fp32	cuda	
5e7a6db7a36d723be61b1e11	Q9Z8J2	miss	515	515	False	1.0	193fe0d7010cb4d7bf9735b6d7b324afd4a4c42ac449d49053e4ec0c21255347	08e4846e537177426273712802403f7ba8261b6c	mean_5_11_17_23_29_33|domfull	515	0.0016666666666666668	fp32	cuda	
19a75b3a48465ad2f2df1bec	Q45071	miss	513	513	False	1.0	bb876f8ad806c801ad64e5bbe6a6201f9c5c6be6e2403bb0384b71814c826378	08e4846e537177426273712802403f7ba8261b6c	mean_5_11_17_23_29_33|domfull	513	0.0016666666666666668	fp32	cuda	
0e6039c5fbfb508f4a5d0b20	Q63184	miss	513	513	False	1.0	9f6241a1b42e71c830a5e935fc33889ff74bb6467007f989f064c4ca2264f9a9	08e4846e537177426273712802403f7ba8261b6c	mean_5_11_17_23_29_33|domfull	513	0.0016666666666666668	fp32	cuda	
4f2a35b1791387912b31d8d0	Q7YRJ7	miss	513	513	False	1.0	bae24a198754e46cef19e84df9e60fbd162ff2aace20f6892ae05ce9f7cbcd55	08e4846e537177426273712802403f7ba8261b6c	mean_5_11_17_23_29_33|domfull	513	0.0016666666666666668	fp32	cuda	
0dfb5e3449c0b67d054f2238	Q8K3E9	miss	513	513	False	1.0	18ee2ce8c7e0cd02280c1eb7f7999b82b07b0f75abe711dc420e33c2a25676a0	08e4846e537177426273712802403f7ba8261b6c	mean_5_11_17_23_29_33|domfull	513	0.0016666666666666668	fp32	cuda	
f79738d9f67337921f2fea5a	Q9C1X4	miss	513	513	False	1.0	e345df079739637f1eaaaa459f70876d846ccec4c6da438ae3c3111aa617408f	08e4846e537177426273712802403f7ba8261b6c	mean_5_11_17_23_29_33|domfull	513	0.0016666666666666668	fp32	cuda	
3b460bfa39fa28c9a21a0a13	Q9NYB9	miss	513	513	False	1.0	c2002868fcab3e48ace08dfe3513163d90a092f830b05a07aaa9781135e837f8	08e4846e537177426273712802403f7ba8261b6c	mean_5_11_17_23_29_33|domfull	513	0.0016666666666666668	fp32	cuda	
7f707fb2c4ee6b577e8aba49	Q828K5	miss	512	512	False	1.0	50da016a96e4da0e462ed6698bef2f68b707e44cb495e4b851138e0abe32f106	08e4846e537177426273712802403f7ba8261b6c	mean_5_11_17_23_29_33|domfull	512	0.0016129032258064516	fp32	cuda	
65512d308f4c50844de49c49	Q8BGV4	miss	512	512	False	1.0	67bc1be5d91bbe461f596b55bc6653ebd5823c27cd3c279661d39353f0d295de	08e4846e537177426273712802403f7ba8261b6c	mean_5_11_17_23_29_33|domfull	512	0.0016129032258064516	fp32	cuda	
605bf8aff361fc98b3ea7a7d	Q8MNV0	miss	512	512	False	1.0	e901926dcbbafd4c1ddbf859a3121e98ad0e61c5af39e716ab381323839d1229	08e4846e537177426273712802403f7ba8261b6c	mean_5_11_17_23_29_33|domfull	512	0.0016129032258064516	fp32	cuda	
81e9338648e0e291ee056a64	Q9T1W5	miss	512	512	False	1.0	63ba244a023d6c908f61d59df6e4e351bc77edfff26b9f4bd52d22f86ba9c24b	08e4846e537177426273712802403f7ba8261b6c	mean_5_11_17_23_29_33|domfull	512	0.0016129032258064516	fp32	cuda	
a5080af3b42af43297ada5d4	Q8SVQ8	miss	511	511	False	1.0	499442b43c68793302a452ecb58094cbc3e204a163899c89257b4966035bf496	08e4846e537177426273712802403f7ba8261b6c	mean_5_11_17_23_29_33|domfull	511	0.0016129032258064516	fp32	cuda	
ff96e498e9cb7bd412d915ef	Q9NQV5	miss	511	511	False	1.0	c46071798aac32a6113653ff97699a1ee06dc8c6ce0a59574c8a05a72a8cc6bb	08e4846e537177426273712802403f7ba8261b6c	mean_5_11_17_23_29_33|domfull	511	0.0016129032258064516	fp32	cuda	
09e222576dd567fabc006ecf	Q9UTL2	miss	511	511	False	1.0	44aef4149f3d1e033e89610d00e56e9e3bf483948cfbdadf6b4b4fdda5401a9b	08e4846e537177426273712802403f7ba8261b6c	mean_5_11_17_23_29_33|domfull	511	0.0016129032258064516	fp32	cuda	
898b608b4755375d6f38ab20	Q9ASQ5	miss	510	510	False	1.0	7178bf2f2a81b0ee0a84ab9e5bbee84103e587879fe7c4d614568e35914b6b35	08e4846e537177426273712802403f7ba8261b6c	mean_5_11_17_23_29_33|domfull	510	0.0016129032258064516	fp32	cuda	
93d04711b1154ac003b768e0	Q9BGY6	miss	510	510	False	1.0	d886f69835f42b6ad3b9e5ad32877ee72f82fbe0a407ce47ce9553b5507ee8a3	08e4846e537177426273712802403f7ba8261b6c	mean_5_11_17_23_29_33|domfull	510	0.0016129032258064516	fp32	cuda	
0d019f17dad61d1d8e768a43	Q9HJP3	miss	510	510	False	1.0	5791f7163dfa392bae29f2e6cb6193c371e7bbc33a42f6bf44c205210462ec20	08e4846e537177426273712802403f7ba8261b6c	mean_5_11_17_23_29_33|domfull	510	0.0016129032258064516	fp32	cuda	
18f11bc6e034f28b3d7862da	Q9LEX1	miss	510	510	False	1.0	71c2294af293720c029d5f670825a179a02c896db6a79679219c485a34f07302	08e4846e537177426273712802403f7ba8261b6c	mean_5_11_17_23_29_33|domfull	510	0.0016129032258064516	fp32	cuda	
df024444741f78bbf69931c9	Q9MYU4	miss	510	510	False	1.0	9a0e07b7012bc1cc9b27b550b94ce20fa6ab7eaade72e4bd3438583c98b644de	08e4846e537177426273712802403f7ba8261b6c	mean_5_11_17_23_29_33|domfull	510	0.0016129032258064516	fp32	cuda	
8a5db24373028b6525c14841	Q9STF2	miss	510	510	False	1.0	c1bac00dfd52e97c2cced10a7b57933da419e353ba7f6c72bca45ee5ac287f86	08e4846e537177426273712802403f7ba8261b6c	mean_5_11_17_23_29_33|domfull	510	0.0016129032258064516	fp32	cuda	
39c6e37eef969ddf6d9572e9	A0A7H0DNC4	miss	509	509	False	1.0	1d05e9b116343e7bce70409ffb8e6d4b945e2a3aa5e7cefcd7d521f9ab3f8c72	08e4846e537177426273712802403f7ba8261b6c	mean_5_11_17_23_29_33|domfull	509	0.0016129032258064516	fp32	cuda	
0ad8e157fb9057b28d27f657	Q9SK32	miss	509	509	False	1.0	3e3f476f16758da6eca06e61d151917b6f91a93134d6199af6919b083004491c	08e4846e537177426273712802403f7ba8261b6c	mean_5_11_17_23_29_33|domfull	509	0.0016129032258064516	fp32	cuda	
85016a412e1b476658b61be7	Q85AP4	miss	508	508	False	1.0	33be79fe5bc52dc17903310b2772665107abff8fea0364cefcb103de210a8bb8	08e4846e537177426273712802403f7ba8261b6c	mean_5_11_17_23_29_33|domfull	508	0.0016129032258064516	fp32	cuda	
cbb02f1896deb2f2c3546d85	Q8I4F7	miss	507	507	False	1.0	9b6d85dc97b06251dee2210f12842eb1a8139214dd26b55cdd674e8597c7c678	08e4846e537177426273712802403f7ba8261b6c	mean_5_11_17_23_29_33|domfull	507	0.0016129032258064516	fp32	cuda	
d1f3c06d782dbdc7e762ee0b	Q9FXT6	miss	507	507	False	1.0	2b5863dfb3c9719dcd52036544fe0322720fc8b9e40ebfd11219c0ab86436cff	08e4846e537177426273712802403f7ba8261b6c	mean_5_11_17_23_29_33|domfull	507	0.0016129032258064516	fp32	cuda	
49f307ffee34d765dc34c0c8	Q9MVW5	miss	507	507	False	1.0	419f1893ede1db98aa6d5a36df2b86be22aabbad3e28eb5203c0a05282ce731f	08e4846e537177426273712802403f7ba8261b6c	mean_5_11_17_23_29_33|domfull	507	0.0016129032258064516	fp32	cuda	
7419876a91d29c79b9484b0f	Q8GW72	miss	506	506	False	1.0	7adefc856e71c6a02d2e217cb957dfd67e8f73fcb9ea379f62b405e37340f24c	08e4846e537177426273712802403f7ba8261b6c	mean_5_11_17_23_29_33|domfull	506	0.0016129032258064516	fp32	cuda	
06c00eec32e81903d7bcbf4d	P32566	miss	505	505	False	1.0	efd7be25b6e01dfd4e45e0fc48e9c69d6d17000ceaf401d3a3ef137bee5509fc	08e4846e537177426273712802403f7ba8261b6c	mean_5_11_17_23_29_33|domfull	505	0.0016129032258064516	fp32	cuda	
f0e1fdbbac25a7d2ad117ea5	Q9VPN2	miss	505	505	False	1.0	c459248f7fe72e40869feabff2252de5888abf2edc3e588886a3d827dbfe6c99	08e4846e537177426273712802403f7ba8261b6c	mean_5_11_17_23_29_33|domfull	505	0.0016129032258064516	fp32	cuda	
8845e94a1a33906b798a9a82	Q9Y7M8	miss	502	502	False	1.0	132633d695cce97f5991b80551c1b20bbaf40f356a3ef8d39a5668e6b97abe7a	08e4846e537177426273712802403f7ba8261b6c	mean_5_11_17_23_29_33|domfull	502	0.0016129032258064516	fp32	cuda	
4a848a9b9eb14a3575b29df5	E9DV56	miss	501	501	False	1.0	cf9669e8157f3e0c9d5c80cf3758c8b88e994c865b2348f9542fa4f9c1f4d2dd	08e4846e537177426273712802403f7ba8261b6c	mean_5_11_17_23_29_33|domfull	501	0.0016129032258064516	fp32	cuda	
5a4508c7ca36adad74d44f72	Q9LJK1	miss	501	501	False	1.0	b8f1bc24e5730d31f4412d6f044ac411ef86c147c1d41042b995764e236b6a1a	08e4846e537177426273712802403f7ba8261b6c	mean_5_11_17_23_29_33|domfull	501	0.0016129032258064516	fp32	cuda	
0dd9da1b9a5da6f031550d57	Q9V676	miss	501	501	False	1.0	cddddba7c9524d5df5a2bf126ebb7c67644c641f584abbf165c1165452d64987	08e4846e537177426273712802403f7ba8261b6c	mean_5_11_17_23_29_33|domfull	501	0.0016129032258064516	fp32	cuda	
914eaf6cc26b90299735aef3	Q8LNW4	miss	499	499	False	1.0	a2d53280d5fc0c847aaa164f140694e92d7a3986e55d21ce3e863ae496b8ae59	08e4846e537177426273712802403f7ba8261b6c	mean_5_11_17_23_29_33|domfull	499	0.0016129032258064516	fp32	cuda	
8b6ccaf4f6dd55a34bf6b7dc	Q99N64	miss	498	498	False	1.0	1ce6c671b89ca21b05ca619712209cbea5323ee0fcbff910312c2b6644f32b9e	08e4846e537177426273712802403f7ba8261b6c	mean_5_11_17_23_29_33|domfull	498	0.0016129032258064516	fp32	cuda	
408de0f941a965bd2407a1d8	Q9SZ45	miss	498	498	False	1.0	0ca0cd0766ffe88f0dfb3e7250aa0ae89afea23c6c8224952de3f96c93d5d415	08e4846e537177426273712802403f7ba8261b6c	mean_5_11_17_23_29_33|domfull	498	0.0016129032258064516	fp32	cuda	
41c15c7a4da1833984825914	F4HT49	miss	497	497	False	1.0	6c3407abc14c4596d0ad73a49e9a88909913aa2887c10ec4bc723ff938e9b4d1	08e4846e537177426273712802403f7ba8261b6c	mean_5_11_17_23_29_33|domfull	497	0.0016129032258064516	fp32	cuda	
20514d8b564f946bd7a5174d	Q77MP7	miss	497	497	False	1.0	89624fafa80946e1044cf18049bbac0e83d6623b13e7f8ae46cb452fb2173989	08e4846e537177426273712802403f7ba8261b6c	mean_5_11_17_23_29_33|domfull	497	0.0016129032258064516	fp32	cuda	
13d16e07afcc2e0aa17cbc90	Q9H0B8	miss	497	497	False	1.0	7eadf50d9d418742be07e5bbba2a56829fe4296a2faec70e8da3cce6437e230d	08e4846e537177426273712802403f7ba8261b6c	mean_5_11_17_23_29_33|domfull	497	0.0015625	fp32	cuda	
ee664058c5b0ec90b29bba29	Q9RN04	miss	497	497	False	1.0	b074a53c4b92d6ba09967cb2899431c43a1baf1e5c487ab00b7eb16d2954d5f2	08e4846e537177426273712802403f7ba8261b6c	mean_5_11_17_23_29_33|domfull	497	0.0015625	fp32	cuda	
eff6f2f5b45d10ca07292b0c	Q9SK49	miss	497	497	False	1.0	b3b0658fc6b2b0170c88c7c60f340aff0f5b60e7dff2ec308692234ccb1de808	08e4846e537177426273712802403f7ba8261b6c	mean_5_11_17_23_29_33|domfull	497	0.0015625	fp32	cuda	
7ddf59b3c4cb59ac15d0cd4d	O19114	miss	496	496	False	1.0	78dec99d089738c04bdb847589857ccc1656edeaea52f1c8fac7ea7d97854403	08e4846e537177426273712802403f7ba8261b6c	mean_5_11_17_23_29_33|domfull	496	0.0015625	fp32	cuda	
cfbdbc7e27feab5d44c4982f	Q9BTV5	miss	496	496	False	1.0	81aca3bc7c8432917969850ab1cb9e9557fa4836a332e8570cc0dc273dc0f95e	08e4846e537177426273712802403f7ba8261b6c	mean_5_11_17_23_29_33|domfull	496	0.0015625	fp32	cuda	
4f026f288be946ef141c1c1d	Q9PR97	miss	496	496	False	1.0	60d88485ef8212fdf11943f6ea3dc559410a5af8fccff3187f107e422bc4f23a	08e4846e537177426273712802403f7ba8261b6c	mean_5_11_17_23_29_33|domfull	496	0.0015625	fp32	cuda	
bb5cd96f90e1956ab55a5614	Q9SSD1	miss	496	496	False	1.0	56001022801889c94f0a9a91f43dae2c4adaa36a28831ea28da28502334e7c7a	08e4846e537177426273712802403f7ba8261b6c	mean_5_11_17_23_29_33|domfull	496	0.0015625	fp32	cuda	
c971ec74a2991115c5c111e4	Q9NS91	miss	495	495	False	1.0	fd300aa51cb63fcdc7adcbb4cb95ecc5cd4ed4c11e09adb64bc14175d35edba1	08e4846e537177426273712802403f7ba8261b6c	mean_5_11_17_23_29_33|domfull	495	0.0015625	fp32	cuda	
ea7920a88434aa6acfe4f00f	Q809M5	miss	494	494	False	1.0	2ae557ec49db7397a3ef7a9c72c8853c5d66b80b15a76608f5e412fc84a12566	08e4846e537177426273712802403f7ba8261b6c	mean_5_11_17_23_29_33|domfull	494	0.0015625	fp32	cuda	
9ee7b8cc28877d930d7a2b1c	Q96DC7	miss	493	493	False	1.0	776427b75a348fffda20be3de6cbb24143aad5b89402b507b288885b3a6d31c6	08e4846e537177426273712802403f7ba8261b6c	mean_5_11_17_23_29_33|domfull	493	0.0015625	fp32	cuda	
f2de80cbf42195d187f7a9fa	Q9I609	miss	493	493	False	1.0	ceb4ee4360d291d3896faa96d6e84d048c9b1d3c0af46c76163e7726c17348c1	08e4846e537177426273712802403f7ba8261b6c	mean_5_11_17_23_29_33|domfull	493	0.0015625	fp32	cuda	
3acadac9501aed43090b8b27	Q6C4Y5	miss	492	492	False	1.0	3d04b0cadc4841077a195693a05a28e5773eddb865d652a2aa83aba5fc445571	08e4846e537177426273712802403f7ba8261b6c	mean_5_11_17_23_29_33|domfull	492	0.0015625	fp32	cuda	
e192531dcc1962415c588e72	Q7SY54	miss	492	492	False	1.0	34ae619101cae9bb9e30f2e912103b2dc66b944a4bf01d880565f13adb284894	08e4846e537177426273712802403f7ba8261b6c	mean_5_11_17_23_29_33|domfull	492	0.0015625	fp32	cuda	
8d56af2e7eebe88216592047	Q84JR3	miss	492	492	False	1.0	6060c8b644c88a23ee355a91eeedbe3dd131a6b990a2540fe2278d0d998263a9	08e4846e537177426273712802403f7ba8261b6c	mean_5_11_17_23_29_33|domfull	492	0.0015625	fp32	cuda	
1a9f229c8f7fa743892747a9	Q8W035	miss	492	492	False	1.0	923461eb00603cc9361c6e0a051e1a9ccaaa366e5846e36079819a88483af727	08e4846e537177426273712802403f7ba8261b6c	mean_5_11_17_23_29_33|domfull	492	0.0015625	fp32	cuda	
c7065174411e59da329b3bfd	Q9VTT9	miss	492	492	False	1.0	03f5b08b3957c178aead3effb9950bf4f3fe86af665399e42a28366985e69225	08e4846e537177426273712802403f7ba8261b6c	mean_5_11_17_23_29_33|domfull	492	0.0015625	fp32	cuda	
1434022cfaf8f85f38f81a91	P10073	miss	491	491	False	1.0	13440056f29bd4f7471c6afd419823c6f198260d4c43f81b248a339c7c7668b1	08e4846e537177426273712802403f7ba8261b6c	mean_5_11_17_23_29_33|domfull	491	0.0015625	fp32	cuda	
910ed0c512dd069ee1b06934	Q9UJT9	miss	491	491	False	1.0	05ff6031aa73f243135ea730243eba8964eb53813ba2d58c3b8ae53bc4c1e668	08e4846e537177426273712802403f7ba8261b6c	mean_5_11_17_23_29_33|domfull	491	0.0015625	fp32	cuda	
20bbfe56132a05311d00b207	Q8J0I9	miss	490	490	False	1.0	1d87952d97910fbc5c970f3ef01a087eb3aa629f1953481c3e62926d7cf19aae	08e4846e537177426273712802403f7ba8261b6c	mean_5_11_17_23_29_33|domfull	490	0.0015625	fp32	cuda	
0e93d70d3ac33d7786717485	Q9LJ04	miss	490	490	False	1.0	c7e9c9a211f3c4f82f26f57d144467818608cc2ebff1b94924cf86cb72bb5823	08e4846e537177426273712802403f7ba8261b6c	mean_5_11_17_23_29_33|domfull	490	0.0015625	fp32	cuda	
ebba555e52e14173e3706f1b	P98193	miss	489	489	False	1.0	a7f34a2ab88a03ec8c4885afd52b4e26f22d4d9479439ece978a3ac9a4dd73ac	08e4846e537177426273712802403f7ba8261b6c	mean_5_11_17_23_29_33|domfull	489	0.0015625	fp32	cuda	
395d4d7291749061e6e57783	Q60P76	miss	489	489	False	1.0	fe45f934c3f80cd4424505e5789ead98d2713661ed958747ed6d766aae31d22d	08e4846e537177426273712802403f7ba8261b6c	mean_5_11_17_23_29_33|domfull	489	0.0015625	fp32	cuda	
5b218685d9d04243a72dfecf	Q8BHT6	miss	489	489	False	1.0	7a254d261e9f52bee2152dbda42c92c6a5dc53955556963d508f5a4633378554	08e4846e537177426273712802403f7ba8261b6c	mean_5_11_17_23_29_33|domfull	489	0.0015625	fp32	cuda	
67abb07e82580c30496f85c7	Q9YG68	miss	489	489	False	1.0	7381afcdcfc43b8bb4b734a3c92fec43daecd2a902e10012d6ba8a1909006cf9	08e4846e537177426273712802403f7ba8261b6c	mean_5_11_17_23_29_33|domfull	489	0.0015625	fp32	cuda	
3f1a5fb0738ce7acb7c34fa6	Q9HLK5	miss	488	488	False	1.0	07b0f7e3f4776c6c2cf352990103969caf4cec13767749d0d70b109ca0d2a3ea	08e4846e537177426273712802403f7ba8261b6c	mean_5_11_17_23_29_33|domfull	488	0.0015625	fp32	cuda	
fddca58ab5330dd3f2012f38	Q86MV5	miss	487	487	False	1.0	d45281d8e9166918bac5bfb618540410bad658bc3db6ce13010906700a17e7cc	08e4846e537177426273712802403f7ba8261b6c	mean_5_11_17_23_29_33|domfull	487	0.0015625	fp32	cuda	
5b39f43a9ad979d4722f3da6	Q641W3	miss	486	486	False	1.0	5da55e513ab12fd2a8bfab45e82c9c7890fcfce1e95b8c877b7f8259893f8947	08e4846e537177426273712802403f7ba8261b6c	mean_5_11_17_23_29_33|domfull	486	0.0015625	fp32	cuda	
6ae6b07584a32cb71236ed77	P27318	miss	485	485	False	1.0	eb76655c92aa092bd704e342f35c7f38092f0f00cfd1aebd5d76c4d2779ea934	08e4846e537177426273712802403f7ba8261b6c	mean_5_11_17_23_29_33|domfull	485	0.0015625	fp32	cuda	
eee0786de595e88fb4f81190	Q8X5K8	miss	485	485	False	1.0	7d7053792bf9e140df2b6136b9a730a67517d3f75e37dedf18d4c8963fcb1386	08e4846e537177426273712802403f7ba8261b6c	mean_5_11_17_23_29_33|domfull	485	0.0015625	fp32	cuda	
c7db5ead7d71f4e04ee65da0	Q9KBU1	miss	485	485	False	1.0	d7b3ccb7b926b1c3e62434d384f068ef9b1a40ba63dd66cd36ad064b3a250677	08e4846e537177426273712802403f7ba8261b6c	mean_5_11_17_23_29_33|domfull	485	0.0015625	fp32	cuda	
0fbada9d02612c69f8e7b437	Q9UT50	miss	485	485	False	1.0	178b4476a320e51f54083c2cf57a2f60fe9898f01e31c6a6d3fd2d15a5d5a11a	08e4846e537177426273712802403f7ba8261b6c	mean_5_11_17_23_29_33|domfull	485	0.0015625	fp32	cuda	
467d7f005d4c43b1cfdca6f8	Q9VZL5	miss	485	485	False	1.0	ef6d52a98341261d90334d85fa9993e9029468f48b2a8320d47d3fff28743fd4	08e4846e537177426273712802403f7ba8261b6c	mean_5_11_17_23_29_33|domfull	485	0.0015625	fp32	cuda	
c25cff560c0de7886b124021	Q09756	miss	484	484	False	1.0	0d965f0fe9daaf92f912469806559a5e405c5a7e880fb284e9c5e37d379b0c39	08e4846e537177426273712802403f7ba8261b6c	mean_5_11_17_23_29_33|domfull	484	0.0015151515151515152	fp32	cuda	
36da27dd52359798fe1540a1	Q9V3Z1	miss	484	484	False	1.0	aa65a18ea670e903479f6d6607ad563fd4108cd357cc3676fdad468c71faeb10	08e4846e537177426273712802403f7ba8261b6c	mean_5_11_17_23_29_33|domfull	484	0.0015151515151515152	fp32	cuda	
13f4ffe42a0658162e6308f6	Q9Z0P7	miss	484	484	False	1.0	0925480e086bddc3241e78f8c63993c3d5af3a7ee78ce9c8d59091f9aee9faf0	08e4846e537177426273712802403f7ba8261b6c	mean_5_11_17_23_29_33|domfull	484	0.0015151515151515152	fp32	cuda	
41661dc82e465894f4339b6e	Q4JL91	miss	483	483	False	1.0	2fabb737b6bddf36e31bd42e3921a8d001f86503d6d3f6a4c1c57ddc8df19d6e	08e4846e537177426273712802403f7ba8261b6c	mean_5_11_17_23_29_33|domfull	483	0.0015151515151515152	fp32	cuda	
2cb1ee2c6ef26ab72602c6d8	Q8CB67	miss	483	483	False	1.0	3a2a294f4518db40f0c8dff91a0b5adb3d7b1ffa27b12679126397f72bf2a496	08e4846e537177426273712802403f7ba8261b6c	mean_5_11_17_23_29_33|domfull	483	0.0015151515151515152	fp32	cuda	
6b3e5d1e752395e69a7b2f79	Q960N3	miss	483	483	False	1.0	457e07f29202847538a8b800e150cbe13af3e16cb7a3c17f820d7d29bc0ea904	08e4846e537177426273712802403f7ba8261b6c	mean_5_11_17_23_29_33|domfull	483	0.0015151515151515152	fp32	cuda	
11b0a0c2c608c24977596531	Q9VWQ2	miss	483	483	False	1.0	8ceb6796935dd2b27c5de6c2243635a308bc129f88058d62799accf5eb1c3436	08e4846e537177426273712802403f7ba8261b6c	mean_5_11_17_23_29_33|domfull	483	0.0015151515151515152	fp32	cuda	
886e694ff2e1d4388fa0931f	Q9RMX9	miss	482	482	False	1.0	f4b3fd3957d57192cfc0563262ed8da7fa96b57107665c8feb380a76786886c8	08e4846e537177426273712802403f7ba8261b6c	mean_5_11_17_23_29_33|domfull	482	0.0015151515151515152	fp32	cuda	
df05a9046de2545c07120494	Q9SIW1	miss	482	482	False	1.0	e72b32dbde68d013743dbc77a1b7a2716b8123f6d294b2e854b55ee1f4c0f727	08e4846e537177426273712802403f7ba8261b6c	mean_5_11_17_23_29_33|domfull	482	0.0015151515151515152	fp32	cuda	
b7434cb7d25233afb5a21ccb	Q9Y6W6	miss	482	482	False	1.0	4d2bd8d2211a764aa92304c648a35f4d0a29492b74ef0a0b143777309fc4d1d8	08e4846e537177426273712802403f7ba8261b6c	mean_5_11_17_23_29_33|domfull	482	0.0015151515151515152	fp32	cuda	
c33fe7081ff173b7ca00ed9a	K8ESC5	miss	481	481	False	1.0	d003fd686e6d2a5028426b9e7be5f166609d55ad5cec973dbf8bda77fb74cac8	08e4846e537177426273712802403f7ba8261b6c	mean_5_11_17_23_29_33|domfull	481	0.0015151515151515152	fp32	cuda	
e41377ea8bd1d24b9fad4003	Q8SDS7	miss	481	481	False	1.0	531428bb64108a62adc05f8ee6061f32d32ea7267ed96d5192b19cdf9be134e3	08e4846e537177426273712802403f7ba8261b6c	mean_5_11_17_23_29_33|domfull	481	0.0015151515151515152	fp32	cuda	
524fafee58d144078fefaadf	Q8XNV1	miss	481	481	False	1.0	8b75075ef7820d545a60f5159ea1e20e1ea3580cd3d84d04748bd9302b3956a3	08e4846e537177426273712802403f7ba8261b6c	mean_5_11_17_23_29_33|domfull	481	0.0015151515151515152	fp32	cuda	
abac0b4396bf6c2b8089b588	B8ZRT2	miss	480	480	False	1.0	a54ad22b5aaf52480171bef447563eab33158e63b69a0d3fd3b64d38d34ea93c	08e4846e537177426273712802403f7ba8261b6c	mean_5_11_17_23_29_33|domfull	480	0.0015151515151515152	fp32	cuda	
1d099c4b5fd3a143ae317e62	Q9P783	miss	480	480	False	1.0	862078d692e7539ff41351dda5be75ba8fec88c5da9f13ce395b16cd98113bb6	08e4846e537177426273712802403f7ba8261b6c	mean_5_11_17_23_29_33|domfull	480	0.0015151515151515152	fp32	cuda	
c6e18a428bef8107c1392321	Q9HGK9	miss	479	479	False	1.0	57010cc74c5051ab25c438d5ee5fdfa083104740364ba19ba56bc9ba3f8e330d	08e4846e537177426273712802403f7ba8261b6c	mean_5_11_17_23_29_33|domfull	479	0.0015151515151515152	fp32	cuda	
088d4f2fb577927eb65837f5	Q9VHY5	miss	479	479	False	1.0	c98a89ef33368a48473a6f862b55d40dac03215b204ce7812675381439ed07d3	08e4846e537177426273712802403f7ba8261b6c	mean_5_11_17_23_29_33|domfull	479	0.0015151515151515152	fp32	cuda	
30bf75683ff41abf9626ce45	Q9NZM5	miss	478	478	False	1.0	bc203bd1b8ffb53141b6028b93bea20cf7204ad68e0cc05d14da2edf465deebe	08e4846e537177426273712802403f7ba8261b6c	mean_5_11_17_23_29_33|domfull	478	0.0015151515151515152	fp32	cuda	
fc22dbc3457fc29bbd255ab9	Q9W3C2	miss	478	478	False	1.0	6483e0e8b9ed9b133469ceca26475647b9669ad6999b775ad108f9714c49859c	08e4846e537177426273712802403f7ba8261b6c	mean_5_11_17_23_29_33|domfull	478	0.0015151515151515152	fp32	cuda	
29fe16cff6ff8389660208ea	Q09528	miss	477	477	False	1.0	13f1667cc416d2010f112386f5a3d3148e04cf2b99ae01ccbc025237185921b0	08e4846e537177426273712802403f7ba8261b6c	mean_5_11_17_23_29_33|domfull	477	0.0015151515151515152	fp32	cuda	
ed9f87fc7b38cf1413d52313	Q92917	miss	476	476	False	1.0	4b73d64b0465b0ed784b159cdfa81ed8eae4d6ca2d3bcfc241ede579e2daf865	08e4846e537177426273712802403f7ba8261b6c	mean_5_11_17_23_29_33|domfull	476	0.0015151515151515152	fp32	cuda	
c6a5b4ebba70f5c682c8dd0e	Q96DF8	miss	476	476	False	1.0	b0231e68080d56ce86e190e0772243d8c7db47e612a286822262f714a66887bd	08e4846e537177426273712802403f7ba8261b6c	mean_5_11_17_23_29_33|domfull	476	0.0015151515151515152	fp32	cuda	
23fd3f5d2996f445b1e7619c	Q9GLP6	miss	476	476	False	1.0	8f9c47be4b2bce6c7165da2fce437d37d2d7174cbc260f4abaf2dd82dedf5ee4	08e4846e537177426273712802403f7ba8261b6c	mean_5_11_17_23_29_33|domfull	476	0.0015151515151515152	fp32	cuda	
89ac94d471b5406ea13e3fdf	Q9UJW2	miss	476	476	False	1.0	f86fced2bffd0d3328603cea40ed1816709b2907fffbe5adafcc6a979fff1681	08e4846e537177426273712802403f7ba8261b6c	mean_5_11_17_23_29_33|domfull	476	0.0015151515151515152	fp32	cuda	
54c8b437cdaf704f3909f8af	Q9LM55	miss	475	475	False	1.0	3aab3c4b756a33152b11995d49745ad9dd14076814b66a1608abff766f441e00	08e4846e537177426273712802403f7ba8261b6c	mean_5_11_17_23_29_33|domfull	475	0.0015151515151515152	fp32	cuda	
faaa00cbca5d532d96c6d295	Q9D0I6	miss	474	474	False	1.0	42ed3a830783d3a20a3b9cf60686332bc85cacfdf622f8e115bd8ac72545e93e	08e4846e537177426273712802403f7ba8261b6c	mean_5_11_17_23_29_33|domfull	474	0.0015151515151515152	fp32	cuda	
d187d1a75b510be4c8ead820	Q9K3C5	miss	474	474	False	1.0	4944e2ef1203eebba0fd0549bec3a7c3c73fc3572424e4d2e952e2ab03be3d94	08e4846e537177426273712802403f7ba8261b6c	mean_5_11_17_23_29_33|domfull	474	0.0015151515151515152	fp32	cuda	
78458eae5587bcfdfce09f09	Q8KHS0	miss	473	473	False	1.0	3d05f4a27e2634c884ab8e9a64cc91a3cc94a431e5480659ec43182a265a92b1	08e4846e537177426273712802403f7ba8261b6c	mean_5_11_17_23_29_33|domfull	473	0.0015151515151515152	fp32	cuda	
4e23be641e85338000bdd278	Q8PDQ6	miss	473	473	False	1.0	468a0206e681eede331186d7884d634dfb93b597bdc8478bf8c35912b6b5976c	08e4846e537177426273712802403f7ba8261b6c	mean_5_11_17_23_29_33|domfull	473	0.0015151515151515152	fp32	cuda	
7dc6936bedec6dd912b89b9e	Q96NL0	miss	473	473	False	1.0	a44a73d540a1597d66cd9bc0d3b9bd62ae1c1db0a164bd571183f066929dfd41	08e4846e537177426273712802403f7ba8261b6c	mean_5_11_17_23_29_33|domfull	473	0.0015151515151515152	fp32	cuda	
e469f54bda67242a3a8d219a	Q9BZR6	miss	473	473	False	1.0	2c32767d7229a50549bc1ce5bda7891931c405d7b9b3f92cb9caea81702f36ab	08e4846e537177426273712802403f7ba8261b6c	mean_5_11_17_23_29_33|domfull	473	0.0015151515151515152	fp32	cuda	
1249052ed78facabbe4992c6	Q9FZ33	miss	473	473	False	1.0	c1484098502003040ffd90ec7ea171d3569a2e9d42e83bfe1832719db83606b1	08e4846e537177426273712802403f7ba8261b6c	mean_5_11_17_23_29_33|domfull	473	0.0015151515151515152	fp32	cuda	
59ae9218b7ad74d4dc8fc79b	Q45515	miss	471	471	False	1.0	b9b722591a44bf1589514ef5688b48c9b3a547b1a5a38bd6acc1937f0191aea9	08e4846e537177426273712802403f7ba8261b6c	mean_5_11_17_23_29_33|domfull	471	0.0015151515151515152	fp32	cuda	
0462f199d5e73a00ed3c33cd	J9VS56	miss	470	470	False	1.0	ae3165d6bf14d43dab8dd3bb213fcbf58709068519302896602dcf4f44fb36a7	08e4846e537177426273712802403f7ba8261b6c	mean_5_11_17_23_29_33|domfull	470	0.0005882352941176471	fp32	cuda	
ebc76aacc3d49b138ea469aa	P94535	miss	470	470	False	1.0	b972c6c2b34641db9dee082fdb0de117d7472ccbf27aa9cdb158ff522cb5c401	08e4846e537177426273712802403f7ba8261b6c	mean_5_11_17_23_29_33|domfull	470	0.0005882352941176471	fp32	cuda	
1c79fa5a6bb008079d4cf19a	Q8TDT2	miss	470	470	False	1.0	0a78514f818264408ea301a73a45bafe9f2a1ddca9b94710149cd2821b9cf324	08e4846e537177426273712802403f7ba8261b6c	mean_5_11_17_23_29_33|domfull	470	0.0005882352941176471	fp32	cuda	
9157a12dadc8e350b0cb9f0c	Q9C7S7	miss	469	469	False	1.0	827d986ce9093bd8db7542aa08f3ff34122caf8267f08194dfd3d7ed9b3660d5	08e4846e537177426273712802403f7ba8261b6c	mean_5_11_17_23_29_33|domfull	469	0.0005882352941176471	fp32	cuda	
4f3ad6fa5f6b64be6a6e1e64	P08538	miss	468	468	False	1.0	482dcaef1211919ce4a72e08c2e1aa3755bd7795c798ade74ef1435f47ecb645	08e4846e537177426273712802403f7ba8261b6c	mean_5_11_17_23_29_33|domfull	468	0.0005882352941176471	fp32	cuda	
a94cf41efd7199aa2f04144a	Q9XV51	miss	468	468	False	1.0	6e0a506b5cfbeeebffb6c6dcc1a041a81f5a76a5344dd2c881597ad770e0be95	08e4846e537177426273712802403f7ba8261b6c	mean_5_11_17_23_29_33|domfull	468	0.0005882352941176471	fp32	cuda	
11722d70a25e979ad8be9253	Q556K4	miss	467	467	False	1.0	05a91bb263e2ccc6c5652075579741c9e95ebc82514a15bee035d4e0441e359a	08e4846e537177426273712802403f7ba8261b6c	mean_5_11_17_23_29_33|domfull	467	0.0005882352941176471	fp32	cuda	
30b4dd0f0d58d2a229d5e26e	Q967S7	miss	467	467	False	1.0	87dbce21f2dbc06c27438663ac25444e18fcdd2cd0c9dbd9e83b032769970682	08e4846e537177426273712802403f7ba8261b6c	mean_5_11_17_23_29_33|domfull	467	0.0005882352941176471	fp32	cuda	
03304a71ce3a9f6eeb5b68f8	Q9W351	miss	466	466	False	1.0	83dd2459dceea6e45e4398cf23f65053576eb9fb9ad55c1637eb91f6db71327c	08e4846e537177426273712802403f7ba8261b6c	mean_5_11_17_23_29_33|domfull	466	0.0005882352941176471	fp32	cuda	
af3c95f4472e81984fb4ce4a	B0B8K9	miss	465	465	False	1.0	127fd3f893328abe22680ff71c7e0afd3a7683a1a220fa176c69ad074aca3506	08e4846e537177426273712802403f7ba8261b6c	mean_5_11_17_23_29_33|domfull	465	0.0005882352941176471	fp32	cuda	
1fc6db8b6ab268c39ad71585	Q8ZNC4	miss	465	465	False	1.0	0fa7925f58258ac9108c98e326319f8c4071f3df38434084c3efe86275c9b235	08e4846e537177426273712802403f7ba8261b6c	mean_5_11_17_23_29_33|domfull	465	0.0005882352941176471	fp32	cuda	
2b508dc4646cc1db41c1d988	Q9AB09	miss	465	465	False	1.0	4823118ba88cd1bca2ca5359ea8221212a55d2f9650be5d0b3a5d067892df058	08e4846e537177426273712802403f7ba8261b6c	mean_5_11_17_23_29_33|domfull	465	0.0005882352941176471	fp32	cuda	
9ec2b740ba175dcf342058fd	Q6X9E4	miss	464	464	False	1.0	7d1f009b0342e695ebb5e1249e914475be22ede1310c78d6fee57469a35f807c	08e4846e537177426273712802403f7ba8261b6c	mean_5_11_17_23_29_33|domfull	464	0.0005882352941176471	fp32	cuda	
97aafd8edadb17cee42b39ed	Q95T19	miss	464	464	False	1.0	b140cce280c2ae79c476282d9aa2efdf78cf8b074c03ea1806c6334852c23d49	08e4846e537177426273712802403f7ba8261b6c	mean_5_11_17_23_29_33|domfull	464	0.0005882352941176471	fp32	cuda	
b20d2dee40873dd729fa0223	Q9C7Z9	miss	464	464	False	1.0	bbbe1e8cb01f57e86641bd409e33ad9d04191138f0aa1d795ae678d34d57fb39	08e4846e537177426273712802403f7ba8261b6c	mean_5_11_17_23_29_33|domfull	464	0.0005882352941176471	fp32	cuda	
ee89e7268a243bdbeb839afd	Q9ZJM4	miss	464	464	False	1.0	ead586a588f028ff3a97c082581739973e268c6bb0dc5c1b1725aa423a6b2ddd	08e4846e537177426273712802403f7ba8261b6c	mean_5_11_17_23_29_33|domfull	464	0.0005882352941176471	fp32	cuda	
1b5ce31b3499fc0d63a31cf6	Q7TP98	miss	463	463	False	1.0	7ac97cd03884076fa56c17bba2e2da8d5d7899a5b495089ec49ef9f8a76bba92	08e4846e537177426273712802403f7ba8261b6c	mean_5_11_17_23_29_33|domfull	463	0.0005882352941176471	fp32	cuda	
d386cf9a6df83770126c64c5	S8EXD2	miss	463	463	False	1.0	0caf52017facad80256eb65bf3ecda33888c8ca5dd9d969c586c05a8f2faa57c	08e4846e537177426273712802403f7ba8261b6c	mean_5_11_17_23_29_33|domfull	463	0.0005882352941176471	fp32	cuda	
0c498cf1b15f894679662970	Q86Y97	miss	462	462	False	1.0	578dbc3cb2e801652b24d5b92997939d9bab3a889f4a4d2a961ea6435fd6caf3	08e4846e537177426273712802403f7ba8261b6c	mean_5_11_17_23_29_33|domfull	462	0.0005882352941176471	fp32	cuda	
7a74f23a0c625a22c8caffaa	Q9RLT3	miss	462	462	False	1.0	021bb46ba84a6fc4cadbb84133b568307aa49984a885562c8450025d736c0a6a	08e4846e537177426273712802403f7ba8261b6c	mean_5_11_17_23_29_33|domfull	462	0.0005882352941176471	fp32	cuda	
a4a23e9162bd906599db9c1a	Q9SJH6	miss	462	462	False	1.0	a3f122dbf5f19b0abc2c2bc61a8ddb04105e4f90f4e0bcb9d00e4a53a61a60b2	08e4846e537177426273712802403f7ba8261b6c	mean_5_11_17_23_29_33|domfull	462	0.0005882352941176471	fp32	cuda	
704be73aea2f08f52452b216	Q9T1R5	miss	462	462	False	1.0	37b6c81ee9a26696ce797683d75a23aedbd8475e85ccb87dddbf89259bedda45	08e4846e537177426273712802403f7ba8261b6c	mean_5_11_17_23_29_33|domfull	462	0.0005882352941176471	fp32	cuda	
de1660450424e3fa47bbbf12	Q9USS6	miss	462	462	False	1.0	ad17faafbc0e422a457f61ccf056ac323dd618a835e881b93315c19e2ef472ac	08e4846e537177426273712802403f7ba8261b6c	mean_5_11_17_23_29_33|domfull	462	0.0005882352941176471	fp32	cuda	
05f974997b8abfbbe7922a3c	Q9M9G6	miss	461	461	False	1.0	de3424e5734c85095f3593bd97bcd5b56c98ba9b329ed910bc30140dc1880b05	08e4846e537177426273712802403f7ba8261b6c	mean_5_11_17_23_29_33|domfull	461	0.0005882352941176471	fp32	cuda	
0d3990c4a284046186bbdde1	Q9XU98	miss	461	461	False	1.0	6593b75f8f4731dfefc5aaaa086564a77dc90370cc20447df53e9a0482f14bd6	08e4846e537177426273712802403f7ba8261b6c	mean_5_11_17_23_29_33|domfull	461	0.0005882352941176471	fp32	cuda	
ca41d95088eace90d626774d	Q54C27	miss	460	460	False	1.0	99a58c64f57c77d2e9c30fcf7f9a4979360048411f63d03bac0a1fb3cdc95d40	08e4846e537177426273712802403f7ba8261b6c	mean_5_11_17_23_29_33|domfull	460	0.0005882352941176471	fp32	cuda	
a56f974f57cfae2f74e4c72e	Q9L7R5	miss	460	460	False	1.0	2a560fb1d09d63891d210f20676b84263874c218cdf126ec3b23d9f303bc4bcd	08e4846e537177426273712802403f7ba8261b6c	mean_5_11_17_23_29_33|domfull	460	0.0005882352941176471	fp32	cuda	
74d119c44c8f98cb2495de36	Q94AV5	miss	459	459	False	1.0	fb2fb58e9256954297d7dfcc474df025af5eae8f2521dbaee943d70be2b03726	08e4846e537177426273712802403f7ba8261b6c	mean_5_11_17_23_29_33|domfull	459	0.0005882352941176471	fp32	cuda	
94a4ef4dc670ba9780c79d5f	Q9HAD4	miss	459	459	False	1.0	22ef89ef639095670873e2175132fcab6d163135f37f8e29a2ca218ad37fe46b	08e4846e537177426273712802403f7ba8261b6c	mean_5_11_17_23_29_33|domfull	459	0.0005882352941176471	fp32	cuda	
c93cd95945753024769b58d9	Q9QZM2	miss	459	459	False	1.0	08e7a94363d87bde4817b1d2e395664fc447506e6183c48dcf88862b7fc39c3d	08e4846e537177426273712802403f7ba8261b6c	mean_5_11_17_23_29_33|domfull	459	0.0005882352941176471	fp32	cuda	
3039b933d6eabbeb646c72ff	Q9VAB8	miss	457	457	False	1.0	ee060ffa2fa87409147c35789964a54e4e512664e271d308b9bac2008909632f	08e4846e537177426273712802403f7ba8261b6c	mean_5_11_17_23_29_33|domfull	457	0.0005882352941176471	fp32	cuda	
c078d4e1f56cf33be4849595	Q9VM90	miss	456	456	False	1.0	9dc20beb73a57ed70b872698ebc92b641013bed717fbfea90a8990d41e30f936	08e4846e537177426273712802403f7ba8261b6c	mean_5_11_17_23_29_33|domfull	456	0.0005882352941176471	fp32	cuda	
5d97980bc49dda04d2c667a3	B8N9H4	miss	455	455	False	1.0	ce8f1ae07c1e365782c29f22d6bd8c0182707fd8e04d29c835beb90f6d216822	08e4846e537177426273712802403f7ba8261b6c	mean_5_11_17_23_29_33|domfull	455	0.0005882352941176471	fp32	cuda	
6ce4683019605390c24448e1	P25152	miss	455	455	False	1.0	5da3b91747c411057d52bd6f6e96f08397a6bd172917375a96980191ed7a6cbb	08e4846e537177426273712802403f7ba8261b6c	mean_5_11_17_23_29_33|domfull	455	0.0005882352941176471	fp32	cuda	
762b8f3bd38d246788572c39	Q9HX91	miss	455	455	False	1.0	d908bdfb49d3f036ab9452f66f0a1cc93af2bf576fa256b626c3314cc1cb197a	08e4846e537177426273712802403f7ba8261b6c	mean_5_11_17_23_29_33|domfull	455	0.0014285714285714286	fp32	cuda	
7c30a1352163df7fd7651fa2	Q9W1I9	miss	455	455	False	1.0	de7e353134270eddf897716dba446d868abd5082340b6609463f48f88ddf2315	08e4846e537177426273712802403f7ba8261b6c	mean_5_11_17_23_29_33|domfull	455	0.0014285714285714286	fp32	cuda	
567b9a38f09396ed4d5c1374	Q00028	miss	454	454	False	1.0	ff0d1caf553b8c33b92c6121f24e7ba27f107e6a56efb288acc243438e2918af	08e4846e537177426273712802403f7ba8261b6c	mean_5_11_17_23_29_33|domfull	454	0.0014285714285714286	fp32	cuda	
9be6af2c566a9ae3e870a48f	A0A0E3D8M6	miss	453	453	False	1.0	fa2a6080cd12beb8951508b4a66bb29eb3300d23ce0326065b41ff293d300905	08e4846e537177426273712802403f7ba8261b6c	mean_5_11_17_23_29_33|domfull	453	0.0014285714285714286	fp32	cuda	
6295b29718af87f165893ba4	Q9HU77	miss	453	453	False	1.0	869a52d95e357479722f14c07590c891640a70a0ee06aaa0af26600398598d39	08e4846e537177426273712802403f7ba8261b6c	mean_5_11_17_23_29_33|domfull	453	0.0014285714285714286	fp32	cuda	
c189b3be9487f087bcbee043	P73354	miss	452	452	False	1.0	79a838273f794a2e894d4a2619c33ea7bf0cad49668ee66f90294e73a961022d	08e4846e537177426273712802403f7ba8261b6c	mean_5_11_17_23_29_33|domfull	452	0.0014285714285714286	fp32	cuda	
66c7aa2a5310ce97217cfe71	Q8N7P7	miss	452	452	False	1.0	0c41605c35c2af1cbcddcabcd07c038e2030f865e6e04e797b063f2a07a9758b	08e4846e537177426273712802403f7ba8261b6c	mean_5_11_17_23_29_33|domfull	452	0.0014285714285714286	fp32	cuda	
df3f5fc7299b6b15316d8764	A0A9E7LUL3	miss	450	450	False	1.0	62b3b72d1750fd9e23b46592068241b00c5ab48c8d92e89e25f8a38bb6497f71	08e4846e537177426273712802403f7ba8261b6c	mean_5_11_17_23_29_33|domfull	450	0.0014285714285714286	fp32	cuda	
cbb3733b1886c605d09d02aa	P51008	miss	450	450	False	1.0	b3ee5c735306ce101c5f15885be47005b7ac0e6334e93dcefbcc0f51bd0a82fb	08e4846e537177426273712802403f7ba8261b6c	mean_5_11_17_23_29_33|domfull	450	0.0014285714285714286	fp32	cuda	
7dc13a6d41fa185a0f40086e	Q01026	miss	450	450	False	1.0	717a7e6cdc1ee4dfa776a56d94cfd74d808626df88dc914126d0c8e819975f0b	08e4846e537177426273712802403f7ba8261b6c	mean_5_11_17_23_29_33|domfull	450	0.0014285714285714286	fp32	cuda	
7ee97d9a1f2c7825b29b7ee7	Q9R112	miss	450	450	False	1.0	7330c2bc11418517fedebfe21f3229191d2aa1c31b666b2561cdb3df670b7547	08e4846e537177426273712802403f7ba8261b6c	mean_5_11_17_23_29_33|domfull	450	0.0014285714285714286	fp32	cuda	
46ff2f35ec87bba219f46d01	Q91FU7	miss	449	449	False	1.0	2b1a7f30ce3583dfcf4c7e14411d02a1380e384e62f7120a6fda4cdc0d53fb58	08e4846e537177426273712802403f7ba8261b6c	mean_5_11_17_23_29_33|domfull	449	0.0014285714285714286	fp32	cuda	
e0af65067775f840ce220c51	Q9UTK9	miss	449	449	False	1.0	6eeb65c99ad8d3dfb9c94569dc2a38ba49579db09487b4fa89bfcda44c634ec0	08e4846e537177426273712802403f7ba8261b6c	mean_5_11_17_23_29_33|domfull	449	0.0014285714285714286	fp32	cuda	
1634b29c787325d24dbb1a54	P0C1C6	miss	448	448	False	1.0	9574e15b42b732648ca39a8ec49b92a7a9940fb24a077601c0c0fbab5c469108	08e4846e537177426273712802403f7ba8261b6c	mean_5_11_17_23_29_33|domfull	448	0.0014285714285714286	fp32	cuda	
3829a7eeb0d3d91b2168face	Q8I6T1	miss	448	448	False	1.0	a6767c6e63819c1cf606cdcb13e89cb01e67514baa3e37411dbf8fc6709119d0	08e4846e537177426273712802403f7ba8261b6c	mean_5_11_17_23_29_33|domfull	448	0.0014285714285714286	fp32	cuda	
11c83ea21253f763ef312031	Q9BT40	miss	448	448	False	1.0	94e938dbbf5362992039407c760b13b06b42e8d5368f3918eb95882b8dfb2b21	08e4846e537177426273712802403f7ba8261b6c	mean_5_11_17_23_29_33|domfull	448	0.0014285714285714286	fp32	cuda	
7194b9639ebb1c1e566038eb	Q9I4F8	miss	448	448	False	1.0	b9b65e24cb9efc9de49ce421238a67422d1c075626077b13d3f84570099fc72c	08e4846e537177426273712802403f7ba8261b6c	mean_5_11_17_23_29_33|domfull	448	0.0014285714285714286	fp32	cuda	
ce94825153870512a2e547de	Q9LFV5	miss	448	448	False	1.0	2a887b5c84ff0998dd9aed5cabeb5de87979c39605242cf50839b9c9c7902c17	08e4846e537177426273712802403f7ba8261b6c	mean_5_11_17_23_29_33|domfull	448	0.0014285714285714286	fp32	cuda	
f0e4f2dfe74e09571c60029d	Q9SKP0	miss	448	448	False	1.0	74c3854c97f09ee7b0bca1bc36a41bc95b70a8afff5714072190dac1ca49a125	08e4846e537177426273712802403f7ba8261b6c	mean_5_11_17_23_29_33|domfull	448	0.0014285714285714286	fp32	cuda	
dadd3892e96efa116106bfcc	Q9ZUV3	miss	448	448	False	1.0	f0a47b91e6d7bfafec3b1e925b4e86db3219263d344c03920d81dbe763b651f7	08e4846e537177426273712802403f7ba8261b6c	mean_5_11_17_23_29_33|domfull	448	0.0014285714285714286	fp32	cuda	
e42e4779f8e35c5d74a408f8	Q09710	miss	447	447	False	1.0	9cd1084714dfe8007e181cca55d308b74edf3652da47cf022dfc15256cc4465f	08e4846e537177426273712802403f7ba8261b6c	mean_5_11_17_23_29_33|domfull	447	0.0014285714285714286	fp32	cuda	
4ff4bd64877c09a7762b4152	Q2CEE3	miss	447	447	False	1.0	ee72fbae4efccfcd64b4cd9b8b835d0af8d0d52a2d5063a95c0bae2d9de6abcf	08e4846e537177426273712802403f7ba8261b6c	mean_5_11_17_23_29_33|domfull	447	0.0014285714285714286	fp32	cuda	
cfd2d7108c645d6752955922	Q9C768	miss	447	447	False	1.0	70a32cbcca0ca5a855dc01b5666736947c2b98f2e1492915e3254d5819bdc2c3	08e4846e537177426273712802403f7ba8261b6c	mean_5_11_17_23_29_33|domfull	447	0.0014285714285714286	fp32	cuda	
0ad47b9a1e845ff810164bd4	Q9SCP4	miss	447	447	False	1.0	f19675fa64cc183f2393f92bf6bb7aed607de34108f43e737b14cd09ae274aa3	08e4846e537177426273712802403f7ba8261b6c	mean_5_11_17_23_29_33|domfull	447	0.0014285714285714286	fp32	cuda	
b41d5ac6b853be1ac48d5969	Q9SQX9	miss	447	447	False	1.0	d7c77d31cb7ae6cc0027b37d1a38f2529bc3110652cafe379fa5871d70cfceb7	08e4846e537177426273712802403f7ba8261b6c	mean_5_11_17_23_29_33|domfull	447	0.0014285714285714286	fp32	cuda	
a060d747b19c9123e1d33dcd	Q9UUM6	miss	447	447	False	1.0	f08e730b21c64910d9f594657a42dcd9a98491884bd93905f667a8891a382b0c	08e4846e537177426273712802403f7ba8261b6c	mean_5_11_17_23_29_33|domfull	447	0.0014285714285714286	fp32	cuda	
840de4b3091a9c935ab7b299	Q759H4	miss	446	446	False	1.0	ddcdc2660b01971a1a85d51575a421f1d350d85ac731a555d1bec4211091856a	08e4846e537177426273712802403f7ba8261b6c	mean_5_11_17_23_29_33|domfull	446	0.0014285714285714286	fp32	cuda	
be59605c3523b0995e924a00	Q9T012	miss	446	446	False	1.0	abab704bea88358478077df69fca50e3dded1e2b3d2f177c2dd4f8936bee165f	08e4846e537177426273712802403f7ba8261b6c	mean_5_11_17_23_29_33|domfull	446	0.0014285714285714286	fp32	cuda	
c44cd3aef3c3716bd6f5d8bb	P0DOW4	miss	445	445	False	1.0	ed556b83b947788eaff163466f0e5e0ccf192ede5840ea312213b4235a8506c9	08e4846e537177426273712802403f7ba8261b6c	mean_5_11_17_23_29_33|domfull	445	0.0014285714285714286	fp32	cuda	
cb121eb200d6d8c4b4506f2c	Q0VCQ1	miss	445	445	False	1.0	b9a069e0eacc62b64c61c29dead49aad3d0040d7f3ef8523fb1bc64c97a8aed0	08e4846e537177426273712802403f7ba8261b6c	mean_5_11_17_23_29_33|domfull	445	0.0014285714285714286	fp32	cuda	
738370ead27d91d04c141f72	Q95QD1	miss	445	445	False	1.0	e63a6a27af04b0bb562f1cd86d6f04df9cbabc548ecdfdc27126065564543065	08e4846e537177426273712802403f7ba8261b6c	mean_5_11_17_23_29_33|domfull	445	0.0014285714285714286	fp32	cuda	
77290dd00b869c9e2465dbd6	B2GUS6	miss	443	443	False	1.0	9dbdfd150b0dd58cb2f96cfa07b25f9fadb645d6580f4c8d1e69b37f8aedc07a	08e4846e537177426273712802403f7ba8261b6c	mean_5_11_17_23_29_33|domfull	443	0.0014285714285714286	fp32	cuda	
aa962bc30e58fdc1d9f03d05	Q91FU3	miss	443	443	False	1.0	98b25f628fd4cced6ca2ca105bdf223da3c313f81c91419ab71a08e0541fc693	08e4846e537177426273712802403f7ba8261b6c	mean_5_11_17_23_29_33|domfull	443	0.0014285714285714286	fp32	cuda	
50e554a178f2fdae47b6223b	Q9FLA5	miss	443	443	False	1.0	cf51d46a4cce24000411ff0e21c0022101f0c86f1c9e30de3d4e67eb09601258	08e4846e537177426273712802403f7ba8261b6c	mean_5_11_17_23_29_33|domfull	443	0.0014285714285714286	fp32	cuda	
5461de791a9f7c440c9c0ead	Q9KZK8	miss	443	443	False	1.0	31f217afcacfb114b8f079eb7c3dee507d4b054597cd04326a6af961f072f9f0	08e4846e537177426273712802403f7ba8261b6c	mean_5_11_17_23_29_33|domfull	443	0.0014285714285714286	fp32	cuda	
371ced26122c7d6c30815814	Q9TX43	miss	443	443	False	1.0	052b3381ef692448b64628d0f50c504eb4f9c830aa082a6dbedf6d3698dd914b	08e4846e537177426273712802403f7ba8261b6c	mean_5_11_17_23_29_33|domfull	443	0.001388888888888889	fp32	cuda	
011bf88d2907d951aff6f25f	Q9UUG6	miss	443	443	False	1.0	400fb0841d5cdecbff0ae84d54491cd0482b9c87ec6b7f51e8261dc116bfde24	08e4846e537177426273712802403f7ba8261b6c	mean_5_11_17_23_29_33|domfull	443	0.001388888888888889	fp32	cuda	
d4254a71e2504b79624d3758	Q9HBA9	miss	442	442	False	1.0	4f1f9c968619e94bbdf5e96fe89ea88bf8d35f001b27315d944a82c255f63abf	08e4846e537177426273712802403f7ba8261b6c	mean_5_11_17_23_29_33|domfull	442	0.001388888888888889	fp32	cuda	
6ca1e2124a9a522ce6880316	Q9Y820	miss	442	442	False	1.0	f54b6c87eaa92576d7007432862e407bff034c63e3b1b3dc74d6a4a951214dbf	08e4846e537177426273712802403f7ba8261b6c	mean_5_11_17_23_29_33|domfull	442	0.001388888888888889	fp32	cuda	
9b9c1ef0509eb0617082b7fc	Q9ZUY1	miss	442	442	False	1.0	b2c9ded94d76bff70739774bdabf323aeeaf8a90d1bcd925322d3e75a80ed85a	08e4846e537177426273712802403f7ba8261b6c	mean_5_11_17_23_29_33|domfull	442	0.001388888888888889	fp32	cuda	
05ea201bdc5a84713db0a647	Q8MIT6	miss	441	441	False	1.0	f8962a2d007764895c5ccd7e62c0d3b7cdb4b40cfc0e17132eea140f7549fd14	08e4846e537177426273712802403f7ba8261b6c	mean_5_11_17_23_29_33|domfull	441	0.001388888888888889	fp32	cuda	
a3fc4856e30920a2da2ede97	O76463	miss	440	440	False	1.0	6a37c2c6f3ae650f4b71cfb0a54e1bb566472fc5fca818549953beac3ac5285f	08e4846e537177426273712802403f7ba8261b6c	mean_5_11_17_23_29_33|domfull	440	0.001388888888888889	fp32	cuda	
c3b6d27d7def274735146899	Q8RXJ0	miss	440	440	False	1.0	469155e79d59d456ebfc0f00cd61bc96e8878782c5a536becc3638b0cf5f1b2f	08e4846e537177426273712802403f7ba8261b6c	mean_5_11_17_23_29_33|domfull	440	0.001388888888888889	fp32	cuda	
44938151b8d2d0a49715ef8c	Q91VF6	miss	440	440	False	1.0	8c57e4eb0ac9da728ffebc3345f54cfdd610993d8ab5ede69b6c624a36d57769	08e4846e537177426273712802403f7ba8261b6c	mean_5_11_17_23_29_33|domfull	440	0.001388888888888889	fp32	cuda	
2e4a96a0cbc5a4d4237d9d5c	Q9C829	miss	440	440	False	1.0	d97c92e4560d4d47d5c840c03c4f0e476ad8822e7d1fd53c1e2af5e128560440	08e4846e537177426273712802403f7ba8261b6c	mean_5_11_17_23_29_33|domfull	440	0.001388888888888889	fp32	cuda	
4a54ec5dc21bed2d1c29325d	O74135	miss	439	439	False	1.0	4b60205fcd62940ddc394523b348b49382abe259fb08748365acb550f153b535	08e4846e537177426273712802403f7ba8261b6c	mean_5_11_17_23_29_33|domfull	439	0.001388888888888889	fp32	cuda	
a11f0594de49e0255659bd54	Q6ZH45	miss	439	439	False	1.0	51c07d28b465d91e4a461faa8914d956bbb33ec6e085ec52b80cded04a7fc828	08e4846e537177426273712802403f7ba8261b6c	mean_5_11_17_23_29_33|domfull	439	0.001388888888888889	fp32	cuda	
b3252d3d3bc553acdd4649e2	Q8RXP7	miss	438	438	False	1.0	f2d1f6a8ea9bef16293570a21c90b5e6c6d80512de86c442f97eafad6e1b46f9	08e4846e537177426273712802403f7ba8261b6c	mean_5_11_17_23_29_33|domfull	438	0.001388888888888889	fp32	cuda	
66a3102865ad9c2245491210	Q944K2	miss	437	437	False	1.0	a38e4362c3a841cf6d871682f03c506a12396d3b62ab132fea901e5b23f5b2b3	08e4846e537177426273712802403f7ba8261b6c	mean_5_11_17_23_29_33|domfull	437	0.001388888888888889	fp32	cuda	
5be60ad0d312c4a2b0dd725e	Q9GSF8	miss	437	437	False	1.0	6d3145379fe9c39edf9206ee8dbfb5bfffba977a64d43e83f1afe8b9ad02784d	08e4846e537177426273712802403f7ba8261b6c	mean_5_11_17_23_29_33|domfull	437	0.001388888888888889	fp32	cuda	
2f3ad66ab62c5148908f997e	Q9J5I7	miss	437	437	False	1.0	521a1425d9743a773923eaa91271c88fa69b1560b6fdbe1a75192c820722014a	08e4846e537177426273712802403f7ba8261b6c	mean_5_11_17_23_29_33|domfull	437	0.001388888888888889	fp32	cuda	
4d7e351448ced757d755725b	S7UMJ0	miss	437	437	False	1.0	778051ac38fb41c6c769b2c30fba96cac9c856c8fbf7c075fc7d4bd7b14a06cc	08e4846e537177426273712802403f7ba8261b6c	mean_5_11_17_23_29_33|domfull	437	0.001388888888888889	fp32	cuda	
e5b3ed87c270b38738ba4c2d	A0RUM4	miss	436	436	False	1.0	2f6a39a284c0215e1b6cf305a29f1f2f6ac52cd7c215cf066a22ec7f186c6717	08e4846e537177426273712802403f7ba8261b6c	mean_5_11_17_23_29_33|domfull	436	0.001388888888888889	fp32	cuda	
d2aa6262ea01fcf58c9f4f76	P44183	miss	436	436	False	1.0	27a35be716ffee1b2a4dc94cb80eccd393fde90178daa0b7ba135a5115edfd71	08e4846e537177426273712802403f7ba8261b6c	mean_5_11_17_23_29_33|domfull	436	0.001388888888888889	fp32	cuda	
6232c24c09377430538781f2	Q6CKH7	miss	436	436	False	1.0	69e5c3423e8d6ef8a17e7552f1399b3f6f74fe112a0f48c67ab2673c8626b26c	08e4846e537177426273712802403f7ba8261b6c	mean_5_11_17_23_29_33|domfull	436	0.001388888888888889	fp32	cuda	
51c3d667162cb711ad683137	P82924	miss	435	435	False	1.0	fd5c203a6064773674bf2bdc85bb89bf46258b24e85de1e77e7879674770c5b7	08e4846e537177426273712802403f7ba8261b6c	mean_5_11_17_23_29_33|domfull	435	0.001388888888888889	fp32	cuda	
4a57def82086b37ddb53e4bb	Q05753	miss	435	435	False	1.0	522726b90e92aa6b2fcfc7bc8bcb3128252a1965b844e30cebac76517b8ceeca	08e4846e537177426273712802403f7ba8261b6c	mean_5_11_17_23_29_33|domfull	435	0.001388888888888889	fp32	cuda	
00b5c6dea33f57fffe3d5db0	Q8SRR3	miss	435	435	False	1.0	f6e78c1a5779461d3234102d8a258cdab24d0234e4126804ae69c8ce9a03025d	08e4846e537177426273712802403f7ba8261b6c	mean_5_11_17_23_29_33|domfull	435	0.001388888888888889	fp32	cuda	
3f3ecf0559c60e3a146deb1e	Q8VCA5	miss	435	435	False	1.0	33e3fdd183163bc58fcc4ac523afd816dda9decc6b2081cc9602f9b4c429f703	08e4846e537177426273712802403f7ba8261b6c	mean_5_11_17_23_29_33|domfull	435	0.001388888888888889	fp32	cuda	
f07bbed602c105b46569d650	Q9HR72	miss	435	435	False	1.0	87a3926398e74b4d92c467d7e083c0dc847fc7ad06ee5463ea7b3b0bed9bbffb	08e4846e537177426273712802403f7ba8261b6c	mean_5_11_17_23_29_33|domfull	435	0.001388888888888889	fp32	cuda	
736604af98b1bea1fb173022	Q9VB08	miss	435	435	False	1.0	7cae81623b67302e01172216cb2da5a7b56caa07bfe5220196ed347c12665554	08e4846e537177426273712802403f7ba8261b6c	mean_5_11_17_23_29_33|domfull	435	0.001388888888888889	fp32	cuda	
9ccd977459d40db5d61f56cd	Q9H4F8	miss	434	434	False	1.0	420324c2eb58f1eed10eabbedee1ba6d18318f62814b93deec7a902a87295c19	08e4846e537177426273712802403f7ba8261b6c	mean_5_11_17_23_29_33|domfull	434	0.001388888888888889	fp32	cuda	
252c505fbab7873e4fd5adb2	Q9J516	miss	434	434	False	1.0	e95a1766c0bf2b1b5179ad3b44d5e4fdddbca26586c11be999a9e27c9aa16cd7	08e4846e537177426273712802403f7ba8261b6c	mean_5_11_17_23_29_33|domfull	434	0.001388888888888889	fp32	cuda	
51e4600812b6a187257fcf7a	Q9LKR8	miss	434	434	False	1.0	6b8c3c42f240f415424765934b13adb87361b2d61da3a8e876f2bce6989c5b55	08e4846e537177426273712802403f7ba8261b6c	mean_5_11_17_23_29_33|domfull	434	0.001388888888888889	fp32	cuda	
6b0cce1c34db84257ac6693a	Q9SKN2	miss	434	434	False	1.0	b338537a425c40f3967cbfb2f3d22d7340f029b989c6363b75792eba36a2f872	08e4846e537177426273712802403f7ba8261b6c	mean_5_11_17_23_29_33|domfull	434	0.001388888888888889	fp32	cuda	
84a38b2afce166a245de2295	B2AGL2	miss	433	433	False	1.0	dfb5d663b5071f9534da192205d7d758e9dc092aaaa7a020ab56be5e75984867	08e4846e537177426273712802403f7ba8261b6c	mean_5_11_17_23_29_33|domfull	433	0.001388888888888889	fp32	cuda	
dbfed0e669594578195a99ad	Q9HUX5	miss	433	433	False	1.0	a058acaba322afced448ddd5b4892bf4c71c5ab3e8923ade0c6baec316416a21	08e4846e537177426273712802403f7ba8261b6c	mean_5_11_17_23_29_33|domfull	433	0.001388888888888889	fp32	cuda	
3add99e449cc30e292d7cb35	Q9SJX7	miss	433	433	False	1.0	1e676686a1d7c8425f4b81b38522cf66752d251791d6e6fee1a98088d79139fd	08e4846e537177426273712802403f7ba8261b6c	mean_5_11_17_23_29_33|domfull	433	0.001388888888888889	fp32	cuda	
3b503736f2cf6d5bb5b68bb3	Q9VDZ4	miss	433	433	False	1.0	0655d948f761930d2ce5c12280638961dac470e353d633e91cadc8154b657fa6	08e4846e537177426273712802403f7ba8261b6c	mean_5_11_17_23_29_33|domfull	433	0.001388888888888889	fp32	cuda	
01c162f2d496f16ba78a7786	Q03236	miss	431	431	False	1.0	bb06588f7e41b2fa6563ec14bbfab28a6055641466055e85cc47cf32f84db860	08e4846e537177426273712802403f7ba8261b6c	mean_5_11_17_23_29_33|domfull	431	0.001388888888888889	fp32	cuda	
f293a166000a7f53535bb31a	Q12467	miss	430	430	False	1.0	ba45e21b6f1a28edf69f079fbce55271b7974a9292a6b243f9227c8e0431ee87	08e4846e537177426273712802403f7ba8261b6c	mean_5_11_17_23_29_33|domfull	430	0.001388888888888889	fp32	cuda	
e9be547dd4951411450120f7	Q8NDZ4	miss	430	430	False	1.0	f53c8d31543da68e1a60f7ac1cd416193bb39463bc94da0b8f6ebc0bc4924df2	08e4846e537177426273712802403f7ba8261b6c	mean_5_11_17_23_29_33|domfull	430	0.0005405405405405405	fp32	cuda	
023a11d240fdcf9be8c9d36b	Q9SD20	miss	430	430	False	1.0	8817d9ed397b649804d0d7be0094245a71df8c828e0e3e28779704e81605ffce	08e4846e537177426273712802403f7ba8261b6c	mean_5_11_17_23_29_33|domfull	430	0.0005405405405405405	fp32	cuda	
c70e933b952f4860ef6dd812	Q8L4J2	miss	429	429	False	1.0	e584eced52666e66263a8071e18df40749da536cd40d8f1ea6604d3be7388a55	08e4846e537177426273712802403f7ba8261b6c	mean_5_11_17_23_29_33|domfull	429	0.0005405405405405405	fp32	cuda	
b6864dcd5e2601424580d074	Q8NFZ5	miss	429	429	False	1.0	96bc68b70e056f439afa0960844d4f5ea9f7fa6a89051b910d8a1c625990b24d	08e4846e537177426273712802403f7ba8261b6c	mean_5_11_17_23_29_33|domfull	429	0.0005405405405405405	fp32	cuda	
e9f9ae63856e6c3cd45cc594	Q9NSD4	miss	429	429	False	1.0	b7e70f636368c21db9d475674a7d54abcf0e4bdb102bc102dabe1ee31a1d7131	08e4846e537177426273712802403f7ba8261b6c	mean_5_11_17_23_29_33|domfull	429	0.0005405405405405405	fp32	cuda	
e905b01b91cf8efe6948bcaa	Q9VBV5	miss	429	429	False	1.0	60a321d1f9f2024b7fcfdfa3168afa653ba07a550001fbd17fadc87dc85ca575	08e4846e537177426273712802403f7ba8261b6c	mean_5_11_17_23_29_33|domfull	429	0.0005405405405405405	fp32	cuda	
a19f4f70b0a08ed8be338f07	Q09302	miss	428	428	False	1.0	b51cfe08eb9d6fb77e3e33753217f15b88c055c881c557fe02f4df5e93250b93	08e4846e537177426273712802403f7ba8261b6c	mean_5_11_17_23_29_33|domfull	428	0.0005405405405405405	fp32	cuda	
b86b3c0fddf737ef4db6261d	Q9C9Q5	miss	428	428	False	1.0	b33d054736eec79fca4cec4b34c19b54acc601c0234ba2fd63032a175c37128a	08e4846e537177426273712802403f7ba8261b6c	mean_5_11_17_23_29_33|domfull	428	0.0005405405405405405	fp32	cuda	
afb9160df73dcf48f1461eb4	Q9HYL1	miss	428	428	False	1.0	6aa2aab1e987badbf891006f3848c3f16ed585f30a3dfcfcc3ac2d64f862d125	08e4846e537177426273712802403f7ba8261b6c	mean_5_11_17_23_29_33|domfull	428	0.0005405405405405405	fp32	cuda	
cf344c4c0ebf6b3de7c5b1e7	Q9LY61	miss	428	428	False	1.0	17eecb608fc13dacf11892282b43fd369252202e88275b32b54534a3afe30b47	08e4846e537177426273712802403f7ba8261b6c	mean_5_11_17_23_29_33|domfull	428	0.0005405405405405405	fp32	cuda	
2357857a5f049fcb18599095	Q9P7D9	miss	428	428	False	1.0	be724345b964446fdb06e394e17c070d6f23e9281bf3d916089f4331e5d3357c	08e4846e537177426273712802403f7ba8261b6c	mean_5_11_17_23_29_33|domfull	428	0.0005405405405405405	fp32	cuda	
5e65a0f08eb2e384cef72fba	Q9UQ49	miss	428	428	False	1.0	d5c65768da8e7bfb7eb2bbb18fe1e95c3b8b8dd6e8be2d3e64904810c962c64d	08e4846e537177426273712802403f7ba8261b6c	mean_5_11_17_23_29_33|domfull	428	0.0005405405405405405	fp32	cuda	
ac1027d33970142368f06b7a	Q42404	miss	427	427	False	1.0	10db4c9c8ccc0ed90c9c3977097c5b6caeb1c5dc24e301e5ae061affc17a9ded	08e4846e537177426273712802403f7ba8261b6c	mean_5_11_17_23_29_33|domfull	427	0.0005405405405405405	fp32	cuda	
a5b707bb93d0ecf169b3c90c	Q9JPP1	miss	427	427	False	1.0	4479b8d67e460ea5c60cc5d5987330acac4c16d5b88d7f9546bdea9318ed2c87	08e4846e537177426273712802403f7ba8261b6c	mean_5_11_17_23_29_33|domfull	427	0.0005405405405405405	fp32	cuda	
706a6b1c52e3921e13b2c795	Q93XX5	miss	426	426	False	1.0	f6775443ff9d7c06c3503e06e4de684b87c168e14522b3549236142114a91c96	08e4846e537177426273712802403f7ba8261b6c	mean_5_11_17_23_29_33|domfull	426	0.0005405405405405405	fp32	cuda	
cf128e748a52dce6f3c1bc4b	Q980U7	miss	426	426	False	1.0	ec549c46a40ba08cf28504aef38609f10db4c865b7f227356cd3512869059d0c	08e4846e537177426273712802403f7ba8261b6c	mean_5_11_17_23_29_33|domfull	426	0.0005405405405405405	fp32	cuda	
e98e1405d1e5d816ed702bf3	Q93249	miss	425	425	False	1.0	395acae32f0f86979b7d3085d4d06948b3597e05b9cac007c3b798e6e5340206	08e4846e537177426273712802403f7ba8261b6c	mean_5_11_17_23_29_33|domfull	425	0.0005405405405405405	fp32	cuda	
0fd5e5024b73ddc5b163edde	Q9CXP4	miss	425	425	False	1.0	8d4f97eb2fffdb335f6822ac68f30ed30a13ee2eb59c0a1778a7e744df038a7b	08e4846e537177426273712802403f7ba8261b6c	mean_5_11_17_23_29_33|domfull	425	0.0005405405405405405	fp32	cuda	
7c17bb0504948f55f513756a	Q9FK66	miss	425	425	False	1.0	a12a011bd110f81ea38c9f5d8c9f2238281e26783bb5a52008efb43db8865da7	08e4846e537177426273712802403f7ba8261b6c	mean_5_11_17_23_29_33|domfull	425	0.0005405405405405405	fp32	cuda	
fa9b74089592aff0585ab467	Q9U213	miss	425	425	False	1.0	bb79ef1d06339bb1579f3bacbc4292071596f6b92be6f4b161f2af0863a51f0c	08e4846e537177426273712802403f7ba8261b6c	mean_5_11_17_23_29_33|domfull	425	0.0005405405405405405	fp32	cuda	
1dacfd045b7903ec6d65d2b0	X5HYT8	miss	425	425	False	1.0	a3ff3c89c65621910b06f6993fe06d09e23a7f32e437c3e5dced7bd750c5692d	08e4846e537177426273712802403f7ba8261b6c	mean_5_11_17_23_29_33|domfull	425	0.0005405405405405405	fp32	cuda	
49ce6ae4eee4abae09bf56dc	Q09849	miss	424	424	False	1.0	a0d4a419c7195f18e4cadb82abcb6ddf87a775c2b27455bcd0c480a415423565	08e4846e537177426273712802403f7ba8261b6c	mean_5_11_17_23_29_33|domfull	424	0.0005405405405405405	fp32	cuda	
46a788b599912d8aad452426	Q9L2E9	miss	424	424	False	1.0	9fb6b0fb19ec29b5b1812ff943916ede9f7b23b8b242cf06103c1602d5eece21	08e4846e537177426273712802403f7ba8261b6c	mean_5_11_17_23_29_33|domfull	424	0.0005405405405405405	fp32	cuda	
64ee61a128259c6839710e38	C5DRG2	miss	422	422	False	1.0	21634864e93c2342bca46ab02ba63d5b1b48536b8ae18379405dfd1ad4bc017a	08e4846e537177426273712802403f7ba8261b6c	mean_5_11_17_23_29_33|domfull	422	0.0005405405405405405	fp32	cuda	
0c163273322c3414ef1df55d	EP_porter_78_5l35D__5l35G_B__5l35G	miss	422	422	False	1.0	0186c8e220227c3693f99b62460b7402ed983c406934abd8f3b2c527cc17ba71	08e4846e537177426273712802403f7ba8261b6c	mean_5_11_17_23_29_33|domfull	422	0.0005405405405405405	fp32	cuda	
57bf6707b5618bb168bdf5b6	Q5UQ06	miss	422	422	False	1.0	d018804aa4d4c6b47f451798e12260a478a4d86c4adc0589f2c79ceb2772d73a	08e4846e537177426273712802403f7ba8261b6c	mean_5_11_17_23_29_33|domfull	422	0.0005405405405405405	fp32	cuda	
b858013b043a4629310e426d	Q8LKI3	miss	422	422	False	1.0	532a36d9e866ef0b845a4fc3ecb7e7fc6f5301e2544745a1fc4d58550ac7272b	08e4846e537177426273712802403f7ba8261b6c	mean_5_11_17_23_29_33|domfull	422	0.0005405405405405405	fp32	cuda	
02e7f6ae45ccdb2b09af5f10	Q9ZG90	miss	422	422	False	1.0	0d1f60eda8fe49e8891054be9390ab29189408bec88f7e3d1249f2a85db47f5a	08e4846e537177426273712802403f7ba8261b6c	mean_5_11_17_23_29_33|domfull	422	0.0005405405405405405	fp32	cuda	
2abb8b2eb173c37153a1f64a	Q6NRE8	miss	421	421	False	1.0	891821d2211b5501f7a6fad97e23730f5b36709a58b051f0b3c5b4db0b973634	08e4846e537177426273712802403f7ba8261b6c	mean_5_11_17_23_29_33|domfull	421	0.0005405405405405405	fp32	cuda	
01724dbb4c3aef17de720ba5	Q756T2	miss	421	421	False	1.0	a0618fcc4d5664b16712ef2c09078566969d2dec38d82cfea8a1429deb65c4e4	08e4846e537177426273712802403f7ba8261b6c	mean_5_11_17_23_29_33|domfull	421	0.0005405405405405405	fp32	cuda	
ffda063f890eb1a91c3098db	Q84M94	miss	421	421	False	1.0	a5951ff059bda384de1227d0097fd592f917c7a4c4ad05353767cfbed698269b	08e4846e537177426273712802403f7ba8261b6c	mean_5_11_17_23_29_33|domfull	421	0.0005405405405405405	fp32	cuda	
32512fbcb7ef8b50776b37c5	Q9SZ15	miss	421	421	False	1.0	181a5f7d4280ba5e5981695a07dadbdf9080e8982e481171110b4c7a55f082c1	08e4846e537177426273712802403f7ba8261b6c	mean_5_11_17_23_29_33|domfull	421	0.0005405405405405405	fp32	cuda	
7f9184a80c24d4c9ec8eacd9	Q94AY3	miss	420	420	False	1.0	9090a88ad8f21088874dc97b0a42364986fccc1553c2181762492358d741e845	08e4846e537177426273712802403f7ba8261b6c	mean_5_11_17_23_29_33|domfull	420	0.0005405405405405405	fp32	cuda	
be3088abe19be6132fe07cf8	Q9H2S5	miss	420	420	False	1.0	1bd740ef2d67c8dc2b5f81b35ab614c3a2303da0f71622eae80813f27d521b86	08e4846e537177426273712802403f7ba8261b6c	mean_5_11_17_23_29_33|domfull	420	0.0005405405405405405	fp32	cuda	
41af60e32a23d68f78a6a1c4	Q9NXR5	miss	420	420	False	1.0	5dabc52caf96daac39925a5e062ff0b138009b5e17b7b96a471ddfcab6805c78	08e4846e537177426273712802403f7ba8261b6c	mean_5_11_17_23_29_33|domfull	420	0.0005405405405405405	fp32	cuda	
071b6c5b26b3409bf9fcda69	Q9RLM4	miss	420	420	False	1.0	f36c87fe3311744e8f6f14c5f3273bdc3e7392d82b72ad1f58d110ecd98352a4	08e4846e537177426273712802403f7ba8261b6c	mean_5_11_17_23_29_33|domfull	420	0.0005405405405405405	fp32	cuda	
324e7c118188fde726fc2c6f	Q9VZW8	miss	420	420	False	1.0	f794d4d70edcb822ce27e88b87210cf1817d5bc1d97873db6d52c90714d67c5f	08e4846e537177426273712802403f7ba8261b6c	mean_5_11_17_23_29_33|domfull	420	0.0005405405405405405	fp32	cuda	
4dac591ae882db3546983425	O36397	miss	419	419	False	1.0	bb30f3cdeed5fdae88df9fbfc6dc1404a67dc832c545edc9918cb960e34bb5b4	08e4846e537177426273712802403f7ba8261b6c	mean_5_11_17_23_29_33|domfull	419	0.0013157894736842105	fp32	cuda	
555dc960abcb9e0a55451887	Q6NXM3	miss	419	419	False	1.0	a03eeb1ed307eb834814c0aa88eb33e8d7562ec28f147a4e21ea1658a1f9d4aa	08e4846e537177426273712802403f7ba8261b6c	mean_5_11_17_23_29_33|domfull	419	0.0013157894736842105	fp32	cuda	
6541337e5be40a20b095ae61	Q9P6M0	miss	419	419	False	1.0	77576f4c3ad8ac499e3f0e32cf3c858ad24c1b449d5bd1661debfe0a594d186d	08e4846e537177426273712802403f7ba8261b6c	mean_5_11_17_23_29_33|domfull	419	0.0013157894736842105	fp32	cuda	
5c8f0420e05b82c72bb7cd11	Q9V8Y7	miss	419	419	False	1.0	82dd7fa1b80f4d3d95cbe06269df73afcfc5c61efd9ff1651030b22013108e2b	08e4846e537177426273712802403f7ba8261b6c	mean_5_11_17_23_29_33|domfull	419	0.0013157894736842105	fp32	cuda	
0584a8a944aa209ee73922f4	P43351	miss	418	418	False	1.0	847a139c2e50a9e6f402079c4eaf7061284ab92b9fd68c381eaa0eca57a55728	08e4846e537177426273712802403f7ba8261b6c	mean_5_11_17_23_29_33|domfull	418	0.0013157894736842105	fp32	cuda	
997a8384a7062d26dd2f8dda	Q95RI5	miss	418	418	False	1.0	80ead906544efc9df43a82bb30e941a46ada9e1a929d5036b1342f27b2cbdfa0	08e4846e537177426273712802403f7ba8261b6c	mean_5_11_17_23_29_33|domfull	418	0.0013157894736842105	fp32	cuda	
79b5b3d08eb9195d28904b25	Q7SGS1	miss	417	417	False	1.0	11e29ede68fdef1f788bfdbb1726036e5ba33340a6c71235c6ffe77c811d3952	08e4846e537177426273712802403f7ba8261b6c	mean_5_11_17_23_29_33|domfull	417	0.0013157894736842105	fp32	cuda	
539fa9317e02aa52dcc8c277	Q98H33	miss	417	417	False	1.0	6338a635f661bf4e6a03bd33bc209061b9ea05b33bcad634cd1a92ac4166bbf6	08e4846e537177426273712802403f7ba8261b6c	mean_5_11_17_23_29_33|domfull	417	0.0013157894736842105	fp32	cuda	
0ea6e9ecbd5c356e094703fc	Q9SFC7	miss	417	417	False	1.0	bac3df738921991c73e3e351bc4cbfe045b02d580a5b7e3d26d248cee1178531	08e4846e537177426273712802403f7ba8261b6c	mean_5_11_17_23_29_33|domfull	417	0.0013157894736842105	fp32	cuda	
760f445f246766837d5a4ba9	A2AKK5	miss	416	416	False	1.0	1c7be2d29ad00ef1e10141299754788c52155a1cb842c0da137cba97ac65d3ac	08e4846e537177426273712802403f7ba8261b6c	mean_5_11_17_23_29_33|domfull	416	0.0013157894736842105	fp32	cuda	
16cf3a5fc8a63726075a93d4	P55211	miss	416	416	False	1.0	4abebcd6fb389b5c4032e147846f854685da6000c7028e0622e8a1612a03006c	08e4846e537177426273712802403f7ba8261b6c	mean_5_11_17_23_29_33|domfull	416	0.0013157894736842105	fp32	cuda	
fb903e79dcec2bd85ede7e04	Q95121	miss	416	416	False	1.0	365b6fd6cf00338932d524bb0d3a474f67adaf3300dcd1880a4a230eebf436fc	08e4846e537177426273712802403f7ba8261b6c	mean_5_11_17_23_29_33|domfull	416	0.0013157894736842105	fp32	cuda	
06a05a7a79cb2bc0804f37b2	O09161	miss	415	415	False	1.0	d30b5b68e35d7aa6d6e9c07b6c0058c6a4f7fbb9d2588cec350ef99bbd786041	08e4846e537177426273712802403f7ba8261b6c	mean_5_11_17_23_29_33|domfull	415	0.0013157894736842105	fp32	cuda	
1a919a0697c73f46ac51de8f	O55055	miss	415	415	False	1.0	d9a9e5e8383857440ca4a779dcb147ac0efdbfe366c9d825a2ceebc35b8d6858	08e4846e537177426273712802403f7ba8261b6c	mean_5_11_17_23_29_33|domfull	415	0.0013157894736842105	fp32	cuda	
19b96fc5efbe672cdfcfa1d3	Q8R2Z5	miss	415	415	False	1.0	90c868e241b1db1bc70ccd57d801f7b7026b0b6b669df430622ef3ae0a8c18bc	08e4846e537177426273712802403f7ba8261b6c	mean_5_11_17_23_29_33|domfull	415	0.0013157894736842105	fp32	cuda	
5ef721df8a51166d905f3a39	Q9FC33	miss	415	415	False	1.0	f3f136ebf4e7b42c57c51ec46b1f6d5ade5f293053fece0a10502eca068a7f69	08e4846e537177426273712802403f7ba8261b6c	mean_5_11_17_23_29_33|domfull	415	0.0013157894736842105	fp32	cuda	
69b61e7fa139d6e99f77689d	Q9KX73	miss	415	415	False	1.0	c2f4ab35e006d8fa0587672d1d1dad28c1dc5cb91851a3e0cf32a1be03ca1eea	08e4846e537177426273712802403f7ba8261b6c	mean_5_11_17_23_29_33|domfull	415	0.0013157894736842105	fp32	cuda	
7bf1ac1140d1b1e2d00468e9	Q9U320	miss	415	415	False	1.0	400c4c3d61a1ad84b64070fa5f31377290bdee73b032ab00428ae901ae505096	08e4846e537177426273712802403f7ba8261b6c	mean_5_11_17_23_29_33|domfull	415	0.0013157894736842105	fp32	cuda	
730c73464d46967515a2953b	P45117	miss	414	414	False	1.0	ea653d2a350b16430f7817a820b17502f240d20dbd61385b762d2231d7301ca9	08e4846e537177426273712802403f7ba8261b6c	mean_5_11_17_23_29_33|domfull	414	0.0013157894736842105	fp32	cuda	
fd4588f5bc3e0bae5741ae79	Q9HIM0	miss	414	414	False	1.0	f24a8085c753960fe588ff33f6ab5d3f5193096f2a1127b31fc0d72d8b824f74	08e4846e537177426273712802403f7ba8261b6c	mean_5_11_17_23_29_33|domfull	414	0.0013157894736842105	fp32	cuda	
5aa86e7de5592c7e6b06a606	Q9UM44	miss	414	414	False	1.0	ef806bfbd9f8385ce32459020313a83813a98252a92413d41616fc8834fc3575	08e4846e537177426273712802403f7ba8261b6c	mean_5_11_17_23_29_33|domfull	414	0.0013157894736842105	fp32	cuda	
8c15a29f5ea2b6731043c630	A0A1B4XBK1	miss	413	413	False	1.0	ef3f82f65662035f731e0ca765a526f35b417deae304952f6ae1bef3fd23735b	08e4846e537177426273712802403f7ba8261b6c	mean_5_11_17_23_29_33|domfull	413	0.0013157894736842105	fp32	cuda	
34cddb97fb2466f4f7cc79cc	T2KPK8	miss	413	413	False	1.0	e267e86ba8894104d94a36844e0682312e667860d3d2362cd726f376ade17e73	08e4846e537177426273712802403f7ba8261b6c	mean_5_11_17_23_29_33|domfull	413	0.0013157894736842105	fp32	cuda	
becc88f825c87917db3bda30	O42393	miss	412	412	False	1.0	618b09dd47813e86be4da4c995ef3d098168a955b2bc14434a466eeb6acf431b	08e4846e537177426273712802403f7ba8261b6c	mean_5_11_17_23_29_33|domfull	412	0.0013157894736842105	fp32	cuda	
420be901d28004e18dfb8ec3	Q12292	miss	412	412	False	1.0	ea5e1de21538bfa859eb4fe0511bec949f4ec9ab9903c9a764dbfc96986089c9	08e4846e537177426273712802403f7ba8261b6c	mean_5_11_17_23_29_33|domfull	412	0.0013157894736842105	fp32	cuda	
3f22fad91e6a95073e4512a8	Q8XIP3	miss	412	412	False	1.0	6a161f2c3a06b9ce3abd30e720d7101e70846e745edd6ec8f83e129fb62d6994	08e4846e537177426273712802403f7ba8261b6c	mean_5_11_17_23_29_33|domfull	412	0.0013157894736842105	fp32	cuda	
cbf0e61cd897bd31df8d3c17	Q8C963	miss	411	411	False	1.0	7c43040819af27e9fcdcfa54f8e6084d7ca3f367c579a05b5d59fa76029c4847	08e4846e537177426273712802403f7ba8261b6c	mean_5_11_17_23_29_33|domfull	411	0.0013157894736842105	fp32	cuda	
c955b63904ebec826ef0afad	Q93Z66	miss	411	411	False	1.0	f135568384ebf361657a14d960dbe5ca037fb5d25a0286d6f4080cdb2919d854	08e4846e537177426273712802403f7ba8261b6c	mean_5_11_17_23_29_33|domfull	411	0.0013157894736842105	fp32	cuda	
08963272196419a0c8f4c4b7	Q9FZ29	miss	411	411	False	1.0	54c47f7e98e59f7304294bb2efb081f380fc90d374d0742213345f64657ac3e4	08e4846e537177426273712802403f7ba8261b6c	mean_5_11_17_23_29_33|domfull	411	0.0013157894736842105	fp32	cuda	
10ed0bba29dfc3375bc475e7	Q9UKB5	miss	411	411	False	1.0	3aa1c453edadab3606898581f25f09d003c62a0e69fa90b1c4cf82734cf25d0c	08e4846e537177426273712802403f7ba8261b6c	mean_5_11_17_23_29_33|domfull	411	0.0013157894736842105	fp32	cuda	
735c2e6c132525b45bb98552	Q96LW2	miss	410	410	False	1.0	f87d7ecfb5a52089c6e0e8877c84db8fb098497ac591af3ac947af3cea5b31bf	08e4846e537177426273712802403f7ba8261b6c	mean_5_11_17_23_29_33|domfull	410	0.0013157894736842105	fp32	cuda	
b86b28f2af903df2f7807c3a	Q9MUM0	miss	410	410	False	1.0	e95701413de455a205ae9c23e89cbf67789916239ab1c209886cb75786ab74bc	08e4846e537177426273712802403f7ba8261b6c	mean_5_11_17_23_29_33|domfull	410	0.0013157894736842105	fp32	cuda	
1d6f205a29f14780eb23cc23	S5ZJC7	miss	410	410	False	1.0	94d915d010917d3c3ef502138b69d89f7839f086697e5ab3fed7e76bb624e01e	08e4846e537177426273712802403f7ba8261b6c	mean_5_11_17_23_29_33|domfull	410	0.0013157894736842105	fp32	cuda	
eb9c28f71e341963e2adb3ae	P17778	miss	409	409	False	1.0	42ea0f3090322066c3e362839e783e75780d8ebe4dbb213b5096fa57a152c061	08e4846e537177426273712802403f7ba8261b6c	mean_5_11_17_23_29_33|domfull	409	0.0013157894736842105	fp32	cuda	
fd44ce97d34585c5b67d8386	Q8VYY4	miss	409	409	False	1.0	bdf8a55852dd2c1c4f9fb0366b86f8f0a541d67ca4351931c6219d1f671c9dde	08e4846e537177426273712802403f7ba8261b6c	mean_5_11_17_23_29_33|domfull	409	0.0013157894736842105	fp32	cuda	
0a4eaf81cc84adc60eccfbcf	Q9VLA1	miss	409	409	False	1.0	1622b69cbf79df71c09b3de810e3dc07e08888cd73052676e675f5b5c999ae64	08e4846e537177426273712802403f7ba8261b6c	mean_5_11_17_23_29_33|domfull	409	0.0013157894736842105	fp32	cuda	
3396c915520a3bf66cf092d7	Q9YFY8	miss	409	409	False	1.0	1ebb1e9fd6eb022bc88c27ee8952409c9c341e44477ab938f7a2c905dc448572	08e4846e537177426273712802403f7ba8261b6c	mean_5_11_17_23_29_33|domfull	409	0.0013157894736842105	fp32	cuda	
f7fb9a8fa510f8e9d1b29fcd	Q9HYC5	miss	408	408	False	1.0	a3023116ffd8efa2b39a6275f473e647a798bf207e1de7077980330cce2fb68f	08e4846e537177426273712802403f7ba8261b6c	mean_5_11_17_23_29_33|domfull	408	0.0013157894736842105	fp32	cuda	
fb60e3bc12a7b2481dd1e786	Q9ZQ34	miss	408	408	False	1.0	2ef52e5e974a81fd3bd852fa8a2c964f5f4aef68a3f92a6abc4e30169ceaf8f4	08e4846e537177426273712802403f7ba8261b6c	mean_5_11_17_23_29_33|domfull	408	0.001282051282051282	fp32	cuda	
b96f727b0ef8f0e975810af1	Q809Q1	miss	406	406	False	1.0	8fc339c109f163c3f757c0533a7dfa6b371ff6ef7df97d4e7b32c3ee39661f5a	08e4846e537177426273712802403f7ba8261b6c	mean_5_11_17_23_29_33|domfull	406	0.001282051282051282	fp32	cuda	
ded2b835c27dfb7691fc15e1	Q9D1Q6	miss	406	406	False	1.0	3e7a48a536ed09cb58fa40540030e050299eee25617fc8d2fee01202497466e8	08e4846e537177426273712802403f7ba8261b6c	mean_5_11_17_23_29_33|domfull	406	0.001282051282051282	fp32	cuda	
f1be7c080dc2cc06f602ebbe	Q9S4K6	miss	406	406	False	1.0	93dcf134b9f9bdd2e9a7f741a3ccb071548e5cc48bf2303945383616fcdc6aea	08e4846e537177426273712802403f7ba8261b6c	mean_5_11_17_23_29_33|domfull	406	0.001282051282051282	fp32	cuda	
ab92ce96d30d623fe6aa9cbd	Q9USX3	miss	406	406	False	1.0	2d0590642c5bb243763b88bf2f1eb0d5d317bf31478bff6fda371d871da3d7b6	08e4846e537177426273712802403f7ba8261b6c	mean_5_11_17_23_29_33|domfull	406	0.001282051282051282	fp32	cuda	
5892829ab9a4d39f6a17a517	Q9X034	miss	406	406	False	1.0	7d49782cd4d1b970c5ec8cd2d6b9317f1057d20dbf773fa77c2370fdf8b98ad0	08e4846e537177426273712802403f7ba8261b6c	mean_5_11_17_23_29_33|domfull	406	0.001282051282051282	fp32	cuda	
bb05bb696cdbf5f38e368acb	Q90476	miss	405	405	False	1.0	809967bcda85e95ccf2a8ba59f8beb02291f244cac182a17010ca49fd3cc01a0	08e4846e537177426273712802403f7ba8261b6c	mean_5_11_17_23_29_33|domfull	405	0.001282051282051282	fp32	cuda	
54d6258c4f4adb15d876ec48	Q9VIV3	miss	405	405	False	1.0	dd95f3b91844d8903a6d38b81b237b797daae20df86d3335b12fb9c4edec9d19	08e4846e537177426273712802403f7ba8261b6c	mean_5_11_17_23_29_33|domfull	405	0.001282051282051282	fp32	cuda	
684e090e3b17fd44987258cb	Q94A09	miss	404	404	False	1.0	cbafe6daae2cc6edfd60474bd2739f0d63c93ec86b1905f78cfdede79e34b7ce	08e4846e537177426273712802403f7ba8261b6c	mean_5_11_17_23_29_33|domfull	404	0.001282051282051282	fp32	cuda	
f1fba171aba027a486538c45	Q9JJC9	miss	404	404	False	1.0	b8799e3062863bc4b7727381e742d995826455db4f47f211ea036872c0c460ff	08e4846e537177426273712802403f7ba8261b6c	mean_5_11_17_23_29_33|domfull	404	0.001282051282051282	fp32	cuda	
d06ba883ea288d1df12eee97	Q9VVF3	miss	404	404	False	1.0	f6a05ceefcc925f4281572d3fa04dfe14d02b0dac51bc83176f415eb338ceb2f	08e4846e537177426273712802403f7ba8261b6c	mean_5_11_17_23_29_33|domfull	404	0.001282051282051282	fp32	cuda	
de7c69b9724cdebc70661d8a	EP_porter_52_5b3zA__5bmyA_A__5b3zA	miss	402	402	False	1.0	a4f4bed853927b750aabd316af83c6f947840f5610fe0e49316873fa312f607f	08e4846e537177426273712802403f7ba8261b6c	mean_5_11_17_23_29_33|domfull	402	0.001282051282051282	fp32	cuda	
36138e932198f80636e7fa33	Q8BW22	miss	402	402	False	1.0	6b5c473fd84ef375e1056a8b4acd607bec06c5d2d8113f98267ddcd73cd987fc	08e4846e537177426273712802403f7ba8261b6c	mean_5_11_17_23_29_33|domfull	402	0.001282051282051282	fp32	cuda	
03e1b24cc6f89b82c8ad3f56	Q8RWM3	miss	402	402	False	1.0	05dc0f143ab9a8ace5bc1a20778e72acb8400dff2c93fd0d19c8666dc22cdbc9	08e4846e537177426273712802403f7ba8261b6c	mean_5_11_17_23_29_33|domfull	402	0.001282051282051282	fp32	cuda	
ebb517dc3e32aa9e739d0a75	Q9FIQ0	miss	402	402	False	1.0	f5db800e527845e9c3331450a499c417954d3d1560ecc89cfc28dcc0677142e5	08e4846e537177426273712802403f7ba8261b6c	mean_5_11_17_23_29_33|domfull	402	0.001282051282051282	fp32	cuda	
552c505dcc5ca6039758e7f0	Q9SUY0	miss	402	402	False	1.0	0a04096a45709016c71ce069f430050059c11bb936b14d6cb297ad06e49aa651	08e4846e537177426273712802403f7ba8261b6c	mean_5_11_17_23_29_33|domfull	402	0.001282051282051282	fp32	cuda	
1ef075ef73a362d1285d08d7	Q9Z7F1	miss	401	401	False	1.0	f73c27e3fbd7c66fd565266ed4740a2976b5b3365fe1553e67c16ae2bc845452	08e4846e537177426273712802403f7ba8261b6c	mean_5_11_17_23_29_33|domfull	401	0.001282051282051282	fp32	cuda	
8213f5535f775d0a5fb2f346	Q3U4B4	miss	400	400	False	1.0	08eaf056a12f357d85501ac2c9fee4c58577f5c3df5bd2b87770f6e406f801b0	08e4846e537177426273712802403f7ba8261b6c	mean_5_11_17_23_29_33|domfull	400	0.001282051282051282	fp32	cuda	
6c655b4dcd84e728e046f9ea	Q9NRC8	miss	400	400	False	1.0	34ffd0d733956315a3e7f397559509e0e49be81e544bbacc713eaf6834591d45	08e4846e537177426273712802403f7ba8261b6c	mean_5_11_17_23_29_33|domfull	400	0.001282051282051282	fp32	cuda	
1311c5b10bf3a8f87e76560f	F1CMX6	miss	399	399	False	1.0	7fe4bbaa51e6c6fbb88bca2d5d0bdda213c3263e9e2fa5904a2b41da4a484a5b	08e4846e537177426273712802403f7ba8261b6c	mean_5_11_17_23_29_33|domfull	399	0.001282051282051282	fp32	cuda	
f7716ce31e589f06a41ec4ea	Q9W1N6	miss	399	399	False	1.0	8964e281023ecd36a5cff26b33a44e065ffeed2bcb5254ef72b214f2a2ec778c	08e4846e537177426273712802403f7ba8261b6c	mean_5_11_17_23_29_33|domfull	399	0.001282051282051282	fp32	cuda	
f006cdb1a577b202e16ae0b7	Q7ZXV6	miss	398	398	False	1.0	cc4f75edc3730cd87efeedf57d7c45b91592bb4d31be496f046bb35527217522	08e4846e537177426273712802403f7ba8261b6c	mean_5_11_17_23_29_33|domfull	398	0.001282051282051282	fp32	cuda	
5e892209a5451e096364ff9e	Q93P60	miss	398	398	False	1.0	5c6ba7758336704cda1257e194c242b7ce2bebdb2c656bbf1fe51bbf93fce071	08e4846e537177426273712802403f7ba8261b6c	mean_5_11_17_23_29_33|domfull	398	0.001282051282051282	fp32	cuda	
9edeee46bf256f5f3094df0b	Q9LVR4	miss	398	398	False	1.0	56b1f87a8e35bdafd801534cf6df95fcae979fefa0f5ec300749d2ccf4a09f0d	08e4846e537177426273712802403f7ba8261b6c	mean_5_11_17_23_29_33|domfull	398	0.001282051282051282	fp32	cuda	
f920b222130a872d3d5b15e8	Q9UBI4	miss	398	398	False	1.0	c05c39bd6ef10f8c99f322d57089aeb96f0166945a883425378519a52e77f307	08e4846e537177426273712802403f7ba8261b6c	mean_5_11_17_23_29_33|domfull	398	0.001282051282051282	fp32	cuda	
f0e3282566b811e35dc1fd7a	Q9ZUM9	miss	398	398	False	1.0	46e065eac4069c2d3ae37975dea435d984b5ecc36170b0d5b3186fd981bab4f9	08e4846e537177426273712802403f7ba8261b6c	mean_5_11_17_23_29_33|domfull	398	0.001282051282051282	fp32	cuda	
57f0735ceaf2fb514f7a0bbe	Q9H1B4	miss	397	397	False	1.0	88cb8bf1a6c087dfda76683741b1045f754cc5e8cb1377df1ff7c0043877fe90	08e4846e537177426273712802403f7ba8261b6c	mean_5_11_17_23_29_33|domfull	397	0.001282051282051282	fp32	cuda	
9e198b45431248d6251f9d5a	Q9HB65	miss	397	397	False	1.0	c86ffbd06333abddc54acfeeb06b2ae5c17544d1c321f56be84267dbc0e795d6	08e4846e537177426273712802403f7ba8261b6c	mean_5_11_17_23_29_33|domfull	397	0.001282051282051282	fp32	cuda	
9a3654c1f6b02c4466c91653	Q9LHD3	miss	397	397	False	1.0	0e9faf786ebe904d53b1458ff5369fc8d285f2219668c8388cdff4f5bbc486c7	08e4846e537177426273712802403f7ba8261b6c	mean_5_11_17_23_29_33|domfull	397	0.001282051282051282	fp32	cuda	
6a2a9e3fecb5ad49549db826	Q9LU72	miss	397	397	False	1.0	dc989294e8c8c645a90c422c449af250771815ba8b1d4b3d77e6a0cada02250b	08e4846e537177426273712802403f7ba8261b6c	mean_5_11_17_23_29_33|domfull	397	0.001282051282051282	fp32	cuda	
415cc555a6743ca164210dc6	Q9P792	miss	397	397	False	1.0	6cd1c6c36f9983bde7347bb7c6b071a87a2454d79fd85a10ee04a4ca43a34408	08e4846e537177426273712802403f7ba8261b6c	mean_5_11_17_23_29_33|domfull	397	0.001282051282051282	fp32	cuda	
ff050b6c1b0ba4c6e64ce866	Q9RFR0	miss	397	397	False	1.0	53c0147203a53300343ded15b092e3044b997b9c6707790578e819508ee42de5	08e4846e537177426273712802403f7ba8261b6c	mean_5_11_17_23_29_33|domfull	397	0.001282051282051282	fp32	cuda	
8b1add40981787cbb0c72678	Q9USP7	miss	397	397	False	1.0	5ffb4b9b36a5187cfbdb0b9bee004b38c70e7524a56820641dc2ca1720dc5224	08e4846e537177426273712802403f7ba8261b6c	mean_5_11_17_23_29_33|domfull	397	0.001282051282051282	fp32	cuda	
3a8c083dae68e87bfce8dcf6	Q9USQ4	miss	396	396	False	1.0	f1202cbe8fa507e3ff8af1a8df7e0dda956eb750dc5132abe9ce0651c40b9167	08e4846e537177426273712802403f7ba8261b6c	mean_5_11_17_23_29_33|domfull	396	0.001282051282051282	fp32	cuda	
fea28cf0cd5481273b347993	Q845S8	miss	395	395	False	1.0	e595b881ffb66ff9af04f817becf965bec1cbd53486805fb47a245ef5a202e8f	08e4846e537177426273712802403f7ba8261b6c	mean_5_11_17_23_29_33|domfull	395	0.001282051282051282	fp32	cuda	
5b05a173201f92a95b6bbcca	Q9QXL7	miss	395	395	False	1.0	76d1813695ce1f95545ff6e8834ac12b4e2674f37915239aa6622dbec625ad68	08e4846e537177426273712802403f7ba8261b6c	mean_5_11_17_23_29_33|domfull	395	0.001282051282051282	fp32	cuda	
7992c31e1f4cfed83ebad340	Q9SRR1	miss	395	395	False	1.0	4da82868147cba0854acb0723dd7e833b4c0387d0c2483705835164ebad46464	08e4846e537177426273712802403f7ba8261b6c	mean_5_11_17_23_29_33|domfull	395	0.001282051282051282	fp32	cuda	
cce38d8903b2f1cdbb8db283	T2KN67	miss	395	395	False	1.0	9a976369c2a9f4931c65188086b5246ffb69cf1a3cfe140b543d095c85fce6b9	08e4846e537177426273712802403f7ba8261b6c	mean_5_11_17_23_29_33|domfull	395	0.001282051282051282	fp32	cuda	
565c7e25be789c7e3cf9e115	Q9UVI4	miss	394	394	False	1.0	d64d2bb2b554114846519407e38597c5e381ed0af323d17e2c6658d8afd88f35	08e4846e537177426273712802403f7ba8261b6c	mean_5_11_17_23_29_33|domfull	394	0.001282051282051282	fp32	cuda	
6d5473f5631fe60c42e30f8f	Q8RWB1	miss	393	393	False	1.0	bd825d9fae1149128c84016fb2d8392940bc46ef2d2b83f443742a41320ada22	08e4846e537177426273712802403f7ba8261b6c	mean_5_11_17_23_29_33|domfull	393	0.0012195121951219512	fp32	cuda	
494d231ee14a55bb0206a736	Q8SPN2	miss	393	393	False	1.0	7bcc52b70cf3be3968cd9db45ca3cc358759d3487eda6e6c0ddc130287c999c1	08e4846e537177426273712802403f7ba8261b6c	mean_5_11_17_23_29_33|domfull	393	0.0012195121951219512	fp32	cuda	
35ef08a8785e1cd87a63646c	Q95ZE3	miss	393	393	False	1.0	119a41516fb8983fcc9583f0ee1d0cd3abe842121d7c2b802b2aa4eb7a53f0fc	08e4846e537177426273712802403f7ba8261b6c	mean_5_11_17_23_29_33|domfull	393	0.0012195121951219512	fp32	cuda	
76fb76807d4c43e59c316b72	Q9LSE7	miss	393	393	False	1.0	61c4c69132b41b479f48c56db41606813335e9a718ae9702f9483d916b24251c	08e4846e537177426273712802403f7ba8261b6c	mean_5_11_17_23_29_33|domfull	393	0.0012195121951219512	fp32	cuda	
935709a25a348e064c7f5ab8	P07061	miss	392	392	False	1.0	9dd85ea39fc294af3da11cba77e47828f5f2681ae92ea5c5ffbd97b8a1e02d55	08e4846e537177426273712802403f7ba8261b6c	mean_5_11_17_23_29_33|domfull	392	0.0012195121951219512	fp32	cuda	
13b0c24afcd26f26b2c8b7b9	Q9P7D8	miss	392	392	False	1.0	c86a7285c060a90ab9639c9345cd0c25ad3c16cf51a24c132dd7a9d737f13cd3	08e4846e537177426273712802403f7ba8261b6c	mean_5_11_17_23_29_33|domfull	392	0.0012195121951219512	fp32	cuda	
6d6643cfe1186343cd1daebc	Q9Y383	miss	392	392	False	1.0	4888fdd8250c46df273491f16f70c9da7cc0d172b32119269915247ef9685660	08e4846e537177426273712802403f7ba8261b6c	mean_5_11_17_23_29_33|domfull	392	0.0012195121951219512	fp32	cuda	
1eab090c4c107d16798aac06	Q99638	miss	391	391	False	1.0	2051787eaed18c36f316d6abb2a1f670af3aec5ca08bfdc4ad3d480c0552b19a	08e4846e537177426273712802403f7ba8261b6c	mean_5_11_17_23_29_33|domfull	391	0.0012195121951219512	fp32	cuda	
d5634a5eed4ddaafcbfe0e0e	Q9RPX5	miss	391	391	False	1.0	23064a4f8c9373572766c597f4043ed67e2345a3aa4e0a1d13050c0d8872ae93	08e4846e537177426273712802403f7ba8261b6c	mean_5_11_17_23_29_33|domfull	391	0.0012195121951219512	fp32	cuda	
3e4d37a1124d345c0e65ebff	Q9U2Z0	miss	391	391	False	1.0	b76efeb6bcff66cb041c00ac653177cf738db52dda153bd9aa21a8e5a9a90371	08e4846e537177426273712802403f7ba8261b6c	mean_5_11_17_23_29_33|domfull	391	0.0012195121951219512	fp32	cuda	
f93433447e140cfb6ee17a1b	Q6DYE5	miss	390	390	False	1.0	bc89c287baa88f62ba73a4caab8ee733caea25189230ca245b15d6438a168d84	08e4846e537177426273712802403f7ba8261b6c	mean_5_11_17_23_29_33|domfull	390	0.0012195121951219512	fp32	cuda	
2f115d0b762b6af46779533b	Q9AJU1	miss	390	390	False	1.0	6ecaa9f3c1b8a8ae3252864e56ad5031f86942a26753f16d0051e61ec3284120	08e4846e537177426273712802403f7ba8261b6c	mean_5_11_17_23_29_33|domfull	390	0.0012195121951219512	fp32	cuda	
d53743d7793cb4ef664c9036	Q9UX05	miss	390	390	False	1.0	90595c988c0085ba3eab5f6bbe585029371fe6ac2b979446aadeb71782e067e1	08e4846e537177426273712802403f7ba8261b6c	mean_5_11_17_23_29_33|domfull	390	0.0012195121951219512	fp32	cuda	
f6b8e63e4b310a336b4b8792	Q9V3D2	miss	390	390	False	1.0	808b2a06c0d9854c2d30e7646945bac12be3740411446aad8b467ab0eee4b0e2	08e4846e537177426273712802403f7ba8261b6c	mean_5_11_17_23_29_33|domfull	390	0.0012195121951219512	fp32	cuda	
80997042fa7193e9938ba567	F1QWZ4	miss	389	389	False	1.0	f9c857a0cb9b4835a2ca6c19c0f74e4fa1645d20396948575993644ec72de2ac	08e4846e537177426273712802403f7ba8261b6c	mean_5_11_17_23_29_33|domfull	389	0.0012195121951219512	fp32	cuda	
e24faaf646fc7f41cb210890	Q84CG1	miss	389	389	False	1.0	154089c628a18f505c512b3e94a76e808072a4ea760776ec7b9e8aebb3b2f9a3	08e4846e537177426273712802403f7ba8261b6c	mean_5_11_17_23_29_33|domfull	389	0.0012195121951219512	fp32	cuda	
6e89c6d76823519b60010e4d	Q8K4Q6	miss	389	389	False	1.0	9755d100d9c57e552c3c8be6782b6e9a48695af861565cafffd101319b2cf7dd	08e4846e537177426273712802403f7ba8261b6c	mean_5_11_17_23_29_33|domfull	389	0.0012195121951219512	fp32	cuda	
f4e48e927fb91d2038b90063	Q97BB3	miss	389	389	False	1.0	83210b15e4cad4e361cf3e7e6ceed0a1b40faab5f47af40eb668a267bb23f324	08e4846e537177426273712802403f7ba8261b6c	mean_5_11_17_23_29_33|domfull	389	0.0012195121951219512	fp32	cuda	
207277886223809aa85ee451	Q9KM65	miss	389	389	False	1.0	9b18240b312d01264faa8b8ea251ff9c68e067c80fa35fdeb7c1416041c911f8	08e4846e537177426273712802403f7ba8261b6c	mean_5_11_17_23_29_33|domfull	389	0.0012195121951219512	fp32	cuda	
42f0dac06d87e6183e835eba	Q86MP3	miss	388	388	False	1.0	fdc97335d17a9c3e82a0a4f58091a3555a9a927b99c8354cc5cc765e6a697a9d	08e4846e537177426273712802403f7ba8261b6c	mean_5_11_17_23_29_33|domfull	388	0.0012195121951219512	fp32	cuda	
b3a973b3cddc2a00640a87c7	Q93L51	miss	388	388	False	1.0	c9a2632528be0558748d0e0cbb9810ebd192b3d40d2ee9b27513e0f4fb89aa30	08e4846e537177426273712802403f7ba8261b6c	mean_5_11_17_23_29_33|domfull	388	0.0012195121951219512	fp32	cuda	
4cc5a420b6d75536615646b8	Q9USM1	miss	388	388	False	1.0	710907a5d2dc2d4b49859570c6629bdce7f8aa09433dd5bfd43dd9061787a1df	08e4846e537177426273712802403f7ba8261b6c	mean_5_11_17_23_29_33|domfull	388	0.0012195121951219512	fp32	cuda	
fab88b276abec700652775dc	Q9VP48	miss	388	388	False	1.0	c0b22c1cbf941f4278283527911de4dc5c65c9383591ac0bdf5b356306bd373d	08e4846e537177426273712802403f7ba8261b6c	mean_5_11_17_23_29_33|domfull	388	0.0012195121951219512	fp32	cuda	
c549df89d0bf86d1c43d10f6	M1CZC0	miss	387	387	False	1.0	cf478ee756e19e13c8289e875c2f65e298b511fb43a9179c191c80b15683a324	08e4846e537177426273712802403f7ba8261b6c	mean_5_11_17_23_29_33|domfull	387	0.0012195121951219512	fp32	cuda	
0a1db299f21b3dd72daa2d34	Q45606	miss	387	387	False	1.0	1a29889aa76dd0877f8721460b77aab4bebf1fb3432159c3a8f091e940fa9ecc	08e4846e537177426273712802403f7ba8261b6c	mean_5_11_17_23_29_33|domfull	387	0.0012195121951219512	fp32	cuda	
0b2a9bdedd4dfcc3c429c62a	Q6DFS4	miss	387	387	False	1.0	e0bb2058b90661da401b7af0705a5fbb67c95ed3a8a6b9efc0e3f1467ace1a79	08e4846e537177426273712802403f7ba8261b6c	mean_5_11_17_23_29_33|domfull	387	0.0012195121951219512	fp32	cuda	
9f871879791845e62c5294a8	Q8IRZ5	miss	387	387	False	1.0	03fe44a1325e12c0e3b5134aecd128e2a9208aa2b159daab851583ae3e29ba53	08e4846e537177426273712802403f7ba8261b6c	mean_5_11_17_23_29_33|domfull	387	0.0012195121951219512	fp32	cuda	
3638700be0910a6fdde61d5d	Q9W369	miss	387	387	False	1.0	9075335f27995c9ea601aa07bff333a0b094d4891a3931500271136fa2de837e	08e4846e537177426273712802403f7ba8261b6c	mean_5_11_17_23_29_33|domfull	387	0.0012195121951219512	fp32	cuda	
880f8a7bfdcca99e01814f4e	Q9ZUZ6	miss	387	387	False	1.0	35ff3c006c9237fd5f97e0fe6c051060e6a292c94f3429ffdb0c6164a08e6866	08e4846e537177426273712802403f7ba8261b6c	mean_5_11_17_23_29_33|domfull	387	0.0012195121951219512	fp32	cuda	
6d0b4c28da6cda268715a1c8	Q9FIR1	miss	386	386	False	1.0	9ff935ef51d28574af7fa153b63c666a12e6fe957a98f3579d6b818332438b84	08e4846e537177426273712802403f7ba8261b6c	mean_5_11_17_23_29_33|domfull	386	0.0012195121951219512	fp32	cuda	
64b00e56a016cde5a556dd5b	Q9NWM3	miss	386	386	False	1.0	31ef457cad5f275ea3c80fc004f99a8dd488d8fa7f915b3ec96f5eacbd5fe631	08e4846e537177426273712802403f7ba8261b6c	mean_5_11_17_23_29_33|domfull	386	0.0012195121951219512	fp32	cuda	
4ccc71ca2c3fdf5e062c3463	Q9SVZ9	miss	386	386	False	1.0	f4e8d9b11abed6dbd622d2cdc061337ae556a06b3a7515e1ab01942b00d090a3	08e4846e537177426273712802403f7ba8261b6c	mean_5_11_17_23_29_33|domfull	386	0.0012195121951219512	fp32	cuda	
04c60cb4ffa64f3c8316620a	Q9ZDG5	miss	386	386	False	1.0	3adb8a238c25d575c6fc11d0fba219473d8ef33232d766a30d8d91fce7bb1b1b	08e4846e537177426273712802403f7ba8261b6c	mean_5_11_17_23_29_33|domfull	386	0.0012195121951219512	fp32	cuda	
70aa0f12aa34e37d85d01f71	Q8RP04	miss	385	385	False	1.0	fae9172b4b1b387fb1b077173e4692fb7cc3bfa4c46c27af8e422711da40e6d5	08e4846e537177426273712802403f7ba8261b6c	mean_5_11_17_23_29_33|domfull	385	0.0012195121951219512	fp32	cuda	
991823a49d8b34f385725976	Q8VCE1	miss	385	385	False	1.0	1e644de223c9f9d9a614cfaafe75ff86c689ea39afae0ecddd94a48ad7f9bdf9	08e4846e537177426273712802403f7ba8261b6c	mean_5_11_17_23_29_33|domfull	385	0.0012195121951219512	fp32	cuda	
faf907d98404fc1a1283c992	P75063	miss	384	384	False	1.0	ec3f6f47193e2ba759437f3c37bd0c2387bfef0ccffdcba972088a9bf4645c4d	08e4846e537177426273712802403f7ba8261b6c	mean_5_11_17_23_29_33|domfull	384	0.0012195121951219512	fp32	cuda	
8bf49ccb69b3d7ce33e025f1	Q0V967	miss	384	384	False	1.0	924840c2349f92783ad3a257feccb5af32dac05111c2df77b37e010448ea19db	08e4846e537177426273712802403f7ba8261b6c	mean_5_11_17_23_29_33|domfull	384	0.0012195121951219512	fp32	cuda	
099e9f5e079ec3c8af0349ca	Q75JF9	miss	384	384	False	1.0	78baee5d58624987f63f7e48ab786fa2fc53c34af3474eb32bfe652556b5dd42	08e4846e537177426273712802403f7ba8261b6c	mean_5_11_17_23_29_33|domfull	384	0.0012195121951219512	fp32	cuda	
9e83c23fe99feddc1787058d	Q8S8P3	miss	384	384	False	1.0	cae68f735902dc4ed55ea7674166c67b79c0d233c624641683f2da333629209f	08e4846e537177426273712802403f7ba8261b6c	mean_5_11_17_23_29_33|domfull	384	0.0012195121951219512	fp32	cuda	
6be9f8cb42f9bd377ac8b16f	Q9XI36	miss	384	384	False	1.0	a896632554ab3cc6f700240650f0713aeb86b238536176c203fe8ad621dd32b9	08e4846e537177426273712802403f7ba8261b6c	mean_5_11_17_23_29_33|domfull	384	0.0012195121951219512	fp32	cuda	
739e16024612ef9133652212	Q9Z7M9	miss	384	384	False	1.0	1584e845adcfdd194038bc02cd0fc4a9069d1b14e281dd8770e9a7a9d26e91a3	08e4846e537177426273712802403f7ba8261b6c	mean_5_11_17_23_29_33|domfull	384	0.0012195121951219512	fp32	cuda	
ce21aa12e01d5bda65674260	Q91FP2	miss	383	383	False	1.0	3a08328ff167fe8428398b6d3f9d7ac8c20b0600cc801b11ec1483aa3e6b4443	08e4846e537177426273712802403f7ba8261b6c	mean_5_11_17_23_29_33|domfull	383	0.0011904761904761906	fp32	cuda	
e7d0508879204674de2687f9	Q96WW2	miss	383	383	False	1.0	655625c3222c1105b58952147472ecd903d9d0a12462edfcd11720b6ef8fef81	08e4846e537177426273712802403f7ba8261b6c	mean_5_11_17_23_29_33|domfull	383	0.0011904761904761906	fp32	cuda	
1f4067e48eca0da0eeb0e663	P22148	miss	382	382	False	1.0	6e3ae8feba86545a952772eb0d830fddefd11aa5e18cf50a51640dd5746b9bb2	08e4846e537177426273712802403f7ba8261b6c	mean_5_11_17_23_29_33|domfull	382	0.0011904761904761906	fp32	cuda	
82065c30ef312b74b0749127	P29768	miss	382	382	False	1.0	4fb703391b12524d83aeecac9da3eae967ffda06535881fadbb2d4f30ccc5f5d	08e4846e537177426273712802403f7ba8261b6c	mean_5_11_17_23_29_33|domfull	382	0.0011904761904761906	fp32	cuda	
7aca8c0a409d8ce938698ac7	Q9CD85	miss	382	382	False	1.0	0060a3631395c2856b303ae0cab0ddd19d7484151c1bd512a5e09c015610f171	08e4846e537177426273712802403f7ba8261b6c	mean_5_11_17_23_29_33|domfull	382	0.0011904761904761906	fp32	cuda	
6a393ff8a7e4965609dc51d5	Q9F723	miss	382	382	False	1.0	d39550468c97116897355d01b16e704f999b0132d2fc69e4c17cd99f77d2413f	08e4846e537177426273712802403f7ba8261b6c	mean_5_11_17_23_29_33|domfull	382	0.0011904761904761906	fp32	cuda	
d650c91faecfc146b9323856	B1V8A0	miss	381	381	False	1.0	7b369287912ef6615f5776bb8175d181c6d1b4cd852f1dcb93cac7f790e5091c	08e4846e537177426273712802403f7ba8261b6c	mean_5_11_17_23_29_33|domfull	381	0.0011904761904761906	fp32	cuda	
bade3412cc6cab42175bceae	O69659	miss	381	381	False	1.0	5f6676c0cf78c0b411df63ba5212cf081570003035fe80135d4bc5855d22984f	08e4846e537177426273712802403f7ba8261b6c	mean_5_11_17_23_29_33|domfull	381	0.0011904761904761906	fp32	cuda	
f4e5d51272ff6280db20f241	P20646	miss	381	381	False	1.0	c0f477942db7d94915a9db865e84a6e65cc684c10a433a6239968eaac9438630	08e4846e537177426273712802403f7ba8261b6c	mean_5_11_17_23_29_33|domfull	381	0.0011904761904761906	fp32	cuda	
dddbaa0ce26a8504c6df951c	P45219	miss	381	381	False	1.0	3956099f1c2da04c9bf0fa63403f3f40da72910be5cfbd968e42deecf2ac24ec	08e4846e537177426273712802403f7ba8261b6c	mean_5_11_17_23_29_33|domfull	381	0.0011904761904761906	fp32	cuda	
c1da3223f645c0552ac5369f	Q91YP6	miss	381	381	False	1.0	56b6ee65d7e219acb8aa5b9647eb1ce881f60e3afe2d8685495645be5f00193e	08e4846e537177426273712802403f7ba8261b6c	mean_5_11_17_23_29_33|domfull	381	0.0011904761904761906	fp32	cuda	
60260f730dbaefe38235f195	Q9P7D0	miss	381	381	False	1.0	81558144f70cedd26a9e7d1dba2b8c2f2b312db166888e9d94ad780802e9630e	08e4846e537177426273712802403f7ba8261b6c	mean_5_11_17_23_29_33|domfull	381	0.0011904761904761906	fp32	cuda	
1f33b043a4c947fb2e0dac72	Q9VMK3	miss	381	381	False	1.0	8caed05ef2c2b8523afadcf0ad8106baaafc542e1c8c9b20d56f60f4b3c4c6a8	08e4846e537177426273712802403f7ba8261b6c	mean_5_11_17_23_29_33|domfull	381	0.0011904761904761906	fp32	cuda	
327312f420b3c921ccafb2e2	P12045	miss	380	380	False	1.0	487d362a4bd1bfb718abf64cf9c64c3c42b7b7b8b6ec36efaa6dd170cd79c514	08e4846e537177426273712802403f7ba8261b6c	mean_5_11_17_23_29_33|domfull	380	0.0011904761904761906	fp32	cuda	
363ede3f47639b04151896aa	Q5TJ65	miss	380	380	False	1.0	fc5db2b6f9eab35927e6520f2432db09ea8eaed4692fe0b8125bb3629e3ff9e6	08e4846e537177426273712802403f7ba8261b6c	mean_5_11_17_23_29_33|domfull	380	0.0011904761904761906	fp32	cuda	
15648da61aefd761032e1197	Q8TFH7	miss	380	380	False	1.0	cf25410bac6415bd23e4fa8ae8f8eb74a2952ec61e77c0d8dcf28adfe6aa87d8	08e4846e537177426273712802403f7ba8261b6c	mean_5_11_17_23_29_33|domfull	380	0.0011904761904761906	fp32	cuda	
f0293544c1fbcebb01b37c1c	Q96DV4	miss	380	380	False	1.0	59cb151fa5bb83d0666920f0f3307b68c085ee32c86163ee6c821a2a2bcfa8d2	08e4846e537177426273712802403f7ba8261b6c	mean_5_11_17_23_29_33|domfull	380	0.0011904761904761906	fp32	cuda	
86cfe70b32637bb8d50e6c95	Q9HN66	miss	380	380	False	1.0	bee8b61820e895950d7157d7167e384e05c38c432d41695c6c62fcb7d6d4d961	08e4846e537177426273712802403f7ba8261b6c	mean_5_11_17_23_29_33|domfull	380	0.0011904761904761906	fp32	cuda	
4274c5aef73cc6b977c6ea97	Q9S3R8	miss	380	380	False	1.0	7c55f6f518964dcc4746f8ad78bf3ec76cb0f8f371c5304167ad3d55ed16e5ab	08e4846e537177426273712802403f7ba8261b6c	mean_5_11_17_23_29_33|domfull	380	0.0011904761904761906	fp32	cuda	
d6fb55627dd23ab776ab8e81	Q8ZYQ7	miss	379	379	False	1.0	27ebb6783a95d6bf250d60dea520ad33042013f74bc4d263a50225b8d58074ba	08e4846e537177426273712802403f7ba8261b6c	mean_5_11_17_23_29_33|domfull	379	0.0011904761904761906	fp32	cuda	
0beec8b00abd516ca15e638c	Q9Y7Y2	miss	379	379	False	1.0	0f69ea0a9029af6b34966ad63da8fe8053ba85e6bfcf87b991e0b27ac8bed6b4	08e4846e537177426273712802403f7ba8261b6c	mean_5_11_17_23_29_33|domfull	379	0.0011904761904761906	fp32	cuda	
5a9b1a8dbdcb5e1eaf39f418	O64763	miss	378	378	False	1.0	5fe0e0e3f7446a383f78e65e003cb49e1e26aa374c7b111df8ac738b8b9be8e4	08e4846e537177426273712802403f7ba8261b6c	mean_5_11_17_23_29_33|domfull	378	0.0011904761904761906	fp32	cuda	
a943257227b7198e8fc185fc	Q1JQB5	miss	378	378	False	1.0	51d77d17a4680a8afa7efdb887dd289a5d3cbecd805efb91527ed6ec7b788c34	08e4846e537177426273712802403f7ba8261b6c	mean_5_11_17_23_29_33|domfull	378	0.0011904761904761906	fp32	cuda	
fe305858d43bcb64bac7bdd5	Q22472	miss	378	378	False	1.0	c6bda2fe889e1f0d759e4c628a1c38135ba63a3d7e54f1f41852a86c679ca7b7	08e4846e537177426273712802403f7ba8261b6c	mean_5_11_17_23_29_33|domfull	378	0.0011904761904761906	fp32	cuda	
676a8d57c973507bb5558c94	Q91FM2	miss	378	378	False	1.0	71d92325fdbd672a659d33c0a165f644c1cba33fec33be85c9b03071d6b6f4fc	08e4846e537177426273712802403f7ba8261b6c	mean_5_11_17_23_29_33|domfull	378	0.0011904761904761906	fp32	cuda	
40dbf90fb3497521c66ed0cd	Q9BGQ3	miss	378	378	False	1.0	efa76a3725d5773660a013e7eceff08a190aeed5ce743aaaf7ef5ca82bf548bd	08e4846e537177426273712802403f7ba8261b6c	mean_5_11_17_23_29_33|domfull	378	0.0011904761904761906	fp32	cuda	
01260a5b69d026876859e615	Q9U2R0	miss	378	378	False	1.0	c5d6620a01557ee138000d68556c00bd59b0d6acea34f232fa3a8934bd89c529	08e4846e537177426273712802403f7ba8261b6c	mean_5_11_17_23_29_33|domfull	378	0.0011904761904761906	fp32	cuda	
0427cf85cc4e721bf35ea5f1	Q9UTM7	miss	378	378	False	1.0	7ada9daf4bf6a8c1e77b8e8b926016e85587e5992d8fbd45e4d12ac2197c1253	08e4846e537177426273712802403f7ba8261b6c	mean_5_11_17_23_29_33|domfull	378	0.0011904761904761906	fp32	cuda	
35e907afc5fbc393cd4781c6	P20507	miss	377	377	False	1.0	9c1ecfba563477317f3d6ade53dd6f397c3b35de0bc81519fdcdd5a4caabeb98	08e4846e537177426273712802403f7ba8261b6c	mean_5_11_17_23_29_33|domfull	377	0.0011904761904761906	fp32	cuda	
f5b91b53efcb29a0e7b43722	Q9S498	miss	377	377	False	1.0	88f5ec92f9f5dbccbed3bed58a1d88aae3e171962ecc09f820c7c61680f1d9c3	08e4846e537177426273712802403f7ba8261b6c	mean_5_11_17_23_29_33|domfull	377	0.0011904761904761906	fp32	cuda	
618fd44393dd4340cd086583	Q9Y6U7	miss	377	377	False	1.0	95ed94263c93618a50a120aa44b7c703acdcefaf3465d8b351a5f5407d9fe974	08e4846e537177426273712802403f7ba8261b6c	mean_5_11_17_23_29_33|domfull	377	0.0011904761904761906	fp32	cuda	
cf7622e3eacc566419d20d80	O87198	miss	376	376	False	1.0	02767afcb896a1307c11b42e6c10f68e8a5456bb1b77c2dcd44cadf104446b7d	08e4846e537177426273712802403f7ba8261b6c	mean_5_11_17_23_29_33|domfull	376	0.0011904761904761906	fp32	cuda	
9fe896f5f59237471f4ce633	Q89AI9	miss	376	376	False	1.0	2d10a94f05a2a3c157701fd3c63fb228684bc6d116493552d2d35f3b804b7aad	08e4846e537177426273712802403f7ba8261b6c	mean_5_11_17_23_29_33|domfull	376	0.0011904761904761906	fp32	cuda	
b2104c3f788ac745d52a5818	Q93WI2	miss	376	376	False	1.0	127bfb181ab13ab06092e15688e1e656099245d6060b93e370c196db64e417b2	08e4846e537177426273712802403f7ba8261b6c	mean_5_11_17_23_29_33|domfull	376	0.0011904761904761906	fp32	cuda	
568ec59d49f6ec314cc7a2ae	Q9D956	miss	376	376	False	1.0	21c09b3f9ee7a2150222e98980ed3add83413be29e9f7ff0e1ae47f3536d62fc	08e4846e537177426273712802403f7ba8261b6c	mean_5_11_17_23_29_33|domfull	376	0.0011904761904761906	fp32	cuda	
b4a1f02d35f431d982d946af	Q9SXP2	miss	376	376	False	1.0	1bcc23ca6d819e01e4ef1f82944c8e26b40dcce75e0fefa33539c0971f3b7cb5	08e4846e537177426273712802403f7ba8261b6c	mean_5_11_17_23_29_33|domfull	376	0.0011904761904761906	fp32	cuda	
90d69c603b31e410492e40e0	Q9SYA9	miss	376	376	False	1.0	6c9e5838cccfe462dd560ad71e40849f4995119ac151c02e8b7da11d1c1acf5f	08e4846e537177426273712802403f7ba8261b6c	mean_5_11_17_23_29_33|domfull	376	0.0011904761904761906	fp32	cuda	
5a97800409d1c33e14d149a0	Q9VSB9	miss	376	376	False	1.0	7205bb0713b4c14344f57752cd04871e420c18e8c434793839ea03d86f062668	08e4846e537177426273712802403f7ba8261b6c	mean_5_11_17_23_29_33|domfull	376	0.0011904761904761906	fp32	cuda	
cab541de998f9e2da0172b66	J9VH79	miss	375	375	False	1.0	9893c8ec64d3f4bb570ee5eac80fe976225d63ef692fa0f82ac5b0bfc8a7f1e4	08e4846e537177426273712802403f7ba8261b6c	mean_5_11_17_23_29_33|domfull	375	0.0011904761904761906	fp32	cuda	
48a2b4cf28455a6b035e06ee	Q9LSW9	miss	375	375	False	1.0	d3195735e09531526ad953e94eb20b126d98e39da7ea43359f5acca5e6762ae8	08e4846e537177426273712802403f7ba8261b6c	mean_5_11_17_23_29_33|domfull	375	0.0011904761904761906	fp32	cuda	
b52a799bde49638665e13544	Q9LV41	miss	375	375	False	1.0	b04a03cd8796e25aa001062abdf0b7653ea11e984d3ccfd9c78fc54366995548	08e4846e537177426273712802403f7ba8261b6c	mean_5_11_17_23_29_33|domfull	375	0.0011904761904761906	fp32	cuda	
ed98d2e70615c5beab3ea60a	Q9VXA8	miss	375	375	False	1.0	99b47789d940f158f9f7001d4eab0a0cc6f34a5bab154d2689ad37d0b0600da1	08e4846e537177426273712802403f7ba8261b6c	mean_5_11_17_23_29_33|domfull	375	0.0011904761904761906	fp32	cuda	
b36ddaed8d3c4c95a9a93a3b	Q9H7X3	miss	374	374	False	1.0	e29ae641a96fc848002638905558fba1fcb131f7f52c425282d6f579516ce6f1	08e4846e537177426273712802403f7ba8261b6c	mean_5_11_17_23_29_33|domfull	374	0.00046511627906976747	fp32	cuda	
bc1375c1bef2fa8f6ea3efb5	Q9HCN4	miss	374	374	False	1.0	c5a7694f364e79ffb3633d6d0c392f738fb14d0706fabf7c19b0d8d3baa6a938	08e4846e537177426273712802403f7ba8261b6c	mean_5_11_17_23_29_33|domfull	374	0.00046511627906976747	fp32	cuda	
608529d431abf97de3bde568	Q9LVG8	miss	374	374	False	1.0	f3409a6248d8ea973a506c4485606a226d44e79dbcb43c4fdf91290189428ce6	08e4846e537177426273712802403f7ba8261b6c	mean_5_11_17_23_29_33|domfull	374	0.00046511627906976747	fp32	cuda	
931880d71dcb2b495bf5e4cc	Q9P3B1	miss	374	374	False	1.0	19f96f96b1c41a023eea9d7bb80f33f02d6c6398201e2f7c55b2abad70e94d32	08e4846e537177426273712802403f7ba8261b6c	mean_5_11_17_23_29_33|domfull	374	0.00046511627906976747	fp32	cuda	
beb248e4d82f7943f2052eef	O31604	miss	373	373	False	1.0	03e26e0ae6860f0948bd33b4b3c9718454fb7fada2de61c6cf3e5c5f5a6281a0	08e4846e537177426273712802403f7ba8261b6c	mean_5_11_17_23_29_33|domfull	373	0.00046511627906976747	fp32	cuda	
ab1e6a1f0842bfecb229a368	P27431	miss	373	373	False	1.0	cb2e0d984b2bbee4cd5b08372c599a4c34e58725e0cc3a73240753214ec8e980	08e4846e537177426273712802403f7ba8261b6c	mean_5_11_17_23_29_33|domfull	373	0.00046511627906976747	fp32	cuda	
dfe66368aa882ca7a4f6eeb3	Q8GW31	miss	373	373	False	1.0	4c0ea5d439e5f2a3d917cd05db164b12ad5893ebc4d9da5c1d0e5372bfabcc81	08e4846e537177426273712802403f7ba8261b6c	mean_5_11_17_23_29_33|domfull	373	0.00046511627906976747	fp32	cuda	
a4f54335120497625e329dd1	Q9C565	miss	373	373	False	1.0	8428a4e1ebf589764db1b2c16249dff308082c4311585040c90eefff5d481cb9	08e4846e537177426273712802403f7ba8261b6c	mean_5_11_17_23_29_33|domfull	373	0.00046511627906976747	fp32	cuda	
17584d4efafe466b059af7a5	Q9FLV8	miss	373	373	False	1.0	048f338a43094422ddc24262f88677724c4795db1b993a43da303f9b7d2c71d4	08e4846e537177426273712802403f7ba8261b6c	mean_5_11_17_23_29_33|domfull	373	0.00046511627906976747	fp32	cuda	
64b2838d09ff64d17e485deb	EP_porter_34_1qomB__1nocA_B__1nocA	miss	372	372	False	1.0	bc59ea9f0922950f323d2976245f1427562ecbbad560c961e9465e2216d7c0e7	08e4846e537177426273712802403f7ba8261b6c	mean_5_11_17_23_29_33|domfull	372	0.00046511627906976747	fp32	cuda	
f88d64494a367923ad76a6a5	Q9SJ04	miss	372	372	False	1.0	f862aed6fb6e6c002715418325d6d3a1bcfdb74799e793f1ae1419ab935a68f0	08e4846e537177426273712802403f7ba8261b6c	mean_5_11_17_23_29_33|domfull	372	0.00046511627906976747	fp32	cuda	
8233f3bf9cabf743acf8cd0c	Q6W5P4	miss	371	371	False	1.0	226d68e88fa35258c330efca383724ad9e5e631b5c836e136a55c57a02a78b91	08e4846e537177426273712802403f7ba8261b6c	mean_5_11_17_23_29_33|domfull	371	0.00046511627906976747	fp32	cuda	
7a2fd55f1b9b5bfb26588137	Q84W65	miss	371	371	False	1.0	9c16f6d5aefe85b3fd7fc41840388fda999e197d33631977c20bc49251a65c6f	08e4846e537177426273712802403f7ba8261b6c	mean_5_11_17_23_29_33|domfull	371	0.00046511627906976747	fp32	cuda	
c8c7474bd819949c3479ee17	Q8GSP8	miss	371	371	False	1.0	cbb68692011a6756f1661a00f1e95a1186eca67577043e9b82b2de4456b87cfe	08e4846e537177426273712802403f7ba8261b6c	mean_5_11_17_23_29_33|domfull	371	0.00046511627906976747	fp32	cuda	
8ac06d8bdc82943b374ce319	Q5UPT2	miss	370	370	False	1.0	98b4cfb402aed575fa420cfcf3ec98ca1f852f0522ba3e527565204b40fbad65	08e4846e537177426273712802403f7ba8261b6c	mean_5_11_17_23_29_33|domfull	370	0.00046511627906976747	fp32	cuda	
9e2d0da6027672a1a80db432	Q6GZQ1	miss	370	370	False	1.0	335080db928be784eb85fc7e9d0baedd2ea2239be02a3761ae2579fbb30b8718	08e4846e537177426273712802403f7ba8261b6c	mean_5_11_17_23_29_33|domfull	370	0.00046511627906976747	fp32	cuda	
b6164e4940886ded949db2e3	Q54Z69	miss	369	369	False	1.0	e203a955774d236fcecc253c2ac35522f195909ea5546d3f50dd5e655adfe4bb	08e4846e537177426273712802403f7ba8261b6c	mean_5_11_17_23_29_33|domfull	369	0.00046511627906976747	fp32	cuda	
224081a42e423a12c8d364e0	Q9Y7Y5	miss	369	369	False	1.0	cd8f2512c2bfc9b95d67f23cb4c4d58867e614347e6e66585a820f9eb97fe7b7	08e4846e537177426273712802403f7ba8261b6c	mean_5_11_17_23_29_33|domfull	369	0.00046511627906976747	fp32	cuda	
e635b9b3f8dd047756112cd9	Q95T64	miss	368	368	False	1.0	ece237566e8706ad98646cffe84d299d6c37671d7ad7c0e57e90d600e463cd82	08e4846e537177426273712802403f7ba8261b6c	mean_5_11_17_23_29_33|domfull	368	0.00046511627906976747	fp32	cuda	
fe3cbc39955499529471adad	Q8WTS6	miss	366	366	False	1.0	31d1c12c4007b059f95e49f1b77b579ad0fe5de652f83c05985ff867ec987c22	08e4846e537177426273712802403f7ba8261b6c	mean_5_11_17_23_29_33|domfull	366	0.00046511627906976747	fp32	cuda	
4cd7d2d78421886ddea8b172	Q9SBJ1	miss	366	366	False	1.0	6e212f4098dc6789a1cc6e46b2006c2b158a70d269efcbc3438f26e9bcc4e16c	08e4846e537177426273712802403f7ba8261b6c	mean_5_11_17_23_29_33|domfull	366	0.00046511627906976747	fp32	cuda	
8d3b042a3304bbb66dc7c9b4	Q9US51	miss	366	366	False	1.0	c582a92e6757dc4c4036417c38ed88e3b2eb147944028840f570ca2ef997d41d	08e4846e537177426273712802403f7ba8261b6c	mean_5_11_17_23_29_33|domfull	366	0.00046511627906976747	fp32	cuda	
86a51cf4105127bc5b65989f	P78814	miss	365	365	False	1.0	229ef0cdebfc5f12a31ca65b09a7c96134243a6479c16e738c4ad5f8520aeb66	08e4846e537177426273712802403f7ba8261b6c	mean_5_11_17_23_29_33|domfull	365	0.00046511627906976747	fp32	cuda	
24668b533d7493c657f03697	Q90XE6	miss	365	365	False	1.0	ddbb8b52abea47b7ef86b1fe3a8ec95e6f23d7c337c63a3c14a0dd5839494d0d	08e4846e537177426273712802403f7ba8261b6c	mean_5_11_17_23_29_33|domfull	365	0.00046511627906976747	fp32	cuda	
6df4ce55715d4017f93f90d9	Q9HHR2	miss	365	365	False	1.0	a290273b9efac80a3d5527383e79361de2e6dec40b5ceb3e64a1770a09d2c2cf	08e4846e537177426273712802403f7ba8261b6c	mean_5_11_17_23_29_33|domfull	365	0.00046511627906976747	fp32	cuda	
7c2804a6a8e563b3b8793395	Q6R7I2	miss	364	364	False	1.0	ebdc0bd1687208a32ab5f56f7872bac556a8280a4b28d7ef12b10da291391285	08e4846e537177426273712802403f7ba8261b6c	mean_5_11_17_23_29_33|domfull	364	0.00046511627906976747	fp32	cuda	
97102adffc8b4cdff455cdc0	Q7S5N0	miss	364	364	False	1.0	7023c1a46f174a4788be676b64c9d87ca736962f6949da6f06b66e9259a5bdd1	08e4846e537177426273712802403f7ba8261b6c	mean_5_11_17_23_29_33|domfull	364	0.00046511627906976747	fp32	cuda	
2f74527b1c7ade2022c39598	Q9F7Q9	miss	364	364	False	1.0	3c678f76b605d66041b13f09afabb3ecefeef2602e15437cf316b94dca6bdb31	08e4846e537177426273712802403f7ba8261b6c	mean_5_11_17_23_29_33|domfull	364	0.00046511627906976747	fp32	cuda	
68a492808886c7dd1e2a19d6	Q9SYL0	miss	364	364	False	1.0	b0406f0e6e35187e6ffdb3a1a33ae02d53b9a55b4ff0e2e00be5ba43a4be6b26	08e4846e537177426273712802403f7ba8261b6c	mean_5_11_17_23_29_33|domfull	364	0.00046511627906976747	fp32	cuda	
25bf1cde5386ff902878aec2	P51486	miss	363	363	False	1.0	7a9633993b5102bc742ed1b1dbf20807858299146efb617e84a21b2a5203883b	08e4846e537177426273712802403f7ba8261b6c	mean_5_11_17_23_29_33|domfull	363	0.00046511627906976747	fp32	cuda	
209960772b664765e1fe0c8a	Q99326	miss	363	363	False	1.0	799385820728a143c116c1d6c87b7add9cafd80a4504da07c89856a70f4af60e	08e4846e537177426273712802403f7ba8261b6c	mean_5_11_17_23_29_33|domfull	363	0.00046511627906976747	fp32	cuda	
edee2603eabd39f499fda1d5	Q9QJ57	miss	363	363	False	1.0	32ec80c14e1556d397ca446683dad088e86f397bfee293462df060270fa6f207	08e4846e537177426273712802403f7ba8261b6c	mean_5_11_17_23_29_33|domfull	363	0.00046511627906976747	fp32	cuda	
091fdd19c5086fd60e5ecc02	O86505	miss	362	362	False	1.0	65d5d9998d0d9c02fc6417685c998ece2635f293e14b11117d900a437bbdf64e	08e4846e537177426273712802403f7ba8261b6c	mean_5_11_17_23_29_33|domfull	362	0.00046511627906976747	fp32	cuda	
f40fc81fc6ecaf6ceb91785e	P22119	miss	362	362	False	1.0	025e4866906b16d30bc5d88639a677c8f5e9e8ee29179fb8137fbb87f5ca45e5	08e4846e537177426273712802403f7ba8261b6c	mean_5_11_17_23_29_33|domfull	362	0.00046511627906976747	fp32	cuda	
bd7f1ca0888b9e0e5de76548	P33348	miss	362	362	False	1.0	a8a4fd040cd7ed5797a672cc038276d1d32e0970afec072e6fb227de74a78afc	08e4846e537177426273712802403f7ba8261b6c	mean_5_11_17_23_29_33|domfull	362	0.00046511627906976747	fp32	cuda	
4c34d21039429a366acb8565	P49583	miss	362	362	False	1.0	ada4a1994ad98e032c887d5b7e1092bf20a4c32584870b0a3278436874d98bcc	08e4846e537177426273712802403f7ba8261b6c	mean_5_11_17_23_29_33|domfull	362	0.00046511627906976747	fp32	cuda	
65ab02b2a04393aa804ec6f1	Q96471	miss	362	362	False	1.0	33233f0857637a983f3215cf84e724143802a9e5782ebfa9bdd51737e6601706	08e4846e537177426273712802403f7ba8261b6c	mean_5_11_17_23_29_33|domfull	362	0.00046511627906976747	fp32	cuda	
f0d35b1b2206ef2bf14283fe	Q8VEK2	miss	361	361	False	1.0	f638e881042e3a8c1133d738d133fff786e65c9443cca0ad08a43b701a98162d	08e4846e537177426273712802403f7ba8261b6c	mean_5_11_17_23_29_33|domfull	361	0.00046511627906976747	fp32	cuda	
c748a41af119a338b29b52f4	Q9AVB0	miss	361	361	False	1.0	8d30e16d788f43554a9d7fbf8351b29a75b1654256eb0b1ce0e23477ea094313	08e4846e537177426273712802403f7ba8261b6c	mean_5_11_17_23_29_33|domfull	361	0.00046511627906976747	fp32	cuda	
854e22964129ecfb3945ecd6	Q9ZSJ2	miss	361	361	False	1.0	26754601136611607e5a3d02431b6974a25aa6bfdf968fae89efcabcb6c056d3	08e4846e537177426273712802403f7ba8261b6c	mean_5_11_17_23_29_33|domfull	361	0.00046511627906976747	fp32	cuda	
2c1cb9b7e7c4f733a18555e1	Q8NE79	miss	360	360	False	1.0	cf13619163739d840a471c4eb4edd62ca0fc8a9755cc042c121cccd05c54b891	08e4846e537177426273712802403f7ba8261b6c	mean_5_11_17_23_29_33|domfull	360	0.00046511627906976747	fp32	cuda	
2b8e22a4ac1a0e1d097a6049	Q94480	miss	360	360	False	1.0	ab5959ae358944fb67a8071d5bd8f4ddc6349c6ff5df5e4b8143fe0e4f945190	08e4846e537177426273712802403f7ba8261b6c	mean_5_11_17_23_29_33|domfull	360	0.00046511627906976747	fp32	cuda	
b90c05f370a20748473731ba	P23767	miss	359	359	False	1.0	a5fd52ebb2b88e833beeb354dc4794881be85b15d12aeef544122ea7b901fff9	08e4846e537177426273712802403f7ba8261b6c	mean_5_11_17_23_29_33|domfull	359	0.00046511627906976747	fp32	cuda	
3a1d643008d2b49590c00e7e	Q6FLP6	miss	359	359	False	1.0	bbadba361bcd283b3832ff631f2025a17a80af09549dc9ede1be483812885467	08e4846e537177426273712802403f7ba8261b6c	mean_5_11_17_23_29_33|domfull	359	0.0011111111111111111	fp32	cuda	
6c2ca63134cd467759f93f36	Q9DD19	miss	359	359	False	1.0	19d03286f52fd0ff8a17017335f3f7d2f34a06103680947f5dce260f1292c8d2	08e4846e537177426273712802403f7ba8261b6c	mean_5_11_17_23_29_33|domfull	359	0.0011111111111111111	fp32	cuda	
5cb29df2d7e5e160cfb3ca1f	Q9GV46	miss	359	359	False	1.0	4e0b72ec58729eec3864cccb11aeb3710527f1300a31a713ceda71eb6e01ce63	08e4846e537177426273712802403f7ba8261b6c	mean_5_11_17_23_29_33|domfull	359	0.0011111111111111111	fp32	cuda	
4ed7d41546260e770931f6ca	Q9M1J0	miss	359	359	False	1.0	67c5b077ac0685532a78893d564b6e04cc6296efb200442876b5ec03ac837790	08e4846e537177426273712802403f7ba8261b6c	mean_5_11_17_23_29_33|domfull	359	0.0011111111111111111	fp32	cuda	
8d052e7d59326da8c9a89174	S8AWN1	miss	359	359	False	1.0	663dfacb33cab7e6f2f7d57006d9e4e67d39aaf8742fb9c23ede7f0f0faa3958	08e4846e537177426273712802403f7ba8261b6c	mean_5_11_17_23_29_33|domfull	359	0.0011111111111111111	fp32	cuda	
4e64d3e2fe054c2854e8e2a8	C7QJ42	miss	358	358	False	1.0	a53131840f8aa7e49439c9fc80cc8c02df37b37acdfd8c853966b453671096e6	08e4846e537177426273712802403f7ba8261b6c	mean_5_11_17_23_29_33|domfull	358	0.0011111111111111111	fp32	cuda	
710143ddb156a044fbf7675e	Q8K1L0	miss	357	357	False	1.0	d13e0ffd540a50b5efa1276390d92ed2fe89992ff738f45b4727c32924177bfb	08e4846e537177426273712802403f7ba8261b6c	mean_5_11_17_23_29_33|domfull	357	0.0011111111111111111	fp32	cuda	
43270b3a8fc8f119fd03c9d5	Q9URV8	miss	357	357	False	1.0	b0c6accf91d78ff3b4eb180dd2ee9c0dbdb7d2f64a98561d4721c2acfd9f3920	08e4846e537177426273712802403f7ba8261b6c	mean_5_11_17_23_29_33|domfull	357	0.0011111111111111111	fp32	cuda	
6a67954c7acc134961f2ef54	C4JLQ3	miss	356	356	False	1.0	81b3b83227b5deaff78ec1752a29abf7f6ccf0a767ce23a79353c9dcff34ea9c	08e4846e537177426273712802403f7ba8261b6c	mean_5_11_17_23_29_33|domfull	356	0.0011111111111111111	fp32	cuda	
d1434003eacc49f140564d40	Q9C086	miss	356	356	False	1.0	12820f10c26cba39e4a0fa71fac554a78c09d7aef7a6b0d494e9200e01f05282	08e4846e537177426273712802403f7ba8261b6c	mean_5_11_17_23_29_33|domfull	356	0.0011111111111111111	fp32	cuda	
5214377e7e0c47ac1a9ecb46	Q9C9F4	miss	356	356	False	1.0	3214200c086a0b9ac40ee75509dba139f1559fc8ba037df61fc929cda0a2092c	08e4846e537177426273712802403f7ba8261b6c	mean_5_11_17_23_29_33|domfull	356	0.0011111111111111111	fp32	cuda	
a0eb867c55e09dd5a6e0c42e	Q9D8Z1	miss	356	356	False	1.0	2c927b7ac8c4f0a22c8427648e8a3fa94896f323fbf9b1e7e78ea0cefaa3095d	08e4846e537177426273712802403f7ba8261b6c	mean_5_11_17_23_29_33|domfull	356	0.0011111111111111111	fp32	cuda	
b47a5f362508c0e20e0e5452	O59790	miss	355	355	False	1.0	4991f847ecb18234dc62e267393847243b68443f8f6a776ac26cf7446e3ceb51	08e4846e537177426273712802403f7ba8261b6c	mean_5_11_17_23_29_33|domfull	355	0.0011111111111111111	fp32	cuda	
7d9a4646e0fae4df764157dc	P32357	miss	355	355	False	1.0	7fedb83805645a2e27f465e2d4fc485c8611d43a597dbb5419bed98c347520fc	08e4846e537177426273712802403f7ba8261b6c	mean_5_11_17_23_29_33|domfull	355	0.0011111111111111111	fp32	cuda	
f29e7615ca811e8217208e45	Q98GN8	miss	355	355	False	1.0	f802757486f64581d0f3e819102a6f00d3a6b5ebcc7458c8ee780f2f4deb210a	08e4846e537177426273712802403f7ba8261b6c	mean_5_11_17_23_29_33|domfull	355	0.0011111111111111111	fp32	cuda	
401a3b93df57b490897105f1	Q9P7H6	miss	355	355	False	1.0	1784aee1c21f66a1157ceea7cf3e2d41e661ac0cd2afd91e2b0a74524088b86b	08e4846e537177426273712802403f7ba8261b6c	mean_5_11_17_23_29_33|domfull	355	0.0011111111111111111	fp32	cuda	
b527c2a1a7de9345883f42e3	Q9XZV4	miss	355	355	False	1.0	d35df14f5bc45ea098b1f2943551e407dd723c16ccf0f811a26016144508283e	08e4846e537177426273712802403f7ba8261b6c	mean_5_11_17_23_29_33|domfull	355	0.0011111111111111111	fp32	cuda	
8956696e574785b0edc2831b	P19339	miss	354	354	False	1.0	2c1ab9f6ff959df1a2cda8a067a553912b658e26126a8847996c0098895d5d3b	08e4846e537177426273712802403f7ba8261b6c	mean_5_11_17_23_29_33|domfull	354	0.0011111111111111111	fp32	cuda	
f83e17fbef0dee3d5ade970e	Q8H0V5	miss	354	354	False	1.0	0f8f423f493af24e05bcb38b47e168590e9d5fdbbd7ed4530a831753b7d88d22	08e4846e537177426273712802403f7ba8261b6c	mean_5_11_17_23_29_33|domfull	354	0.0011111111111111111	fp32	cuda	
cd2b0c71f4d807ff3d645058	Q9UUL2	miss	354	354	False	1.0	7bdc09a5dca920f32b8182fb36af9a2d45c889c8b5109fbfa88f503312558cd7	08e4846e537177426273712802403f7ba8261b6c	mean_5_11_17_23_29_33|domfull	354	0.0011111111111111111	fp32	cuda	
dc9343aefbc7a640e4995852	Q7A711	miss	353	353	False	1.0	b187a63c428ca04c0ec1b552e6b124b9005f10d6ce4b487776a3074e45927149	08e4846e537177426273712802403f7ba8261b6c	mean_5_11_17_23_29_33|domfull	353	0.0011111111111111111	fp32	cuda	
922cbf98dbeca73c10fb3bae	Q85447	miss	353	353	False	1.0	2b5c18b6674d48dc05e811c18a10ee6c43c4ef0603f639059aac572ce9285e8b	08e4846e537177426273712802403f7ba8261b6c	mean_5_11_17_23_29_33|domfull	353	0.0011111111111111111	fp32	cuda	
adb8263cb2b1ecd89ea7d54f	P00978	miss	352	352	False	1.0	d4510d6da6a877ad86f4a958e7cdce1cdf9bfdb6f3d3455b3d0e78ceed6f65b0	08e4846e537177426273712802403f7ba8261b6c	mean_5_11_17_23_29_33|domfull	352	0.0011111111111111111	fp32	cuda	
9b60e98cfe7972babda6d9e9	Q9M1X9	miss	352	352	False	1.0	f281ab455c91c593298ed245cbc45080ab44fe70a63609e54ac7c794f259f4c5	08e4846e537177426273712802403f7ba8261b6c	mean_5_11_17_23_29_33|domfull	352	0.0011111111111111111	fp32	cuda	
c95be6469d72220929f32ae2	Q9SG11	miss	352	352	False	1.0	743d1d6fe28bff2d2493b9098450994c398f9e8c743f2d4a52fe20b690ae65e3	08e4846e537177426273712802403f7ba8261b6c	mean_5_11_17_23_29_33|domfull	352	0.0011111111111111111	fp32	cuda	
fbaef14447fe21b8f82021ed	Q8LF97	miss	351	351	False	1.0	29e74798ad1bf2f416e7b7043c2c77b600f95b068a37f9ea118ee82e62b2fcd5	08e4846e537177426273712802403f7ba8261b6c	mean_5_11_17_23_29_33|domfull	351	0.0011111111111111111	fp32	cuda	
b447c3b6ae980829c077e7fc	Q9R9N2	miss	351	351	False	1.0	0f3e6b032438800d01887216a0ae8d31a87a0863cf0b1ebc2c659e6563b0c3ec	08e4846e537177426273712802403f7ba8261b6c	mean_5_11_17_23_29_33|domfull	351	0.0011111111111111111	fp32	cuda	
8e53972407abc151744300b1	Q9RLM3	miss	351	351	False	1.0	6e88cb4bda233bbc2408ab10bff11faedefc2105281e9d5d01066f2ba8d84056	08e4846e537177426273712802403f7ba8261b6c	mean_5_11_17_23_29_33|domfull	351	0.0011111111111111111	fp32	cuda	
70457ca4a984a1a7b474f48b	P47110	miss	350	350	False	1.0	74d3cbc1886eb9be8fac67b0cd65139fa7bc3e1af98290f6dd553893c8b0fe41	08e4846e537177426273712802403f7ba8261b6c	mean_5_11_17_23_29_33|domfull	350	0.0011111111111111111	fp32	cuda	
7858d9ad99931c2b12205888	Q9VTV1	miss	350	350	False	1.0	eb05a029c8b58c6d92df5709e847da11ae2b6245d86e35d77f0beb27d5b0a748	08e4846e537177426273712802403f7ba8261b6c	mean_5_11_17_23_29_33|domfull	350	0.0011111111111111111	fp32	cuda	
81e58e3ff16998c561738fae	Q0MRG5	miss	349	349	False	1.0	dfb3caba7dac078ae0275f05d50f30435f69377eabe7841a6ca8b60ebb147903	08e4846e537177426273712802403f7ba8261b6c	mean_5_11_17_23_29_33|domfull	349	0.0011111111111111111	fp32	cuda	
1b450a3f5e48a08191a6dbbf	Q52313	miss	349	349	False	1.0	f8ad14c12917593fb27011edbc80d1924b3064315165302189d5fb5edfb80e28	08e4846e537177426273712802403f7ba8261b6c	mean_5_11_17_23_29_33|domfull	349	0.0011111111111111111	fp32	cuda	
079cf9643f70514b9e365b25	Q9QUN9	miss	349	349	False	1.0	242ba77f1027d1d2fa8c55bfe45d08efb8953f2076434810efb66319ad979f0a	08e4846e537177426273712802403f7ba8261b6c	mean_5_11_17_23_29_33|domfull	349	0.0011111111111111111	fp32	cuda	
a9be992ada6deaab45f567a8	P34330	miss	348	348	False	1.0	a4f24a11adcf0c10947703142b752afa3792b205aceb5cea1d6bff611294fd9b	08e4846e537177426273712802403f7ba8261b6c	mean_5_11_17_23_29_33|domfull	348	0.0011111111111111111	fp32	cuda	
1e5aca2f887184ec3349b3dc	Q54258	miss	348	348	False	1.0	33a7fbb1c4423a1c55df398c21e8affb5fb0d73e11df59463336e04153994698	08e4846e537177426273712802403f7ba8261b6c	mean_5_11_17_23_29_33|domfull	348	0.0011111111111111111	fp32	cuda	
83c4b9b72ec22b681f1f98c0	Q9BWW7	miss	348	348	False	1.0	73319b912f757ea6e1cf54c998a6e9fdf2eefe2cf582dca6a1678e60f4ae97a4	08e4846e537177426273712802403f7ba8261b6c	mean_5_11_17_23_29_33|domfull	348	0.0011111111111111111	fp32	cuda	
b9bb551b4dd4fb797bbf7598	Q9CYC5	miss	348	348	False	1.0	daf5be2cf39ad2bd2db92c0f5101f2314215dcc3a5df8e6bea2758f02f62ddfe	08e4846e537177426273712802403f7ba8261b6c	mean_5_11_17_23_29_33|domfull	348	0.0011111111111111111	fp32	cuda	
4eb7428adb214d91a23b56e0	Q9TXJ0	miss	348	348	False	1.0	6cab94a356fa75e0539d977f802390e81de4663be83f8c0495c04cbab6ab409f	08e4846e537177426273712802403f7ba8261b6c	mean_5_11_17_23_29_33|domfull	348	0.0011111111111111111	fp32	cuda	
a5cbdb8d8951abb8452cada7	A0A024SIB3	miss	347	347	False	1.0	db578492f66e842e3defe71394bf4f51feeb8ac7c753af4275cdf87601fd0744	08e4846e537177426273712802403f7ba8261b6c	mean_5_11_17_23_29_33|domfull	347	0.0011111111111111111	fp32	cuda	
63bbdd36a0583210cf8c9515	O43866	miss	347	347	False	1.0	fea7caf64d30da35e7b67302ecf2b8c092d3ee8769cde0be1d8abe1e97588589	08e4846e537177426273712802403f7ba8261b6c	mean_5_11_17_23_29_33|domfull	347	0.0011111111111111111	fp32	cuda	
f77d1618e506d10e3c26af9e	Q6R7D5	miss	347	347	False	1.0	93d157562edc971ec05136c7cccf780c09107afe8d28bd69e2878b5535e64388	08e4846e537177426273712802403f7ba8261b6c	mean_5_11_17_23_29_33|domfull	347	0.0011111111111111111	fp32	cuda	
b701bb2ea4f38f4f0af5b900	Q8TDV2	miss	347	347	False	1.0	182e30612e8ff44ad0a7f3021ea3dd27b345b54b7caf2553ceac89efaaba7e61	08e4846e537177426273712802403f7ba8261b6c	mean_5_11_17_23_29_33|domfull	347	0.0011111111111111111	fp32	cuda	
a4380d54ff6a6d9622780caf	Q9VPP5	miss	347	347	False	1.0	ffe7f3fcaa97ef6e2f60b6d027da88430b71e110bfca4aa70322e54429d941be	08e4846e537177426273712802403f7ba8261b6c	mean_5_11_17_23_29_33|domfull	347	0.0011111111111111111	fp32	cuda	
42b6c6ae20e7036f6dbf6030	Q6NPM8	miss	346	346	False	1.0	6e52f73c0ee047339e54a6e01090d00e4525a5923e94fcc22803f554df48d15e	08e4846e537177426273712802403f7ba8261b6c	mean_5_11_17_23_29_33|domfull	346	0.0011111111111111111	fp32	cuda	
b390e9c4ece6e18524bee55e	Q9FHJ2	miss	346	346	False	1.0	80f89f7f872912bc7e7f9f64fa2a817aeb64921ef61fb27c596bddc6a90ca0c6	08e4846e537177426273712802403f7ba8261b6c	mean_5_11_17_23_29_33|domfull	346	0.0011111111111111111	fp32	cuda	
6aa95006a8f60b4e49f92af9	Q257B3	miss	345	345	False	1.0	6c7bf0b0986b129c07cf10e2be38585e863cabd422b0ce7ba639e9ced15af7b9	08e4846e537177426273712802403f7ba8261b6c	mean_5_11_17_23_29_33|domfull	345	0.0010638297872340426	fp32	cuda	
cd18b2d9878cf0bb9ce67cbb	Q9BZ19	miss	345	345	False	1.0	838dce9db65e0b39a1aa28cd8f5983fa936b85c641d030d3bd4eead360845140	08e4846e537177426273712802403f7ba8261b6c	mean_5_11_17_23_29_33|domfull	345	0.0010638297872340426	fp32	cuda	
8cee097e7b3b79e895bb798f	Q9HBL6	miss	345	345	False	1.0	06249e527724a05da549b8ffe1378da049288cea111d186f325866a9f44e1a8b	08e4846e537177426273712802403f7ba8261b6c	mean_5_11_17_23_29_33|domfull	345	0.0010638297872340426	fp32	cuda	
240f1c6b5c9cb4601a5b9ca3	Q9I946	miss	345	345	False	1.0	e3b6edbb4941095846a2ac5ecde42dc1b59a21f07575d6b7aa572cf57e162470	08e4846e537177426273712802403f7ba8261b6c	mean_5_11_17_23_29_33|domfull	345	0.0010638297872340426	fp32	cuda	
ad1d6c64626fb2ae1ea8f0be	P91536	miss	344	344	False	1.0	f42309112eac31eaee48c9616038b6367d09ae8a7ad1c9192c7f26ded14170de	08e4846e537177426273712802403f7ba8261b6c	mean_5_11_17_23_29_33|domfull	344	0.0010638297872340426	fp32	cuda	
4441f9a64e048970bf38ac16	Q8RWH8	miss	344	344	False	1.0	ea0dbff701b65904e76a3ee28e009c737392920b29a2b6fa8beafca7b0c38717	08e4846e537177426273712802403f7ba8261b6c	mean_5_11_17_23_29_33|domfull	344	0.0010638297872340426	fp32	cuda	
f39128da803aa18148948e2b	Q99003	miss	344	344	False	1.0	8b74a253fca10b9b41c00975f0f6ec1b0713ccccece937dfa0ef51774a57fd40	08e4846e537177426273712802403f7ba8261b6c	mean_5_11_17_23_29_33|domfull	344	0.0010638297872340426	fp32	cuda	
941bf026789412ae79ba69c8	Q9CZA6	miss	344	344	False	1.0	9fae7e9dafcbec3f368407f273eee7e89596d9f2baf878a85dae7afc4d0bf6eb	08e4846e537177426273712802403f7ba8261b6c	mean_5_11_17_23_29_33|domfull	344	0.0010638297872340426	fp32	cuda	
84773f432f4d8098ce2d2db8	Q9LLY4	miss	344	344	False	1.0	f7b261ea77217785eace8c80907ee424025f9941e2b67f617bbd4097a151213a	08e4846e537177426273712802403f7ba8261b6c	mean_5_11_17_23_29_33|domfull	344	0.0010638297872340426	fp32	cuda	
8a669579665f831f4b52f98e	Q9RBS0	miss	344	344	False	1.0	82b15637d295f201fd25e348b41dea24d3be822afe95b894440f6385ce113de1	08e4846e537177426273712802403f7ba8261b6c	mean_5_11_17_23_29_33|domfull	344	0.0010638297872340426	fp32	cuda	
5a512061303e4cb53e5bda9e	Q84ST4	miss	343	343	False	1.0	8cd23ac9b8ac7e7b5d328d8b24c702b710b8fd5cf8189da508316ac4b2f33878	08e4846e537177426273712802403f7ba8261b6c	mean_5_11_17_23_29_33|domfull	343	0.0010638297872340426	fp32	cuda	
17523e36279e0e8d4bff2c7e	Q8N0V3	miss	343	343	False	1.0	d05653c00224217c57896a500bc11d0d50222bb60f8349b0fdb1cb9c4bb05eca	08e4846e537177426273712802403f7ba8261b6c	mean_5_11_17_23_29_33|domfull	343	0.0010638297872340426	fp32	cuda	
30d381df31fc75e25695ce73	Q9SHZ6	miss	343	343	False	1.0	24b7f079cb72611eb6e132064b3d9494b2960353aa4d06b09087dbe1faf5a6d9	08e4846e537177426273712802403f7ba8261b6c	mean_5_11_17_23_29_33|domfull	343	0.0010638297872340426	fp32	cuda	
5670e26caf376cbf4d7d33df	P0A1M8	miss	342	342	False	1.0	5387fe5f42d44b9a265159acd638b86f58c2e22e9d0a3728fb29bea57ef0ab56	08e4846e537177426273712802403f7ba8261b6c	mean_5_11_17_23_29_33|domfull	342	0.0010638297872340426	fp32	cuda	
2c4eda1de46d9879c24ae910	Q80UG1	miss	342	342	False	1.0	0c8d6d3d36d2d1979626f1a6ca9440d06adf6ac5442d61b39e49e0ec99c658e5	08e4846e537177426273712802403f7ba8261b6c	mean_5_11_17_23_29_33|domfull	342	0.0010638297872340426	fp32	cuda	
ce5a6cb8b79a58286d877d24	Q58CZ0	miss	341	341	False	1.0	643d8471ada2f3e650a46c9ee7dfa206805325399919ffb0ffecf77c4fac95fe	08e4846e537177426273712802403f7ba8261b6c	mean_5_11_17_23_29_33|domfull	341	0.0010638297872340426	fp32	cuda	
7eb75400a617e2eb31761ba7	Q8L3W1	miss	341	341	False	1.0	5982f04538c0987e0bd0a8dea56364e9fc6830763573502de8f59a3f0791f73a	08e4846e537177426273712802403f7ba8261b6c	mean_5_11_17_23_29_33|domfull	341	0.0010638297872340426	fp32	cuda	
d2064fa28e7d03c0feebeac6	Q9I8B0	miss	341	341	False	1.0	cdcdd7563d3509d4101d51ee27f5ed0da492b3b9849f9b0515649b48ffb2e825	08e4846e537177426273712802403f7ba8261b6c	mean_5_11_17_23_29_33|domfull	341	0.0010638297872340426	fp32	cuda	
a554b888dc4ddaceac11fbd6	Q9S7G2	miss	341	341	False	1.0	176c28dc032cb2f3c5ce621a63cefec5bac490a411d7e4ea381a44b98840a5f9	08e4846e537177426273712802403f7ba8261b6c	mean_5_11_17_23_29_33|domfull	341	0.0010638297872340426	fp32	cuda	
3b7c8109ab510699321ad846	O82656	miss	340	340	False	1.0	403b4bfe6c0bb363e149de28fe2bcc63d7789a7b5462ac538bc3a37d8381a98d	08e4846e537177426273712802403f7ba8261b6c	mean_5_11_17_23_29_33|domfull	340	0.0010638297872340426	fp32	cuda	
ee434b4b113a523afb12e1a5	Q4IJM4	miss	340	340	False	1.0	973f9759e0fabd950ac5bd80264137b4e1b2833069629697c0499fc1a2e27f98	08e4846e537177426273712802403f7ba8261b6c	mean_5_11_17_23_29_33|domfull	340	0.0010638297872340426	fp32	cuda	
d387007b22bb07397437655b	Q9A1S2	miss	340	340	False	1.0	8279e2fcdae00baa6aac0c357efc99c05b2b435393d87047397c1216cb93344e	08e4846e537177426273712802403f7ba8261b6c	mean_5_11_17_23_29_33|domfull	340	0.0010638297872340426	fp32	cuda	
fd5e82a66a50bf8f8fffa15c	Q6NW59	miss	339	339	False	1.0	80952686c4bac5de2d751b1c9f6ea77c20eac760e7d624149dcb8e159e71d46e	08e4846e537177426273712802403f7ba8261b6c	mean_5_11_17_23_29_33|domfull	339	0.0010638297872340426	fp32	cuda	
792c20a7a7fca95d2debc7ba	Q9HJ74	miss	339	339	False	1.0	969a959457223860d357d77af96bba7f10da6f9569a54438b14b601163234e85	08e4846e537177426273712802403f7ba8261b6c	mean_5_11_17_23_29_33|domfull	339	0.0010638297872340426	fp32	cuda	
83ead2417355784137e3dffe	Q9KKZ4	miss	339	339	False	1.0	c7cbe9bd15531f2f5cdc8345cb7c18a74def3d798586e246d0c4eec154727544	08e4846e537177426273712802403f7ba8261b6c	mean_5_11_17_23_29_33|domfull	339	0.0010638297872340426	fp32	cuda	
757ae7d30bacfff43f448dad	Q9TZM2	miss	339	339	False	1.0	bd6d5e4262328f62d0929718a1df8b8a2b920c8c723361cb40625b3469509102	08e4846e537177426273712802403f7ba8261b6c	mean_5_11_17_23_29_33|domfull	339	0.0010638297872340426	fp32	cuda	
73bce4c66d50af939384cb2b	Q9GPT6	miss	338	338	False	1.0	31fa553205cb00bfd2b21558fdd0623ffce6a04c90954216f488dc8a2cfaf49c	08e4846e537177426273712802403f7ba8261b6c	mean_5_11_17_23_29_33|domfull	338	0.0010638297872340426	fp32	cuda	
02dc6f306ec354f755804d43	Q9UN81	miss	338	338	False	1.0	72a5101a531a77d3a0097406b5245f8915a97c789b02edf33386993d05a1ef1f	08e4846e537177426273712802403f7ba8261b6c	mean_5_11_17_23_29_33|domfull	338	0.0010638297872340426	fp32	cuda	
7f0281e4eca535ec001f87ad	Q9X170	miss	338	338	False	1.0	5a6e977ea2b0ac8e6d1f361555f2c69f533a6d07fb1c5e6084760036eeff0154	08e4846e537177426273712802403f7ba8261b6c	mean_5_11_17_23_29_33|domfull	338	0.0010638297872340426	fp32	cuda	
f816945c771d1d0909cdb8dd	Q9XWN7	miss	338	338	False	1.0	a3d540920d1c349a479d85317b94f4ff9bae42fd4bab55a64370cf1a412f1b84	08e4846e537177426273712802403f7ba8261b6c	mean_5_11_17_23_29_33|domfull	338	0.0010638297872340426	fp32	cuda	
b6003a65843fb3971aa84068	Q9FFI2	miss	337	337	False	1.0	d102e409ad0600f0b8954ac978b231140a9f127577b11083f25699bc42dd0ff8	08e4846e537177426273712802403f7ba8261b6c	mean_5_11_17_23_29_33|domfull	337	0.0010638297872340426	fp32	cuda	
b498eaba062aed98ef0b1674	Q89AG8	miss	336	336	False	1.0	bbde28400c94e229731d8466a8e18190d23c88bae22d5fd8ec1a9466d46d0c6c	08e4846e537177426273712802403f7ba8261b6c	mean_5_11_17_23_29_33|domfull	336	0.0010638297872340426	fp32	cuda	
20e1a7135f2e5a0e169fb60d	Q98KN9	miss	336	336	False	1.0	44890138569f515b484e03c29ba04845a19166d5f1c6b6df94c74507491e650e	08e4846e537177426273712802403f7ba8261b6c	mean_5_11_17_23_29_33|domfull	336	0.0010638297872340426	fp32	cuda	
4b781758ea269258c92908f4	A0A0U3AP28	miss	335	335	False	1.0	639644599945742af343796d3d913872da85b3e5fa70f79e64ab5b0956e0af7a	08e4846e537177426273712802403f7ba8261b6c	mean_5_11_17_23_29_33|domfull	335	0.0010638297872340426	fp32	cuda	
d41f976e58cb1117185a6d31	P40399	miss	335	335	False	1.0	1f06bfc2d91938a6768235865139e7de160004fcc405237e77874db63459eb76	08e4846e537177426273712802403f7ba8261b6c	mean_5_11_17_23_29_33|domfull	335	0.0010638297872340426	fp32	cuda	
338ea92a9115902ec6f34cde	Q8MXL9	miss	335	335	False	1.0	e9bf5c143ba75992c431ca5f885c460b3cac6b2f5765626ab2948240425eb57f	08e4846e537177426273712802403f7ba8261b6c	mean_5_11_17_23_29_33|domfull	335	0.0010638297872340426	fp32	cuda	
efb2beddc60059d482872e6c	Q9GQ60	miss	335	335	False	1.0	4b597a078596bcc858a90af74308145a2437e3c9577b775ddc0e502ff9547f72	08e4846e537177426273712802403f7ba8261b6c	mean_5_11_17_23_29_33|domfull	335	0.0010638297872340426	fp32	cuda	
acff8494818409ceb69b5ac7	Q8RXW0	miss	334	334	False	1.0	c21658285d7e6466386b4150dabf21549a2cff87854d01158680bcf15ec05911	08e4846e537177426273712802403f7ba8261b6c	mean_5_11_17_23_29_33|domfull	334	0.0010638297872340426	fp32	cuda	
44146eb8546cb7d47fcae8cc	Q99M15	miss	334	334	False	1.0	b56b8d7a333e6983b9451c03c89a32824a26d0c32594d0dfcd021cb04470a1d1	08e4846e537177426273712802403f7ba8261b6c	mean_5_11_17_23_29_33|domfull	334	0.0010638297872340426	fp32	cuda	
449db2dd95a1a92c3acf5356	P26320	miss	333	333	False	1.0	1353c7d45033c9f4044908e5c5457a27ffddedcfbc7f9062d477399e8962f4d1	08e4846e537177426273712802403f7ba8261b6c	mean_5_11_17_23_29_33|domfull	333	0.0010638297872340426	fp32	cuda	
fc44b17cabfe30c4425dc9b3	A3MXX9	miss	332	332	False	1.0	9a810ce239e0002d799ccd041eea5c145f21963ec090889ed9238b315e7e5dde	08e4846e537177426273712802403f7ba8261b6c	mean_5_11_17_23_29_33|domfull	332	0.0010638297872340426	fp32	cuda	
3e388cd165072e6e144d1a74	Q45831	miss	332	332	False	1.0	8dbe91459ab4ad3f204cfd14c38b7f62f1f29a385cf692981f02794efc6acfee	08e4846e537177426273712802403f7ba8261b6c	mean_5_11_17_23_29_33|domfull	332	0.0010638297872340426	fp32	cuda	
577ddae3c68008db7b2cde79	Q62627	miss	332	332	False	1.0	dd1a0676491f472dcc0a361689e262d9a1748dfcc0fcf6a3db5f55baeb9c3e55	08e4846e537177426273712802403f7ba8261b6c	mean_5_11_17_23_29_33|domfull	332	0.0010638297872340426	fp32	cuda	
3750a12a5ef8788274e1272b	Q8KQL6	miss	332	332	False	1.0	f54699c2adf95cb7963676f9b39f11e2bf1b91805b06e6c56be9a29c2156501e	08e4846e537177426273712802403f7ba8261b6c	mean_5_11_17_23_29_33|domfull	332	0.0010638297872340426	fp32	cuda	
addcbf79595a99a94075d40f	Q9PJW3	miss	332	332	False	1.0	06823c06e49a3bd4eee921df39ba2fb1e3d1db6dd7c15d861af44810e1d6f724	08e4846e537177426273712802403f7ba8261b6c	mean_5_11_17_23_29_33|domfull	332	0.0010638297872340426	fp32	cuda	
b895fa761f9ba0adbace6018	Q8X7P7	miss	331	331	False	1.0	6792eedaed82cdc770fefe840201cac36d93e0e21c339e347ad2ae9e9d1dc743	08e4846e537177426273712802403f7ba8261b6c	mean_5_11_17_23_29_33|domfull	331	0.0010638297872340426	fp32	cuda	
7ab687d81614e5dad440f7d2	Q9CKU2	miss	331	331	False	1.0	18690e9daab47d540f5e475bdb0bbb9956912acaec52862f5981cc3c98ed467f	08e4846e537177426273712802403f7ba8261b6c	mean_5_11_17_23_29_33|domfull	331	0.0010638297872340426	fp32	cuda	
57eb6a95eebc0762b400c531	Q9VS36	miss	331	331	False	1.0	ee15448bee1945b5755d3e36662f7ffef90513cf23b728969170a6ed2b2d6245	08e4846e537177426273712802403f7ba8261b6c	mean_5_11_17_23_29_33|domfull	331	0.0010204081632653062	fp32	cuda	
fc966770c85a724a51d454c2	Q8DWE5	miss	329	329	False	1.0	79fce4290560d380aaf50c7dbcfceee7db133c1750a9d6ced40126e088f77563	08e4846e537177426273712802403f7ba8261b6c	mean_5_11_17_23_29_33|domfull	329	0.0010204081632653062	fp32	cuda	
ede2bd54928f1c0d491b4f46	Q8GY91	miss	329	329	False	1.0	e36a2f1041b028c504cdfb630152aac29f8a7295a983a77574f54942cdf9ce0a	08e4846e537177426273712802403f7ba8261b6c	mean_5_11_17_23_29_33|domfull	329	0.0010204081632653062	fp32	cuda	
cea2a6d19e8c9c04ca1a5682	Q8LTE1	miss	329	329	False	1.0	2a3b7550eb32db0e2f6f9ea3ee67690cf3deab0a0db914561c49896448f307ab	08e4846e537177426273712802403f7ba8261b6c	mean_5_11_17_23_29_33|domfull	329	0.0010204081632653062	fp32	cuda	
f8d99ce6e08fa9c2c9b7aff2	Q9C975	miss	329	329	False	1.0	c21f2c09b349a28c3fc9de50d33038ac86f0aab5180c38e30c9bfed248f2cba2	08e4846e537177426273712802403f7ba8261b6c	mean_5_11_17_23_29_33|domfull	329	0.0010204081632653062	fp32	cuda	
1f57f181340fc44f76bfaf4d	Q9SR43	miss	329	329	False	1.0	32d771b7076f49b4c1b97a888cbf5a80d0d7850a2557bcfd542407b999daf91b	08e4846e537177426273712802403f7ba8261b6c	mean_5_11_17_23_29_33|domfull	329	0.0010204081632653062	fp32	cuda	
8b1b1b6f9452eb092e026d9c	P40381	miss	328	328	False	1.0	d6fc6ed9dd7ae5c6a7db1a1b98ecef32997c9d23cdd81a5e885e373f6ba18472	08e4846e537177426273712802403f7ba8261b6c	mean_5_11_17_23_29_33|domfull	328	0.0010204081632653062	fp32	cuda	
e7aa84cc916c9450b6d49c6a	Q914J0	miss	328	328	False	1.0	2d9513ae19e29617702fa44827ec99d66f27ca7f61c060fae2512893c4d68749	08e4846e537177426273712802403f7ba8261b6c	mean_5_11_17_23_29_33|domfull	328	0.0010204081632653062	fp32	cuda	
21876d4ea3c8dbbe32fd7a87	Q726E5	miss	327	327	False	1.0	ec4b95b6041f983c4d58acffd134e9fbfeceeeebfe2ef00c4b79d5528065e715	08e4846e537177426273712802403f7ba8261b6c	mean_5_11_17_23_29_33|domfull	327	0.0010204081632653062	fp32	cuda	
8431de904e4aeefce2d287e1	Q9FN15	miss	327	327	False	1.0	03636e0f92388e3db9c8d277dca29f9c6ce7c308d36fce2e3546ff34a44f790a	08e4846e537177426273712802403f7ba8261b6c	mean_5_11_17_23_29_33|domfull	327	0.0010204081632653062	fp32	cuda	
38818b01cdf132b5fcea5a00	P28190	miss	326	326	False	1.0	2e65dc68a78cc79c5aa56af310b8b68076323c286046e8ffd5f7d428a28c8c09	08e4846e537177426273712802403f7ba8261b6c	mean_5_11_17_23_29_33|domfull	326	0.0010204081632653062	fp32	cuda	
8f2de980286ff0fe86e3db5e	Q97B19	miss	326	326	False	1.0	fd7eafca717ce9f813afff406953340cd677d54f1a3e850e570782cfe19a3849	08e4846e537177426273712802403f7ba8261b6c	mean_5_11_17_23_29_33|domfull	326	0.0010204081632653062	fp32	cuda	
4fa5ee53a5ba19571d3125cb	Q9EQ15	miss	326	326	False	1.0	816550950663fb9cd6018695b74c39ff9dee793678acf002da2e56fd73e30273	08e4846e537177426273712802403f7ba8261b6c	mean_5_11_17_23_29_33|domfull	326	0.0010204081632653062	fp32	cuda	
0c101321c9c418e998472c1c	Q9LEZ4	miss	326	326	False	1.0	68806367f681735c79b26b3f578ea3931230ab2be4c622430d115d90f2419537	08e4846e537177426273712802403f7ba8261b6c	mean_5_11_17_23_29_33|domfull	326	0.0010204081632653062	fp32	cuda	
a85fd5ae12e343368a53ca8e	Q9S529	miss	326	326	False	1.0	2bee4455d7c8bccdeff3e82fce12be48704abfa66fbdb15d7f1250ddf4d4fee7	08e4846e537177426273712802403f7ba8261b6c	mean_5_11_17_23_29_33|domfull	326	0.0010204081632653062	fp32	cuda	
4dd4662d278f971668b6953c	Q9XHZ8	miss	326	326	False	1.0	e8e0f1e0ee89653912fb3ba13b8d51cb97a6969416274bb652558ba488192d6d	08e4846e537177426273712802403f7ba8261b6c	mean_5_11_17_23_29_33|domfull	326	0.0010204081632653062	fp32	cuda	
dfffbc7cb0ed720dc4aad7e5	Q6HMS8	miss	325	325	False	1.0	d445fab769939652e024efad506010d094fbf2fa7b50231f6f1aa2c7ea76cf4d	08e4846e537177426273712802403f7ba8261b6c	mean_5_11_17_23_29_33|domfull	325	0.0010204081632653062	fp32	cuda	
96dc6cf212ac0e55012494f3	Q98R48	miss	325	325	False	1.0	f6ae3a4461ec4985b4a61445472ac46567bcee2a6515eb9e6ac1cfc6bad2c88b	08e4846e537177426273712802403f7ba8261b6c	mean_5_11_17_23_29_33|domfull	325	0.0010204081632653062	fp32	cuda	
aff153e64be7818fad036139	Q9C9L2	miss	325	325	False	1.0	bd3b67c75289e20cbdbfed99623828eb011f29b756fc596ce5070d8f22dc1f71	08e4846e537177426273712802403f7ba8261b6c	mean_5_11_17_23_29_33|domfull	325	0.0010204081632653062	fp32	cuda	
7f5916db103169dadd952ec2	Q9CBQ2	miss	325	325	False	1.0	5e4043a140962f8a147fcd750c811181aad85510df29812e8cb22c25f052941d	08e4846e537177426273712802403f7ba8261b6c	mean_5_11_17_23_29_33|domfull	325	0.0010204081632653062	fp32	cuda	
553fe5462eb2c8f789368fc5	Q9CKY6	miss	324	324	False	1.0	3f9f343c796af0c57e9dea69c1af039ea96e1102209f10262ea5de9c4ad0f27c	08e4846e537177426273712802403f7ba8261b6c	mean_5_11_17_23_29_33|domfull	324	0.0010204081632653062	fp32	cuda	
4b39dc10ff9576e031ef4e74	Q9M0Y5	miss	324	324	False	1.0	073b6aaa9c25bdee3211f0680b5051d9c92746bdc2c3ad9ed4c0f10d8c714f30	08e4846e537177426273712802403f7ba8261b6c	mean_5_11_17_23_29_33|domfull	324	0.0010204081632653062	fp32	cuda	
a155efec4f6335d896142842	W5XKT8	miss	324	324	False	1.0	78118cfad95f1cc5ee6c51cba895d7c8cb7d9ad4be715cb621fa396f80d55521	08e4846e537177426273712802403f7ba8261b6c	mean_5_11_17_23_29_33|domfull	324	0.0010204081632653062	fp32	cuda	
2ddd21c33150d26f61d4cf77	P62558	miss	323	323	False	1.0	faf00f2f6d9c4be20056797b93e3711c025dcc13914e6a1e5158273fb98f07f0	08e4846e537177426273712802403f7ba8261b6c	mean_5_11_17_23_29_33|domfull	323	0.0010204081632653062	fp32	cuda	
b98c9db68fa53722e50f465b	Q51366	miss	323	323	False	1.0	f72f09970158eb8a1f747b408ceade0cc9db96648614fc3abad1edc1eb2d20e2	08e4846e537177426273712802403f7ba8261b6c	mean_5_11_17_23_29_33|domfull	323	0.0010204081632653062	fp32	cuda	
6a72bdf47e85fadd8a4ac4be	Q9K920	miss	323	323	False	1.0	8b4d1d88028ecb126e51911565a00fbdb00fe9b47cb5845779a3d16d65c7eb19	08e4846e537177426273712802403f7ba8261b6c	mean_5_11_17_23_29_33|domfull	323	0.0010204081632653062	fp32	cuda	
597fbde62354edbc4252ad1c	Q8LAC4	miss	322	322	False	1.0	e63e51fdc84d03fc1fcec73c4cb82ffa859ab42fb037cc0eda5f31120951bcf7	08e4846e537177426273712802403f7ba8261b6c	mean_5_11_17_23_29_33|domfull	322	0.0010204081632653062	fp32	cuda	
505c8ca698b91fb4ab73981e	G3V9Q9	miss	321	321	False	1.0	3cfa8924785aa0deaa79939080777c4f4f4a5504b6eaf6633bcd766f02e87871	08e4846e537177426273712802403f7ba8261b6c	mean_5_11_17_23_29_33|domfull	321	0.0010204081632653062	fp32	cuda	
c12bf4838608154e9092b984	Q9C7P4	miss	321	321	False	1.0	89bb178547039b71d0ca04c9514db5f702fef77358f4439c3287b9bfc0c99553	08e4846e537177426273712802403f7ba8261b6c	mean_5_11_17_23_29_33|domfull	321	0.0010204081632653062	fp32	cuda	
1ef19a7286426ebf240d00c1	Q9PQV8	miss	321	321	False	1.0	2df889f57b497172eb9d078b03462c34581211695d776b0a07dfd12509c87918	08e4846e537177426273712802403f7ba8261b6c	mean_5_11_17_23_29_33|domfull	321	0.0010204081632653062	fp32	cuda	
cd025cac3cfa563405bde775	Q9ZUS8	miss	321	321	False	1.0	5a0a32df726b1062f4339645711ba6a0596357281ecf0c000b67c2263077393d	08e4846e537177426273712802403f7ba8261b6c	mean_5_11_17_23_29_33|domfull	321	0.0010204081632653062	fp32	cuda	
6c12fac4f65ae80891bc71e5	P32520	miss	320	320	False	1.0	7f56a80aa5233f2fc7e8fdfe10d7cfef549e393b6d2a4b3a8dd5e5ca71337688	08e4846e537177426273712802403f7ba8261b6c	mean_5_11_17_23_29_33|domfull	320	0.0010204081632653062	fp32	cuda	
a420797ef26a50d8fe440fbb	Q9AQQ8	miss	320	320	False	1.0	c4dd4ffb29a00b3f87a444f39e9733335070544c3a22cdeb4799676626b04a8a	08e4846e537177426273712802403f7ba8261b6c	mean_5_11_17_23_29_33|domfull	320	0.0010204081632653062	fp32	cuda	
e538caec1d8baff4b8d8a419	Q9FYD3	miss	320	320	False	1.0	029989eadb96ecb525dee2864e6e570fddd4b8f8a64d93533e69d91323639dd0	08e4846e537177426273712802403f7ba8261b6c	mean_5_11_17_23_29_33|domfull	320	0.0010204081632653062	fp32	cuda	
6f23cfdf3568745ca5f50441	Q9Z7X6	miss	320	320	False	1.0	fb9c266a7cf7826c5f0f74f932dc519d2122b162135d40f44a723d3d2e80d897	08e4846e537177426273712802403f7ba8261b6c	mean_5_11_17_23_29_33|domfull	320	0.0010204081632653062	fp32	cuda	
bfdbcf2ae573209cf755d796	Q9VKV5	miss	319	319	False	1.0	dec8ab28ef4c2c0048a5e117f0b63511eccba33b07b0c1245334cae4c0fa6951	08e4846e537177426273712802403f7ba8261b6c	mean_5_11_17_23_29_33|domfull	319	0.0010204081632653062	fp32	cuda	
83ac18c4125c10f08c939858	P42582	miss	318	318	False	1.0	1385966fadea8ee18b2fc0eb2b5a4f44462e328ac72d962fd1d6a7a89455c2b2	08e4846e537177426273712802403f7ba8261b6c	mean_5_11_17_23_29_33|domfull	318	0.0010204081632653062	fp32	cuda	
0f812950b40398c9fe5ff6d9	Q8ITI5	miss	318	318	False	1.0	f07966c897fb130da211379c1dcd86f10b9dd2e3764aac55d1f5098e946b0ed8	08e4846e537177426273712802403f7ba8261b6c	mean_5_11_17_23_29_33|domfull	318	0.0010204081632653062	fp32	cuda	
87f894bc2cdec183defb9afa	Q8TC12	miss	318	318	False	1.0	45f6fd6948c012f6d3b29948d7576331e0cbc15c39deedd47860bcd9746697d7	08e4846e537177426273712802403f7ba8261b6c	mean_5_11_17_23_29_33|domfull	318	0.0010204081632653062	fp32	cuda	
fa33177e1559d73ccc398365	Q97YC7	miss	318	318	False	1.0	f5dec10835eaf8a938a05addc6ec57bd788ef62ead28d28952c5c070ffa8298c	08e4846e537177426273712802403f7ba8261b6c	mean_5_11_17_23_29_33|domfull	318	0.0010204081632653062	fp32	cuda	
0922ce534eb2937f31d4a9a4	Q9BVV2	miss	318	318	False	1.0	2fe98ae62335e17b4fbcd86972b84b494e41452d025b42849515831078c95a26	08e4846e537177426273712802403f7ba8261b6c	mean_5_11_17_23_29_33|domfull	318	0.0010204081632653062	fp32	cuda	
1b6db5bd20b6d505f5c9bac7	Q9HIN1	miss	318	318	False	1.0	ba9aa162e574fc4f623fc762b8987a368e385ec26c81e42d8bb4654bbcc2f672	08e4846e537177426273712802403f7ba8261b6c	mean_5_11_17_23_29_33|domfull	318	0.0010204081632653062	fp32	cuda	
7984e70d1470c1c66ae76a5a	Q9SB60	miss	318	318	False	1.0	21b006a677c18aa1f9c5d2676a88b2445a132d4fec6740f6e4e379baaac4f7eb	08e4846e537177426273712802403f7ba8261b6c	mean_5_11_17_23_29_33|domfull	318	0.0010204081632653062	fp32	cuda	
3cff89699654445083a36cb4	Q9X081	miss	318	318	False	1.0	36702b17b70bf89eeba6c23d18b5510ed2ec968b9946cdca63ed31d3a6663836	08e4846e537177426273712802403f7ba8261b6c	mean_5_11_17_23_29_33|domfull	318	0.0010204081632653062	fp32	cuda	
3b4bbebec279b919c0c64935	P40722	miss	317	317	False	1.0	89f8bb4bf8529e328d46da9f20e8b3618e9af6885e216fa61791c5bd96e42cda	08e4846e537177426273712802403f7ba8261b6c	mean_5_11_17_23_29_33|domfull	317	0.0010204081632653062	fp32	cuda	
b5c1aff92f5a69e656dbe270	Q6J272	miss	317	317	False	1.0	e181873433e2343701713017c57c331c810ddf8c77edd027ca46747caa9074f6	08e4846e537177426273712802403f7ba8261b6c	mean_5_11_17_23_29_33|domfull	317	0.0010204081632653062	fp32	cuda	
d6adc731fb3c207e7367b5b7	Q9CAN1	miss	317	317	False	1.0	26c9791c6407163b4f8f56730032eec1f25e7e5338e7da12df7fd0cfd5c828ff	08e4846e537177426273712802403f7ba8261b6c	mean_5_11_17_23_29_33|domfull	317	0.0010204081632653062	fp32	cuda	
966cb24253953fc866655670	Q940U6	miss	316	316	False	1.0	7adac272a2071bbf74b8cb8bd31ce8e0a30561721e53d3a62d5ce409d7f61387	08e4846e537177426273712802403f7ba8261b6c	mean_5_11_17_23_29_33|domfull	316	0.0010204081632653062	fp32	cuda	
07f3dce199380d2432b79de7	Q9SSK7	miss	316	316	False	1.0	c6a03a2c0ad1e2ad94b90aaa303e4419d5fc56d7427ac28cc8b8d0ad1aaee2f2	08e4846e537177426273712802403f7ba8261b6c	mean_5_11_17_23_29_33|domfull	316	0.0010204081632653062	fp32	cuda	
c8c850dc97ced2135c1a7361	Q9HXE4	miss	315	315	False	1.0	be48f267388980c47cf5dac93cb2648b663b8b80e36e68fede64072bffe9ea4e	08e4846e537177426273712802403f7ba8261b6c	mean_5_11_17_23_29_33|domfull	315	0.000980392156862745	fp32	cuda	
80e6f92e203f412068d97040	Q9VLD6	miss	315	315	False	1.0	a2f3368766442623cb98844190bd3b0b67bad82a84d32c6636411aed1e61d043	08e4846e537177426273712802403f7ba8261b6c	mean_5_11_17_23_29_33|domfull	315	0.000980392156862745	fp32	cuda	
17edcbfffe39cbfbe8907d19	Q9VM65	miss	315	315	False	1.0	981d572bd8a449f9ef38bf257cafe69a358a0e00cc2eb0b7d43cf7e1351e14c3	08e4846e537177426273712802403f7ba8261b6c	mean_5_11_17_23_29_33|domfull	315	0.000980392156862745	fp32	cuda	
36f3718e1c111e9644f6654e	P40484	miss	314	314	False	1.0	751aa108be311a355b2b2609aaa23e1bc58eb71c1bf33416dc64f68a2fe1c157	08e4846e537177426273712802403f7ba8261b6c	mean_5_11_17_23_29_33|domfull	314	0.000980392156862745	fp32	cuda	
cc84aba7ef184990a0464f0c	Q73R77	miss	314	314	False	1.0	6bdee3c2bd88cc9e119cb3455cd2ca51076a65d319ce5c20b1193ad48f6cc5c4	08e4846e537177426273712802403f7ba8261b6c	mean_5_11_17_23_29_33|domfull	314	0.000980392156862745	fp32	cuda	
716ca9b4962674b1eabc78ad	Q8PGV3	miss	314	314	False	1.0	e036fbab1cc939d3b059b1d1d70a9e3653524694567db8dcad8fe9930021a04e	08e4846e537177426273712802403f7ba8261b6c	mean_5_11_17_23_29_33|domfull	314	0.000980392156862745	fp32	cuda	
998f4f6e7ad2a9e00ec08758	Q97BN3	miss	314	314	False	1.0	6369e5f92587c6bb884b975080817f0d85a57dca3c6dde47bb4f3b637a8516ec	08e4846e537177426273712802403f7ba8261b6c	mean_5_11_17_23_29_33|domfull	314	0.000980392156862745	fp32	cuda	
64a65d72ac112aae14aa7670	U3THC0	miss	314	314	False	1.0	1f42ee6266b1054d2fc310895640c0c037a430a8220d6a27abb8dec39c040f39	08e4846e537177426273712802403f7ba8261b6c	mean_5_11_17_23_29_33|domfull	314	0.000980392156862745	fp32	cuda	
daaf5722fb66ad2c38714192	Q9Y6J8	miss	313	313	False	1.0	016140b9cd7896fede7578d26c18c4c5592f4e560743ba9f4a9347158b6dcfe9	08e4846e537177426273712802403f7ba8261b6c	mean_5_11_17_23_29_33|domfull	313	0.000980392156862745	fp32	cuda	
4b4e861f535205371d438cd0	Q9CWZ7	miss	312	312	False	1.0	fc1d369943ded9adbc121783856233864f50a431af77b96860bea530dd51fc88	08e4846e537177426273712802403f7ba8261b6c	mean_5_11_17_23_29_33|domfull	312	0.000980392156862745	fp32	cuda	
567ee5a3a9dbecb6336144eb	Q9AJE3	miss	311	311	False	1.0	6b3133cf1e289c668c75068b83025ce7297f13d6e09c6427abfd7e60a35c026f	08e4846e537177426273712802403f7ba8261b6c	mean_5_11_17_23_29_33|domfull	311	0.000980392156862745	fp32	cuda	
94a8b20480726f23ec080f34	Q9J5C9	miss	311	311	False	1.0	3a0996daf2810a573c0a4c18fab991b635bd933b7e8440c2bcb8c59f0498811d	08e4846e537177426273712802403f7ba8261b6c	mean_5_11_17_23_29_33|domfull	311	0.000980392156862745	fp32	cuda	
8172833703cc2b072131942b	Q9Y7R6	miss	311	311	False	1.0	3fa2011126a97be1836fa7d86aa50023f60d3a8b1600b06ba4acf586165035f4	08e4846e537177426273712802403f7ba8261b6c	mean_5_11_17_23_29_33|domfull	311	0.000980392156862745	fp32	cuda	
eb1d744e4fd1e48a9f58343a	A2S1Q3	miss	310	310	False	1.0	0fed796824a823ddb0cb762f4790d52f2dc223594b07f592080ae9985f837160	08e4846e537177426273712802403f7ba8261b6c	mean_5_11_17_23_29_33|domfull	310	0.000980392156862745	fp32	cuda	
b62b86887db687a86967834f	Q9NAN2	miss	309	309	False	1.0	23e455e9fd00a95ce03ccdeee65a9caab210bc3eaa42e067b7139d4cefaabe60	08e4846e537177426273712802403f7ba8261b6c	mean_5_11_17_23_29_33|domfull	309	0.000980392156862745	fp32	cuda	
730b595e9f67ebcf6033c323	Q9SZ63	miss	309	309	False	1.0	80b2593e2cac2720919e411f6cc783dc3f4745a3a42502d5b7d741084565da36	08e4846e537177426273712802403f7ba8261b6c	mean_5_11_17_23_29_33|domfull	309	0.000980392156862745	fp32	cuda	
ae99ea1a735353a5fc7e1a95	Q9VFX1	miss	309	309	False	1.0	c128cd464aef9934fbb86183ec62328ca5ea8533a4f4a34e79c22a9a990d7a76	08e4846e537177426273712802403f7ba8261b6c	mean_5_11_17_23_29_33|domfull	309	0.000980392156862745	fp32	cuda	
383d076a403c76a92a29ad15	Q9W0W6	miss	309	309	False	1.0	2dda3656c4b9322986039b89311282fb6f680efc47a9afb21e8bf56df2eccc20	08e4846e537177426273712802403f7ba8261b6c	mean_5_11_17_23_29_33|domfull	309	0.000980392156862745	fp32	cuda	
7c8a7351aa0cfd6ab2d68ad1	Q9N2K7	miss	308	308	False	1.0	a077ae469976fa5ea4b1dff925459656c8815ae5096b2beffa3127b3c9867190	08e4846e537177426273712802403f7ba8261b6c	mean_5_11_17_23_29_33|domfull	308	0.000980392156862745	fp32	cuda	
86e7113a3bbfe3970a795e3a	P40296	miss	307	307	False	1.0	a9279bc0c97af004c84834664c3834d428f3b757de55b7e6d978b4842e6efaca	08e4846e537177426273712802403f7ba8261b6c	mean_5_11_17_23_29_33|domfull	307	0.000980392156862745	fp32	cuda	
0cc985f4868ae6445acdafa6	Q75AS1	miss	307	307	False	1.0	29dc6fdc2a41a2e2d08e066db4daad2424799ae31eda2b5ccb5c8fb6177baa63	08e4846e537177426273712802403f7ba8261b6c	mean_5_11_17_23_29_33|domfull	307	0.000980392156862745	fp32	cuda	
706d5ef263c1d7c9fa171132	Q28GD9	miss	306	306	False	1.0	405edc8e9d28ad192c77e810bf7819861628e6ba3ae01df509350a86cd98eac3	08e4846e537177426273712802403f7ba8261b6c	mean_5_11_17_23_29_33|domfull	306	0.000980392156862745	fp32	cuda	
13ccac13432ab23e0f72274d	Q9AXA6	miss	306	306	False	1.0	be0e0dcffd3168612a933a6292d7fa78e33b5ff185f45585876903aa953f4038	08e4846e537177426273712802403f7ba8261b6c	mean_5_11_17_23_29_33|domfull	306	0.000980392156862745	fp32	cuda	
d74cc43537c0ac59603dbe7d	Q7TQP0	miss	305	305	False	1.0	cc0f21c8a2f30bb4394e794faf1ee9c619a121d21e731f77c5443381ed694ada	08e4846e537177426273712802403f7ba8261b6c	mean_5_11_17_23_29_33|domfull	305	0.000980392156862745	fp32	cuda	
d568f1b13243b78d49d2c6e7	Q8BQU7	miss	305	305	False	1.0	734414a82d72f8d75b8369f275afe6688b0b37aa0a1dd83f3853b7f68d114ab7	08e4846e537177426273712802403f7ba8261b6c	mean_5_11_17_23_29_33|domfull	305	0.000980392156862745	fp32	cuda	
fad7979c8e3f1bd6c3318de2	Q8LB10	miss	305	305	False	1.0	9a3458d9158fcb205045ae644164b9ac34af872335623038a3f1d7efe2494155	08e4846e537177426273712802403f7ba8261b6c	mean_5_11_17_23_29_33|domfull	305	0.000980392156862745	fp32	cuda	
5b5ed77eabe7246f78e98250	Q9LU64	miss	305	305	False	1.0	8ea9f4e562e20156f22d395849a37c5737eca63e6a86cfbf5c0ee91a6d3854ee	08e4846e537177426273712802403f7ba8261b6c	mean_5_11_17_23_29_33|domfull	305	0.000980392156862745	fp32	cuda	
bff367db54345c4f75776548	W0T6B6	miss	305	305	False	1.0	14266bd0a970bb1cc87688e8de917882d7dabc210628944870de73a3e4d0903b	08e4846e537177426273712802403f7ba8261b6c	mean_5_11_17_23_29_33|domfull	305	0.000980392156862745	fp32	cuda	
d2891b27ffc9c65b2a29fdd0	A3KMN5	miss	304	304	False	1.0	15372edbb66ff572a0178e3c559e290293cf9120711c8d2006155bb9b2e63044	08e4846e537177426273712802403f7ba8261b6c	mean_5_11_17_23_29_33|domfull	304	0.000980392156862745	fp32	cuda	
8041cef94510c57cd5ef53f6	Q6C6I3	miss	304	304	False	1.0	a2d1039774f5443b38020c91dd7316c86e947d4d9c8fcc93a34e4b70bc617ec6	08e4846e537177426273712802403f7ba8261b6c	mean_5_11_17_23_29_33|domfull	304	0.000980392156862745	fp32	cuda	
6e044d18433d93cdee73a6a0	Q8L9T5	miss	304	304	False	1.0	239f4972679e1813ce1e8a9160ba10e19d7ae862b6652ca2ce5603285943e22a	08e4846e537177426273712802403f7ba8261b6c	mean_5_11_17_23_29_33|domfull	304	0.000980392156862745	fp32	cuda	
4c0b142633209ad3e25b754d	Q9SRR0	miss	304	304	False	1.0	7dece9c6b79a8f3d4e159d2a8a9f7329f2fd8de2f98818fa9f3ce6fee5e88240	08e4846e537177426273712802403f7ba8261b6c	mean_5_11_17_23_29_33|domfull	304	0.000980392156862745	fp32	cuda	
ecee9917675bbf4b96b45f52	P0C569	miss	303	303	False	1.0	bcd4290a6cafdfa4531756d3f341e8264c4933833e67145b1b94f5ec2ae0cbc0	08e4846e537177426273712802403f7ba8261b6c	mean_5_11_17_23_29_33|domfull	303	0.000980392156862745	fp32	cuda	
dfb9671818850dc31b041d11	Q8BXT9	miss	303	303	False	1.0	a8a017ddfa4feeef823a24d9da49b3fceb6319c0f534c23a32ef401e9fa88b89	08e4846e537177426273712802403f7ba8261b6c	mean_5_11_17_23_29_33|domfull	303	0.000980392156862745	fp32	cuda	
27b469c09f9caf27ca529cce	Q8GXV7	miss	303	303	False	1.0	678485ab09276bd8e3618941f9f299995d97687eea8549775c6a34cc365a337f	08e4846e537177426273712802403f7ba8261b6c	mean_5_11_17_23_29_33|domfull	303	0.000980392156862745	fp32	cuda	
3c24278f85dc1b14bde901a8	Q9PJJ6	miss	303	303	False	1.0	0d48192f47e015edbd35b5945d5faaefd3b955eb62dce671b19d47821622b45c	08e4846e537177426273712802403f7ba8261b6c	mean_5_11_17_23_29_33|domfull	303	0.000980392156862745	fp32	cuda	
a44820d1f67a611a7b423b53	Q9ZT66	miss	303	303	False	1.0	312f66c945f2ffb7bb187e21ade981170135d240ffedac4ac9ce81bb1ac866e6	08e4846e537177426273712802403f7ba8261b6c	mean_5_11_17_23_29_33|domfull	303	0.000980392156862745	fp32	cuda	
6b9dad7944a9e99601af3c9f	W7MC44	miss	303	303	False	1.0	d6710dac78709caf6f6fafbacdc010698fa1074b2a60ddae7315c4faafd5ce35	08e4846e537177426273712802403f7ba8261b6c	mean_5_11_17_23_29_33|domfull	303	0.000980392156862745	fp32	cuda	
38d199f36ad5da8d13558805	Q9JJB1	miss	302	302	False	1.0	9bff418b14c576eeb47c3b634444c6326a34a94a97617a0e49f097aafef82852	08e4846e537177426273712802403f7ba8261b6c	mean_5_11_17_23_29_33|domfull	302	0.000980392156862745	fp32	cuda	
13d90a595d6dc58f9eeed1df	D3K0N9	miss	301	301	False	1.0	4aa5648dcea3f09d090a84824291ac7cff17b0fec2ac5680699c0c0ce98cad3a	08e4846e537177426273712802403f7ba8261b6c	mean_5_11_17_23_29_33|domfull	301	0.000980392156862745	fp32	cuda	
b18069db60f92acde86f9fb1	Q969T7	miss	300	300	False	1.0	048414ac56487de43456c4d8277feabecbeb4db4194a42f3cd885bfd823b008f	08e4846e537177426273712802403f7ba8261b6c	mean_5_11_17_23_29_33|domfull	300	0.000980392156862745	fp32	cuda	
206df7529560a1c119eb1994	Q9C0Y7	miss	300	300	False	1.0	6deb7a6946e6df8e2f2e86dccf83334dffd70c47a952e0ae7ff2114f5e4fb9c3	08e4846e537177426273712802403f7ba8261b6c	mean_5_11_17_23_29_33|domfull	300	0.000980392156862745	fp32	cuda	
08fec60b21572e6d1b8e48b5	Q9E7N7	miss	300	300	False	1.0	b21f4b3e6095faf5f5e43d1eca2926eeb71575dd806aa5adbf4f22a12a67da2f	08e4846e537177426273712802403f7ba8261b6c	mean_5_11_17_23_29_33|domfull	300	0.000980392156862745	fp32	cuda	
d400cc8f01a1ca4d26289cf2	Q9FHH1	miss	300	300	False	1.0	b1cc83d296edd7aa9bf10298efaa33c1c6db60352c83d572ffc250e74b9ceb72	08e4846e537177426273712802403f7ba8261b6c	mean_5_11_17_23_29_33|domfull	300	0.000980392156862745	fp32	cuda	
92619f6edd9f3813829c8a64	Q9Z4Z7	miss	300	300	False	1.0	1d6e6edabeef949e89798ae830dad1a1ccced189853bd77690cd3c1f1fb2ef1d	08e4846e537177426273712802403f7ba8261b6c	mean_5_11_17_23_29_33|domfull	300	0.000980392156862745	fp32	cuda	
2f2670386852b77bc7b14a38	Q8T0D4	miss	299	299	False	1.0	b012884ab567e34dadc52da407315db5f040b4a1de2fb34b13b05602ab8a9870	08e4846e537177426273712802403f7ba8261b6c	mean_5_11_17_23_29_33|domfull	299	0.000980392156862745	fp32	cuda	
46882339338069c598c2c69f	P30897	miss	298	298	False	1.0	1fea69fa2e6bbe3d5809798366627d8230698d19a8701f372956262daa8702e0	08e4846e537177426273712802403f7ba8261b6c	mean_5_11_17_23_29_33|domfull	298	0.000980392156862745	fp32	cuda	
f58c8a84a9b8d68afc52d63f	Q5AGZ7	miss	298	298	False	1.0	8b82a8987cb998ead01d2ca8b8577cff4b7862ff499559579dd41d6de6d1c5a2	08e4846e537177426273712802403f7ba8261b6c	mean_5_11_17_23_29_33|domfull	298	0.000980392156862745	fp32	cuda	
9d3a7f669920bce5418bbda9	Q9ZJZ2	miss	298	298	False	1.0	5e8727d71cf691e9fc8e0213810dcaacaf557bd4ecc5315c18648db518a3e341	08e4846e537177426273712802403f7ba8261b6c	mean_5_11_17_23_29_33|domfull	298	0.000980392156862745	fp32	cuda	
52b4f15e19e0c1f776a3455a	P25368	miss	297	297	False	1.0	6a4eaa5bef8dfbf6e396c188df308529b8b4eeffa880776c0ee4cd3c37286dd5	08e4846e537177426273712802403f7ba8261b6c	mean_5_11_17_23_29_33|domfull	297	0.000980392156862745	fp32	cuda	
81b926c7d7923a5285956638	Q96A61	miss	297	297	False	1.0	27595171a3e4f4dedabaaaa2bb61231052c99f08afa90a2c2db0b4f692e98e0e	08e4846e537177426273712802403f7ba8261b6c	mean_5_11_17_23_29_33|domfull	297	0.000980392156862745	fp32	cuda	
7a0d15a26d1e1cc783217786	Q9EX73	miss	297	297	False	1.0	1381c38e87190069491bacc994cebf7391e72bc176415b60b361972cb7c4f058	08e4846e537177426273712802403f7ba8261b6c	mean_5_11_17_23_29_33|domfull	297	0.000925925925925926	fp32	cuda	
1fd9b21039d3365ce1e43bbe	Q9SX73	miss	297	297	False	1.0	21e737c9da9c38909c07e6600f15bba37458dc268bbca0282d1c519ca03b26da	08e4846e537177426273712802403f7ba8261b6c	mean_5_11_17_23_29_33|domfull	297	0.000925925925925926	fp32	cuda	
a7250d814e7be461012f857a	W7E3X3	miss	297	297	False	1.0	d8ddc2690c5dfac86e6662626b1cc9ac569ea967a6d550878ec6ccb485aef8f4	08e4846e537177426273712802403f7ba8261b6c	mean_5_11_17_23_29_33|domfull	297	0.000925925925925926	fp32	cuda	
5e3619b81f27f9673b8a2e07	Q8JG30	miss	296	296	False	1.0	bb63e4e1afce49a3a19d920c9f18194addda03c824bc83cddbe9e497de66b444	08e4846e537177426273712802403f7ba8261b6c	mean_5_11_17_23_29_33|domfull	296	0.000925925925925926	fp32	cuda	
6d640cea826284624eda7dc5	Q91F87	miss	296	296	False	1.0	a14ed27fa4c3dddf75996ef810417f606d888b71164e43d11d4ca813aa1b44ae	08e4846e537177426273712802403f7ba8261b6c	mean_5_11_17_23_29_33|domfull	296	0.000925925925925926	fp32	cuda	
2b2658449801bbf5dfee3fc0	Q9ZUH5	miss	296	296	False	1.0	a072e1785fbd5da44a3d61909a3834dac284020b9e82b8315e1863bcb2217b1b	08e4846e537177426273712802403f7ba8261b6c	mean_5_11_17_23_29_33|domfull	296	0.000925925925925926	fp32	cuda	
c3ee90bbfdecde501dbb88ab	Q23588	miss	295	295	False	1.0	c8dcea54d3af1285f17365360846eeeab31b97bc4bed3228ee23025d720bafe8	08e4846e537177426273712802403f7ba8261b6c	mean_5_11_17_23_29_33|domfull	295	0.000925925925925926	fp32	cuda	
e89d66c21fc18a69266f494e	Q8N4B5	miss	295	295	False	1.0	4d769c885e5cf53c6416988f1344b46002f43e0d0ba87464212903d2459516b9	08e4846e537177426273712802403f7ba8261b6c	mean_5_11_17_23_29_33|domfull	295	0.000925925925925926	fp32	cuda	
3df8efc714783d2fe4e6660b	Q9YDF8	miss	295	295	False	1.0	5d0e3c1672471bf0758fe20573bf2bd2b64b9ec3188775bb0e77ed1ad3e9cb9e	08e4846e537177426273712802403f7ba8261b6c	mean_5_11_17_23_29_33|domfull	295	0.000925925925925926	fp32	cuda	
34ffd8077a5fb62e21aefdaa	Q91FD3	miss	294	294	False	1.0	23719bdf1cbe7dcb970f8efa8cd5c15d51ed7da79598a744a414f95cd25a8c2b	08e4846e537177426273712802403f7ba8261b6c	mean_5_11_17_23_29_33|domfull	294	0.000925925925925926	fp32	cuda	
d2811d20e8e6d76eaf8017f4	Q93WG3	miss	294	294	False	1.0	ef927bdffcd301c252d87d8ef0f2e3bb5f685ca8dcbc414837285d590fb4431d	08e4846e537177426273712802403f7ba8261b6c	mean_5_11_17_23_29_33|domfull	294	0.000925925925925926	fp32	cuda	
9fce607ea6bd08544eda7f89	Q9FIM0	miss	294	294	False	1.0	a3af9f73484fc0cd964df3eed1b2abd978e55de571c117b027dc8456c0ab16da	08e4846e537177426273712802403f7ba8261b6c	mean_5_11_17_23_29_33|domfull	294	0.000925925925925926	fp32	cuda	
fdb6156f7cf9839231f36697	Q9LY00	miss	294	294	False	1.0	b5cd531f80c065d41817d7725e567ef2a448944f35c7072c5162e6566ebf9f08	08e4846e537177426273712802403f7ba8261b6c	mean_5_11_17_23_29_33|domfull	294	0.000925925925925926	fp32	cuda	
d107c9ba7aeba11e3675c826	Q9PQE6	miss	294	294	False	1.0	4c63f1137b939d271d2ab6117054114c6d09e949cb3449c022efe9bc778d06c5	08e4846e537177426273712802403f7ba8261b6c	mean_5_11_17_23_29_33|domfull	294	0.000925925925925926	fp32	cuda	
6b6671416af2b2c75261d803	Q7VDL7	miss	293	293	False	1.0	5ac453b7b296df28c57e6ea5c86b474c19b6866c145c07d2ddf92f6ac76d59b7	08e4846e537177426273712802403f7ba8261b6c	mean_5_11_17_23_29_33|domfull	293	0.000925925925925926	fp32	cuda	
e10048a624511b00327c9842	Q9VNG0	miss	293	293	False	1.0	df6baf0104d56ab0ef2eefc4d4e055d7173aa2052f9899a394cb33f860b9b981	08e4846e537177426273712802403f7ba8261b6c	mean_5_11_17_23_29_33|domfull	293	0.000925925925925926	fp32	cuda	
0d93be8adf815c2b9b0bed9b	Q96B33	miss	292	292	False	1.0	f0c32d77dc66cd25839e68d719d11c764f224759c7f30ae78e4af3a9f654279c	08e4846e537177426273712802403f7ba8261b6c	mean_5_11_17_23_29_33|domfull	292	0.000925925925925926	fp32	cuda	
3fc9c4ddb7a36798085fac7e	Q9UIY3	miss	292	292	False	1.0	93fb37c38798463e827269a0abc87e1b7bfeb2017820badf67c70ba5a42574a8	08e4846e537177426273712802403f7ba8261b6c	mean_5_11_17_23_29_33|domfull	292	0.000925925925925926	fp32	cuda	
fbdb0ef92865f3b02fb5405b	Q9XZL8	miss	292	292	False	1.0	0444528c47ecbb8cf0fb5a89aab7f9d4eb01025fb5ae7a41795d1ecda4b21f68	08e4846e537177426273712802403f7ba8261b6c	mean_5_11_17_23_29_33|domfull	292	0.000925925925925926	fp32	cuda	
e9359a72f6f7076faedb3cd7	Q8EX12	miss	291	291	False	1.0	e9fb89b8cbb0e89dd073872437dc08c4eb0b0dcd8a9ce0bb9ec77c69bbf6896c	08e4846e537177426273712802403f7ba8261b6c	mean_5_11_17_23_29_33|domfull	291	0.000925925925925926	fp32	cuda	
0954b44c8256ea97ca586d0c	Q9ES81	miss	291	291	False	1.0	a661cd08849d0a49097a534c68882efb8e0d3bfab2fe43dfdcdec764c6906f5a	08e4846e537177426273712802403f7ba8261b6c	mean_5_11_17_23_29_33|domfull	291	0.000925925925925926	fp32	cuda	
9731101a3552055caae1eb0f	Q9FFB6	miss	291	291	False	1.0	fd09da9b5ab55f2fe7d1f2b0a982918741fb8d06b67eae9c6ed0804224c88a18	08e4846e537177426273712802403f7ba8261b6c	mean_5_11_17_23_29_33|domfull	291	0.000925925925925926	fp32	cuda	
9c99f0f11da38e2796c562cd	A0A0K8P6T7	miss	290	290	False	1.0	12c59fe9dab495ee536f1c2a5fc28c66e212192096c2351044d4dc139042f5af	08e4846e537177426273712802403f7ba8261b6c	mean_5_11_17_23_29_33|domfull	290	0.000925925925925926	fp32	cuda	
519f60eaf131a2488a5e891a	Q91F63	miss	290	290	False	1.0	ab059d35bb428f083cf2118c8a3393fc2cd8f2938fd275417d3e9fe7f9c709d0	08e4846e537177426273712802403f7ba8261b6c	mean_5_11_17_23_29_33|domfull	290	0.000925925925925926	fp32	cuda	
1f9e2e4fe2f1f23a543781f9	Q969X5	miss	290	290	False	1.0	e24e21fad94d8bdbf83131d049719a7587fdf9132a133567b3cbf4a573e5e89c	08e4846e537177426273712802403f7ba8261b6c	mean_5_11_17_23_29_33|domfull	290	0.000925925925925926	fp32	cuda	
8cae75b8fe18863ad32f0e6e	Q99219	miss	290	290	False	1.0	a0e23e30366e7ac147512b98c2a3e6bec63f9d4cb0851f82ef1c518e1ede638a	08e4846e537177426273712802403f7ba8261b6c	mean_5_11_17_23_29_33|domfull	290	0.000925925925925926	fp32	cuda	
f22e4ba730389363e10ffd1b	Q9T0F7	miss	290	290	False	1.0	32386ae3947775791306dd0b83611ed01b5026602281357001ace3b1440ca781	08e4846e537177426273712802403f7ba8261b6c	mean_5_11_17_23_29_33|domfull	290	0.000925925925925926	fp32	cuda	
aca6f659117d515e1dc2efef	Q9UIW0	miss	290	290	False	1.0	8e76b0e766f793ac0f074453dbccd6b8003fc0c61ca32a09cc0d2c1e763da65f	08e4846e537177426273712802403f7ba8261b6c	mean_5_11_17_23_29_33|domfull	290	0.000925925925925926	fp32	cuda	
0270b02c8d463eb90fbeffce	Q9Y2B4	miss	290	290	False	1.0	1a0887922efb4761d5fe46c9a7e074034a4a9c0b8b55e65b0b339bd408606e6b	08e4846e537177426273712802403f7ba8261b6c	mean_5_11_17_23_29_33|domfull	290	0.000925925925925926	fp32	cuda	
eda7329fad17ee3a7a2e25d2	Q91YY4	miss	289	289	False	1.0	584a0adf7b9fa1889515baa885d4709e794f02de084864f8fa36c44160756f69	08e4846e537177426273712802403f7ba8261b6c	mean_5_11_17_23_29_33|domfull	289	0.000925925925925926	fp32	cuda	
d07f8bf9690720d6d8368c38	Q96FX7	miss	289	289	False	1.0	56c63d84c350f2de04e38ec807277917730a7c4496397cc342cf3ce6648a6ca8	08e4846e537177426273712802403f7ba8261b6c	mean_5_11_17_23_29_33|domfull	289	0.000925925925925926	fp32	cuda	
06c4efff2040ab92c25e670a	Q9JLU8	miss	289	289	False	1.0	33307e0bf54f348146063261f5a449767959a787078530e2f307110d81475fe7	08e4846e537177426273712802403f7ba8261b6c	mean_5_11_17_23_29_33|domfull	289	0.000925925925925926	fp32	cuda	
2bce72da0b2c718909deede9	Q9PQ75	miss	289	289	False	1.0	4b1e34613479ca1dc138f6d8379749e9b943731a75fd9a5d3e09c5255b3da1b8	08e4846e537177426273712802403f7ba8261b6c	mean_5_11_17_23_29_33|domfull	289	0.000925925925925926	fp32	cuda	
747341c3bc2908a6a0cb12e7	Q9SYY4	miss	289	289	False	1.0	3e714464bd4d61d0711c6d90b2b338476abd5430d9d18ef1d657c66bd28de0f2	08e4846e537177426273712802403f7ba8261b6c	mean_5_11_17_23_29_33|domfull	289	0.000925925925925926	fp32	cuda	
f6ca070716e08439e65ea026	A0A1B3PEJ0	miss	288	288	False	1.0	029419211f4d7e2a78341bd2fe152e2619ffa79450738da2b3936576fd3c890a	08e4846e537177426273712802403f7ba8261b6c	mean_5_11_17_23_29_33|domfull	288	0.000925925925925926	fp32	cuda	
428943642414334171bd5b2d	Q01782	miss	288	288	False	1.0	15625e82717679d49338a6bd2deed7a37bf2639a682d0b02b6476f3424907e8f	08e4846e537177426273712802403f7ba8261b6c	mean_5_11_17_23_29_33|domfull	288	0.000925925925925926	fp32	cuda	
38a98008b5a2a89c8c2998bb	Q9M202	miss	288	288	False	1.0	a4d5c081a664f119289ec7170dc0960e57c9ff848d02bdf43d8ec408dd33ea40	08e4846e537177426273712802403f7ba8261b6c	mean_5_11_17_23_29_33|domfull	288	0.000925925925925926	fp32	cuda	
ba17d38a44144b620473c827	Q9ZD57	miss	288	288	False	1.0	8ded693ae0131ceceeabcc5094ca0feae6793fcafbd8afbd35497e2265f87240	08e4846e537177426273712802403f7ba8261b6c	mean_5_11_17_23_29_33|domfull	288	0.000925925925925926	fp32	cuda	
ba67a5737ef5369ce2d527bc	Q80V24	miss	287	287	False	1.0	f1da5c6f14dcf5807e122ab04fe73babd95651208d575dc7d16f249a9e52ad09	08e4846e537177426273712802403f7ba8261b6c	mean_5_11_17_23_29_33|domfull	287	0.000925925925925926	fp32	cuda	
68b035c4bb57db9018178bf8	Q84JC0	miss	287	287	False	1.0	c9e1087a3847bc1bd39af36151d551f213d2ffb50ea28c3d4b156c1828e92b37	08e4846e537177426273712802403f7ba8261b6c	mean_5_11_17_23_29_33|domfull	287	0.000925925925925926	fp32	cuda	
b7b284b10b1246a5a58dd0b5	Q99390	miss	286	286	False	1.0	36e55ee3221f102fd49c047eeaf4fe84f9d29419b495f0b44f16b97eb439369e	08e4846e537177426273712802403f7ba8261b6c	mean_5_11_17_23_29_33|domfull	286	0.000925925925925926	fp32	cuda	
beb6ea27f7c1fa08c196f109	Q9SIL6	miss	286	286	False	1.0	98a5f0d9cc19f01e7916b81e895bf2d24399a507678bbf77603cb831aca49022	08e4846e537177426273712802403f7ba8261b6c	mean_5_11_17_23_29_33|domfull	286	0.000925925925925926	fp32	cuda	
3553b63868305235ef004bb5	Q41161	miss	285	285	False	1.0	68bb1ca52f9627c30e6f4c88b2a3e40509931e42908c9595a0318de9c93a34dc	08e4846e537177426273712802403f7ba8261b6c	mean_5_11_17_23_29_33|domfull	285	0.000925925925925926	fp32	cuda	
3dab4233d0188b4e73d5e3b6	P38634	miss	284	284	False	1.0	d937e4feb8cd05e8908941f8d5bb208ca70566a261eb88cdf078358bdd2b435b	08e4846e537177426273712802403f7ba8261b6c	mean_5_11_17_23_29_33|domfull	284	0.000925925925925926	fp32	cuda	
26685bcb486a6d56d27fd923	Q7LYX0	miss	284	284	False	1.0	ded32a260e6bdd572415348d2231cc2e44825c4583986adc4eb0d397e9c8d523	08e4846e537177426273712802403f7ba8261b6c	mean_5_11_17_23_29_33|domfull	284	0.000925925925925926	fp32	cuda	
256b3a4dadadbbd034cdf6ce	Q8U544	miss	284	284	False	1.0	986dc101429ea5951346ea0323f790872d7165e13b317b01b7b37426d351dae1	08e4846e537177426273712802403f7ba8261b6c	mean_5_11_17_23_29_33|domfull	284	0.000925925925925926	fp32	cuda	
9dbca5921775336e584aa7c5	Q9I452	miss	284	284	False	1.0	ed39fa5dad39bce076443224426381fededb3d1eb1079d3e35f84fa2f0861015	08e4846e537177426273712802403f7ba8261b6c	mean_5_11_17_23_29_33|domfull	284	0.000925925925925926	fp32	cuda	
8bae86675288de93f80c0939	Q9SH40	miss	284	284	False	1.0	e7faeb0d0c9d9f9ca56d2654f18ca655b1f9e3a29dd6da973864949108ffbb52	08e4846e537177426273712802403f7ba8261b6c	mean_5_11_17_23_29_33|domfull	284	0.000925925925925926	fp32	cuda	
0030c111645da5de616c16ac	Q9U4H5	miss	284	284	False	1.0	f75326a6a1e8dc430a0756986e61ef5b3c0904e3f279a8df32cd08b7018808c2	08e4846e537177426273712802403f7ba8261b6c	mean_5_11_17_23_29_33|domfull	284	0.000925925925925926	fp32	cuda	
916a598e813c396eecfc02f6	Q9ZUI9	miss	284	284	False	1.0	14bb37bbbf9ee717aa1c3508cc4e48461b2615d6057064922b202cc2d42866f3	08e4846e537177426273712802403f7ba8261b6c	mean_5_11_17_23_29_33|domfull	284	0.000925925925925926	fp32	cuda	
16b0c5fb1b61a0cdfeb8fa0b	Q03337	miss	283	283	False	1.0	b2290ee4fb2e6b457d69e2a7f0a174f8cde1a4626cfc5e8284adb281d0292ab5	08e4846e537177426273712802403f7ba8261b6c	mean_5_11_17_23_29_33|domfull	283	0.000925925925925926	fp32	cuda	
b8525ce3153f2daa33b6f341	Q716G6	miss	282	282	False	1.0	3bd73f342a22e10c0c62cb1ff9c0df48057cb495ec3a81ee3a6ad2aa069c58f0	08e4846e537177426273712802403f7ba8261b6c	mean_5_11_17_23_29_33|domfull	282	0.000925925925925926	fp32	cuda	
ed9f642f3d8f42f74009c52f	Q8GWH3	miss	282	282	False	1.0	36b5f228dbd3615df224623c3869a4c895bf4ed8bf35d9efaa76f0c8be6b6c53	08e4846e537177426273712802403f7ba8261b6c	mean_5_11_17_23_29_33|domfull	282	0.000925925925925926	fp32	cuda	
9813c5c5402ae132bc0af4dc	Q8R6L9	miss	282	282	False	1.0	142d4cdbeffe5a417618670c66e38b6737b2297df9b355752a817957326a075b	08e4846e537177426273712802403f7ba8261b6c	mean_5_11_17_23_29_33|domfull	282	0.000925925925925926	fp32	cuda	
66ffb53a64ecd60d8d612755	Q94JM2	miss	282	282	False	1.0	425fa3bf2c9444df876797eb933d7b77ff75b7144638a80fb6b6b8e92fb0b895	08e4846e537177426273712802403f7ba8261b6c	mean_5_11_17_23_29_33|domfull	282	0.0008771929824561404	fp32	cuda	
fc64ee1ac84f1c0b0397803c	Q9WXX9	miss	282	282	False	1.0	abfd115da23a12fd690246e6839b3e82b494f6224abdd129f69b34b538b903a5	08e4846e537177426273712802403f7ba8261b6c	mean_5_11_17_23_29_33|domfull	282	0.0008771929824561404	fp32	cuda	
87df24e1234e75b1350c6224	P03069	miss	281	281	False	1.0	6cd639f4ddcf6098642b464e1a607723a8b57278c415ee52cb25f481a8953305	08e4846e537177426273712802403f7ba8261b6c	mean_5_11_17_23_29_33|domfull	281	0.0008771929824561404	fp32	cuda	
627d50a45c7be3ef05c1b647	Q5EBJ4	miss	281	281	False	1.0	52d7ac273eb01a7a886676f04c9a4fbf9fa26126efa07719cc460271328d95b3	08e4846e537177426273712802403f7ba8261b6c	mean_5_11_17_23_29_33|domfull	281	0.0008771929824561404	fp32	cuda	
2cac4850e3ccd950db6ead2c	Q9CFB9	miss	281	281	False	1.0	ed9d9c59bd4166920d27e651772b8a8cb0cf19d12ac056629c6e8adb29f08f6f	08e4846e537177426273712802403f7ba8261b6c	mean_5_11_17_23_29_33|domfull	281	0.0008771929824561404	fp32	cuda	
8b0ef9187546f6daf2ccbceb	Q84MB5	miss	280	280	False	1.0	88d683e24ae97d092615adf237dcc5a39840beb2818f11ff377d35fbf36df1ec	08e4846e537177426273712802403f7ba8261b6c	mean_5_11_17_23_29_33|domfull	280	0.0008771929824561404	fp32	cuda	
c68341b753936a4e7e9ed9fd	Q8WTC1	miss	280	280	False	1.0	9764a3346e23b085b56e803147c805721b77a0e37742e2bff02b6a2869c10b49	08e4846e537177426273712802403f7ba8261b6c	mean_5_11_17_23_29_33|domfull	280	0.0008771929824561404	fp32	cuda	
fad4d4484bcdca3c255f93eb	Q93VH1	miss	280	280	False	1.0	65e98d75c4ba4ee36bbe43eca327d5df686287d154117e268df18f4c5ab2b58b	08e4846e537177426273712802403f7ba8261b6c	mean_5_11_17_23_29_33|domfull	280	0.0008771929824561404	fp32	cuda	
8d2c9a43091ede7a7fdcd7f6	Q9BWC9	miss	280	280	False	1.0	3e23dfae2182d16ce4f0e6224940f49dd017ac0fdbd4d86aaab9d081b14ce272	08e4846e537177426273712802403f7ba8261b6c	mean_5_11_17_23_29_33|domfull	280	0.0008771929824561404	fp32	cuda	
c5b5d0edc93cc9be87e48518	Q9CNJ6	miss	280	280	False	1.0	e54ad2bbf122f5a61bd77d4928d55bff7014221e502ac569db449161d674d7a5	08e4846e537177426273712802403f7ba8261b6c	mean_5_11_17_23_29_33|domfull	280	0.0008771929824561404	fp32	cuda	
2e88da14e76388050939e540	Q9LM24	miss	280	280	False	1.0	c2385eca3481590d397305d0661e6320abc3d23a2530b0c262bc11dc466efb56	08e4846e537177426273712802403f7ba8261b6c	mean_5_11_17_23_29_33|domfull	280	0.0008771929824561404	fp32	cuda	
4b552622439250edb0e81c97	Q9LW20	miss	280	280	False	1.0	b8459ce469fb4428a6ffb8d558b06f0b18863a5afca746cb4005917b514f0830	08e4846e537177426273712802403f7ba8261b6c	mean_5_11_17_23_29_33|domfull	280	0.0008771929824561404	fp32	cuda	
b8708279dab5b814246eb7a8	Q9QWZ1	miss	280	280	False	1.0	2fcb21808adbb097411dfcb2970f63d78cb3d83e8092d58bb43e66e73e7f7801	08e4846e537177426273712802403f7ba8261b6c	mean_5_11_17_23_29_33|domfull	280	0.0008771929824561404	fp32	cuda	
521477df41eb519e3fe87910	Q9ZDG1	miss	280	280	False	1.0	2d2dc3ff6be3711b61cb8ade2054b9c4da1fb0723062c86da532636517b4fb3f	08e4846e537177426273712802403f7ba8261b6c	mean_5_11_17_23_29_33|domfull	280	0.0008771929824561404	fp32	cuda	
b28d846309ac5c1d7b20cce1	P36573	miss	279	279	False	1.0	147dbcc99e91301a38e9534f1a1a0f64b24504896e4b90ea8d878aa0fbfb5be6	08e4846e537177426273712802403f7ba8261b6c	mean_5_11_17_23_29_33|domfull	279	0.0008771929824561404	fp32	cuda	
84d742e6bc813dcd385e5f02	Q9LDE2	miss	279	279	False	1.0	9eae61a4bdc88860797cb80e96fdbd60bc6a8966fdcb0db0d110793203035b6e	08e4846e537177426273712802403f7ba8261b6c	mean_5_11_17_23_29_33|domfull	279	0.0008771929824561404	fp32	cuda	
30663ae5ab64a532845ee9f0	Q9PWL7	miss	279	279	False	1.0	00226de9fa7c5c962a23f904f4ba1c5a9fe165202b0be3acbe7e4c335fa1731b	08e4846e537177426273712802403f7ba8261b6c	mean_5_11_17_23_29_33|domfull	279	0.0008771929824561404	fp32	cuda	
17e09158e957a58186f72daf	Q9XJ36	miss	279	279	False	1.0	8cfc34141f773f70404fc214217ea40eeff0cb591b877d95d033d8045a70b2b0	08e4846e537177426273712802403f7ba8261b6c	mean_5_11_17_23_29_33|domfull	279	0.0008771929824561404	fp32	cuda	
ca0e030a8841d9cf6a386f26	Q9Y7Z5	miss	279	279	False	1.0	62e440f5a6102dab27fbf9458354420a890faa798ef509faf24c34aad49251fa	08e4846e537177426273712802403f7ba8261b6c	mean_5_11_17_23_29_33|domfull	279	0.0008771929824561404	fp32	cuda	
336490c6cede65045354c290	Q9R0A8	miss	278	278	False	1.0	1185e166e0ec1157cb1e800e59d2cb86db180747cb2f2ca054017bf7b9997310	08e4846e537177426273712802403f7ba8261b6c	mean_5_11_17_23_29_33|domfull	278	0.0008771929824561404	fp32	cuda	
d8a5d54fae41634ac8c07ed8	Q9SJ07	miss	278	278	False	1.0	17755150c0212a1fcec2e54138d8c76c608164e765eeadfd8384d7fcc044c0f6	08e4846e537177426273712802403f7ba8261b6c	mean_5_11_17_23_29_33|domfull	278	0.0008771929824561404	fp32	cuda	
66a716ccd14fbf9934d55e82	Q9V4S8	miss	278	278	False	1.0	bf1dc12320dcd0501a35aa2bb84687ff505eafcddcb8d5f9a6749a5cc7127914	08e4846e537177426273712802403f7ba8261b6c	mean_5_11_17_23_29_33|domfull	278	0.0008771929824561404	fp32	cuda	
5305d5087a436ddcd6c3a4f4	Q9RN08	miss	277	277	False	1.0	e43c3b3e455078c892a210505011570328e90d5cbb8b0e49fcd2d1325bac3ca5	08e4846e537177426273712802403f7ba8261b6c	mean_5_11_17_23_29_33|domfull	277	0.0008771929824561404	fp32	cuda	
db83c679cb33d3d06bef1950	Q9YDM7	miss	277	277	False	1.0	4020ef498266e73da64fb3953e49c2fae795a513cbbae2dc5111fec7472888ca	08e4846e537177426273712802403f7ba8261b6c	mean_5_11_17_23_29_33|domfull	277	0.0008771929824561404	fp32	cuda	
766adf2a88537148d2f30df9	P79780	miss	276	276	False	1.0	cba06483ec53c4470e2d11c9e0d51946dfca909270e3b57dfcffb73ab70f6605	08e4846e537177426273712802403f7ba8261b6c	mean_5_11_17_23_29_33|domfull	276	0.0008771929824561404	fp32	cuda	
f07d26cadae3873771f421ff	Q8K593	miss	276	276	False	1.0	dcf29f9904c9d072cf6fc7cc1ddf22eff43918a50f593a94533a4a87571152f8	08e4846e537177426273712802403f7ba8261b6c	mean_5_11_17_23_29_33|domfull	276	0.0008771929824561404	fp32	cuda	
64fe2f3a14f9cfa14f82c9b8	Q8LN49	miss	276	276	False	1.0	3b0ba16d738236e97e0e229c2eeb3e5ecbeaf4ce645f1a0311038474b83e6bde	08e4846e537177426273712802403f7ba8261b6c	mean_5_11_17_23_29_33|domfull	276	0.0008771929824561404	fp32	cuda	
3774638001a4eac09fedc613	Q9D9V4	miss	276	276	False	1.0	a26cb79f4bde3a605cbd8d692353a6172051bc6912b6a218fb1442b537aa2e91	08e4846e537177426273712802403f7ba8261b6c	mean_5_11_17_23_29_33|domfull	276	0.0008771929824561404	fp32	cuda	
3cd7fcbdb0696f9e6d5c27a0	Q9FJV5	miss	276	276	False	1.0	7b5af53bc78f1a5fb44d6ba430bc2b82e88d816c3ea622728be4bfb079e6f135	08e4846e537177426273712802403f7ba8261b6c	mean_5_11_17_23_29_33|domfull	276	0.0008771929824561404	fp32	cuda	
b2d8440661a21bb531c310d1	Q9STF1	miss	276	276	False	1.0	2082c8df503ef77c5920bc823ae89a67d114fd3878e67115c4adc5af33d3998b	08e4846e537177426273712802403f7ba8261b6c	mean_5_11_17_23_29_33|domfull	276	0.0008771929824561404	fp32	cuda	
8a23cad27dcd3128d3043547	Q8S9N6	miss	275	275	False	1.0	f5762e168a58e43d9746811ea148c0514c5411fa76c9aa3a0750e5cd995ab67a	08e4846e537177426273712802403f7ba8261b6c	mean_5_11_17_23_29_33|domfull	275	0.0008771929824561404	fp32	cuda	
8cdbc7ba463a8d6e2717d2fa	Q90055	miss	275	275	False	1.0	5b9ea237b28dbb6d7f5437abe28cdad652250bf3a0f993c97bd7ae4a47291eda	08e4846e537177426273712802403f7ba8261b6c	mean_5_11_17_23_29_33|domfull	275	0.0008771929824561404	fp32	cuda	
03a5a9dba04cd9e936ef745e	Q94521	miss	275	275	False	1.0	c0168d46db25f8964e2a5d5b8cb888d749ddce784f26a4ec24b769431a7d42bb	08e4846e537177426273712802403f7ba8261b6c	mean_5_11_17_23_29_33|domfull	275	0.0008771929824561404	fp32	cuda	
8f98b882353163faa18bb0b9	Q9FJ81	miss	275	275	False	1.0	4bf00272f47b58a6fa549cd76568bd258bc473ddf30ff45524a320786b14fd5e	08e4846e537177426273712802403f7ba8261b6c	mean_5_11_17_23_29_33|domfull	275	0.0008771929824561404	fp32	cuda	
0d977c806f874888ba3ce9fd	Q9HYK9	miss	275	275	False	1.0	755df63418f596de732f4e05a8948eb4e192a382ef80f561ad903b8f51cac544	08e4846e537177426273712802403f7ba8261b6c	mean_5_11_17_23_29_33|domfull	275	0.0008771929824561404	fp32	cuda	
9708dd083132de325b57cecd	Q9X0D3	miss	275	275	False	1.0	fbf6d3970897312149f9064946090f3ee26d11c8812be1c19df644c076fd024e	08e4846e537177426273712802403f7ba8261b6c	mean_5_11_17_23_29_33|domfull	275	0.0008771929824561404	fp32	cuda	
c22ed1f4ba48d7c081c04c35	P70339	miss	274	274	False	1.0	8248ac71129b8898e5296f62d891afacbcd901e2353cfe81961fc21d93cc3a04	08e4846e537177426273712802403f7ba8261b6c	mean_5_11_17_23_29_33|domfull	274	0.0008771929824561404	fp32	cuda	
995879aef2033fc04d81ac6d	Q6DHR8	miss	274	274	False	1.0	eb67bb76d091c6e702683fcb80e5f913bcd2fba69834cdd52bdbe644efb3dd10	08e4846e537177426273712802403f7ba8261b6c	mean_5_11_17_23_29_33|domfull	274	0.0008771929824561404	fp32	cuda	
d6d05d21ddbf5a241410dcf1	Q833J1	miss	274	274	False	1.0	875c1adb47244b6f7f09bbba71ffc1032a299311964518c9c8691466c066d187	08e4846e537177426273712802403f7ba8261b6c	mean_5_11_17_23_29_33|domfull	274	0.0008771929824561404	fp32	cuda	
1d20ca5fae577d7b8fd27412	Q9URV0	miss	274	274	False	1.0	64d4a9d9a0735d1474c8eea9fd56b0ec7e571acf17c55a53117d6469e28fa1fa	08e4846e537177426273712802403f7ba8261b6c	mean_5_11_17_23_29_33|domfull	274	0.0008771929824561404	fp32	cuda	
b74f68bc6dcc41b05fc8ec17	Q9UUE0	miss	274	274	False	1.0	d3a41924675c2b419b82a9adca255477e8b771641da4d2579d87b4064fe6dfc8	08e4846e537177426273712802403f7ba8261b6c	mean_5_11_17_23_29_33|domfull	274	0.0008771929824561404	fp32	cuda	
dde382443b365cb6eefba5d4	Q9VQD4	miss	274	274	False	1.0	5f0baf84cfb2e124c1fb56a2ca521a1366833741770715df31ddbbfd7e3d54e2	08e4846e537177426273712802403f7ba8261b6c	mean_5_11_17_23_29_33|domfull	274	0.0008771929824561404	fp32	cuda	
ac40ae130f809228afb4456c	Q9Z6I6	miss	274	274	False	1.0	f99819fd9195e5b14b7d8078109b5ff43debe2a9c283a3bbc70fbca5dd786dc3	08e4846e537177426273712802403f7ba8261b6c	mean_5_11_17_23_29_33|domfull	274	0.0008771929824561404	fp32	cuda	
23bcf2f9fba47f7fd01ddf12	Q9SRV3	miss	273	273	False	1.0	4c00046c3f9e809539f74154d1ffea95f4321335263a3fe93e9f8cb18be0e24f	08e4846e537177426273712802403f7ba8261b6c	mean_5_11_17_23_29_33|domfull	273	0.0008771929824561404	fp32	cuda	
691dc00311e5185721ea2282	Q00871	miss	271	271	False	1.0	d0c7d22acc36f7ccb26c2d735993d0fdea6e1313f85a52997a54593e80754f6f	08e4846e537177426273712802403f7ba8261b6c	mean_5_11_17_23_29_33|domfull	271	0.0008771929824561404	fp32	cuda	
f05206d6ef01865c05362ece	Q8DUY4	miss	271	271	False	1.0	606eb8d4557e751c8debadae7f71ff5cfca2e53ff5fcce41d3ab85d098f2a7ad	08e4846e537177426273712802403f7ba8261b6c	mean_5_11_17_23_29_33|domfull	271	0.0008771929824561404	fp32	cuda	
b2e883e4596b98f043cbb3a4	Q8GY96	miss	271	271	False	1.0	63bdc7deb2546b48386fa921e0eef04e52a3d28ca16b7b9860b8f5fe22c5aa6d	08e4846e537177426273712802403f7ba8261b6c	mean_5_11_17_23_29_33|domfull	271	0.0008771929824561404	fp32	cuda	
391d01579a1644a7cf26d4f4	Q8SVC0	miss	271	271	False	1.0	5182338c888fbeec337ca71e8390fefb4fc5d75e3d836d3f44a6d4d37aafd465	08e4846e537177426273712802403f7ba8261b6c	mean_5_11_17_23_29_33|domfull	271	0.0008771929824561404	fp32	cuda	
032151a56baeaf6df3b4b452	Q99ZB6	miss	271	271	False	1.0	d57a2f1cc033d04cb6d12b05425006fafdfdc32a73e9e5aab27d05a272ff17f3	08e4846e537177426273712802403f7ba8261b6c	mean_5_11_17_23_29_33|domfull	271	0.0008771929824561404	fp32	cuda	
eaea349de634588de9e79887	Q9QZH4	miss	271	271	False	1.0	f3b1d9b36c92abba4fe7684bc7b73863811fceadca8c0cf82dfd03066b9334a2	08e4846e537177426273712802403f7ba8261b6c	mean_5_11_17_23_29_33|domfull	271	0.0008771929824561404	fp32	cuda	
07145aa8825ea714a02873fd	Q9ZVF5	miss	271	271	False	1.0	6f4808be009d2404a9ffd433b8967200691972acbae4497868096e89db221ecf	08e4846e537177426273712802403f7ba8261b6c	mean_5_11_17_23_29_33|domfull	271	0.0008771929824561404	fp32	cuda	
2395c4a8cd01003d108514c7	P24504	miss	270	270	False	1.0	a6e1a9a5f22b75bcf76a18b61fac1e3b7514d10fc486ffe1f65274f010af55f6	08e4846e537177426273712802403f7ba8261b6c	mean_5_11_17_23_29_33|domfull	270	0.0008771929824561404	fp32	cuda	
d90f33029cf7ed7b8ac71b26	Q9E6L9	miss	270	270	False	1.0	ec1b66df05690130bed03196e3cba016f06d09900195daf38c0745a45d81b947	08e4846e537177426273712802403f7ba8261b6c	mean_5_11_17_23_29_33|domfull	270	0.0008771929824561404	fp32	cuda	
ef8a39d10ed0695f7e60b861	Q9V637	miss	270	270	False	1.0	506f891ff614cd4e755e3db08d6f26b7a465f4c97b6c5c7daed9a3602a1ea785	08e4846e537177426273712802403f7ba8261b6c	mean_5_11_17_23_29_33|domfull	270	0.0008771929824561404	fp32	cuda	
6a2a4e5aa3541b129536ce56	Q9Y5W9	miss	270	270	False	1.0	dcec208553247e7fe0222b94a40e0de2eb2391be38826cafa7e2e1488d3c0fea	08e4846e537177426273712802403f7ba8261b6c	mean_5_11_17_23_29_33|domfull	270	0.0008771929824561404	fp32	cuda	
fe08062911e473c9b34dee2e	A2QID5	miss	269	269	False	1.0	00f21957b76b8e63472c5fadcee7e2d0e6d1669ad87829e398b9d49ad3f13dc1	08e4846e537177426273712802403f7ba8261b6c	mean_5_11_17_23_29_33|domfull	269	0.0008771929824561404	fp32	cuda	
5f9e29408aec84088620ef31	Q9FLX3	miss	269	269	False	1.0	4e6347f11bb4ced4ce2938da301fec3637b8ce51cbbf8acf27adb157b310fc95	08e4846e537177426273712802403f7ba8261b6c	mean_5_11_17_23_29_33|domfull	269	0.0008771929824561404	fp32	cuda	
06aa723ebefb957682c7561e	Q9LHH5	miss	269	269	False	1.0	9c2a028b9a45ed781dd98955f118c940dee3cb3291858a4ffabac102acce7167	08e4846e537177426273712802403f7ba8261b6c	mean_5_11_17_23_29_33|domfull	269	0.0008333333333333334	fp32	cuda	
3d8726e74ce14af6f7b2c690	Q10007	miss	268	268	False	1.0	1a9c260e9f14d72e19b210d4135f236af35a128b1edca884793d047a9426ec66	08e4846e537177426273712802403f7ba8261b6c	mean_5_11_17_23_29_33|domfull	268	0.0008333333333333334	fp32	cuda	
5a3b1cfebf24cbff9b3e45b9	Q9PR13	miss	268	268	False	1.0	f33a99e7cdb3b3a43cfa78ba7e1691b350194f450c0e7ad8c72e90f0fff7e688	08e4846e537177426273712802403f7ba8261b6c	mean_5_11_17_23_29_33|domfull	268	0.0008333333333333334	fp32	cuda	
832b7cef7b447e7401aa1a70	Q9US14	miss	268	268	False	1.0	faecfa4d7f37bbeb63f1e910eb13b956b7888d385dcd71a9fa1bc1a68b0f8165	08e4846e537177426273712802403f7ba8261b6c	mean_5_11_17_23_29_33|domfull	268	0.0008333333333333334	fp32	cuda	
efa80c327f2461a9bc4f1409	Q9Y7L2	miss	268	268	False	1.0	da7278190209ded76c649d9925f6bddda469be38f0d6d7a420807c8522d38aa2	08e4846e537177426273712802403f7ba8261b6c	mean_5_11_17_23_29_33|domfull	268	0.0008333333333333334	fp32	cuda	
23efb8f276fdfb882f522d03	W6JQK2	miss	268	268	False	1.0	1536963f2ad852e1e139ae0343b8aeb481ce3db91ed2c6220fe78f5c0fbf780b	08e4846e537177426273712802403f7ba8261b6c	mean_5_11_17_23_29_33|domfull	268	0.0008333333333333334	fp32	cuda	
196ed29feb799382f8f9de0b	P38632	miss	267	267	False	1.0	77712839915cc1aff5791912247702282794df99bff0a933b3e2cfdc2943a12a	08e4846e537177426273712802403f7ba8261b6c	mean_5_11_17_23_29_33|domfull	267	0.0008333333333333334	fp32	cuda	
41553a5de63b7be49fc9642a	P71392	miss	267	267	False	1.0	456da2b652286f15f2d4229bc19cdca90124bd7287aaf1867e6d0c6f4dbd562b	08e4846e537177426273712802403f7ba8261b6c	mean_5_11_17_23_29_33|domfull	267	0.0008333333333333334	fp32	cuda	
185a45974fb539a0acc6b585	Q94EY1	miss	267	267	False	1.0	bebaf4903bacc0d4c8fa49d0fed2ca1b3a448c0b6d1f85a412a55df3bf83b769	08e4846e537177426273712802403f7ba8261b6c	mean_5_11_17_23_29_33|domfull	267	0.0008333333333333334	fp32	cuda	
8e6bef163b541d6cfda66755	Q9LSE4	miss	267	267	False	1.0	f8f168ed3915ee6ae1483478b127798e260024ba800f26572274f1d8baaf4a54	08e4846e537177426273712802403f7ba8261b6c	mean_5_11_17_23_29_33|domfull	267	0.0008333333333333334	fp32	cuda	
adf9e31097e9236c65ffd2b5	Q9VCE8	miss	267	267	False	1.0	022a96a0e83379ba1948da5f1e930e24af72ab110bfdd14f6208e1e085c76957	08e4846e537177426273712802403f7ba8261b6c	mean_5_11_17_23_29_33|domfull	267	0.0008333333333333334	fp32	cuda	
bd4ae0d10464f326119f8152	Q9WTJ2	miss	267	267	False	1.0	e1b01aadd0bea2a6d66f562f881a02738625584f16651e07ef7c1a8511617915	08e4846e537177426273712802403f7ba8261b6c	mean_5_11_17_23_29_33|domfull	267	0.0008333333333333334	fp32	cuda	
3bd0942319757542cb00e933	Q9YAZ7	miss	267	267	False	1.0	a7e084eb690c44648de240ad6f9299eead307e546607806cb9fe9b627b89d43c	08e4846e537177426273712802403f7ba8261b6c	mean_5_11_17_23_29_33|domfull	267	0.0008333333333333334	fp32	cuda	
00d4f18f9d8c76e29bc7d7dd	P13717	miss	266	266	False	1.0	70dfca95be2c3ae74e9f24a18e0defef169ddc2da00cd28f47d8c0d9b762eb99	08e4846e537177426273712802403f7ba8261b6c	mean_5_11_17_23_29_33|domfull	266	0.0008333333333333334	fp32	cuda	
732e5c1c46cca5929fc87dd6	Q74ZX6	miss	266	266	False	1.0	419661253cf8a2974be63fcc46d71544722f63c85b6372c7bc92e061325c6d80	08e4846e537177426273712802403f7ba8261b6c	mean_5_11_17_23_29_33|domfull	266	0.0008333333333333334	fp32	cuda	
59be1590544802bd965ee4ac	Q9D9J2	miss	266	266	False	1.0	aae3f0823bd500d79f497dfab071d62364b98764396b2525cc15d897f0bcc19f	08e4846e537177426273712802403f7ba8261b6c	mean_5_11_17_23_29_33|domfull	266	0.0008333333333333334	fp32	cuda	
c33874a06959a4d70406347d	Q9HU92	miss	266	266	False	1.0	8e69a0a749582b8f705b865c9548f1e3d9ec0854c8eb032bf8e7ef6f61e66d4e	08e4846e537177426273712802403f7ba8261b6c	mean_5_11_17_23_29_33|domfull	266	0.0008333333333333334	fp32	cuda	
ecea5f859739299de7759275	P03520	miss	265	265	False	1.0	10df181e8ac3645ca020aba40fa2ffd54edaf771ebea6ada0075b00cccf59515	08e4846e537177426273712802403f7ba8261b6c	mean_5_11_17_23_29_33|domfull	265	0.0008333333333333334	fp32	cuda	
6de87776a09fb9cc75858ff6	Q8SRF5	miss	265	265	False	1.0	4a45a7adb85a84b24c5e9752daa3ae5c5e4893baa509d8dadcbd4b6578c8f6c3	08e4846e537177426273712802403f7ba8261b6c	mean_5_11_17_23_29_33|domfull	265	0.0008333333333333334	fp32	cuda	
241e56340162c08365e066ac	Q9KG32	miss	265	265	False	1.0	efec9870ca8d6dc5a0c179556982ddf5f51d7ece095e505da95b5840ddc30611	08e4846e537177426273712802403f7ba8261b6c	mean_5_11_17_23_29_33|domfull	265	0.0008333333333333334	fp32	cuda	
763205cfa4f0812aa4364cc1	A7S5D9	miss	264	264	False	1.0	32f8138901f2c1c646274cbf2b4649e670517204a8a920d55ab602a3582927ed	08e4846e537177426273712802403f7ba8261b6c	mean_5_11_17_23_29_33|domfull	264	0.0008333333333333334	fp32	cuda	
9f3b7e7c5b57a25c3b8bbe0d	Q94535	miss	264	264	False	1.0	2d6d3b8e72eb7aea8a997692e3d28a8e16fac4b99120166752d02da486df9cc2	08e4846e537177426273712802403f7ba8261b6c	mean_5_11_17_23_29_33|domfull	264	0.0008333333333333334	fp32	cuda	
046fa13d02127a2961aa3e8f	Q9HHY8	miss	264	264	False	1.0	538b982dd5518353c7d2f3f1ad985ca558c10476638c480a0a21a3510121c9a3	08e4846e537177426273712802403f7ba8261b6c	mean_5_11_17_23_29_33|domfull	264	0.0008333333333333334	fp32	cuda	
78e4b7a7fe5b0e2a3b4abb98	Q9SZ59	miss	264	264	False	1.0	0ea282ea15f19af9f5f589d6a9abbbf3cdbdc17642b0120b3f7f6c513b589400	08e4846e537177426273712802403f7ba8261b6c	mean_5_11_17_23_29_33|domfull	264	0.0008333333333333334	fp32	cuda	
9140ef866773249c6e03a0fa	Q9UST8	miss	264	264	False	1.0	69a24ec15c1085b5a05112126d5d04513a171b72525be6fe02527a424bd1863b	08e4846e537177426273712802403f7ba8261b6c	mean_5_11_17_23_29_33|domfull	264	0.0008333333333333334	fp32	cuda	
55706ea6837821af0f65c3f9	Q07967	miss	263	263	False	1.0	fd71df43efe6ffcf20f5cdd56c5ae8add4f526fef460d8096709004cbd2e0890	08e4846e537177426273712802403f7ba8261b6c	mean_5_11_17_23_29_33|domfull	263	0.0008333333333333334	fp32	cuda	
e252af87b76e8fff89514826	P20588	miss	262	262	False	1.0	85bdca7e057d6d41bb4fa6062124c28ca3ab97a4cd965c60502f42a29cb6e962	08e4846e537177426273712802403f7ba8261b6c	mean_5_11_17_23_29_33|domfull	262	0.0008333333333333334	fp32	cuda	
01df35873ec3fc3ad2edccec	Q03607	miss	262	262	False	1.0	4a6acd54fea46352345d906d420df9d839b575ab979d63464c1271566552bcfb	08e4846e537177426273712802403f7ba8261b6c	mean_5_11_17_23_29_33|domfull	262	0.0008333333333333334	fp32	cuda	
e16c3bb9cd5420420a3f8443	Q8TCZ2	miss	262	262	False	1.0	25306323480a8ba45b26f8002c835417d9f5c5737658aa6a9838e668105a1576	08e4846e537177426273712802403f7ba8261b6c	mean_5_11_17_23_29_33|domfull	262	0.0008333333333333334	fp32	cuda	
3813ee8820f0394c740b800c	Q9WX69	miss	262	262	False	1.0	336a15d5ccc6d27b93b42a7e26636d29731e586e09c15859af495b6ed300d055	08e4846e537177426273712802403f7ba8261b6c	mean_5_11_17_23_29_33|domfull	262	0.0008333333333333334	fp32	cuda	
aa6b5f7274f1468570fe0362	Q8ST35	miss	261	261	False	1.0	32668b61d09ee808f42cf95b26b54895ae1cbff7f39fc22ef46b3db214d210c8	08e4846e537177426273712802403f7ba8261b6c	mean_5_11_17_23_29_33|domfull	261	0.0008333333333333334	fp32	cuda	
dd7378831fb3bdf7d61722b4	A7HU24	miss	260	260	False	1.0	495ff72037b8521a67b9f32d46b3b39714a1c65fb8f37ef44bcb58c136258a39	08e4846e537177426273712802403f7ba8261b6c	mean_5_11_17_23_29_33|domfull	260	0.0008333333333333334	fp32	cuda	
38fb9566d0df2521f1a1704d	Q48264	miss	260	260	False	1.0	948d056ac618830591e56db4270507c0c42a56d1de55d9748e85f0a4e3d91ff8	08e4846e537177426273712802403f7ba8261b6c	mean_5_11_17_23_29_33|domfull	260	0.0008333333333333334	fp32	cuda	
9ae2e07361a56f71d11d6b68	Q6LX54	miss	260	260	False	1.0	e9e0f2bb240d6ffc19d2a3590904abc99bce91c46fecc8c1f954062875c138b6	08e4846e537177426273712802403f7ba8261b6c	mean_5_11_17_23_29_33|domfull	260	0.0008333333333333334	fp32	cuda	
61ebf21c7c44b950f1490ebb	Q8N8R7	miss	260	260	False	1.0	25dce8b7e4935f227a96c21a1590c0574d06687268312c04e0039aa234311c86	08e4846e537177426273712802403f7ba8261b6c	mean_5_11_17_23_29_33|domfull	260	0.0008333333333333334	fp32	cuda	
138ecd6de9500ea356b30770	P52361	miss	259	259	False	1.0	8cc58d02db71f1da3d940afb1d6021e9cab64bd33ab2fc10e8b034607889f858	08e4846e537177426273712802403f7ba8261b6c	mean_5_11_17_23_29_33|domfull	259	0.0008333333333333334	fp32	cuda	
a29509b95c0cce5a1eef8aac	Q8R2R5	miss	259	259	False	1.0	e86ed53d2c60a932a1370fbad2ed7f0f67c0dc9c4dbe5e7db67fd99e4d6e4fc1	08e4846e537177426273712802403f7ba8261b6c	mean_5_11_17_23_29_33|domfull	259	0.0008333333333333334	fp32	cuda	
4a82581d1979baa318f796d9	Q0A7J1	miss	258	258	False	1.0	8933b938ac50baa5f9a6e5389d94e2f8956cf24ec7edcc74da5e0feff7bcb5f9	08e4846e537177426273712802403f7ba8261b6c	mean_5_11_17_23_29_33|domfull	258	0.0008333333333333334	fp32	cuda	
b5785c9c5c5a243dd628425f	Q75EI4	miss	258	258	False	1.0	1904849c8e8243af33a1feee7ea9d7fa93720de8c3dc71eb8a5282be622d0260	08e4846e537177426273712802403f7ba8261b6c	mean_5_11_17_23_29_33|domfull	258	0.0008333333333333334	fp32	cuda	
40a09ac425a22f7c5d69f199	Q03356	miss	257	257	False	1.0	e03cf54701f23f166882addaa21d4caa331bdc0578333f4d796df9ce3e9da804	08e4846e537177426273712802403f7ba8261b6c	mean_5_11_17_23_29_33|domfull	257	0.0008333333333333334	fp32	cuda	
9b94d4d8aaaf50eb50c9b38d	Q84JU4	miss	257	257	False	1.0	b24801dbfc93008da081f5e9bdb7d2235ca5bb5f4cb05a05db386334fd544209	08e4846e537177426273712802403f7ba8261b6c	mean_5_11_17_23_29_33|domfull	257	0.0008333333333333334	fp32	cuda	
38c0ca9406fe8e75d50cad12	Q93SN7	miss	257	257	False	1.0	e1a03c0b75ee7fc9c75cbd954d1a2fec29e8eddeab289e2e96ff60b98790aded	08e4846e537177426273712802403f7ba8261b6c	mean_5_11_17_23_29_33|domfull	257	0.0008333333333333334	fp32	cuda	
84e87bfba537dfadf98e5311	Q93TU6	miss	257	257	False	1.0	e06510a18572c6069a309650e361fc064ab38517060792533faf1b9ed715ecfc	08e4846e537177426273712802403f7ba8261b6c	mean_5_11_17_23_29_33|domfull	257	0.0008333333333333334	fp32	cuda	
cf7896c944f25d4d30aff887	Q9H7T3	miss	257	257	False	1.0	3f8de25ff6a94319a669397e72737d7e02de3feb41b5268dc5680b980cf89448	08e4846e537177426273712802403f7ba8261b6c	mean_5_11_17_23_29_33|domfull	257	0.0008333333333333334	fp32	cuda	
4cf43d6d715cc3d33d2dda4f	Q9K5J6	miss	257	257	False	1.0	ad3316ee7d0f88f7e11b89f4145bf6add06bf6eb1205e967f0ed7facc8226a37	08e4846e537177426273712802403f7ba8261b6c	mean_5_11_17_23_29_33|domfull	257	0.0008333333333333334	fp32	cuda	
7f84d9855a94cd5ceb15d129	Q9M9G7	miss	256	256	False	1.0	b5d692deba02c1d89dc55487dbe1fec766336731bac82cbb5fdc8d6abea03a52	08e4846e537177426273712802403f7ba8261b6c	mean_5_11_17_23_29_33|domfull	256	0.0008333333333333334	fp32	cuda	
3333a7440c19cb7a7b282f5e	Q8VCL2	miss	255	255	False	1.0	11688a15bd1511e39fb596861c2c0672f64ee82fa724a06fb264817d813bf2cb	08e4846e537177426273712802403f7ba8261b6c	mean_5_11_17_23_29_33|domfull	255	0.0008333333333333334	fp32	cuda	
b83ca61a9aef1e19a0a69512	P50402	miss	254	254	False	1.0	d0d785a9069a3f7735ca0c7a48f6214fa7772200c049aa323a919d4f3d0f6bc2	08e4846e537177426273712802403f7ba8261b6c	mean_5_11_17_23_29_33|domfull	254	0.0008333333333333334	fp32	cuda	
8d3a3d97c467b35d9d3ceb48	P79943	miss	254	254	False	1.0	e70d3af1157c9ef06fbd823cb969e6e90de4d783a3c27e284bc976e373354f2f	08e4846e537177426273712802403f7ba8261b6c	mean_5_11_17_23_29_33|domfull	254	0.0008333333333333334	fp32	cuda	
a70de9d172567f03dce875ac	Q9H0N0	miss	254	254	False	1.0	6fbe1a70fd57f367b663839111d86e8e41a621ee6f5ec9a28cdc811291ca44ac	08e4846e537177426273712802403f7ba8261b6c	mean_5_11_17_23_29_33|domfull	254	0.0008333333333333334	fp32	cuda	
101b617ea55469d33a91a802	Q9XEF0	miss	254	254	False	1.0	be335043b8d4a15eb73c13ce116aa837b395c500b7e5f5b31bfbb18c478ca6ea	08e4846e537177426273712802403f7ba8261b6c	mean_5_11_17_23_29_33|domfull	254	0.0008333333333333334	fp32	cuda	
b78996643de72c2687bc1974	Q9Y7M5	miss	254	254	False	1.0	c1c8d350e841535d79df27c9496e1710853d45c85dfac536397b595372fdcfa8	08e4846e537177426273712802403f7ba8261b6c	mean_5_11_17_23_29_33|domfull	254	0.0008333333333333334	fp32	cuda	
8a7827539fab197ffa3b2041	Q9VKD7	miss	253	253	False	1.0	bf2af48bcb2aa509ae2e2bdcf7a2f1a7c978783cd3b6b9c4beeefdd0640bf25f	08e4846e537177426273712802403f7ba8261b6c	mean_5_11_17_23_29_33|domfull	253	0.0008333333333333334	fp32	cuda	
38e2e5e5a0261592af65685c	A0PM27	miss	252	252	False	1.0	26bba9bb838231aa5e21a8bf05d3c7e0220ecf062e706b21f920ac97810f9db9	08e4846e537177426273712802403f7ba8261b6c	mean_5_11_17_23_29_33|domfull	252	0.0008333333333333334	fp32	cuda	
96483df350f2b17fecaf68f9	Q83EK8	miss	252	252	False	1.0	1ed6fc556fecddecbeea4dcb241536a67d7b816bd9a0959bcb62d4ea912dfae0	08e4846e537177426273712802403f7ba8261b6c	mean_5_11_17_23_29_33|domfull	252	0.0008333333333333334	fp32	cuda	
0eb7c49a32b466ad8ce87e82	Q8KA02	miss	252	252	False	1.0	d07f7b98b047d2f2b72934dc8a3053331e084bc19ef123d45a4dec20f6242654	08e4846e537177426273712802403f7ba8261b6c	mean_5_11_17_23_29_33|domfull	252	0.0008333333333333334	fp32	cuda	
38e130b60a66138edc80b4e6	Q9CX63	miss	252	252	False	1.0	a2dcd89e09ec0a97771f0574f32cf3a75ffa6239aab1e8b77d9175b345bcc9ef	08e4846e537177426273712802403f7ba8261b6c	mean_5_11_17_23_29_33|domfull	252	0.0008333333333333334	fp32	cuda	
92c33c980b7f7677dbc7fa14	Q9KNC3	miss	252	252	False	1.0	36dc46324efbd2f1a729cb1aa63eb01c890c88685aa64dac6f0bdff92a75688a	08e4846e537177426273712802403f7ba8261b6c	mean_5_11_17_23_29_33|domfull	252	0.0008333333333333334	fp32	cuda	
d5c51e6a7c671d930515e844	Q9Y5N6	miss	252	252	False	1.0	5bc18a29de4f48176ef8734f23af8af12d9d1a72225d33e67d0cf42254ab0619	08e4846e537177426273712802403f7ba8261b6c	mean_5_11_17_23_29_33|domfull	252	0.0008333333333333334	fp32	cuda	
0e48b640be994ede5635305d	Q9Z2N5	miss	252	252	False	1.0	f76936cbdc7d2b4def856a5d6a61eda2179cd3861e898f8a420f0961e85d4e4a	08e4846e537177426273712802403f7ba8261b6c	mean_5_11_17_23_29_33|domfull	252	0.0008333333333333334	fp32	cuda	
67b9a4e5c78a3b1857102abc	O11459	miss	251	251	False	1.0	e35c7dc5526c028e4d97b75c207403b58349f401d9f26847503a306fa2be7ce4	08e4846e537177426273712802403f7ba8261b6c	mean_5_11_17_23_29_33|domfull	251	0.00078125	fp32	cuda	
6a0bc1f4ff451e0964f01485	P08079	miss	251	251	False	1.0	d907b528a2f6f3a3a0c8a9c52a05dc6249052e67e0b47f3ba20a14e7a0da5c78	08e4846e537177426273712802403f7ba8261b6c	mean_5_11_17_23_29_33|domfull	251	0.00078125	fp32	cuda	
382e1c7fb90a60e64110d1b4	P33411	miss	251	251	False	1.0	bca20501485b1e6f985cb30a858a641ac256a418596c8166c8afb85565f79320	08e4846e537177426273712802403f7ba8261b6c	mean_5_11_17_23_29_33|domfull	251	0.00078125	fp32	cuda	
7ce3e9c54fcbf46d200f74a4	Q8WZK4	miss	251	251	False	1.0	a308c9aa5a52c4aa7deba128159bfd103d2dc60a4bb4be6fb42d613c090f218e	08e4846e537177426273712802403f7ba8261b6c	mean_5_11_17_23_29_33|domfull	251	0.00078125	fp32	cuda	
f596c91256ce2aa20ca709a9	P04370	miss	250	250	False	1.0	26794a5261d8e9a3551fa7664ba3acbc35f496a08baf9c7f5c9caf18732501cc	08e4846e537177426273712802403f7ba8261b6c	mean_5_11_17_23_29_33|domfull	250	0.00078125	fp32	cuda	
cc25f657854dba49ec909d1b	P0DXF5	miss	250	250	False	1.0	c914c588e4d881c6f4176efd14b7eb56b3187c0f141401818ed65be18b88f229	08e4846e537177426273712802403f7ba8261b6c	mean_5_11_17_23_29_33|domfull	250	0.00078125	fp32	cuda	
70cb7f4122cbcc36fdff43fd	Q3J827	miss	250	250	False	1.0	0d004bab5de3d5e8e68d14caf256d40f9da739cf773d24e19e597d0ff072beea	08e4846e537177426273712802403f7ba8261b6c	mean_5_11_17_23_29_33|domfull	250	0.00078125	fp32	cuda	
45e3249f61a5cccca4ae58da	Q6R7D0	miss	250	250	False	1.0	919f8df11ac0027267afb3b9c353066fcca3b7708322bd6481473ef033d37935	08e4846e537177426273712802403f7ba8261b6c	mean_5_11_17_23_29_33|domfull	250	0.00078125	fp32	cuda	
8f1b9a4c918dca6a8d9cb849	Q9HB09	miss	250	250	False	1.0	97d51f9a47d6c87f0185a85fc67e1d6a2b7fa0adda002077858433612291fb1a	08e4846e537177426273712802403f7ba8261b6c	mean_5_11_17_23_29_33|domfull	250	0.00078125	fp32	cuda	
7f1efbc78a83ce09548d32f1	Q9HGM4	miss	250	250	False	1.0	3f3a1ed616054af28c6347351cc4f284c2fb577230a8bf31964753b2de9426fc	08e4846e537177426273712802403f7ba8261b6c	mean_5_11_17_23_29_33|domfull	250	0.00078125	fp32	cuda	
2564cf9dab6acc6909cb7bd0	Q9HU78	miss	250	250	False	1.0	784171099c234c130ff3a1a559480ded408abb7f76433e5ecc8b45f60e51bdd3	08e4846e537177426273712802403f7ba8261b6c	mean_5_11_17_23_29_33|domfull	250	0.00078125	fp32	cuda	
b2d941146ed7742b73724006	Q8L649	miss	248	248	False	1.0	b46e38de92c0f6c4f840b27fb09da9dc4df0437d9e2053af2ae4d4d2dca568d6	08e4846e537177426273712802403f7ba8261b6c	mean_5_11_17_23_29_33|domfull	248	0.00078125	fp32	cuda	
5d21c230af924b8ed7633fdf	Q9VPL3	miss	248	248	False	1.0	d8cfdf106449cc8423d5b4d03384cb3dc5d622788d8ef3d2065212e082275863	08e4846e537177426273712802403f7ba8261b6c	mean_5_11_17_23_29_33|domfull	248	0.00078125	fp32	cuda	
89892ab44b56d51f29c9f0a0	P26185	miss	247	247	False	1.0	9c2a80dab337ac181106ac8a297a5496d818a318cfec7057cad05f8a6ba40f00	08e4846e537177426273712802403f7ba8261b6c	mean_5_11_17_23_29_33|domfull	247	0.00078125	fp32	cuda	
6724028912efc19b5d83c9ea	Q9DAG5	miss	247	247	False	1.0	91856d92f2205a0a4aab6fed3bc8c0f68b132e879e5dc4d08d8e53fb651782ff	08e4846e537177426273712802403f7ba8261b6c	mean_5_11_17_23_29_33|domfull	247	0.00078125	fp32	cuda	
364c14a6d002ebd464a1ffcc	Q9FIX5	miss	247	247	False	1.0	860afa53058b1a463c925f66805e20499439700d620e8ef4881218c70bb4a8e0	08e4846e537177426273712802403f7ba8261b6c	mean_5_11_17_23_29_33|domfull	247	0.00078125	fp32	cuda	
88b952676b9b8360956d0c98	O15305	miss	246	246	False	1.0	0a09f61f67a82fbb7f310e27eaadbd2586fb486d3a22f4da5898bd03a0f8fca0	08e4846e537177426273712802403f7ba8261b6c	mean_5_11_17_23_29_33|domfull	246	0.00078125	fp32	cuda	
9fa69ea139c74a5312f5e4b6	P52699	miss	246	246	False	1.0	2dd6454f1efde99a4c02ac938b4ecc083976273ffa0390d0a977e10494e6ebed	08e4846e537177426273712802403f7ba8261b6c	mean_5_11_17_23_29_33|domfull	246	0.00078125	fp32	cuda	
362e21534cdf7f705ec73f60	Q6B959	miss	246	246	False	1.0	e2472e87097f6febf32593ae9c449bad3d0ea28b8eb07bd9647685fe530f4442	08e4846e537177426273712802403f7ba8261b6c	mean_5_11_17_23_29_33|domfull	246	0.00078125	fp32	cuda	
98d80873da35d1b71fbf9ddf	Q7UH06	miss	246	246	False	1.0	a6a590d2e5b42126b7d317026d395703e511bcc3b77f6200da04f2e236655480	08e4846e537177426273712802403f7ba8261b6c	mean_5_11_17_23_29_33|domfull	246	0.00078125	fp32	cuda	
0b0c46c00ba77b0f68528bf7	Q8JIS3	miss	246	246	False	1.0	1d46d0897cc64f2722b5173d8fa7cd7fd198ce556f10748178dee2779067a945	08e4846e537177426273712802403f7ba8261b6c	mean_5_11_17_23_29_33|domfull	246	0.00078125	fp32	cuda	
371d27a7f598b8e0ad8c7789	Q9ES30	miss	246	246	False	1.0	2f1c43db2c1ef14aa2825047ef4f6f1ea7a005f32c9f67181444c92bade9e4d8	08e4846e537177426273712802403f7ba8261b6c	mean_5_11_17_23_29_33|domfull	246	0.00078125	fp32	cuda	
d8152a078a7a83ecaffc3c72	Q9P0N8	miss	246	246	False	1.0	e060536d8c489cdb7c05f8b60c6ee73e41f6fb0a4f07fb6f301d3e47ec76214b	08e4846e537177426273712802403f7ba8261b6c	mean_5_11_17_23_29_33|domfull	246	0.00078125	fp32	cuda	
61d0328b0aa7927cf879ac3d	Q971Z6	miss	245	245	False	1.0	0dec34e6b5842de46efa0b7786f998e0e33ead660e0efa18dea3397bc2aef66b	08e4846e537177426273712802403f7ba8261b6c	mean_5_11_17_23_29_33|domfull	245	0.00078125	fp32	cuda	
60a2e6949d35b844432b3008	Q9D1D6	miss	245	245	False	1.0	19a922800d1836073d197a7acf001132f5ccb56d191bce4270c716d3983a6fdc	08e4846e537177426273712802403f7ba8261b6c	mean_5_11_17_23_29_33|domfull	245	0.00078125	fp32	cuda	
113dcd553cb0a1f0507b4858	Q9NX40	miss	245	245	False	1.0	3705766b3774d5b91cd0dcb39295365601bc05213122022f48d8760e17cd38bd	08e4846e537177426273712802403f7ba8261b6c	mean_5_11_17_23_29_33|domfull	245	0.00078125	fp32	cuda	
122dd57f0228c43c8ed639c5	Q18235	miss	244	244	False	1.0	4c63b767db2048159319a944d9ef838869749ab0bc510a972cb3da19252bc51d	08e4846e537177426273712802403f7ba8261b6c	mean_5_11_17_23_29_33|domfull	244	0.00078125	fp32	cuda	
f4b8b40fd8e530e9beed65dc	Q89AH6	miss	244	244	False	1.0	cd77d686e13facb06e09e277766d951be93f852b817313872dc9eb2622b6f7c6	08e4846e537177426273712802403f7ba8261b6c	mean_5_11_17_23_29_33|domfull	244	0.00078125	fp32	cuda	
95651ea7cab1c158292cfe27	Q8TF63	miss	244	244	False	1.0	8c61470934c1b1b974bf1ff40e9505bcde5e5318543ee57c6a616b46ef55d6bb	08e4846e537177426273712802403f7ba8261b6c	mean_5_11_17_23_29_33|domfull	244	0.00078125	fp32	cuda	
ab74936fcb0a93e924788b68	Q9D1E6	miss	244	244	False	1.0	841b185429143bed863115afb560a3eadc04dd2ff5645f1b6732b70c33963d46	08e4846e537177426273712802403f7ba8261b6c	mean_5_11_17_23_29_33|domfull	244	0.00078125	fp32	cuda	
46c51b5c97ab811d63f5d133	Q9LY08	miss	244	244	False	1.0	06c8006ad65cdebef9596130275388555519f1e9c62c50c575d825373c68801d	08e4846e537177426273712802403f7ba8261b6c	mean_5_11_17_23_29_33|domfull	244	0.00078125	fp32	cuda	
347a53f893acedc22436d64d	Q9USW9	miss	244	244	False	1.0	dea94a95a151a69447fbd424bfdd8ac9606068fdc2416e4b8b35065b753abf63	08e4846e537177426273712802403f7ba8261b6c	mean_5_11_17_23_29_33|domfull	244	0.00078125	fp32	cuda	
11349a0942710c1b34a92aaf	Q5M7L6	miss	243	243	False	1.0	5bf0032d5827652c4ac58604647dd7160a91bb92dcfb31b392956093c679259a	08e4846e537177426273712802403f7ba8261b6c	mean_5_11_17_23_29_33|domfull	243	0.00078125	fp32	cuda	
85dcd438b38476e10182898f	Q8VYM0	miss	243	243	False	1.0	1fc4fce974e86f5acb6ce635533517835ce65950bbd6e92e1f949cb0e300d445	08e4846e537177426273712802403f7ba8261b6c	mean_5_11_17_23_29_33|domfull	243	0.00078125	fp32	cuda	
d8c6a6a4e8c9ccfb5d044f27	Q9FK43	miss	243	243	False	1.0	408df71544271e05affa778281f27b0df7f42467c36a96f58252cb0f975d2d6d	08e4846e537177426273712802403f7ba8261b6c	mean_5_11_17_23_29_33|domfull	243	0.00078125	fp32	cuda	
227fc152a9a8fa21b130f42f	P31944	miss	242	242	False	1.0	0e067e7e96dba1e520fba5e7843dc3fa3801fd2c803a88ace166ab8a28d5c3cb	08e4846e537177426273712802403f7ba8261b6c	mean_5_11_17_23_29_33|domfull	242	0.00078125	fp32	cuda	
20f1879d8080d5d180dd4bd2	Q8U2D5	miss	242	242	False	1.0	bd0a78104af4c0e340e05399f426993a1549f46acb61c2ad1682b986e7cf43c9	08e4846e537177426273712802403f7ba8261b6c	mean_5_11_17_23_29_33|domfull	242	0.00078125	fp32	cuda	
b03328e9b56bd93f692fc43b	Q91FB0	miss	242	242	False	1.0	0523d8786f5b96d94fa267842a806bcc0de512c63bab207580fa5ec723b9d1f6	08e4846e537177426273712802403f7ba8261b6c	mean_5_11_17_23_29_33|domfull	242	0.00078125	fp32	cuda	
fbda8873094f79167bb99178	Q9FHW4	miss	242	242	False	1.0	3bc2f30a1a4cdedd815461568978f07e7f127cefca426eed00dd4be2cd75f57d	08e4846e537177426273712802403f7ba8261b6c	mean_5_11_17_23_29_33|domfull	242	0.00078125	fp32	cuda	
7c86cc1f83f36d08e160efba	Q9SY73	miss	242	242	False	1.0	ca1aa73bbd1d716e9cd8a51328ea8e75949f643d468daf4642676f89f0f0dd3c	08e4846e537177426273712802403f7ba8261b6c	mean_5_11_17_23_29_33|domfull	242	0.00078125	fp32	cuda	
5c0ce76bdeee46059f9ca86b	B9LS20	miss	241	241	False	1.0	436a84dd5c5496bed923c04dddbaa55ea5a86bfc11835097c79d88086ebfc14c	08e4846e537177426273712802403f7ba8261b6c	mean_5_11_17_23_29_33|domfull	241	0.00078125	fp32	cuda	
fb758ab7fcb9d3fc21992763	P44676	miss	241	241	False	1.0	5afaa7d108d4dcf48ac09751a115ac7bfe48585b4e02529b94772a9e4dcf26a6	08e4846e537177426273712802403f7ba8261b6c	mean_5_11_17_23_29_33|domfull	241	0.00078125	fp32	cuda	
3a8ed00d874dd14865a18c2a	Q8IYP2	miss	241	241	False	1.0	87ff5a89b6e2c770203f00ad12733bd382ecf4d7728089bff580d0e7a290d0b7	08e4846e537177426273712802403f7ba8261b6c	mean_5_11_17_23_29_33|domfull	241	0.00078125	fp32	cuda	
0a42e73ff3d64a8b91536735	Q9NNZ3	miss	241	241	False	1.0	f36bfe236d98c053233a30a16a120ae678de8b0cee273e6a3e82f439df3ca36c	08e4846e537177426273712802403f7ba8261b6c	mean_5_11_17_23_29_33|domfull	241	0.00078125	fp32	cuda	
457dfd1182e52b14fbb87f25	Q9Y7N1	miss	240	240	False	1.0	ff2cb112b9629ba1d1c434d7e1f9f7e1a84874d1d2cb7e7b6c37543b15a4bd73	08e4846e537177426273712802403f7ba8261b6c	mean_5_11_17_23_29_33|domfull	240	0.00078125	fp32	cuda	
8000751051ae768c55fa365e	P15319	miss	239	239	False	1.0	e9394a44fa05be742e24f70138bce5ec7e812b84c2be1b1429d120a66dbafaf4	08e4846e537177426273712802403f7ba8261b6c	mean_5_11_17_23_29_33|domfull	239	0.00078125	fp32	cuda	
614effbbb44f915f5e167203	Q9H0Z9	miss	239	239	False	1.0	97a739f8ab68dcb02851d68026cbd493869c3186efd0da2bd0a38e413a118ef3	08e4846e537177426273712802403f7ba8261b6c	mean_5_11_17_23_29_33|domfull	239	0.00078125	fp32	cuda	
21f26875627001af00c659f7	Q9S1G7	miss	239	239	False	1.0	f43a6e20b5945044b776f1b978a3bb36958716bf33213028937ce7f59c42907b	08e4846e537177426273712802403f7ba8261b6c	mean_5_11_17_23_29_33|domfull	239	0.00078125	fp32	cuda	
15f4c20529ba8c039cdf1192	P42212	miss	238	238	False	1.0	44f2688342a00e4b01e82be5e655b26499f981515d5da9a6076315627355b403	08e4846e537177426273712802403f7ba8261b6c	mean_5_11_17_23_29_33|domfull	238	0.00078125	fp32	cuda	
2378b50e306478870895bc8e	Q8CG80	miss	238	238	False	1.0	4ddc6750f05f721aefb6d8d6b7139ffcf64599e7c16fbd0c1935d97a41f06b14	08e4846e537177426273712802403f7ba8261b6c	mean_5_11_17_23_29_33|domfull	238	0.00078125	fp32	cuda	
1307cb67cb3dc253d1af5fad	Q99P96	miss	238	238	False	1.0	d0975d639c0ec64634b56725bb37388944ea0a94e57a128bbc5d8a1cfe6cec97	08e4846e537177426273712802403f7ba8261b6c	mean_5_11_17_23_29_33|domfull	238	0.00078125	fp32	cuda	
22b54f8779a1f85f561c3168	Q9HXE9	miss	238	238	False	1.0	b31a4dfb1ff28a58b3a8e5bf8b3a50a77a2671451aa9a7803e5f3afa99f01327	08e4846e537177426273712802403f7ba8261b6c	mean_5_11_17_23_29_33|domfull	238	0.00078125	fp32	cuda	
6b25ed7e7a7002706dee0a21	Q9SFD8	miss	238	238	False	1.0	ad9187137f18fc12b0083873e2fdef34e7cb04655d6f685c23ccc01f7c7990a2	08e4846e537177426273712802403f7ba8261b6c	mean_5_11_17_23_29_33|domfull	238	0.00078125	fp32	cuda	
0e11ff1080022b3e79f0cd35	Q9U8G7	miss	238	238	False	1.0	a7d9c7258c8abfd2c8724afb3d3f09856501883bebdd7f725babc02933ef8937	08e4846e537177426273712802403f7ba8261b6c	mean_5_11_17_23_29_33|domfull	238	0.00078125	fp32	cuda	
53d931348c8c844998958d87	Q9ZD73	miss	238	238	False	1.0	1e35dc91ef9424c06dcfaf0a37e78f0f8472674a90e9a0de9df1abfba15ce6af	08e4846e537177426273712802403f7ba8261b6c	mean_5_11_17_23_29_33|domfull	238	0.00078125	fp32	cuda	
d6c91e35ee31a022096a6d34	P29039	miss	237	237	False	1.0	561cdcb02908df552a8b7ced8efebc2ccf00348ea80a27d57ddee60905d2392a	08e4846e537177426273712802403f7ba8261b6c	mean_5_11_17_23_29_33|domfull	237	0.00078125	fp32	cuda	
eb665190a37742ca880e0734	P54105	miss	237	237	False	1.0	850ae6ae9be5d4b3a1cfeb0b5da339e009a9f640d07174716ffce151fb7e32f9	08e4846e537177426273712802403f7ba8261b6c	mean_5_11_17_23_29_33|domfull	237	0.00078125	fp32	cuda	
c20db1c921465755f864f552	Q7ZV80	miss	237	237	False	1.0	1faefa4cf32868ceed71d7538a0b159e9b57766d1327207819b4f797d219c7ec	08e4846e537177426273712802403f7ba8261b6c	mean_5_11_17_23_29_33|domfull	237	0.00078125	fp32	cuda	
073f919b6e3997ba0bffa323	Q9M1K3	miss	237	237	False	1.0	f67f81605f5c8c05d897730670ab19baf347263cac62126f80fb63960a50d416	08e4846e537177426273712802403f7ba8261b6c	mean_5_11_17_23_29_33|domfull	237	0.00078125	fp32	cuda	
59560d34353c1d818d05df08	P77880	miss	236	236	False	1.0	11a12b14da6a86c802c04410a693218237168807aad4994e365eb624faea203e	08e4846e537177426273712802403f7ba8261b6c	mean_5_11_17_23_29_33|domfull	236	0.00078125	fp32	cuda	
6d973fc091ee097bfe69bb52	Q9GPH3	miss	236	236	False	1.0	380ec9fb0c7da2b1d3e9573bc9a7f967ee593460443f37776d3cf7fe91df8473	08e4846e537177426273712802403f7ba8261b6c	mean_5_11_17_23_29_33|domfull	236	0.00078125	fp32	cuda	
94fb9563886510236f512343	E1W3A7	miss	235	235	False	1.0	454572eb6865fef3755e72dc48633b544209f41da5efaf3f86a6d29342eb877c	08e4846e537177426273712802403f7ba8261b6c	mean_5_11_17_23_29_33|domfull	235	0.00078125	fp32	cuda	
336f63344121d8bad0b99c16	Q10294	miss	235	235	False	1.0	9abb33a6c57e62d08271ccd82872fde5beb91e11cfdc82cdc460ac3ccdd09177	08e4846e537177426273712802403f7ba8261b6c	mean_5_11_17_23_29_33|domfull	235	0.00078125	fp32	cuda	
bf2c566dfb81917d8ecbc4ff	Q94051	miss	235	235	False	1.0	a35eba3ea1b02b9b302f233b1f5842239eb2398433cca3de70f7d8e7fa4239d8	08e4846e537177426273712802403f7ba8261b6c	mean_5_11_17_23_29_33|domfull	235	0.00078125	fp32	cuda	
22b8d188b2b4d62746de3921	Q9CVN6	miss	235	235	False	1.0	cd0d19f812c2ca2584544dc0baea3f815786d214adc2edcbc081974311727dfe	08e4846e537177426273712802403f7ba8261b6c	mean_5_11_17_23_29_33|domfull	235	0.0007246376811594203	fp32	cuda	
073382453d075d0ec3c9f469	Q9FD08	miss	235	235	False	1.0	06ea12cb4098911d99582c3b9678547dea9b1ab72aee76988fecf1ce7994605e	08e4846e537177426273712802403f7ba8261b6c	mean_5_11_17_23_29_33|domfull	235	0.0007246376811594203	fp32	cuda	
cc819755205620285e2b9885	Q9UTC5	miss	235	235	False	1.0	b2e2c63cdd4cbb7b5e14df933428902bfe55ce2528f0e0e01a519c70d3b81a34	08e4846e537177426273712802403f7ba8261b6c	mean_5_11_17_23_29_33|domfull	235	0.0007246376811594203	fp32	cuda	
8130a70a223bdf37ad3b19ca	V9Z9A3	miss	235	235	False	1.0	91ca455b465943c661a46386127c76fa2fb6676e537ac55669050291b90515d5	08e4846e537177426273712802403f7ba8261b6c	mean_5_11_17_23_29_33|domfull	235	0.0007246376811594203	fp32	cuda	
399090a5fdf97ee861292ae7	B5DEL1	miss	234	234	False	1.0	93d040225c02ae307b78fb711eee22d52f0335208c5844c2b8f09a9d34ce1e78	08e4846e537177426273712802403f7ba8261b6c	mean_5_11_17_23_29_33|domfull	234	0.0007246376811594203	fp32	cuda	
ad0647689a9edab7f6126fb0	Q81FP2	miss	234	234	False	1.0	92e3dfc968bb1c3fb4e38f4845104f69f8d8323c58563d5a75ca0330763302fe	08e4846e537177426273712802403f7ba8261b6c	mean_5_11_17_23_29_33|domfull	234	0.0007246376811594203	fp32	cuda	
78f9557345e7629d60ce9c8a	Q988D0	miss	234	234	False	1.0	ae5c69080fdbc6162c7d40c0bfa99b36afa49b02804587bf4bd35e3dc6806e6e	08e4846e537177426273712802403f7ba8261b6c	mean_5_11_17_23_29_33|domfull	234	0.0007246376811594203	fp32	cuda	
9138dd699d9d48fb3012f21e	Q9YDX7	miss	234	234	False	1.0	cd0f78247ae8f0280a49c04ce7071860645a1dd9d541edb9d709b09669919717	08e4846e537177426273712802403f7ba8261b6c	mean_5_11_17_23_29_33|domfull	234	0.0007246376811594203	fp32	cuda	
7051845f41a33f47fdb7201f	Q9ZV39	miss	234	234	False	1.0	a68f74510a750dac7cec5a8d09f41e7b753c73cb0f4965759dcde2fbd45e2104	08e4846e537177426273712802403f7ba8261b6c	mean_5_11_17_23_29_33|domfull	234	0.0007246376811594203	fp32	cuda	
1171862c2946fbe602a59f95	O34954	miss	233	233	False	1.0	c4dbcb275e9cd583c6abc8a0ea499aa57e6e59ef42e159013887e645d7412816	08e4846e537177426273712802403f7ba8261b6c	mean_5_11_17_23_29_33|domfull	233	0.0007246376811594203	fp32	cuda	
fb77a5dde65bdb723bc9dfab	Q22707	miss	233	233	False	1.0	9122677f391e6329afe16c29991c0660094c44065655e41ffaa91b65c6cbced0	08e4846e537177426273712802403f7ba8261b6c	mean_5_11_17_23_29_33|domfull	233	0.0007246376811594203	fp32	cuda	
8c1dae64c4a32594af797062	Q58MU6	miss	233	233	False	1.0	cad7b22207cefe9e83a6a235fe9c15deb7ef4a322c323399a96390631c3eab15	08e4846e537177426273712802403f7ba8261b6c	mean_5_11_17_23_29_33|domfull	233	0.0007246376811594203	fp32	cuda	
485c945d6d01d5ae234d6d3e	Q7VSX6	miss	233	233	False	1.0	0c65b057f8d7b4e087acf82b8b6aacfc9ba2c5208b094c689538d5c1a65b5439	08e4846e537177426273712802403f7ba8261b6c	mean_5_11_17_23_29_33|domfull	233	0.0007246376811594203	fp32	cuda	
062bf346405a488c02d4507c	Q9CA30	miss	233	233	False	1.0	bb1409579ad879b9fb83da9727149c173533ae238c8470d7c1a02c90125f5603	08e4846e537177426273712802403f7ba8261b6c	mean_5_11_17_23_29_33|domfull	233	0.0007246376811594203	fp32	cuda	
1a27e3a69ae85a9f465f1bff	Q91FK9	miss	232	232	False	1.0	884dd87f1d4857657102df9aa2a1ac5cea78629f67bff84b09a8203bce843952	08e4846e537177426273712802403f7ba8261b6c	mean_5_11_17_23_29_33|domfull	232	0.0007246376811594203	fp32	cuda	
a720adde057821eb9502a2a5	Q8N1Y9	miss	231	231	False	1.0	49db8ec0cbeac0a9224bc331757e79df467668341233b2a7ec795961edf3e425	08e4846e537177426273712802403f7ba8261b6c	mean_5_11_17_23_29_33|domfull	231	0.0007246376811594203	fp32	cuda	
606ecb09019bbde50f23894b	Q58871	miss	230	230	False	1.0	69ac3f7b74bdc32f7eb3cf266aa935b0be59de495fc8a5f6d058ebfbe4d69cdd	08e4846e537177426273712802403f7ba8261b6c	mean_5_11_17_23_29_33|domfull	230	0.0007246376811594203	fp32	cuda	
de2fe0de26d99631490dc28d	Q8SQS5	miss	230	230	False	1.0	46a1730d882f57e9e1a4864973b3a48fd45d9b2e78c2639561b7537bf4873354	08e4846e537177426273712802403f7ba8261b6c	mean_5_11_17_23_29_33|domfull	230	0.0007246376811594203	fp32	cuda	
f9e3ff0516e022ffd570ad87	Q91A23	miss	230	230	False	1.0	1140610e3a394e89f02587c3113154847b24382d9055e5784dec904f9d3ec588	08e4846e537177426273712802403f7ba8261b6c	mean_5_11_17_23_29_33|domfull	230	0.0007246376811594203	fp32	cuda	
8b9391f02dd4d5575e1bbd64	Q94A16	miss	230	230	False	1.0	6d78df02e61286fab71a6a83f69f0626c83bc2e009102fda5e01647e9f9a1c64	08e4846e537177426273712802403f7ba8261b6c	mean_5_11_17_23_29_33|domfull	230	0.0007246376811594203	fp32	cuda	
87abeaed45aaf5c1fc76914e	Q9LET0	miss	230	230	False	1.0	7241553a37f3d22b9fe3505b34e27777fb2ef5184e10ba1cc0bcda4818d4dabb	08e4846e537177426273712802403f7ba8261b6c	mean_5_11_17_23_29_33|domfull	230	0.0007246376811594203	fp32	cuda	
b9ae70ce21e34bc260123088	Q9P403	miss	230	230	False	1.0	70d8b832a553b5d52e225c91f59e9f01261c17809caaa41b489db392f8832186	08e4846e537177426273712802403f7ba8261b6c	mean_5_11_17_23_29_33|domfull	230	0.0007246376811594203	fp32	cuda	
2d9b474ce2630393d1cda805	Q03390	miss	229	229	False	1.0	a4cbc9771a651d4d040d9d8d455c21618be78574750bbd87e06b7531f1577e9c	08e4846e537177426273712802403f7ba8261b6c	mean_5_11_17_23_29_33|domfull	229	0.0007246376811594203	fp32	cuda	
11279c7fd0071af8273907ad	Q9CCF6	miss	229	229	False	1.0	1d98078b26884d98d62decef886964fbfe6a78b5a9466f11a9ec7961596a8548	08e4846e537177426273712802403f7ba8261b6c	mean_5_11_17_23_29_33|domfull	229	0.0007246376811594203	fp32	cuda	
0af6d86a7b15f96807386c22	Q9WVZ1	miss	229	229	False	1.0	799fcbb67b728946f1d4aaa343ad22c6faa75ee37b2e656ad4da5e4b634bbe0b	08e4846e537177426273712802403f7ba8261b6c	mean_5_11_17_23_29_33|domfull	229	0.0007246376811594203	fp32	cuda	
69dba8f2ec9044bef39cb73b	Q9ZFV5	miss	229	229	False	1.0	2248ba12f4b0a1e2edbfe28a870365bfa3b0ddc20953a4c162c0e13261f79f94	08e4846e537177426273712802403f7ba8261b6c	mean_5_11_17_23_29_33|domfull	229	0.0007246376811594203	fp32	cuda	
96dfd86bab4e7f67b9b662b6	Q9ZJ10	miss	229	229	False	1.0	1b32bfdfb55b2bb6f04743cd2df2d5c6d16c9f9fbf3f2887a381788b8ac87700	08e4846e537177426273712802403f7ba8261b6c	mean_5_11_17_23_29_33|domfull	229	0.0007246376811594203	fp32	cuda	
923367dcc693449147ea648b	Q9CKU6	miss	228	228	False	1.0	5716c90c38470b362fbc7dc57182e83dffa8589ebd4926308407745d856bfcf2	08e4846e537177426273712802403f7ba8261b6c	mean_5_11_17_23_29_33|domfull	228	0.0007246376811594203	fp32	cuda	
05c7dae85ae124045ff7d99e	Q9HG12	miss	228	228	False	1.0	9753fe6e7bf28b0884b87b8550e5a5dccfd2af956118eaa4d2447a0b2a5c3504	08e4846e537177426273712802403f7ba8261b6c	mean_5_11_17_23_29_33|domfull	228	0.0007246376811594203	fp32	cuda	
017835ffce6e27b89ed1f699	Q9M290	miss	228	228	False	1.0	5d189c6e88f2cac95a938bced441e8e992351e015520acc76641535760761a36	08e4846e537177426273712802403f7ba8261b6c	mean_5_11_17_23_29_33|domfull	228	0.0007246376811594203	fp32	cuda	
69413de422e357540002ceed	Q9ZDQ0	miss	228	228	False	1.0	bc5be2a30ca0c5eb27c14c77758cb2e04ae44f28fe9ff16bc55c69672cb4503d	08e4846e537177426273712802403f7ba8261b6c	mean_5_11_17_23_29_33|domfull	228	0.0007246376811594203	fp32	cuda	
88dc45a8bcebf4dfe033a76f	Q008X3	miss	227	227	False	1.0	b3bc4bfdb5ebe26af07ac20e0357f916cba9b984af3ccdde018153d28ee5b22d	08e4846e537177426273712802403f7ba8261b6c	mean_5_11_17_23_29_33|domfull	227	0.0007246376811594203	fp32	cuda	
b257bcbff2dcfc342a33054a	Q0J8J8	miss	227	227	False	1.0	cd7a80b4772ec128197eba5deb38fb4b09f18f88089190d2ddc02d7d4bf788e2	08e4846e537177426273712802403f7ba8261b6c	mean_5_11_17_23_29_33|domfull	227	0.0007246376811594203	fp32	cuda	
ad45dd4cc079a8331f0805f3	Q9SJ52	miss	227	227	False	1.0	15370f7fac2987152e2cac98cb45dff8e29d53ac3485c7499d62713f1203a24d	08e4846e537177426273712802403f7ba8261b6c	mean_5_11_17_23_29_33|domfull	227	0.0007246376811594203	fp32	cuda	
fa6b728dced33e04a5a58a9e	O34414	miss	226	226	False	1.0	2d60adc2ed82d1990301a6f35027abf108ff776ebdcb579ca04740b37932ca7b	08e4846e537177426273712802403f7ba8261b6c	mean_5_11_17_23_29_33|domfull	226	0.0007246376811594203	fp32	cuda	
20b325370953e40903fa627f	Q05024	miss	226	226	False	1.0	1d7df5cd4d2889a30ba0221cf9aacdff9a99b2a649704ca43d0c4049aa4ad5a9	08e4846e537177426273712802403f7ba8261b6c	mean_5_11_17_23_29_33|domfull	226	0.0007246376811594203	fp32	cuda	
faf2fa235a55e59b0da313e1	Q5UPT5	miss	226	226	False	1.0	8bba423d238d262b0a2d310cfcce205e848fc44a7742a3e0a4531f49c8542d14	08e4846e537177426273712802403f7ba8261b6c	mean_5_11_17_23_29_33|domfull	226	0.0007246376811594203	fp32	cuda	
5d2596d17422bb792e2d39d2	Q93V66	miss	226	226	False	1.0	3ae106271476e14705227e2da770e3b60f6921fa47c9965b23814a5a51f2dc64	08e4846e537177426273712802403f7ba8261b6c	mean_5_11_17_23_29_33|domfull	226	0.0007246376811594203	fp32	cuda	
895c047122ab9c1add5d64a7	Q9C682	miss	226	226	False	1.0	eb02a0a582c2e2d6f65c7e0898d90e8612e66a38a0c73bf0a59c4cbde32c8bb8	08e4846e537177426273712802403f7ba8261b6c	mean_5_11_17_23_29_33|domfull	226	0.0007246376811594203	fp32	cuda	
6b52752ec45b9f11e7bb5d70	Q5M819	miss	225	225	False	1.0	185e1519cb1b3e62adbf1073212b7b1cf0ced32eb9fdac08810e9f8ea7fb46d1	08e4846e537177426273712802403f7ba8261b6c	mean_5_11_17_23_29_33|domfull	225	0.0007246376811594203	fp32	cuda	
d16acb76131e725d14e8434a	Q84JH7	miss	225	225	False	1.0	be8cebb457eaef1a3ce125f192279ac172d514995fa57d019d9c44a67b733a2c	08e4846e537177426273712802403f7ba8261b6c	mean_5_11_17_23_29_33|domfull	225	0.0007246376811594203	fp32	cuda	
59b019c93193a26c106ea47a	Q8JN59	miss	225	225	False	1.0	730489046b0079e2fcc64dd40042a317633a3ddd7c623aaff1f22fb6e0aceddc	08e4846e537177426273712802403f7ba8261b6c	mean_5_11_17_23_29_33|domfull	225	0.0007246376811594203	fp32	cuda	
2ecd4a6e3b7b0d4706e9278a	Q9VXP4	miss	225	225	False	1.0	b84cf61731461e811d2f6aa575669b3cac365e0378b2fb86684cb875ee3f0cd8	08e4846e537177426273712802403f7ba8261b6c	mean_5_11_17_23_29_33|domfull	225	0.0007246376811594203	fp32	cuda	
815ca1d3fa57fa82b6b5376d	P23024	miss	224	224	False	1.0	2ec268ad41d505ea57df6920c89073ee72caf6fc570f591e5bce0488af24eb60	08e4846e537177426273712802403f7ba8261b6c	mean_5_11_17_23_29_33|domfull	224	0.0007246376811594203	fp32	cuda	
67dccb864453b76c86649558	Q67ZF6	miss	224	224	False	1.0	b3d49be41fe84544c23c7ac558538ab8d39d58035a3b397fcafc40f0a1020eeb	08e4846e537177426273712802403f7ba8261b6c	mean_5_11_17_23_29_33|domfull	224	0.0007246376811594203	fp32	cuda	
cd55998e684a8d36db94e8c6	Q9Z1L4	miss	224	224	False	1.0	e973ba57b7822aa097f756594c3f2c506f982643db081677d3c600e2f0aa6618	08e4846e537177426273712802403f7ba8261b6c	mean_5_11_17_23_29_33|domfull	224	0.0007246376811594203	fp32	cuda	
420cde2e39796e63d0fd4065	Q9ZB72	miss	224	224	False	1.0	993b07bae1f64eae8b265d4e4eca86d629a17bc155b9487060d2c97b1321b601	08e4846e537177426273712802403f7ba8261b6c	mean_5_11_17_23_29_33|domfull	224	0.0007246376811594203	fp32	cuda	
fcf14516a2163f7c8bff40dd	Q6GL23	miss	223	223	False	1.0	45eaec74a09530286e35929d5e0bf99d531f24693d2e97e597731841ce7e2c03	08e4846e537177426273712802403f7ba8261b6c	mean_5_11_17_23_29_33|domfull	223	0.0007246376811594203	fp32	cuda	
6d5163887c9e27cceda47523	Q9NY30	miss	223	223	False	1.0	2ff392ca4387a7fb97e74bc2695087e570cfd3522dd77b8237cac084a27ae19d	08e4846e537177426273712802403f7ba8261b6c	mean_5_11_17_23_29_33|domfull	223	0.0007246376811594203	fp32	cuda	
7a64dfa73771a9d311ff26d9	Q6EPN6	miss	222	222	False	1.0	42b9ef572e58c741e1b25bc791197a4430f3c71801df412b66c94ece6777b70b	08e4846e537177426273712802403f7ba8261b6c	mean_5_11_17_23_29_33|domfull	222	0.0007246376811594203	fp32	cuda	
55b6d9ab4074694b9470c162	Q8LET2	miss	222	222	False	1.0	2e7328eb98f26164259f9a603f7f626fb6a62b9e4f6b0c1983321ace7143c8e2	08e4846e537177426273712802403f7ba8261b6c	mean_5_11_17_23_29_33|domfull	222	0.0007246376811594203	fp32	cuda	
937b180eb1ebf4c7d4a9f1f7	Q8LGD5	miss	222	222	False	1.0	8c8f2620ec4e5fc382264005e0b54d62b27bba68a6fa6f0b49b45d3cf863b5d9	08e4846e537177426273712802403f7ba8261b6c	mean_5_11_17_23_29_33|domfull	222	0.0007246376811594203	fp32	cuda	
5f3e94987de764e918b463c8	Q95Q11	miss	222	222	False	1.0	f95a467430b09f6926eceb9ff415cb3e201a816f9f6e39cf48ec7477f04b0ce5	08e4846e537177426273712802403f7ba8261b6c	mean_5_11_17_23_29_33|domfull	222	0.0007246376811594203	fp32	cuda	
2e26ae29fc484ee39e0fbd3e	Q96CS7	miss	222	222	False	1.0	f4d514b2748556efa8198007631a9a9f4052ea9d914af33738865d3ce9109b06	08e4846e537177426273712802403f7ba8261b6c	mean_5_11_17_23_29_33|domfull	222	0.0007246376811594203	fp32	cuda	
f21a9a0be3892b0686201412	Q9SI19	miss	222	222	False	1.0	0006738f418af6a5b9d88ff63a403b2838399fe06e703cd3a480f98004a26c83	08e4846e537177426273712802403f7ba8261b6c	mean_5_11_17_23_29_33|domfull	222	0.0007246376811594203	fp32	cuda	
17448c4ab1ce44ca837f72ac	Q9V302	miss	222	222	False	1.0	273cf176172cbc8873924b72a0b65e34fd9390d413e4f9c54634559ea3902bfe	08e4846e537177426273712802403f7ba8261b6c	mean_5_11_17_23_29_33|domfull	222	0.0007246376811594203	fp32	cuda	
b488aec078743c6dbcc042bb	Q9XDP1	miss	222	222	False	1.0	5d897e2fa704f14a850dda87f054bfd2bf743dcea3dfbc7f0826eb9481020c86	08e4846e537177426273712802403f7ba8261b6c	mean_5_11_17_23_29_33|domfull	222	0.0007246376811594203	fp32	cuda	
eb98dec663342d1523c98fec	Q759J5	miss	221	221	False	1.0	4b560b269695279e09514afbd55bc79b58932f70bbef9814224e0de59ad6153e	08e4846e537177426273712802403f7ba8261b6c	mean_5_11_17_23_29_33|domfull	221	0.0007246376811594203	fp32	cuda	
9a1a841754b1e6fdf180a3e0	Q7ZT48	miss	221	221	False	1.0	6494f7f9fbb6e37b375b7f4fa7462636d317d3adc9dd11120c4449247bb6362a	08e4846e537177426273712802403f7ba8261b6c	mean_5_11_17_23_29_33|domfull	221	0.0007246376811594203	fp32	cuda	
5b556f14ccbe0219f6ab40cf	Q8SWI4	miss	221	221	False	1.0	27c175e323a8e9aa305ed65ed40e7e0c8c0c617792149ed925f5ae845601a73e	08e4846e537177426273712802403f7ba8261b6c	mean_5_11_17_23_29_33|domfull	221	0.0007246376811594203	fp32	cuda	
5cc010da5d8b9c6c10befeb2	Q8SWG8	miss	220	220	False	1.0	4a9e70ea01e0f3d7d17c4eb496e17373b9f91bcf4f9d22af79b7a570b40906f2	08e4846e537177426273712802403f7ba8261b6c	mean_5_11_17_23_29_33|domfull	220	0.0007246376811594203	fp32	cuda	
a380f5bb053d9f48113cbb55	Q9HDU7	miss	220	220	False	1.0	0d258f2a837133b9761cb44036699adb7f159eb3a02f9c3163298b7a1229b250	08e4846e537177426273712802403f7ba8261b6c	mean_5_11_17_23_29_33|domfull	220	0.0007246376811594203	fp32	cuda	
22999f56f453ea7dab4dbf68	Q7V1D3	miss	219	219	False	1.0	ff2d1dca69ea570c3ae249d823383b6730c0639480b7b7cfa785c7b531dd5acd	08e4846e537177426273712802403f7ba8261b6c	mean_5_11_17_23_29_33|domfull	219	0.0007246376811594203	fp32	cuda	
927f8c5e067d6c72a61ab97b	Q9AW90	miss	219	219	False	1.0	8ec171afbf68da153a3186f5346c788b34d63642f4f9d17c1bdf8e39c88aaabd	08e4846e537177426273712802403f7ba8261b6c	mean_5_11_17_23_29_33|domfull	219	0.0007246376811594203	fp32	cuda	
34fdedfb6760af4312fcba56	Q9CY24	miss	219	219	False	1.0	ff20642226faddb1a3df64911e83c6e8c03cb2c6119734d717687b645f0a31e4	08e4846e537177426273712802403f7ba8261b6c	mean_5_11_17_23_29_33|domfull	219	0.0007246376811594203	fp32	cuda	
b972ce47fa9182832a1cec01	P46827	miss	218	218	False	1.0	595bc11daad5edda6261fea74d3c05963b6333acbbb8f3de72983788287d84ca	08e4846e537177426273712802403f7ba8261b6c	mean_5_11_17_23_29_33|domfull	218	0.0007246376811594203	fp32	cuda	
f37686ecd1db0b0c59ce4e1c	Q8L983	miss	218	218	False	1.0	138faa0feee53a4471027ddb5cbd2a33c157c68d3faadd0cf34422eb632d892f	08e4846e537177426273712802403f7ba8261b6c	mean_5_11_17_23_29_33|domfull	218	0.0007246376811594203	fp32	cuda	
b0f0fe3dce64e1d4947f07ff	Q9HXC7	miss	218	218	False	1.0	defd740d84f37691216bd9d4bc3640cdf3856a099c6a610f44eaafeb6a45351d	08e4846e537177426273712802403f7ba8261b6c	mean_5_11_17_23_29_33|domfull	218	0.0007246376811594203	fp32	cuda	
d6759ad2dc152cb0eb77be58	Q9NZH6	miss	218	218	False	1.0	7da0d4529b11bed2d3375fad82a827c2e9feaf7a0342b073dd84d5812582c999	08e4846e537177426273712802403f7ba8261b6c	mean_5_11_17_23_29_33|domfull	218	0.0007246376811594203	fp32	cuda	
596075d01b6aa5f00321008e	Q9W6I9	miss	218	218	False	1.0	b957a15d1891f647f784f790f2af11a9fbbafc25c03f23ff7974adb150c7fdad	08e4846e537177426273712802403f7ba8261b6c	mean_5_11_17_23_29_33|domfull	218	0.0006756756756756757	fp32	cuda	
f73a7cf70d35dc60c2e82084	Q9X1N1	miss	218	218	False	1.0	bb8f908a499ae1f77c19b252c614e57d7701f8ac011ada0c22f3a99e46a31d5a	08e4846e537177426273712802403f7ba8261b6c	mean_5_11_17_23_29_33|domfull	218	0.0006756756756756757	fp32	cuda	
d55841ed1e58271d28ffb939	Q9Z2J9	miss	218	218	False	1.0	edb3d8aaf848f0a400b928bc0e909ab67941ef965bdd124eb988e7f19ead4925	08e4846e537177426273712802403f7ba8261b6c	mean_5_11_17_23_29_33|domfull	218	0.0006756756756756757	fp32	cuda	
ed077f9f2dbe34e71f62d22b	A5D2M7	miss	217	217	False	1.0	adf25de3a2f02011157969b8c911cda3ba18f8fea07784ce1a3557a350abc32a	08e4846e537177426273712802403f7ba8261b6c	mean_5_11_17_23_29_33|domfull	217	0.0006756756756756757	fp32	cuda	
0b946f420a2d437b9d296654	Q8SRY0	miss	217	217	False	1.0	331ab4558a39542b3edab135392761fd61e4f0ba22873412aeefcdcec40f3ec7	08e4846e537177426273712802403f7ba8261b6c	mean_5_11_17_23_29_33|domfull	217	0.0006756756756756757	fp32	cuda	
b7cdd4d5bdfab35351e9354a	Q98178	miss	217	217	False	1.0	b9d5b071c62c7f256690877db7aa3f648bdb121331618ffae9b1e33e84ab2c74	08e4846e537177426273712802403f7ba8261b6c	mean_5_11_17_23_29_33|domfull	217	0.0006756756756756757	fp32	cuda	
30e97b5ec6f014d7d3be12a4	Q81I73	miss	216	216	False	1.0	b3d0590be11c14b56d29a6e44d548985141ee9eedd992dfecc7b39b1f0e3846d	08e4846e537177426273712802403f7ba8261b6c	mean_5_11_17_23_29_33|domfull	216	0.0006756756756756757	fp32	cuda	
9c0b30cc991f371cf96ccba4	Q8IV31	miss	216	216	False	1.0	18cf09274c97afcd14f1fccd2c11263d5e049e4e437875bba81aca1ceb69c0b9	08e4846e537177426273712802403f7ba8261b6c	mean_5_11_17_23_29_33|domfull	216	0.0006756756756756757	fp32	cuda	
a3526cc12692afe315b7e634	Q9C591	miss	216	216	False	1.0	486b039d1eae8a7872b9d2c02c138f8c937397c91975930013b82f3c9d6882e2	08e4846e537177426273712802403f7ba8261b6c	mean_5_11_17_23_29_33|domfull	216	0.0006756756756756757	fp32	cuda	
ae743227110fb07387b63e34	Q92IR4	miss	215	215	False	1.0	77b82fea2c6dac5d5e74f1d343bbc0919da564e719dc7149de0a7f7f01d34bc0	08e4846e537177426273712802403f7ba8261b6c	mean_5_11_17_23_29_33|domfull	215	0.0006756756756756757	fp32	cuda	
1216b82ea83ad01be2d44bed	Q9C7S6	miss	215	215	False	1.0	e7a06e8b38cc5185be1398647258fcd34de7183dada2749ed86dad9ec075bdc7	08e4846e537177426273712802403f7ba8261b6c	mean_5_11_17_23_29_33|domfull	215	0.0006756756756756757	fp32	cuda	
11093b46aecd0ed86b9b1f73	P0C6L4	miss	214	214	False	1.0	833e1b56e7800ba0d13d594f23bf4dfcf70420bc4e1a788c008f04d2dc5596c0	08e4846e537177426273712802403f7ba8261b6c	mean_5_11_17_23_29_33|domfull	214	0.0006756756756756757	fp32	cuda	
bddd598dcf9fbbe84736b925	Q88469	miss	214	214	False	1.0	860958ed01ff36a57e3ef59903c54c2d5c8f886635ed5a4d3c4d01df3e0b1d96	08e4846e537177426273712802403f7ba8261b6c	mean_5_11_17_23_29_33|domfull	214	0.0006756756756756757	fp32	cuda	
782b15c46fdb0065c01e7c91	Q8CEZ1	miss	214	214	False	1.0	987140645b386d15f561a657b6d8c91159f42b046463c4e89ffb706a9185daba	08e4846e537177426273712802403f7ba8261b6c	mean_5_11_17_23_29_33|domfull	214	0.0006756756756756757	fp32	cuda	
e916805fd27bc48a6e3f1a6a	Q91PQ3	miss	214	214	False	1.0	b9a3c1bb8da889ed1cee3232c7751c723b19a04cd4c139ee5488c8047542eeb7	08e4846e537177426273712802403f7ba8261b6c	mean_5_11_17_23_29_33|domfull	214	0.0006756756756756757	fp32	cuda	
37aaac9c2ba48c5cda1bbc21	Q9LXR1	miss	214	214	False	1.0	433caa5abb68355ae868c9efe52ff5fe710795c0a2097d8fb9573ea46a647252	08e4846e537177426273712802403f7ba8261b6c	mean_5_11_17_23_29_33|domfull	214	0.0006756756756756757	fp32	cuda	
f24c4fb3ab732bf99f54f89f	P17691	miss	213	213	False	1.0	de9418e6b617462cc406251e114365adf9639dbf5b69e206977a10ba17813c33	08e4846e537177426273712802403f7ba8261b6c	mean_5_11_17_23_29_33|domfull	213	0.0006756756756756757	fp32	cuda	
7f50ec79a46d63c8a8e54e9b	Q7VNM5	miss	213	213	False	1.0	71127775405bb33f96b036a645472d64b7bf140e692e3eb20f3b6c5c9539f31e	08e4846e537177426273712802403f7ba8261b6c	mean_5_11_17_23_29_33|domfull	213	0.0006756756756756757	fp32	cuda	
6790b892249e5497741b964f	Q99181	miss	213	213	False	1.0	7667b0d65af81142d2ea27415c6bbe03ed79b5771439a723cd65bcf19076c93c	08e4846e537177426273712802403f7ba8261b6c	mean_5_11_17_23_29_33|domfull	213	0.0006756756756756757	fp32	cuda	
cc4b3e9effe50512aa14cae5	Q9FRL8	miss	213	213	False	1.0	9ffb3f3551c20edcb82dd3e939ccb800bc7c0b77980db3cb7a97a27a6f32c294	08e4846e537177426273712802403f7ba8261b6c	mean_5_11_17_23_29_33|domfull	213	0.0006756756756756757	fp32	cuda	
5d23e9905b9cf081ffab7f31	P26893	miss	212	212	False	1.0	67b2102d68c18cae4c5d47d67f53de5af5897452e4d9225393afc76460976c59	08e4846e537177426273712802403f7ba8261b6c	mean_5_11_17_23_29_33|domfull	212	0.0006756756756756757	fp32	cuda	
06a12c2115b2317feef4ec3f	Q914H4	miss	212	212	False	1.0	81b4abcd12127e38989ca843dbe486555dfb0fd5a048f8e2df1eccdd1e366750	08e4846e537177426273712802403f7ba8261b6c	mean_5_11_17_23_29_33|domfull	212	0.0006756756756756757	fp32	cuda	
7211e274fa963372ae6e5a9a	Q9D3N2	miss	212	212	False	1.0	a5bc7b63490a569c26cb71ef9d7e4aeb091e366b989b7de803606748a65dc264	08e4846e537177426273712802403f7ba8261b6c	mean_5_11_17_23_29_33|domfull	212	0.0006756756756756757	fp32	cuda	
722feb1efe8cecea885a2f36	Q9SUF4	miss	212	212	False	1.0	28beec6dc4f810ef36d3d3c7c6ae5df9aa1f36431425fe9ec0c65a68c9ee3a19	08e4846e537177426273712802403f7ba8261b6c	mean_5_11_17_23_29_33|domfull	212	0.0006756756756756757	fp32	cuda	
f575e308bccecce15289eabd	Q07731	miss	211	211	False	1.0	f7887cb45e9a54f0c22be5a503b2dadaf9dd3a49fc071422d6a80df8a16193b4	08e4846e537177426273712802403f7ba8261b6c	mean_5_11_17_23_29_33|domfull	211	0.0006756756756756757	fp32	cuda	
4457ae0587ad8006408aaf96	Q99MH5	miss	211	211	False	1.0	1b139a8b723d263d681962bd3ef74fe89b0e79fbca1ea473daacb1846b503284	08e4846e537177426273712802403f7ba8261b6c	mean_5_11_17_23_29_33|domfull	211	0.0006756756756756757	fp32	cuda	
3b1a6b26555ca32cad0628b1	Q9VVF7	miss	211	211	False	1.0	832be0442887d51d835b94b5b1e4a42e51908deb509fd84847e0fb9e96bdf7a7	08e4846e537177426273712802403f7ba8261b6c	mean_5_11_17_23_29_33|domfull	211	0.0006756756756756757	fp32	cuda	
fd53ae20d902929d2b6ddec1	Q9NQ31	miss	210	210	False	1.0	36c12fc89fdac11afaa62380b29d6df699e00d10540096a3f46de34d38842010	08e4846e537177426273712802403f7ba8261b6c	mean_5_11_17_23_29_33|domfull	210	0.0006756756756756757	fp32	cuda	
dc136147cd0c590de0cadbf1	Q9QYR2	miss	210	210	False	1.0	92faad631efa9c895d0df06f693b89bed0ebfc3ebe5d637ea130af9264d17e94	08e4846e537177426273712802403f7ba8261b6c	mean_5_11_17_23_29_33|domfull	210	0.0006756756756756757	fp32	cuda	
de7cf631e7d788023d69da91	Q9SIY3	miss	210	210	False	1.0	2ce9a0a469534fe668f548a93c0faf3c0e29c76bc1b4ebda52c3cf3a2ec06916	08e4846e537177426273712802403f7ba8261b6c	mean_5_11_17_23_29_33|domfull	210	0.0006756756756756757	fp32	cuda	
99154d99a81e2a5800e2f80c	Q9SYD8	miss	210	210	False	1.0	f70b6f8f46435e560160cf01bf73c33f32e3a3c8174270c8e2f15fc1b95c6f97	08e4846e537177426273712802403f7ba8261b6c	mean_5_11_17_23_29_33|domfull	210	0.0006756756756756757	fp32	cuda	
e159a4d9c0633779aa05badd	Q9USM7	miss	210	210	False	1.0	cc7b5a1737db0ad3b35fcf2ea7470def6f2cac29546e15acbda6cc953cd6e90b	08e4846e537177426273712802403f7ba8261b6c	mean_5_11_17_23_29_33|domfull	210	0.0006756756756756757	fp32	cuda	
4817cdf4896941513ce2f502	Q9VH14	miss	210	210	False	1.0	41be681e9c7894411b13902ad12b6b7405b701840b83a89852d272b338fbf83e	08e4846e537177426273712802403f7ba8261b6c	mean_5_11_17_23_29_33|domfull	210	0.0006756756756756757	fp32	cuda	
114f2d0a045e73cd7ee4677d	Q8NNK6	miss	209	209	False	1.0	86e92f695959751b005ea5b10b8aca57c6dc1560ce91c7787167e178caca678d	08e4846e537177426273712802403f7ba8261b6c	mean_5_11_17_23_29_33|domfull	209	0.0006756756756756757	fp32	cuda	
24e8107154adbbe7faea367b	Q8TFH6	miss	209	209	False	1.0	8dbf9a9d25d48fbd4a4975327b4e90215cd59f90a2ed486dcd02cfc2d05a0a98	08e4846e537177426273712802403f7ba8261b6c	mean_5_11_17_23_29_33|domfull	209	0.0006756756756756757	fp32	cuda	
0a2b6e9493be3347d36ab054	Q8W115	miss	209	209	False	1.0	28cef2efea87b6b8ea6237857c7ec016606d58c4b3a110280abcb8b9b010cfe9	08e4846e537177426273712802403f7ba8261b6c	mean_5_11_17_23_29_33|domfull	209	0.0006756756756756757	fp32	cuda	
a04214247adff2de007a3bbb	B1L867	miss	208	208	False	1.0	333808a0cf415361dbb32283de1c1c7cd1bf2a46122539509e2f322a153b3e63	08e4846e537177426273712802403f7ba8261b6c	mean_5_11_17_23_29_33|domfull	208	0.0006756756756756757	fp32	cuda	
880322db9a771d36810c4f13	Q89PW2	miss	208	208	False	1.0	5cb047c4215a97c581dc1adb4722889ecad910ce50e3bfd90c1028128bc9141e	08e4846e537177426273712802403f7ba8261b6c	mean_5_11_17_23_29_33|domfull	208	0.0006756756756756757	fp32	cuda	
891335ff1f40a0a1c56acddc	Q9S7M9	miss	208	208	False	1.0	222cbcb68b9a0f6d51df698227c33d425605f86512a30ed262d962ffdd7aabec	08e4846e537177426273712802403f7ba8261b6c	mean_5_11_17_23_29_33|domfull	208	0.0006756756756756757	fp32	cuda	
cdaafb57a41380b934f40ae2	Q9SCY2	miss	208	208	False	1.0	72adbbb7ba97f98bd49f5a794928d0566b04370972ed319254d9bf822e578301	08e4846e537177426273712802403f7ba8261b6c	mean_5_11_17_23_29_33|domfull	208	0.0006756756756756757	fp32	cuda	
ee0a537bf24edf94db83bfde	Q9XXD2	miss	208	208	False	1.0	768cc6fa91422a103ec4d1a3748f77d76236b18a1adb6497e78860061a47c6f6	08e4846e537177426273712802403f7ba8261b6c	mean_5_11_17_23_29_33|domfull	208	0.0006756756756756757	fp32	cuda	
520c11109f199529f43993b4	Q9Y7T9	miss	208	208	False	1.0	c3915c1050d4ba69f88e1bee09d670546d417457c73041d6feb96b5778f33e25	08e4846e537177426273712802403f7ba8261b6c	mean_5_11_17_23_29_33|domfull	208	0.0006756756756756757	fp32	cuda	
36f2152d48cea1768db1fad7	Q8ZRF7	miss	207	207	False	1.0	44b3354e41f097a582f71eae5fc607211debf2a9847e4fecd074d06e2e7f364e	08e4846e537177426273712802403f7ba8261b6c	mean_5_11_17_23_29_33|domfull	207	0.0006756756756756757	fp32	cuda	
dbaaf18c2ebf524f2edc09f7	Q9P7A1	miss	207	207	False	1.0	56d9806fdd89a61983af8663cee41ed31a8ff2cb60610a7eb70a2285dcbe7b3e	08e4846e537177426273712802403f7ba8261b6c	mean_5_11_17_23_29_33|domfull	207	0.0006756756756756757	fp32	cuda	
a70ff151dca9c129afce57e7	Q9RS64	miss	207	207	False	1.0	64b6ca42614fb8e6116d58f453d032180162ca655b3a853cc7dd40dcb661c8a0	08e4846e537177426273712802403f7ba8261b6c	mean_5_11_17_23_29_33|domfull	207	0.0006756756756756757	fp32	cuda	
96122cdd4f3e3f730426c6ec	Q9LEV3	miss	206	206	False	1.0	a487314dea4dc5904ae4ee81822aa81821ed724063b9a2b16e9c97f79b3a671c	08e4846e537177426273712802403f7ba8261b6c	mean_5_11_17_23_29_33|domfull	206	0.0006756756756756757	fp32	cuda	
f8a4355ffff6fa93f3bd78ad	Q9LNB9	miss	206	206	False	1.0	a4eb9e7663c3536a2b0f7314f6fc453989114407ba0096cef2aed28e9468aaa7	08e4846e537177426273712802403f7ba8261b6c	mean_5_11_17_23_29_33|domfull	206	0.0006756756756756757	fp32	cuda	
eb69f2354564ddcf00b5f082	Q6PQK2	miss	205	205	False	1.0	54590bfa93f8d926a29b03e2c2f7d69e5e0a8ffb6d0e80acfaeca2b4924bfe81	08e4846e537177426273712802403f7ba8261b6c	mean_5_11_17_23_29_33|domfull	205	0.0006756756756756757	fp32	cuda	
c14b7918bdc81357c0e50622	Q754R6	miss	205	205	False	1.0	ab3d1fae82bfce133d1a9c8f0bd35ae1b94fe63ec1ac71c3659e09d4b6ae4775	08e4846e537177426273712802403f7ba8261b6c	mean_5_11_17_23_29_33|domfull	205	0.0006756756756756757	fp32	cuda	
0d6008339570f949b201356b	Q7Z2W9	miss	205	205	False	1.0	822b1a993f85664685273c45e5de5534633b195e18f467d24e5ea980b6150189	08e4846e537177426273712802403f7ba8261b6c	mean_5_11_17_23_29_33|domfull	205	0.0006756756756756757	fp32	cuda	
bd8a7ba2304be8fd234b145e	Q9CX92	miss	205	205	False	1.0	1937a88fc3ed12bc71c2669ca348fca34822ea8f0b7acdfaff343d3b93307878	08e4846e537177426273712802403f7ba8261b6c	mean_5_11_17_23_29_33|domfull	205	0.0006756756756756757	fp32	cuda	
78cc0b7634092fe426109f29	Q9FI79	miss	205	205	False	1.0	5c6fc64f15a9b44f29c65d26315ddf8216d2f7376774f5f835586e00e82c114c	08e4846e537177426273712802403f7ba8261b6c	mean_5_11_17_23_29_33|domfull	205	0.0006756756756756757	fp32	cuda	
05dc1b10e0aaa3b47f4a5da8	Q9P791	miss	205	205	False	1.0	860f6ecc1d45a3ccd73249e53d7c7237d8b6f65d2b97adf127e371dcd6da10b5	08e4846e537177426273712802403f7ba8261b6c	mean_5_11_17_23_29_33|domfull	205	0.0006756756756756757	fp32	cuda	
ac28543ee097ac7eb913ab69	Q9TZ70	miss	205	205	False	1.0	e95943f2ab58822baa9532621cc2640c280541931a1aa45c6da48247fa9eb8c3	08e4846e537177426273712802403f7ba8261b6c	mean_5_11_17_23_29_33|domfull	205	0.0006756756756756757	fp32	cuda	
f9c3f0bb4ab06ffa67b08f37	Q8STF2	miss	204	204	False	1.0	b89c17c36d8a60971a3c9b84e28e9733bdc99ae034635bb4ee63bd560a263693	08e4846e537177426273712802403f7ba8261b6c	mean_5_11_17_23_29_33|domfull	204	0.0006756756756756757	fp32	cuda	
3b1b43c4819ce2107851130a	Q94234	miss	204	204	False	1.0	9db700b04d3019c5ef95cbdc11cde7a7d46e32747769a165211e7b1d82d544b0	08e4846e537177426273712802403f7ba8261b6c	mean_5_11_17_23_29_33|domfull	204	0.0006756756756756757	fp32	cuda	
d7276a7085daf1efc16213a4	Q9M1U2	miss	204	204	False	1.0	452ba1e339c7a558aa3634bb0651be0c4b00a1e13180e4caf1a317881c69af10	08e4846e537177426273712802403f7ba8261b6c	mean_5_11_17_23_29_33|domfull	204	0.0006756756756756757	fp32	cuda	
b403a9b37b60780bc7611584	Q9SI72	miss	204	204	False	1.0	336baa260f5bd1bf3b33bde76593822ca5ac05ed9465ad8a4dd50ee52887d6ce	08e4846e537177426273712802403f7ba8261b6c	mean_5_11_17_23_29_33|domfull	204	0.0006756756756756757	fp32	cuda	
82b2f70d635eaaaf77395b85	A0A1B0GVZ9	miss	203	203	False	1.0	17cc39e2c6fc95473c0792b9bfbb9df6a4eeb824bcf58f22457d1251374208a9	08e4846e537177426273712802403f7ba8261b6c	mean_5_11_17_23_29_33|domfull	203	0.0006756756756756757	fp32	cuda	
805cf211378a17697bc2b05f	Q9P7J2	miss	203	203	False	1.0	f5cd0ae1a2f1cffb4fc7f75fcb5437e75cf6ef234adc6a72c7619abbcc728c0b	08e4846e537177426273712802403f7ba8261b6c	mean_5_11_17_23_29_33|domfull	203	0.0006756756756756757	fp32	cuda	
60a7681a29a8860d0cdb4e3d	Q9RZZ0	miss	203	203	False	1.0	cd860f2805a3040ab6e7a5303d44e6e8f80a8d7aba4e4dce3d4781e8f7b6d4de	08e4846e537177426273712802403f7ba8261b6c	mean_5_11_17_23_29_33|domfull	203	0.0006756756756756757	fp32	cuda	
549972d7145c267a34fcdb83	Q9HK44	miss	202	202	False	1.0	8baf9ca923e1ca3b5d06f892e48c2a5849d76b18e8ffb886f69cc8bf10d801a4	08e4846e537177426273712802403f7ba8261b6c	mean_5_11_17_23_29_33|domfull	202	0.0006756756756756757	fp32	cuda	
9937af8e7a9afde162d58878	Q9IBM3	miss	202	202	False	1.0	db5d8389b1d8b3c33b0e81a0886c981c8a7832172010e3061ff2b49215f02bee	08e4846e537177426273712802403f7ba8261b6c	mean_5_11_17_23_29_33|domfull	202	0.0006756756756756757	fp32	cuda	
a7cd41592d177d23dcd20771	Q9RRF5	miss	202	202	False	1.0	c486adf0bf458f4999dce8b79afb75c605cb3eeeebd0d60d2c037dbc0aedd4d1	08e4846e537177426273712802403f7ba8261b6c	mean_5_11_17_23_29_33|domfull	202	0.0006756756756756757	fp32	cuda	
bdd767a4be8df19b98784129	Q9UUK4	miss	202	202	False	1.0	34d294edcf13c8718af62153da8bca8b751f5c998d5299ba7bd6e38183689a96	08e4846e537177426273712802403f7ba8261b6c	mean_5_11_17_23_29_33|domfull	202	0.0006756756756756757	fp32	cuda	
9a8607c9b7475546d34eb53d	P77736	miss	201	201	False	1.0	14bbacdebde68e954383dcbe0eb6364b304fe8a904418fa332bf6faf8ead27fd	08e4846e537177426273712802403f7ba8261b6c	mean_5_11_17_23_29_33|domfull	201	0.0006756756756756757	fp32	cuda	
46b4b59735f0f6dfe09ac57e	Q8BR26	miss	201	201	False	1.0	29a1f7cb66b85b9ede49d1f02e4cb5bf98b1773758b9591945f1b4c8f27732b5	08e4846e537177426273712802403f7ba8261b6c	mean_5_11_17_23_29_33|domfull	201	0.0006756756756756757	fp32	cuda	
93f4e1ac5ed3749825c07eb3	O15347	miss	200	200	False	1.0	048ec9910e4cebfb8dba760f36c938dd7f122dd7d0b91a28b1973d702209d1f9	08e4846e537177426273712802403f7ba8261b6c	mean_5_11_17_23_29_33|domfull	200	0.0006756756756756757	fp32	cuda	
7e7e00567630013032231a06	P13742	miss	200	200	False	1.0	fd4a66fa11408df507584929bbad331e2e9dd9ff301a5371731a07888f162c0f	08e4846e537177426273712802403f7ba8261b6c	mean_5_11_17_23_29_33|domfull	200	0.0006756756756756757	fp32	cuda	
579174bd11308c4987546a66	Q06608	miss	200	200	False	1.0	5d85bb9f43f06e37bd8599dd3544c6bce71e87b01a0bec82acc05b8bb63df43c	08e4846e537177426273712802403f7ba8261b6c	mean_5_11_17_23_29_33|domfull	200	0.0006756756756756757	fp32	cuda	
e3c88d4d7841d799ba4d4ff7	Q8TWL9	miss	200	200	False	1.0	b61d4a51f7a3a9f821988ad380b30d3e319fb5a5cacb9817dbcb312f7f5112da	08e4846e537177426273712802403f7ba8261b6c	mean_5_11_17_23_29_33|domfull	200	0.0006756756756756757	fp32	cuda	
57f3db7182d0de984b1c1b67	Q9BIA4	miss	200	200	False	1.0	3eeb28b6b948ed9fe565cd55c94a42cc5bbcc68264e31efce258561e49711eab	08e4846e537177426273712802403f7ba8261b6c	mean_5_11_17_23_29_33|domfull	200	0.0006756756756756757	fp32	cuda	
41eaa31090f2ef9bc4cbcf60	Q9Y0X6	miss	200	200	False	1.0	3686a5d5ac5f2aa297922ee79a5f4ddd0a6427635d76aa11dce389852c6aab44	08e4846e537177426273712802403f7ba8261b6c	mean_5_11_17_23_29_33|domfull	200	0.0006756756756756757	fp32	cuda	
09caef35e561427290f7f5d1	Q89717	miss	199	199	False	1.0	6faa25cd1e928bfb2dc245496c2ea8d573f5c65735ed61ea10fa87f7890d5f32	08e4846e537177426273712802403f7ba8261b6c	mean_5_11_17_23_29_33|domfull	199	0.0006756756756756757	fp32	cuda	
36afce91440690c678c614ca	Q8STB3	miss	199	199	False	1.0	ea63f7600439ac94700135f1f6f46c9a0310223529453c05cf0d168cf428e947	08e4846e537177426273712802403f7ba8261b6c	mean_5_11_17_23_29_33|domfull	199	0.0006172839506172839	fp32	cuda	
f95a6fcc02a66886c8d6b249	Q9FIJ4	miss	199	199	False	1.0	4da195ffb6249ffe45f3e87b51bccd9294067e19834c8ba81f96d5af05a3d8e7	08e4846e537177426273712802403f7ba8261b6c	mean_5_11_17_23_29_33|domfull	199	0.0006172839506172839	fp32	cuda	
0d594f377a73f03c996cc10d	Q9PVD5	miss	199	199	False	1.0	925a2d279b15580a0f291baab271973488ce7bf1fedc48426f2d3922ee32d0a3	08e4846e537177426273712802403f7ba8261b6c	mean_5_11_17_23_29_33|domfull	199	0.0006172839506172839	fp32	cuda	
cf9a81fb96a89e2d37a63da1	Q9UXU4	miss	199	199	False	1.0	e693f64f1591646c8773b0dbe4f14448eda36927392b62e6ed383a9dcec6fbe8	08e4846e537177426273712802403f7ba8261b6c	mean_5_11_17_23_29_33|domfull	199	0.0006172839506172839	fp32	cuda	
43b65b9be609010744081beb	Q9Y6W8	miss	199	199	False	1.0	480e59e625dcb7b3d3852c7b8cf8d62378e452426167f65c686cd7f8c9c8918a	08e4846e537177426273712802403f7ba8261b6c	mean_5_11_17_23_29_33|domfull	199	0.0006172839506172839	fp32	cuda	
1952e48bfec30fa598bb2068	B5RLH0	miss	198	198	False	1.0	4c2947955296a84fb4277e9e9324575b3c5592d68395d840fcba2a414ee69b90	08e4846e537177426273712802403f7ba8261b6c	mean_5_11_17_23_29_33|domfull	198	0.0006172839506172839	fp32	cuda	
a7095c5c69cc4f33664a6171	Q57904	miss	198	198	False	1.0	fa5af20f9718a434f530739684270a206192f7c234a588d0d05f47d93f27032b	08e4846e537177426273712802403f7ba8261b6c	mean_5_11_17_23_29_33|domfull	198	0.0006172839506172839	fp32	cuda	
d9f645167f1626ab596cfa92	Q74N14	miss	198	198	False	1.0	12cc7e42eb7fd927bb400f12a2fc0089313f5722b6a85bc5f15df113bd5b11bf	08e4846e537177426273712802403f7ba8261b6c	mean_5_11_17_23_29_33|domfull	198	0.0006172839506172839	fp32	cuda	
9705bc0fab7f41750117c12d	Q9BIW4	miss	198	198	False	1.0	c33a66d1ce1ed2f1a0c203bcb55d2688ca1e67c769a2f069b4f31e64eab6892f	08e4846e537177426273712802403f7ba8261b6c	mean_5_11_17_23_29_33|domfull	198	0.0006172839506172839	fp32	cuda	
92ba6ac3d0f71e3fdbff4c14	Q9I9R4	miss	198	198	False	1.0	62a747d26ba91ab6898e1c1e5bca3631b00d767f7c12e12d7924626d9a1035ad	08e4846e537177426273712802403f7ba8261b6c	mean_5_11_17_23_29_33|domfull	198	0.0006172839506172839	fp32	cuda	
bc100beb5f936b148c4a4858	Q9RAJ1	miss	198	198	False	1.0	04677c63c81f52aa209d9c4544cf08263473aa5493d2edd5292d62b1ea5f4793	08e4846e537177426273712802403f7ba8261b6c	mean_5_11_17_23_29_33|domfull	198	0.0006172839506172839	fp32	cuda	
d557ec262ef2bd8be775fcb6	Q9VMV6	miss	198	198	False	1.0	25b2e970f7ca541ac381074e146696f5942fe0ef0388033e4d12a0e950e68080	08e4846e537177426273712802403f7ba8261b6c	mean_5_11_17_23_29_33|domfull	198	0.0006172839506172839	fp32	cuda	
b7480dcfe69aa20eeaec5155	Q9Y7V1	miss	198	198	False	1.0	4661f936dc53c0c58f8f888487f43cc76810cd0ecdcd7c3451a77468ceede71a	08e4846e537177426273712802403f7ba8261b6c	mean_5_11_17_23_29_33|domfull	198	0.0006172839506172839	fp32	cuda	
19ee8a2b6794f46140e564f4	Q9YPD4	miss	198	198	False	1.0	b6331f193de9f7d50fd043c8639b29aba101cb3983b5df92b04ecce0b87d2fa7	08e4846e537177426273712802403f7ba8261b6c	mean_5_11_17_23_29_33|domfull	198	0.0006172839506172839	fp32	cuda	
651dc7bfef2df4548f0ac77c	Q9ZDZ5	miss	198	198	False	1.0	c38a4b058f1b27d50cc0ddb0ca82e51c0500394cb75ccc005bcdf07bf3aa0d7c	08e4846e537177426273712802403f7ba8261b6c	mean_5_11_17_23_29_33|domfull	198	0.0006172839506172839	fp32	cuda	
dbf040963076bd9cf3dc7181	Q82852	miss	197	197	False	1.0	d071d4f57f6213fb730815ddaffb8a59d6661401ed00ffe4b56d7a64764e5913	08e4846e537177426273712802403f7ba8261b6c	mean_5_11_17_23_29_33|domfull	197	0.0006172839506172839	fp32	cuda	
dc31b54896199d7128621dc9	Q891P0	miss	197	197	False	1.0	fb4b68d57ffde233f0203a7e21091fc1017949134f939a706667482548e35a28	08e4846e537177426273712802403f7ba8261b6c	mean_5_11_17_23_29_33|domfull	197	0.0006172839506172839	fp32	cuda	
329c772ba109acb1b61f3f97	Q9F2V8	miss	197	197	False	1.0	9a5f6d7dfc35d83c994f33195b8bd7196e0324f2cd4cda0e63db8a9b552d4405	08e4846e537177426273712802403f7ba8261b6c	mean_5_11_17_23_29_33|domfull	197	0.0006172839506172839	fp32	cuda	
43771034eb7af918b5b56913	Q9SDN0	miss	197	197	False	1.0	63de039d1c80b619cad3eb73411522a7215641a6ba49ef3966282e5118175edd	08e4846e537177426273712802403f7ba8261b6c	mean_5_11_17_23_29_33|domfull	197	0.0006172839506172839	fp32	cuda	
9e06bcd082de64735b1e458f	Q9ZU82	miss	197	197	False	1.0	c0567dbcdf66087d27430828a6c3a60de053a7f7b45a850f7b0f54b02004465b	08e4846e537177426273712802403f7ba8261b6c	mean_5_11_17_23_29_33|domfull	197	0.0006172839506172839	fp32	cuda	
8c6c4d49c663d2ba95c4894d	P40958	miss	196	196	False	1.0	a42518b5a53e6afa3af71be7ef27bf92185daf163ea35b9d4a9d274abd67a5c0	08e4846e537177426273712802403f7ba8261b6c	mean_5_11_17_23_29_33|domfull	196	0.0006172839506172839	fp32	cuda	
1c78d9c31c49b0abdb397d4d	P42506	miss	196	196	False	1.0	999fdadd205a5f59cb6ae662e326b56b7da2a5615efd07f664e9eab51a93464d	08e4846e537177426273712802403f7ba8261b6c	mean_5_11_17_23_29_33|domfull	196	0.0006172839506172839	fp32	cuda	
79b42bb3ee59ef210999f2af	Q03WN0	miss	196	196	False	1.0	153974cbb3035e735a970ef635782f06c2c25b45c6f8803c9496b9ad4dfd94c1	08e4846e537177426273712802403f7ba8261b6c	mean_5_11_17_23_29_33|domfull	196	0.0006172839506172839	fp32	cuda	
c188c42b1dad7eec165d1c13	Q7BVH7	miss	196	196	False	1.0	807e02985f686bc499249f8b5e8f75be633a426da25929eaf13338e1fffa05da	08e4846e537177426273712802403f7ba8261b6c	mean_5_11_17_23_29_33|domfull	196	0.0006172839506172839	fp32	cuda	
b1e4d380f26108eee23f3842	Q9CNV9	miss	196	196	False	1.0	184676047b566b1ad90c33a99226e93386d86d7758d371ad5cd9e9099df2db6b	08e4846e537177426273712802403f7ba8261b6c	mean_5_11_17_23_29_33|domfull	196	0.0006172839506172839	fp32	cuda	
8c94704e4cfcb22586c800eb	P44791	miss	195	195	False	1.0	0c96b23440f1d0520c53f4884cf6d55223759bc98edc58b6e192e814cde82700	08e4846e537177426273712802403f7ba8261b6c	mean_5_11_17_23_29_33|domfull	195	0.0006172839506172839	fp32	cuda	
c4cae1f1e019c3111258afd5	Q6L1V2	miss	195	195	False	1.0	88054aa3fc83c18c17893f3d6be40241fd8920926b583f3d0a2036d3f805260e	08e4846e537177426273712802403f7ba8261b6c	mean_5_11_17_23_29_33|domfull	195	0.0006172839506172839	fp32	cuda	
c6f9f5ba911f17d9bb27b2d6	Q8IN78	miss	195	195	False	1.0	92d193e65481ce4732d93233d0f03be73dce36443ded3dfceacd2242b43dba9a	08e4846e537177426273712802403f7ba8261b6c	mean_5_11_17_23_29_33|domfull	195	0.0006172839506172839	fp32	cuda	
b04d5d333ac1d69b4d16514f	Q9VGJ5	miss	195	195	False	1.0	9f1f623e8cd916649d336ed57a7ca98f585b45ef4167fa7af076895f44a233bf	08e4846e537177426273712802403f7ba8261b6c	mean_5_11_17_23_29_33|domfull	195	0.0006172839506172839	fp32	cuda	
f2f15f406aa2bb8326e748ab	Q9X9Q7	miss	195	195	False	1.0	02a6662d50813830fcc3818f59d16bc0e840bc02c13cdcc441427db75870d5cc	08e4846e537177426273712802403f7ba8261b6c	mean_5_11_17_23_29_33|domfull	195	0.0006172839506172839	fp32	cuda	
519cc94415d8a1e17edc1751	P11685	miss	194	194	False	1.0	99bd520d8e6e793995c652a8f51570ac9b47dc770d4fd2d8bfcf15be4b589979	08e4846e537177426273712802403f7ba8261b6c	mean_5_11_17_23_29_33|domfull	194	0.0006172839506172839	fp32	cuda	
29d29083ff4ed7f86800afe4	Q8NBC4	miss	194	194	False	1.0	deb234d0f50478c26ebc08cb63ca5b428aa839defe96095cf6a5fe5fca8d1b84	08e4846e537177426273712802403f7ba8261b6c	mean_5_11_17_23_29_33|domfull	194	0.0006172839506172839	fp32	cuda	
9b3f4c9ce4aebdc78db2efde	Q95MN4	miss	194	194	False	1.0	f8ef5b8e8ac8d1e011db2eecc01a3ca959b2f3d26871b6a3bec7a056cdbc7192	08e4846e537177426273712802403f7ba8261b6c	mean_5_11_17_23_29_33|domfull	194	0.0006172839506172839	fp32	cuda	
aa885690a45566eeab2eecdf	Q9AYP9	miss	194	194	False	1.0	b9269188dafa24f17fc1cf053d8593aadb52d5f4df43b9f1d3e104da08b102cc	08e4846e537177426273712802403f7ba8261b6c	mean_5_11_17_23_29_33|domfull	194	0.0006172839506172839	fp32	cuda	
0358009ca6d74c0f996a520c	Q9SRP6	miss	194	194	False	1.0	32527b4fb980dc791b7eee104b0f5384b43b42f8840273a63141b2e8195a17f2	08e4846e537177426273712802403f7ba8261b6c	mean_5_11_17_23_29_33|domfull	194	0.0006172839506172839	fp32	cuda	
a28cd8f85baee3c1ef6c3f8e	O66417	miss	193	193	False	1.0	4a708faee4d767862635d0eca30efe3b6da116c55dcfd69b2ae43ce02f863943	08e4846e537177426273712802403f7ba8261b6c	mean_5_11_17_23_29_33|domfull	193	0.0006172839506172839	fp32	cuda	
89b3cdd4b2d55a7b712a9feb	P42758	miss	193	193	False	1.0	ea9eb5ae86381e35a2ccf4538ddb4b1ab1705e909c3dfee0202e38cccd902a78	08e4846e537177426273712802403f7ba8261b6c	mean_5_11_17_23_29_33|domfull	193	0.0006172839506172839	fp32	cuda	
cd1a8d2f26699a2bbaaf6c23	Q8REH1	miss	193	193	False	1.0	695689bb44c1dde12351c3894ce6630eb31712604743a2e17d20877f8ef310ca	08e4846e537177426273712802403f7ba8261b6c	mean_5_11_17_23_29_33|domfull	193	0.0006172839506172839	fp32	cuda	
cead73b9e2fc09095322a706	Q91FE6	miss	193	193	False	1.0	de739ea12efdc5fc377db131ee5e73b94374ae99459756472c9b85c20dbaa747	08e4846e537177426273712802403f7ba8261b6c	mean_5_11_17_23_29_33|domfull	193	0.0006172839506172839	fp32	cuda	
fe18a7cab449a99c73ee225c	Q9KL40	miss	193	193	False	1.0	41e2090ac8e08a95cc1abb5ea49357513732eeec2ec5525314ac9606d3b7e3ea	08e4846e537177426273712802403f7ba8261b6c	mean_5_11_17_23_29_33|domfull	193	0.0006172839506172839	fp32	cuda	
8ce0fa6b974d87b0854baaa4	Q9QJ59	miss	193	193	False	1.0	8ab2801b13a30506c48d2e3200cd30d075d6e9f9120ee73f1caf1870821f82d0	08e4846e537177426273712802403f7ba8261b6c	mean_5_11_17_23_29_33|domfull	193	0.0006172839506172839	fp32	cuda	
bfccefe5ab956277c3877385	Q9SSW0	miss	193	193	False	1.0	190f645d2fe8689180692a074818212e31ad817ecbb70ead3e160466527c2fcc	08e4846e537177426273712802403f7ba8261b6c	mean_5_11_17_23_29_33|domfull	193	0.0006172839506172839	fp32	cuda	
8f6b61ff7527eae7eff4452d	P52009	miss	192	192	False	1.0	bfd7e1982dc1157f9420c3d065ece21ad159ac801a40ee60737542621a49627d	08e4846e537177426273712802403f7ba8261b6c	mean_5_11_17_23_29_33|domfull	192	0.0006172839506172839	fp32	cuda	
c5b423b817da0ba8af593b41	Q7XIZ1	miss	192	192	False	1.0	cad9a5dfc7e375fcccbaa7c028a31520231706e0284099c96cf59b3b17575a78	08e4846e537177426273712802403f7ba8261b6c	mean_5_11_17_23_29_33|domfull	192	0.0006172839506172839	fp32	cuda	
7e895164393d5feee4b5ab39	Q8T2T5	miss	192	192	False	1.0	86eb9973c8135c610a483c96cc4dc9d1666757e2319de464ba5cd370ab68e974	08e4846e537177426273712802403f7ba8261b6c	mean_5_11_17_23_29_33|domfull	192	0.0006172839506172839	fp32	cuda	
585272b2c48096a77d760dc3	Q9UUA4	miss	192	192	False	1.0	c14821fcbfda3d994f7a5e310dcf5a19837efc9d3e7da7bde1846a621136f16c	08e4846e537177426273712802403f7ba8261b6c	mean_5_11_17_23_29_33|domfull	192	0.0006172839506172839	fp32	cuda	
dbca9c81e10051aa882a95cd	Q9YDX2	miss	192	192	False	1.0	397d2395c63101106628d2354ac16f2e8680d7b860663def19f2be9a872999ed	08e4846e537177426273712802403f7ba8261b6c	mean_5_11_17_23_29_33|domfull	192	0.0006172839506172839	fp32	cuda	
b34f9f92ae1b9946e9837fc7	Q9ZR15	miss	192	192	False	1.0	d7de52abd918a7cbb6aeceae8f26b468fb0fd9e8f495edfeaeefc47665596227	08e4846e537177426273712802403f7ba8261b6c	mean_5_11_17_23_29_33|domfull	192	0.0006172839506172839	fp32	cuda	
ad5157dc9e1e00ab174558f2	Q874P0	miss	191	191	False	1.0	ed6371b5f0d3a0e8c847375a3f6b65e696b5c9d6eb819e706e150958ebc48e2c	08e4846e537177426273712802403f7ba8261b6c	mean_5_11_17_23_29_33|domfull	191	0.0006172839506172839	fp32	cuda	
4244d1e03950c786d71c7d1a	Q9D3J5	miss	191	191	False	1.0	52fcad4f347ac4168e144e1320839938bd4ce007c9dc77e39e1330c5690d318a	08e4846e537177426273712802403f7ba8261b6c	mean_5_11_17_23_29_33|domfull	191	0.0006172839506172839	fp32	cuda	
b16f1287ca29895c9d57643e	S4S3E3	miss	191	191	False	1.0	9d40359ac31c61f6f1df0a2af0d70022859d389b75e86411ed59ab0f166c53e7	08e4846e537177426273712802403f7ba8261b6c	mean_5_11_17_23_29_33|domfull	191	0.0006172839506172839	fp32	cuda	
cc0d7427f374780e038d06c9	Q8SW43	miss	190	190	False	1.0	968482a3afa05e924213637b26bc6c348413f94142199837ffea97931a3df691	08e4846e537177426273712802403f7ba8261b6c	mean_5_11_17_23_29_33|domfull	190	0.0006172839506172839	fp32	cuda	
6784e582951e90ff575ffd92	Q97XK8	miss	190	190	False	1.0	ff37eabd9510be36ef59c95a52c45b21fabe7395197f9fe4933af7925a33dd4c	08e4846e537177426273712802403f7ba8261b6c	mean_5_11_17_23_29_33|domfull	190	0.0006172839506172839	fp32	cuda	
3258117ae97e8b44d322ad18	Q9FFB2	miss	190	190	False	1.0	8537791f6f62b4a27a5ff738bd88d21b89cda6d0cfaf3534cb3f24ef010d25cc	08e4846e537177426273712802403f7ba8261b6c	mean_5_11_17_23_29_33|domfull	190	0.0006172839506172839	fp32	cuda	
4929b0790d8a0a91f5725e09	Q9M2S7	miss	190	190	False	1.0	0fc016edbeaa79b7ef224d729d80fe5ab3ed5800c52778dd7369b1ffb1af5b72	08e4846e537177426273712802403f7ba8261b6c	mean_5_11_17_23_29_33|domfull	190	0.0006172839506172839	fp32	cuda	
ea53089a2ba9c82e5305085c	O08608	miss	189	189	False	1.0	961da62ffaa16b0f58e1a81c8b0117d127d665ac76337a57051c0792617d2062	08e4846e537177426273712802403f7ba8261b6c	mean_5_11_17_23_29_33|domfull	189	0.0006172839506172839	fp32	cuda	
8c7c0b1173f7d6fefb9f21fb	P19249	miss	189	189	False	1.0	e0ca6f2124fa8008d24991ed1aca6ecf1c7b2a010114a932ec0f3ee75695651b	08e4846e537177426273712802403f7ba8261b6c	mean_5_11_17_23_29_33|domfull	189	0.0006172839506172839	fp32	cuda	
fba154dd8f44b36c3584f9cd	Q9QJT7	miss	189	189	False	1.0	b38d053aa5019c5bf95f7e2927a7a1fbe17604799cb399fe7d1357d7224bbd63	08e4846e537177426273712802403f7ba8261b6c	mean_5_11_17_23_29_33|domfull	189	0.0006172839506172839	fp32	cuda	
cfcb0f47703115645026f40b	Q6TVP7	miss	188	188	False	1.0	f731bc6677cbd9893213fe4d70d19c53216a5efcf93257e3c0cceb8daa981e30	08e4846e537177426273712802403f7ba8261b6c	mean_5_11_17_23_29_33|domfull	188	0.0006172839506172839	fp32	cuda	
c94c32209d49bab15d10e732	Q9RRF8	miss	188	188	False	1.0	fdbada349529f703323fe6d744161b4f2c721ef76590099a0123c46bf157209c	08e4846e537177426273712802403f7ba8261b6c	mean_5_11_17_23_29_33|domfull	188	0.0006172839506172839	fp32	cuda	
d1c432070bfd641df6365ff7	Q9SJK7	miss	188	188	False	1.0	6a0923c837423cd4ff1eb85d49df5e5299736eaf93ea76c00511a5b96a167f1a	08e4846e537177426273712802403f7ba8261b6c	mean_5_11_17_23_29_33|domfull	188	0.0006172839506172839	fp32	cuda	
f5f3646e5eefd8c315b7339d	O55003	miss	187	187	False	1.0	45e53ab5595c20bf57a49b238abaf7f2b0cfa5a50f9d389ca8c2e994d7bf0b79	08e4846e537177426273712802403f7ba8261b6c	mean_5_11_17_23_29_33|domfull	187	0.0006172839506172839	fp32	cuda	
783903d6ea068c76a9d50e2b	P38828	miss	187	187	False	1.0	7bb8af73220bec6dfc39bf2c002b114b5eb9ee156cab590b0c8fd8ac0ab11639	08e4846e537177426273712802403f7ba8261b6c	mean_5_11_17_23_29_33|domfull	187	0.0006172839506172839	fp32	cuda	
85210c7b614549672934274f	Q02UU0	miss	187	187	False	1.0	3e3b31d471ffc94a06139328e097ea0a27c9fa40e55fe7da27f163347bfb5fdc	08e4846e537177426273712802403f7ba8261b6c	mean_5_11_17_23_29_33|domfull	187	0.0006172839506172839	fp32	cuda	
d6f521359b2097da6c69c66b	Q9CIV9	miss	187	187	False	1.0	8db8748c5baaf6f5641cbe6b5c9ddf326aab3385fa3c6bd73c8086fc3ca55186	08e4846e537177426273712802403f7ba8261b6c	mean_5_11_17_23_29_33|domfull	187	0.0006172839506172839	fp32	cuda	
749e5dbbcd9d483ce7cda5e2	Q9DCI9	miss	187	187	False	1.0	9cea5a0b7f45b33044a17f87ecb4478dbb2962a8eca93fa347d0551fcec886e4	08e4846e537177426273712802403f7ba8261b6c	mean_5_11_17_23_29_33|domfull	187	0.0006172839506172839	fp32	cuda	
482b1f55ed0b91584e5e53d9	Q9HPN4	miss	187	187	False	1.0	0846181adf24696f56767c3d8f1434dfb9ce1e33da5d84636aba297bd025e30f	08e4846e537177426273712802403f7ba8261b6c	mean_5_11_17_23_29_33|domfull	187	0.0006172839506172839	fp32	cuda	
2c5e72c8161ae7d39829ecc0	Q9UW82	miss	187	187	False	1.0	1caa52b8a90ecfae836b03f2a841045b3233af85030e80d6ce8be5698f050f50	08e4846e537177426273712802403f7ba8261b6c	mean_5_11_17_23_29_33|domfull	187	0.0006172839506172839	fp32	cuda	
d2ae2c338feab255eef6533d	Q5VFH6	miss	186	186	False	1.0	e7bde5a2eb3d29a36580e90794915197a683ce5542a7da22f3baed082634102e	08e4846e537177426273712802403f7ba8261b6c	mean_5_11_17_23_29_33|domfull	186	0.0006172839506172839	fp32	cuda	
fbedef075eba13148c422fb8	Q7SZE8	miss	186	186	False	1.0	5e69a1eec0f8cde8b8e9e7d887ed4c09c58c1d05f072b3692baf62c93ced0a0a	08e4846e537177426273712802403f7ba8261b6c	mean_5_11_17_23_29_33|domfull	186	0.0006172839506172839	fp32	cuda	
3af8ac3271b8c6f6bfd2b1cb	Q9H0F7	miss	186	186	False	1.0	bd2d14a5934809de492f578639844da2c021cf2dd7c6d98190e7dfd2de6a864d	08e4846e537177426273712802403f7ba8261b6c	mean_5_11_17_23_29_33|domfull	186	0.0006172839506172839	fp32	cuda	
6ab09bc16e2f21f8d4e54c6f	Q9P7K7	miss	186	186	False	1.0	7a493fae53c9c957ec831ed9bea254346b3ac1a7466dacab0df35da92cd45d1a	08e4846e537177426273712802403f7ba8261b6c	mean_5_11_17_23_29_33|domfull	186	0.0006172839506172839	fp32	cuda	
e4e87f016abb2d4205b4e723	Q9YBF1	miss	186	186	False	1.0	054196195b1aac93e003cc39806cc9fe363c058937f7bfc33d957058b736d031	08e4846e537177426273712802403f7ba8261b6c	mean_5_11_17_23_29_33|domfull	186	0.0006172839506172839	fp32	cuda	
2f17a3c9656f4336b19679cd	Q99M66	miss	185	185	False	1.0	0ea684e583843d53f20cb8486946f503b8b7f42f5a4322e0d8ee68a3e163ce38	08e4846e537177426273712802403f7ba8261b6c	mean_5_11_17_23_29_33|domfull	185	0.0006172839506172839	fp32	cuda	
80ad380c2b684447d72b0d03	Q9LUT1	miss	185	185	False	1.0	6fe705e6328da899ab310116e31a4de030d1bde59b04ecc19f0a790302827ce1	08e4846e537177426273712802403f7ba8261b6c	mean_5_11_17_23_29_33|domfull	185	0.0006172839506172839	fp32	cuda	
f09e6f3a7223798978675578	Q9U8B8	miss	185	185	False	1.0	d19e665bfa9720f5753e9f04630fc3c324b8982b3a2be2dd30167e7df1008697	08e4846e537177426273712802403f7ba8261b6c	mean_5_11_17_23_29_33|domfull	185	0.0006172839506172839	fp32	cuda	
30456cd8f64e7c2c8bc08106	Q8N7Q2	miss	184	184	False	1.0	388f8711bd34de2e62b5e01a98053abd45d12dbb6569018c8a53edfeb4e616d1	08e4846e537177426273712802403f7ba8261b6c	mean_5_11_17_23_29_33|domfull	184	0.0006172839506172839	fp32	cuda	
426609ebc4df58cf01ad1aac	Q8NHV9	miss	184	184	False	1.0	dd57e6b3d0594ec5ca1d4322e2db9ff4c7f61a2f224e14707718bee06b8700e3	08e4846e537177426273712802403f7ba8261b6c	mean_5_11_17_23_29_33|domfull	184	0.0006172839506172839	fp32	cuda	
06df9d98a90860ede0c75173	Q978J5	miss	184	184	False	1.0	30f79741f7c5d57235dece3ec37251084e5ea463ceafc17c2c84f728db13cd64	08e4846e537177426273712802403f7ba8261b6c	mean_5_11_17_23_29_33|domfull	184	0.0006172839506172839	fp32	cuda	
5a25924cbba69a8a268aba50	Q9K4D7	miss	184	184	False	1.0	f73cbde98d04caa33e166d871c33d5c9723c573ae9dcf6e89446c14bac78668b	08e4846e537177426273712802403f7ba8261b6c	mean_5_11_17_23_29_33|domfull	184	0.0006172839506172839	fp32	cuda	
4df2a04686711a2d8befd8ec	A4H257	miss	183	183	False	1.0	a86c2c1be725f65f5f857127b9a4d23e0b9e2b6a92e56be56c993401b82149e5	08e4846e537177426273712802403f7ba8261b6c	mean_5_11_17_23_29_33|domfull	183	0.0006172839506172839	fp32	cuda	
cde05cf6811b4aad23a3f6b0	Q898D6	miss	183	183	False	1.0	0b393ea3bfbb557e98185a9ca023a4f3a7ca00b96ec04aa63bd229ad3cf02d25	08e4846e537177426273712802403f7ba8261b6c	mean_5_11_17_23_29_33|domfull	183	0.0005681818181818183	fp32	cuda	
87103a5cf88b0987c3977dec	Q9JI24	miss	183	183	False	1.0	6b48c050314d1e0ee5decf61131b26d29aeb5b78deae7efd9047b80e2a5070ba	08e4846e537177426273712802403f7ba8261b6c	mean_5_11_17_23_29_33|domfull	183	0.0005681818181818183	fp32	cuda	
0fd65972730c58f68739edca	Q9JKE1	miss	183	183	False	1.0	4158b8cb19100e40679ead825b5b6f3ade047861e33690116fb6546788aeac34	08e4846e537177426273712802403f7ba8261b6c	mean_5_11_17_23_29_33|domfull	183	0.0005681818181818183	fp32	cuda	
b50d677a29f2a6a66dc9891f	P44238	miss	182	182	False	1.0	0464b39dbad378c0610014188a4b8120ffd0edc0d142e66478cac5848537a3f8	08e4846e537177426273712802403f7ba8261b6c	mean_5_11_17_23_29_33|domfull	182	0.0005681818181818183	fp32	cuda	
d6d7163fdad560ec7e4b89a3	Q9P794	miss	182	182	False	1.0	47b7038bd289c7eb348f9d7c2c27306939604fbe7372520ec2398dfdc349d9b8	08e4846e537177426273712802403f7ba8261b6c	mean_5_11_17_23_29_33|domfull	182	0.0005681818181818183	fp32	cuda	
b5d024938294e0de0254d7b4	Q9PQY5	miss	182	182	False	1.0	5d8f038fcaa0520415e23479e94f4ed9f91093e463744a67d5e3cad2db2d0020	08e4846e537177426273712802403f7ba8261b6c	mean_5_11_17_23_29_33|domfull	182	0.0005681818181818183	fp32	cuda	
69ff8fc80bd7b2351c6e15d9	Q9SH66	miss	182	182	False	1.0	c437592b9d933cd9c60cfd791fd32757b0878b0b2e01f7b87a5ee83e9c00001e	08e4846e537177426273712802403f7ba8261b6c	mean_5_11_17_23_29_33|domfull	182	0.0005681818181818183	fp32	cuda	
bc3e8a25cc8e93efe9ab4f4c	Q9YNE2	miss	182	182	False	1.0	3d809ecf4f171b6676cef2caff8c2727d82946777325f723f097919c7a4c96ba	08e4846e537177426273712802403f7ba8261b6c	mean_5_11_17_23_29_33|domfull	182	0.0005681818181818183	fp32	cuda	
1eb2fe23b1a7ea44b784ef48	O04147	miss	181	181	False	1.0	da7921f33892a240bdefbc0902733f0ce08a00e3f4c81b85cbafe61a62a974bc	08e4846e537177426273712802403f7ba8261b6c	mean_5_11_17_23_29_33|domfull	181	0.0005681818181818183	fp32	cuda	
bb55089c14c38d395d0e94c3	O95971	miss	181	181	False	1.0	d22304476fa99bfe56e06e2e7554dfc54e5ee5be11689d13ef1091233fadbc0f	08e4846e537177426273712802403f7ba8261b6c	mean_5_11_17_23_29_33|domfull	181	0.0005681818181818183	fp32	cuda	
451c2370ee922136b1bf05b7	P40338	miss	181	181	False	1.0	504e0273429ace318e2e70a3a08e0acb3bb7556276395df17c0eab233e387ebf	08e4846e537177426273712802403f7ba8261b6c	mean_5_11_17_23_29_33|domfull	181	0.0005681818181818183	fp32	cuda	
5420b3e86ecd241a289ed8d5	Q6GQB5	miss	181	181	False	1.0	68de95b5eb019ea00021b70320daab0ad85f8789ed8087598fd648e932c5f026	08e4846e537177426273712802403f7ba8261b6c	mean_5_11_17_23_29_33|domfull	181	0.0005681818181818183	fp32	cuda	
a69ff2726aebca9760615b04	Q83BB2	miss	181	181	False	1.0	ff462747b6c2a12bba024f07d02f6663c4499c8cded585ca3a0d2e50985a74dc	08e4846e537177426273712802403f7ba8261b6c	mean_5_11_17_23_29_33|domfull	181	0.0005681818181818183	fp32	cuda	
d6817d1bbf8127fa21320aae	Q9CJ67	miss	181	181	False	1.0	4e86672ff7d6cd7ac3115c29591f87032ca74f6608e56893bd10c19d2bbaf336	08e4846e537177426273712802403f7ba8261b6c	mean_5_11_17_23_29_33|domfull	181	0.0005681818181818183	fp32	cuda	
a093be584b268a9cf46d79c5	Q9HU21	miss	181	181	False	1.0	d860167c9b59a8bf38f75360aa6481b67e13ec7e87ded5f01427ca567376cca5	08e4846e537177426273712802403f7ba8261b6c	mean_5_11_17_23_29_33|domfull	181	0.0005681818181818183	fp32	cuda	
c35bb35bfc6dcdbf4ca53f3b	Q9M0D0	miss	181	181	False	1.0	717e05f51ba58c83b714d52ec67410f79a482d0b791d68c9463c4ce645abc39b	08e4846e537177426273712802403f7ba8261b6c	mean_5_11_17_23_29_33|domfull	181	0.0005681818181818183	fp32	cuda	
48e6c852f002d4ffaa768986	G5EEM1	miss	180	180	False	1.0	ac86564a0f622f8e0e76dae0c3b4ecce0be657c467e40987a5979325059b0387	08e4846e537177426273712802403f7ba8261b6c	mean_5_11_17_23_29_33|domfull	180	0.0005681818181818183	fp32	cuda	
7916f4fe3df0d4c53b9b84b6	P45314	miss	180	180	False	1.0	5b84450a676d1582f1a71aed61e06390d899df4b39c6bb81d0a91a4eb14776ea	08e4846e537177426273712802403f7ba8261b6c	mean_5_11_17_23_29_33|domfull	180	0.0005681818181818183	fp32	cuda	
c96472822107f4560e421fc7	P57771	miss	180	180	False	1.0	debc8a0f7639de0375a8c3f4eb9e1208ab1ef2ceb7aaa319921b926316ea670b	08e4846e537177426273712802403f7ba8261b6c	mean_5_11_17_23_29_33|domfull	180	0.0005681818181818183	fp32	cuda	
ef73e8cc91b858762fe348e3	Q9USQ0	miss	180	180	False	1.0	a1295b7ed6e0f0d252be8467995fd0bf4d5d1e261980bdbf29cb42b7008aa7f0	08e4846e537177426273712802403f7ba8261b6c	mean_5_11_17_23_29_33|domfull	180	0.0005681818181818183	fp32	cuda	
fcd06c62e23101e0823a73c1	Q9YFV8	miss	180	180	False	1.0	70ac1fe4778074b30712b696d7e3796afa5d019895b15770f00a7104ae8677a5	08e4846e537177426273712802403f7ba8261b6c	mean_5_11_17_23_29_33|domfull	180	0.0005681818181818183	fp32	cuda	
175a9a655ced7db5d2fe8ca2	Q77MQ0	miss	179	179	False	1.0	785293a3d9d479a364ff70acdddee9ccd9b1d3fdec317588e28d16eea82e0fc4	08e4846e537177426273712802403f7ba8261b6c	mean_5_11_17_23_29_33|domfull	179	0.0005681818181818183	fp32	cuda	
a1f2001235aa49c1187dded4	Q99LW6	miss	179	179	False	1.0	e657c6b51b0263710c46dc0870a9e78db1c87f1f75ee81c1e5ecb361c956b786	08e4846e537177426273712802403f7ba8261b6c	mean_5_11_17_23_29_33|domfull	179	0.0005681818181818183	fp32	cuda	
a40e68a6b09dbab08fb03a5b	Q9Y3E5	miss	179	179	False	1.0	6c72662ea787f40e68c54ea1e2adc1e035aa94d5051a6ea60904678ec23a5454	08e4846e537177426273712802403f7ba8261b6c	mean_5_11_17_23_29_33|domfull	179	0.0005681818181818183	fp32	cuda	
b1ca48ee3f29fb99751e293f	Q9YPD7	miss	179	179	False	1.0	444c956c6e561e3af0e0d9ea6d20fe914eb4a9aa6336e3a4b0f2975df0805fe0	08e4846e537177426273712802403f7ba8261b6c	mean_5_11_17_23_29_33|domfull	179	0.0005681818181818183	fp32	cuda	
6d8927dbe48137d1aa360060	Q8MS27	miss	178	178	False	1.0	56b40003621d2c98419afe9f3fef52a588aa8c67dedf9158737418bbaf2e8dee	08e4846e537177426273712802403f7ba8261b6c	mean_5_11_17_23_29_33|domfull	178	0.0005681818181818183	fp32	cuda	
620009c74a29cb0eae7d0cfc	Q914J6	miss	178	178	False	1.0	f0e715cf1e806ea41dca2756b76b33843c96c7f449a2faf4fe5fd587cff2ff84	08e4846e537177426273712802403f7ba8261b6c	mean_5_11_17_23_29_33|domfull	178	0.0005681818181818183	fp32	cuda	
d2f9de8e82a9e60ba76bf73d	Q9D011	miss	178	178	False	1.0	86b01365908c9727a8cc1e0f150119730b9ddd6f13184351d705309a0d6fdae8	08e4846e537177426273712802403f7ba8261b6c	mean_5_11_17_23_29_33|domfull	178	0.0005681818181818183	fp32	cuda	
9484011ff8ff7e06ab8c7edb	Q9H204	miss	178	178	False	1.0	90fb21fe576121b9095ba4440d5828953ffff0f04586f7f2a46a1a20f368665a	08e4846e537177426273712802403f7ba8261b6c	mean_5_11_17_23_29_33|domfull	178	0.0005681818181818183	fp32	cuda	
62e3a7dd09bd8599ef39601f	O31929	miss	177	177	False	1.0	ea1b3848844bffb596753da4d5d673caeab6a7d98c577e60a48b0afc02b7e753	08e4846e537177426273712802403f7ba8261b6c	mean_5_11_17_23_29_33|domfull	177	0.0005681818181818183	fp32	cuda	
a5a51a3cb8b63b7d175a3baa	Q96M85	miss	177	177	False	1.0	66806795866a25574e6b09f5341990648d156a5caf7dbccbdae9081812111600	08e4846e537177426273712802403f7ba8261b6c	mean_5_11_17_23_29_33|domfull	177	0.0005681818181818183	fp32	cuda	
e2f2ec7ac9b0682817d3204d	Q9D113	miss	177	177	False	1.0	6eb0975f9fcf762b78b251b9bdd5a6b5fe1a0c83cf875536b39ba9ce414a5a94	08e4846e537177426273712802403f7ba8261b6c	mean_5_11_17_23_29_33|domfull	177	0.0005681818181818183	fp32	cuda	
c1bc47d24ad4e3c54bd7d93a	Q9K7V3	miss	177	177	False	1.0	631237a800bbaf3740130112e1e1a6c9c5b7b2b930971c64569079722e5bdbd7	08e4846e537177426273712802403f7ba8261b6c	mean_5_11_17_23_29_33|domfull	177	0.0005681818181818183	fp32	cuda	
504ff3bde98594963df4d34b	Q9SZ51	miss	177	177	False	1.0	df28d64131694b38e2a7bf9bdc791eee8a8505e420c4e4e10a5795edbd470a85	08e4846e537177426273712802403f7ba8261b6c	mean_5_11_17_23_29_33|domfull	177	0.0005681818181818183	fp32	cuda	
ccc5085710238aa31d0758fe	P54820	miss	176	176	False	1.0	565eef7d30b746610de303ffe6453686b01a220bf0b91867d32a05637a233cb6	08e4846e537177426273712802403f7ba8261b6c	mean_5_11_17_23_29_33|domfull	176	0.0005681818181818183	fp32	cuda	
5e2b2cba67ae2762614e3660	Q9RPW5	miss	176	176	False	1.0	4cf3b96736b2cb2feab8b13c89ad8974bd24bd99f5a4ae255359d75c90323623	08e4846e537177426273712802403f7ba8261b6c	mean_5_11_17_23_29_33|domfull	176	0.0005681818181818183	fp32	cuda	
1ea8952b38dfba8afcf15bf6	Q9SSN3	miss	176	176	False	1.0	895a81a006f90f1c2989cc00ad2be3c47b2514cd29fe705d570c7504b8607fbc	08e4846e537177426273712802403f7ba8261b6c	mean_5_11_17_23_29_33|domfull	176	0.0005681818181818183	fp32	cuda	
813ada96b7f905f35cfbab72	Q9ZVC7	miss	176	176	False	1.0	3b72c0c6fa9d032818e1844e7fec6184fc68b2d1dfd17efe7f0af22540529235	08e4846e537177426273712802403f7ba8261b6c	mean_5_11_17_23_29_33|domfull	176	0.0005681818181818183	fp32	cuda	
520cc0943f28a5d9976f78ab	Q84U21	miss	175	175	False	1.0	c0ad7db5440ba69c61ad42497c760724748135438a9ed1d24b8c55fc21ccaedc	08e4846e537177426273712802403f7ba8261b6c	mean_5_11_17_23_29_33|domfull	175	0.0005681818181818183	fp32	cuda	
e8db8e4acc7f2c2f14b2d3a3	Q9P7H5	miss	175	175	False	1.0	30dd77029cbcd6df89c2aa50b4bd10f40b6b0686811d6c422b9c7fe0d8d9b253	08e4846e537177426273712802403f7ba8261b6c	mean_5_11_17_23_29_33|domfull	175	0.0005681818181818183	fp32	cuda	
3e75990d5e5249d877ae7c02	Q9REV5	miss	175	175	False	1.0	b917b658c45755534f39a9222ae3a7e6d0fa94bec4f10662d8d929a552721a4a	08e4846e537177426273712802403f7ba8261b6c	mean_5_11_17_23_29_33|domfull	175	0.0005681818181818183	fp32	cuda	
0509cae9e66ba6fc8f4ad736	Q9X1T8	miss	175	175	False	1.0	52e6b7e7ef785bb181eb4ae29342155863a84b5ff663ccad3fb872a7a342aa9a	08e4846e537177426273712802403f7ba8261b6c	mean_5_11_17_23_29_33|domfull	175	0.0005681818181818183	fp32	cuda	
2decf7d1a25f5d4f024ca947	Q7JXV9	miss	174	174	False	1.0	c09ac9c02123086ceeeadd78aff1ee5c8c6e7798556ad9ea2db89381e897dcd1	08e4846e537177426273712802403f7ba8261b6c	mean_5_11_17_23_29_33|domfull	174	0.0005681818181818183	fp32	cuda	
6652e754c1f518d966c8d594	Q7YWU9	miss	174	174	False	1.0	983cf3da3d0546fe0372d1612fe1ce1e50765df95e3fc45568686b1b0b9418cc	08e4846e537177426273712802403f7ba8261b6c	mean_5_11_17_23_29_33|domfull	174	0.0005681818181818183	fp32	cuda	
549cc258a77ff730e46887e2	Q8BP01	miss	174	174	False	1.0	9858691a69ef43fc1f2696e42ab07f8cafe343b0f8bcec6a65125fae9b6d4713	08e4846e537177426273712802403f7ba8261b6c	mean_5_11_17_23_29_33|domfull	174	0.0005681818181818183	fp32	cuda	
9892de636d3da08a1ea9d056	Q8LE42	miss	174	174	False	1.0	e5b4c3153a11992dc01c4be54e175f173a6db670d526c89969341907b63dda7d	08e4846e537177426273712802403f7ba8261b6c	mean_5_11_17_23_29_33|domfull	174	0.0005681818181818183	fp32	cuda	
f67722084d9026f973d43f51	Q94AU9	miss	174	174	False	1.0	d25ae209284496a9581a2e4ab2d4f9cbebecad6a54c7e33a57f2990e24818316	08e4846e537177426273712802403f7ba8261b6c	mean_5_11_17_23_29_33|domfull	174	0.0005681818181818183	fp32	cuda	
b8aaab512309dbd3fcd15654	Q9JMR5	miss	174	174	False	1.0	4b2b86bee0d5fc053ca266491b200d4d0a8549e8636a5636f5076d0b07932358	08e4846e537177426273712802403f7ba8261b6c	mean_5_11_17_23_29_33|domfull	174	0.0005681818181818183	fp32	cuda	
c3558c0af43440d86fcaa44b	Q9RBS1	miss	174	174	False	1.0	4a520671b7915e7dbbf64b5771222466db276af3a829d068169933bf20bf9b6b	08e4846e537177426273712802403f7ba8261b6c	mean_5_11_17_23_29_33|domfull	174	0.0005681818181818183	fp32	cuda	
e3ebecdf1a8d026a9871f886	Q9SJT8	miss	174	174	False	1.0	5e58f57eb88b2cad4b23e43c32e7673c9454785c72ea74a34e54292702d4853d	08e4846e537177426273712802403f7ba8261b6c	mean_5_11_17_23_29_33|domfull	174	0.0005681818181818183	fp32	cuda	
b6844eab54e92f841ab5cc8b	Q9X5V1	miss	174	174	False	1.0	a3fb9a2c43ef285426b3998ab6e674f5deb8fb524eab66d64e4233499018efd0	08e4846e537177426273712802403f7ba8261b6c	mean_5_11_17_23_29_33|domfull	174	0.0005681818181818183	fp32	cuda	
924f0b40cd42c39d9e77b5b8	O32075	miss	173	173	False	1.0	2de6a4994f98f4cd5baa9eebc8f8d8f00628a471394b186a56e3539b8350c3be	08e4846e537177426273712802403f7ba8261b6c	mean_5_11_17_23_29_33|domfull	173	0.0005681818181818183	fp32	cuda	
35549083054046956c401108	Q91FI4	miss	173	173	False	1.0	93bbcae37abb564f2ff02580df657f2e459027cbdd5d0a12b62e0a341db5a184	08e4846e537177426273712802403f7ba8261b6c	mean_5_11_17_23_29_33|domfull	173	0.0005681818181818183	fp32	cuda	
30f60ce8217cd62e5a848a98	Q9D1H6	miss	173	173	False	1.0	019584003046bc93f2d2cf667b8fd2a49bc8481ef54ee83019d37fc10ea1b4cf	08e4846e537177426273712802403f7ba8261b6c	mean_5_11_17_23_29_33|domfull	173	0.0005681818181818183	fp32	cuda	
f9f309c2244b08237b45197c	Q9D735	miss	173	173	False	1.0	96a4d8341e17c57cb31a77df7fe4af9922a31cee43472ca3da5ecf3a8dd693f3	08e4846e537177426273712802403f7ba8261b6c	mean_5_11_17_23_29_33|domfull	173	0.0005681818181818183	fp32	cuda	
105f86d34dd01fce39fce206	Q9FKA9	miss	173	173	False	1.0	d2eab3833b9e55908f542123f9706f1722b8d73298ec43b3b92deba96adf7ca3	08e4846e537177426273712802403f7ba8261b6c	mean_5_11_17_23_29_33|domfull	173	0.0005681818181818183	fp32	cuda	
6741bcd24f86c033b5f12910	Q9FNP0	miss	173	173	False	1.0	c5e8891e49f42c54845de9db546bec9c8e41c0e503e2af5a2edf3d4516d33ad1	08e4846e537177426273712802403f7ba8261b6c	mean_5_11_17_23_29_33|domfull	173	0.0005681818181818183	fp32	cuda	
b8907cc9418157f5b86a6a44	Q9KL03	miss	173	173	False	1.0	f3b17ee66a9313fb2692bc569fd43ca23bc65367940e23023ea10e074e032ea7	08e4846e537177426273712802403f7ba8261b6c	mean_5_11_17_23_29_33|domfull	173	0.0005681818181818183	fp32	cuda	
09310eb4402b757dd2a34126	Q86AE7	miss	172	172	False	1.0	7f4f78d13dbd07d58e3b59f2af8ae5706f1b9a114f39e279ec5a540ee984de66	08e4846e537177426273712802403f7ba8261b6c	mean_5_11_17_23_29_33|domfull	172	0.0005681818181818183	fp32	cuda	
deed9d5c29c023fdd7c2b1de	Q8Q082	miss	172	172	False	1.0	cbdf3d1a76a30ae6ae2fb2440766e1dee6263361d08dc7e8d0aa12e20ef2d2bc	08e4846e537177426273712802403f7ba8261b6c	mean_5_11_17_23_29_33|domfull	172	0.0005681818181818183	fp32	cuda	
0844bd9318677c99ba2d9412	Q93409	miss	172	172	False	1.0	8d9d36e7c818fd27d8851de4a32b9b16ad1d99ccba0fa40344f99e3f1c627cdd	08e4846e537177426273712802403f7ba8261b6c	mean_5_11_17_23_29_33|domfull	172	0.0005681818181818183	fp32	cuda	
8ec816b94508fa364800d973	Q9CMK4	miss	172	172	False	1.0	3f4addeb7ac0bd155f07bbb83b88b894cb6345cc0ab10a1bd1efb13319b2bf83	08e4846e537177426273712802403f7ba8261b6c	mean_5_11_17_23_29_33|domfull	172	0.0005681818181818183	fp32	cuda	
37413a741eb6d90969d6773f	Q9FEC1	miss	172	172	False	1.0	8411e19cde1b03fcfdcece5976fdcdbe88662faa9128edd9d9c6fde082eef321	08e4846e537177426273712802403f7ba8261b6c	mean_5_11_17_23_29_33|domfull	172	0.0005681818181818183	fp32	cuda	
5e2e0348773868be6ba0bec6	Q9Z8F9	miss	172	172	False	1.0	b33cb08448edd318c64232cc3e5d08cb76fb9e052af6506b38d6e08911477231	08e4846e537177426273712802403f7ba8261b6c	mean_5_11_17_23_29_33|domfull	172	0.0005681818181818183	fp32	cuda	
ecd824bb56d1fc2bf354535e	P29944	miss	171	171	False	1.0	60c9a2d7138ce556aff3abeb869a6e4dc5d0f373bbaa6f6f4c79f7f6bdc847e7	08e4846e537177426273712802403f7ba8261b6c	mean_5_11_17_23_29_33|domfull	171	0.0005681818181818183	fp32	cuda	
5ea9c972b48d85340e26ed24	Q8YMJ2	miss	171	171	False	1.0	bd0a28de8e9db676d60b4674031a276babd7e0672d5b0463fc24ce3fc2b6e2ae	08e4846e537177426273712802403f7ba8261b6c	mean_5_11_17_23_29_33|domfull	171	0.0005681818181818183	fp32	cuda	
56d8f01d0f2e58b8b004289d	Q98573	miss	171	171	False	1.0	a3cc7019c656068e277a08c3f5c4f7e87e6a53c0dfb977dd858a78e0bfb19789	08e4846e537177426273712802403f7ba8261b6c	mean_5_11_17_23_29_33|domfull	171	0.0005681818181818183	fp32	cuda	
0d141ba21fe26743b71824d4	Q9CQ45	miss	171	171	False	1.0	24578ff0a24c808b5b0f9b71f787d8fb1579aa6ffc94e3cf11c9ce67c7719dcf	08e4846e537177426273712802403f7ba8261b6c	mean_5_11_17_23_29_33|domfull	171	0.0005681818181818183	fp32	cuda	
3bdee672ae1c0a6512201a4f	Q9PR96	miss	171	171	False	1.0	a86bfdcb7d205ccf456410c94a5f7407a22bcc1b465730c7bde3ba35ac4b53be	08e4846e537177426273712802403f7ba8261b6c	mean_5_11_17_23_29_33|domfull	171	0.0005681818181818183	fp32	cuda	
fbc4244b4a44ac05bb919fd5	Q8TRZ5	miss	170	170	False	1.0	bfcae9c82726779b75eb415a80a8720d77ef66273e1388e8c0da38072d735cf3	08e4846e537177426273712802403f7ba8261b6c	mean_5_11_17_23_29_33|domfull	170	0.0005681818181818183	fp32	cuda	
54faf2e6661f92a65b31f710	Q9PQJ4	miss	170	170	False	1.0	a1046fa5bfb841198ab376485d5e76381917ee5c5cca49b5948692331624ae00	08e4846e537177426273712802403f7ba8261b6c	mean_5_11_17_23_29_33|domfull	170	0.0005681818181818183	fp32	cuda	
82847d93b6c6e1ba9a6d0cb1	Q9DCR4	miss	169	169	False	1.0	9a71f24fa91d2b34d8758bc86e6a956a5887f03624c15e01286a5a745d8ed3f1	08e4846e537177426273712802403f7ba8261b6c	mean_5_11_17_23_29_33|domfull	169	0.0005681818181818183	fp32	cuda	
058731ec46eb94ac6bf4a00b	Q9HUW9	miss	169	169	False	1.0	edda4e1513b79b858eee8274d425c98412bba3490504041c5003630c0d43fa60	08e4846e537177426273712802403f7ba8261b6c	mean_5_11_17_23_29_33|domfull	169	0.0005681818181818183	fp32	cuda	
bb55e76dabdd7fe60d319b2f	Q9WZF6	miss	169	169	False	1.0	9a41068782e7b4db5ed1c1d83dfaf08548937d8e3bd9d230ab5dc220b8bd1adc	08e4846e537177426273712802403f7ba8261b6c	mean_5_11_17_23_29_33|domfull	169	0.0005681818181818183	fp32	cuda	
140b55f9c262b185fdc9742e	Q9S4X5	miss	168	168	False	1.0	642281798a6e0ba182046ba895d87f59078175030df5617d2b716a903f87894d	08e4846e537177426273712802403f7ba8261b6c	mean_5_11_17_23_29_33|domfull	168	0.0005681818181818183	fp32	cuda	
567bbac4ed4d392bf5022d5e	Q9ESD6	miss	167	167	False	1.0	1e1b8dacbc6f5c126a474a112a344cee5c5eb2078996582f957923d5c9ee9e84	08e4846e537177426273712802403f7ba8261b6c	mean_5_11_17_23_29_33|domfull	167	0.0005681818181818183	fp32	cuda	
4ad0dfcc3823e86d51263c86	Q9M8K7	miss	167	167	False	1.0	884db442b2f1b9a3394c08288e47e22298b300955e9e09acd6dcfa8c81f37656	08e4846e537177426273712802403f7ba8261b6c	mean_5_11_17_23_29_33|domfull	167	0.0005681818181818183	fp32	cuda	
1d35968cc0f446b2d6f4d1f8	C3PMP3	miss	166	166	False	1.0	5022772226518d779e14aceb937ed3da2f6e82e33fdbd8b9b47a0a07db698f92	08e4846e537177426273712802403f7ba8261b6c	mean_5_11_17_23_29_33|domfull	166	0.0005681818181818183	fp32	cuda	
29e1cbad4334ffac87a3d94c	Q997F1	miss	166	166	False	1.0	71479efebdc02be6a578696475922dca6fda2bf394a9db489a4957e6c05ec3b6	08e4846e537177426273712802403f7ba8261b6c	mean_5_11_17_23_29_33|domfull	166	0.0005681818181818183	fp32	cuda	
49a1f4015fcab967cd7a6b68	Q9LV66	miss	166	166	False	1.0	967112dcc4bde1d2043bc98ea1760a7ea108719d0896aa702916b49ae648b55a	08e4846e537177426273712802403f7ba8261b6c	mean_5_11_17_23_29_33|domfull	166	0.0005681818181818183	fp32	cuda	
1cbf7c1130c74c188465341e	Q9Y7N3	miss	166	166	False	1.0	03853b717841d1f358ae16f85b4abde13438c11185888af19a0fbfd81efb7196	08e4846e537177426273712802403f7ba8261b6c	mean_5_11_17_23_29_33|domfull	166	0.0005681818181818183	fp32	cuda	
caacb21367fc8f8427c0f57d	Q9UT25	miss	165	165	False	1.0	6811d7030ab7d39ebb77244c37c95c19dcc2b76c32cd85a2e55cd975c5227ff4	08e4846e537177426273712802403f7ba8261b6c	mean_5_11_17_23_29_33|domfull	165	0.0005681818181818183	fp32	cuda	
5885c9d95710929eb75c21d4	Q9UUI2	miss	165	165	False	1.0	fcdc5985216dfeee2df018a4ca9be63af8a5141480ee5779639912e1f7dcb98b	08e4846e537177426273712802403f7ba8261b6c	mean_5_11_17_23_29_33|domfull	165	0.0005681818181818183	fp32	cuda	
053a5ae1c9be4f42944340d1	Q9ZC94	miss	165	165	False	1.0	6983e17f0b6805f22f6200f8e28214cecf65e6bdafa8e29be57d9be4a74ed021	08e4846e537177426273712802403f7ba8261b6c	mean_5_11_17_23_29_33|domfull	165	0.0005681818181818183	fp32	cuda	
bed788739c01fcdbf41798b8	P00720	miss	164	164	False	1.0	ea7f51ffbb3c5f6893fd01d8ad34ef1a6ce5ee2641b16c83904296a7f22d6e9f	08e4846e537177426273712802403f7ba8261b6c	mean_5_11_17_23_29_33|domfull	164	0.0005681818181818183	fp32	cuda	
02bb66ac09642a6bda481707	Q6DRA6	miss	164	164	False	1.0	499d826f8324ef6909083b98b3f952f1e8f4b1594b86fe2962921c4efab2989b	08e4846e537177426273712802403f7ba8261b6c	mean_5_11_17_23_29_33|domfull	164	0.0005681818181818183	fp32	cuda	
afcae93990258d324848a806	Q9D967	miss	164	164	False	1.0	005184f9b9336305c59aeca0231b5a688bd53e435363dbda07b6d447e2a64957	08e4846e537177426273712802403f7ba8261b6c	mean_5_11_17_23_29_33|domfull	164	0.0005681818181818183	fp32	cuda	
afad1a864fe73ae20bec2448	Q9QZJ6	miss	164	164	False	1.0	36a0ba35e22c9b0735008e5516ca5a1eed2b64fe511b5fd7c6d433a218821ab1	08e4846e537177426273712802403f7ba8261b6c	mean_5_11_17_23_29_33|domfull	164	0.0005681818181818183	fp32	cuda	
b7d186be84a2d313a28233a2	Q9SAH5	miss	164	164	False	1.0	2369dc40997e71c413a88fc007787ba7b67c7a0944c72d95a1fe7e84c19e4c7d	08e4846e537177426273712802403f7ba8261b6c	mean_5_11_17_23_29_33|domfull	164	0.0005102040816326531	fp32	cuda	
5cb35ed14372c577fef005bf	Q9ZFU8	miss	164	164	False	1.0	711f223120e8081f9c96b3c36df76a037cee561f74c87f65bc809b6360447e47	08e4846e537177426273712802403f7ba8261b6c	mean_5_11_17_23_29_33|domfull	164	0.0005102040816326531	fp32	cuda	
e0fd18a9c008917713455740	A2Y5G8	miss	163	163	False	1.0	ecfff7c16b0476d0206dde5f5bc827056abb2907dbe13d6eab50ad4824a573d7	08e4846e537177426273712802403f7ba8261b6c	mean_5_11_17_23_29_33|domfull	163	0.0005102040816326531	fp32	cuda	
02b348884d2e0b0f86de29cf	Q8SDJ8	miss	163	163	False	1.0	a6f2cdaa5b66a2ec1ea43171112aa1277eac5fad119078db28004b3e44b5024d	08e4846e537177426273712802403f7ba8261b6c	mean_5_11_17_23_29_33|domfull	163	0.0005102040816326531	fp32	cuda	
500beade877255ac38468c11	Q92JK7	miss	163	163	False	1.0	b688dfb3c8e2b92bb748d4e75bc4c3a3775a833f2e0d6dbdd006d8f979773cb0	08e4846e537177426273712802403f7ba8261b6c	mean_5_11_17_23_29_33|domfull	163	0.0005102040816326531	fp32	cuda	
043a4edfb1efac95fc77c813	Q99JH1	miss	163	163	False	1.0	1868b893fe5ff78b04b7bea707fe36b3b9805f440975ad948ae00d27951d153e	08e4846e537177426273712802403f7ba8261b6c	mean_5_11_17_23_29_33|domfull	163	0.0005102040816326531	fp32	cuda	
0333a302dedd69de85ef3384	Q9FHQ9	miss	163	163	False	1.0	ac67b1af2c63da1b999a785a0fc6fafa121a406ce5428be96f7b96dc908cad5a	08e4846e537177426273712802403f7ba8261b6c	mean_5_11_17_23_29_33|domfull	163	0.0005102040816326531	fp32	cuda	
feff4b151585c419f169b6f7	Q9LUJ3	miss	163	163	False	1.0	3e91683c771500d433bb299d2c6a1c46b64852c405150c124232675fd2b4bbc5	08e4846e537177426273712802403f7ba8261b6c	mean_5_11_17_23_29_33|domfull	163	0.0005102040816326531	fp32	cuda	
b7f864ecb500d2ac2cece03e	Q9ZD85	miss	163	163	False	1.0	f248490050c987c98b6b52c1d3851aada434a4ce59ed81bd1d52abcbf7b6748d	08e4846e537177426273712802403f7ba8261b6c	mean_5_11_17_23_29_33|domfull	163	0.0005102040816326531	fp32	cuda	
c4635344c6160691cf6f398d	A1WBM9	miss	162	162	False	1.0	e35fe01a296f1ad193caf01be3d2c02a8f24c5d8652e6928cec11108ad7eaa9e	08e4846e537177426273712802403f7ba8261b6c	mean_5_11_17_23_29_33|domfull	162	0.0005102040816326531	fp32	cuda	
4b4f5b75a84dc55af2c4d331	P32039	miss	162	162	False	1.0	5bc684cfe8c4276044ad85662c24c06595b6cdb93dba76b23e375fcb1981aa0b	08e4846e537177426273712802403f7ba8261b6c	mean_5_11_17_23_29_33|domfull	162	0.0005102040816326531	fp32	cuda	
14e3bdbfe3b12e04ac65b306	Q58768	miss	162	162	False	1.0	2f9b2bbaee0897b80145528b8a7403cd7653102414a1e40fc054199250d7fa9a	08e4846e537177426273712802403f7ba8261b6c	mean_5_11_17_23_29_33|domfull	162	0.0005102040816326531	fp32	cuda	
6e1029cccb7a5bd8be2735ab	Q7X5L6	miss	162	162	False	1.0	4a61ed6a66c78797b6953da27cc1ad35b41f15083fccb5c727f015df776f81e8	08e4846e537177426273712802403f7ba8261b6c	mean_5_11_17_23_29_33|domfull	162	0.0005102040816326531	fp32	cuda	
4db5b4f15251c996c91f5fef	Q8CAC8	miss	162	162	False	1.0	16ac473d85be4e771a1d296bd7c94f92c4bd6d00d0747963a0cd45ebddacb0ff	08e4846e537177426273712802403f7ba8261b6c	mean_5_11_17_23_29_33|domfull	162	0.0005102040816326531	fp32	cuda	
0aac3d20a35d9fec92943489	Q97YC8	miss	162	162	False	1.0	762012eb7c948626fd6c32fc9fb2de938d9a479870813215477a9d8e647825ec	08e4846e537177426273712802403f7ba8261b6c	mean_5_11_17_23_29_33|domfull	162	0.0005102040816326531	fp32	cuda	
823c85dfa0823c3887dc34cb	Q9DH90	miss	162	162	False	1.0	3a342a4d166d2538634411ae2ffc195aefda8942a3843f62687b36741fa1fe3f	08e4846e537177426273712802403f7ba8261b6c	mean_5_11_17_23_29_33|domfull	162	0.0005102040816326531	fp32	cuda	
8af3f16e31150c43c5ad918e	Q9KA57	miss	162	162	False	1.0	ca3af57c65a568d1b9f445f2de609c4ac7029d2af4659bcf7af553b3f7c001ae	08e4846e537177426273712802403f7ba8261b6c	mean_5_11_17_23_29_33|domfull	162	0.0005102040816326531	fp32	cuda	
a2c7232d56495a3c677f5b5d	Q9Z0L5	miss	162	162	False	1.0	10b2d861676fef76ff69efe0c2e83402f5b442ff9c356e595b0339e548b60fdf	08e4846e537177426273712802403f7ba8261b6c	mean_5_11_17_23_29_33|domfull	162	0.0005102040816326531	fp32	cuda	
ad18449651d4e4c30b622e0d	P34334	miss	161	161	False	1.0	04346aeea4e20320715771a24474c3c0d1334dea97ef14555b4a596a7e4cadad	08e4846e537177426273712802403f7ba8261b6c	mean_5_11_17_23_29_33|domfull	161	0.0005102040816326531	fp32	cuda	
a5c604f212bc9998411c07f6	Q96D98	miss	161	161	False	1.0	1b82135833fe631b19778074f5694173f7093d23da436595111979026fb2cbfc	08e4846e537177426273712802403f7ba8261b6c	mean_5_11_17_23_29_33|domfull	161	0.0005102040816326531	fp32	cuda	
abd82dc28d30473037841c95	Q9WVK0	miss	161	161	False	1.0	2978e600b8c72246d1157f683f204e9c03916954b1bc766984b457003312874e	08e4846e537177426273712802403f7ba8261b6c	mean_5_11_17_23_29_33|domfull	161	0.0005102040816326531	fp32	cuda	
9e05334daec9e5e6b2a6e227	Q91FW7	miss	160	160	False	1.0	f936fad8672076417d482b817904b75c3fb85ac70a27cb226c5aa2a6f569e8a7	08e4846e537177426273712802403f7ba8261b6c	mean_5_11_17_23_29_33|domfull	160	0.0005102040816326531	fp32	cuda	
9648836c7d1607fc99a0b5e1	Q9KWN0	miss	160	160	False	1.0	47855827a6e4a6df28d5fe79b50f529fba1dd41ff7aef7484830328ef538e26f	08e4846e537177426273712802403f7ba8261b6c	mean_5_11_17_23_29_33|domfull	160	0.0005102040816326531	fp32	cuda	
1d5c40ad5f00d17064ca407e	Q9M0I0	miss	160	160	False	1.0	5a96a7ccd2d7281de70f89048b48c04232a33b6ef36320e8d458921597eaac7c	08e4846e537177426273712802403f7ba8261b6c	mean_5_11_17_23_29_33|domfull	160	0.0005102040816326531	fp32	cuda	
db0729d247a42d74ee01a713	Q9M9Q4	miss	160	160	False	1.0	5c61f4ad2d819262d9970693a0cf15d27be940ab50469815c0c584e74a63aa4b	08e4846e537177426273712802403f7ba8261b6c	mean_5_11_17_23_29_33|domfull	160	0.0005102040816326531	fp32	cuda	
274a4b5c177246bd7d5c5182	Q9PPP2	miss	160	160	False	1.0	22e388150c2b4f435d61800f1e4dc240c58567cc526ee9e7c6beb67bdee2d48c	08e4846e537177426273712802403f7ba8261b6c	mean_5_11_17_23_29_33|domfull	160	0.0005102040816326531	fp32	cuda	
ce9616bb57fa5a53ffaea1bb	Q9VZ35	miss	160	160	False	1.0	b8375bd61667c516de718bc28ae25ba7e0b247d845e7f31b01699de77921de04	08e4846e537177426273712802403f7ba8261b6c	mean_5_11_17_23_29_33|domfull	160	0.0005102040816326531	fp32	cuda	
1f454e715cd62783d7a579c0	Q9YUD4	miss	160	160	False	1.0	b19c4e8a1a260718e08c3fb29bc69a5fb369641b31cf1f406655b41e511aa98d	08e4846e537177426273712802403f7ba8261b6c	mean_5_11_17_23_29_33|domfull	160	0.0005102040816326531	fp32	cuda	
c4b0c5af64795a7d9f9c1ea4	Q6ZS52	miss	159	159	False	1.0	31e136e96cfde4fdd542ed46fb1cf66ef6f0f64f40e63902f8466ed5e41d9d9c	08e4846e537177426273712802403f7ba8261b6c	mean_5_11_17_23_29_33|domfull	159	0.0005102040816326531	fp32	cuda	
c340b0d376c0b140b68375e5	Q8FZW3	miss	159	159	False	1.0	f5bf079034bd63346ef2659e17f74793b96da8338a53acf0d5d9a61917dd9b5b	08e4846e537177426273712802403f7ba8261b6c	mean_5_11_17_23_29_33|domfull	159	0.0005102040816326531	fp32	cuda	
a30da197a237f04d284cb0c3	Q96LS8	miss	159	159	False	1.0	2a27ffcf0585447be874748f0100a8000db3e7e521c7c7978e28028f6bae8f01	08e4846e537177426273712802403f7ba8261b6c	mean_5_11_17_23_29_33|domfull	159	0.0005102040816326531	fp32	cuda	
b58120f854be96ae0c8d77b3	Q9W4Q9	miss	159	159	False	1.0	35e02be1b41fbdd47094a5e3d5c588d7bef0e03aa8577aa49e2d0e911c1c67cc	08e4846e537177426273712802403f7ba8261b6c	mean_5_11_17_23_29_33|domfull	159	0.0005102040816326531	fp32	cuda	
ff2fa95c20dc32fa3e223e14	W7E4C5	miss	159	159	False	1.0	081693db3f155fa5ec0af622ada434abdb739a46a9c2399de400124359e6c7af	08e4846e537177426273712802403f7ba8261b6c	mean_5_11_17_23_29_33|domfull	159	0.0005102040816326531	fp32	cuda	
0e6c60499b9bea96720b01ef	O83166	miss	158	158	False	1.0	5d62bd91671d4e9723e8dca3e27c6dea29d88403f049650054d9666a0c606e11	08e4846e537177426273712802403f7ba8261b6c	mean_5_11_17_23_29_33|domfull	158	0.0005102040816326531	fp32	cuda	
3254d2b43c4241dc02f80ac6	Q99445	miss	158	158	False	1.0	9b137e82206482e917784787c692ed352e20082f030d8148d73e839a6b594b42	08e4846e537177426273712802403f7ba8261b6c	mean_5_11_17_23_29_33|domfull	158	0.0005102040816326531	fp32	cuda	
3debef7d41eec0e1e8f7cfba	Q9CRD4	miss	158	158	False	1.0	6ad6cc37b1ded56fc93983f0b5ef6d32655c08083406b21eb6cd290a06eaaf2f	08e4846e537177426273712802403f7ba8261b6c	mean_5_11_17_23_29_33|domfull	158	0.0005102040816326531	fp32	cuda	
3da151d5c96acb24cd011d15	Q9FG31	miss	158	158	False	1.0	d0b9e921d8add210fddac657872ef74f0e4ca6e02285ff267ee1fe055a3f70a5	08e4846e537177426273712802403f7ba8261b6c	mean_5_11_17_23_29_33|domfull	158	0.0005102040816326531	fp32	cuda	
ad27d359ee2edb2d47f34ad5	Q9FY78	miss	158	158	False	1.0	310a8b608e85f812d62853d6c74532bdb75f6f04d187cb095794398bb7e4527a	08e4846e537177426273712802403f7ba8261b6c	mean_5_11_17_23_29_33|domfull	158	0.0005102040816326531	fp32	cuda	
c2ffcb4f8860e0931962565d	Q9MBF7	miss	158	158	False	1.0	e359b354508ed855ba253b6f76085ec4192e450fcad369bdd18d56df45c62cd1	08e4846e537177426273712802403f7ba8261b6c	mean_5_11_17_23_29_33|domfull	158	0.0005102040816326531	fp32	cuda	
632c972cb9662ad8f08403fa	Q9PR82	miss	158	158	False	1.0	9bb02623fcb5e3083ea90c3883def36a79804caea5ecbbc7626eafba9d6bd1e2	08e4846e537177426273712802403f7ba8261b6c	mean_5_11_17_23_29_33|domfull	158	0.0005102040816326531	fp32	cuda	
b200a9a1b6e5bcfdf3fe2d70	Q9PRD7	miss	158	158	False	1.0	a8487990692ac70681901676cffdf70721c65bb357b142992dbb6ce81e0dcadd	08e4846e537177426273712802403f7ba8261b6c	mean_5_11_17_23_29_33|domfull	158	0.0005102040816326531	fp32	cuda	
dbe3dcce32bccc861b749972	Q9R168	miss	158	158	False	1.0	f9be205c44b3c55457d4ef1ff58335f0ea38fa7e56b764fb2e09ce4523e5ff49	08e4846e537177426273712802403f7ba8261b6c	mean_5_11_17_23_29_33|domfull	158	0.0005102040816326531	fp32	cuda	
0a8fe5d9788706ca0782658b	Q91975	miss	157	157	False	1.0	254b4877d142c7b287d2916cf23da4093771386128c9f6fc913b614d4c4e0353	08e4846e537177426273712802403f7ba8261b6c	mean_5_11_17_23_29_33|domfull	157	0.0005102040816326531	fp32	cuda	
ed2f53fa93214d011b71e7e0	Q9QEE3	miss	157	157	False	1.0	46277aa032f6513d0338be03e8662eb1a92a8a17ff59a2a4c721c83f22f95049	08e4846e537177426273712802403f7ba8261b6c	mean_5_11_17_23_29_33|domfull	157	0.0005102040816326531	fp32	cuda	
f55c6d5eddadc29529c1dfe3	Q9SW31	miss	157	157	False	1.0	b80c8c17e93eeb244438acd72c9f36611fa376529288f9ce2cf25390df2c5f6e	08e4846e537177426273712802403f7ba8261b6c	mean_5_11_17_23_29_33|domfull	157	0.0005102040816326531	fp32	cuda	
7050fbf9bde8ff6c3a4348e2	Q914I8	miss	156	156	False	1.0	eb9ab75a6ac89293d5965270b2cdca7417276c7513e8cb23b0b69401a2acd160	08e4846e537177426273712802403f7ba8261b6c	mean_5_11_17_23_29_33|domfull	156	0.0005102040816326531	fp32	cuda	
2d0ef2a0a12a927ad46e560d	Q99W51	miss	156	156	False	1.0	e54632b0ea2ebe43a1aecae6084dc44ab5b3a78daa4cc04aadb0398a14b7508c	08e4846e537177426273712802403f7ba8261b6c	mean_5_11_17_23_29_33|domfull	156	0.0005102040816326531	fp32	cuda	
e190f378412e0dc10a0ba253	Q9AIG8	miss	156	156	False	1.0	ba9bcf607f6f0eaa82acf8f5acc060ad6838f7e91c2b181fde07834abce75cba	08e4846e537177426273712802403f7ba8261b6c	mean_5_11_17_23_29_33|domfull	156	0.0005102040816326531	fp32	cuda	
d25c2767a19395ee8a484f32	Q9FZP6	miss	155	155	False	1.0	7676bdb3a351ba0a9d26525fb93b74a3d9b1110964d19cbad1089df90bde9258	08e4846e537177426273712802403f7ba8261b6c	mean_5_11_17_23_29_33|domfull	155	0.0005102040816326531	fp32	cuda	
944e548c61ba2373786e9f7f	Q9P6P0	miss	155	155	False	1.0	606d974c6a0005d7cfda3845ede437d4c9a37d14af08cbba2c28891e60ee2c40	08e4846e537177426273712802403f7ba8261b6c	mean_5_11_17_23_29_33|domfull	155	0.0005102040816326531	fp32	cuda	
0d4461402b81e83e47db0342	Q09HN1	miss	154	154	False	1.0	4d6714b44fc52b379ab1187c56e80256a12ae2b8e4d128167b04e8fdb602b6fe	08e4846e537177426273712802403f7ba8261b6c	mean_5_11_17_23_29_33|domfull	154	0.0005102040816326531	fp32	cuda	
79842183e9232cbe176f2b1a	P38912	miss	153	153	False	1.0	a54c474d4e4e01d52cf0a736340854730374b62035a71c2e6ab8f49790e0189f	08e4846e537177426273712802403f7ba8261b6c	mean_5_11_17_23_29_33|domfull	153	0.0005102040816326531	fp32	cuda	
0eb6f67a89bc8c24c5ca9733	P93275	miss	153	153	False	1.0	a13a4345cdedd6b64755f571bd56e35a05236998a161cc282ca68aa8d19418ee	08e4846e537177426273712802403f7ba8261b6c	mean_5_11_17_23_29_33|domfull	153	0.0005102040816326531	fp32	cuda	
51aeb8da20595579ceb22156	Q9PQY8	miss	153	153	False	1.0	fed454358b8610954d5e4dd49ee1507ce2fc99060d2737a1331cb18bac9eb0d2	08e4846e537177426273712802403f7ba8261b6c	mean_5_11_17_23_29_33|domfull	153	0.0005102040816326531	fp32	cuda	
35563fee0234788e388a7425	Q9XG81	miss	153	153	False	1.0	e3bb1f66267b701dcc077851379624f93a5c95baca67a91e5fd542960d15bee2	08e4846e537177426273712802403f7ba8261b6c	mean_5_11_17_23_29_33|domfull	153	0.0005102040816326531	fp32	cuda	
71d4921450c03f7196e9254d	A8MRP2	miss	152	152	False	1.0	bee79035d1f6dde4fb9fa8644c96c85a75be31f866937ecb93733b1a1fd21de1	08e4846e537177426273712802403f7ba8261b6c	mean_5_11_17_23_29_33|domfull	152	0.0005102040816326531	fp32	cuda	
283d0b3ea27f2541fb0cf265	Q8R5F3	miss	152	152	False	1.0	f86940eb49a68a4234ff8d7ce10070f6bf97893b897ce2b8a5c42a1fe89904df	08e4846e537177426273712802403f7ba8261b6c	mean_5_11_17_23_29_33|domfull	152	0.0005102040816326531	fp32	cuda	
f3412b3849220cf5335b153b	Q8RQP5	miss	152	152	False	1.0	118949dc8058d24f94c63b13346c79b03986296a08bbc2b4b4f2a23fb008d632	08e4846e537177426273712802403f7ba8261b6c	mean_5_11_17_23_29_33|domfull	152	0.0005102040816326531	fp32	cuda	
81cd2b259ee6136e1d4548d8	Q9LUG7	miss	152	152	False	1.0	0385d5cecf6212f23d2197748f8b4b760126223c45c3ea11369c1accc73cbd4a	08e4846e537177426273712802403f7ba8261b6c	mean_5_11_17_23_29_33|domfull	152	0.0005102040816326531	fp32	cuda	
c01901abe3b651a85e39b703	Q9VQF7	miss	152	152	False	1.0	7640a32d0e8e15a82aa04e54ac579523e16b65c9eb934cd29273a536ebfb9f2a	08e4846e537177426273712802403f7ba8261b6c	mean_5_11_17_23_29_33|domfull	152	0.0005102040816326531	fp32	cuda	
55e35e18dba0ffc1609fb61e	A4QNN7	miss	151	151	False	1.0	4a46724ad4b739459aedf2c8759380256aab1041b107968c14401ab085ffe3e2	08e4846e537177426273712802403f7ba8261b6c	mean_5_11_17_23_29_33|domfull	151	0.0005102040816326531	fp32	cuda	
c8b34622009c39660c8c2afe	P94562	miss	151	151	False	1.0	8ac7a4c39e9e3eeec928397f16ccbad6045f6aebe6e88f94e219b9185a8bbeb3	08e4846e537177426273712802403f7ba8261b6c	mean_5_11_17_23_29_33|domfull	151	0.0005102040816326531	fp32	cuda	
0bc672de2e22e10bc699f025	Q66KY3	miss	151	151	False	1.0	841e39fd813765d80091954813df6a936ad1366b776001abb3cbd1a541080a0e	08e4846e537177426273712802403f7ba8261b6c	mean_5_11_17_23_29_33|domfull	151	0.0005102040816326531	fp32	cuda	
e7a43088e56a758eef7a5053	Q6AHP8	miss	151	151	False	1.0	8c28deb4943e949c2af4e54f372087ce55528b19c7683ca0db44fee9ea94f583	08e4846e537177426273712802403f7ba8261b6c	mean_5_11_17_23_29_33|domfull	151	0.0005102040816326531	fp32	cuda	
760e7f1fe0179330cb4e7fe0	Q92371	miss	151	151	False	1.0	f788b4716bf9d496f206d1c4b13d8e54e9c069b1feb78c9638a481d465036af0	08e4846e537177426273712802403f7ba8261b6c	mean_5_11_17_23_29_33|domfull	151	0.0005102040816326531	fp32	cuda	
9be73a66f231aff5f9d7f240	Q9G053	miss	151	151	False	1.0	a8087e458fd2e3ac5b582739276f649b7e45a487ad2ca5bf335b00dcbd9234d0	08e4846e537177426273712802403f7ba8261b6c	mean_5_11_17_23_29_33|domfull	151	0.0005102040816326531	fp32	cuda	
55019055331668a7ce178d10	Q9NIP6	miss	151	151	False	1.0	aef87fc8900d38d0ad5ef5034137e6258b7282f80fa17ed6b90a7562bbc4dc01	08e4846e537177426273712802403f7ba8261b6c	mean_5_11_17_23_29_33|domfull	151	0.0005102040816326531	fp32	cuda	
e458f75c4fb3c5d4459b7f10	Q9STX3	miss	151	151	False	1.0	49719572ec1914df508c8cb817acb9f55c0337fc3561726e6ee2144b3c87628f	08e4846e537177426273712802403f7ba8261b6c	mean_5_11_17_23_29_33|domfull	151	0.0005102040816326531	fp32	cuda	
1ad5a51ee91b55a6d1592cc6	Q9VKA0	miss	151	151	False	1.0	e722b6b3248d42f784ea13da785dd168d336d867cece7664d4a2009a37b8c60b	08e4846e537177426273712802403f7ba8261b6c	mean_5_11_17_23_29_33|domfull	151	0.0005102040816326531	fp32	cuda	
1ee1ae68ae6918fc90f00870	Q9UFV1	miss	150	150	False	1.0	763d3f2bd1fedd7c71d428254db7536cb8efbf0b9ea4099f1c62958a809c77ed	08e4846e537177426273712802403f7ba8261b6c	mean_5_11_17_23_29_33|domfull	150	0.0005102040816326531	fp32	cuda	
ebe4531b14b563b0285e36e2	Q9ZD74	miss	150	150	False	1.0	08b93d4d43577e715172de151f043afcc7b9f38bbeafc4eb4c213df2852b32ba	08e4846e537177426273712802403f7ba8261b6c	mean_5_11_17_23_29_33|domfull	150	0.0005102040816326531	fp32	cuda	
32d8031e71f82ebfb044d822	B2ZRS9	miss	149	149	False	1.0	65a48e9ec9bc0a2da1debfaa8e8e45286aad5ce53abe3e5fd621f72950d3c512	08e4846e537177426273712802403f7ba8261b6c	mean_5_11_17_23_29_33|domfull	149	0.0005102040816326531	fp32	cuda	
6c2a29f3748eed747f79ccd9	O28372	miss	149	149	False	1.0	e094fe54d68d69285e67f85b4e044077431bad274812ca45cf523b36d215b0f8	08e4846e537177426273712802403f7ba8261b6c	mean_5_11_17_23_29_33|domfull	149	0.0005102040816326531	fp32	cuda	
6581a6888637ce848ac388ba	P0AEM0	miss	149	149	False	1.0	d25f5d71aeb1048c9321d6ae62f2c4ec201dd5c85f8870686d09edfaab2b779f	08e4846e537177426273712802403f7ba8261b6c	mean_5_11_17_23_29_33|domfull	149	0.0005102040816326531	fp32	cuda	
5c2ea4cad891447ee08d25d4	Q9W3T7	miss	149	149	False	1.0	d6ccc310983a32e3ebab9ab2cd3ee8ed1a83ff51cf565eb8aa47e9a594289c44	08e4846e537177426273712802403f7ba8261b6c	mean_5_11_17_23_29_33|domfull	149	0.0005102040816326531	fp32	cuda	
df89999b94a2162b5a3cdc84	Q9Y7Q3	miss	149	149	False	1.0	b6d4117575984437260193072dd8eea8cdf37f8ec446a1ac95375ea306d49b15	08e4846e537177426273712802403f7ba8261b6c	mean_5_11_17_23_29_33|domfull	149	0.0005102040816326531	fp32	cuda	
200c2aeff48aff8ecefb8d1f	B7TWP7	miss	148	148	False	1.0	add172d5bec7564f7997d56b0723f138b5bbe4f7a1ead2dfaa244b02c3e207be	08e4846e537177426273712802403f7ba8261b6c	mean_5_11_17_23_29_33|domfull	148	0.0005102040816326531	fp32	cuda	
70f280e66ebc9b0ca4256794	Q2LCR7	miss	148	148	False	1.0	5075cf3b15f3bc5a54e3382f7534b8a09915651bfdb1e0ab43e7b3c377a0d3e1	08e4846e537177426273712802403f7ba8261b6c	mean_5_11_17_23_29_33|domfull	148	0.0005102040816326531	fp32	cuda	
13497a2b5ca090b76f968400	Q6ZRU5	miss	148	148	False	1.0	bf8c1326d9e5cd294c59db5c10af126564937cb155fcaf4a6a5aebde69fc8240	08e4846e537177426273712802403f7ba8261b6c	mean_5_11_17_23_29_33|domfull	148	0.0005102040816326531	fp32	cuda	
c8a42682207c97b6adf9bff6	Q72IJ9	miss	148	148	False	1.0	a9d386d4ee74174e94e81b7e2c698a966a724bc00aeea0de12b6db4497494073	08e4846e537177426273712802403f7ba8261b6c	mean_5_11_17_23_29_33|domfull	148	0.0005102040816326531	fp32	cuda	
945b0733161acb578f16b329	Q82IL9	miss	148	148	False	1.0	cde69b6c7eaa20d08340e17f5d0fb5893da9821445581943982046d69e1e3b12	08e4846e537177426273712802403f7ba8261b6c	mean_5_11_17_23_29_33|domfull	148	0.0005102040816326531	fp32	cuda	
64d567cc06d83695fffced11	Q8NCQ2	miss	148	148	False	1.0	84f2d89be5379473ea370fbd9fe0ad0c4b3abc45cf7dc2cb4f7f6ffbba3c0786	08e4846e537177426273712802403f7ba8261b6c	mean_5_11_17_23_29_33|domfull	148	0.0005102040816326531	fp32	cuda	
d0cf1bcb867cc67f7f3a0698	Q97W73	miss	148	148	False	1.0	75e5bc0a2dd84992a678868fcfcf983cd970d1eb650e6d1ca8a430d0b394dc2f	08e4846e537177426273712802403f7ba8261b6c	mean_5_11_17_23_29_33|domfull	148	0.0005102040816326531	fp32	cuda	
d4cae0efcb0a70e5e275613a	Q9J5B5	miss	148	148	False	1.0	fb35c0508121844b10ac0455d26bda3613742413b318fc9f0d0ad7db59c0f06f	08e4846e537177426273712802403f7ba8261b6c	mean_5_11_17_23_29_33|domfull	148	0.0005102040816326531	fp32	cuda	
991cc57050b971d3357fdc47	Q9LQ65	miss	148	148	False	1.0	ff028685640f7c7bf2e2bca0bbc937ead67acc6566d885851ce52f7cda6af20a	08e4846e537177426273712802403f7ba8261b6c	mean_5_11_17_23_29_33|domfull	148	0.0005102040816326531	fp32	cuda	
9b4836425bf3a9d724b20c9d	Q9LX26	miss	148	148	False	1.0	8c89d54bf1335321973c4fe98316c5c3e4cd9649fd86e69db518fa8e2527d582	08e4846e537177426273712802403f7ba8261b6c	mean_5_11_17_23_29_33|domfull	148	0.0005102040816326531	fp32	cuda	
329692af396496f65ff2d02a	Q9ZCK7	miss	148	148	False	1.0	58a13dcacf4b70253fa2c42b5af2b8bd07dd177629572bb368602bacace8cd89	08e4846e537177426273712802403f7ba8261b6c	mean_5_11_17_23_29_33|domfull	148	0.0005102040816326531	fp32	cuda	
da202687282388529bd2bef3	W1QGQ0	miss	148	148	False	1.0	6f177d34456d9afb1e0dc3b01c0e13e1967f24070115c94c4df4d221816787ac	08e4846e537177426273712802403f7ba8261b6c	mean_5_11_17_23_29_33|domfull	148	0.0005102040816326531	fp32	cuda	
d1c4391db036e3d276f64088	Q9VE61	miss	147	147	False	1.0	16c4fd7342a9421e685667fe5a820414ba9728cffc2faabb374af7c1d2fcb31e	08e4846e537177426273712802403f7ba8261b6c	mean_5_11_17_23_29_33|domfull	147	0.0005102040816326531	fp32	cuda	
c70013b70bfdb604a86c06c7	P02212	miss	146	146	False	1.0	5a0f517eb0e9ea179435426763df1a9ca18411bb251fbe1b09b2bd5c9b53490c	08e4846e537177426273712802403f7ba8261b6c	mean_5_11_17_23_29_33|domfull	146	0.0005102040816326531	fp32	cuda	
8cccf7e3098bc38fdadac4ca	Q7TT52	miss	146	146	False	1.0	db82e5fa46ca19dd477cc000533e7b7cf0c26004c76b3c80a77917dd71693400	08e4846e537177426273712802403f7ba8261b6c	mean_5_11_17_23_29_33|domfull	146	0.0005102040816326531	fp32	cuda	
78a8642df9ee6dd853eae256	Q9CBJ9	miss	146	146	False	1.0	404c201364b75990dfd4e2893e90da6b786985278742102bb6c2035907ac2c5c	08e4846e537177426273712802403f7ba8261b6c	mean_5_11_17_23_29_33|domfull	146	0.0005102040816326531	fp32	cuda	
d05c017b098bfeec22efc13f	Q8N888	miss	145	145	False	1.0	7cbb62797647f592a66923e76e756e50a3763d0ac03b69caf21a25676e09c69f	08e4846e537177426273712802403f7ba8261b6c	mean_5_11_17_23_29_33|domfull	145	0.0005102040816326531	fp32	cuda	
7cf3acb6c3c1e08b08a61633	Q8R4T1	miss	145	145	False	1.0	2dd578c273427dddee977f33183ace9c631d6ceef07b4801b9f2419edbee4f55	08e4846e537177426273712802403f7ba8261b6c	mean_5_11_17_23_29_33|domfull	145	0.0005102040816326531	fp32	cuda	
9abffb59b74f8473b8998540	Q9C9B2	miss	145	145	False	1.0	f79691e5bed3770a6abcb46ee8d8d2edd42f02a92f9ea522677e9501b6807e6d	08e4846e537177426273712802403f7ba8261b6c	mean_5_11_17_23_29_33|domfull	145	0.0005102040816326531	fp32	cuda	
a2461c9c33739e3e894e362e	Q9FGX2	miss	145	145	False	1.0	fa2681e243bfa23ca6873468536a9a94b3a9cf451d16561d52e96a97884dbfca	08e4846e537177426273712802403f7ba8261b6c	mean_5_11_17_23_29_33|domfull	145	0.0005102040816326531	fp32	cuda	
53c9ac22798e237c2ff95180	Q00327	miss	143	143	False	1.0	067fa84f321d54d191bd090265e6e7bb8fe36405d84ad5270e0ffe43e7d058f4	08e4846e537177426273712802403f7ba8261b6c	mean_5_11_17_23_29_33|domfull	143	0.0005102040816326531	fp32	cuda	
9397defd121f669f18acf61b	Q7VRV2	miss	143	143	False	1.0	152c09193b0fcd7df8079a9ee33ddfc676de4ce2e336d2b5bb895058e5fcdd5c	08e4846e537177426273712802403f7ba8261b6c	mean_5_11_17_23_29_33|domfull	143	0.0005102040816326531	fp32	cuda	
23dabed0f15f7dddad4f6ca4	Q95V77	miss	143	143	False	1.0	82acc0541d8eb41b561da0fde1ae99610429db041c4515e9d9e7d029e91127f1	08e4846e537177426273712802403f7ba8261b6c	mean_5_11_17_23_29_33|domfull	143	0.00044642857142857147	fp32	cuda	
fc357a458f7771fb0f111194	Q9VVA0	miss	143	143	False	1.0	320b67238533f62e31980f11c4f023f8402fd0f5f574b86727b52d8bac724a34	08e4846e537177426273712802403f7ba8261b6c	mean_5_11_17_23_29_33|domfull	143	0.00044642857142857147	fp32	cuda	
f35a676ae14420ab28679763	B0BNA5	miss	142	142	False	1.0	87a7d8ebafe3e965bdd3d191593d2f20512448c4338dbf4dfdb45309e4af53ae	08e4846e537177426273712802403f7ba8261b6c	mean_5_11_17_23_29_33|domfull	142	0.00044642857142857147	fp32	cuda	
111cc9027eaab07ec0b0cccf	P31843	miss	142	142	False	1.0	2b389ab78138f36826486cdd53c80b671700bab180a48a9191f3480480806043	08e4846e537177426273712802403f7ba8261b6c	mean_5_11_17_23_29_33|domfull	142	0.00044642857142857147	fp32	cuda	
ae6084fe40e6ffc082306c19	Q8X560	miss	142	142	False	1.0	128ede45ee27a497382e54d08b7c29a2c28fcf329dc7e26823c542e961914a82	08e4846e537177426273712802403f7ba8261b6c	mean_5_11_17_23_29_33|domfull	142	0.00044642857142857147	fp32	cuda	
647d15781c42feb485a5808e	Q96M42	miss	142	142	False	1.0	24315904758cfac4af0c856c152905a1baf385c2ca0d5dab43d182aac748b30d	08e4846e537177426273712802403f7ba8261b6c	mean_5_11_17_23_29_33|domfull	142	0.00044642857142857147	fp32	cuda	
b586b02d6e416dc09920d3e9	Q9RMV2	miss	142	142	False	1.0	48c39ffcea22f72ee53ae4083f59dd0d67b953d39b20e816a61f51fae1409b32	08e4846e537177426273712802403f7ba8261b6c	mean_5_11_17_23_29_33|domfull	142	0.00044642857142857147	fp32	cuda	
806942fe1743c647de0f9110	Q926A6	miss	141	141	False	1.0	966998b1206aa3c14658c05a8bfced8f026af14a9cb76ffe5aea26b45b455989	08e4846e537177426273712802403f7ba8261b6c	mean_5_11_17_23_29_33|domfull	141	0.00044642857142857147	fp32	cuda	
1b9b57910bc9b39c8031dcfd	Q9HYR3	miss	141	141	False	1.0	53bc36205312d32b03072e4a51d64d4d4be369cc530627079c6f1f3f4bda25f2	08e4846e537177426273712802403f7ba8261b6c	mean_5_11_17_23_29_33|domfull	141	0.00044642857142857147	fp32	cuda	
ca719ba6c8fd5ae6260f691f	Q9S4W7	miss	141	141	False	1.0	96c923c52d7ecaee12925c285a04770cd2ddff166cb483ec1e405fb3b8efc7f3	08e4846e537177426273712802403f7ba8261b6c	mean_5_11_17_23_29_33|domfull	141	0.00044642857142857147	fp32	cuda	
bda9ecf136ae6c9939d539b0	Q00133	miss	140	140	False	1.0	5df8fd2b41c9e07488a0036003e24153c22eabbe6d4bbcf31b23d97f3f26fcc9	08e4846e537177426273712802403f7ba8261b6c	mean_5_11_17_23_29_33|domfull	140	0.00044642857142857147	fp32	cuda	
6be29cfedee506584061f2bd	Q54QX0	miss	140	140	False	1.0	0287e69870023c4ee002659010cc88b799e7c78a2b2c355b798211ab1878d27c	08e4846e537177426273712802403f7ba8261b6c	mean_5_11_17_23_29_33|domfull	140	0.00044642857142857147	fp32	cuda	
f71bcc77e58867ecbac8ef55	Q8BIS8	miss	140	140	False	1.0	273a271278f0c48c27fc0088af469c674e7333cf682861ed8a588bef732fce6f	08e4846e537177426273712802403f7ba8261b6c	mean_5_11_17_23_29_33|domfull	140	0.00044642857142857147	fp32	cuda	
ceaac2b8b02d2e71526068cc	Q9JIE6	miss	140	140	False	1.0	a15b07b29ccfd85c6430cc0d63a23c544ff7d0854583b1340974333b598f952c	08e4846e537177426273712802403f7ba8261b6c	mean_5_11_17_23_29_33|domfull	140	0.00044642857142857147	fp32	cuda	
8c234d691e2a28b092c1fde9	Q9S083	miss	140	140	False	1.0	f75c35cb1a914755d4bf9efb2741dcf8e3e2d01fa9a854b97b5469fa7902bd01	08e4846e537177426273712802403f7ba8261b6c	mean_5_11_17_23_29_33|domfull	140	0.00044642857142857147	fp32	cuda	
9a4b04414ac099244f1c5f88	Q9UL33	miss	140	140	False	1.0	47ed121b8de1c09e5720b8bcf3a400a9b2b227d6b6c009b6ac78b31f59258bfa	08e4846e537177426273712802403f7ba8261b6c	mean_5_11_17_23_29_33|domfull	140	0.00044642857142857147	fp32	cuda	
145fe07d4c8c4d80e08bb0aa	Q8SW17	miss	139	139	False	1.0	d9e0617c57f40993ce08bead44dce42fbbf916bf177b905e042e44a276acec96	08e4846e537177426273712802403f7ba8261b6c	mean_5_11_17_23_29_33|domfull	139	0.00044642857142857147	fp32	cuda	
510c2e12f68d0a244279652b	Q9UUG3	miss	139	139	False	1.0	b5735d269efdab0255444a5647294d34802f554f07b40290bbe0896caf28493f	08e4846e537177426273712802403f7ba8261b6c	mean_5_11_17_23_29_33|domfull	139	0.00044642857142857147	fp32	cuda	
105d1d9eef3fb9fcd28c256a	P37167	miss	138	138	False	1.0	82740f3f9dba9dac4dbf9076f3e46f1b521e1f60ed64d7d344fcfaac27412ce0	08e4846e537177426273712802403f7ba8261b6c	mean_5_11_17_23_29_33|domfull	138	0.00044642857142857147	fp32	cuda	
a705c89eaae07e4ee001b776	Q08789	miss	138	138	False	1.0	220c435c32dd979cfcb5a09df0c3c5ec1f57aeb0cc0cf2f6a74b9122c367b481	08e4846e537177426273712802403f7ba8261b6c	mean_5_11_17_23_29_33|domfull	138	0.00044642857142857147	fp32	cuda	
fb85e7b2927aff7649b225ff	Q8E0Z9	miss	138	138	False	1.0	9a070efeb672a7d1837ae4bc2f04d503321ea07f1ecbd052fca4a83835754f73	08e4846e537177426273712802403f7ba8261b6c	mean_5_11_17_23_29_33|domfull	138	0.00044642857142857147	fp32	cuda	
6cfac3b6291950c984a2ece9	Q8ZVQ3	miss	138	138	False	1.0	1617fae11fe971436372f087ec75d5ecbc08237912950ce8a030eadcdf39edfa	08e4846e537177426273712802403f7ba8261b6c	mean_5_11_17_23_29_33|domfull	138	0.00044642857142857147	fp32	cuda	
c9c4514be65f1f059e656a10	Q9CA46	miss	138	138	False	1.0	b95f6f01f9f4065d7dfe94b4eace9fd82065bfb84ddc03c0903f272b0b66d764	08e4846e537177426273712802403f7ba8261b6c	mean_5_11_17_23_29_33|domfull	138	0.00044642857142857147	fp32	cuda	
bbba244812583acd472c451a	Q9TKX7	miss	138	138	False	1.0	b65081d312ca66aa52d6be8c4fd3fb0bb10dfdb165299e03d771a0771ca249be	08e4846e537177426273712802403f7ba8261b6c	mean_5_11_17_23_29_33|domfull	138	0.00044642857142857147	fp32	cuda	
8582acc3574cbf8a1a365cc2	Q5ZM20	miss	137	137	False	1.0	2f3794463314f0f9ae171a28180787b9413ee35e4038e5500a72553c2dad7f56	08e4846e537177426273712802403f7ba8261b6c	mean_5_11_17_23_29_33|domfull	137	0.00044642857142857147	fp32	cuda	
294c983632b33a989963a31b	Q8CH62	miss	137	137	False	1.0	f913629ee1f0464feb8291eaab81eb197c0e6434daff1cadc3076e2e7019c82c	08e4846e537177426273712802403f7ba8261b6c	mean_5_11_17_23_29_33|domfull	137	0.00044642857142857147	fp32	cuda	
e61a0b344e3a13ee0aa2313f	Q8PUL7	miss	137	137	False	1.0	ea5edf45f2932fb79893086975f90ddbcf324916d513dfa7b1ebdf21e47ae564	08e4846e537177426273712802403f7ba8261b6c	mean_5_11_17_23_29_33|domfull	137	0.00044642857142857147	fp32	cuda	
44013d5dafe1a9a0a8995a18	Q9HGL0	miss	137	137	False	1.0	17401e09b9f9d364dd5ff06a61f591d2a312a20eb05a8ae2b05f255204651707	08e4846e537177426273712802403f7ba8261b6c	mean_5_11_17_23_29_33|domfull	137	0.00044642857142857147	fp32	cuda	
42591be3a81248ab0d08fd77	Q8RHY7	miss	136	136	False	1.0	ecfcf86529615b713f9c57607962f7f8ce3923f5a40f9989a5d3f475003628e5	08e4846e537177426273712802403f7ba8261b6c	mean_5_11_17_23_29_33|domfull	136	0.00044642857142857147	fp32	cuda	
6408c60b1873d28c5902b63b	Q8SXL2	miss	136	136	False	1.0	bb355f15705015dc8690587bc032d440be558d9c420b3dbbcf5c6cf5200114f9	08e4846e537177426273712802403f7ba8261b6c	mean_5_11_17_23_29_33|domfull	136	0.00044642857142857147	fp32	cuda	
070c8201e2aacdba12b2c6bc	Q8YT25	miss	136	136	False	1.0	b7388a70d0377052520ba0fb8b655ac08ed050a8c40a684f0b749fcd5e03d672	08e4846e537177426273712802403f7ba8261b6c	mean_5_11_17_23_29_33|domfull	136	0.00044642857142857147	fp32	cuda	
8d4264b5e9f17d1df0388773	Q96N35	miss	136	136	False	1.0	9c1b5778a9e2799d6b2cffd4287b160ad88f6f0197fae574244d9260528495c7	08e4846e537177426273712802403f7ba8261b6c	mean_5_11_17_23_29_33|domfull	136	0.00044642857142857147	fp32	cuda	
734f9b4744450f7bcf206b12	Q9FVE0	miss	136	136	False	1.0	62590512e196cf168b9313a2c13f54dfc7e204be0430f3123ff0c32caf5c65d4	08e4846e537177426273712802403f7ba8261b6c	mean_5_11_17_23_29_33|domfull	136	0.00044642857142857147	fp32	cuda	
bfc215549799f416907a1f70	Q9T1W0	miss	136	136	False	1.0	62c55782e72818287911efff1c1d62f58b1db508cf17afaded11caa4a4daaeec	08e4846e537177426273712802403f7ba8261b6c	mean_5_11_17_23_29_33|domfull	136	0.00044642857142857147	fp32	cuda	
8a7de05dbe03aeb657306d6a	Q9YIC2	miss	136	136	False	1.0	ae03bb4311a94d3b4d74396f428b1e2cea51ca7168119a32e937fb56b0199eb4	08e4846e537177426273712802403f7ba8261b6c	mean_5_11_17_23_29_33|domfull	136	0.00044642857142857147	fp32	cuda	
ac838d23ca7c0cd689f7bc2e	Q6BSZ8	miss	135	135	False	1.0	b2a48df884db7fb44328e50a3cb99a0215baaa90e182290633902d8af628554b	08e4846e537177426273712802403f7ba8261b6c	mean_5_11_17_23_29_33|domfull	135	0.00044642857142857147	fp32	cuda	
139502e2ca9ace9881b07189	Q8HAE6	miss	134	134	False	1.0	b6293fab822db9690e01386061bdcda8e37d0b8109f14c237d79bf63cd17fa3c	08e4846e537177426273712802403f7ba8261b6c	mean_5_11_17_23_29_33|domfull	134	0.00044642857142857147	fp32	cuda	
f2805154327168a80f4ac6a6	Q8L9S0	miss	134	134	False	1.0	a6c3544ebda2c20e6d282e88c3df4269d25de47c1273e94eed56eff6e6632cbe	08e4846e537177426273712802403f7ba8261b6c	mean_5_11_17_23_29_33|domfull	134	0.00044642857142857147	fp32	cuda	
9d8ab4b5e1a3467ee29086de	Q9GME3	miss	134	134	False	1.0	0fd3532b1248aa41a70d8c893bd1d2cd8c3f74ed9e5ce024fa91cdbad7229872	08e4846e537177426273712802403f7ba8261b6c	mean_5_11_17_23_29_33|domfull	134	0.00044642857142857147	fp32	cuda	
9391d0ef3b28446535e04afe	Q9LPJ2	miss	134	134	False	1.0	a40d299e7a3a956c1d47e87be9e907b0b57ac5996deece9fccf50958219d6542	08e4846e537177426273712802403f7ba8261b6c	mean_5_11_17_23_29_33|domfull	134	0.00044642857142857147	fp32	cuda	
710f7d1b43ca6b5ce89de23a	Q7M429	miss	133	133	False	1.0	95ebcb5bfea6e548f94cef98c2e7eca95507b16967b44fdfd630ffda9748195a	08e4846e537177426273712802403f7ba8261b6c	mean_5_11_17_23_29_33|domfull	133	0.00044642857142857147	fp32	cuda	
5e549327def80313fd804840	Q9HAA7	miss	133	133	False	1.0	bb8d5206b84ecbeaa2f3328d438f7d631b13608d173d6513f3ef337e232589f3	08e4846e537177426273712802403f7ba8261b6c	mean_5_11_17_23_29_33|domfull	133	0.00044642857142857147	fp32	cuda	
417785fa2aaaa2bbf53e4278	Q9MUT4	miss	133	133	False	1.0	6c15af40f8c9fa756f54f25b4e235e373b8a891e80fd881c9b522e2d02081804	08e4846e537177426273712802403f7ba8261b6c	mean_5_11_17_23_29_33|domfull	133	0.00044642857142857147	fp32	cuda	
49ca02ba0d6ba56eaad9242b	Q9SL05	miss	133	133	False	1.0	31977609d6e421990159a90eafb25c361919a71b6db35b939f5abead87a45bcc	08e4846e537177426273712802403f7ba8261b6c	mean_5_11_17_23_29_33|domfull	133	0.00044642857142857147	fp32	cuda	
bb3ceb73b7afd00e32bba0c6	Q9UUI9	miss	133	133	False	1.0	3e183c0b0ad181f813e656c0eb7aeb76b487d494d15b9333d33b40e093b7fe98	08e4846e537177426273712802403f7ba8261b6c	mean_5_11_17_23_29_33|domfull	133	0.00044642857142857147	fp32	cuda	
5c6ef6de27de7ac63e1a3923	Q9UX49	miss	133	133	False	1.0	844ec11de87a09f71710ffa50518a7fabcf27ca2bf63f7fb5705eda6794c7a6d	08e4846e537177426273712802403f7ba8261b6c	mean_5_11_17_23_29_33|domfull	133	0.00044642857142857147	fp32	cuda	
5ff9a5a60252d4daef01119c	P48312	miss	132	132	False	1.0	15bb154997624e36962ef77e8603cb48c3ef8c98c7b8b8c624f9b25acdf962f6	08e4846e537177426273712802403f7ba8261b6c	mean_5_11_17_23_29_33|domfull	132	0.00044642857142857147	fp32	cuda	
9c183983e3d0a014a8b0187d	Q84ZX5	miss	132	132	False	1.0	c0e154b03b729cf2961385e002251e1c6a2325cc3afa8655cad11bb101cba1a9	08e4846e537177426273712802403f7ba8261b6c	mean_5_11_17_23_29_33|domfull	132	0.00044642857142857147	fp32	cuda	
7bc3ef7894831365d1b863e6	Q92358	miss	132	132	False	1.0	d89213b35b73a5ceb5c09da36562854c28348010d4d744e7e2f803dc97da4c07	08e4846e537177426273712802403f7ba8261b6c	mean_5_11_17_23_29_33|domfull	132	0.00044642857142857147	fp32	cuda	
6fd3c2de1923b5bcd77f7e70	Q9TJN6	miss	132	132	False	1.0	d31e54f5bd703edceb12ad75168001857487db462cf67593216a96e6d554af5b	08e4846e537177426273712802403f7ba8261b6c	mean_5_11_17_23_29_33|domfull	132	0.00044642857142857147	fp32	cuda	
1373859983a497cd2cc64ad1	Q9X095	miss	132	132	False	1.0	45ed0329113a86673e7869bc32cc9a302ccae867ba22bfa1a436f269de734d8e	08e4846e537177426273712802403f7ba8261b6c	mean_5_11_17_23_29_33|domfull	132	0.00044642857142857147	fp32	cuda	
f4e77c0c133f7ac286c76718	M4C319	miss	131	131	False	1.0	841766151dd421dce482019817ae381d63046cb891f1f0768e7df6d3c54a5dab	08e4846e537177426273712802403f7ba8261b6c	mean_5_11_17_23_29_33|domfull	131	0.00044642857142857147	fp32	cuda	
94c4eb594660cabd792738f6	Q72JC0	miss	131	131	False	1.0	be4d317f4a0fa47a1740d5fb73e1cafe3711e9962e7398e62653935427868583	08e4846e537177426273712802403f7ba8261b6c	mean_5_11_17_23_29_33|domfull	131	0.00044642857142857147	fp32	cuda	
8a6d8f66a86ba30549fff0fb	Q9SRP5	miss	131	131	False	1.0	ff94a7249844613bd01ef5f08873f986b27cfd69a409a6d82ef6b182267c07f0	08e4846e537177426273712802403f7ba8261b6c	mean_5_11_17_23_29_33|domfull	131	0.00044642857142857147	fp32	cuda	
c0323e0e211234d076c8ce0b	P80870	miss	130	130	False	1.0	80b1888a25a4500cda232932f60b0772d6d346d049c8ea3796315eb13ccd83f4	08e4846e537177426273712802403f7ba8261b6c	mean_5_11_17_23_29_33|domfull	130	0.00044642857142857147	fp32	cuda	
266cd13422c38af27a0c1ba3	Q8SRE2	miss	130	130	False	1.0	7f0dbe1ee5673986d99f9a7e70d4c55207a0b5199f9b2cc22a4f7be6e524ffa6	08e4846e537177426273712802403f7ba8261b6c	mean_5_11_17_23_29_33|domfull	130	0.00044642857142857147	fp32	cuda	
2a70ef7750a3244ee467e3c9	Q97BC5	miss	130	130	False	1.0	1e30f5da8cf557343fa496bef7ec8ac3e1160e4627b0e10f082b58a8dd7caa49	08e4846e537177426273712802403f7ba8261b6c	mean_5_11_17_23_29_33|domfull	130	0.00044642857142857147	fp32	cuda	
78d14877d36a75014c22c1b9	Q9H2X8	miss	130	130	False	1.0	36b5e3a9226a4a4263985e5d680881b46974cf47db5608c0918e16313413a947	08e4846e537177426273712802403f7ba8261b6c	mean_5_11_17_23_29_33|domfull	130	0.00044642857142857147	fp32	cuda	
f580966c555de69fc966566c	Q9LXB7	miss	130	130	False	1.0	9a50b9e88a38466e5c28e78c75ecc55aa2ceb915419f1d46f652412630c3f4c5	08e4846e537177426273712802403f7ba8261b6c	mean_5_11_17_23_29_33|domfull	130	0.00044642857142857147	fp32	cuda	
3b0e0dcb02b10a420c9bfa65	Q9SH13	miss	130	130	False	1.0	0d43d9c3c198d041151cf8ab1d9eb0da9914431475239c0f6312c6d15754d3e0	08e4846e537177426273712802403f7ba8261b6c	mean_5_11_17_23_29_33|domfull	130	0.00044642857142857147	fp32	cuda	
aa20645fbe7d770b60571c7c	Q9TUH9	miss	130	130	False	1.0	736a428ddf85dbdf8e6de67ef0603b2e7c15cc2b27cb034b3230e47dd855b20b	08e4846e537177426273712802403f7ba8261b6c	mean_5_11_17_23_29_33|domfull	130	0.00044642857142857147	fp32	cuda	
0ed3e81ae82fc99d9764c06d	P27192	miss	129	129	False	1.0	7bb38bf27a64ad10c25658a83123717c5a38bd2d2fe3a91b9e1145b27543503e	08e4846e537177426273712802403f7ba8261b6c	mean_5_11_17_23_29_33|domfull	129	0.00044642857142857147	fp32	cuda	
dd3dd9f9c680b597777eef33	Q8N8V8	miss	129	129	False	1.0	de93fb32045d07d6c6af607c55f967f7a2688aceb26346a7e7b4c83e8f44385c	08e4846e537177426273712802403f7ba8261b6c	mean_5_11_17_23_29_33|domfull	129	0.00044642857142857147	fp32	cuda	
f6e539076ff3a008387ae698	Q99401	miss	129	129	False	1.0	cce784180d0503962bf20f850067f4be7c16c946aa97af82d263642cc3e845b5	08e4846e537177426273712802403f7ba8261b6c	mean_5_11_17_23_29_33|domfull	129	0.00044642857142857147	fp32	cuda	
22c1d52951a05fe75c93f069	Q9ZCY3	miss	129	129	False	1.0	ae923303eee8c8457ec64f51d5591ea32bab1c64c22c5e13f160d1ec0cd4dadb	08e4846e537177426273712802403f7ba8261b6c	mean_5_11_17_23_29_33|domfull	129	0.00044642857142857147	fp32	cuda	
b80027553bb07f43dfe96711	Q9NRC9	miss	128	128	False	1.0	15745fc75160cf749554f826b548f8bfe096a2838fd3a36f977231265678f3c7	08e4846e537177426273712802403f7ba8261b6c	mean_5_11_17_23_29_33|domfull	128	0.00044642857142857147	fp32	cuda	
550a9f5047f683a7d51389ce	Q9S7E6	miss	128	128	False	1.0	ae2c8e5839ca7f40380e7401061a83eee151d5512cd472cdf667ab38f36b502b	08e4846e537177426273712802403f7ba8261b6c	mean_5_11_17_23_29_33|domfull	128	0.00044642857142857147	fp32	cuda	
07f6233693db4340856dd865	Q9T1X1	miss	128	128	False	1.0	274ee7cbfaed2706bfdfa15c521c97d21be76913bf06e469ab8f5312d4d84c01	08e4846e537177426273712802403f7ba8261b6c	mean_5_11_17_23_29_33|domfull	128	0.00044642857142857147	fp32	cuda	
2e835a1eebbfd10c83ddbcce	Q9XSV5	miss	128	128	False	1.0	1786eb2d04f27b33d640007c7d8fd55f6c9fc96f1dabc0dca44adfad569070d8	08e4846e537177426273712802403f7ba8261b6c	mean_5_11_17_23_29_33|domfull	128	0.00044642857142857147	fp32	cuda	
a20fe385cea9839f77a5f2aa	P00138	miss	127	127	False	1.0	09b5f2d6bf72aaf3b2ccd8a5600cc43d1f48c582214a64da6319733f81bd250c	08e4846e537177426273712802403f7ba8261b6c	mean_5_11_17_23_29_33|domfull	127	0.00044642857142857147	fp32	cuda	
6cbab304ff04716495353ecc	Q6UXQ8	miss	127	127	False	1.0	e675470715b1839dc8b3fd446297e7c0abd01b771da40cafb6d2bc87cbb79e45	08e4846e537177426273712802403f7ba8261b6c	mean_5_11_17_23_29_33|domfull	127	0.00044642857142857147	fp32	cuda	
84048b631f5b09250002f29a	W2P2K7	miss	127	127	False	1.0	0627289bdcaf06f7f0341896842c34bfeddf4a3dd5b7318b0cbef0727b7b92c2	08e4846e537177426273712802403f7ba8261b6c	mean_5_11_17_23_29_33|domfull	127	0.00044642857142857147	fp32	cuda	
1e1305d62898b385ea230b95	Q8DIS6	miss	126	126	False	1.0	6fdbd5aa3277a087762cda5b68a9c8285c2fceaabc7cc7c138cb17141f25691f	08e4846e537177426273712802403f7ba8261b6c	mean_5_11_17_23_29_33|domfull	126	0.00044642857142857147	fp32	cuda	
16528519abb10ca01ab53799	Q8U308	miss	126	126	False	1.0	aa09396d77f7e7fea8eaf7642cb1af308cf719b3504ce4f4ce9d170c50a81121	08e4846e537177426273712802403f7ba8261b6c	mean_5_11_17_23_29_33|domfull	126	0.00044642857142857147	fp32	cuda	
5639e0ccc8a10f511d3d9539	Q9H354	miss	126	126	False	1.0	64b17c30152a5dd77778ecde5e7ae8d91a893839f7f6aac785ca1407f9d144de	08e4846e537177426273712802403f7ba8261b6c	mean_5_11_17_23_29_33|domfull	126	0.00044642857142857147	fp32	cuda	
e41383dafecfea833b8b26b6	O30278	miss	125	125	False	1.0	918d2533a4fcc5a2ce4fcc409f709ac77ad73bfaae1cdb9ad9431ee22bad1d14	08e4846e537177426273712802403f7ba8261b6c	mean_5_11_17_23_29_33|domfull	125	0.00044642857142857147	fp32	cuda	
8da18e40fcca53675676cbb3	Q8T2H7	miss	125	125	False	1.0	bc2ea10b783c28774622bb3d5901c62da10253fb0ac55b97b07b143f5b4940d2	08e4846e537177426273712802403f7ba8261b6c	mean_5_11_17_23_29_33|domfull	125	0.00044642857142857147	fp32	cuda	
aab34012ec5a86253a528127	Q9BRA0	miss	125	125	False	1.0	58bc4a70fb31a7ca7ce2d244f4363f04f86b9140afc98a92b0116f47aa69bfe8	08e4846e537177426273712802403f7ba8261b6c	mean_5_11_17_23_29_33|domfull	125	0.00044642857142857147	fp32	cuda	
9925c2098891aaf375f73fe0	Q9LN05	miss	125	125	False	1.0	527bead8f8817537790e29745e52269c5640c6735d2328848a06d579598b9088	08e4846e537177426273712802403f7ba8261b6c	mean_5_11_17_23_29_33|domfull	125	0.00044642857142857147	fp32	cuda	
5c765c5331f5d0a0f2fc5f80	Q9PLI1	miss	125	125	False	1.0	1cced1b2529a611bbb442b994e553af01aaa031cf8daa4e198e57d1c4079b6df	08e4846e537177426273712802403f7ba8261b6c	mean_5_11_17_23_29_33|domfull	125	0.00044642857142857147	fp32	cuda	
614dbdf521efad79e9f13194	Q9SQT9	miss	125	125	False	1.0	8727966a0aa7e429b3790ee3467c180b51b768b5f1d9c89e2c166ce9bed81c8f	08e4846e537177426273712802403f7ba8261b6c	mean_5_11_17_23_29_33|domfull	125	0.00044642857142857147	fp32	cuda	
4379562ae32047ea7afbe0af	P77816	miss	123	123	False	1.0	0f02e031673146cb8dedf43485781e4d2428faa0805f78b1c9b3ece59762ca56	08e4846e537177426273712802403f7ba8261b6c	mean_5_11_17_23_29_33|domfull	123	0.00044642857142857147	fp32	cuda	
1f00f47fc9aa3d4186488938	Q5UQP1	miss	123	123	False	1.0	2662bd75c4ca7a27e93ebe7451da62c84abad69298e75d05da24c597cb93edec	08e4846e537177426273712802403f7ba8261b6c	mean_5_11_17_23_29_33|domfull	123	0.00044642857142857147	fp32	cuda	
896ffbe05cc7906185a2c38e	Q91G50	miss	123	123	False	1.0	17867fa546a2a6e8659cace0a9e259c1fc662c1773abad9afb9eb48b4ff8f8f7	08e4846e537177426273712802403f7ba8261b6c	mean_5_11_17_23_29_33|domfull	123	0.00044642857142857147	fp32	cuda	
ebfbb9af37d6af6e789453ae	Q939T0	miss	123	123	False	1.0	3e7422aeb68cfa0dd49b8158786104f16b80a848aeb31a38f29dbc8f542167ae	08e4846e537177426273712802403f7ba8261b6c	mean_5_11_17_23_29_33|domfull	123	0.00044642857142857147	fp32	cuda	
c81777ce85c3e267f12511bd	Q9FZ89	miss	123	123	False	1.0	d807ac0255a4232f527b832728e69fad79793b73c24cfc34d17aa2050cf0b8c1	08e4846e537177426273712802403f7ba8261b6c	mean_5_11_17_23_29_33|domfull	123	0.00044642857142857147	fp32	cuda	
1fa3605dd9330c335aa8d1f0	Q9ICC1	miss	123	123	False	1.0	a0666438e386d87e138829ad593e0a02de12093b19e789d6e20670b491e83927	08e4846e537177426273712802403f7ba8261b6c	mean_5_11_17_23_29_33|domfull	123	0.00044642857142857147	fp32	cuda	
f684d1d0360c9608443dc9e0	Q9N4D8	miss	123	123	False	1.0	a15c5e51fb207b438b156a7c6ccb64c78f3ec21561646cae6cd2dd2ccd776ad7	08e4846e537177426273712802403f7ba8261b6c	mean_5_11_17_23_29_33|domfull	123	0.00044642857142857147	fp32	cuda	
b5877033cd48cb32ae813057	Q708A1	miss	122	122	False	1.0	e735986876c805214e75ad958bc0ccd08258376b5121427c98a28960dd8927d5	08e4846e537177426273712802403f7ba8261b6c	mean_5_11_17_23_29_33|domfull	122	0.00044642857142857147	fp32	cuda	
1cc3ffa20d74140f3c56d269	Q8H960	miss	122	122	False	1.0	edfffac1854c2efb55459f06785a56e3ffc40b7cb36b5fc19402ef705fc67431	08e4846e537177426273712802403f7ba8261b6c	mean_5_11_17_23_29_33|domfull	122	0.00044642857142857147	fp32	cuda	
a7148bf0af86fea22049863c	Q9JGT6	miss	122	122	False	1.0	0bcb1ba48721292cb563229581928e25ffff2fb79ba8ab808057e33018c7d02c	08e4846e537177426273712802403f7ba8261b6c	mean_5_11_17_23_29_33|domfull	122	0.00044642857142857147	fp32	cuda	
a96e313f20c0341131a61b46	Q9PQX8	miss	122	122	False	1.0	a9a9f982de8ad2909f0760f962f2c0b286ad34c3dd1a2bc2969e635d0dd4d86b	08e4846e537177426273712802403f7ba8261b6c	mean_5_11_17_23_29_33|domfull	122	0.00044642857142857147	fp32	cuda	
1e34091270c43c267c4107cc	Q9QJT5	miss	122	122	False	1.0	26c0b598f17a06af3cf8094fa3edebc9014a279374db93e2b836cedad1f28d33	08e4846e537177426273712802403f7ba8261b6c	mean_5_11_17_23_29_33|domfull	122	0.00044642857142857147	fp32	cuda	
49cabc47628430c06af92af6	Q9VVH3	miss	122	122	False	1.0	7f1838f755633a67bb050639b2860a46c74634531ecec15fec99ef633a94fca3	08e4846e537177426273712802403f7ba8261b6c	mean_5_11_17_23_29_33|domfull	122	0.00044642857142857147	fp32	cuda	
ac2e7adadcae977f47ab0bd1	P13205	miss	121	121	False	1.0	fb29e9827728f0746605a5f2fb7a3c7d41974d10c1c097bdfbabb61b51da50a4	08e4846e537177426273712802403f7ba8261b6c	mean_5_11_17_23_29_33|domfull	121	0.00044642857142857147	fp32	cuda	
d04cc1fd14d0fbe5f84c872d	Q96705	miss	121	121	False	1.0	5a6d5d2ff9e75d2b3a02154267d90479de5bbd0acd2c9b03805d2f1e144f096e	08e4846e537177426273712802403f7ba8261b6c	mean_5_11_17_23_29_33|domfull	121	0.00044642857142857147	fp32	cuda	
31d9990b18e6fb8a03926508	Q99152	miss	121	121	False	1.0	0f131c18679d9f6eda3030a27789e7ae8469662eecf2744998b97e05b77b0edb	08e4846e537177426273712802403f7ba8261b6c	mean_5_11_17_23_29_33|domfull	121	0.00044642857142857147	fp32	cuda	
fe51ddb6476354d97bbe1d16	Q9CXL7	miss	121	121	False	1.0	f2f2b953fb78fa0701f6ec3b854e04d30c598017de2cd08cdeb4efdb9379281b	08e4846e537177426273712802403f7ba8261b6c	mean_5_11_17_23_29_33|domfull	121	0.00044642857142857147	fp32	cuda	
862d9754767d0ac7a0b93d0b	Q56312	miss	120	120	False	1.0	f6a43388b67dfc434419da7ad40a614702b17d5078046af900d092f1408dc293	08e4846e537177426273712802403f7ba8261b6c	mean_5_11_17_23_29_33|domfull	120	0.00044642857142857147	fp32	cuda	
0b66515fe6f940d01a19adec	Q9D882	miss	120	120	False	1.0	8bc8f2e0ab29c6714dddc01d80bd0390fe97411b16fd8ce71f4fbb812745f3f6	08e4846e537177426273712802403f7ba8261b6c	mean_5_11_17_23_29_33|domfull	120	0.00044642857142857147	fp32	cuda	
2e6cd847a18adda5844ce910	Q9LH88	miss	120	120	False	1.0	4a359a262464e76864fcac8d7c185da0e9f9a7f29bf65f6f27d6173300b01e12	08e4846e537177426273712802403f7ba8261b6c	mean_5_11_17_23_29_33|domfull	120	0.00044642857142857147	fp32	cuda	
d4ea85d3dd06256baf77d17c	Q9LIJ4	miss	120	120	False	1.0	45d323ab19016e7b8ff974af32c618480a30cab59979c4fbe2f501d004cc4152	08e4846e537177426273712802403f7ba8261b6c	mean_5_11_17_23_29_33|domfull	120	0.00044642857142857147	fp32	cuda	
1c22115c134dfd482f0ef0e8	Q9Y703	miss	119	119	False	1.0	445221315679bb1e6463f189eeb0f7927f2905e13e4b844426c4b2df82560ad0	08e4846e537177426273712802403f7ba8261b6c	mean_5_11_17_23_29_33|domfull	119	0.00044642857142857147	fp32	cuda	
54cab8d66941522c8407fb04	A9B182	miss	118	118	False	1.0	9fa04a69155ecb9909a7c4d0301ee68875c9fe544187d3abc8f2e15721357190	08e4846e537177426273712802403f7ba8261b6c	mean_5_11_17_23_29_33|domfull	118	0.00044642857142857147	fp32	cuda	
b7db590516b9197da8d8a8b8	Q9LXR7	miss	118	118	False	1.0	50f75a73b6569871e6c024dbe9f2061d888c771257ed6fa1cebcede3b9dcd5d5	08e4846e537177426273712802403f7ba8261b6c	mean_5_11_17_23_29_33|domfull	118	0.00044642857142857147	fp32	cuda	
c1fd5195d4008db4833d23e5	Q9SW27	miss	118	118	False	1.0	27b1b4fce0493e62a89aecd3a7361cc8dc84dcf5656dd29dba77f37b1cc328c2	08e4846e537177426273712802403f7ba8261b6c	mean_5_11_17_23_29_33|domfull	118	0.00044642857142857147	fp32	cuda	
5dbbbe03edd7cd088652e955	Q9US52	miss	118	118	False	1.0	a4adffb34d6e736a3c9912bb8f01b5000b2fa87d439362915cfb2022b3b6a0b2	08e4846e537177426273712802403f7ba8261b6c	mean_5_11_17_23_29_33|domfull	118	0.00044642857142857147	fp32	cuda	
253edb2c83795e88ebeb7e06	O32723	miss	117	117	False	1.0	7084c274a29cfdd6d99c66a1d02a905935e9252a4b507caf7a015085c55c89a5	08e4846e537177426273712802403f7ba8261b6c	mean_5_11_17_23_29_33|domfull	117	0.00044642857142857147	fp32	cuda	
df4d2972ad2c9941fb5082ba	P19957	miss	117	117	False	1.0	2570041fd2bd999104a222ece5d85fdf14f619595a5b2df9b52d20ad41f8055a	08e4846e537177426273712802403f7ba8261b6c	mean_5_11_17_23_29_33|domfull	117	0.00044642857142857147	fp32	cuda	
7e7dabe3589bd783648b7bbf	P43576	miss	117	117	False	1.0	889b8d467179ff97834f2659fc83e2d3ae7574f0cee86feeacdb65be3087982c	08e4846e537177426273712802403f7ba8261b6c	mean_5_11_17_23_29_33|domfull	117	0.00044642857142857147	fp32	cuda	
44aab4e5c24717764518d45c	Q96WW3	miss	117	117	False	1.0	52eff836d35a73f0600f0772ceb79a8724b9fb82ed792cdf5f80f51e40d2dc65	08e4846e537177426273712802403f7ba8261b6c	mean_5_11_17_23_29_33|domfull	117	0.00044642857142857147	fp32	cuda	
55b63767476d67d04c55446a	Q9H1L0	miss	117	117	False	1.0	7c0e72eaf99a6c4c71cc21ebec4c40e3febade41cbc65ff96b5c7f1b2568c4cf	08e4846e537177426273712802403f7ba8261b6c	mean_5_11_17_23_29_33|domfull	117	0.00044642857142857147	fp32	cuda	
169bafe2df4521901df98396	Q9PKB2	miss	117	117	False	1.0	0de44ddd3edfd3c57e657c8147f96889819783e38e88adc341e26e02db3c0a31	08e4846e537177426273712802403f7ba8261b6c	mean_5_11_17_23_29_33|domfull	117	0.00036496350364963507	fp32	cuda	
3d884f867b98a6cf791db6d4	Q2KHY2	miss	116	116	False	1.0	a037783e0f9c95d56f7e164ed49b6d421a79a69ac6918bfc0fef864430394ac8	08e4846e537177426273712802403f7ba8261b6c	mean_5_11_17_23_29_33|domfull	116	0.00036496350364963507	fp32	cuda	
01916d1bf34e41e093a18204	Q8TR85	miss	116	116	False	1.0	9970fe8dc9b873e1381f3537dfb89b4f847e441c191e1ed79369148a143a80ea	08e4846e537177426273712802403f7ba8261b6c	mean_5_11_17_23_29_33|domfull	116	0.00036496350364963507	fp32	cuda	
0d7c85bfbb4d2292cd56d2b6	Q92G41	miss	116	116	False	1.0	23415784d379301946ea35befcd473f94ac01b1914f2dbc2dec3d1b1c19dd22f	08e4846e537177426273712802403f7ba8261b6c	mean_5_11_17_23_29_33|domfull	116	0.00036496350364963507	fp32	cuda	
cc2a05e81785447b931254b6	Q9DHF5	miss	116	116	False	1.0	d897bab0af607f9974cfddd011c3c154ff2f2a55dfdc354346c560b26215eab5	08e4846e537177426273712802403f7ba8261b6c	mean_5_11_17_23_29_33|domfull	116	0.00036496350364963507	fp32	cuda	
e798f13e422a49e3c159a9ec	Q9ZDL0	miss	116	116	False	1.0	05056384a6b50637657363fbca56d6f20e9f0e7b53f5b24bca9d75ddc6be3388	08e4846e537177426273712802403f7ba8261b6c	mean_5_11_17_23_29_33|domfull	116	0.00036496350364963507	fp32	cuda	
7c7df51715b1f5d5a27c596c	U5T8F7	miss	116	116	False	1.0	b32a911e38bb9bba55ba53685594b367a4e8f4f684877e076a3546a7d5dd573e	08e4846e537177426273712802403f7ba8261b6c	mean_5_11_17_23_29_33|domfull	116	0.00036496350364963507	fp32	cuda	
ba724707bd11f40ba8b1996c	P36275	miss	115	115	False	1.0	744bcbd34148bdc6d639a0a06d86a46895aed2f4567ef8d9e3db6be056adfb28	08e4846e537177426273712802403f7ba8261b6c	mean_5_11_17_23_29_33|domfull	115	0.00036496350364963507	fp32	cuda	
b091805dfd739c355e7d6106	Q9VAK8	miss	115	115	False	1.0	61083af361a728bb2391683ef04a54d742d6d556cac02ee18474115013ea6ec7	08e4846e537177426273712802403f7ba8261b6c	mean_5_11_17_23_29_33|domfull	115	0.00036496350364963507	fp32	cuda	
5920cc9a8df39195e357b4fa	Q9ZD02	miss	115	115	False	1.0	2e33c402e0958dbc291e9d4484746cc5b6dd29f8398f49250dd2fa1198db6463	08e4846e537177426273712802403f7ba8261b6c	mean_5_11_17_23_29_33|domfull	115	0.00036496350364963507	fp32	cuda	
a17b9cb84df5440903545eee	Q8GWS3	miss	114	114	False	1.0	fa5aa00911acbe633861e56dc9026e0fd5683ef48cd6d698adfe9b03a4162772	08e4846e537177426273712802403f7ba8261b6c	mean_5_11_17_23_29_33|domfull	114	0.00036496350364963507	fp32	cuda	
b10c1bfc7a29c35d5044ae5c	Q8SVR6	miss	114	114	False	1.0	7f1e64d0bde98c4e349fd6fcfb1893b0338f427acde017153005fe7f3149052f	08e4846e537177426273712802403f7ba8261b6c	mean_5_11_17_23_29_33|domfull	114	0.00036496350364963507	fp32	cuda	
5fc88a1da0a9d0ab02385404	O48411	miss	113	113	False	1.0	a3f06e8708c212a9a4da44b790a01c434cf59ffbd8429a2d8366969059574014	08e4846e537177426273712802403f7ba8261b6c	mean_5_11_17_23_29_33|domfull	113	0.00036496350364963507	fp32	cuda	
bbff4b6f8d918ee4eae48eb2	Q925X3	miss	113	113	False	1.0	6d357180dde98b41ff405c550254ef939616ad1027a70bb5e403702fc8be6622	08e4846e537177426273712802403f7ba8261b6c	mean_5_11_17_23_29_33|domfull	113	0.00036496350364963507	fp32	cuda	
5ffd231dd2ecbc14f3649b4f	Q99345	miss	113	113	False	1.0	549429b1753621133936c487996b8318a9900c01e0970030e0d3c725642efd13	08e4846e537177426273712802403f7ba8261b6c	mean_5_11_17_23_29_33|domfull	113	0.00036496350364963507	fp32	cuda	
17c85e894ad62a816536ae8f	Q9J548	miss	113	113	False	1.0	d6513ae66ccd275fd6037d8e7a1bf841c2e666b91507718d675f2e2fd2ac84b0	08e4846e537177426273712802403f7ba8261b6c	mean_5_11_17_23_29_33|domfull	113	0.00036496350364963507	fp32	cuda	
d74f074308f2237eaa46f1e9	Q9PMJ7	miss	113	113	False	1.0	fbf5654faddf53fd88baa41ce61033624964475ac443f99ab8b3f3c1dbb1fe2c	08e4846e537177426273712802403f7ba8261b6c	mean_5_11_17_23_29_33|domfull	113	0.00036496350364963507	fp32	cuda	
68a09d6ab865ab7cc328c715	Q9RCT3	miss	113	113	False	1.0	e56690ad24fdc6dd2afe63a5c30c9a905e79f0ef18fb27fd1fa2d1aa2b0351a6	08e4846e537177426273712802403f7ba8261b6c	mean_5_11_17_23_29_33|domfull	113	0.00036496350364963507	fp32	cuda	
4dc2b14a12cd73c395f4d764	P02783	miss	112	112	False	1.0	8bc7bdee01509835c8b7a25995bcaae4429cebd8599a27bdd06dfc4e16f8813f	08e4846e537177426273712802403f7ba8261b6c	mean_5_11_17_23_29_33|domfull	112	0.00036496350364963507	fp32	cuda	
d71c9e187c8d66069efd0541	Q7CPZ3	miss	112	112	False	1.0	19ecf315e52fc437c2cbf83ccc982610958d0471f023e0db12a1af898212213d	08e4846e537177426273712802403f7ba8261b6c	mean_5_11_17_23_29_33|domfull	112	0.00036496350364963507	fp32	cuda	
d54a7f9841fdd628c1bbd71e	Q9C0X3	miss	111	111	False	1.0	0a98f8f97dd16cd87dff8b9f439d50d79864a0659257f771f29c68fab125809a	08e4846e537177426273712802403f7ba8261b6c	mean_5_11_17_23_29_33|domfull	111	0.00036496350364963507	fp32	cuda	
54d16188524203397ce795b9	Q9HHS8	miss	111	111	False	1.0	dcbfb12b2a4c5887d975f62a4124ae323c3bff19a49bd2cbd579a1820722a980	08e4846e537177426273712802403f7ba8261b6c	mean_5_11_17_23_29_33|domfull	111	0.00036496350364963507	fp32	cuda	
a851f882259fe85b6f4b229e	Q9RMW9	miss	111	111	False	1.0	3183e19b8e7dfa5a0ac5d635119a0642292e306c33963527228107b2ec3b7956	08e4846e537177426273712802403f7ba8261b6c	mean_5_11_17_23_29_33|domfull	111	0.00036496350364963507	fp32	cuda	
34490f1264a0adb973d258d4	P0AES9	miss	110	110	False	1.0	b46ef43d005607aaecb829b1c25c66de89d9849750d7cb4290c91b7949db45cc	08e4846e537177426273712802403f7ba8261b6c	mean_5_11_17_23_29_33|domfull	110	0.00036496350364963507	fp32	cuda	
94f37b63730a0c7753f541b0	Q9LD79	miss	110	110	False	1.0	29a0d5c242f8815de64300cd5c57e52ea1eb859ffad9b96e034f13aa38c6d7ad	08e4846e537177426273712802403f7ba8261b6c	mean_5_11_17_23_29_33|domfull	110	0.00036496350364963507	fp32	cuda	
5eba9c36044651087a535862	Q9U5P2	miss	110	110	False	1.0	e8f237f00f0827b4d7e32510a0eb591b9b1502936391301360b1f75aa8e1f647	08e4846e537177426273712802403f7ba8261b6c	mean_5_11_17_23_29_33|domfull	110	0.00036496350364963507	fp32	cuda	
852062e9e05ef6b8e1c4049c	U9W8F2	miss	110	110	False	1.0	e4faf3e83d092fa407d6fd3f7ed3e59080e08aaf5ea9d6a10a0d24c22f6aa9dd	08e4846e537177426273712802403f7ba8261b6c	mean_5_11_17_23_29_33|domfull	110	0.00036496350364963507	fp32	cuda	
7cde7681d03046ce06e9636e	O31972	miss	109	109	False	1.0	d37e18f43b81fa32f6e369beeb1bff5aa3133f39c764c98534a875c03efb6d1d	08e4846e537177426273712802403f7ba8261b6c	mean_5_11_17_23_29_33|domfull	109	0.00036496350364963507	fp32	cuda	
b5598d3a2a3276a65204769a	P40205	miss	109	109	False	1.0	2d3e15c391f10730ed3fc136e2482ec977c43dfef24348873bd740d3e3d28861	08e4846e537177426273712802403f7ba8261b6c	mean_5_11_17_23_29_33|domfull	109	0.00036496350364963507	fp32	cuda	
d49fbbd1fcc343c0901cb511	Q89863	miss	109	109	False	1.0	0eea7fe6550da7b41d0ad3066ceb842e181e7e92b1de6c13ca090a346f78fd39	08e4846e537177426273712802403f7ba8261b6c	mean_5_11_17_23_29_33|domfull	109	0.00036496350364963507	fp32	cuda	
a4b746d0a7c45fce216563fb	Q9D6B9	miss	109	109	False	1.0	d30afed7c359266e71c274b97ab5cf74cac6e25a62a789f9f57637cc2827e4b9	08e4846e537177426273712802403f7ba8261b6c	mean_5_11_17_23_29_33|domfull	109	0.00036496350364963507	fp32	cuda	
452578fdde04942121fe18b5	Q9I9N0	miss	109	109	False	1.0	004b32a5a62ceb7a6f5f8acc88a17d64db22bff74f20b7bbe45b5bf68694309e	08e4846e537177426273712802403f7ba8261b6c	mean_5_11_17_23_29_33|domfull	109	0.00036496350364963507	fp32	cuda	
0c0cc6298c01279abdb365ef	Q9RN01	miss	109	109	False	1.0	6ecdcb5f9e36b3e92c161820b0688d41357d7bd7993fb63c010299d8cf65fc8f	08e4846e537177426273712802403f7ba8261b6c	mean_5_11_17_23_29_33|domfull	109	0.00036496350364963507	fp32	cuda	
ad6c6ef19e0b03bc11622c15	Q9XDM1	miss	109	109	False	1.0	d23d2b6cb110877f93b65b856f583ae0c397647eb8af9363dddc5dbd8b9d4af0	08e4846e537177426273712802403f7ba8261b6c	mean_5_11_17_23_29_33|domfull	109	0.00036496350364963507	fp32	cuda	
e8c6f7b4cc095c7329c910d1	Q9ZZW2	miss	109	109	False	1.0	8dc9ae6c24da3c5bd9460ed344f929f193ea17cf391c0c0a1b81b5a7954e7452	08e4846e537177426273712802403f7ba8261b6c	mean_5_11_17_23_29_33|domfull	109	0.00036496350364963507	fp32	cuda	
40e530f4f77157fec93c2e92	P08245	miss	108	108	False	1.0	6296351b9ad2542e4e95475dff1250dd92a3f9ce3dd4384a07e93e16e0ca4fa0	08e4846e537177426273712802403f7ba8261b6c	mean_5_11_17_23_29_33|domfull	108	0.00036496350364963507	fp32	cuda	
2f24ad3382552eb714ad1720	Q8N535	miss	108	108	False	1.0	61f850aeb4628ac85ff351bf8afc0bf09c2658f94cc44f7abe9a1654c41077a4	08e4846e537177426273712802403f7ba8261b6c	mean_5_11_17_23_29_33|domfull	108	0.00036496350364963507	fp32	cuda	
8957533a705b04c0240f792e	Q9P6M5	miss	108	108	False	1.0	c66492b3d8636b66835b0b5a360f61d78abd171d4112d05e54d2266a2d39237b	08e4846e537177426273712802403f7ba8261b6c	mean_5_11_17_23_29_33|domfull	108	0.00036496350364963507	fp32	cuda	
11c53ca85707dd42ce9f4bbd	P03045	miss	107	107	False	1.0	c68ee665a59e994a5e68489c41aa75225896f2e98ce8533a3c933f7b8309c5ee	08e4846e537177426273712802403f7ba8261b6c	mean_5_11_17_23_29_33|domfull	107	0.00036496350364963507	fp32	cuda	
39b5a94ead4cfaac1732e773	P71346	miss	107	107	False	1.0	7036c6d3730697f3d5b4edbd2156c6312fb12af7016a387ca4d44c05f619bd73	08e4846e537177426273712802403f7ba8261b6c	mean_5_11_17_23_29_33|domfull	107	0.00036496350364963507	fp32	cuda	
fda1a7b2b93f5ffe0f020df9	Q12489	miss	107	107	False	1.0	9cd3e7378b0b8d46d68052fdac4b7f1fcfafdcb353a736690820d443e47ed4c6	08e4846e537177426273712802403f7ba8261b6c	mean_5_11_17_23_29_33|domfull	107	0.00036496350364963507	fp32	cuda	
8ee8872a532e2812de93be35	Q91499	miss	107	107	False	1.0	5bae09c1dd3956e9498e0d681d9a8b5732adc9bf1333b7465de2df506677a01a	08e4846e537177426273712802403f7ba8261b6c	mean_5_11_17_23_29_33|domfull	107	0.00036496350364963507	fp32	cuda	
b83c5371926e5ee61ba32f6b	Q98HD8	miss	107	107	False	1.0	915b86bd47eaf5fa1edef57c4681a1e4b9a64b9efc8a3a00924ee30f445c6af6	08e4846e537177426273712802403f7ba8261b6c	mean_5_11_17_23_29_33|domfull	107	0.00036496350364963507	fp32	cuda	
41e9438ba22c08396dc56342	Q9CWP8	miss	107	107	False	1.0	b05aa7311b45c338e7af56e04a5f156d4ac8e6e425b6473dbbe45c444d6a887c	08e4846e537177426273712802403f7ba8261b6c	mean_5_11_17_23_29_33|domfull	107	0.00036496350364963507	fp32	cuda	
2d1c4aa42d5ca565811fb49f	Q9GT00	miss	107	107	False	1.0	232818b7866c23929907e163399ce212e75620c9e32d3d3a3933c464cec3f2c2	08e4846e537177426273712802403f7ba8261b6c	mean_5_11_17_23_29_33|domfull	107	0.00036496350364963507	fp32	cuda	
924585fafb8fef9136148983	Q9QXP3	miss	107	107	False	1.0	29d69ea53c8db6bcf63bc66c847b9b7b02bd796501706a5728e0a4bcf3b5b226	08e4846e537177426273712802403f7ba8261b6c	mean_5_11_17_23_29_33|domfull	107	0.00036496350364963507	fp32	cuda	
25fb1244bf0f089cc3857593	Q9VE04	miss	107	107	False	1.0	da13f333df99833e8e86caa6bed5c4cbabcb9293ad996bae6ac0103a33aa93e6	08e4846e537177426273712802403f7ba8261b6c	mean_5_11_17_23_29_33|domfull	107	0.00036496350364963507	fp32	cuda	
88227621df391031686b3f04	Q9Y813	miss	107	107	False	1.0	d68c5253bfb54bc4fe6d46c7cb80fae00d28a38e0106e2fdd36f121c74380861	08e4846e537177426273712802403f7ba8261b6c	mean_5_11_17_23_29_33|domfull	107	0.00036496350364963507	fp32	cuda	
1c51b1a3f5ed3d8139983301	Q5E969	miss	106	106	False	1.0	6b48b524481c717e606ff43b41e5d4b1012cad50467d7b294a52e89d91787f5e	08e4846e537177426273712802403f7ba8261b6c	mean_5_11_17_23_29_33|domfull	106	0.00036496350364963507	fp32	cuda	
dc4d256f080d14916c96e584	Q9KPG0	miss	106	106	False	1.0	000f8ed2761f0cb0588679fae7bb836fe4f903198334ebb9c3af7521a30c0c5a	08e4846e537177426273712802403f7ba8261b6c	mean_5_11_17_23_29_33|domfull	106	0.00036496350364963507	fp32	cuda	
cab82094d85a6b50f70511ab	Q9P7K6	miss	106	106	False	1.0	7c3dabc627b7fc138c69e9980eae0949227dd3f0e6fce570c1afcb87b49014db	08e4846e537177426273712802403f7ba8261b6c	mean_5_11_17_23_29_33|domfull	106	0.00036496350364963507	fp32	cuda	
f4c5a8593587d18364a0fc5a	A0A0H2ZJC1	miss	105	105	False	1.0	20c0a44390e0545ff73d3ab6802495e94a6b508d35119721bd7031b89acbede6	08e4846e537177426273712802403f7ba8261b6c	mean_5_11_17_23_29_33|domfull	105	0.00036496350364963507	fp32	cuda	
a171e016080164379c4f7128	Q8QL49	miss	105	105	False	1.0	b93965aba2af70c3fac6c03159d61228e9291a07549abe584332149812a04d32	08e4846e537177426273712802403f7ba8261b6c	mean_5_11_17_23_29_33|domfull	105	0.00036496350364963507	fp32	cuda	
d46f962822ec42fb5d7ff082	Q9BYP8	miss	105	105	False	1.0	73815451bc0c53ede7959db094c9011becb5d1c7455faa3837172a1d8b54a3f8	08e4846e537177426273712802403f7ba8261b6c	mean_5_11_17_23_29_33|domfull	105	0.00036496350364963507	fp32	cuda	
1a6d77b64a5e713c8e30b4f2	Q9EWW3	miss	105	105	False	1.0	26db901867b3bb404be82e126e0199f7930a029472917ca8f9c524a57ad4d01b	08e4846e537177426273712802403f7ba8261b6c	mean_5_11_17_23_29_33|domfull	105	0.00036496350364963507	fp32	cuda	
7706360f4e754c2e822a5724	Q9ZCI4	miss	105	105	False	1.0	60bbe2f0b10a074b01fa5cedc18dd43a31b07d8c2dfbbb24abd0f972aefdb372	08e4846e537177426273712802403f7ba8261b6c	mean_5_11_17_23_29_33|domfull	105	0.00036496350364963507	fp32	cuda	
cdf7662d8df90b2643566238	B8YB65	miss	104	104	False	1.0	4fa7a492546131804aba0839a4ec8010fdf4ddf1c4decbe4c9b4a84c9fcfd345	08e4846e537177426273712802403f7ba8261b6c	mean_5_11_17_23_29_33|domfull	104	0.00036496350364963507	fp32	cuda	
a28afb8260be4157ec0e9759	Q92374	miss	104	104	False	1.0	842172dd0aedbcb05790a84998f4e124f8856dbfdcd04b01fb14eda2de439a7d	08e4846e537177426273712802403f7ba8261b6c	mean_5_11_17_23_29_33|domfull	104	0.00036496350364963507	fp32	cuda	
3632ff27b75dcc23ef0f76c1	Q9C109	miss	104	104	False	1.0	2a93f7eeed6fc78ebdaf3f22ed0f8dc77e484cd3c946c0e0874612430834c7d3	08e4846e537177426273712802403f7ba8261b6c	mean_5_11_17_23_29_33|domfull	104	0.00036496350364963507	fp32	cuda	
08bcd124cf9a398d24e7163b	Q9J818	miss	104	104	False	1.0	d1abc8f584e731a11f69209b9b98ed04f9206c39bd9d9a037e01a6f8057f9537	08e4846e537177426273712802403f7ba8261b6c	mean_5_11_17_23_29_33|domfull	104	0.00036496350364963507	fp32	cuda	
09f044ec48da384c18dd70c0	Q9KMA5	miss	104	104	False	1.0	c37e7b953bb4e881dd389fa93ade98dfe4393092b635e470b36e5e23533d31fc	08e4846e537177426273712802403f7ba8261b6c	mean_5_11_17_23_29_33|domfull	104	0.00036496350364963507	fp32	cuda	
2b0f92f53b4fd464c075074d	P26143	miss	103	103	False	1.0	64f7fd564c2de7bf639c254628f79925079126e854676dde26d47a285a0b4324	08e4846e537177426273712802403f7ba8261b6c	mean_5_11_17_23_29_33|domfull	103	0.00036496350364963507	fp32	cuda	
8398597887270de7dfb28d40	Q5M840	miss	103	103	False	1.0	a9b07469c3cab99bd181cb6eb6f3674cfb6be624f0396cf714398ce1ec54a687	08e4846e537177426273712802403f7ba8261b6c	mean_5_11_17_23_29_33|domfull	103	0.00036496350364963507	fp32	cuda	
0335c1bc14d04350e8e5b7ca	Q8SQP4	miss	103	103	False	1.0	86e00c7d6a2e089202a79c82cc99c7f9d3ed9b3e2e412e779da7051faa2510c7	08e4846e537177426273712802403f7ba8261b6c	mean_5_11_17_23_29_33|domfull	103	0.00036496350364963507	fp32	cuda	
84903f3f53d89ca2de03047e	Q9WTW2	miss	103	103	False	1.0	cc1eac9bd788a892ea67e1b4eca021c912422235153c8a83c722cdacb9040bb9	08e4846e537177426273712802403f7ba8261b6c	mean_5_11_17_23_29_33|domfull	103	0.00036496350364963507	fp32	cuda	
2dd686976e3e94401c5568e1	Q9Y5J6	miss	103	103	False	1.0	63d5eeeb446693591bbb2dcf20b88c98168c05f29c7da37abdb1abe9ba294843	08e4846e537177426273712802403f7ba8261b6c	mean_5_11_17_23_29_33|domfull	103	0.00036496350364963507	fp32	cuda	
733d1e40b7bb5409cc1ab170	Q9Y914	miss	103	103	False	1.0	26d2aa0307c49c8a6e6da19cbb9e737f135ef316c206963fcfd9161f91316fee	08e4846e537177426273712802403f7ba8261b6c	mean_5_11_17_23_29_33|domfull	103	0.00036496350364963507	fp32	cuda	
4e5b7f6e58fd3f40bb3b2713	O57686	miss	102	102	False	1.0	0e3ff7948fcd3331f768c613320cab6c262db7701f7b07a53750807935008622	08e4846e537177426273712802403f7ba8261b6c	mean_5_11_17_23_29_33|domfull	102	0.00036496350364963507	fp32	cuda	
6e465fe1911877686280a70f	O60829	miss	102	102	False	1.0	bbe9ca601dc14793c4f64563c5fdec0515a6bf4cb0473ba4fedd9c9795e4b2ae	08e4846e537177426273712802403f7ba8261b6c	mean_5_11_17_23_29_33|domfull	102	0.00036496350364963507	fp32	cuda	
adc117398cf43326415783fd	P09647	miss	102	102	False	1.0	e7320231940c9c5ac0926d0d7fdb859ba9fa84d59f09aed71fa85bc17f4d251d	08e4846e537177426273712802403f7ba8261b6c	mean_5_11_17_23_29_33|domfull	102	0.00036496350364963507	fp32	cuda	
0967683bc0d1b60fd5309c91	P0C1L4	miss	102	102	False	1.0	7d54cedf3d02381b12642abcd359c8bd9aaa84fad177aed0e2413bcaef0103e8	08e4846e537177426273712802403f7ba8261b6c	mean_5_11_17_23_29_33|domfull	102	0.00036496350364963507	fp32	cuda	
52bad4301b65c1aead99855a	Q55819	miss	102	102	False	1.0	e1baaf4449a68bd30bb0a5eaddd67c792e3a6a1d0e856c39bf7a3ddb237eebe8	08e4846e537177426273712802403f7ba8261b6c	mean_5_11_17_23_29_33|domfull	102	0.00036496350364963507	fp32	cuda	
adfb3810115af6b908e5bafe	Q8TQQ5	miss	102	102	False	1.0	9e9018176272567c008014a08bf7f194e958368b48e7fd058382ff9f2d0c5b53	08e4846e537177426273712802403f7ba8261b6c	mean_5_11_17_23_29_33|domfull	102	0.00036496350364963507	fp32	cuda	
d5eb70c533b75addb5ff6c84	Q94DM8	miss	102	102	False	1.0	8538f3183d9c8baf874253ecfde084fa21cd092e05a13b00c531a716ed7ce7f9	08e4846e537177426273712802403f7ba8261b6c	mean_5_11_17_23_29_33|domfull	102	0.00036496350364963507	fp32	cuda	
04d29e4fd63e6ecdad412c34	Q9SV72	miss	102	102	False	1.0	829d93b45aa9503d61a024316709a821c90c12bc986d8e19b699996f7edb5152	08e4846e537177426273712802403f7ba8261b6c	mean_5_11_17_23_29_33|domfull	102	0.00036496350364963507	fp32	cuda	
f1198f4a5435534f277712a8	Q9XJS1	miss	101	101	False	1.0	42d342799bde211de261389396339487313b6a2afd2b2ece6bb9b4a73d9104dd	08e4846e537177426273712802403f7ba8261b6c	mean_5_11_17_23_29_33|domfull	101	0.00036496350364963507	fp32	cuda	
b2baa726dd1f98fc6067505e	Q9YUD2	miss	101	101	False	1.0	ca1e674851e70ead0784d00a2deb7b89a1b134b1fb075f2757567b587745c273	08e4846e537177426273712802403f7ba8261b6c	mean_5_11_17_23_29_33|domfull	101	0.00036496350364963507	fp32	cuda	
d0ddc54607ee59b7e2204644	Q9C0X0	miss	100	100	False	1.0	18bb1f6df02a0191a81b7aa6bbaab5b85c7670ab43d49589439dd052bf4ae3ad	08e4846e537177426273712802403f7ba8261b6c	mean_5_11_17_23_29_33|domfull	100	0.00036496350364963507	fp32	cuda	
fdf51665b7c3fd289d759157	Q9T1P6	miss	100	100	False	1.0	bd99856c60b3feb0dd65b4650fa831b15e3f97d5e4eeadc64bfdf2b03c1dbb09	08e4846e537177426273712802403f7ba8261b6c	mean_5_11_17_23_29_33|domfull	100	0.00036496350364963507	fp32	cuda	
f75d84941e785d524fbc3442	Q9YDH4	miss	100	100	False	1.0	25352310d9a0361ab3a0b46176496cdedbd92586d0ea677c8e7726cd7e451f37	08e4846e537177426273712802403f7ba8261b6c	mean_5_11_17_23_29_33|domfull	100	0.00036496350364963507	fp32	cuda	
9b87de4fc75c5e67273510d8	Q8TGK0	miss	99	99	False	1.0	c089f0ee20943b1f1ad2b5a3498d5a0558e53f13363aa95b433c65845f8ce80a	08e4846e537177426273712802403f7ba8261b6c	mean_5_11_17_23_29_33|domfull	99	0.00036496350364963507	fp32	cuda	
1d03dcb588d59af7b9915501	Q8TGK1	miss	99	99	False	1.0	16cebe0d549cb011b310d072b6ead3fea5bd86a3400a07c6b5669ef10e4f7d9c	08e4846e537177426273712802403f7ba8261b6c	mean_5_11_17_23_29_33|domfull	99	0.00036496350364963507	fp32	cuda	
ba6e68d948e015b82f612fde	Q91EK2	miss	99	99	False	1.0	202f02a7da658951008b0f0cde25538295a5bd087f3f427d68e4aef611046dfd	08e4846e537177426273712802403f7ba8261b6c	mean_5_11_17_23_29_33|domfull	99	0.00036496350364963507	fp32	cuda	
2b41bb95500b7b32387adfd1	Q9NRJ1	miss	99	99	False	1.0	5d3ecafbd9ebe25351af03a3ccbbe72b9f24d753d76c84ad743ec3c25f3712c0	08e4846e537177426273712802403f7ba8261b6c	mean_5_11_17_23_29_33|domfull	99	0.00036496350364963507	fp32	cuda	
37bc8ed60c44a5eced0cc9bd	Q9WUQ5	miss	99	99	False	1.0	94dd67f29fe8983792d08febf708a8184319de3ecb6b03ab349701423b211182	08e4846e537177426273712802403f7ba8261b6c	mean_5_11_17_23_29_33|domfull	99	0.00036496350364963507	fp32	cuda	
83612ec79377e31540c0e5cf	A0A7S8RGC8	miss	98	98	False	1.0	2b3ac12d0485a0234a1ab71c32816a8029cfeef88689ac1087e2f6a1a20d10bf	08e4846e537177426273712802403f7ba8261b6c	mean_5_11_17_23_29_33|domfull	98	0.00036496350364963507	fp32	cuda	
f535826d2d73929127e01c54	A6X978	miss	98	98	False	1.0	61e7a925093bebf71628169306984dd94f390ef12e8ceaf224b7ee45f379e4af	08e4846e537177426273712802403f7ba8261b6c	mean_5_11_17_23_29_33|domfull	98	0.00036496350364963507	fp32	cuda	
40263c76f2c73dc7a2dcf0c5	P21612	miss	98	98	False	1.0	9ea0992e7daa3183e1a24b89b9ae7b636abc77e2da1fce661b86422a154ff923	08e4846e537177426273712802403f7ba8261b6c	mean_5_11_17_23_29_33|domfull	98	0.00036496350364963507	fp32	cuda	
053ead229bce75dc36e64277	P59636	miss	98	98	False	1.0	030231a16583a1e669078c6af52ecb2be91eb50ac13028e37e6e403117d4af0a	08e4846e537177426273712802403f7ba8261b6c	mean_5_11_17_23_29_33|domfull	98	0.00036496350364963507	fp32	cuda	
76b99458e8c11bf7bfd23454	Q9SLJ2	miss	98	98	False	1.0	e51f147c20120b65426259dd3f603ce88a4075daddca2fbec08419b488b1aacf	08e4846e537177426273712802403f7ba8261b6c	mean_5_11_17_23_29_33|domfull	98	0.00036496350364963507	fp32	cuda	
f2417acd153aaf428dbd42b8	Q9T1S8	miss	98	98	False	1.0	27999a93c956aa5bc430bcc2b3f5ed1a474a945799a5977b3e439ab9a5c9383b	08e4846e537177426273712802403f7ba8261b6c	mean_5_11_17_23_29_33|domfull	98	0.00036496350364963507	fp32	cuda	
6b6fa624e0a7037eeb0d96f1	Q9U1X4	miss	98	98	False	1.0	67494da94560a1a4d5e2df56697164e12b500e20b1b07267c14777b681f75ae0	08e4846e537177426273712802403f7ba8261b6c	mean_5_11_17_23_29_33|domfull	98	0.00036496350364963507	fp32	cuda	
063038a033f059994ee64f93	Q39644	miss	97	97	False	1.0	b6e2d57e7e2706372a68d54514caef8764422a4e9a2f7d64997c029e476797ac	08e4846e537177426273712802403f7ba8261b6c	mean_5_11_17_23_29_33|domfull	97	0.00036496350364963507	fp32	cuda	
d9bcb79cf686dc89a4c50802	Q9IG41	miss	97	97	False	1.0	44e1131525e31e938f77ffd5d9d9a46483fe4ddc429b5b654a59c8b73e937e44	08e4846e537177426273712802403f7ba8261b6c	mean_5_11_17_23_29_33|domfull	97	0.00036496350364963507	fp32	cuda	
e82a136422185438410519a4	Q9P3U9	miss	97	97	False	1.0	09d80eef34a22fa3041f272e757d773f734a0fe89a079d73f7da26fea8773b6d	08e4846e537177426273712802403f7ba8261b6c	mean_5_11_17_23_29_33|domfull	97	0.00036496350364963507	fp32	cuda	
62dcca4c93f185788e25a3f3	A2IAD2	miss	96	96	False	1.0	3b6230a06d8e1f33c941b00857ae064d49d1c55cde3950a2e4f8e4af50d9d097	08e4846e537177426273712802403f7ba8261b6c	mean_5_11_17_23_29_33|domfull	96	0.00036496350364963507	fp32	cuda	
0470deb60206a1f28cfa7625	Q914K1	miss	96	96	False	1.0	64d43e7ece53cd7bc2c81120689ce3d830a7101352b17132d872ffd020f72ec0	08e4846e537177426273712802403f7ba8261b6c	mean_5_11_17_23_29_33|domfull	96	0.00036496350364963507	fp32	cuda	
1f2427ab0ca407668487e6e9	Q93364	miss	96	96	False	1.0	a2a28957bb255460ede9a39dfc565565528ae53f1a597ca3e41beceafa45621e	08e4846e537177426273712802403f7ba8261b6c	mean_5_11_17_23_29_33|domfull	96	0.00036496350364963507	fp32	cuda	
5359b765021ba71de8dfbb3f	Q9CD33	miss	96	96	False	1.0	63479b7886bdca2d385868d9618fa16d96ee55ebdd2702531c19067fdbc25f2b	08e4846e537177426273712802403f7ba8261b6c	mean_5_11_17_23_29_33|domfull	96	0.00036496350364963507	fp32	cuda	
5cee92500fd70ac5a0caabdb	Q9XF04	miss	96	96	False	1.0	284b81a6aeb226b363b78f5834dea0f372fdcc543ff81c9c7b6454cebe8f15d6	08e4846e537177426273712802403f7ba8261b6c	mean_5_11_17_23_29_33|domfull	96	0.00036496350364963507	fp32	cuda	
6126954b32b0bed2c482afde	P03163	miss	95	95	False	1.0	468b45371b6a7d955f872f1202744cedadcf2a71ec76ff3de2fabb9ed3671da3	08e4846e537177426273712802403f7ba8261b6c	mean_5_11_17_23_29_33|domfull	95	0.00036496350364963507	fp32	cuda	
4673612828a26f6429ea3918	Q8LBN7	miss	95	95	False	1.0	dc112e31245969ea648be78cbff668c083159a4432a2f96ffcf2f248ed95b880	08e4846e537177426273712802403f7ba8261b6c	mean_5_11_17_23_29_33|domfull	95	0.00036496350364963507	fp32	cuda	
22a9db7201a7b050e51eee2a	Q8PK18	miss	95	95	False	1.0	6d8a0ad62a16ae899dc676ccca2f63f4be3c080f7cc68f12a717f4915f29185e	08e4846e537177426273712802403f7ba8261b6c	mean_5_11_17_23_29_33|domfull	95	0.00036496350364963507	fp32	cuda	
31545c3f8755362b1506e76e	Q92346	miss	95	95	False	1.0	0b98e9a2f63729e545c8ac83886e7ea769a04751f6a0c2ecb57bee00e4eb495a	08e4846e537177426273712802403f7ba8261b6c	mean_5_11_17_23_29_33|domfull	95	0.00036496350364963507	fp32	cuda	
3e57e579c15587992ad830f0	Q9A9D4	miss	95	95	False	1.0	779e0bac11f06e71cc4117df7f8928191fd02beca19040e90a763a2cfc48570c	08e4846e537177426273712802403f7ba8261b6c	mean_5_11_17_23_29_33|domfull	95	0.00036496350364963507	fp32	cuda	
7ca1eb1b07b6c223e8ceb4a9	Q9EXD8	miss	95	95	False	1.0	4ffb3298b571215c908bb9033b41f89a72a31be58715f00a27acd0359cdaacb8	08e4846e537177426273712802403f7ba8261b6c	mean_5_11_17_23_29_33|domfull	95	0.00036496350364963507	fp32	cuda	
c723a214525a546a9a5c4df6	Q9I701	miss	95	95	False	1.0	a6a88847b238a5dcf6ba3d505212b39382a96a28463fe5a5394c6be4c939a197	08e4846e537177426273712802403f7ba8261b6c	mean_5_11_17_23_29_33|domfull	95	0.00036496350364963507	fp32	cuda	
f5b76cb06b09e33da4178080	Q9JMS2	miss	95	95	False	1.0	44a539c59ba983f37eb6bed5fc18328426498f2628facb3686ffb4656b3a0599	08e4846e537177426273712802403f7ba8261b6c	mean_5_11_17_23_29_33|domfull	95	0.00036496350364963507	fp32	cuda	
4fab5306bd23905ed9f664ad	Q9PRE1	miss	95	95	False	1.0	58c2ffb543a93e96e3da871e80aca297e9d0c2613a19424453d8127f7cc6053a	08e4846e537177426273712802403f7ba8261b6c	mean_5_11_17_23_29_33|domfull	95	0.00036496350364963507	fp32	cuda	
0c4ee0e56a5ba481561bad1a	Q9RN28	miss	95	95	False	1.0	edf87f382f48f492fb2900f46116d194c91b8c86a5e3cafb59796854ed7b3288	08e4846e537177426273712802403f7ba8261b6c	mean_5_11_17_23_29_33|domfull	95	0.00036496350364963507	fp32	cuda	
32b74b8e1dd0787884e4c18a	W1QB31	miss	95	95	False	1.0	57ce087464020ea44ecf4e1e3caba643008e99143a79718cd82ad3a87fc12015	08e4846e537177426273712802403f7ba8261b6c	mean_5_11_17_23_29_33|domfull	95	0.00036496350364963507	fp32	cuda	
fd3c7d3b8d422d5d30f3b3db	P37188	miss	94	94	False	1.0	510b5fbe057ba3f7da44dede3dd0c5e345461106eda539d20a39349c218130cb	08e4846e537177426273712802403f7ba8261b6c	mean_5_11_17_23_29_33|domfull	94	0.00036496350364963507	fp32	cuda	
03b167e46893109f7c6d318b	Q8ZE65	miss	94	94	False	1.0	8eae64b6ed916a83482078141c070b3ccc959b93671049e4dd44bf1ac56db629	08e4846e537177426273712802403f7ba8261b6c	mean_5_11_17_23_29_33|domfull	94	0.00036496350364963507	fp32	cuda	
c326e1c64facca0205af6248	Q9I740	miss	94	94	False	1.0	61126b44df719168d12a8e8ae54475be9c7b2e6a1f85f036a9088c3e0a639a6b	08e4846e537177426273712802403f7ba8261b6c	mean_5_11_17_23_29_33|domfull	94	0.00036496350364963507	fp32	cuda	
08160e8ec6319950074bb013	Q91FF6	miss	93	93	False	1.0	5c6c69e70523141023e36df2a19319ecd316067f791ba288493af25277850d55	08e4846e537177426273712802403f7ba8261b6c	mean_5_11_17_23_29_33|domfull	93	0.00036496350364963507	fp32	cuda	
45355f129d9ec12d90f4fc35	P79105	miss	92	92	False	1.0	9c9abb5f8dac31933741cc7287768c4a5f11050a6cb4e3382bfc1c71b8909597	08e4846e537177426273712802403f7ba8261b6c	mean_5_11_17_23_29_33|domfull	92	0.00036496350364963507	fp32	cuda	
3023872093d6d7d84ff6d464	Q9CN31	miss	92	92	False	1.0	5e22e06c53fbd619035a6349b33a9ea0f2950c7771538ba774083538c892a3ff	08e4846e537177426273712802403f7ba8261b6c	mean_5_11_17_23_29_33|domfull	92	0.00036496350364963507	fp32	cuda	
8d42e84f40cb580e15048c66	Q9XJS6	miss	92	92	False	1.0	feb5bc9ba6a4db8b80ef24d57dd162ea9f7c38e8b7fd2350597ecba236995ba5	08e4846e537177426273712802403f7ba8261b6c	mean_5_11_17_23_29_33|domfull	92	0.00036496350364963507	fp32	cuda	
e9b4011e33baf654dc467e7b	A9JR44	miss	91	91	False	1.0	a28ed3bb319b6813bbbeb5c27ff4c1e22d90915ba7aa8ee9dbca361dd195fe24	08e4846e537177426273712802403f7ba8261b6c	mean_5_11_17_23_29_33|domfull	91	0.00036496350364963507	fp32	cuda	
42b579c44fa751af398819f4	O30318	miss	91	91	False	1.0	735c661c6f11a90a7489bf916828e7adfdca0b654db76e21cdc8a413babadccc	08e4846e537177426273712802403f7ba8261b6c	mean_5_11_17_23_29_33|domfull	91	0.00036496350364963507	fp32	cuda	
8cce3408be6949b1af49d36b	Q74Z81	miss	91	91	False	1.0	4fcc886defacbdab04562e41c946fd0f1fc2c0936dba12aa868b08e59f7a8025	08e4846e537177426273712802403f7ba8261b6c	mean_5_11_17_23_29_33|domfull	91	0.00036496350364963507	fp32	cuda	
9f22a133ae965ee2fce11370	Q9ZE93	miss	91	91	False	1.0	e70e4fb8185521e53b909b6169e61bdf2e5c2d4119a140625f31fcac45e44723	08e4846e537177426273712802403f7ba8261b6c	mean_5_11_17_23_29_33|domfull	91	0.00036496350364963507	fp32	cuda	
287299d0ad1f82d81d10fd5d	V5IP95	miss	91	91	False	1.0	1c38935ec90c4c93ea38da0e05fd4450f8d5079c201750debe5bedf503851d70	08e4846e537177426273712802403f7ba8261b6c	mean_5_11_17_23_29_33|domfull	91	0.00036496350364963507	fp32	cuda	
b45a61d803b41c1f7abc539f	Q9ZD00	miss	90	90	False	1.0	8e5557191374d7dc717ef43e04b4b582ff8dfefaad577daf289af1a41cc51568	08e4846e537177426273712802403f7ba8261b6c	mean_5_11_17_23_29_33|domfull	90	0.00036496350364963507	fp32	cuda	
b90513cb74b006682a55b6e0	Q9ZDZ4	miss	90	90	False	1.0	d0f43b8fe482f208e7d07fb8d079285f0d2f1ce774e2762996d2e438df05306c	08e4846e537177426273712802403f7ba8261b6c	mean_5_11_17_23_29_33|domfull	90	0.00036496350364963507	fp32	cuda	
b5406a9c439028c30af6bd08	P33670	miss	89	89	False	1.0	8c04b86ec928475ca90bc08859fdd5255a10ee071a3cbbc0aabcb875b1a368a6	08e4846e537177426273712802403f7ba8261b6c	mean_5_11_17_23_29_33|domfull	89	0.00036496350364963507	fp32	cuda	
b97bdd9f8e00920e273ed663	Q8TGN4	miss	89	89	False	1.0	059f7a765a68424ab6b0ffecd2c6bc1de2790c8221f039ad2ec41a9e3d45c23f	08e4846e537177426273712802403f7ba8261b6c	mean_5_11_17_23_29_33|domfull	89	0.00036496350364963507	fp32	cuda	
322f2b205f38403d5b8bac37	Q8WXC3	miss	89	89	False	1.0	18cd11be20b7fa7a9da1501a12cf7368f0546c13252cff83250f999c8b1858dd	08e4846e537177426273712802403f7ba8261b6c	mean_5_11_17_23_29_33|domfull	89	0.00036496350364963507	fp32	cuda	
2e0553b30dad89e66a601cde	Q914I9	miss	89	89	False	1.0	24ff217f8aa04755a16aab7f8075a0751ac19c1015d7e64cccf03799cb7f8845	08e4846e537177426273712802403f7ba8261b6c	mean_5_11_17_23_29_33|domfull	89	0.00036496350364963507	fp32	cuda	
53e71b874310887f33fadc7f	Q91J29	miss	88	88	False	1.0	a230897299258f3ffd35efedc151b9bcbe8caf95be091aef0eb017648cfe487e	08e4846e537177426273712802403f7ba8261b6c	mean_5_11_17_23_29_33|domfull	88	0.00036496350364963507	fp32	cuda	
dd7ad94d9988bea9205de8ca	Q9KDI4	miss	88	88	False	1.0	3c2bb5f435b8fcef77b95a2e15b76cdd05d58e9778152393bbfe7f59b6427351	08e4846e537177426273712802403f7ba8261b6c	mean_5_11_17_23_29_33|domfull	88	0.00036496350364963507	fp32	cuda	
5bdfeea794b2e33b56ec580c	Q9PR81	miss	88	88	False	1.0	7803d15e2f0d31777bc27157fa9aaa616d58d747485fda656b05ef026db27124	08e4846e537177426273712802403f7ba8261b6c	mean_5_11_17_23_29_33|domfull	88	0.00036496350364963507	fp32	cuda	
798250273c4a35730172fa88	P32280	miss	87	87	False	1.0	9657c0706b8b4ed46b6488d400ca4f24e76155254881ef22a1ad7d0f2311913e	08e4846e537177426273712802403f7ba8261b6c	mean_5_11_17_23_29_33|domfull	87	0.00036496350364963507	fp32	cuda	
4cf6149be9eb40bc9c2783ca	P60535	miss	87	87	False	1.0	2821429ebdd53eb170f72e131c57bafb7fa57e8fae65ffcc776c9c00018582bf	08e4846e537177426273712802403f7ba8261b6c	mean_5_11_17_23_29_33|domfull	87	0.00036496350364963507	fp32	cuda	
b777724f36ab8b82729b6143	Q9T1U0	miss	87	87	False	1.0	ba94c451b14ef1740728599893541f2d57ef72445f4621d0d1013f911df3aece	08e4846e537177426273712802403f7ba8261b6c	mean_5_11_17_23_29_33|domfull	87	0.00036496350364963507	fp32	cuda	
64a529ebf9571b92e693e92f	Q93VK8	miss	86	86	False	1.0	67626e5e10403830dd3ac1072fb3900e4b8082ce2ba1f8a09b0deb4f76f2f054	08e4846e537177426273712802403f7ba8261b6c	mean_5_11_17_23_29_33|domfull	86	0.00036496350364963507	fp32	cuda	
bf0cbc34cf05c89979533138	Q97J00	miss	86	86	False	1.0	cb92d758d4dd1176dccc90a963dc734d57991bf01b7962fff38e7f6ab6e65083	08e4846e537177426273712802403f7ba8261b6c	mean_5_11_17_23_29_33|domfull	86	0.00036496350364963507	fp32	cuda	
948b9c272c87be2d34f81783	Q83JD2	miss	85	85	False	1.0	fb74c23e55e9b2a3e155bc8ad7c85ec4f52ad38ac8c8c9f7346b2fa9b10ec7cf	08e4846e537177426273712802403f7ba8261b6c	mean_5_11_17_23_29_33|domfull	85	0.00027586206896551725	fp32	cuda	
98fbc89c6528721bb1108cba	Q8RDR9	miss	85	85	False	1.0	073bf4dc852cf262f19ad01ab5dcc4a822d34051ed99048ae246758930245e39	08e4846e537177426273712802403f7ba8261b6c	mean_5_11_17_23_29_33|domfull	85	0.00027586206896551725	fp32	cuda	
4fc520c975846b23f8bd2fcf	Q9C7W0	miss	85	85	False	1.0	5c96810cdd60e59b59d81a8f158c7206304ebf4898210a7dc030cc485906e2ec	08e4846e537177426273712802403f7ba8261b6c	mean_5_11_17_23_29_33|domfull	85	0.00027586206896551725	fp32	cuda	
b6035aa42a985b6763c37c78	Q9DGV6	miss	85	85	False	1.0	4498b14708980039f73ecb886a50a0befb8fe29c0742ef7086f7271111d02226	08e4846e537177426273712802403f7ba8261b6c	mean_5_11_17_23_29_33|domfull	85	0.00027586206896551725	fp32	cuda	
3ee2e59fa84dc094ab83498e	Q9JHY3	miss	85	85	False	1.0	b70ec05f30c925c89a43b73337755a6f2b4f4429ede665f9376d6e43d2140881	08e4846e537177426273712802403f7ba8261b6c	mean_5_11_17_23_29_33|domfull	85	0.00027586206896551725	fp32	cuda	
6cd2354cde1982ce35e739a5	Q9M1V4	miss	85	85	False	1.0	5626df712255e62fc77cd2625867757071d9a7e5584840c97835885c431c5165	08e4846e537177426273712802403f7ba8261b6c	mean_5_11_17_23_29_33|domfull	85	0.00027586206896551725	fp32	cuda	
c050e8eb2eb9a88f7609b754	O14280	miss	84	84	False	1.0	44c740bd0f7536adc1ec1ac7eb4f5a83d7a988c9a35f2f6588613cd9f3494dbd	08e4846e537177426273712802403f7ba8261b6c	mean_5_11_17_23_29_33|domfull	84	0.00027586206896551725	fp32	cuda	
e041a185ae17ab6f78625843	Q9G052	miss	84	84	False	1.0	26c5de3ac7ab1da862b139fd513409d47db7630682770516f22915b75c1e25d7	08e4846e537177426273712802403f7ba8261b6c	mean_5_11_17_23_29_33|domfull	84	0.00027586206896551725	fp32	cuda	
751319c2652fa8ff1ddc5d7d	Q9Z4V8	miss	84	84	False	1.0	cd53e22ba2fe6fdc4cacb823faf7ac4e03fe4a14aee6654c393635b9f28c42e2	08e4846e537177426273712802403f7ba8261b6c	mean_5_11_17_23_29_33|domfull	84	0.00027586206896551725	fp32	cuda	
e26c0e260454a722de109552	Q8PW42	miss	83	83	False	1.0	02de9d3f3e6406a7a27ac2b14495e1b773010b043229f66638c6f01777b8524c	08e4846e537177426273712802403f7ba8261b6c	mean_5_11_17_23_29_33|domfull	83	0.00027586206896551725	fp32	cuda	
1e5c4b2831b12c60fe637417	P05919	miss	82	82	False	1.0	460655ae4daff963551314607a9ec3f4f948f99e4b611de53277a6f72feb23c1	08e4846e537177426273712802403f7ba8261b6c	mean_5_11_17_23_29_33|domfull	82	0.00027586206896551725	fp32	cuda	
0b264df0692b92cc7292a600	Q7UVA1	miss	82	82	False	1.0	b0d3898f40a8c231eed7a02ab868ac2f6971846593c2204c50f12e7b1d55dbd4	08e4846e537177426273712802403f7ba8261b6c	mean_5_11_17_23_29_33|domfull	82	0.00027586206896551725	fp32	cuda	
9e1993654f094ff9f2acaf8f	Q8NEE0	miss	82	82	False	1.0	92fe78351a7d7cd5890b3e0fcf25ff139b76379a5d0644eda49987cfc9e3f078	08e4846e537177426273712802403f7ba8261b6c	mean_5_11_17_23_29_33|domfull	82	0.00027586206896551725	fp32	cuda	
59c3b132dfb5be38d692e20a	Q9ZDC3	miss	82	82	False	1.0	d09e74e599e54d1ce3f8b0bbb6bbff29f947793fade21c36bd78e63616040a60	08e4846e537177426273712802403f7ba8261b6c	mean_5_11_17_23_29_33|domfull	82	0.00027586206896551725	fp32	cuda	
0722eb3f10679ee51e58640a	Q8IZM0	miss	81	81	False	1.0	be317abb2fc93f6ccbf7012f7ec7ad17f610e8f134a7663e2c794ee6f4629ab1	08e4846e537177426273712802403f7ba8261b6c	mean_5_11_17_23_29_33|domfull	81	0.00027586206896551725	fp32	cuda	
3ddcd30b36db705cda53c7a0	Q9UTA0	miss	81	81	False	1.0	6580855f2e63bf9f6eed66fe1c2928f269a8916854929d23081d8aa9c887d753	08e4846e537177426273712802403f7ba8261b6c	mean_5_11_17_23_29_33|domfull	81	0.00027586206896551725	fp32	cuda	
2aaf970526fd6aa05a2b9147	Q9ZGW3	miss	80	80	False	1.0	9c14f9b0f47728830e02acd9e5f46bb2e2155dc10f7b6be0e7ecdd47b5725d9f	08e4846e537177426273712802403f7ba8261b6c	mean_5_11_17_23_29_33|domfull	80	0.00027586206896551725	fp32	cuda	
9bd99d94e62304cf7046c92b	Q914M2	miss	79	79	False	1.0	229b46b9691da02884f7e11a1597fe927bfb78bf56bab6c4a0db9e142271ea13	08e4846e537177426273712802403f7ba8261b6c	mean_5_11_17_23_29_33|domfull	79	0.00027586206896551725	fp32	cuda	
bad1e26200693baade83462b	Q92445	miss	79	79	False	1.0	d638baa5c8264f1c8c9ebfab8cf858b3df48e40db5a4b06600178b7a482dce23	08e4846e537177426273712802403f7ba8261b6c	mean_5_11_17_23_29_33|domfull	79	0.00027586206896551725	fp32	cuda	
8d21a7709da4387e4ae690cd	Q925W5	miss	79	79	False	1.0	4cb1ba1ea70a0cb04a82219234dbf7a1137c8849df3cb158dc6e1203c63f8575	08e4846e537177426273712802403f7ba8261b6c	mean_5_11_17_23_29_33|domfull	79	0.00027586206896551725	fp32	cuda	
b1809a1f3b5c3eb3df1c5554	Q92HB1	miss	79	79	False	1.0	ef3904398934713aa5709cfdba647b027f6800f9ca1e3ed0f77f73c8cb8f5168	08e4846e537177426273712802403f7ba8261b6c	mean_5_11_17_23_29_33|domfull	79	0.00027586206896551725	fp32	cuda	
6f57697e55c0482000ac7783	Q9HBF5	miss	79	79	False	1.0	e6037e96fb18631a02f1d96e5110b6b3b5c62524d426e9885ab4b0faa8f9be93	08e4846e537177426273712802403f7ba8261b6c	mean_5_11_17_23_29_33|domfull	79	0.00027586206896551725	fp32	cuda	
e6f966cc8540a92a80ca3a5f	Q8C4X1	miss	78	78	False	1.0	2bb568b76fd05012c84cb20d8bc93555f1a90221c3574331aabe5516187cd7c7	08e4846e537177426273712802403f7ba8261b6c	mean_5_11_17_23_29_33|domfull	78	0.00027586206896551725	fp32	cuda	
9c6bbfbf4e5f23ece0dfe675	Q8ISL8	miss	78	78	False	1.0	f8a9587cf0421abb8a8c252855544b7533cf78dea1470e4daa651d9831f7c5f1	08e4846e537177426273712802403f7ba8261b6c	mean_5_11_17_23_29_33|domfull	78	0.00027586206896551725	fp32	cuda	
54d01ef0b142a05462da702a	Q8TGQ0	miss	78	78	False	1.0	61db166b246be32d6384c9d5bcd4153a3cc159d95d4ef8d62f1767c7c0e2c510	08e4846e537177426273712802403f7ba8261b6c	mean_5_11_17_23_29_33|domfull	78	0.00027586206896551725	fp32	cuda	
33b7afc11c959c28f3b5520d	Q9BMP6	miss	78	78	False	1.0	9228a9451543c69fcae9fe43486561d53cba8e4d2e5ee50908977c165b9ea6eb	08e4846e537177426273712802403f7ba8261b6c	mean_5_11_17_23_29_33|domfull	78	0.00027586206896551725	fp32	cuda	
88f5365849afad86285f5856	Q9JMR8	miss	78	78	False	1.0	84129d74efba760a75de960455e56584e8259292205e460c34a0a86ff3f68f79	08e4846e537177426273712802403f7ba8261b6c	mean_5_11_17_23_29_33|domfull	78	0.00027586206896551725	fp32	cuda	
8b6328cd467352a3338d7614	Q8Y231	miss	77	77	False	1.0	d4eb7196e1900ad9e993be0198fd26e0f4bd1944ddf38d0e7e5d412bd849cefe	08e4846e537177426273712802403f7ba8261b6c	mean_5_11_17_23_29_33|domfull	77	0.00027586206896551725	fp32	cuda	
802379fab960241bb0852191	Q969E1	miss	77	77	False	1.0	2382d5246084849b85e55c928270afae84e7fe3a3b64d74ec813514a7d761866	08e4846e537177426273712802403f7ba8261b6c	mean_5_11_17_23_29_33|domfull	77	0.00027586206896551725	fp32	cuda	
4d1d86651d3e02a0979f3663	Q8QL50	miss	76	76	False	1.0	31135ca161b986cfa370a8a5b47de1fbad6452fcf75b3fe4aa4ebee1fd0edcf5	08e4846e537177426273712802403f7ba8261b6c	mean_5_11_17_23_29_33|domfull	76	0.00027586206896551725	fp32	cuda	
a2b7649bcdb06ba216c84649	P0DTC4	miss	75	75	False	1.0	9ff13d01519b4b7a5e4b8d6de83ab59692c50320df7ef6fd88b6ac457b15302e	08e4846e537177426273712802403f7ba8261b6c	mean_5_11_17_23_29_33|domfull	75	0.00027586206896551725	fp32	cuda	
b0e7a826413f7eb855bb7ee6	Q8QL13	miss	75	75	False	1.0	a32c484cb46172c0cddbce073d914fcea5528b87eab997d54dec0d79dcf5dae8	08e4846e537177426273712802403f7ba8261b6c	mean_5_11_17_23_29_33|domfull	75	0.00027586206896551725	fp32	cuda	
b6433f0d8fff14f1498e2f7d	Q9KG52	miss	75	75	False	1.0	4f52e08cac5e98808d32d55fe5b12f637a832e5a63ee2814aaf50622ac2a2baa	08e4846e537177426273712802403f7ba8261b6c	mean_5_11_17_23_29_33|domfull	75	0.00027586206896551725	fp32	cuda	
516f4c037c4390141c2f5b7c	Q9TKU9	miss	75	75	False	1.0	80cc56255172a70e86ab96817e7b7cdce7bfcf82210d925a67eb5cb94e348a32	08e4846e537177426273712802403f7ba8261b6c	mean_5_11_17_23_29_33|domfull	75	0.00027586206896551725	fp32	cuda	
74f9979b98bc961dd1683b8d	Q9VBL6	miss	75	75	False	1.0	2d12192c9edb70255454eb8849f23a3d63c5d04bf96482aff82bfcb6e0472438	08e4846e537177426273712802403f7ba8261b6c	mean_5_11_17_23_29_33|domfull	75	0.00027586206896551725	fp32	cuda	
30a21dcbba7485fcc75113ed	P90471	miss	74	74	False	1.0	9f5c1ac834d9e2d3ab246dc69682c2662cf05a3b367751870fba2e4f3dd71b43	08e4846e537177426273712802403f7ba8261b6c	mean_5_11_17_23_29_33|domfull	74	0.00027586206896551725	fp32	cuda	
537611b7b86b3760872a5e12	Q86WW8	miss	74	74	False	1.0	0ae4a514d50e2113585ba35846c3741f87932c8eb3d5b4ff90527b4d5db162ca	08e4846e537177426273712802403f7ba8261b6c	mean_5_11_17_23_29_33|domfull	74	0.00027586206896551725	fp32	cuda	
22a9f1b7b41960cd98b259f4	Q8DHG5	miss	74	74	False	1.0	3c347255bfb9255fb75806e62b05e0619e147026d75672f34ae6c5858f9aec91	08e4846e537177426273712802403f7ba8261b6c	mean_5_11_17_23_29_33|domfull	74	0.00027586206896551725	fp32	cuda	
ae71294d3373bedf848f8e19	Q54BH8	miss	73	73	False	1.0	a109bb36cddc58cd4387409c544a9524fb4e1b69525f7ffbe081e4a0576c7531	08e4846e537177426273712802403f7ba8261b6c	mean_5_11_17_23_29_33|domfull	73	0.00027586206896551725	fp32	cuda	
f6bfaf1a5cada8688ee242ae	Q8TGJ8	miss	73	73	False	1.0	1829ea3f68570a6fb782bf95a115ca11c429d4bdd1f25b425ea7fae01970ee9b	08e4846e537177426273712802403f7ba8261b6c	mean_5_11_17_23_29_33|domfull	73	0.00027586206896551725	fp32	cuda	
c5e988d9c115a1ae7066e64a	Q9KA06	miss	73	73	False	1.0	752de510b41bf043aef716027e5b385055aa4c0291b3c290044774caff50436a	08e4846e537177426273712802403f7ba8261b6c	mean_5_11_17_23_29_33|domfull	73	0.00027586206896551725	fp32	cuda	
42af6164f608525cd86b314e	Q9PQW4	miss	73	73	False	1.0	a184bb9eec7443edd6b4b8078064808371a0f8e2620f5e64804193617ce6d8a8	08e4846e537177426273712802403f7ba8261b6c	mean_5_11_17_23_29_33|domfull	73	0.00027586206896551725	fp32	cuda	
e2820f97b8bd51774c235eb4	Q9ZUL8	miss	73	73	False	1.0	f086ec71ab31410ede7f03df2a2cff52249d0d94008205518bf6fdf2d647005c	08e4846e537177426273712802403f7ba8261b6c	mean_5_11_17_23_29_33|domfull	73	0.00027586206896551725	fp32	cuda	
96a3e99f966173cbaddf1e16	Q48708	miss	72	72	False	1.0	c7e3bf63ddb60f31fdc1145ae9b0e04aeb01fb7388195d90f6aa7969fe6f710d	08e4846e537177426273712802403f7ba8261b6c	mean_5_11_17_23_29_33|domfull	72	0.00027586206896551725	fp32	cuda	
fc0e783323196e9c65b41e11	Q83096	miss	72	72	False	1.0	e7ef63dc42dbea873ed23584abcbb922494f10c592f1d4e9a6d1e67f659c8fa5	08e4846e537177426273712802403f7ba8261b6c	mean_5_11_17_23_29_33|domfull	72	0.00027586206896551725	fp32	cuda	
7a67e8b122557e2708562002	Q9ICF7	miss	72	72	False	1.0	919a7e4f4bb23557e248e10587d6ae151f90fcb21a394434072514720bd05de4	08e4846e537177426273712802403f7ba8261b6c	mean_5_11_17_23_29_33|domfull	72	0.00027586206896551725	fp32	cuda	
285332b35067a274d527a7a7	P38524	miss	71	71	False	1.0	7856595921da850529344d3918c51d5f8d80a5a723802c17618ef301cd50cf91	08e4846e537177426273712802403f7ba8261b6c	mean_5_11_17_23_29_33|domfull	71	0.00027586206896551725	fp32	cuda	
07817e37d7f547caffbebcf1	Q8LE92	miss	71	71	False	1.0	26d859fdff9a0553ecc48ed25cb9f7c8053aad814f5f7c82b90ce9b2878fab2c	08e4846e537177426273712802403f7ba8261b6c	mean_5_11_17_23_29_33|domfull	71	0.00027586206896551725	fp32	cuda	
55b1cd75a95509716c7bde04	P68407	miss	70	70	False	1.0	ed634a42e65d7dd35608352290ef01b263ed389dcb0599c1058ab4c07e61931e	08e4846e537177426273712802403f7ba8261b6c	mean_5_11_17_23_29_33|domfull	70	0.00027586206896551725	fp32	cuda	
a50b603830c5d968d9b46df8	Q9DUB9	miss	70	70	False	1.0	3bf2edf2335481936d61f53f6ea4284e4f5b4b5caee91ef008f5fd665a5d8daa	08e4846e537177426273712802403f7ba8261b6c	mean_5_11_17_23_29_33|domfull	70	0.00027586206896551725	fp32	cuda	
e92f497281bd7f0127c9ee32	Q9MUM7	miss	70	70	False	1.0	d902a16f91333bc3813669e1bdf62ceeb4a399834177f237031b1fc7c1d06096	08e4846e537177426273712802403f7ba8261b6c	mean_5_11_17_23_29_33|domfull	70	0.00027586206896551725	fp32	cuda	
b3785e798cca9e6e801c999c	Q9WU08	miss	70	70	False	1.0	b8c0770ec67ff5c68d7a1e9dc7c7fc95c1c8296f1213ad5e83a6d96af9feef20	08e4846e537177426273712802403f7ba8261b6c	mean_5_11_17_23_29_33|domfull	70	0.00027586206896551725	fp32	cuda	
74cfe9343e3ad963539867da	C0H3Q6	miss	69	69	False	1.0	589da13034444e4b07dfdad8680ad66ee4c8eb6edfa71a07ec49138265b07695	08e4846e537177426273712802403f7ba8261b6c	mean_5_11_17_23_29_33|domfull	69	0.00027586206896551725	fp32	cuda	
977307536498594f3eb4aca8	Q8MVA6	miss	69	69	False	1.0	50479417b7d14e425a297f6fe6f351f420affd8a47309397242373d1f0802384	08e4846e537177426273712802403f7ba8261b6c	mean_5_11_17_23_29_33|domfull	69	0.00027586206896551725	fp32	cuda	
279fcb5684def865f1947b99	Q8TGL3	miss	69	69	False	1.0	ed0e275d405f402ff9735ba8df255cff5509adce709a9df508d04ea946ba45e9	08e4846e537177426273712802403f7ba8261b6c	mean_5_11_17_23_29_33|domfull	69	0.00027586206896551725	fp32	cuda	
25bb4a7fc7fd848be8e4b619	Q8TGL6	miss	69	69	False	1.0	f24960d5155163b438e7295f0e2cc6ac6dde67014ef3c05435b51cfb325e8033	08e4846e537177426273712802403f7ba8261b6c	mean_5_11_17_23_29_33|domfull	69	0.00027586206896551725	fp32	cuda	
a469ed5fa74b2111cc89cd0d	Q8U1Z3	miss	69	69	False	1.0	99b3be3c8173d93eda89ac6fce278363d6cda3ba8fb864d6084adc69a391ce2f	08e4846e537177426273712802403f7ba8261b6c	mean_5_11_17_23_29_33|domfull	69	0.00027586206896551725	fp32	cuda	
9a78dec4f4edfe567dd5c49b	Q91FK2	miss	69	69	False	1.0	36b95265f36cc9052e406c3b85c067bd8253be5ee349f3c06940f758f0186030	08e4846e537177426273712802403f7ba8261b6c	mean_5_11_17_23_29_33|domfull	69	0.00027586206896551725	fp32	cuda	
06df4e724be648c0922b859f	Q96VG1	miss	69	69	False	1.0	89872769aa201f2638493c0230290388b9c1440cd1701e3e3e9911d03be72170	08e4846e537177426273712802403f7ba8261b6c	mean_5_11_17_23_29_33|domfull	69	0.00027586206896551725	fp32	cuda	
70d1ac8e90d65e1c8738ad59	Q9UI72	miss	69	69	False	1.0	07ab9dfe411f4927602471910a087d2dc42696df225efbe8d04e626a4ed510b5	08e4846e537177426273712802403f7ba8261b6c	mean_5_11_17_23_29_33|domfull	69	0.00027586206896551725	fp32	cuda	
668c6eb7b2466ab36df418b9	A6TRX1	miss	68	68	False	1.0	a100ad384a3888059fd99cda9c7b84ff229c65e83c71d3b0d45c39c5544876db	08e4846e537177426273712802403f7ba8261b6c	mean_5_11_17_23_29_33|domfull	68	0.00027586206896551725	fp32	cuda	
771c6e3ffa93235203b5caee	J7JU64	miss	68	68	False	1.0	ab590218649a788b3b4390650f0c1e70e37f13639a643e000f33fbc56c9ffb86	08e4846e537177426273712802403f7ba8261b6c	mean_5_11_17_23_29_33|domfull	68	0.00027586206896551725	fp32	cuda	
d78c7bafb1686790e4c35c34	Q9QJ53	miss	68	68	False	1.0	6de44196548dc778f06b434c16fe2a2547234a11e4f4bffe9efc6febf98be310	08e4846e537177426273712802403f7ba8261b6c	mean_5_11_17_23_29_33|domfull	68	0.00027586206896551725	fp32	cuda	
226f437bed55e253fe6ca60d	W4VS82	miss	68	68	False	1.0	4a0726d2d3f3a2418bc8a4dc2e95f2e09f54db764b19a3537445540074d85cb3	08e4846e537177426273712802403f7ba8261b6c	mean_5_11_17_23_29_33|domfull	68	0.00027586206896551725	fp32	cuda	
b39ad324abf9286441ed83d3	C5J896	miss	67	67	False	1.0	90c449283d2b0bf92c4a4d29f2522f07a5b9b4e084c1541b23e6a02771de76db	08e4846e537177426273712802403f7ba8261b6c	mean_5_11_17_23_29_33|domfull	67	0.00027586206896551725	fp32	cuda	
e96973d46cf5f3f418f181e0	Q1A3Q7	miss	67	67	False	1.0	88ca13996ad899e2f8191cfd238e6246f7b79304a42bccfe06e366e68c4e5888	08e4846e537177426273712802403f7ba8261b6c	mean_5_11_17_23_29_33|domfull	67	0.00027586206896551725	fp32	cuda	
087b4867fb50523a8f07cff9	Q9SD25	miss	67	67	False	1.0	d25f877d483a2d8f8bf89a9d6718dc6558a0a5ad0e1fbe8202d5acae62eb3faa	08e4846e537177426273712802403f7ba8261b6c	mean_5_11_17_23_29_33|domfull	67	0.00027586206896551725	fp32	cuda	
186fff3ce1463f328f17eeff	Q8KUM1	miss	66	66	False	1.0	36d319aec783d381dedb488e3a220716aaed11415048244f6648b851a45409ca	08e4846e537177426273712802403f7ba8261b6c	mean_5_11_17_23_29_33|domfull	66	0.00027586206896551725	fp32	cuda	
17e79959c18adbf86544acda	Q9BDP9	miss	66	66	False	1.0	135dbd134cebd1099cd4f5af1743a6aff0354391054d0ac6737d46e07883c8a8	08e4846e537177426273712802403f7ba8261b6c	mean_5_11_17_23_29_33|domfull	66	0.00027586206896551725	fp32	cuda	
9c6b1c9e8725ea481caa923a	Q9YPK0	miss	66	66	False	1.0	79e3c13ee20cdbe507ae84b6eb7445d913962be676e7abfa3e4adc2a40bf0b62	08e4846e537177426273712802403f7ba8261b6c	mean_5_11_17_23_29_33|domfull	66	0.00027586206896551725	fp32	cuda	
d3f0d6eea0468f4a697d0036	V5QPS4	miss	66	66	False	1.0	257c2471cfb2a09c04c37847d7f3594d369e3992a9c1b22f3587b75baec73c7d	08e4846e537177426273712802403f7ba8261b6c	mean_5_11_17_23_29_33|domfull	66	0.00027586206896551725	fp32	cuda	
9ace960c089d48493a6ee3b5	Q9P1D8	miss	64	64	False	1.0	589c05080a5e22945468ef846fa03feaa0c0f5a47d6bd95ef912c995d3643bf8	08e4846e537177426273712802403f7ba8261b6c	mean_5_11_17_23_29_33|domfull	64	0.00027586206896551725	fp32	cuda	
935d57f7003dfa8f2cb9e165	Q9J5A4	miss	63	63	False	1.0	7b9c2fa9ccbcaf60fdce0d3b4ec366a5f11d5f4189fcf9381ed675b9464f25a8	08e4846e537177426273712802403f7ba8261b6c	mean_5_11_17_23_29_33|domfull	63	0.00027586206896551725	fp32	cuda	
433e32daf04377a43af1b75b	Q9K4V1	miss	63	63	False	1.0	637f23e60774aa44644de5d73d59a7b12a40f1410b90002ed1058ea9e75e9000	08e4846e537177426273712802403f7ba8261b6c	mean_5_11_17_23_29_33|domfull	63	0.00027586206896551725	fp32	cuda	
7ec859408834e511c12d6d5f	P55413	miss	62	62	False	1.0	1b6b91a5f503d83b087c9b382b6c238efc3944f3fc62c1cff39c42279415e1b2	08e4846e537177426273712802403f7ba8261b6c	mean_5_11_17_23_29_33|domfull	62	0.00027586206896551725	fp32	cuda	
9831d2346a72d5873d1c0043	P81045	miss	62	62	False	1.0	12374f2cafc2bbf66fce6f32ddd485f1145115d7b0ec1bbe7835934933766884	08e4846e537177426273712802403f7ba8261b6c	mean_5_11_17_23_29_33|domfull	62	0.00027586206896551725	fp32	cuda	
64e9b19c30fcbe3260578283	Q805K3	miss	62	62	False	1.0	6c179e8880c6634501452354bcb173360f22c1b11f59bc454ba594fe03d59373	08e4846e537177426273712802403f7ba8261b6c	mean_5_11_17_23_29_33|domfull	62	0.00027586206896551725	fp32	cuda	
60fc2ede551ab3701b885660	Q99282	miss	62	62	False	1.0	a67280828e3708c0ae760980ed9b403acdfdfcbe81a1cccb71e7a11823f4abf8	08e4846e537177426273712802403f7ba8261b6c	mean_5_11_17_23_29_33|domfull	62	0.00027586206896551725	fp32	cuda	
5bf64a6e86c8ae0029431aa0	Q9YPJ6	miss	61	61	False	1.0	3c86acc5cd71ff034a2ad8caa3a13a09589bacd06b325e75b9dbd28f6056f466	08e4846e537177426273712802403f7ba8261b6c	mean_5_11_17_23_29_33|domfull	61	0.00027586206896551725	fp32	cuda	
d18264d6ae42861c0f4b8d30	Q9P838	miss	60	60	False	1.0	45bc8ebe401624fa39cec65501f736076fecae555bcbf890242935c583337c7c	08e4846e537177426273712802403f7ba8261b6c	mean_5_11_17_23_29_33|domfull	60	0.00027586206896551725	fp32	cuda	
a1233c08018f63afdda7a638	Q9PQZ3	miss	60	60	False	1.0	36ed2b34eb7994ecd602e1c3fd898fd5c317f83fc32bf06c399312618e30556a	08e4846e537177426273712802403f7ba8261b6c	mean_5_11_17_23_29_33|domfull	60	0.00027586206896551725	fp32	cuda	
6c147f3a0a7de4bd48f894b1	Q8MUF3	miss	59	59	False	1.0	d08961f56e7699d7f4c31858ede7b0b3d2ecb14de20645edb05ac356b1927950	08e4846e537177426273712802403f7ba8261b6c	mean_5_11_17_23_29_33|domfull	59	0.00027586206896551725	fp32	cuda	
408da189fd46e5ba84e2f0d7	Q8PTN6	miss	59	59	False	1.0	7b09feb603f33a2b818743cdd5de1f04283d55a7722c19d71a3e57e52660b730	08e4846e537177426273712802403f7ba8261b6c	mean_5_11_17_23_29_33|domfull	59	0.00027586206896551725	fp32	cuda	
94f155eccb7b54478d1d058b	Q9PX43	miss	59	59	False	1.0	dd013364839dfb0b13f7888d12f42d2613af119a58e8039e903e093717ea7b03	08e4846e537177426273712802403f7ba8261b6c	mean_5_11_17_23_29_33|domfull	59	0.00027586206896551725	fp32	cuda	
a48807d70a69ccf8fa78b01f	A6H2G3	miss	58	58	False	1.0	836c295a452826bba1277117e0099a360a56073247fc740f0dc64012184df746	08e4846e537177426273712802403f7ba8261b6c	mean_5_11_17_23_29_33|domfull	58	0.00027586206896551725	fp32	cuda	
4df7c96b0ec342acaa1278a4	Q8EN05	miss	58	58	False	1.0	947eb01d7b6589398e79a1a5c212ea657c2f932357eea252268d7e060e551360	08e4846e537177426273712802403f7ba8261b6c	mean_5_11_17_23_29_33|domfull	58	0.00027586206896551725	fp32	cuda	
badf6485a50f874a97b6f0bc	P14402	miss	57	57	False	1.0	e340f7667bb68539544fd7588ecfe10530aa7f0ae2bc08239d0dc8e63b7f8ef4	08e4846e537177426273712802403f7ba8261b6c	mean_5_11_17_23_29_33|domfull	57	0.00027586206896551725	fp32	cuda	
95b41382bd50a009f5117f17	Q9CLV6	miss	57	57	False	1.0	d1a3932d2338a6a3ac7f90d5c4ca570393855fbd63c1252925161dd24dd7798c	08e4846e537177426273712802403f7ba8261b6c	mean_5_11_17_23_29_33|domfull	57	0.00027586206896551725	fp32	cuda	
48c61ebf85674f9b8a2dc96a	P84729	miss	56	56	False	1.0	a4b7f74c74a0fc852d1ae35b87faeddbea5690979f0dfa85b63ae16a6bd94f46	08e4846e537177426273712802403f7ba8261b6c	mean_5_11_17_23_29_33|domfull	56	0.00027586206896551725	fp32	cuda	
1d909354b56ac66920f0967d	Q8TGJ0	miss	55	55	False	1.0	8aeb8be04b39bfcf85d5d702430198c76095180859b9f758076020dc6d6ed697	08e4846e537177426273712802403f7ba8261b6c	mean_5_11_17_23_29_33|domfull	55	0.00027586206896551725	fp32	cuda	
2f44aa3d53c994bd26e84ef5	Q9X450	miss	55	55	False	1.0	0141ea95bc0f122446ae78106282d091cec112fb464b32d250856ab0d6476568	08e4846e537177426273712802403f7ba8261b6c	mean_5_11_17_23_29_33|domfull	55	0.00027586206896551725	fp32	cuda	
4075675e47f873ab808150ea	Q9ZDJ7	miss	55	55	False	1.0	c41cc3d5f69a86a905f25c96ccc495309b882a0eb98b92f7ffc89857154dcc09	08e4846e537177426273712802403f7ba8261b6c	mean_5_11_17_23_29_33|domfull	55	0.00027586206896551725	fp32	cuda	
f2ef9d42af1d75f070a92ebe	Q9CNF2	miss	54	54	False	1.0	e4b779c02d375f3ecda5c665069b0197f048bf3a6df9d804223c96c6573110a9	08e4846e537177426273712802403f7ba8261b6c	mean_5_11_17_23_29_33|domfull	54	0.00027586206896551725	fp32	cuda	
43548201844773e13f8113fd	Q9SD80	miss	54	54	False	1.0	3831155d36fa2588f20fff49281dfb3b0d3f2101f60629437283fa3555f1fd61	08e4846e537177426273712802403f7ba8261b6c	mean_5_11_17_23_29_33|domfull	54	0.00027586206896551725	fp32	cuda	
093357ff15562e741a8fbfdd	Q9XIA7	miss	54	54	False	1.0	e1cf5cedb45d6855fa77ce3d22317e9484fbc4c795f1883281f120f111b6ffd3	08e4846e537177426273712802403f7ba8261b6c	mean_5_11_17_23_29_33|domfull	54	0.00027586206896551725	fp32	cuda	
9f8bbe9b1280f64940a34aea	Q98EB7	miss	53	53	False	1.0	aa31b087fe6d0359304d81eeb0fe63ad00ca72226a37830abd4ef3a7015f1cdc	08e4846e537177426273712802403f7ba8261b6c	mean_5_11_17_23_29_33|domfull	53	0.00027586206896551725	fp32	cuda	
f4472bee1d23b83fb8daec2b	Q9ZZX8	miss	53	53	False	1.0	f120f89182e3962f3d266aa5c4c109b120a73c25f9fe61cb5b1dc2f4ddaf4b9a	08e4846e537177426273712802403f7ba8261b6c	mean_5_11_17_23_29_33|domfull	53	0.00027586206896551725	fp32	cuda	
45b56331773f6d15d0e0e599	Q54GH1	miss	52	52	False	1.0	d7289effcee594c6d6cf8a596a16a021ffd2a13727edf78a8d04daea6e4061a0	08e4846e537177426273712802403f7ba8261b6c	mean_5_11_17_23_29_33|domfull	52	0.00027586206896551725	fp32	cuda	
1d77709804e2c5e757b3143b	Q82XW4	miss	51	51	False	1.0	693b1914e23a9044dbcc106d603b03f0561f87fdbf0e56674d76266803f91963	08e4846e537177426273712802403f7ba8261b6c	mean_5_11_17_23_29_33|domfull	51	0.00027586206896551725	fp32	cuda	
b93e26e37b8172525079e3b9	Q8TGL8	miss	51	51	False	1.0	39b3688bf0cd286a03b03f43303614a514a99a98c761c2b33055532f028d88b8	08e4846e537177426273712802403f7ba8261b6c	mean_5_11_17_23_29_33|domfull	51	0.00027586206896551725	fp32	cuda	
acbf93983650be503aa4c058	Q92JJ7	miss	51	51	False	1.0	7f9732bca2918d74e767e95a2a2f6ec691f5787c42edf91f15ea9dd2a18dd959	08e4846e537177426273712802403f7ba8261b6c	mean_5_11_17_23_29_33|domfull	51	0.00027586206896551725	fp32	cuda	
ac4f36f73e8ea964fdac84ec	Q7WY57	miss	50	50	False	1.0	61f99e9088d9e674acf101d1f560cfce3bc733c6bb2c23da306f0553288674ca	08e4846e537177426273712802403f7ba8261b6c	mean_5_11_17_23_29_33|domfull	50	0.00027586206896551725	fp32	cuda	
0a852f08262eedefc98cf8d5	Q9ZZW3	miss	50	50	False	1.0	c704e4011fc1711ffb2e2d6777ebcf497bdd84abea56aa22ec1bb50800ab4313	08e4846e537177426273712802403f7ba8261b6c	mean_5_11_17_23_29_33|domfull	50	0.00027586206896551725	fp32	cuda	
cb5f22366ba479b50f14ef68	P01500	miss	46	46	False	1.0	f01f0a0d92c641ff3d7fe15910eaca02ea07be460632b7b627a83c95a96c31ba	08e4846e537177426273712802403f7ba8261b6c	mean_5_11_17_23_29_33|domfull	46	0.00027586206896551725	fp32	cuda	
b2330e5984b9733772017964	Q8TGN5	miss	46	46	False	1.0	88fb38fe93e4b24f706a18037c545dd83015775d02aa82e335f31f17036008bd	08e4846e537177426273712802403f7ba8261b6c	mean_5_11_17_23_29_33|domfull	46	0.00027586206896551725	fp32	cuda	
2c8b475dc9909a725716621e	Q8TGU1	miss	46	46	False	1.0	fa2a0c654f1d500ee21d6c3dd4718b3f805f73563f59760b1b90ff9c230a6b5a	08e4846e537177426273712802403f7ba8261b6c	mean_5_11_17_23_29_33|domfull	46	0.00027586206896551725	fp32	cuda	
5049068917ae58fa1ad05eb5	P0CAI4	miss	45	45	False	1.0	ffed5514e96558130ce7c2e58c608e6042ccba2d7175a9b61379846884c9ab89	08e4846e537177426273712802403f7ba8261b6c	mean_5_11_17_23_29_33|domfull	45	0.00027586206896551725	fp32	cuda	
4ddf5b2c5f6c5ec8cef2c320	Q83WL4	miss	45	45	False	1.0	938dc87d0f577f8e9d88e432696b32821719a81944d79e8e0a7144b5519168e4	08e4846e537177426273712802403f7ba8261b6c	mean_5_11_17_23_29_33|domfull	45	0.00027586206896551725	fp32	cuda	
1ec25b72b8653ea562e66644	P0DW81	miss	44	44	False	1.0	8220ed10344a4d57eae5f0148146707156e52505b96c21788e2c879695b84237	08e4846e537177426273712802403f7ba8261b6c	mean_5_11_17_23_29_33|domfull	44	0.00027586206896551725	fp32	cuda	
c737710becc9da2cdf24481e	P14201	miss	44	44	False	1.0	c4381e2e62fa20bdaca095d612842321dc0d840acbd679715bbcf46b86e34b33	08e4846e537177426273712802403f7ba8261b6c	mean_5_11_17_23_29_33|domfull	44	0.00027586206896551725	fp32	cuda	
ca511e188b87c49fbc33d101	Q9TM07	miss	43	43	False	1.0	9d5392c0843ae39db03c0fdaaccfc7249720a6d4daf485d611a99b430a1ff174	08e4846e537177426273712802403f7ba8261b6c	mean_5_11_17_23_29_33|domfull	43	0.00027586206896551725	fp32	cuda	
b201633497cbad8f624e064c	Q9CMK8	miss	42	42	False	1.0	3177da936b88f2fd2bf3a8745ef4b50e100c89efc834f0ed931eeab2a0ba9ed6	08e4846e537177426273712802403f7ba8261b6c	mean_5_11_17_23_29_33|domfull	42	0.00027586206896551725	fp32	cuda	
8cac03d07e72088234b133a8	Q9XPS5	miss	42	42	False	1.0	b9988db80092e6f5e7ee35f3c3df34ba6ac473f074c4dfac413693d0e11211c6	08e4846e537177426273712802403f7ba8261b6c	mean_5_11_17_23_29_33|domfull	42	0.00027586206896551725	fp32	cuda	
c94cb4af8ba588c3d3f30708	O83397	miss	40	40	False	1.0	14f15ae98117c369a254a6408eb916792486a89793483274a0af13fae5e2b089	08e4846e537177426273712802403f7ba8261b6c	mean_5_11_17_23_29_33|domfull	40	0.00027586206896551725	fp32	cuda	
8e527b0396469fbea7ad7b58	Q91FE0	miss	40	40	False	1.0	c07d1effe2a8c750b84c2eb6c04f1266e3dabc98ce9505f3c9dfad915c24edbf	08e4846e537177426273712802403f7ba8261b6c	mean_5_11_17_23_29_33|domfull	40	0.00027586206896551725	fp32	cuda	
e53a778ab9d23dacdfb8ec91	Q8TGN0	miss	38	38	False	1.0	328045f8378a6c506b54d9dc98a0697b8b70b9c1ffbd99f6ab3a8ada5aa7fa24	08e4846e537177426273712802403f7ba8261b6c	mean_5_11_17_23_29_33|domfull	38	0.00027586206896551725	fp32	cuda	
42e64d67eabade9aed6c0070	Q85X47	miss	37	37	False	1.0	debea15eebe953c9c961f49e898114fc3d0b0eefb95ac88cc581a21bd166e6ab	08e4846e537177426273712802403f7ba8261b6c	mean_5_11_17_23_29_33|domfull	37	0.00027586206896551725	fp32	cuda	
9fb8ed018ed4e6f8a0fad570	Q8TGM0	miss	37	37	False	1.0	56b34ba01adb56cc40048b6a54e5092c4c95a2551bba477edbe9265bb5d46836	08e4846e537177426273712802403f7ba8261b6c	mean_5_11_17_23_29_33|domfull	37	0.00027586206896551725	fp32	cuda	
403acda5cd16710214306e54	P15967	miss	36	36	False	1.0	cae397fa7f0098a4daaa546d78a46c88cdeda2b70c0a06bd531da70ed9935aec	08e4846e537177426273712802403f7ba8261b6c	mean_5_11_17_23_29_33|domfull	36	0.00027586206896551725	fp32	cuda	
e0a5bd3cbf45180dd9568c08	P80883	miss	36	36	False	1.0	3d3a23b6fd7c6b255ee7ed6a3d0ffc38719b9e715261826a6bddc9ae78b09cac	08e4846e537177426273712802403f7ba8261b6c	mean_5_11_17_23_29_33|domfull	36	0.00027586206896551725	fp32	cuda	
bf68af7c8c59ab0469dc2b70	Q8LLV8	miss	36	36	False	1.0	0157a53d0cb05816825780d9abee1a84de1c96f0984c6fc074b6d0dedf12124a	08e4846e537177426273712802403f7ba8261b6c	mean_5_11_17_23_29_33|domfull	36	0.00027586206896551725	fp32	cuda	
6059a274b4300ed54102130c	Q9XJS7	miss	36	36	False	1.0	80a463a2975f1dda5c60087c50ee2d20c9c840daaad30dc5e7a59b7461b4287e	08e4846e537177426273712802403f7ba8261b6c	mean_5_11_17_23_29_33|domfull	36	0.00027586206896551725	fp32	cuda	
8ce66a41272ce7d8b7b9930d	P80091	miss	35	35	False	1.0	08ecc380b3f82065084557cfc820010a64cc3b1d494bec9e95d5d04167c85eee	08e4846e537177426273712802403f7ba8261b6c	mean_5_11_17_23_29_33|domfull	35	0.00027586206896551725	fp32	cuda	
e3c1e559aecbd09b9a941f9a	P86416	miss	34	34	False	1.0	9675be8f096fdffce44075aa1c85a052a915fa5b1631381f274c645482afb37b	08e4846e537177426273712802403f7ba8261b6c	mean_5_11_17_23_29_33|domfull	34	0.00027586206896551725	fp32	cuda	
0716d7914ada3a8db5931991	Q7LZG3	miss	34	34	False	1.0	57e50bd7734c19add8da1e4fa0ac264ff9337f99fc9f4ab781a2065b7d921066	08e4846e537177426273712802403f7ba8261b6c	mean_5_11_17_23_29_33|domfull	34	0.00027586206896551725	fp32	cuda	
eb3336fc056a0aa4e8e08f64	Q9XJR8	miss	34	34	False	1.0	bad27aabe71e75ddaf99c10be9eff40694743c232990c02069920d1cf9c66c71	08e4846e537177426273712802403f7ba8261b6c	mean_5_11_17_23_29_33|domfull	34	0.00027586206896551725	fp32	cuda	
86147a933560e7e5a8244861	P35002	miss	31	31	False	1.0	dc1ed5f383b86d018c1671b5e53d6823e3683089bfe33f74aa0c50b69bca24cb	08e4846e537177426273712802403f7ba8261b6c	mean_5_11_17_23_29_33|domfull	31	0.00027586206896551725	fp32	cuda	
e91e10caa196f2fe00aec9d9	Q914M9	miss	31	31	False	1.0	e536b4a3666e229814ca4d546432acf2e07ec240d73d6a19b966a1079c8a8c36	08e4846e537177426273712802403f7ba8261b6c	mean_5_11_17_23_29_33|domfull	31	0.00027586206896551725	fp32	cuda	
82c790769797f8036371ed01	Q9TKY9	miss	31	31	False	1.0	9b5c41639998824194443b310a7bd7dc8fb4306de70d717ca7ca5fdf2b58c2d9	08e4846e537177426273712802403f7ba8261b6c	mean_5_11_17_23_29_33|domfull	31	0.00027586206896551725	fp32	cuda	
21d234fa0a8cdaaae7d74f3d	P0DYB8	miss	30	30	False	1.0	c656c68c5a45c2ffa6b2662046bb80b1d16e7e1333edf0489de9aface0ed603b	08e4846e537177426273712802403f7ba8261b6c	mean_5_11_17_23_29_33|domfull	30	0.00027586206896551725	fp32	cuda	
e6f4f3b72512466d5c1ca179	P19865	miss	30	30	False	1.0	c625f37c75f9a5418107b5ea267ea416bc53127fb4e1d37fbb936b2604ff41b3	08e4846e537177426273712802403f7ba8261b6c	mean_5_11_17_23_29_33|domfull	30	0.00027586206896551725	fp32	cuda	
bafba459985448840a7912b1	Q8TGJ2	miss	30	30	False	1.0	e5ce911c100c898de360a92da1861ba04acd8c934b96b139d72b8abc38d3021e	08e4846e537177426273712802403f7ba8261b6c	mean_5_11_17_23_29_33|domfull	30	0.00027586206896551725	fp32	cuda	
ff4bfd62def694ee7baea34a	Q8TGM8	miss	30	30	False	1.0	530ca0dde847fe2999905738712216ceed3f77794b66461c56cc948ad4dfabbd	08e4846e537177426273712802403f7ba8261b6c	mean_5_11_17_23_29_33|domfull	30	0.00027586206896551725	fp32	cuda	
aacd505047b045418d0dba74	P0DQY2	miss	28	28	False	1.0	4f3f4bfab96e553229fabe8fd45ee5e588a4d8594c1cbb08c9b56d9cc0d6e5f1	08e4846e537177426273712802403f7ba8261b6c	mean_5_11_17_23_29_33|domfull	28	0.00027586206896551725	fp32	cuda	
9703821c0ab5136ff1cdf210	Q96353	miss	28	28	False	1.0	47c4e9f8b98acd98cca974e55fe56531bbfd3530b7b611822d64dcffc9274359	08e4846e537177426273712802403f7ba8261b6c	mean_5_11_17_23_29_33|domfull	28	0.00027586206896551725	fp32	cuda	
f7d77d796ab15492f6c4b6ae	P27459	miss	25	25	False	1.0	49f58dd7455034f4dc2f2b498752de8754e5a764120ddc07dcf1fcb7f5c67a2a	08e4846e537177426273712802403f7ba8261b6c	mean_5_11_17_23_29_33|domfull	25	0.00027586206896551725	fp32	cuda	
f2680847a440386b55353c66	Q9R5K5	miss	25	25	False	1.0	386a0b98dd2bcbc2b701e9f86d88e6b78ff596aea9f57dea285dda9e81779922	08e4846e537177426273712802403f7ba8261b6c	mean_5_11_17_23_29_33|domfull	25	0.00027586206896551725	fp32	cuda	
04988709c9345738a129d7b7	C0HJK0	miss	20	20	False	1.0	c5a7ea14a274f3e3a67d59eb0baad9e6793db390fcdd476c81e66087875478b8	08e4846e537177426273712802403f7ba8261b6c	mean_5_11_17_23_29_33|domfull	20	0.00027586206896551725	fp32	cuda	
bfc9fcd1446d51e4573904c5	C0HMA1	miss	17	17	False	1.0	4e6a2d77be4e9d8abef6f6e6fe91726e59253fa5a7e5eb48d6743c6d5b8be538	08e4846e537177426273712802403f7ba8261b6c	mean_5_11_17_23_29_33|domfull	17	0.00027586206896551725	fp32	cuda	
67f79bfb858c8b30cde86084	Q7LZF4	miss	15	15	False	1.0	f6a6de5bed412fe7fb94da34a89981a089bd83cd39fde08f331ee62cf3c6f8dc	08e4846e537177426273712802403f7ba8261b6c	mean_5_11_17_23_29_33|domfull	15	0.00027586206896551725	fp32	cuda	
6fb61a35d6049f69b4e50d42	Q8D079	miss	15	15	False	1.0	7f403d092d1658599ae9b285bcba0755a3eb867464d93229462004c7d44de9e3	08e4846e537177426273712802403f7ba8261b6c	mean_5_11_17_23_29_33|domfull	15	0.00027586206896551725	fp32	cuda	
8665ffec268f9bdcd948dd73	Q9PRW3	miss	15	15	False	1.0	016dcbb65b961092832fd14bcc370b73b7e8ac0e93899626b6c824efd9bd45df	08e4846e537177426273712802403f7ba8261b6c	mean_5_11_17_23_29_33|domfull	15	0.00027586206896551725	fp32	cuda	
5b3bfe19c44d72d12bac3162	Q7M0J8	miss	14	14	False	1.0	95e07617dfb13fcc1b1f6e7706730aacd7d3f9ab2c99f070d6330dfb27995d38	08e4846e537177426273712802403f7ba8261b6c	mean_5_11_17_23_29_33|domfull	14	0.00027586206896551725	fp32	cuda	
2828b17d7d491d8e1cb7e9c8	P0C8U2	miss	13	13	False	1.0	d1bdec1946cade5a1690edf9ee5145c3eac06cb537b883840323bef2c46f0783	08e4846e537177426273712802403f7ba8261b6c	mean_5_11_17_23_29_33|domfull	13	0.00027586206896551725	fp32	cuda	
89e4dd3905ce044ca8101361	P0DX51	miss	11	11	False	1.0	8c566450213e0796d15056ff4a930eb3116247a0b49d6608e8b8ebef59422959	08e4846e537177426273712802403f7ba8261b6c	mean_5_11_17_23_29_33|domfull	11	0.00027586206896551725	fp32	cuda	
