uniprot_accession	reason	detail
A0A023GS29	nonstandard_residue_letter	letters=X
A0A059WGE7	nonstandard_residue_letter	letters=X
A0A061FLA2	nonstandard_residue_letter	letters=X
A0A077EYL8	nonstandard_residue_letter	letters=X
A0A0J9XKT0	nonstandard_residue_letter	letters=X
A0A0S2T050	nonstandard_residue_letter	letters=X
A0A0U5GHH9	nonstandard_residue_letter	letters=X
A0A125SXN3	nonstandard_residue_letter	letters=X
A0A1D8PJ96	nonstandard_residue_letter	letters=X
A0A1D8PJJ7	nonstandard_residue_letter	letters=X
A0A1E5RIW9	nonstandard_residue_letter	letters=X
A0A1E5S1A9	nonstandard_residue_letter	letters=X
A0A1J0M738	nonstandard_residue_letter	letters=X
A0A382	nonstandard_residue_letter	letters=B
A0A3B1EFP8	nonstandard_residue_letter	letters=X
A0A6M3Z4E7	nonstandard_residue_letter	letters=X
A0A6P8HC43	nonstandard_residue_letter	letters=X
A0A913XCT1	nonstandard_residue_letter	letters=X
A0A9E9KUG4	nonstandard_residue_letter	letters=X
A0A9E9KUU8	nonstandard_residue_letter	letters=X
A0A9E9KUW1	nonstandard_residue_letter	letters=X
A0A9E9NIU8	nonstandard_residue_letter	letters=X
A0EYN2	nonstandard_residue_letter	letters=X
A0SPJ9	nonstandard_residue_letter	letters=X
A1E952	nonstandard_residue_letter	letters=U
A1IVY7	nonstandard_residue_letter	letters=X
A1VE87	nonstandard_residue_letter	letters=U
A1XIP9	nonstandard_residue_letter	letters=X
A1YES6	nonstandard_residue_letter	letters=X
A1YEV8	nonstandard_residue_letter	letters=X
A1YFT7	nonstandard_residue_letter	letters=X
A1YFU7	nonstandard_residue_letter	letters=X
A1YFX9	nonstandard_residue_letter	letters=X
A1YG01	nonstandard_residue_letter	letters=X
A1YG25	nonstandard_residue_letter	letters=X
A1YG85	nonstandard_residue_letter	letters=X
A1YG88	nonstandard_residue_letter	letters=X
A1YG92	nonstandard_residue_letter	letters=X
A1YGJ4	nonstandard_residue_letter	letters=X
A1YGK1	nonstandard_residue_letter	letters=X
A1YGK6	nonstandard_residue_letter	letters=X
A1YGK7	nonstandard_residue_letter	letters=X
A1YIZ1	nonstandard_residue_letter	letters=U
A1YL81	nonstandard_residue_letter	letters=X
A1YL82	nonstandard_residue_letter	letters=X
A1Z623	nonstandard_residue_letter	letters=U
A1Z651	nonstandard_residue_letter	letters=X
A2D4Z7	nonstandard_residue_letter	letters=X
A2D5V0	nonstandard_residue_letter	letters=X
A2I8Z7	nonstandard_residue_letter	letters=X
A2QDI9	nonstandard_residue_letter	letters=X
A2T6V8	nonstandard_residue_letter	letters=X
A2T6Z6	nonstandard_residue_letter	letters=X
A2T759	nonstandard_residue_letter	letters=X
A2T764	nonstandard_residue_letter	letters=X
A2T767	nonstandard_residue_letter	letters=X
A2T779	nonstandard_residue_letter	letters=X
A2T7D1	nonstandard_residue_letter	letters=X
A2T7D7	nonstandard_residue_letter	letters=X
A2T7E6	nonstandard_residue_letter	letters=X
A2T7F3	nonstandard_residue_letter	letters=X
A2T7H7	nonstandard_residue_letter	letters=X
A2T7L7	nonstandard_residue_letter	letters=X
A3MZ45	nonstandard_residue_letter	letters=U
A3QP09	nonstandard_residue_letter	letters=X
A4GCH9	nonstandard_residue_letter	letters=X
A4GCJ3	nonstandard_residue_letter	letters=B
A4GCM7	nonstandard_residue_letter	letters=X
A4GT88	nonstandard_residue_letter	letters=U
A4GWN3	nonstandard_residue_letter	letters=X
A4QDS8	nonstandard_residue_letter	letters=X
A4ZUE0	nonstandard_residue_letter	letters=X
A5B4D2	nonstandard_residue_letter	letters=X
A5UG02	nonstandard_residue_letter	letters=U
A6H5F7	nonstandard_residue_letter	letters=X
A6H5K7	nonstandard_residue_letter	letters=X
A6QP01	nonstandard_residue_letter	letters=U
A6TU46	nonstandard_residue_letter	letters=U
A7FTE0	nonstandard_residue_letter	letters=U
A7GCV1	nonstandard_residue_letter	letters=U
A7U6E7	nonstandard_residue_letter	letters=X
A7X8B3	nonstandard_residue_letter	letters=X
A7X8B9	nonstandard_residue_letter	letters=X
A7X8C9	nonstandard_residue_letter	letters=X
A7XW20	nonstandard_residue_letter	letters=Z
A7XW25	nonstandard_residue_letter	letters=X
A7YD35	nonstandard_residue_letter	letters=U
A8C754	nonstandard_residue_letter	letters=X
A8MHJ6	nonstandard_residue_letter	letters=U
A8NY27	nonstandard_residue_letter	letters=X
A8PF69	nonstandard_residue_letter	letters=X
A8QBB1	nonstandard_residue_letter	letters=X
A8QFQ3	nonstandard_residue_letter	letters=X
A8WQH2	nonstandard_residue_letter	letters=X
A8YXY3	nonstandard_residue_letter	letters=U
A9CPT4	nonstandard_residue_letter	letters=X
A9QC40	nonstandard_residue_letter	letters=X
A9RAG7	nonstandard_residue_letter	letters=X
B0LDU6	nonstandard_residue_letter	letters=X
B0M2T3	length_below_min	length=9
B0M2T4	length_below_min	length=9
B0M2T5	length_below_min	length=8
B0M2T6	length_below_min	length=9
B0M2T7	length_below_min	length=9
B0M2T8	length_below_min	length=9
B0M2U2	length_below_min	length=7
B0M2U3	length_below_min	length=8
B0M2U4	length_below_min	length=8
B0M2U5	length_below_min	length=8
B0M3A0	length_below_min	length=7
B0M3A1	length_below_min	length=8
B0M3A2	length_below_min	length=9
B0M3A7	length_below_min	length=9
B0M3A8	length_below_min	length=8
B0M3A9	length_below_min	length=9
B0M3B0	length_below_min	length=9
B0M3B1	length_below_min	length=9
B0M3B6	length_below_min	length=7
B0M3B7	length_below_min	length=8
B0M3B9	length_below_min	length=8
B0M3C0	length_below_min	length=8
B0M3C6	length_below_min	length=7
B0M3C7	length_below_min	length=9
B0M3C8	length_below_min	length=9
B0M3C9	length_below_min	length=9
B0M3D0	length_below_min	length=8
B0M3D1	length_below_min	length=9
B0M3D2	length_below_min	length=9
B0M3D6	length_below_min	length=7
B0M3D9	length_below_min	length=8
B0M3E0	length_below_min	length=8
B0M3E1	length_below_min	length=8
B0M3E7	length_below_min	length=7
B0M8U1	length_below_min	length=8
B0M8U2	length_below_min	length=9
B0M8U3	length_below_min	length=9
B0M8U4	length_below_min	length=8
B0M8U5	length_below_min	length=9
B0M8U6	length_below_min	length=9
B0VYX2	nonstandard_residue_letter	letters=X
B0VYY5	nonstandard_residue_letter	letters=X
B0ZSH1	nonstandard_residue_letter	letters=X
B2LT61	nonstandard_residue_letter	letters=X
B2S2E8	nonstandard_residue_letter	letters=X
B2S2V0	nonstandard_residue_letter	letters=X
B2S2W8	nonstandard_residue_letter	letters=X
B2S3T1	nonstandard_residue_letter	letters=X
B2XWN0	nonstandard_residue_letter	letters=X
B3A053	length_below_min	length=7
B3A054	length_below_min	length=8
B3A055	length_below_min	length=8
B3A056	length_below_min	length=8
B3A062	length_below_min	length=7
B3A063	length_below_min	length=8
B3A064	length_below_min	length=9
B3A065	length_below_min	length=9
B3A066	length_below_min	length=8
B3A067	length_below_min	length=9
B3A068	length_below_min	length=9
B3A072	length_below_min	length=7
B3A073	length_below_min	length=8
B3A074	length_below_min	length=8
B3A075	length_below_min	length=8
B3A081	length_below_min	length=7
B3A082	length_below_min	length=9
B3A083	length_below_min	length=9
B3A084	length_below_min	length=9
B3A085	length_below_min	length=8
B3A086	length_below_min	length=9
B3A087	length_below_min	length=9
B3A091	length_below_min	length=7
B3A092	length_below_min	length=8
B3A093	length_below_min	length=8
B3A094	length_below_min	length=8
B3A0A0	length_below_min	length=7
B3A0A1	length_below_min	length=8
B3A0A2	length_below_min	length=9
B3A0A3	length_below_min	length=9
B3A0A4	length_below_min	length=8
B3A0A5	length_below_min	length=9
B3A0A6	length_below_min	length=9
B3A0B1	length_below_min	length=7
B3A0B2	length_below_min	length=8
B3A0B3	length_below_min	length=8
B3A0B4	length_below_min	length=8
B3A0C0	length_below_min	length=7
B3A0C1	length_below_min	length=8
B3A0C2	length_below_min	length=8
B3A0C3	length_below_min	length=9
B3A0C4	length_below_min	length=8
B3A0C5	length_below_min	length=9
B3A0C6	length_below_min	length=9
B3A0D0	length_below_min	length=7
B3A0D1	length_below_min	length=8
B3A0D2	length_below_min	length=8
B3A0D3	length_below_min	length=8
B3A0D9	length_below_min	length=7
B3A0E0	length_below_min	length=9
B3A0E1	length_below_min	length=9
B3A0E2	length_below_min	length=9
B3A0E3	length_below_min	length=8
B3A0E4	length_below_min	length=9
B3A0E5	length_below_min	length=9
B3A0E9	length_below_min	length=7
B3A0F0	length_below_min	length=8
B3A0F1	length_below_min	length=8
B3A0F2	length_below_min	length=8
B3A0F8	length_below_min	length=7
B3A0F9	length_below_min	length=9
B3A0G0	length_below_min	length=9
B3A0G1	length_below_min	length=9
B3A0G2	length_below_min	length=8
B3A0G3	length_below_min	length=9
B3A0G4	length_below_min	length=9
B3A0G6	length_below_min	length=7
B3A0G7	length_below_min	length=8
B3A0G8	length_below_min	length=8
B3A0H0	length_below_min	length=8
B3A0H6	length_below_min	length=7
B3A0H7	length_below_min	length=9
B3A0H8	length_below_min	length=9
B3A0H9	length_below_min	length=9
B3A0I0	length_below_min	length=8
B3A0I1	length_below_min	length=9
B3A0I2	length_below_min	length=9
B3A0I6	length_below_min	length=7
B3A0I7	length_below_min	length=8
B3A0I8	length_below_min	length=8
B3A0J0	length_below_min	length=8
B3A0J6	length_below_min	length=7
B3A0J7	length_below_min	length=9
B3A0J8	length_below_min	length=9
B3A0J9	length_below_min	length=9
B3A0K0	length_below_min	length=8
B3A0K1	length_below_min	length=9
B3A0K2	length_below_min	length=9
B3A0K5	length_below_min	length=7
B3A0K6	length_below_min	length=8
B3A0K7	length_below_min	length=8
B3A0K9	length_below_min	length=8
B3A0L8	length_below_min	length=6
B3E7F7	nonstandard_residue_letter	letters=U
B3EWE5	length_below_min	length=9
B3EWE7	length_below_min	length=9
B3EWG1	length_below_min	length=8
B3EWG7	length_below_min	length=9
B3EWG8	nonstandard_residue_letter	letters=X
B3EWI2	length_below_min	length=8
B3EWJ0	nonstandard_residue_letter	letters=X
B3EWJ1	nonstandard_residue_letter	letters=X
B3EWJ3	length_below_min	length=8
B3EWJ4	length_below_min	length=8
B3EWJ7	length_below_min	length=7
B3EWJ8	length_below_min	length=7
B3EWJ9	length_below_min	length=7
B3EWK0	length_below_min	length=8
B3EWK1	length_below_min	length=8
B3EWK2	length_below_min	length=9
B3EWK3	length_below_min	length=9
B3EWK5	length_below_min	length=9
B3EWK9	length_below_min	length=8
B3EWL4	length_below_min	length=9
B3EWL5	length_below_min	length=8
B3EWL8	length_below_min	length=8
B3EWM5	length_below_min	length=9
B3EWM7	length_below_min	length=8
B3EWP7	nonstandard_residue_letter	letters=X
B3EWP9	nonstandard_residue_letter	letters=X
B3EWR7	nonstandard_residue_letter	letters=X
B3EWR8	nonstandard_residue_letter	letters=X
B3EWR9	length_below_min	length=8
B3EWU6	length_below_min	length=9
B3EWU7	length_below_min	length=9
B3EWU8	length_below_min	length=9
B3EWW2	length_below_min	length=9
B3EWY0	nonstandard_residue_letter	letters=X
B3EWZ4	nonstandard_residue_letter	letters=X
B3EX00	nonstandard_residue_letter	letters=B,X
B3SRQ2	nonstandard_residue_letter	letters=X
B3Y522	nonstandard_residue_letter	letters=X
B5E1P6	nonstandard_residue_letter	letters=X
B5E1P9	nonstandard_residue_letter	letters=X
B5E1Q6	nonstandard_residue_letter	letters=X
B5E1U9	nonstandard_residue_letter	letters=X
B5E217	nonstandard_residue_letter	letters=X
B5E224	nonstandard_residue_letter	letters=X
B5E232	nonstandard_residue_letter	letters=X
B5E2R3	nonstandard_residue_letter	letters=X
B5E379	nonstandard_residue_letter	letters=X
B5E385	nonstandard_residue_letter	letters=X
B5E399	nonstandard_residue_letter	letters=X
B5E3C8	nonstandard_residue_letter	letters=X
B5E478	nonstandard_residue_letter	letters=X
B5E486	nonstandard_residue_letter	letters=X
B5E488	nonstandard_residue_letter	letters=X
B5E4A8	nonstandard_residue_letter	letters=X
B5E4D9	nonstandard_residue_letter	letters=X
B5E4E3	nonstandard_residue_letter	letters=X
B5E4L2	nonstandard_residue_letter	letters=X
B5E4N4	nonstandard_residue_letter	letters=X
B5E4N6	nonstandard_residue_letter	letters=X
B5E4Q4	nonstandard_residue_letter	letters=X
B5E4T0	nonstandard_residue_letter	letters=X
B5E4U6	nonstandard_residue_letter	letters=X
B5E4Y3	nonstandard_residue_letter	letters=X
B5E525	nonstandard_residue_letter	letters=X
B5E552	nonstandard_residue_letter	letters=X
B5E5F1	nonstandard_residue_letter	letters=X
B5E5J6	nonstandard_residue_letter	letters=X
B5E5N2	nonstandard_residue_letter	letters=X
B5E5N3	nonstandard_residue_letter	letters=X
B5E5P6	nonstandard_residue_letter	letters=X
B5E5S4	nonstandard_residue_letter	letters=X
B5E5U9	nonstandard_residue_letter	letters=X
B5E5W0	nonstandard_residue_letter	letters=X
B5E5X4	nonstandard_residue_letter	letters=X
B5E605	nonstandard_residue_letter	letters=X
B5E670	nonstandard_residue_letter	letters=X
B5E6A4	nonstandard_residue_letter	letters=X
B5E6A6	nonstandard_residue_letter	letters=X
B5E6E1	nonstandard_residue_letter	letters=X
B5E6H0	nonstandard_residue_letter	letters=X
B5E6K3	nonstandard_residue_letter	letters=X
B5E6K6	nonstandard_residue_letter	letters=X
B5E6L9	nonstandard_residue_letter	letters=X
B5E6M0	nonstandard_residue_letter	letters=X
B5E7F2	nonstandard_residue_letter	letters=X
B5EBG1	nonstandard_residue_letter	letters=U
B5T267	nonstandard_residue_letter	letters=X
B5WWZ9	nonstandard_residue_letter	letters=X
B6MUN4	nonstandard_residue_letter	letters=X
B6TVL4	nonstandard_residue_letter	letters=X
B6TWJ1	nonstandard_residue_letter	letters=X
B6UBY6	nonstandard_residue_letter	letters=X
B6ZCF1	nonstandard_residue_letter	letters=X
B7JIE1	nonstandard_residue_letter	letters=X
B7JIX2	nonstandard_residue_letter	letters=X
B7JJB6	nonstandard_residue_letter	letters=X
B7JKB6	nonstandard_residue_letter	letters=X
B7JKD5	nonstandard_residue_letter	letters=X
B7JN38	nonstandard_residue_letter	letters=X
B7Z0W9	nonstandard_residue_letter	letters=X
B8B8K5	nonstandard_residue_letter	letters=X
B8DNL1	nonstandard_residue_letter	letters=U
B8PD53	nonstandard_residue_letter	letters=X
B8UU74	nonstandard_residue_letter	letters=X
B8XSK7	nonstandard_residue_letter	letters=X
B9A1H3	nonstandard_residue_letter	letters=U
B9RW49	nonstandard_residue_letter	letters=X
B9W4V8	nonstandard_residue_letter	letters=X
B9W5G6	fs_strict_positive	porter_68_3zwgN__4tsyD
C0H8I2	nonstandard_residue_letter	letters=X
C0HJB2	length_below_min	length=8
C0HJB3	nonstandard_residue_letter	letters=X
C0HJC5	length_below_min	length=8
C0HJE5	nonstandard_residue_letter	letters=X
C0HJF1	length_below_min	length=8
C0HJG0	length_below_min	length=8
C0HJH0	length_below_min	length=9
C0HJK1	length_below_min	length=9
C0HJK2	length_below_min	length=9
C0HJK3	length_below_min	length=9
C0HJN0	nonstandard_residue_letter	letters=X
C0HJT2	length_below_min	length=5
C0HJT7	nonstandard_residue_letter	letters=X
C0HJU2	nonstandard_residue_letter	letters=X
C0HJW8	nonstandard_residue_letter	letters=X
C0HK82	nonstandard_residue_letter	letters=X
C0HKA8	length_below_min	length=9
C0HKA9	length_below_min	length=9
C0HL13	nonstandard_residue_letter	letters=X
C0HLM4	length_below_min	length=7
C0HLM7	length_below_min	length=7
C0HLT6	nonstandard_residue_letter	letters=X
C0HLT7	length_below_min	length=9
C0HLZ5	length_below_min	length=4
C0HM10	nonstandard_residue_letter	letters=X
C0HM49	length_below_min	length=6
C0HM85	nonstandard_residue_letter	letters=X
C0HM86	nonstandard_residue_letter	letters=X
C0HM87	nonstandard_residue_letter	letters=X
C0HM88	nonstandard_residue_letter	letters=X
C0HM89	nonstandard_residue_letter	letters=X
C0HM91	nonstandard_residue_letter	letters=X
C0HM92	nonstandard_residue_letter	letters=X
C0HM93	nonstandard_residue_letter	letters=X
C0HM94	nonstandard_residue_letter	letters=X
C0HM95	nonstandard_residue_letter	letters=X
C0HMF5	nonstandard_residue_letter	letters=X
C0HMF7	nonstandard_residue_letter	letters=X
C0HMG6	length_below_min	length=8
C0HMH3	length_below_min	length=8
C0HMH4	length_below_min	length=9
C0HMH8	nonstandard_residue_letter	letters=X
C0HMI0	nonstandard_residue_letter	letters=X
C0HMI4	nonstandard_residue_letter	letters=X
C0HMI5	nonstandard_residue_letter	letters=X
C0HMI8	length_below_min	length=7
C0HMI9	length_below_min	length=5
C0HMJ2	nonstandard_residue_letter	letters=X
C0HMJ3	nonstandard_residue_letter	letters=X
C0HMK0	nonstandard_residue_letter	letters=X
C0HMK2	length_below_min	length=6
C0HMK3	nonstandard_residue_letter	letters=X
C0HMK4	length_below_min	length=7
C0HMK6	nonstandard_residue_letter	letters=X
C0HML4	nonstandard_residue_letter	letters=X
C0HML6	nonstandard_residue_letter	letters=X
C0STK7	nonstandard_residue_letter	letters=X
C3RZA1	nonstandard_residue_letter	letters=X
C6E5Z5	nonstandard_residue_letter	letters=U
C8BKC7	nonstandard_residue_letter	letters=X
C8XPS0	nonstandard_residue_letter	letters=X
D0EYG3	nonstandard_residue_letter	letters=U
D2Y102	nonstandard_residue_letter	letters=X
D3JTC2	nonstandard_residue_letter	letters=X
D3UW23	nonstandard_residue_letter	letters=X
D3Z2R5	nonstandard_residue_letter	letters=U
D3ZRP6	nonstandard_residue_letter	letters=X
D7UQ39	nonstandard_residue_letter	letters=X
D7UQ44	nonstandard_residue_letter	letters=X
D8ILJ0	nonstandard_residue_letter	letters=B
E7KFU6	nonstandard_residue_letter	letters=X
E7KLI6	nonstandard_residue_letter	letters=X
E7KM17	nonstandard_residue_letter	letters=X
E7KPQ3	nonstandard_residue_letter	letters=X
E7KPZ3	nonstandard_residue_letter	letters=X
E7KS00	nonstandard_residue_letter	letters=B
E7KUA5	nonstandard_residue_letter	letters=X
E7LVH4	nonstandard_residue_letter	letters=X
E7LXI9	nonstandard_residue_letter	letters=X
E7LXU7	nonstandard_residue_letter	letters=X
E7LYB2	nonstandard_residue_letter	letters=X
E7LZK9	nonstandard_residue_letter	letters=X
E7NFN4	nonstandard_residue_letter	letters=X
E7NHN2	nonstandard_residue_letter	letters=X
E7NIY5	nonstandard_residue_letter	letters=X
E7NLM5	nonstandard_residue_letter	letters=X
E7NM81	nonstandard_residue_letter	letters=X
E7NMC3	nonstandard_residue_letter	letters=X
E7NND9	nonstandard_residue_letter	letters=X
E7NNK3	nonstandard_residue_letter	letters=X
E7Q257	nonstandard_residue_letter	letters=X
E7Q2X8	nonstandard_residue_letter	letters=B
E7Q311	nonstandard_residue_letter	letters=X
E7Q3U6	nonstandard_residue_letter	letters=B
E7Q4T7	nonstandard_residue_letter	letters=X
E7Q664	nonstandard_residue_letter	letters=X
E7Q8M6	nonstandard_residue_letter	letters=X
E7Q9C7	nonstandard_residue_letter	letters=X
E7QIA1	nonstandard_residue_letter	letters=X
E7QK11	nonstandard_residue_letter	letters=X
E7QKV3	nonstandard_residue_letter	letters=X
E7QLB7	nonstandard_residue_letter	letters=X
E9KMQ3	nonstandard_residue_letter	letters=X
E9KMQ4	nonstandard_residue_letter	letters=X
F0JBF0	nonstandard_residue_letter	letters=U
F1M5M3	nonstandard_residue_letter	letters=X
F1M775	nonstandard_residue_letter	letters=X
F1N8V3	nonstandard_residue_letter	letters=X
F1SR90	nonstandard_residue_letter	letters=U
F1SVN3	nonstandard_residue_letter	letters=U
F2Z9C1	nonstandard_residue_letter	letters=X
G2WRL1	nonstandard_residue_letter	letters=X
G3I6Z6	nonstandard_residue_letter	letters=X
G4WAW9	nonstandard_residue_letter	letters=U
G9BWP3	nonstandard_residue_letter	letters=X
G9JJU2	nonstandard_residue_letter	letters=U
H2A0M7	nonstandard_residue_letter	letters=B
H2A0N9	nonstandard_residue_letter	letters=X
L7WGA7	nonstandard_residue_letter	letters=U
L7X8P2	nonstandard_residue_letter	letters=X
L7XDS4	nonstandard_residue_letter	letters=X
O00757	fs_extension	porter_48_3ifaA__5et5A
O02664	nonstandard_residue_letter	letters=X
O02827	nonstandard_residue_letter	letters=X
O03063	nonstandard_residue_letter	letters=X
O03067	nonstandard_residue_letter	letters=X
O03070	nonstandard_residue_letter	letters=X
O03073	nonstandard_residue_letter	letters=X
O03077	nonstandard_residue_letter	letters=X
O03085	nonstandard_residue_letter	letters=X
O03173	nonstandard_residue_letter	letters=X
O03570	nonstandard_residue_letter	letters=X
O03848	nonstandard_residue_letter	letters=X
O04235	nonstandard_residue_letter	letters=X
O05069	nonstandard_residue_letter	letters=X
O07005	nonstandard_residue_letter	letters=X
O07824	nonstandard_residue_letter	letters=X
O08405	nonstandard_residue_letter	letters=X
O11840	nonstandard_residue_letter	letters=X
O13010	nonstandard_residue_letter	letters=X
O13163	nonstandard_residue_letter	letters=X
O13164	nonstandard_residue_letter	letters=X
O13434	nonstandard_residue_letter	letters=X
O16068	nonstandard_residue_letter	letters=X
O16076	nonstandard_residue_letter	letters=X
O16087	nonstandard_residue_letter	letters=X
O18423	fs_extension	porter_2_5ec5P__3zxgB
O19025	nonstandard_residue_letter	letters=X
O19032	nonstandard_residue_letter	letters=X
O19097	nonstandard_residue_letter	letters=U
O19816	nonstandard_residue_letter	letters=X
O20998	nonstandard_residue_letter	letters=X
O21220	nonstandard_residue_letter	letters=X
O22328	nonstandard_residue_letter	letters=X
O23939	nonstandard_residue_letter	letters=X
O24310	nonstandard_residue_letter	letters=X
O25595	nonstandard_residue_letter	letters=X
O26106	nonstandard_residue_letter	letters=X
O30642	nonstandard_residue_letter	letters=O
O31194	nonstandard_residue_letter	letters=X
O32378	nonstandard_residue_letter	letters=X
O32414	nonstandard_residue_letter	letters=X
O32518	nonstandard_residue_letter	letters=U
O33369	nonstandard_residue_letter	letters=X
O33507	nonstandard_residue_letter	letters=X
O33845	nonstandard_residue_letter	letters=X
O42411	nonstandard_residue_letter	letters=U
O42412	nonstandard_residue_letter	letters=U
O42449	nonstandard_residue_letter	letters=U
O44111	nonstandard_residue_letter	letters=X
O46651	nonstandard_residue_letter	letters=X
O47125	nonstandard_residue_letter	letters=X
O47135	nonstandard_residue_letter	letters=X
O47976	nonstandard_residue_letter	letters=X
O47993	nonstandard_residue_letter	letters=X
O48009	nonstandard_residue_letter	letters=X
O48043	nonstandard_residue_letter	letters=X
O48047	nonstandard_residue_letter	letters=X
O48055	nonstandard_residue_letter	letters=X
O48076	nonstandard_residue_letter	letters=X
O48087	nonstandard_residue_letter	letters=X
O48093	nonstandard_residue_letter	letters=X
O48100	nonstandard_residue_letter	letters=X
O48101	nonstandard_residue_letter	letters=X
O48285	nonstandard_residue_letter	letters=X
O50563	nonstandard_residue_letter	letters=X
O51118	nonstandard_residue_letter	letters=X
O51195	nonstandard_residue_letter	letters=X
O51206	nonstandard_residue_letter	letters=X
O51215	nonstandard_residue_letter	letters=X
O51226	nonstandard_residue_letter	letters=X
O51272	nonstandard_residue_letter	letters=X
O51291	nonstandard_residue_letter	letters=X
O51481	nonstandard_residue_letter	letters=X
O51572	nonstandard_residue_letter	letters=X
O51596	nonstandard_residue_letter	letters=B
O51693	nonstandard_residue_letter	letters=X
O51776	nonstandard_residue_letter	letters=X
O54888	nonstandard_residue_letter	letters=X
O54952	nonstandard_residue_letter	letters=X
O55265	nonstandard_residue_letter	letters=X
O56075	nonstandard_residue_letter	letters=X
O60462	fs_fragment_evidence	porter_81_4qdsA__2qqjA
O60613	nonstandard_residue_letter	letters=U
O61069	nonstandard_residue_letter	letters=X
O61078	nonstandard_residue_letter	letters=X
O61590	nonstandard_residue_letter	letters=X
O62643	nonstandard_residue_letter	letters=X
O62768	nonstandard_residue_letter	letters=U
O62839	nonstandard_residue_letter	letters=X
O64900	nonstandard_residue_letter	letters=X
O65316	nonstandard_residue_letter	letters=X
O66190	nonstandard_residue_letter	letters=X
O66196	nonstandard_residue_letter	letters=X
O66200	nonstandard_residue_letter	letters=X
O66204	nonstandard_residue_letter	letters=X
O66206	nonstandard_residue_letter	letters=X
O67139	nonstandard_residue_letter	letters=U
O67441	nonstandard_residue_letter	letters=X
O68936	length_below_min	length=9
O69407	nonstandard_residue_letter	letters=U
O69450	nonstandard_residue_letter	letters=X
O69451	nonstandard_residue_letter	letters=X
O69783	nonstandard_residue_letter	letters=X
O70325	nonstandard_residue_letter	letters=U
O73718	nonstandard_residue_letter	letters=X
O76074	fs_extension	porter_90_1rkpA__2h44A
O77723	nonstandard_residue_letter	letters=X
O78405	nonstandard_residue_letter	letters=X
O78774	nonstandard_residue_letter	letters=X
O78776	nonstandard_residue_letter	letters=X
O78777	nonstandard_residue_letter	letters=X
O78780	nonstandard_residue_letter	letters=X
O78781	nonstandard_residue_letter	letters=X
O78782	nonstandard_residue_letter	letters=X
O79462	nonstandard_residue_letter	letters=X
O79969	nonstandard_residue_letter	letters=X
O81973	nonstandard_residue_letter	letters=X
O83231	nonstandard_residue_letter	letters=X
O83276	nonstandard_residue_letter	letters=X
O83372	nonstandard_residue_letter	letters=X
O83386	nonstandard_residue_letter	letters=X
O83432	nonstandard_residue_letter	letters=X
O83496	nonstandard_residue_letter	letters=X
O83571	nonstandard_residue_letter	letters=X
O83690	nonstandard_residue_letter	letters=X
O83759	nonstandard_residue_letter	letters=X
O83762	nonstandard_residue_letter	letters=X,Z
O83774	nonstandard_residue_letter	letters=X
O83819	nonstandard_residue_letter	letters=X
O83892	nonstandard_residue_letter	letters=X
O83893	nonstandard_residue_letter	letters=X
O86186	nonstandard_residue_letter	letters=U
O86223	nonstandard_residue_letter	letters=X
O86227	nonstandard_residue_letter	letters=X
O86232	nonstandard_residue_letter	letters=X
O87444	nonstandard_residue_letter	letters=X
O87790	nonstandard_residue_letter	letters=X
O88273	fs_extension	porter_47_4jphB__5hk5H
O89049	nonstandard_residue_letter	letters=U
O90368	nonstandard_residue_letter	letters=X
O92815	nonstandard_residue_letter	letters=X
O93058	nonstandard_residue_letter	letters=X
O93574	nonstandard_residue_letter	letters=X
O93636	nonstandard_residue_letter	letters=X
O93658	nonstandard_residue_letter	letters=O
O93661	nonstandard_residue_letter	letters=O
O96900	nonstandard_residue_letter	letters=X
O97594	nonstandard_residue_letter	letters=X
O98360	nonstandard_residue_letter	letters=X
O98634	nonstandard_residue_letter	letters=X
O98636	nonstandard_residue_letter	letters=X
O98639	nonstandard_residue_letter	letters=X
O98668	nonstandard_residue_letter	letters=X
O98766	nonstandard_residue_letter	letters=X
O98840	nonstandard_residue_letter	letters=X
O98883	nonstandard_residue_letter	letters=X
O99001	nonstandard_residue_letter	letters=X
O99795	nonstandard_residue_letter	letters=X
P00026	nonstandard_residue_letter	letters=B,Z
P00032	nonstandard_residue_letter	letters=B,Z
P00053	nonstandard_residue_letter	letters=B,Z
P00054	nonstandard_residue_letter	letters=B,Z
P00056	nonstandard_residue_letter	letters=X
P00057	nonstandard_residue_letter	letters=B,Z
P00058	nonstandard_residue_letter	letters=B,Z
P00059	nonstandard_residue_letter	letters=B,Z
P00064	nonstandard_residue_letter	letters=B,Z
P00065	nonstandard_residue_letter	letters=X
P00066	nonstandard_residue_letter	letters=B,Z
P00067	nonstandard_residue_letter	letters=Z
P00069	nonstandard_residue_letter	letters=B,Z
P00071	nonstandard_residue_letter	letters=B,Z
P00072	nonstandard_residue_letter	letters=B,Z
P00074	nonstandard_residue_letter	letters=Z
P00075	nonstandard_residue_letter	letters=B,Z
P00081	nonstandard_residue_letter	letters=Z
P00107	nonstandard_residue_letter	letters=Z
P00135	nonstandard_residue_letter	letters=B
P00293	nonstandard_residue_letter	letters=B,Z
P00302	nonstandard_residue_letter	letters=B
P00303	nonstandard_residue_letter	letters=X
P00346	nonstandard_residue_letter	letters=X
P00368	nonstandard_residue_letter	letters=Z
P00435	nonstandard_residue_letter	letters=U
P00441	fs_extension	porter_3_1uxmK__2namA
P00573	fs_strict_positive	porter_51_1h38D__1qlnA
P00658	nonstandard_residue_letter	letters=B,Z
P00659	nonstandard_residue_letter	letters=B,Z
P00745	nonstandard_residue_letter	letters=X
P00752	nonstandard_residue_letter	letters=B,X
P00865	nonstandard_residue_letter	letters=X
P00917	nonstandard_residue_letter	letters=Z
P00976	nonstandard_residue_letter	letters=B
P01009	fs_extension	porter_75_3t1pA__1kctA
P01024	fs_extension	porter_86_2a73B__3l5nB
P01049	nonstandard_residue_letter	letters=B,Z
P01054	nonstandard_residue_letter	letters=Z
P01056	nonstandard_residue_letter	letters=B,Z
P01073	nonstandard_residue_letter	letters=B,Z
P01153	length_below_min	length=7
P01158	length_below_min	length=9
P01181	nonstandard_residue_letter	letters=X
P01184	nonstandard_residue_letter	letters=X
P01206	nonstandard_residue_letter	letters=B,Z
P01255	length_below_min	length=9
P01284	nonstandard_residue_letter	letters=X
P01310	nonstandard_residue_letter	letters=X
P01324	nonstandard_residue_letter	letters=B
P01327	nonstandard_residue_letter	letters=X
P01333	nonstandard_residue_letter	letters=X
P01340	nonstandard_residue_letter	letters=B,Z
P01537	nonstandard_residue_letter	letters=B,Z
P01540	nonstandard_residue_letter	letters=B
P01643	nonstandard_residue_letter	letters=B,Z
P01658	nonstandard_residue_letter	letters=B,Z
P01659	nonstandard_residue_letter	letters=B,Z
P01680	nonstandard_residue_letter	letters=X
P01681	nonstandard_residue_letter	letters=Z
P01682	nonstandard_residue_letter	letters=B,Z
P01686	nonstandard_residue_letter	letters=Z
P01687	nonstandard_residue_letter	letters=B,Z
P01688	nonstandard_residue_letter	letters=B,Z
P01689	nonstandard_residue_letter	letters=Z
P01690	nonstandard_residue_letter	letters=X
P01697	nonstandard_residue_letter	letters=B
P01698	nonstandard_residue_letter	letters=B,X,Z
P01786	nonstandard_residue_letter	letters=B,Z
P01788	nonstandard_residue_letter	letters=B
P01827	nonstandard_residue_letter	letters=B,Z
P01828	nonstandard_residue_letter	letters=B
P01838	nonstandard_residue_letter	letters=X,Z
P01858	length_below_min	length=4
P01862	nonstandard_residue_letter	letters=B,Z
P01874	nonstandard_residue_letter	letters=B,Z
P01934	nonstandard_residue_letter	letters=B,Z
P01935	nonstandard_residue_letter	letters=B,Z
P01972	nonstandard_residue_letter	letters=B,Z
P02076	nonstandard_residue_letter	letters=B,X,Z
P02080	nonstandard_residue_letter	letters=B,Z
P02092	nonstandard_residue_letter	letters=B,Z
P02135	nonstandard_residue_letter	letters=B,Z
P02214	nonstandard_residue_letter	letters=B,Z
P02217	nonstandard_residue_letter	letters=X
P02280	nonstandard_residue_letter	letters=X
P02289	nonstandard_residue_letter	letters=X
P02456	nonstandard_residue_letter	letters=B,Z
P02457	nonstandard_residue_letter	letters=Z
P02580	nonstandard_residue_letter	letters=X
P02581	nonstandard_residue_letter	letters=X
P02647	fs_extension	porter_49_3k2sA__2a01C
P02678	nonstandard_residue_letter	letters=B
P02729	length_below_min	length=8
P02733	nonstandard_residue_letter	letters=B
P02744	nonstandard_residue_letter	letters=B
P02809	nonstandard_residue_letter	letters=X
P02885	nonstandard_residue_letter	letters=B
P03101	fs_extension	porter_37_5keqF__1dzlA
P03317	nonstandard_residue_letter	letters=X
P03318	nonstandard_residue_letter	letters=X
P03359	nonstandard_residue_letter	letters=X
P03420	fs_fragment_evidence	porter_1_1g2cF__5c6bF
P03441	nonstandard_residue_letter	letters=X
P03586	nonstandard_residue_letter	letters=X
P03587	nonstandard_residue_letter	letters=X
P03645	nonstandard_residue_letter	letters=X
P04041	nonstandard_residue_letter	letters=U
P04093	nonstandard_residue_letter	letters=X
P04098	nonstandard_residue_letter	letters=X
P04127	fs_extension	porter_31_5fluE__2uy7D
P04215	nonstandard_residue_letter	letters=X
P04353	nonstandard_residue_letter	letters=Z
P04404	nonstandard_residue_letter	letters=X
P04518	nonstandard_residue_letter	letters=X
P04566	nonstandard_residue_letter	letters=X
P04869	nonstandard_residue_letter	letters=X
P04941	nonstandard_residue_letter	letters=X
P04943	nonstandard_residue_letter	letters=X
P04944	nonstandard_residue_letter	letters=X
P04946	nonstandard_residue_letter	letters=X
P05080	nonstandard_residue_letter	letters=X
P05487	length_below_min	length=9
P05621	nonstandard_residue_letter	letters=B
P05878	nonstandard_residue_letter	letters=X
P05884	nonstandard_residue_letter	letters=X
P05885	nonstandard_residue_letter	letters=X
P05886	nonstandard_residue_letter	letters=X
P05945	nonstandard_residue_letter	letters=X
P05961	nonstandard_residue_letter	letters=X
P06294	length_below_min	length=7
P07203	nonstandard_residue_letter	letters=U
P07449	nonstandard_residue_letter	letters=X
P07658	nonstandard_residue_letter	letters=U
P07748	nonstandard_residue_letter	letters=X
P07848	nonstandard_residue_letter	letters=B,Z
P07849	nonstandard_residue_letter	letters=B,Z
P08412	nonstandard_residue_letter	letters=X
P08485	nonstandard_residue_letter	letters=X
P08715	nonstandard_residue_letter	letters=X
P08748	nonstandard_residue_letter	letters=X
P08810	nonstandard_residue_letter	letters=X
P08834	nonstandard_residue_letter	letters=X
P08863	nonstandard_residue_letter	letters=X
P08939	length_below_min	length=8
P08945	length_below_min	length=9
P08946	length_below_min	length=9
P09167	fs_extension	porter_82_5jzhA__5jztG
P09227	nonstandard_residue_letter	letters=X
P09407	nonstandard_residue_letter	letters=Z
P09475	nonstandard_residue_letter	letters=X
P09516	nonstandard_residue_letter	letters=X
P09545	fs_extension	porter_92_3o44A__1xezA
P09566	nonstandard_residue_letter	letters=X
P09686	nonstandard_residue_letter	letters=X
P09864	nonstandard_residue_letter	letters=X
P09873	nonstandard_residue_letter	letters=B,Z
P09940	nonstandard_residue_letter	letters=B
P0A061	length_below_min	length=9
P0A062	length_below_min	length=9
P0A3T1	nonstandard_residue_letter	letters=X
P0ABH3	nonstandard_residue_letter	letters=B
P0C065	nonstandard_residue_letter	letters=X
P0C0W3	nonstandard_residue_letter	letters=O
P0C0W4	nonstandard_residue_letter	letters=O
P0C0W5	nonstandard_residue_letter	letters=O
P0C0W6	nonstandard_residue_letter	letters=O
P0C0W7	nonstandard_residue_letter	letters=O
P0C167	nonstandard_residue_letter	letters=X
P0C180	nonstandard_residue_letter	letters=X
P0C1G4	nonstandard_residue_letter	letters=X
P0C1V5	nonstandard_residue_letter	letters=U
P0C1V6	nonstandard_residue_letter	letters=U
P0C229	length_below_min	length=8
P0C249	length_below_min	length=8
P0C2A0	nonstandard_residue_letter	letters=X
P0C2D4	nonstandard_residue_letter	letters=X
P0C2K5	length_below_min	length=7
P0C2K7	length_below_min	length=8
P0C2K8	length_below_min	length=7
P0C2K9	length_below_min	length=9
P0C2L0	nonstandard_residue_letter	letters=X
P0C2L1	nonstandard_residue_letter	letters=X
P0C2U5	nonstandard_residue_letter	letters=X
P0C2X0	fs_extension	porter_79_5i2mA__5i2sA
P0C580	nonstandard_residue_letter	letters=X
P0C590	nonstandard_residue_letter	letters=X
P0C5A5	nonstandard_residue_letter	letters=X
P0C676	nonstandard_residue_letter	letters=X
P0C694	nonstandard_residue_letter	letters=X
P0C6F4	nonstandard_residue_letter	letters=X
P0C6G1	nonstandard_residue_letter	letters=X
P0C6M6	nonstandard_residue_letter	letters=X
P0C6M8	nonstandard_residue_letter	letters=X
P0C6R9	nonstandard_residue_letter	letters=X
P0C6S5	nonstandard_residue_letter	letters=X
P0C6S6	nonstandard_residue_letter	letters=X
P0C6V8	nonstandard_residue_letter	letters=X
P0C6W4	nonstandard_residue_letter	letters=X
P0C7S4	length_below_min	length=9
P0C7W7	nonstandard_residue_letter	letters=X
P0C8B6	nonstandard_residue_letter	letters=X
P0C8B8	nonstandard_residue_letter	letters=X
P0C8B9	nonstandard_residue_letter	letters=X
P0C8C0	nonstandard_residue_letter	letters=X
P0C8C1	nonstandard_residue_letter	letters=X
P0C8C3	length_below_min	length=9
P0C8C5	nonstandard_residue_letter	letters=X
P0C8C6	nonstandard_residue_letter	letters=X
P0C8C9	nonstandard_residue_letter	letters=X
P0C8D1	nonstandard_residue_letter	letters=X
P0C8D2	nonstandard_residue_letter	letters=X
P0C8D5	nonstandard_residue_letter	letters=X
P0C8D6	nonstandard_residue_letter	letters=X
P0C8D7	nonstandard_residue_letter	letters=X
P0C8D8	nonstandard_residue_letter	letters=X
P0C8J2	nonstandard_residue_letter	letters=X
P0C8J3	nonstandard_residue_letter	letters=X
P0C8J4	nonstandard_residue_letter	letters=X
P0C8L5	nonstandard_residue_letter	letters=X
P0C8W7	length_below_min	length=7
P0C8W9	nonstandard_residue_letter	letters=X
P0C8X3	nonstandard_residue_letter	letters=X
P0C8Z4	nonstandard_residue_letter	letters=X
P0C911	nonstandard_residue_letter	letters=X
P0C942	nonstandard_residue_letter	letters=X
P0C943	nonstandard_residue_letter	letters=X
P0CAR2	nonstandard_residue_letter	letters=X
P0CAR3	nonstandard_residue_letter	letters=X
P0CAR4	nonstandard_residue_letter	letters=X
P0CAR6	nonstandard_residue_letter	letters=X
P0CAR7	nonstandard_residue_letter	letters=X
P0CAS8	nonstandard_residue_letter	letters=X
P0CAT1	nonstandard_residue_letter	letters=X
P0CAY9	nonstandard_residue_letter	letters=X
P0CAZ5	nonstandard_residue_letter	letters=X
P0CB90	nonstandard_residue_letter	letters=X
P0CF04	length_below_min	length=9
P0CF95	nonstandard_residue_letter	letters=B
P0CG44	nonstandard_residue_letter	letters=X
P0CH86	nonstandard_residue_letter	letters=X
P0CI20	nonstandard_residue_letter	letters=X
P0CJ35	nonstandard_residue_letter	letters=X
P0CK18	nonstandard_residue_letter	letters=X
P0CU57	length_below_min	length=6
P0CU59	length_below_min	length=8
P0CU60	length_below_min	length=8
P0CV90	length_below_min	length=9
P0DI31	nonstandard_residue_letter	letters=X
P0DI62	nonstandard_residue_letter	letters=X
P0DJ44	nonstandard_residue_letter	letters=X
P0DJ86	nonstandard_residue_letter	letters=X
P0DJE2	nonstandard_residue_letter	letters=X
P0DJE6	nonstandard_residue_letter	letters=X
P0DJH2	nonstandard_residue_letter	letters=X
P0DJH4	nonstandard_residue_letter	letters=X
P0DJJ6	length_below_min	length=9
P0DKJ0	length_below_min	length=5
P0DKM3	nonstandard_residue_letter	letters=X
P0DKN0	nonstandard_residue_letter	letters=X
P0DKN1	nonstandard_residue_letter	letters=X
P0DKS4	length_below_min	length=8
P0DKW6	nonstandard_residue_letter	letters=X
P0DKZ3	length_below_min	length=7
P0DKZ4	length_below_min	length=8
P0DKZ8	length_below_min	length=7
P0DL14	nonstandard_residue_letter	letters=X
P0DL15	nonstandard_residue_letter	letters=X
P0DL17	nonstandard_residue_letter	letters=X
P0DL18	nonstandard_residue_letter	letters=X
P0DL25	nonstandard_residue_letter	letters=X
P0DL29	nonstandard_residue_letter	letters=X
P0DL71	length_below_min	length=8
P0DL76	length_below_min	length=9
P0DM76	length_below_min	length=9
P0DM98	length_below_min	length=9
P0DMD7	nonstandard_residue_letter	letters=X
P0DMM6	length_below_min	length=9
P0DMQ4	nonstandard_residue_letter	letters=X
P0DMT6	nonstandard_residue_letter	letters=X
P0DOE1	nonstandard_residue_letter	letters=X
P0DOY5	length_below_min	length=5
P0DOZ3	nonstandard_residue_letter	letters=X
P0DP13	length_below_min	length=8
P0DP14	length_below_min	length=8
P0DP17	length_below_min	length=8
P0DP78	nonstandard_residue_letter	letters=X
P0DPG2	nonstandard_residue_letter	letters=X
P0DPI4	length_below_min	length=4
P0DPJ3	nonstandard_residue_letter	letters=X
P0DPJ8	nonstandard_residue_letter	letters=X
P0DPL4	length_below_min	length=9
P0DPN7	length_below_min	length=8
P0DPQ2	length_below_min	length=8
P0DPR3	length_below_min	length=2
P0DPS2	nonstandard_residue_letter	letters=X
P0DPS3	nonstandard_residue_letter	letters=X
P0DPX7	nonstandard_residue_letter	letters=X
P0DPY6	nonstandard_residue_letter	letters=X
P0DPZ4	nonstandard_residue_letter	letters=X
P0DQB0	nonstandard_residue_letter	letters=X
P0DQF4	nonstandard_residue_letter	letters=X
P0DQM6	length_below_min	length=9
P0DQM7	length_below_min	length=9
P0DQZ0	length_below_min	length=7
P0DRE1	length_below_min	length=8
P0DRE2	length_below_min	length=7
P0DRE3	length_below_min	length=7
P0DRE4	length_below_min	length=9
P0DRE5	length_below_min	length=6
P0DRF0	length_below_min	length=9
P0DRF1	length_below_min	length=9
P0DRF2	length_below_min	length=9
P0DRF3	length_below_min	length=8
P0DRF4	length_below_min	length=7
P0DRF5	length_below_min	length=7
P0DRF6	length_below_min	length=6
P0DRF7	length_below_min	length=9
P0DRF8	length_below_min	length=6
P0DRG3	length_below_min	length=8
P0DRG4	length_below_min	length=8
P0DRG5	length_below_min	length=7
P0DRG6	length_below_min	length=7
P0DRG7	length_below_min	length=8
P0DRG8	length_below_min	length=7
P0DRG9	length_below_min	length=5
P0DRH0	length_below_min	length=5
P0DRH1	length_below_min	length=4
P0DRH2	length_below_min	length=4
P0DRJ7	nonstandard_residue_letter	letters=X
P0DRL1	nonstandard_residue_letter	letters=X
P0DSF9	length_below_min	length=9
P0DSG7	length_below_min	length=9
P0DSH2	length_below_min	length=8
P0DSO7	nonstandard_residue_letter	letters=X
P0DUC3	length_below_min	length=9
P0DUC4	length_below_min	length=7
P0DUC5	length_below_min	length=6
P0DUC6	length_below_min	length=8
P0DUC7	length_below_min	length=8
P0DUC8	length_below_min	length=7
P0DUN3	nonstandard_residue_letter	letters=X
P0DUN4	nonstandard_residue_letter	letters=X
P0DUP9	nonstandard_residue_letter	letters=X
P0DUQ9	length_below_min	length=9
P0DUS0	length_below_min	length=4
P0DUU1	length_below_min	length=9
P0DV72	length_below_min	length=8
P0DW10	nonstandard_residue_letter	letters=X
P0DX55	length_below_min	length=9
P0DX57	nonstandard_residue_letter	letters=X
P0DX58	nonstandard_residue_letter	letters=X
P0DX59	nonstandard_residue_letter	letters=X
P0DX65	length_below_min	length=9
P0DX94	length_below_min	length=6
P0DXK1	nonstandard_residue_letter	letters=X
P0DY31	nonstandard_residue_letter	letters=X
P0DYK9	nonstandard_residue_letter	letters=X
P10307	nonstandard_residue_letter	letters=X
P10420	length_below_min	length=7
P10473	nonstandard_residue_letter	letters=X
P10626	nonstandard_residue_letter	letters=X
P10748	nonstandard_residue_letter	letters=X
P11143	nonstandard_residue_letter	letters=X
P11145	nonstandard_residue_letter	letters=X
P11148	nonstandard_residue_letter	letters=X
P11209	fs_fragment_evidence	porter_1_1g2cF__5c6bF
P11267	nonstandard_residue_letter	letters=X
P11352	nonstandard_residue_letter	letters=U
P11640	nonstandard_residue_letter	letters=X
P11641	nonstandard_residue_letter	letters=X
P11737	nonstandard_residue_letter	letters=X
P11887	nonstandard_residue_letter	letters=X
P11909	nonstandard_residue_letter	letters=U
P11932	length_below_min	length=7
P12245	nonstandard_residue_letter	letters=X
P12320	nonstandard_residue_letter	letters=X
P12381	length_below_min	length=9
P12431	nonstandard_residue_letter	letters=X
P12481	length_below_min	length=9
P12664	nonstandard_residue_letter	letters=X
P12704	nonstandard_residue_letter	letters=B,Z
P12705	nonstandard_residue_letter	letters=X
P12761	nonstandard_residue_letter	letters=X
P12997	length_below_min	length=5
P13049	length_below_min	length=8
P13065	nonstandard_residue_letter	letters=U
P13071	length_below_min	length=5
P13193	nonstandard_residue_letter	letters=X
P13268	length_below_min	length=8
P13269	length_below_min	length=8
P13736	length_below_min	length=6
P13737	length_below_min	length=6
P13781	nonstandard_residue_letter	letters=X
P13887	nonstandard_residue_letter	letters=X
P13888	nonstandard_residue_letter	letters=X
P13890	nonstandard_residue_letter	letters=X
P13896	nonstandard_residue_letter	letters=X
P14217	nonstandard_residue_letter	letters=X
P14274	nonstandard_residue_letter	letters=X
P14275	nonstandard_residue_letter	letters=X
P14276	nonstandard_residue_letter	letters=X
P14277	nonstandard_residue_letter	letters=X
P14396	nonstandard_residue_letter	letters=B
P14398	nonstandard_residue_letter	letters=B
P14422	nonstandard_residue_letter	letters=X
P14472	nonstandard_residue_letter	letters=B,Z
P14474	nonstandard_residue_letter	letters=B
P14595	length_below_min	length=8
P14627	nonstandard_residue_letter	letters=X
P15187	nonstandard_residue_letter	letters=X
P15227	nonstandard_residue_letter	letters=X
P15326	nonstandard_residue_letter	letters=X
P15438	nonstandard_residue_letter	letters=X
P15466	nonstandard_residue_letter	letters=X
P15484	nonstandard_residue_letter	letters=X
P15507	length_below_min	length=8
P15534	nonstandard_residue_letter	letters=X
P15868	nonstandard_residue_letter	letters=X
P15962	nonstandard_residue_letter	letters=X
P16101	length_below_min	length=7
P16223	length_below_min	length=9
P16274	nonstandard_residue_letter	letters=X
P16339	length_below_min	length=9
P16343	nonstandard_residue_letter	letters=Z
P16360	nonstandard_residue_letter	letters=X
P16852	nonstandard_residue_letter	letters=X
P17003	nonstandard_residue_letter	letters=X
P17004	nonstandard_residue_letter	letters=X
P17005	nonstandard_residue_letter	letters=X
P17229	nonstandard_residue_letter	letters=X
P17440	length_below_min	length=9
P17441	length_below_min	length=9
P17459	nonstandard_residue_letter	letters=X
P17460	nonstandard_residue_letter	letters=X
P17466	nonstandard_residue_letter	letters=X
P17517	nonstandard_residue_letter	letters=X
P17604	nonstandard_residue_letter	letters=X,Z
P17734	nonstandard_residue_letter	letters=B,Z
P17874	nonstandard_residue_letter	letters=X
P17916	nonstandard_residue_letter	letters=X
P18063	nonstandard_residue_letter	letters=X
P18172	nonstandard_residue_letter	letters=U
P18190	nonstandard_residue_letter	letters=X
P18250	nonstandard_residue_letter	letters=X
P18283	nonstandard_residue_letter	letters=U
P18339	nonstandard_residue_letter	letters=X
P18478	nonstandard_residue_letter	letters=X
P18651	nonstandard_residue_letter	letters=X
P18691	length_below_min	length=8
P18887	fs_extension	porter_59_1xntA__3lqcA
P18979	nonstandard_residue_letter	letters=X
P18991	nonstandard_residue_letter	letters=X
P18999	nonstandard_residue_letter	letters=X
P19095	length_below_min	length=9
P19149	length_below_min	length=9
P19341	nonstandard_residue_letter	letters=B,X,Z
P19342	length_below_min	length=9
P19343	length_below_min	length=9
P19344	length_below_min	length=9
P19345	length_below_min	length=9
P19346	length_below_min	length=9
P19375	nonstandard_residue_letter	letters=X
P19574	nonstandard_residue_letter	letters=X
P19589	nonstandard_residue_letter	letters=X
P19618	nonstandard_residue_letter	letters=X
P19620	nonstandard_residue_letter	letters=X
P19621	nonstandard_residue_letter	letters=X
P19640	nonstandard_residue_letter	letters=X
P19726	fs_strict_positive	porter_9_3j7wB__3j7vG
P19852	length_below_min	length=9
P19853	length_below_min	length=9
P19916	length_below_min	length=4
P19918	length_below_min	length=4
P19986	nonstandard_residue_letter	letters=X
P19987	length_below_min	length=8
P19988	length_below_min	length=8
P19989	length_below_min	length=8
P19990	length_below_min	length=8
P19991	length_below_min	length=5
P20011	nonstandard_residue_letter	letters=X
P20012	nonstandard_residue_letter	letters=X
P20057	nonstandard_residue_letter	letters=X
P20104	length_below_min	length=7
P20117	nonstandard_residue_letter	letters=X
P20121	nonstandard_residue_letter	letters=X
P20162	nonstandard_residue_letter	letters=X
P20182	nonstandard_residue_letter	letters=X
P20266	nonstandard_residue_letter	letters=X
P20486	fs_fragment_evidence	porter_32_3qy2A__1qb3A
P20677	nonstandard_residue_letter	letters=B,Z
P20731	nonstandard_residue_letter	letters=X
P20734	nonstandard_residue_letter	letters=X
P20803	nonstandard_residue_letter	letters=X
P20860	nonstandard_residue_letter	letters=X
P21140	length_below_min	length=8
P21141	length_below_min	length=8
P21142	length_below_min	length=8
P21143	length_below_min	length=8
P21222	nonstandard_residue_letter	letters=X
P21225	nonstandard_residue_letter	letters=X
P21252	nonstandard_residue_letter	letters=X
P21381	nonstandard_residue_letter	letters=X
P21414	nonstandard_residue_letter	letters=X
P21714	nonstandard_residue_letter	letters=X
P21715	nonstandard_residue_letter	letters=X
P21718	nonstandard_residue_letter	letters=X
P21719	nonstandard_residue_letter	letters=X
P21722	nonstandard_residue_letter	letters=X
P21723	nonstandard_residue_letter	letters=X
P21833	nonstandard_residue_letter	letters=X
P21834	nonstandard_residue_letter	letters=X
P21964	fs_extension	porter_83_4pyiA__4pyjA
P21984	nonstandard_residue_letter	letters=B
P21985	nonstandard_residue_letter	letters=B,X
P21986	nonstandard_residue_letter	letters=B
P21987	nonstandard_residue_letter	letters=B
P22273	nonstandard_residue_letter	letters=X
P22298	nonstandard_residue_letter	letters=X
P22352	nonstandard_residue_letter	letters=U
P22396	length_below_min	length=8
P22416	nonstandard_residue_letter	letters=X
P22442	nonstandard_residue_letter	letters=X
P22508	nonstandard_residue_letter	letters=X
P22779	nonstandard_residue_letter	letters=X
P22799	nonstandard_residue_letter	letters=X
P22958	nonstandard_residue_letter	letters=X
P23002	nonstandard_residue_letter	letters=X
P23007	nonstandard_residue_letter	letters=X
P23008	nonstandard_residue_letter	letters=X
P23029	nonstandard_residue_letter	letters=X
P23037	nonstandard_residue_letter	letters=X
P23075	nonstandard_residue_letter	letters=X
P23210	length_below_min	length=6
P23211	length_below_min	length=8
P23268	nonstandard_residue_letter	letters=X
P23320	nonstandard_residue_letter	letters=X
P23417	nonstandard_residue_letter	letters=X
P23571	nonstandard_residue_letter	letters=X
P23723	nonstandard_residue_letter	letters=X
P23764	nonstandard_residue_letter	letters=U
P23823	nonstandard_residue_letter	letters=X
P24047	length_below_min	length=9
P24126	nonstandard_residue_letter	letters=X
P24134	nonstandard_residue_letter	letters=X
P24183	nonstandard_residue_letter	letters=U
P24389	nonstandard_residue_letter	letters=U
P24477	nonstandard_residue_letter	letters=X
P24743	nonstandard_residue_letter	letters=X
P24816	length_below_min	length=9
P24925	nonstandard_residue_letter	letters=X
P25072	nonstandard_residue_letter	letters=B
P25236	nonstandard_residue_letter	letters=U
P25329	nonstandard_residue_letter	letters=Z
P25330	nonstandard_residue_letter	letters=Z
P25418	length_below_min	length=8
P25508	nonstandard_residue_letter	letters=X
P25825	length_below_min	length=9
P25933	nonstandard_residue_letter	letters=X
P25934	nonstandard_residue_letter	letters=X
P26028	nonstandard_residue_letter	letters=X
P26226	nonstandard_residue_letter	letters=X
P26227	nonstandard_residue_letter	letters=X
P26330	nonstandard_residue_letter	letters=X
P26460	nonstandard_residue_letter	letters=X
P26970	nonstandard_residue_letter	letters=U
P26971	nonstandard_residue_letter	letters=U
P27145	nonstandard_residue_letter	letters=X
P27209	nonstandard_residue_letter	letters=X
P27282	nonstandard_residue_letter	letters=X
P27283	nonstandard_residue_letter	letters=X
P27359	fs_extension	porter_54_3hdeA__3hdfA
P27445	nonstandard_residue_letter	letters=X
P27582	nonstandard_residue_letter	letters=X
P27583	nonstandard_residue_letter	letters=X
P27587	nonstandard_residue_letter	letters=X
P27634	nonstandard_residue_letter	letters=X
P28308	nonstandard_residue_letter	letters=X
P28378	nonstandard_residue_letter	letters=X
P28380	nonstandard_residue_letter	letters=X
P28390	nonstandard_residue_letter	letters=X
P28392	nonstandard_residue_letter	letters=X
P28409	nonstandard_residue_letter	letters=X
P28413	nonstandard_residue_letter	letters=X
P28419	nonstandard_residue_letter	letters=X
P28421	nonstandard_residue_letter	letters=X
P28429	nonstandard_residue_letter	letters=X
P28436	nonstandard_residue_letter	letters=X
P28438	nonstandard_residue_letter	letters=X
P28453	nonstandard_residue_letter	letters=X
P28459	nonstandard_residue_letter	letters=X
P28487	nonstandard_residue_letter	letters=X
P28490	nonstandard_residue_letter	letters=X
P28587	nonstandard_residue_letter	letters=X
P28588	nonstandard_residue_letter	letters=X
P28624	nonstandard_residue_letter	letters=X
P29049	nonstandard_residue_letter	letters=X
P29090	nonstandard_residue_letter	letters=B,Z
P29098	nonstandard_residue_letter	letters=X
P29115	nonstandard_residue_letter	letters=X
P29116	nonstandard_residue_letter	letters=X
P29133	nonstandard_residue_letter	letters=X
P29137	nonstandard_residue_letter	letters=X
P29177	length_below_min	length=9
P29184	nonstandard_residue_letter	letters=X
P29188	nonstandard_residue_letter	letters=X
P29259	nonstandard_residue_letter	letters=X
P29260	nonstandard_residue_letter	letters=X
P29262	nonstandard_residue_letter	letters=X
P29263	nonstandard_residue_letter	letters=X
P29264	nonstandard_residue_letter	letters=X
P29265	nonstandard_residue_letter	letters=X
P29306	nonstandard_residue_letter	letters=X
P29420	nonstandard_residue_letter	letters=X
P29499	nonstandard_residue_letter	letters=X
P29532	nonstandard_residue_letter	letters=X
P29605	nonstandard_residue_letter	letters=X
P29630	nonstandard_residue_letter	letters=X
P29637	nonstandard_residue_letter	letters=X
P29639	nonstandard_residue_letter	letters=X
P29645	nonstandard_residue_letter	letters=X
P29658	nonstandard_residue_letter	letters=X
P29661	nonstandard_residue_letter	letters=X
P29662	nonstandard_residue_letter	letters=X
P29665	nonstandard_residue_letter	letters=X
P30035	nonstandard_residue_letter	letters=X
P30168	nonstandard_residue_letter	letters=X
P30169	nonstandard_residue_letter	letters=X
P30206	nonstandard_residue_letter	letters=X
P30228	nonstandard_residue_letter	letters=X
P30544	nonstandard_residue_letter	letters=X
P30576	nonstandard_residue_letter	letters=X
P30581	nonstandard_residue_letter	letters=X
P30738	nonstandard_residue_letter	letters=X
P30805	nonstandard_residue_letter	letters=X
P30810	nonstandard_residue_letter	letters=X
P30895	nonstandard_residue_letter	letters=X
P30918	nonstandard_residue_letter	letters=X
P30930	nonstandard_residue_letter	letters=X
P31182	nonstandard_residue_letter	letters=X
P31183	nonstandard_residue_letter	letters=X
P31184	nonstandard_residue_letter	letters=X
P31196	nonstandard_residue_letter	letters=X
P31201	nonstandard_residue_letter	letters=X
P31202	nonstandard_residue_letter	letters=X
P31236	nonstandard_residue_letter	letters=X
P31615	nonstandard_residue_letter	letters=X
P31799	length_below_min	length=9
P31832	nonstandard_residue_letter	letters=X
P31861	nonstandard_residue_letter	letters=X
P31889	length_below_min	length=7
P32101	nonstandard_residue_letter	letters=X
P32176	nonstandard_residue_letter	letters=U
P32428	nonstandard_residue_letter	letters=B,Z
P32537	nonstandard_residue_letter	letters=X
P32649	nonstandard_residue_letter	letters=X
P33045	nonstandard_residue_letter	letters=X
P33072	nonstandard_residue_letter	letters=X
P33088	nonstandard_residue_letter	letters=B,Z
P33162	nonstandard_residue_letter	letters=X
P33369	nonstandard_residue_letter	letters=X
P33403	nonstandard_residue_letter	letters=X
P33404	nonstandard_residue_letter	letters=X
P33405	nonstandard_residue_letter	letters=X
P33528	nonstandard_residue_letter	letters=X
P33564	length_below_min	length=9
P33574	nonstandard_residue_letter	letters=X
P33623	nonstandard_residue_letter	letters=X
P33630	nonstandard_residue_letter	letters=X
P33631	nonstandard_residue_letter	letters=X
P33632	nonstandard_residue_letter	letters=X
P33686	nonstandard_residue_letter	letters=X
P33887	nonstandard_residue_letter	letters=X
P33888	nonstandard_residue_letter	letters=X
P33889	nonstandard_residue_letter	letters=X
P34039	nonstandard_residue_letter	letters=X
P34156	nonstandard_residue_letter	letters=X
P34169	nonstandard_residue_letter	letters=X
P34172	nonstandard_residue_letter	letters=X
P34173	nonstandard_residue_letter	letters=X
P34178	nonstandard_residue_letter	letters=X
P34184	nonstandard_residue_letter	letters=X
P34936	nonstandard_residue_letter	letters=X
P34938	nonstandard_residue_letter	letters=X
P35051	nonstandard_residue_letter	letters=X
P35387	nonstandard_residue_letter	letters=X
P35458	nonstandard_residue_letter	letters=X
P35707	nonstandard_residue_letter	letters=Z
P35758	nonstandard_residue_letter	letters=X
P35904	length_below_min	length=4
P35919	length_below_min	length=7
P35920	length_below_min	length=7
P35921	length_below_min	length=7
P35992	nonstandard_residue_letter	letters=X
P36057	fs_extension	porter_36_2gedB__1nrjB
P36230	nonstandard_residue_letter	letters=X
P36232	nonstandard_residue_letter	letters=X
P36327	nonstandard_residue_letter	letters=X
P36328	nonstandard_residue_letter	letters=X
P36414	length_below_min	length=6
P36479	nonstandard_residue_letter	letters=X
P36480	nonstandard_residue_letter	letters=X
P36483	nonstandard_residue_letter	letters=X
P36484	nonstandard_residue_letter	letters=X
P36485	nonstandard_residue_letter	letters=X
P36487	nonstandard_residue_letter	letters=X
P36488	nonstandard_residue_letter	letters=X
P36489	nonstandard_residue_letter	letters=X
P36490	nonstandard_residue_letter	letters=X
P36510	nonstandard_residue_letter	letters=X
P36515	length_below_min	length=4
P36522	nonstandard_residue_letter	letters=X
P36530	nonstandard_residue_letter	letters=X
P36685	nonstandard_residue_letter	letters=X
P36960	length_below_min	length=7
P36968	nonstandard_residue_letter	letters=U
P36969	nonstandard_residue_letter	letters=U
P36970	nonstandard_residue_letter	letters=U
P37003	nonstandard_residue_letter	letters=X
P37036	nonstandard_residue_letter	letters=B,Z
P37103	nonstandard_residue_letter	letters=X
P37141	nonstandard_residue_letter	letters=U
P37356	nonstandard_residue_letter	letters=X
P37357	nonstandard_residue_letter	letters=X
P37365	nonstandard_residue_letter	letters=X
P37706	nonstandard_residue_letter	letters=X
P37715	nonstandard_residue_letter	letters=X
P37803	nonstandard_residue_letter	letters=X
P37840	fs_extension	porter_95_2n0aD__2kkwA
P38003	nonstandard_residue_letter	letters=X
P38005	length_below_min	length=5
P38026	nonstandard_residue_letter	letters=X
P38027	nonstandard_residue_letter	letters=X
P38028	nonstandard_residue_letter	letters=X
P38030	nonstandard_residue_letter	letters=X
P38495	length_below_min	length=9
P38498	length_below_min	length=7
P38499	length_below_min	length=7
P38505	fs_strict_positive	porter_77_2nxqB__1jfkA
P38639	length_below_min	length=5
P38640	length_below_min	length=9
P38641	length_below_min	length=7
P38642	length_below_min	length=7
P38643	nonstandard_residue_letter	letters=X
P38644	length_below_min	length=8
P39088	nonstandard_residue_letter	letters=X
P39091	nonstandard_residue_letter	letters=X
P39503	nonstandard_residue_letter	letters=X
P39806	nonstandard_residue_letter	letters=X
P39901	nonstandard_residue_letter	letters=X
P39915	nonstandard_residue_letter	letters=X
P40125	nonstandard_residue_letter	letters=X
P40129	nonstandard_residue_letter	letters=X
P40280	nonstandard_residue_letter	letters=X
P41486	length_below_min	length=8
P41487	length_below_min	length=8
P41489	length_below_min	length=9
P41491	length_below_min	length=6
P41492	length_below_min	length=9
P41493	nonstandard_residue_letter	letters=X
P41495	length_below_min	length=6
P41517	length_below_min	length=9
P41522	nonstandard_residue_letter	letters=X
P41566	nonstandard_residue_letter	letters=X
P41725	nonstandard_residue_letter	letters=X
P41840	length_below_min	length=8
P41841	length_below_min	length=8
P41853	length_below_min	length=5
P41856	length_below_min	length=9
P41857	length_below_min	length=9
P41858	length_below_min	length=9
P41859	length_below_min	length=9
P41860	length_below_min	length=9
P41861	length_below_min	length=9
P41862	length_below_min	length=9
P41863	length_below_min	length=8
P41865	length_below_min	length=9
P41866	length_below_min	length=7
P41868	length_below_min	length=9
P41871	length_below_min	length=7
P41872	length_below_min	length=8
P41873	length_below_min	length=9
P41874	length_below_min	length=7
P41875	length_below_min	length=7
P41966	length_below_min	length=6
P42047	nonstandard_residue_letter	letters=X
P42048	nonstandard_residue_letter	letters=X
P42049	nonstandard_residue_letter	letters=X
P42050	nonstandard_residue_letter	letters=X
P42052	nonstandard_residue_letter	letters=X
P42053	nonstandard_residue_letter	letters=X
P42554	nonstandard_residue_letter	letters=X
P42562	length_below_min	length=4
P42563	length_below_min	length=4
P42564	length_below_min	length=7
P42717	nonstandard_residue_letter	letters=Z
P42984	length_below_min	length=7
P42985	length_below_min	length=6
P42993	length_below_min	length=9
P42994	length_below_min	length=9
P42995	length_below_min	length=9
P42996	length_below_min	length=9
P42997	length_below_min	length=9
P42998	length_below_min	length=9
P42999	length_below_min	length=9
P43000	length_below_min	length=9
P43158	nonstandard_residue_letter	letters=X
P43170	length_below_min	length=9
P43171	length_below_min	length=8
P43172	length_below_min	length=9
P43344	nonstandard_residue_letter	letters=X
P43514	nonstandard_residue_letter	letters=X
P43645	nonstandard_residue_letter	letters=X
P43737	nonstandard_residue_letter	letters=X
P43745	nonstandard_residue_letter	letters=X
P43806	nonstandard_residue_letter	letters=X
P43836	nonstandard_residue_letter	letters=X
P43892	nonstandard_residue_letter	letters=X
P43911	nonstandard_residue_letter	letters=U
P43969	nonstandard_residue_letter	letters=X
P43976	nonstandard_residue_letter	letters=X
P44144	nonstandard_residue_letter	letters=B
P44160	nonstandard_residue_letter	letters=X
P44197	nonstandard_residue_letter	letters=X
P44262	nonstandard_residue_letter	letters=X
P44359	nonstandard_residue_letter	letters=X
P44388	nonstandard_residue_letter	letters=X
P44431	nonstandard_residue_letter	letters=X
P44478	nonstandard_residue_letter	letters=X
P44523	nonstandard_residue_letter	letters=X
P44534	nonstandard_residue_letter	letters=X
P44584	nonstandard_residue_letter	letters=X
P44718	nonstandard_residue_letter	letters=X
P44785	nonstandard_residue_letter	letters=X
P44907	nonstandard_residue_letter	letters=X
P45045	nonstandard_residue_letter	letters=X
P45099	nonstandard_residue_letter	letters=X
P45120	nonstandard_residue_letter	letters=X
P45182	nonstandard_residue_letter	letters=X
P45188	nonstandard_residue_letter	letters=X
P45766	nonstandard_residue_letter	letters=X
P45845	nonstandard_residue_letter	letters=X
P46183	nonstandard_residue_letter	letters=X
P46303	nonstandard_residue_letter	letters=X
P46364	nonstandard_residue_letter	letters=X
P46366	nonstandard_residue_letter	letters=X
P46412	nonstandard_residue_letter	letters=U
P46448	nonstandard_residue_letter	letters=U
P46458	nonstandard_residue_letter	letters=X
P46796	nonstandard_residue_letter	letters=X
P47808	nonstandard_residue_letter	letters=X
P47837	nonstandard_residue_letter	letters=X
P47992	fs_extension	porter_65_2hdmA__2n54B
P48012	nonstandard_residue_letter	letters=X
P48073	nonstandard_residue_letter	letters=X
P48074	nonstandard_residue_letter	letters=X
P48429	nonstandard_residue_letter	letters=X
P48438	nonstandard_residue_letter	letters=X
P48447	nonstandard_residue_letter	letters=X
P48689	nonstandard_residue_letter	letters=X
P48691	nonstandard_residue_letter	letters=X
P48699	nonstandard_residue_letter	letters=X
P48712	nonstandard_residue_letter	letters=X
P49261	nonstandard_residue_letter	letters=X
P49277	nonstandard_residue_letter	letters=X
P49325	nonstandard_residue_letter	letters=X
P49643	fs_fragment_evidence	porter_35_4rr2D__3l9qB
P49818	nonstandard_residue_letter	letters=X
P49894	nonstandard_residue_letter	letters=U
P49895	nonstandard_residue_letter	letters=U
P49896	nonstandard_residue_letter	letters=U
P49897	nonstandard_residue_letter	letters=U
P49898	nonstandard_residue_letter	letters=U
P49899	nonstandard_residue_letter	letters=U
P49907	nonstandard_residue_letter	letters=U
P49908	nonstandard_residue_letter	letters=U
P50972	nonstandard_residue_letter	letters=U
P51101	nonstandard_residue_letter	letters=X
P51126	nonstandard_residue_letter	letters=X
P51552	nonstandard_residue_letter	letters=X
P51750	nonstandard_residue_letter	letters=X
P51889	nonstandard_residue_letter	letters=X
P51994	nonstandard_residue_letter	letters=X
P52216	nonstandard_residue_letter	letters=U
P52217	nonstandard_residue_letter	letters=U
P52552	nonstandard_residue_letter	letters=X
P52865	nonstandard_residue_letter	letters=X
P52866	nonstandard_residue_letter	letters=X
P52949	nonstandard_residue_letter	letters=X
P53027	nonstandard_residue_letter	letters=X
P54713	nonstandard_residue_letter	letters=X
P55073	nonstandard_residue_letter	letters=U
P55224	nonstandard_residue_letter	letters=X
P55261	nonstandard_residue_letter	letters=X
P55738	nonstandard_residue_letter	letters=X
P55804	nonstandard_residue_letter	letters=X
P55817	nonstandard_residue_letter	letters=X
P55820	nonstandard_residue_letter	letters=X
P56096	nonstandard_residue_letter	letters=X
P56530	nonstandard_residue_letter	letters=B
P56531	nonstandard_residue_letter	letters=B
P56535	nonstandard_residue_letter	letters=X
P56575	length_below_min	length=8
P56576	length_below_min	length=7
P56586	nonstandard_residue_letter	letters=X
P56591	nonstandard_residue_letter	letters=X
P56866	nonstandard_residue_letter	letters=X
P56870	nonstandard_residue_letter	letters=X
P57675	nonstandard_residue_letter	letters=X
P57997	nonstandard_residue_letter	letters=X
P58020	nonstandard_residue_letter	letters=X
P58095	nonstandard_residue_letter	letters=X
P58261	length_below_min	length=5
P58367	nonstandard_residue_letter	letters=X
P58396	nonstandard_residue_letter	letters=X
P58648	length_below_min	length=4
P58649	length_below_min	length=4
P58705	length_below_min	length=4
P58706	length_below_min	length=4
P58707	length_below_min	length=4
P58785	length_below_min	length=8
P58803	length_below_min	length=7
P58865	nonstandard_residue_letter	letters=O
P58866	nonstandard_residue_letter	letters=O
P58898	nonstandard_residue_letter	letters=B,X
P58945	nonstandard_residue_letter	letters=X
P58969	nonstandard_residue_letter	letters=O
P58970	nonstandard_residue_letter	letters=O
P58971	nonstandard_residue_letter	letters=O
P58972	nonstandard_residue_letter	letters=O
P58973	nonstandard_residue_letter	letters=O
P58974	nonstandard_residue_letter	letters=O
P59677	nonstandard_residue_letter	letters=X
P59796	nonstandard_residue_letter	letters=U
P59797	nonstandard_residue_letter	letters=U
P59798	nonstandard_residue_letter	letters=U
P59849	nonstandard_residue_letter	letters=X
P60200	nonstandard_residue_letter	letters=U
P60263	nonstandard_residue_letter	letters=X
P60271	nonstandard_residue_letter	letters=X
P60275	nonstandard_residue_letter	letters=B
P60819	nonstandard_residue_letter	letters=U
P60820	nonstandard_residue_letter	letters=U
P60950	nonstandard_residue_letter	letters=X
P61154	nonstandard_residue_letter	letters=U
P61159	nonstandard_residue_letter	letters=U
P61856	length_below_min	length=8
P61900	nonstandard_residue_letter	letters=X
P61901	nonstandard_residue_letter	letters=X
P61902	nonstandard_residue_letter	letters=X
P61903	nonstandard_residue_letter	letters=X
P62285	nonstandard_residue_letter	letters=X
P62290	nonstandard_residue_letter	letters=X
P62291	nonstandard_residue_letter	letters=X
P62296	nonstandard_residue_letter	letters=X
P62297	nonstandard_residue_letter	letters=B,X
P62341	nonstandard_residue_letter	letters=U
P62342	nonstandard_residue_letter	letters=U
P62463	nonstandard_residue_letter	letters=X
P62968	length_below_min	length=3
P62969	length_below_min	length=3
P62970	length_below_min	length=3
P62971	length_below_min	length=3
P63300	nonstandard_residue_letter	letters=U
P63301	nonstandard_residue_letter	letters=U
P63302	nonstandard_residue_letter	letters=U
P63303	nonstandard_residue_letter	letters=U
P67785	length_below_min	length=8
P67786	length_below_min	length=8
P67787	length_below_min	length=9
P67789	length_below_min	length=8
P67790	length_below_min	length=8
P67857	length_below_min	length=5
P67858	length_below_min	length=5
P67859	length_below_min	length=5
P67879	length_below_min	length=7
P67880	length_below_min	length=7
P68058	nonstandard_residue_letter	letters=Z
P68125	length_below_min	length=8
P68126	length_below_min	length=8
P68213	nonstandard_residue_letter	letters=X
P68431	fs_extension	porter_94_3kuyA__5c3iF
P68748	nonstandard_residue_letter	letters=X
P68749	nonstandard_residue_letter	letters=X
P68755	nonstandard_residue_letter	letters=X
P68756	nonstandard_residue_letter	letters=X
P68757	nonstandard_residue_letter	letters=X
P68758	nonstandard_residue_letter	letters=X
P68759	nonstandard_residue_letter	letters=X
P68760	nonstandard_residue_letter	letters=X
P69043	length_below_min	length=9
P69044	length_below_min	length=9
P69056	length_below_min	length=9
P69057	length_below_min	length=9
P69058	length_below_min	length=9
P69128	length_below_min	length=9
P69129	length_below_min	length=9
P69137	length_below_min	length=4
P69138	length_below_min	length=4
P69145	length_below_min	length=4
P69146	length_below_min	length=4
P69147	length_below_min	length=4
P69148	length_below_min	length=4
P69203	length_below_min	length=5
P69476	nonstandard_residue_letter	letters=X
P69477	nonstandard_residue_letter	letters=X
P69514	nonstandard_residue_letter	letters=X
P70064	nonstandard_residue_letter	letters=X
P70274	nonstandard_residue_letter	letters=U
P70503	nonstandard_residue_letter	letters=X
P70551	nonstandard_residue_letter	letters=U
P70555	nonstandard_residue_letter	letters=X
P71370	nonstandard_residue_letter	letters=X
P71380	nonstandard_residue_letter	letters=X
P71384	nonstandard_residue_letter	letters=X
P71387	nonstandard_residue_letter	letters=X
P72581	nonstandard_residue_letter	letters=X
P75146	nonstandard_residue_letter	letters=X
P75901	nonstandard_residue_letter	letters=X
P76000	nonstandard_residue_letter	letters=X
P77868	nonstandard_residue_letter	letters=X
P77908	nonstandard_residue_letter	letters=X
P78688	nonstandard_residue_letter	letters=X
P79303	nonstandard_residue_letter	letters=X
P79324	nonstandard_residue_letter	letters=X
P79747	nonstandard_residue_letter	letters=U
P80027	length_below_min	length=9
P80037	nonstandard_residue_letter	letters=X
P80048	nonstandard_residue_letter	letters=X
P80081	nonstandard_residue_letter	letters=X
P80083	nonstandard_residue_letter	letters=X
P80084	nonstandard_residue_letter	letters=X
P80087	nonstandard_residue_letter	letters=X
P80088	nonstandard_residue_letter	letters=X
P80149	nonstandard_residue_letter	letters=X
P80159	length_below_min	length=9
P80166	nonstandard_residue_letter	letters=X
P80173	nonstandard_residue_letter	letters=X
P80209	nonstandard_residue_letter	letters=X
P80212	nonstandard_residue_letter	letters=X
P80213	nonstandard_residue_letter	letters=X
P80225	nonstandard_residue_letter	letters=X
P80262	nonstandard_residue_letter	letters=X
P80263	nonstandard_residue_letter	letters=X
P80265	nonstandard_residue_letter	letters=X
P80266	nonstandard_residue_letter	letters=X
P80274	nonstandard_residue_letter	letters=X
P80323	nonstandard_residue_letter	letters=X
P80327	nonstandard_residue_letter	letters=X
P80329	nonstandard_residue_letter	letters=X
P80330	nonstandard_residue_letter	letters=X
P80331	nonstandard_residue_letter	letters=X
P80332	nonstandard_residue_letter	letters=X
P80333	nonstandard_residue_letter	letters=X
P80334	nonstandard_residue_letter	letters=X
P80335	nonstandard_residue_letter	letters=X
P80343	nonstandard_residue_letter	letters=X
P80350	nonstandard_residue_letter	letters=X
P80363	nonstandard_residue_letter	letters=X
P80406	nonstandard_residue_letter	letters=X
P80414	nonstandard_residue_letter	letters=X
P80430	length_below_min	length=8
P80437	nonstandard_residue_letter	letters=X
P80438	nonstandard_residue_letter	letters=X
P80451	nonstandard_residue_letter	letters=X
P80459	nonstandard_residue_letter	letters=X
P80465	nonstandard_residue_letter	letters=X
P80466	nonstandard_residue_letter	letters=X
P80473	nonstandard_residue_letter	letters=X
P80474	nonstandard_residue_letter	letters=X
P80488	length_below_min	length=8
P80493	nonstandard_residue_letter	letters=X
P80499	nonstandard_residue_letter	letters=X
P80500	nonstandard_residue_letter	letters=X
P80503	nonstandard_residue_letter	letters=X
P80504	nonstandard_residue_letter	letters=X
P80509	nonstandard_residue_letter	letters=X
P80510	nonstandard_residue_letter	letters=X
P80533	nonstandard_residue_letter	letters=X
P80539	nonstandard_residue_letter	letters=X
P80540	nonstandard_residue_letter	letters=X
P80542	nonstandard_residue_letter	letters=X
P80543	nonstandard_residue_letter	letters=X
P80551	nonstandard_residue_letter	letters=X
P80552	nonstandard_residue_letter	letters=X
P80554	nonstandard_residue_letter	letters=X
P80567	nonstandard_residue_letter	letters=X
P80580	nonstandard_residue_letter	letters=X
P80611	nonstandard_residue_letter	letters=X
P80615	nonstandard_residue_letter	letters=X
P80617	nonstandard_residue_letter	letters=X
P80618	nonstandard_residue_letter	letters=X
P80619	nonstandard_residue_letter	letters=X
P80627	nonstandard_residue_letter	letters=X
P80628	length_below_min	length=5
P80630	length_below_min	length=7
P80632	length_below_min	length=8
P80634	nonstandard_residue_letter	letters=X
P80637	nonstandard_residue_letter	letters=X
P80638	nonstandard_residue_letter	letters=X
P80640	nonstandard_residue_letter	letters=X
P80641	nonstandard_residue_letter	letters=X
P80642	nonstandard_residue_letter	letters=X
P80657	nonstandard_residue_letter	letters=X
P80660	nonstandard_residue_letter	letters=X
P80661	nonstandard_residue_letter	letters=X
P80692	nonstandard_residue_letter	letters=X
P80709	length_below_min	length=8
P80730	nonstandard_residue_letter	letters=X
P80731	nonstandard_residue_letter	letters=X
P80743	nonstandard_residue_letter	letters=X
P80751	length_below_min	length=9
P80752	length_below_min	length=9
P80754	nonstandard_residue_letter	letters=X
P80758	length_below_min	length=7
P80759	length_below_min	length=7
P80764	length_below_min	length=9
P80765	length_below_min	length=9
P80768	nonstandard_residue_letter	letters=X
P80778	length_below_min	length=9
P80782	nonstandard_residue_letter	letters=X
P80783	nonstandard_residue_letter	letters=X
P80784	length_below_min	length=9
P80789	nonstandard_residue_letter	letters=X
P80797	length_below_min	length=7
P80803	nonstandard_residue_letter	letters=X
P80804	length_below_min	length=9
P80807	nonstandard_residue_letter	letters=X
P80808	nonstandard_residue_letter	letters=X
P80813	length_below_min	length=7
P80816	nonstandard_residue_letter	letters=X
P80820	length_below_min	length=5
P80823	nonstandard_residue_letter	letters=X
P80826	length_below_min	length=5
P80827	length_below_min	length=7
P80830	length_below_min	length=7
P80831	length_below_min	length=5
P80832	length_below_min	length=5
P80838	nonstandard_residue_letter	letters=X
P80839	length_below_min	length=5
P80841	length_below_min	length=9
P80842	nonstandard_residue_letter	letters=X
P80847	length_below_min	length=6
P80849	length_below_min	length=6
P80867	nonstandard_residue_letter	letters=X
P80887	nonstandard_residue_letter	letters=X
P80896	nonstandard_residue_letter	letters=X
P80921	nonstandard_residue_letter	letters=X
P80930	nonstandard_residue_letter	letters=X
P80933	nonstandard_residue_letter	letters=X
P80934	nonstandard_residue_letter	letters=X
P80935	nonstandard_residue_letter	letters=X
P80939	nonstandard_residue_letter	letters=X
P80951	nonstandard_residue_letter	letters=X
P80953	nonstandard_residue_letter	letters=X
P80968	nonstandard_residue_letter	letters=X
P80975	length_below_min	length=9
P80979	nonstandard_residue_letter	letters=X
P80983	nonstandard_residue_letter	letters=X
P80984	nonstandard_residue_letter	letters=X
P80997	nonstandard_residue_letter	letters=X
P81000	nonstandard_residue_letter	letters=X
P81001	nonstandard_residue_letter	letters=X
P81010	length_below_min	length=8
P81036	nonstandard_residue_letter	letters=X
P81038	nonstandard_residue_letter	letters=X
P81044	nonstandard_residue_letter	letters=X
P81050	nonstandard_residue_letter	letters=X
P81079	nonstandard_residue_letter	letters=X
P81098	nonstandard_residue_letter	letters=X
P81104	nonstandard_residue_letter	letters=X
P81111	nonstandard_residue_letter	letters=X
P81113	nonstandard_residue_letter	letters=X
P81114	nonstandard_residue_letter	letters=X
P81123	nonstandard_residue_letter	letters=X
P81130	nonstandard_residue_letter	letters=X
P81149	nonstandard_residue_letter	letters=X
P81152	length_below_min	length=8
P81161	nonstandard_residue_letter	letters=X
P81179	length_below_min	length=9
P81185	nonstandard_residue_letter	letters=X
P81189	nonstandard_residue_letter	letters=X
P81207	nonstandard_residue_letter	letters=X
P81216	nonstandard_residue_letter	letters=X
P81217	nonstandard_residue_letter	letters=X
P81298	length_below_min	length=7
P81334	nonstandard_residue_letter	letters=U
P81335	nonstandard_residue_letter	letters=U
P81337	length_below_min	length=9
P81341	nonstandard_residue_letter	letters=X
P81342	nonstandard_residue_letter	letters=X
P81344	nonstandard_residue_letter	letters=X
P81345	nonstandard_residue_letter	letters=X
P81346	nonstandard_residue_letter	letters=X
P81347	nonstandard_residue_letter	letters=X
P81348	nonstandard_residue_letter	letters=X
P81349	nonstandard_residue_letter	letters=X
P81351	length_below_min	length=6
P81352	nonstandard_residue_letter	letters=X
P81354	nonstandard_residue_letter	letters=X
P81355	length_below_min	length=9
P81356	nonstandard_residue_letter	letters=X
P81357	nonstandard_residue_letter	letters=X
P81358	nonstandard_residue_letter	letters=X
P81364	nonstandard_residue_letter	letters=X
P81369	nonstandard_residue_letter	letters=X
P81420	nonstandard_residue_letter	letters=X
P81469	nonstandard_residue_letter	letters=X
P81470	nonstandard_residue_letter	letters=X
P81471	nonstandard_residue_letter	letters=X
P81475	nonstandard_residue_letter	letters=X
P81483	nonstandard_residue_letter	letters=B,X
P81484	nonstandard_residue_letter	letters=B,X
P81531	nonstandard_residue_letter	letters=X
P81533	nonstandard_residue_letter	letters=X
P81540	nonstandard_residue_letter	letters=X
P81541	nonstandard_residue_letter	letters=X
P81545	nonstandard_residue_letter	letters=X
P81557	nonstandard_residue_letter	letters=X
P81567	nonstandard_residue_letter	letters=X
P81568	nonstandard_residue_letter	letters=X
P81572	nonstandard_residue_letter	letters=X
P81610	nonstandard_residue_letter	letters=X
P81611	nonstandard_residue_letter	letters=X
P81643	nonstandard_residue_letter	letters=X
P81674	nonstandard_residue_letter	letters=X
P81675	length_below_min	length=7
P81707	length_below_min	length=8
P81710	nonstandard_residue_letter	letters=X
P81736	length_below_min	length=9
P81745	nonstandard_residue_letter	letters=X
P81746	nonstandard_residue_letter	letters=X
P81758	nonstandard_residue_letter	letters=X
P81789	nonstandard_residue_letter	letters=X
P81794	nonstandard_residue_letter	letters=X
P81797	nonstandard_residue_letter	letters=X
P81805	length_below_min	length=7
P81806	length_below_min	length=7
P81807	length_below_min	length=7
P81808	length_below_min	length=7
P81809	length_below_min	length=8
P81811	length_below_min	length=8
P81812	length_below_min	length=8
P81813	length_below_min	length=9
P81814	length_below_min	length=9
P81815	length_below_min	length=8
P81817	length_below_min	length=5
P81818	length_below_min	length=8
P81819	length_below_min	length=8
P81820	length_below_min	length=8
P81821	length_below_min	length=8
P81826	length_below_min	length=5
P81864	length_below_min	length=5
P81870	nonstandard_residue_letter	letters=X
P81876	nonstandard_residue_letter	letters=X
P81880	nonstandard_residue_letter	letters=X
P81886	length_below_min	length=8
P81895	nonstandard_residue_letter	letters=X
P81896	nonstandard_residue_letter	letters=X
P81903	nonstandard_residue_letter	letters=X
P81905	nonstandard_residue_letter	letters=X
P81907	nonstandard_residue_letter	letters=X
P81943	nonstandard_residue_letter	letters=X
P81954	nonstandard_residue_letter	letters=X
P81955	nonstandard_residue_letter	letters=X
P81956	nonstandard_residue_letter	letters=X
P81959	nonstandard_residue_letter	letters=X
P81988	nonstandard_residue_letter	letters=X
P81990	nonstandard_residue_letter	letters=X
P81991	nonstandard_residue_letter	letters=X
P81994	nonstandard_residue_letter	letters=X
P81995	nonstandard_residue_letter	letters=X
P82008	nonstandard_residue_letter	letters=X
P82009	nonstandard_residue_letter	letters=X
P82025	nonstandard_residue_letter	letters=X
P82065	length_below_min	length=7
P82070	length_below_min	length=5
P82071	length_below_min	length=5
P82072	length_below_min	length=5
P82073	length_below_min	length=5
P82075	length_below_min	length=9
P82079	length_below_min	length=8
P82082	length_below_min	length=8
P82083	length_below_min	length=8
P82096	length_below_min	length=6
P82099	length_below_min	length=5
P82100	length_below_min	length=5
P82101	length_below_min	length=7
P82126	nonstandard_residue_letter	letters=X
P82145	nonstandard_residue_letter	letters=X
P82152	length_below_min	length=8
P82154	length_below_min	length=8
P82155	length_below_min	length=8
P82156	length_below_min	length=8
P82157	length_below_min	length=8
P82158	length_below_min	length=7
P82175	nonstandard_residue_letter	letters=X
P82202	nonstandard_residue_letter	letters=X
P82206	nonstandard_residue_letter	letters=X
P82208	length_below_min	length=9
P82212	nonstandard_residue_letter	letters=X
P82217	nonstandard_residue_letter	letters=X
P82218	nonstandard_residue_letter	letters=X
P82219	nonstandard_residue_letter	letters=X
P82221	nonstandard_residue_letter	letters=X
P82222	nonstandard_residue_letter	letters=X
P82240	nonstandard_residue_letter	letters=X
P82259	nonstandard_residue_letter	letters=X
P82306	nonstandard_residue_letter	letters=X
P82310	nonstandard_residue_letter	letters=X
P82324	length_below_min	length=8
P82336	nonstandard_residue_letter	letters=X
P82341	nonstandard_residue_letter	letters=X
P82342	nonstandard_residue_letter	letters=X
P82429	length_below_min	length=9
P82430	nonstandard_residue_letter	letters=X
P82432	nonstandard_residue_letter	letters=X
P82434	nonstandard_residue_letter	letters=X
P82436	nonstandard_residue_letter	letters=X
P82437	nonstandard_residue_letter	letters=X
P82438	nonstandard_residue_letter	letters=X
P82440	length_below_min	length=9
P82442	nonstandard_residue_letter	letters=X
P82443	nonstandard_residue_letter	letters=X
P82445	length_below_min	length=7
P82446	nonstandard_residue_letter	letters=X
P82447	nonstandard_residue_letter	letters=X
P82455	length_below_min	length=8
P82473	nonstandard_residue_letter	letters=X
P82530	nonstandard_residue_letter	letters=X
P82539	nonstandard_residue_letter	letters=X
P82598	length_below_min	length=8
P82607	nonstandard_residue_letter	letters=X
P82608	nonstandard_residue_letter	letters=X
P82609	nonstandard_residue_letter	letters=X
P82618	length_below_min	length=8
P82655	length_below_min	length=6
P82661	length_below_min	length=9
P82671	nonstandard_residue_letter	letters=X
P82679	nonstandard_residue_letter	letters=X
P82685	length_below_min	length=8
P82686	length_below_min	length=8
P82687	length_below_min	length=8
P82688	length_below_min	length=8
P82689	length_below_min	length=8
P82691	length_below_min	length=9
P82692	length_below_min	length=8
P82799	nonstandard_residue_letter	letters=X
P82809	nonstandard_residue_letter	letters=X
P82810	nonstandard_residue_letter	letters=X
P82858	length_below_min	length=8
P82865	nonstandard_residue_letter	letters=X
P82868	nonstandard_residue_letter	letters=X
P82893	nonstandard_residue_letter	letters=X
P82897	nonstandard_residue_letter	letters=X
P82907	nonstandard_residue_letter	letters=X
P82939	nonstandard_residue_letter	letters=X
P82944	nonstandard_residue_letter	letters=X
P82955	nonstandard_residue_letter	letters=X
P82956	nonstandard_residue_letter	letters=X
P82961	length_below_min	length=8
P82964	nonstandard_residue_letter	letters=X
P82992	length_below_min	length=9
P82996	nonstandard_residue_letter	letters=X
P83011	nonstandard_residue_letter	letters=X
P83047	length_below_min	length=9
P83049	nonstandard_residue_letter	letters=X
P83058	length_below_min	length=9
P83062	nonstandard_residue_letter	letters=X
P83067	nonstandard_residue_letter	letters=X
P83073	length_below_min	length=5
P83126	nonstandard_residue_letter	letters=X
P83138	nonstandard_residue_letter	letters=X
P83139	nonstandard_residue_letter	letters=X
P83140	nonstandard_residue_letter	letters=X
P83143	nonstandard_residue_letter	letters=X
P83152	length_below_min	length=9
P83157	length_below_min	length=9
P83158	length_below_min	length=9
P83169	nonstandard_residue_letter	letters=X
P83173	nonstandard_residue_letter	letters=X
P83174	nonstandard_residue_letter	letters=X
P83175	nonstandard_residue_letter	letters=X
P83176	nonstandard_residue_letter	letters=X
P83177	nonstandard_residue_letter	letters=X
P83178	nonstandard_residue_letter	letters=X
P83195	length_below_min	length=8
P83198	nonstandard_residue_letter	letters=X
P83199	nonstandard_residue_letter	letters=X
P83200	nonstandard_residue_letter	letters=X
P83201	nonstandard_residue_letter	letters=X
P83202	nonstandard_residue_letter	letters=X
P83203	nonstandard_residue_letter	letters=X
P83222	length_below_min	length=9
P83233	length_below_min	length=8
P83238	nonstandard_residue_letter	letters=X
P83252	nonstandard_residue_letter	letters=X
P83274	length_below_min	length=7
P83275	length_below_min	length=8
P83276	length_below_min	length=9
P83277	length_below_min	length=8
P83279	length_below_min	length=9
P83281	length_below_min	length=9
P83308	length_below_min	length=5
P83316	length_below_min	length=8
P83318	length_below_min	length=9
P83319	length_below_min	length=9
P83320	length_below_min	length=9
P83324	nonstandard_residue_letter	letters=X
P83329	nonstandard_residue_letter	letters=X
P83340	nonstandard_residue_letter	letters=X
P83350	length_below_min	length=9
P83373	nonstandard_residue_letter	letters=X
P83375	length_below_min	length=9
P83379	length_below_min	length=7
P83380	length_below_min	length=9
P83422	nonstandard_residue_letter	letters=X
P83424	nonstandard_residue_letter	letters=X
P83440	nonstandard_residue_letter	letters=X
P83448	nonstandard_residue_letter	letters=X
P83449	nonstandard_residue_letter	letters=X
P83450	nonstandard_residue_letter	letters=X
P83470	nonstandard_residue_letter	letters=X
P83491	nonstandard_residue_letter	letters=X
P83517	nonstandard_residue_letter	letters=X
P83529	length_below_min	length=9
P83530	length_below_min	length=7
P83531	length_below_min	length=8
P83532	length_below_min	length=8
P83533	length_below_min	length=6
P83539	length_below_min	length=9
P83564	nonstandard_residue_letter	letters=U
P83568	length_below_min	length=4
P83569	length_below_min	length=6
P83570	length_below_min	length=2
P83601	nonstandard_residue_letter	letters=X
P83602	nonstandard_residue_letter	letters=X
P83609	nonstandard_residue_letter	letters=X
P83631	nonstandard_residue_letter	letters=X
P83645	nonstandard_residue_letter	letters=U
P83650	nonstandard_residue_letter	letters=X
P83654	nonstandard_residue_letter	letters=X
P83661	length_below_min	length=8
P83681	nonstandard_residue_letter	letters=X
P83682	nonstandard_residue_letter	letters=X
P83707	nonstandard_residue_letter	letters=X
P83708	nonstandard_residue_letter	letters=X
P83709	nonstandard_residue_letter	letters=X
P83710	nonstandard_residue_letter	letters=X
P83711	nonstandard_residue_letter	letters=X
P83712	nonstandard_residue_letter	letters=X
P83715	nonstandard_residue_letter	letters=X
P83723	nonstandard_residue_letter	letters=X
P83724	nonstandard_residue_letter	letters=X
P83726	nonstandard_residue_letter	letters=X
P83727	nonstandard_residue_letter	letters=X
P83730	nonstandard_residue_letter	letters=X
P83757	nonstandard_residue_letter	letters=X
P83765	nonstandard_residue_letter	letters=X
P83767	nonstandard_residue_letter	letters=X
P83770	nonstandard_residue_letter	letters=X
P83813	nonstandard_residue_letter	letters=X
P83853	length_below_min	length=8
P83855	nonstandard_residue_letter	letters=X
P83857	nonstandard_residue_letter	letters=X
P83865	nonstandard_residue_letter	letters=X
P83878	nonstandard_residue_letter	letters=X
P83879	nonstandard_residue_letter	letters=X
P83885	nonstandard_residue_letter	letters=X
P83891	nonstandard_residue_letter	letters=X
P83896	nonstandard_residue_letter	letters=X
P83898	nonstandard_residue_letter	letters=X
P84004	length_below_min	length=9
P84005	length_below_min	length=6
P84006	length_below_min	length=9
P84007	length_below_min	length=9
P84008	length_below_min	length=9
P84026	nonstandard_residue_letter	letters=X
P84061	nonstandard_residue_letter	letters=X
P84071	length_below_min	length=7
P84107	length_below_min	length=9
P84118	nonstandard_residue_letter	letters=X
P84119	length_below_min	length=9
P84120	length_below_min	length=9
P84121	length_below_min	length=9
P84122	nonstandard_residue_letter	letters=X
P84159	nonstandard_residue_letter	letters=X
P84160	nonstandard_residue_letter	letters=X
P84161	nonstandard_residue_letter	letters=X
P84178	nonstandard_residue_letter	letters=X
P84179	nonstandard_residue_letter	letters=X
P84182	length_below_min	length=5
P84194	nonstandard_residue_letter	letters=X
P84233	fs_extension	porter_94_3kuyA__5c3iF
P84240	length_below_min	length=8
P84241	length_below_min	length=8
P84242	length_below_min	length=8
P84256	length_below_min	length=8
P84257	length_below_min	length=8
P84258	length_below_min	length=8
P84259	length_below_min	length=8
P84260	length_below_min	length=8
P84261	length_below_min	length=8
P84291	nonstandard_residue_letter	letters=X
P84340	nonstandard_residue_letter	letters=X
P84353	length_below_min	length=9
P84355	length_below_min	length=9
P84464	length_below_min	length=4
P84465	length_below_min	length=4
P84497	length_below_min	length=9
P84523	length_below_min	length=7
P84573	length_below_min	length=5
P84575	length_below_min	length=6
P84620	length_below_min	length=7
P84673	length_below_min	length=9
P84677	length_below_min	length=8
P84678	length_below_min	length=8
P84680	nonstandard_residue_letter	letters=X
P84683	length_below_min	length=9
P84690	nonstandard_residue_letter	letters=X
P84700	length_below_min	length=8
P84701	length_below_min	length=8
P84703	length_below_min	length=8
P84710	nonstandard_residue_letter	letters=X
P84711	length_below_min	length=9
P84712	nonstandard_residue_letter	letters=X
P84717	nonstandard_residue_letter	letters=Z
P84720	length_below_min	length=8
P84722	nonstandard_residue_letter	letters=X
P84732	length_below_min	length=8
P84734	length_below_min	length=9
P84735	length_below_min	length=8
P84752	nonstandard_residue_letter	letters=X
P84759	length_below_min	length=9
P84760	length_below_min	length=9
P84761	length_below_min	length=3
P84763	nonstandard_residue_letter	letters=X
P84765	nonstandard_residue_letter	letters=X
P84766	nonstandard_residue_letter	letters=X
P84767	nonstandard_residue_letter	letters=X
P84773	length_below_min	length=9
P84774	length_below_min	length=9
P84783	nonstandard_residue_letter	letters=X
P84801	nonstandard_residue_letter	letters=X
P84803	nonstandard_residue_letter	letters=X
P84806	nonstandard_residue_letter	letters=X
P84814	length_below_min	length=9
P84822	length_below_min	length=9
P84825	length_below_min	length=9
P84829	length_below_min	length=8
P84831	length_below_min	length=7
P84833	length_below_min	length=6
P84834	length_below_min	length=9
P84863	length_below_min	length=5
P84866	length_below_min	length=8
P84892	length_below_min	length=8
P84893	length_below_min	length=8
P84895	length_below_min	length=9
P84896	length_below_min	length=9
P84941	length_below_min	length=6
P84942	length_below_min	length=5
P84943	length_below_min	length=5
P84944	length_below_min	length=7
P84946	length_below_min	length=6
P84947	length_below_min	length=6
P84948	length_below_min	length=5
P84952	length_below_min	length=5
P84953	length_below_min	length=6
P84979	length_below_min	length=9
P85002	length_below_min	length=9
P85003	length_below_min	length=6
P85014	length_below_min	length=7
P85015	length_below_min	length=7
P85023	nonstandard_residue_letter	letters=X
P85043	length_below_min	length=9
P85044	length_below_min	length=9
P85048	nonstandard_residue_letter	letters=X
P85049	nonstandard_residue_letter	letters=X
P85063	nonstandard_residue_letter	letters=X
P85067	length_below_min	length=7
P85069	length_below_min	length=8
P85080	length_below_min	length=6
P85085	nonstandard_residue_letter	letters=X
P85089	length_below_min	length=5
P85106	length_below_min	length=7
P85141	length_below_min	length=9
P85143	nonstandard_residue_letter	letters=X
P85152	nonstandard_residue_letter	letters=X
P85153	nonstandard_residue_letter	letters=X
P85158	nonstandard_residue_letter	letters=X
P85159	length_below_min	length=9
P85160	length_below_min	length=7
P85262	nonstandard_residue_letter	letters=X
P85275	nonstandard_residue_letter	letters=X
P85293	nonstandard_residue_letter	letters=X
P85295	nonstandard_residue_letter	letters=X
P85304	nonstandard_residue_letter	letters=X
P85308	length_below_min	length=9
P85312	nonstandard_residue_letter	letters=X
P85313	nonstandard_residue_letter	letters=X
P85317	nonstandard_residue_letter	letters=X
P85320	length_below_min	length=9
P85324	length_below_min	length=8
P85327	length_below_min	length=8
P85330	length_below_min	length=6
P85332	length_below_min	length=9
P85335	length_below_min	length=8
P85342	length_below_min	length=8
P85346	length_below_min	length=9
P85349	length_below_min	length=8
P85360	length_below_min	length=8
P85361	length_below_min	length=9
P85362	length_below_min	length=9
P85363	length_below_min	length=7
P85364	length_below_min	length=8
P85372	length_below_min	length=6
P85373	length_below_min	length=6
P85374	length_below_min	length=8
P85376	length_below_min	length=9
P85379	length_below_min	length=8
P85381	length_below_min	length=9
P85384	length_below_min	length=8
P85386	length_below_min	length=9
P85388	length_below_min	length=9
P85389	length_below_min	length=6
P85392	length_below_min	length=8
P85393	length_below_min	length=7
P85398	length_below_min	length=8
P85402	length_below_min	length=9
P85403	length_below_min	length=9
P85406	length_below_min	length=5
P85407	length_below_min	length=7
P85408	length_below_min	length=8
P85409	length_below_min	length=8
P85415	length_below_min	length=8
P85416	length_below_min	length=8
P85417	nonstandard_residue_letter	letters=X
P85418	length_below_min	length=8
P85419	length_below_min	length=9
P85422	nonstandard_residue_letter	letters=X
P85423	length_below_min	length=9
P85424	length_below_min	length=9
P85426	nonstandard_residue_letter	letters=X
P85427	nonstandard_residue_letter	letters=X
P85437	nonstandard_residue_letter	letters=X
P85448	length_below_min	length=9
P85449	length_below_min	length=7
P85451	length_below_min	length=8
P85452	length_below_min	length=9
P85454	length_below_min	length=9
P85455	length_below_min	length=9
P85456	length_below_min	length=9
P85457	length_below_min	length=9
P85458	length_below_min	length=9
P85459	length_below_min	length=9
P85460	length_below_min	length=9
P85461	length_below_min	length=7
P85466	length_below_min	length=9
P85467	length_below_min	length=7
P85469	length_below_min	length=8
P85472	length_below_min	length=7
P85473	length_below_min	length=9
P85474	length_below_min	length=7
P85475	length_below_min	length=9
P85477	length_below_min	length=9
P85479	length_below_min	length=9
P85481	length_below_min	length=7
P85483	length_below_min	length=8
P85485	length_below_min	length=9
P85494	length_below_min	length=9
P85514	length_below_min	length=8
P85570	length_below_min	length=8
P85575	length_below_min	length=8
P85585	length_below_min	length=8
P85591	length_below_min	length=8
P85597	length_below_min	length=8
P85612	length_below_min	length=8
P85634	length_below_min	length=8
P85676	length_below_min	length=9
P85682	length_below_min	length=8
P85703	length_below_min	length=8
P85711	length_below_min	length=8
P85715	length_below_min	length=8
P85721	length_below_min	length=9
P85742	length_below_min	length=8
P85752	length_below_min	length=8
P85756	length_below_min	length=8
P85760	length_below_min	length=8
P85764	length_below_min	length=9
P85770	length_below_min	length=9
P85785	length_below_min	length=9
P85791	length_below_min	length=8
P85802	length_below_min	length=9
P85803	length_below_min	length=9
P85813	length_below_min	length=8
P85815	length_below_min	length=8
P85822	length_below_min	length=8
P85823	length_below_min	length=8
P85827	length_below_min	length=8
P85848	length_below_min	length=8
P85855	length_below_min	length=8
P85861	length_below_min	length=8
P85865	length_below_min	length=8
P85877	length_below_min	length=6
P85885	length_below_min	length=9
P85887	length_below_min	length=7
P85901	length_below_min	length=8
P85908	length_below_min	length=8
P85909	nonstandard_residue_letter	letters=X
P85912	length_below_min	length=8
P85915	nonstandard_residue_letter	letters=X
P85917	length_below_min	length=8
P85927	length_below_min	length=9
P85934	length_below_min	length=7
P85943	length_below_min	length=9
P85946	length_below_min	length=9
P85976	length_below_min	length=9
P85998	length_below_min	length=9
P86004	length_below_min	length=9
P86006	length_below_min	length=9
P86008	length_below_min	length=9
P86010	length_below_min	length=7
P86012	length_below_min	length=6
P86035	length_below_min	length=9
P86061	length_below_min	length=8
P86064	length_below_min	length=9
P86087	length_below_min	length=8
P86088	length_below_min	length=8
P86090	length_below_min	length=9
P86101	nonstandard_residue_letter	letters=X
P86107	nonstandard_residue_letter	letters=X
P86111	length_below_min	length=7
P86112	nonstandard_residue_letter	letters=X
P86113	nonstandard_residue_letter	letters=X
P86168	length_below_min	length=7
P86255	length_below_min	length=8
P86268	nonstandard_residue_letter	letters=X
P86274	nonstandard_residue_letter	letters=X
P86285	length_below_min	length=7
P86286	length_below_min	length=8
P86298	length_below_min	length=7
P86299	length_below_min	length=8
P86300	length_below_min	length=8
P86301	length_below_min	length=9
P86302	length_below_min	length=9
P86321	nonstandard_residue_letter	letters=X
P86339	length_below_min	length=9
P86340	length_below_min	length=9
P86341	length_below_min	length=9
P86352	nonstandard_residue_letter	letters=X
P86354	nonstandard_residue_letter	letters=X
P86355	nonstandard_residue_letter	letters=X
P86370	nonstandard_residue_letter	letters=X
P86371	nonstandard_residue_letter	letters=X
P86373	nonstandard_residue_letter	letters=X
P86374	nonstandard_residue_letter	letters=X
P86386	nonstandard_residue_letter	letters=X
P86426	length_below_min	length=8
P86427	length_below_min	length=8
P86428	length_below_min	length=6
P86431	nonstandard_residue_letter	letters=X
P86432	nonstandard_residue_letter	letters=X
P86435	nonstandard_residue_letter	letters=X
P86443	length_below_min	length=9
P86451	nonstandard_residue_letter	letters=X
P86455	length_below_min	length=5
P86482	length_below_min	length=7
P86487	length_below_min	length=7
P86489	length_below_min	length=7
P86492	length_below_min	length=7
P86494	length_below_min	length=7
P86517	nonstandard_residue_letter	letters=X
P86557	length_below_min	length=9
P86563	length_below_min	length=9
P86569	length_below_min	length=9
P86575	length_below_min	length=9
P86582	length_below_min	length=9
P86587	length_below_min	length=9
P86594	length_below_min	length=9
P86601	nonstandard_residue_letter	letters=X
P86602	length_below_min	length=9
P86603	length_below_min	length=9
P86606	length_below_min	length=9
P86607	length_below_min	length=9
P86625	length_below_min	length=9
P86627	length_below_min	length=9
P86628	length_below_min	length=8
P86629	length_below_min	length=9
P86630	length_below_min	length=8
P86633	length_below_min	length=7
P86634	length_below_min	length=7
P86644	length_below_min	length=9
P86646	length_below_min	length=9
P86648	length_below_min	length=9
P86651	length_below_min	length=9
P86653	length_below_min	length=9
P86655	length_below_min	length=9
P86657	length_below_min	length=9
P86661	length_below_min	length=9
P86663	length_below_min	length=9
P86665	length_below_min	length=9
P86668	length_below_min	length=9
P86670	length_below_min	length=9
P86673	length_below_min	length=9
P86675	length_below_min	length=9
P86676	length_below_min	length=9
P86677	length_below_min	length=9
P86678	length_below_min	length=9
P86679	length_below_min	length=9
P86682	nonstandard_residue_letter	letters=X
P86694	nonstandard_residue_letter	letters=X
P86696	nonstandard_residue_letter	letters=X
P86699	nonstandard_residue_letter	letters=X
P86705	length_below_min	length=9
P86707	length_below_min	length=8
P86722	length_below_min	length=9
P86723	length_below_min	length=9
P86776	nonstandard_residue_letter	letters=X
P86782	nonstandard_residue_letter	letters=X
P86785	nonstandard_residue_letter	letters=X
P86799	nonstandard_residue_letter	letters=X
P86800	nonstandard_residue_letter	letters=X
P86811	length_below_min	length=8
P86812	length_below_min	length=9
P86820	length_below_min	length=8
P86826	length_below_min	length=9
P86827	length_below_min	length=7
P86828	length_below_min	length=8
P86829	nonstandard_residue_letter	letters=X
P86833	nonstandard_residue_letter	letters=X
P86863	nonstandard_residue_letter	letters=X
P86897	length_below_min	length=9
P86909	length_below_min	length=8
P86922	length_below_min	length=8
P86931	nonstandard_residue_letter	letters=X
P86953	nonstandard_residue_letter	letters=X
P86966	nonstandard_residue_letter	letters=X
P86974	nonstandard_residue_letter	letters=X
P86976	nonstandard_residue_letter	letters=X
P86990	nonstandard_residue_letter	letters=X
P86991	nonstandard_residue_letter	letters=X
P86992	nonstandard_residue_letter	letters=X
P86998	length_below_min	length=7
P86999	length_below_min	length=8
P87416	nonstandard_residue_letter	letters=X
P87421	nonstandard_residue_letter	letters=X
P87515	nonstandard_residue_letter	letters=X
P89034	nonstandard_residue_letter	letters=X
P89202	nonstandard_residue_letter	letters=X
P89659	nonstandard_residue_letter	letters=X
P89676	nonstandard_residue_letter	letters=X
P90211	nonstandard_residue_letter	letters=X
P92225	nonstandard_residue_letter	letters=X
P92230	nonstandard_residue_letter	letters=X
P92248	nonstandard_residue_letter	letters=X
P92389	nonstandard_residue_letter	letters=X
P92418	nonstandard_residue_letter	letters=X
P92849	nonstandard_residue_letter	letters=X
P93332	nonstandard_residue_letter	letters=X
P93339	nonstandard_residue_letter	letters=X
P93400	nonstandard_residue_letter	letters=X
P93906	nonstandard_residue_letter	letters=X
P93936	nonstandard_residue_letter	letters=X
P93960	nonstandard_residue_letter	letters=X
P93962	nonstandard_residue_letter	letters=X
P93964	nonstandard_residue_letter	letters=X
P93993	nonstandard_residue_letter	letters=X
P95800	nonstandard_residue_letter	letters=X
P95801	nonstandard_residue_letter	letters=X
P97086	nonstandard_residue_letter	letters=X
P97364	nonstandard_residue_letter	letters=U
P97700	nonstandard_residue_letter	letters=X
P97881	nonstandard_residue_letter	letters=X
P98085	nonstandard_residue_letter	letters=X
P98091	nonstandard_residue_letter	letters=X
P98185	nonstandard_residue_letter	letters=X
P99012	nonstandard_residue_letter	letters=X
P99031	length_below_min	length=9
P99032	nonstandard_residue_letter	letters=X
P99504	nonstandard_residue_letter	letters=X
P99506	nonstandard_residue_letter	letters=X
P9WFL4	nonstandard_residue_letter	letters=X
P9WIG0	nonstandard_residue_letter	letters=X
P9WLA0	nonstandard_residue_letter	letters=X
Q00227	nonstandard_residue_letter	letters=X
Q00229	nonstandard_residue_letter	letters=X
Q00231	nonstandard_residue_letter	letters=X
Q00277	nonstandard_residue_letter	letters=U
Q00410	nonstandard_residue_letter	letters=U
Q01786	nonstandard_residue_letter	letters=X
Q01977	nonstandard_residue_letter	letters=X
Q01H83	nonstandard_residue_letter	letters=U
Q01H84	nonstandard_residue_letter	letters=U
Q02212	nonstandard_residue_letter	letters=X
Q03321	nonstandard_residue_letter	letters=X
Q04652	nonstandard_residue_letter	letters=X
Q04IN8	fs_extension	porter_5_5aoeB__5ly6B
Q05360	nonstandard_residue_letter	letters=X
Q05554	nonstandard_residue_letter	letters=X
Q05579	nonstandard_residue_letter	letters=X
Q05984	nonstandard_residue_letter	letters=X
Q05985	nonstandard_residue_letter	letters=X
Q05987	nonstandard_residue_letter	letters=X
Q05988	nonstandard_residue_letter	letters=X
Q05989	nonstandard_residue_letter	letters=X
Q05991	nonstandard_residue_letter	letters=X
Q05993	nonstandard_residue_letter	letters=X
Q05995	nonstandard_residue_letter	letters=X
Q06364	nonstandard_residue_letter	letters=X
Q06886	nonstandard_residue_letter	letters=X
Q07423	nonstandard_residue_letter	letters=X
Q07494	nonstandard_residue_letter	letters=X
Q07920	nonstandard_residue_letter	letters=X
Q07925	nonstandard_residue_letter	letters=X
Q07926	nonstandard_residue_letter	letters=X
Q08209	fs_strict_positive	porter_20_5c1vA__5c1vB
Q08436	nonstandard_residue_letter	letters=X
Q09095	nonstandard_residue_letter	letters=X
Q09122	nonstandard_residue_letter	letters=X
Q09135	nonstandard_residue_letter	letters=X
Q09136	nonstandard_residue_letter	letters=X
Q0CJD0	nonstandard_residue_letter	letters=X
Q0CS90	nonstandard_residue_letter	letters=X
Q0EF98	nonstandard_residue_letter	letters=U
Q0EF99	nonstandard_residue_letter	letters=U
Q0EFA0	nonstandard_residue_letter	letters=U
Q0MQ84	nonstandard_residue_letter	letters=X
Q0MQE4	nonstandard_residue_letter	letters=X
Q0MQG1	nonstandard_residue_letter	letters=X
Q0MQH1	nonstandard_residue_letter	letters=X
Q0QF17	nonstandard_residue_letter	letters=X
Q0VFV6	nonstandard_residue_letter	letters=U
Q0ZB76	nonstandard_residue_letter	letters=X
Q0ZB81	nonstandard_residue_letter	letters=X
Q10582	length_below_min	length=8
Q10584	nonstandard_residue_letter	letters=X
Q10722	nonstandard_residue_letter	letters=X
Q10753	nonstandard_residue_letter	letters=X
Q10757	nonstandard_residue_letter	letters=X
Q12931	fs_strict_positive	porter_80_5f3kA__5f5rB
Q12TR2	nonstandard_residue_letter	letters=O
Q14RS1	nonstandard_residue_letter	letters=X
Q16881	nonstandard_residue_letter	letters=U
Q17745	nonstandard_residue_letter	letters=U
Q17QM4	nonstandard_residue_letter	letters=U
Q182I1	nonstandard_residue_letter	letters=U
Q18TV3	nonstandard_residue_letter	letters=O
Q19A54	nonstandard_residue_letter	letters=X
Q19QT7	nonstandard_residue_letter	letters=X
Q19UN5	nonstandard_residue_letter	letters=X
Q1H5H1	nonstandard_residue_letter	letters=U
Q1HN36	nonstandard_residue_letter	letters=X
Q1LTM2	nonstandard_residue_letter	letters=X
Q1LU65	nonstandard_residue_letter	letters=X
Q1LU70	nonstandard_residue_letter	letters=X
Q1LVN8	nonstandard_residue_letter	letters=U
Q1WM28	nonstandard_residue_letter	letters=X
Q1X6J6	nonstandard_residue_letter	letters=X
Q1X6Y2	nonstandard_residue_letter	letters=X
Q1X6Y4	nonstandard_residue_letter	letters=B
Q1X700	nonstandard_residue_letter	letters=X
Q1XDD0	nonstandard_residue_letter	letters=X
Q1XI86	nonstandard_residue_letter	letters=X
Q20NZ9	nonstandard_residue_letter	letters=X
Q24119	nonstandard_residue_letter	letters=X
Q24546	nonstandard_residue_letter	letters=X
Q24648	nonstandard_residue_letter	letters=X
Q24739	nonstandard_residue_letter	letters=X
Q24MI3	nonstandard_residue_letter	letters=O
Q258K2	nonstandard_residue_letter	letters=X
Q26544	nonstandard_residue_letter	letters=X
Q26547	nonstandard_residue_letter	letters=X
Q27655	nonstandard_residue_letter	letters=X
Q27952	nonstandard_residue_letter	letters=X
Q27972	nonstandard_residue_letter	letters=X
Q27IV2	nonstandard_residue_letter	letters=X
Q28083	nonstandard_residue_letter	letters=X
Q28400	nonstandard_residue_letter	letters=X
Q28441	nonstandard_residue_letter	letters=X
Q28920	nonstandard_residue_letter	letters=X
Q28927	nonstandard_residue_letter	letters=X
Q29183	nonstandard_residue_letter	letters=X
Q29187	nonstandard_residue_letter	letters=X
Q29191	nonstandard_residue_letter	letters=X
Q29197	nonstandard_residue_letter	letters=X
Q29236	nonstandard_residue_letter	letters=X
Q29243	nonstandard_residue_letter	letters=X
Q29244	nonstandard_residue_letter	letters=X
Q29259	nonstandard_residue_letter	letters=X
Q29268	nonstandard_residue_letter	letters=X
Q29277	nonstandard_residue_letter	letters=X
Q29288	nonstandard_residue_letter	letters=X
Q29297	nonstandard_residue_letter	letters=X
Q29303	nonstandard_residue_letter	letters=X
Q29308	nonstandard_residue_letter	letters=X
Q29315	nonstandard_residue_letter	letters=X
Q29318	nonstandard_residue_letter	letters=X
Q29329	nonstandard_residue_letter	letters=X
Q29333	nonstandard_residue_letter	letters=X
Q29373	nonstandard_residue_letter	letters=X
Q29375	nonstandard_residue_letter	letters=X
Q29384	nonstandard_residue_letter	letters=X
Q29539	nonstandard_residue_letter	letters=X
Q29576	nonstandard_residue_letter	letters=X
Q2EI21	nonstandard_residue_letter	letters=X
Q2EN82	nonstandard_residue_letter	letters=U
Q2F7J0	nonstandard_residue_letter	letters=X
Q2F7J3	nonstandard_residue_letter	letters=X
Q2F9P2	nonstandard_residue_letter	letters=X
Q2F9P4	nonstandard_residue_letter	letters=X
Q2HBN0	nonstandard_residue_letter	letters=X
Q2KI76	nonstandard_residue_letter	letters=U
Q2N2K0	nonstandard_residue_letter	letters=X
Q2NIH4	nonstandard_residue_letter	letters=X
Q2PBL9	nonstandard_residue_letter	letters=X
Q2PBM5	nonstandard_residue_letter	letters=X
Q2PBY5	nonstandard_residue_letter	letters=X
Q2PQH8	nonstandard_residue_letter	letters=X
Q2PYN8	nonstandard_residue_letter	letters=X
Q2Q1M6	nonstandard_residue_letter	letters=X
Q2Q1P1	nonstandard_residue_letter	letters=X
Q2QEI3	nonstandard_residue_letter	letters=U
Q2Y067	nonstandard_residue_letter	letters=X
Q306W6	nonstandard_residue_letter	letters=X
Q306W8	nonstandard_residue_letter	letters=X
Q30NP1	nonstandard_residue_letter	letters=X
Q31669	nonstandard_residue_letter	letters=X
Q31672	nonstandard_residue_letter	letters=X
Q31750	nonstandard_residue_letter	letters=X
Q31952	nonstandard_residue_letter	letters=X
Q32016	nonstandard_residue_letter	letters=X
Q32026	nonstandard_residue_letter	letters=X
Q32040	nonstandard_residue_letter	letters=X
Q32131	nonstandard_residue_letter	letters=X
Q32663	nonstandard_residue_letter	letters=X
Q32668	nonstandard_residue_letter	letters=X
Q32770	nonstandard_residue_letter	letters=X
Q32890	nonstandard_residue_letter	letters=X
Q32G86	nonstandard_residue_letter	letters=X
Q32PE3	nonstandard_residue_letter	letters=U
Q32QL6	nonstandard_residue_letter	letters=U
Q33015	nonstandard_residue_letter	letters=X
Q33078	nonstandard_residue_letter	letters=X
Q330A8	nonstandard_residue_letter	letters=X
Q33113	nonstandard_residue_letter	letters=X
Q33134	nonstandard_residue_letter	letters=X
Q33142	nonstandard_residue_letter	letters=X
Q33245	nonstandard_residue_letter	letters=X
Q33323	nonstandard_residue_letter	letters=X
Q33339	nonstandard_residue_letter	letters=X
Q33369	nonstandard_residue_letter	letters=X
Q33375	nonstandard_residue_letter	letters=X
Q33377	nonstandard_residue_letter	letters=X
Q33528	nonstandard_residue_letter	letters=X
Q33754	nonstandard_residue_letter	letters=X
Q33887	nonstandard_residue_letter	letters=X
Q33976	nonstandard_residue_letter	letters=X
Q34301	nonstandard_residue_letter	letters=X
Q34306	nonstandard_residue_letter	letters=X
Q34814	nonstandard_residue_letter	letters=X
Q34941	nonstandard_residue_letter	letters=X
Q35630	nonstandard_residue_letter	letters=X
Q35727	nonstandard_residue_letter	letters=X
Q35966	nonstandard_residue_letter	letters=X
Q36035	nonstandard_residue_letter	letters=X
Q36055	nonstandard_residue_letter	letters=X
Q36128	nonstandard_residue_letter	letters=X
Q36570	nonstandard_residue_letter	letters=B,X
Q37282	nonstandard_residue_letter	letters=X
Q38771	nonstandard_residue_letter	letters=X
Q39411	nonstandard_residue_letter	letters=X
Q39748	nonstandard_residue_letter	letters=X
Q39RJ9	nonstandard_residue_letter	letters=U
Q3A9J4	nonstandard_residue_letter	letters=U
Q3A9J5	nonstandard_residue_letter	letters=U
Q3AAF7	nonstandard_residue_letter	letters=U
Q3KVN1	nonstandard_residue_letter	letters=X
Q3L181	fs_extension	porter_88_3uyiA__3v0tA
Q3MHL9	nonstandard_residue_letter	letters=U
Q3UQA7	nonstandard_residue_letter	letters=U
Q3Y4E2	nonstandard_residue_letter	letters=U
Q3YEF9	nonstandard_residue_letter	letters=X
Q43207	nonstandard_residue_letter	letters=X
Q44592	nonstandard_residue_letter	letters=X
Q44593	nonstandard_residue_letter	letters=X
Q45811	nonstandard_residue_letter	letters=X
Q46491	nonstandard_residue_letter	letters=X
Q46E72	nonstandard_residue_letter	letters=O
Q47422	nonstandard_residue_letter	letters=X
Q47505	length_below_min	length=7
Q48082	nonstandard_residue_letter	letters=X
Q49573	nonstandard_residue_letter	letters=X
Q49CB8	nonstandard_residue_letter	letters=X
Q49KU0	nonstandard_residue_letter	letters=X
Q49KZ3	nonstandard_residue_letter	letters=X
Q49L02	nonstandard_residue_letter	letters=X
Q4AEG9	nonstandard_residue_letter	letters=U
Q4AEH0	nonstandard_residue_letter	letters=U
Q4AEH1	nonstandard_residue_letter	letters=U
Q4AEH2	nonstandard_residue_letter	letters=U
Q4AEH3	nonstandard_residue_letter	letters=U
Q4AEH4	nonstandard_residue_letter	letters=U
Q4AEH5	nonstandard_residue_letter	letters=U
Q4AEH7	nonstandard_residue_letter	letters=U
Q4AEH8	nonstandard_residue_letter	letters=U
Q4AEH9	nonstandard_residue_letter	letters=U
Q4AEI0	nonstandard_residue_letter	letters=U
Q4AEI1	nonstandard_residue_letter	letters=U
Q4AEI2	nonstandard_residue_letter	letters=U
Q4AEI3	nonstandard_residue_letter	letters=U
Q4F8H9	nonstandard_residue_letter	letters=X
Q4F8I0	nonstandard_residue_letter	letters=X
Q4H174	nonstandard_residue_letter	letters=X
Q4H178	nonstandard_residue_letter	letters=X
Q4H1A1	nonstandard_residue_letter	letters=X
Q4L975	nonstandard_residue_letter	letters=X
Q4QNZ0	nonstandard_residue_letter	letters=U
Q4QXJ8	nonstandard_residue_letter	letters=X
Q4QXU6	nonstandard_residue_letter	letters=X
Q4R5Y4	nonstandard_residue_letter	letters=U,X
Q4R8M1	nonstandard_residue_letter	letters=U
Q4R8V8	nonstandard_residue_letter	letters=X
Q4UKR7	nonstandard_residue_letter	letters=X
Q4VKI6	nonstandard_residue_letter	letters=X
Q4VKI7	nonstandard_residue_letter	letters=X
Q4VUV4	nonstandard_residue_letter	letters=X
Q4VUV9	nonstandard_residue_letter	letters=X
Q502K9	nonstandard_residue_letter	letters=U
Q507R6	nonstandard_residue_letter	letters=X
Q508J1	nonstandard_residue_letter	letters=X
Q508J2	nonstandard_residue_letter	letters=X
Q508J7	nonstandard_residue_letter	letters=X
Q508J9	nonstandard_residue_letter	letters=X
Q508M6	nonstandard_residue_letter	letters=X
Q508M8	nonstandard_residue_letter	letters=X
Q508N6	nonstandard_residue_letter	letters=X
Q508P2	nonstandard_residue_letter	letters=X
Q50KB1	nonstandard_residue_letter	letters=U
Q51892	nonstandard_residue_letter	letters=X
Q52KJ8	nonstandard_residue_letter	letters=U
Q52N47	nonstandard_residue_letter	letters=X
Q52V09	nonstandard_residue_letter	letters=X
Q539C6	nonstandard_residue_letter	letters=X
Q53AJ7	nonstandard_residue_letter	letters=X
Q53AV2	nonstandard_residue_letter	letters=X
Q53CG1	nonstandard_residue_letter	letters=X
Q53IP3	nonstandard_residue_letter	letters=X
Q55EX3	nonstandard_residue_letter	letters=U
Q56775	nonstandard_residue_letter	letters=X
Q568W0	nonstandard_residue_letter	letters=U
Q57134	nonstandard_residue_letter	letters=X
Q57152	nonstandard_residue_letter	letters=X
Q57195	nonstandard_residue_letter	letters=X
Q57389	nonstandard_residue_letter	letters=X
Q575S9	nonstandard_residue_letter	letters=X
Q57833	nonstandard_residue_letter	letters=X
Q58457	nonstandard_residue_letter	letters=X
Q58617	nonstandard_residue_letter	letters=X
Q58725	nonstandard_residue_letter	letters=X
Q58807	nonstandard_residue_letter	letters=X
Q58966	nonstandard_residue_letter	letters=X
Q58969	nonstandard_residue_letter	letters=X
Q58AD3	fs_strict_positive	porter_87_2k0qA__2lelA
Q58DK4	nonstandard_residue_letter	letters=X
Q58DL1	nonstandard_residue_letter	letters=X
Q58PK6	nonstandard_residue_letter	letters=X
Q59599	nonstandard_residue_letter	letters=X
Q59680	nonstandard_residue_letter	letters=X
Q59VL7	nonstandard_residue_letter	letters=X
Q5ACX1	nonstandard_residue_letter	letters=X
Q5BQN8	nonstandard_residue_letter	letters=X
Q5CC92	nonstandard_residue_letter	letters=X
Q5DRD8	nonstandard_residue_letter	letters=X
Q5DRE9	nonstandard_residue_letter	letters=X
Q5E9L7	nonstandard_residue_letter	letters=X
Q5F4F5	nonstandard_residue_letter	letters=X
Q5F4G0	nonstandard_residue_letter	letters=X
Q5F4G9	nonstandard_residue_letter	letters=X
Q5G266	nonstandard_residue_letter	letters=X
Q5G268	nonstandard_residue_letter	letters=X
Q5G269	nonstandard_residue_letter	letters=X
Q5GA86	nonstandard_residue_letter	letters=X
Q5GA98	nonstandard_residue_letter	letters=X
Q5GAA8	nonstandard_residue_letter	letters=X
Q5GAB0	nonstandard_residue_letter	letters=X
Q5GF59	nonstandard_residue_letter	letters=X
Q5GF60	nonstandard_residue_letter	letters=X
Q5GF62	nonstandard_residue_letter	letters=X
Q5GF63	nonstandard_residue_letter	letters=X
Q5GF67	nonstandard_residue_letter	letters=X
Q5GF70	nonstandard_residue_letter	letters=X
Q5GF76	nonstandard_residue_letter	letters=B,X
Q5GIR6	nonstandard_residue_letter	letters=X
Q5HSS7	nonstandard_residue_letter	letters=U
Q5I030	nonstandard_residue_letter	letters=U
Q5I124	nonstandard_residue_letter	letters=X
Q5I159	nonstandard_residue_letter	letters=X
Q5I3B1	nonstandard_residue_letter	letters=U
Q5I3B2	nonstandard_residue_letter	letters=U
Q5IS82	nonstandard_residue_letter	letters=X
Q5J2U8	nonstandard_residue_letter	letters=X
Q5J2W5	nonstandard_residue_letter	letters=X
Q5J2X4	nonstandard_residue_letter	letters=X
Q5J306	nonstandard_residue_letter	letters=X
Q5J308	nonstandard_residue_letter	letters=X
Q5J6J3	nonstandard_residue_letter	letters=X
Q5M7R3	nonstandard_residue_letter	letters=B
Q5NV96	nonstandard_residue_letter	letters=U
Q5NVA2	nonstandard_residue_letter	letters=U
Q5NVB2	nonstandard_residue_letter	letters=U
Q5PU49	nonstandard_residue_letter	letters=X
Q5QA72	nonstandard_residue_letter	letters=X
Q5QA76	nonstandard_residue_letter	letters=X
Q5QA78	nonstandard_residue_letter	letters=X
Q5QQ46	nonstandard_residue_letter	letters=X
Q5R869	nonstandard_residue_letter	letters=U
Q5R8W9	nonstandard_residue_letter	letters=U
Q5RFG3	nonstandard_residue_letter	letters=U
Q5S6V2	nonstandard_residue_letter	letters=X
Q5SCW6	nonstandard_residue_letter	letters=X
Q5U7M7	nonstandard_residue_letter	letters=X
Q5U7M9	nonstandard_residue_letter	letters=X
Q5U7N0	nonstandard_residue_letter	letters=X
Q5U7N4	nonstandard_residue_letter	letters=X
Q5UPH6	nonstandard_residue_letter	letters=X
Q5UQI7	nonstandard_residue_letter	letters=X
Q5X9M0	nonstandard_residue_letter	letters=X
Q5XXP4	nonstandard_residue_letter	letters=X
Q5Y389	nonstandard_residue_letter	letters=X
Q5Y4X0	nonstandard_residue_letter	letters=X
Q5Y4X3	nonstandard_residue_letter	letters=X
Q5Y4X7	nonstandard_residue_letter	letters=X
Q5YCV9	nonstandard_residue_letter	letters=X
Q5YD76	nonstandard_residue_letter	letters=X
Q5YJU6	nonstandard_residue_letter	letters=X
Q5YJU7	nonstandard_residue_letter	letters=X
Q5YJX5	nonstandard_residue_letter	letters=X
Q5ZI34	nonstandard_residue_letter	letters=U
Q5ZJN8	nonstandard_residue_letter	letters=U
Q60270	nonstandard_residue_letter	letters=X
Q60393	nonstandard_residue_letter	letters=X
Q60V43	nonstandard_residue_letter	letters=X
Q61153	nonstandard_residue_letter	letters=U
Q62558	nonstandard_residue_letter	letters=X
Q64122	nonstandard_residue_letter	letters=X
Q641S4	nonstandard_residue_letter	letters=U
Q645T9	nonstandard_residue_letter	letters=X
Q645U2	nonstandard_residue_letter	letters=X
Q645U4	nonstandard_residue_letter	letters=X
Q645U6	nonstandard_residue_letter	letters=X
Q645V6	nonstandard_residue_letter	letters=X
Q645V9	nonstandard_residue_letter	letters=B,X
Q645Y3	nonstandard_residue_letter	letters=X
Q645Y4	nonstandard_residue_letter	letters=B
Q645Y7	nonstandard_residue_letter	letters=X
Q645Z0	nonstandard_residue_letter	letters=X
Q645Z2	nonstandard_residue_letter	letters=X
Q645Z4	nonstandard_residue_letter	letters=X
Q645Z5	nonstandard_residue_letter	letters=X
Q645Z6	nonstandard_residue_letter	letters=X
Q646A4	nonstandard_residue_letter	letters=X
Q646B0	nonstandard_residue_letter	letters=X
Q646B7	nonstandard_residue_letter	letters=X
Q646C0	nonstandard_residue_letter	letters=X
Q646C2	nonstandard_residue_letter	letters=X
Q646C4	nonstandard_residue_letter	letters=X
Q646C5	nonstandard_residue_letter	letters=X
Q646C6	nonstandard_residue_letter	letters=X
Q646E0	nonstandard_residue_letter	letters=X
Q646E5	nonstandard_residue_letter	letters=X
Q646E8	nonstandard_residue_letter	letters=X
Q646F0	nonstandard_residue_letter	letters=X
Q646F2	nonstandard_residue_letter	letters=X
Q646F3	nonstandard_residue_letter	letters=X
Q646F7	nonstandard_residue_letter	letters=X
Q646G1	nonstandard_residue_letter	letters=X
Q646G4	nonstandard_residue_letter	letters=X
Q646G5	nonstandard_residue_letter	letters=X
Q646G6	nonstandard_residue_letter	letters=X
Q646G7	nonstandard_residue_letter	letters=X
Q646L1	nonstandard_residue_letter	letters=X
Q646M7	nonstandard_residue_letter	letters=X
Q646P3	nonstandard_residue_letter	letters=X
Q65MB1	nonstandard_residue_letter	letters=X
Q66220	nonstandard_residue_letter	letters=X
Q66I14	nonstandard_residue_letter	letters=U
Q66I79	nonstandard_residue_letter	letters=U
Q66X05	nonstandard_residue_letter	letters=X
Q67HC0	nonstandard_residue_letter	letters=X
Q67IA6	nonstandard_residue_letter	letters=X
Q67IL7	nonstandard_residue_letter	letters=X
Q67KE6	nonstandard_residue_letter	letters=U
Q67KE7	nonstandard_residue_letter	letters=U
Q68EU0	nonstandard_residue_letter	letters=U
Q68YP1	nonstandard_residue_letter	letters=X
Q694A3	nonstandard_residue_letter	letters=B,X
Q694C5	nonstandard_residue_letter	letters=X
Q69BJ7	nonstandard_residue_letter	letters=X
Q69BJ8	nonstandard_residue_letter	letters=X
Q69BJ9	nonstandard_residue_letter	letters=X
Q69BK1	nonstandard_residue_letter	letters=X
Q6A2H0	nonstandard_residue_letter	letters=X
Q6A2H2	nonstandard_residue_letter	letters=X
Q6AK02	nonstandard_residue_letter	letters=U
Q6AL81	nonstandard_residue_letter	letters=X
Q6AZH0	nonstandard_residue_letter	letters=U
Q6DN07	nonstandard_residue_letter	letters=U
Q6DN67	nonstandard_residue_letter	letters=X
Q6E0W6	nonstandard_residue_letter	letters=X
Q6E4Q3	nonstandard_residue_letter	letters=X
Q6E4Q8	nonstandard_residue_letter	letters=X
Q6EE31	nonstandard_residue_letter	letters=X
Q6EGH7	nonstandard_residue_letter	letters=X
Q6EIG9	nonstandard_residue_letter	letters=X
Q6EIH3	nonstandard_residue_letter	letters=X
Q6EIZ1	nonstandard_residue_letter	letters=X
Q6ELV8	nonstandard_residue_letter	letters=X
Q6ELV9	nonstandard_residue_letter	letters=X
Q6EM56	nonstandard_residue_letter	letters=X
Q6EMB0	nonstandard_residue_letter	letters=X
Q6EYJ5	nonstandard_residue_letter	letters=X
Q6GP98	nonstandard_residue_letter	letters=U
Q6IZA3	nonstandard_residue_letter	letters=X
Q6KGW1	nonstandard_residue_letter	letters=X
Q6KGY2	nonstandard_residue_letter	letters=X
Q6LA04	nonstandard_residue_letter	letters=X
Q6LA06	nonstandard_residue_letter	letters=X
Q6LA17	nonstandard_residue_letter	letters=X
Q6LA20	nonstandard_residue_letter	letters=X
Q6LH19	nonstandard_residue_letter	letters=U
Q6LH20	nonstandard_residue_letter	letters=U
Q6LWL2	nonstandard_residue_letter	letters=U
Q6LWL3	nonstandard_residue_letter	letters=U
Q6LWL8	nonstandard_residue_letter	letters=U
Q6LXQ1	nonstandard_residue_letter	letters=U
Q6PBD1	nonstandard_residue_letter	letters=U
Q6PBP3	nonstandard_residue_letter	letters=U
Q6PHY8	nonstandard_residue_letter	letters=U
Q6PSC4	nonstandard_residue_letter	letters=X
Q6PWT7	nonstandard_residue_letter	letters=X
Q6QN11	nonstandard_residue_letter	letters=U
Q6QN12	nonstandard_residue_letter	letters=U
Q6QN13	nonstandard_residue_letter	letters=U
Q6R520	nonstandard_residue_letter	letters=X
Q6RSH5	nonstandard_residue_letter	letters=X
Q6RX08	nonstandard_residue_letter	letters=X
Q6RZ07	nonstandard_residue_letter	letters=X
Q6S9C4	nonstandard_residue_letter	letters=U
Q6T412	nonstandard_residue_letter	letters=X
Q6TMK6	nonstandard_residue_letter	letters=X
Q6U6H1	nonstandard_residue_letter	letters=U
Q6UFZ3	nonstandard_residue_letter	letters=Z
Q6UIM1	nonstandard_residue_letter	letters=X
Q6V915	nonstandard_residue_letter	letters=U
Q6VMB4	nonstandard_residue_letter	letters=X
Q6WN20	nonstandard_residue_letter	letters=X
Q6WN26	nonstandard_residue_letter	letters=X
Q6WRG2	nonstandard_residue_letter	letters=X
Q6X4M2	nonstandard_residue_letter	letters=U
Q6XBV6	nonstandard_residue_letter	letters=X
Q6XZH3	nonstandard_residue_letter	letters=X
Q6YQA1	nonstandard_residue_letter	letters=X
Q702W0	nonstandard_residue_letter	letters=X
Q703F0	nonstandard_residue_letter	letters=X
Q70CZ6	nonstandard_residue_letter	letters=X
Q70FJ1	nonstandard_residue_letter	letters=B,X
Q70JS2	nonstandard_residue_letter	letters=U
Q715L4	nonstandard_residue_letter	letters=X
Q717X1	nonstandard_residue_letter	letters=X
Q71E97	nonstandard_residue_letter	letters=X
Q71L16	nonstandard_residue_letter	letters=X
Q71MB6	nonstandard_residue_letter	letters=X
Q71ML1	nonstandard_residue_letter	letters=X
Q71ML5	nonstandard_residue_letter	letters=X
Q71MR3	nonstandard_residue_letter	letters=X
Q727P3	nonstandard_residue_letter	letters=U
Q72CF1	nonstandard_residue_letter	letters=U
Q72XC1	nonstandard_residue_letter	letters=X
Q72XY4	nonstandard_residue_letter	letters=X
Q730M1	nonstandard_residue_letter	letters=X
Q730N8	nonstandard_residue_letter	letters=X
Q732F6	nonstandard_residue_letter	letters=X
Q732H8	nonstandard_residue_letter	letters=X
Q732P2	nonstandard_residue_letter	letters=X
Q736T1	nonstandard_residue_letter	letters=X
Q736X4	nonstandard_residue_letter	letters=X
Q73CE0	nonstandard_residue_letter	letters=X
Q73DE0	nonstandard_residue_letter	letters=X
Q73F97	nonstandard_residue_letter	letters=X
Q73FB9	nonstandard_residue_letter	letters=X
Q73FJ3	nonstandard_residue_letter	letters=X
Q73JP8	nonstandard_residue_letter	letters=U
Q73PQ2	nonstandard_residue_letter	letters=U
Q74D79	nonstandard_residue_letter	letters=U
Q74FK1	nonstandard_residue_letter	letters=U
Q76VG8	nonstandard_residue_letter	letters=X
Q76VH0	nonstandard_residue_letter	letters=X
Q77373	nonstandard_residue_letter	letters=X
Q77377	nonstandard_residue_letter	letters=X
Q7IY99	nonstandard_residue_letter	letters=X
Q7IZ70	nonstandard_residue_letter	letters=X
Q7LZ54	length_below_min	length=9
Q7LZC4	length_below_min	length=9
Q7LZG1	nonstandard_residue_letter	letters=X
Q7LZI6	nonstandard_residue_letter	letters=X
Q7M1G9	nonstandard_residue_letter	letters=X
Q7M1X5	nonstandard_residue_letter	letters=X
Q7M3P1	length_below_min	length=8
Q7M3P9	nonstandard_residue_letter	letters=X
Q7M471	length_below_min	length=9
Q7PQ25	nonstandard_residue_letter	letters=X
Q7R7N4	nonstandard_residue_letter	letters=X
Q7RCL6	nonstandard_residue_letter	letters=X
Q7T1N4	nonstandard_residue_letter	letters=X
Q7TF75	nonstandard_residue_letter	letters=X
Q7VNG0	nonstandard_residue_letter	letters=U
Q7X2N3	nonstandard_residue_letter	letters=X
Q7X2N6	nonstandard_residue_letter	letters=X
Q7YC71	nonstandard_residue_letter	letters=X
Q7YD12	nonstandard_residue_letter	letters=X
Q7YD72	nonstandard_residue_letter	letters=X
Q7YD75	nonstandard_residue_letter	letters=X
Q7YGD4	nonstandard_residue_letter	letters=X
Q7YJG1	nonstandard_residue_letter	letters=X
Q7YJG2	nonstandard_residue_letter	letters=X
Q7YJH1	nonstandard_residue_letter	letters=X
Q7YKM5	nonstandard_residue_letter	letters=X
Q7YN83	nonstandard_residue_letter	letters=X
Q7YRC1	nonstandard_residue_letter	letters=X
Q7Z2C4	nonstandard_residue_letter	letters=U
Q7Z888	nonstandard_residue_letter	letters=X
Q7ZAK5	fs_extension	porter_5_5aoeB__5ly6B
Q802F2	nonstandard_residue_letter	letters=U
Q802F3	nonstandard_residue_letter	letters=U
Q802G6	nonstandard_residue_letter	letters=U
Q802G7	nonstandard_residue_letter	letters=U
Q804E1	nonstandard_residue_letter	letters=U
Q805A1	nonstandard_residue_letter	letters=X
Q80TA1	nonstandard_residue_letter	letters=U
Q81105	nonstandard_residue_letter	letters=X
Q83424	nonstandard_residue_letter	letters=X
Q83927	nonstandard_residue_letter	letters=X
Q84133	nonstandard_residue_letter	letters=X
Q84687	nonstandard_residue_letter	letters=X
Q848I4	nonstandard_residue_letter	letters=X
Q84CZ9	nonstandard_residue_letter	letters=X
Q84N37	nonstandard_residue_letter	letters=X
Q85Q58	nonstandard_residue_letter	letters=X
Q85UY0	nonstandard_residue_letter	letters=X
Q864F9	nonstandard_residue_letter	letters=X
Q864G0	nonstandard_residue_letter	letters=X
Q864G7	nonstandard_residue_letter	letters=X
Q864H1	nonstandard_residue_letter	letters=X
Q864H8	nonstandard_residue_letter	letters=X
Q864K7	nonstandard_residue_letter	letters=X
Q864L3	nonstandard_residue_letter	letters=X
Q865R2	nonstandard_residue_letter	letters=U
Q86924	nonstandard_residue_letter	letters=X
Q86KP5	nonstandard_residue_letter	letters=U
Q86VQ6	nonstandard_residue_letter	letters=U
Q875Q0	nonstandard_residue_letter	letters=X
Q89249	nonstandard_residue_letter	letters=X
Q89250	nonstandard_residue_letter	letters=X
Q8B3M2	nonstandard_residue_letter	letters=X
Q8CVJ0	nonstandard_residue_letter	letters=X
Q8CXZ8	nonstandard_residue_letter	letters=X
Q8DB23	nonstandard_residue_letter	letters=X
Q8FB83	nonstandard_residue_letter	letters=X
Q8FDB3	nonstandard_residue_letter	letters=X
Q8FF08	nonstandard_residue_letter	letters=X
Q8FFY8	nonstandard_residue_letter	letters=X
Q8FHF4	nonstandard_residue_letter	letters=X
Q8FJP8	nonstandard_residue_letter	letters=X
Q8FK36	nonstandard_residue_letter	letters=X
Q8FKG1	nonstandard_residue_letter	letters=X
Q8HD57	nonstandard_residue_letter	letters=X
Q8HD60	nonstandard_residue_letter	letters=X
Q8HV04	nonstandard_residue_letter	letters=X
Q8HY02	nonstandard_residue_letter	letters=X
Q8HY67	nonstandard_residue_letter	letters=X
Q8HYV8	nonstandard_residue_letter	letters=X
Q8I7D5	nonstandard_residue_letter	letters=X
Q8I7D6	nonstandard_residue_letter	letters=X
Q8IRI6	nonstandard_residue_letter	letters=X
Q8IZQ5	nonstandard_residue_letter	letters=U
Q8JXB9	nonstandard_residue_letter	letters=X
Q8K451	nonstandard_residue_letter	letters=X
Q8KAZ0	nonstandard_residue_letter	letters=X
Q8KBX0	nonstandard_residue_letter	letters=X
Q8LZ88	nonstandard_residue_letter	letters=X
Q8M920	nonstandard_residue_letter	letters=X
Q8M986	nonstandard_residue_letter	letters=X
Q8M9L8	nonstandard_residue_letter	letters=B,X
Q8MA20	nonstandard_residue_letter	letters=X
Q8MBG5	nonstandard_residue_letter	letters=X
Q8MBK3	nonstandard_residue_letter	letters=X
Q8MBQ4	nonstandard_residue_letter	letters=X
Q8MC99	nonstandard_residue_letter	letters=X
Q8MCJ4	nonstandard_residue_letter	letters=X
Q8MCL8	nonstandard_residue_letter	letters=X
Q8MCN3	nonstandard_residue_letter	letters=X
Q8MCR7	nonstandard_residue_letter	letters=B,X
Q8MD32	nonstandard_residue_letter	letters=X
Q8MDD1	nonstandard_residue_letter	letters=X,Z
Q8MDT1	nonstandard_residue_letter	letters=X
Q8MDU0	nonstandard_residue_letter	letters=X
Q8MED5	nonstandard_residue_letter	letters=X
Q8MEX8	nonstandard_residue_letter	letters=X
Q8MII8	nonstandard_residue_letter	letters=X
Q8MIU0	nonstandard_residue_letter	letters=X
Q8MJ14	nonstandard_residue_letter	letters=U
Q8QME6	nonstandard_residue_letter	letters=X
Q8QZ73	nonstandard_residue_letter	letters=X
Q8R0W0	nonstandard_residue_letter	letters=X
Q8R8W3	nonstandard_residue_letter	letters=U
Q8RMC0	nonstandard_residue_letter	letters=X
Q8RSS3	nonstandard_residue_letter	letters=X
Q8SJL2	nonstandard_residue_letter	letters=X
Q8T305	nonstandard_residue_letter	letters=X
Q8TN68	nonstandard_residue_letter	letters=O
Q8TS72	nonstandard_residue_letter	letters=O
Q8TS73	nonstandard_residue_letter	letters=O
Q8TTA5	nonstandard_residue_letter	letters=O
Q8TTA9	nonstandard_residue_letter	letters=O
Q8TVM0	nonstandard_residue_letter	letters=U
Q8TXN5	nonstandard_residue_letter	letters=U
Q8TYP4	nonstandard_residue_letter	letters=U
Q8UVX8	nonstandard_residue_letter	letters=U
Q8V294	nonstandard_residue_letter	letters=X
Q8V3T8	nonstandard_residue_letter	letters=X
Q8VD84	nonstandard_residue_letter	letters=X
Q8VHC3	nonstandard_residue_letter	letters=U
Q8VHV8	nonstandard_residue_letter	letters=U
Q8VKK0	nonstandard_residue_letter	letters=X
Q8VRZ1	nonstandard_residue_letter	letters=X
Q8W3Z3	nonstandard_residue_letter	letters=X
Q8W519	nonstandard_residue_letter	letters=B,X
Q8W7A1	nonstandard_residue_letter	letters=X
Q8WGG8	nonstandard_residue_letter	letters=X
Q8WH60	nonstandard_residue_letter	letters=X
Q8WHC6	nonstandard_residue_letter	letters=X
Q8WIJ9	nonstandard_residue_letter	letters=X
Q8WIV8	nonstandard_residue_letter	letters=X
Q8WJ18	nonstandard_residue_letter	letters=X
Q8WJ26	nonstandard_residue_letter	letters=X
Q8WJ31	nonstandard_residue_letter	letters=X,Z
Q8WJ32	nonstandard_residue_letter	letters=X
Q8WKK9	nonstandard_residue_letter	letters=X
Q8WMJ4	nonstandard_residue_letter	letters=X
Q8WMS6	nonstandard_residue_letter	letters=X
Q8WNN6	nonstandard_residue_letter	letters=X
Q8WTN9	nonstandard_residue_letter	letters=X
Q8WWX9	nonstandard_residue_letter	letters=U
Q8X1F5	nonstandard_residue_letter	letters=X
Q8X235	nonstandard_residue_letter	letters=X
Q8X482	nonstandard_residue_letter	letters=X,Z
Q8X5K6	nonstandard_residue_letter	letters=X
Q8YD09	nonstandard_residue_letter	letters=X
Q8YI91	nonstandard_residue_letter	letters=X
Q8ZTX6	nonstandard_residue_letter	letters=X
Q90053	nonstandard_residue_letter	letters=X
Q90718	nonstandard_residue_letter	letters=X
Q90X07	nonstandard_residue_letter	letters=X
Q91401	nonstandard_residue_letter	letters=X
Q91DH7	nonstandard_residue_letter	letters=X
Q91DH8	nonstandard_residue_letter	letters=X
Q91ZI8	nonstandard_residue_letter	letters=U
Q92116	nonstandard_residue_letter	letters=X
Q923V8	nonstandard_residue_letter	letters=U
Q924Z9	nonstandard_residue_letter	letters=X
Q92813	nonstandard_residue_letter	letters=U
Q934F5	nonstandard_residue_letter	letters=U
Q937Z1	nonstandard_residue_letter	letters=X
Q93A90	nonstandard_residue_letter	letters=X
Q93EP0	nonstandard_residue_letter	letters=X
Q93LE1	nonstandard_residue_letter	letters=X
Q94497	nonstandard_residue_letter	letters=U
Q94IC4	nonstandard_residue_letter	letters=X
Q950B9	nonstandard_residue_letter	letters=X
Q95276	nonstandard_residue_letter	letters=X
Q95283	nonstandard_residue_letter	letters=X
Q95307	nonstandard_residue_letter	letters=X
Q95312	nonstandard_residue_letter	letters=X
Q955G5	nonstandard_residue_letter	letters=X
Q956Y7	nonstandard_residue_letter	letters=X
Q956Y9	nonstandard_residue_letter	letters=X
Q956Z1	nonstandard_residue_letter	letters=X
Q956Z2	nonstandard_residue_letter	letters=X
Q956Z7	nonstandard_residue_letter	letters=X
Q956Z8	nonstandard_residue_letter	letters=X
Q956Z9	nonstandard_residue_letter	letters=X
Q95776	nonstandard_residue_letter	letters=X
Q957A2	nonstandard_residue_letter	letters=X
Q957A4	nonstandard_residue_letter	letters=X
Q957A9	nonstandard_residue_letter	letters=X
Q957B2	nonstandard_residue_letter	letters=X
Q957B7	nonstandard_residue_letter	letters=X
Q957C1	nonstandard_residue_letter	letters=X
Q957C3	nonstandard_residue_letter	letters=X
Q957C6	nonstandard_residue_letter	letters=X
Q957D1	nonstandard_residue_letter	letters=X
Q957T2	nonstandard_residue_letter	letters=X
Q95DQ8	nonstandard_residue_letter	letters=X
Q95GJ0	nonstandard_residue_letter	letters=X
Q95GM2	nonstandard_residue_letter	letters=X
Q95GN7	nonstandard_residue_letter	letters=B,X
Q95GQ8	nonstandard_residue_letter	letters=X
Q95GT2	nonstandard_residue_letter	letters=X
Q95GT7	nonstandard_residue_letter	letters=X
Q95KL4	nonstandard_residue_letter	letters=U
Q95N00	nonstandard_residue_letter	letters=U
Q95N02	nonstandard_residue_letter	letters=X
Q95N03	nonstandard_residue_letter	letters=X
Q96831	nonstandard_residue_letter	letters=X
Q96UR9	nonstandard_residue_letter	letters=X
Q97W96	nonstandard_residue_letter	letters=X
Q98234	nonstandard_residue_letter	letters=U
Q98745	nonstandard_residue_letter	letters=X
Q98SV0	nonstandard_residue_letter	letters=U
Q98SV1	nonstandard_residue_letter	letters=U
Q99611	nonstandard_residue_letter	letters=U
Q99MD6	nonstandard_residue_letter	letters=U
Q9AQ98	nonstandard_residue_letter	letters=X
Q9AT63	nonstandard_residue_letter	letters=X
Q9B7W1	nonstandard_residue_letter	letters=B,X
Q9B9F5	nonstandard_residue_letter	letters=X
Q9BCZ4	nonstandard_residue_letter	letters=U
Q9BMM1	nonstandard_residue_letter	letters=X
Q9BP53	nonstandard_residue_letter	letters=X
Q9BP72	nonstandard_residue_letter	letters=X
Q9BP90	nonstandard_residue_letter	letters=X
Q9BQE4	nonstandard_residue_letter	letters=U
Q9BVL4	nonstandard_residue_letter	letters=U
Q9C0D9	nonstandard_residue_letter	letters=U
Q9C3Z4	nonstandard_residue_letter	letters=X
Q9DBC0	nonstandard_residue_letter	letters=U
Q9DBZ9	nonstandard_residue_letter	letters=X
Q9DFD6	nonstandard_residue_letter	letters=X
Q9DFR4	nonstandard_residue_letter	letters=X
Q9DFR6	nonstandard_residue_letter	letters=X
Q9DRA1	nonstandard_residue_letter	letters=X
Q9DSN9	nonstandard_residue_letter	letters=X
Q9EPU2	nonstandard_residue_letter	letters=X
Q9ERR7	nonstandard_residue_letter	letters=U
Q9ET62	nonstandard_residue_letter	letters=X
Q9EVE0	nonstandard_residue_letter	letters=X
Q9EVG2	nonstandard_residue_letter	letters=X
Q9EVG3	nonstandard_residue_letter	letters=X
Q9EVG9	nonstandard_residue_letter	letters=X
Q9EVH4	nonstandard_residue_letter	letters=X
Q9EVH6	nonstandard_residue_letter	letters=X
Q9EVH7	nonstandard_residue_letter	letters=X
Q9EVI3	nonstandard_residue_letter	letters=X
Q9EVI4	nonstandard_residue_letter	letters=X
Q9EVI6	nonstandard_residue_letter	letters=X
Q9EVI8	nonstandard_residue_letter	letters=X
Q9F415	nonstandard_residue_letter	letters=X
Q9G1H4	nonstandard_residue_letter	letters=X
Q9G946	nonstandard_residue_letter	letters=X
Q9GAR5	nonstandard_residue_letter	letters=X
Q9GBY5	nonstandard_residue_letter	letters=X
Q9GCE7	nonstandard_residue_letter	letters=X
Q9GF29	nonstandard_residue_letter	letters=X
Q9GF32	nonstandard_residue_letter	letters=X
Q9GF34	nonstandard_residue_letter	letters=X
Q9GF35	nonstandard_residue_letter	letters=X
Q9GF36	nonstandard_residue_letter	letters=X
Q9GF59	nonstandard_residue_letter	letters=X
Q9GF61	nonstandard_residue_letter	letters=X
Q9GF63	nonstandard_residue_letter	letters=X
Q9GFA1	nonstandard_residue_letter	letters=X
Q9GFA7	nonstandard_residue_letter	letters=X
Q9GFL3	nonstandard_residue_letter	letters=X
Q9GGJ6	nonstandard_residue_letter	letters=X
Q9GHB1	nonstandard_residue_letter	letters=X
Q9GHB2	nonstandard_residue_letter	letters=X
Q9GHB8	nonstandard_residue_letter	letters=X
Q9GHC3	nonstandard_residue_letter	letters=X
Q9GHE1	nonstandard_residue_letter	letters=X
Q9GHE2	nonstandard_residue_letter	letters=X
Q9GHE4	nonstandard_residue_letter	letters=X
Q9GHE5	nonstandard_residue_letter	letters=X
Q9GHG8	nonstandard_residue_letter	letters=X
Q9GI85	nonstandard_residue_letter	letters=X
Q9GLP8	nonstandard_residue_letter	letters=X
Q9GLQ3	nonstandard_residue_letter	letters=X
Q9GLQ4	nonstandard_residue_letter	letters=X
Q9GLQ5	nonstandard_residue_letter	letters=X
Q9GLQ6	nonstandard_residue_letter	letters=X
Q9GLQ7	nonstandard_residue_letter	letters=X
Q9GLQ9	nonstandard_residue_letter	letters=X
Q9GV28	nonstandard_residue_letter	letters=X
Q9HFR4	nonstandard_residue_letter	letters=X
Q9IA79	nonstandard_residue_letter	letters=X
Q9IAX2	nonstandard_residue_letter	letters=U
Q9IDV1	nonstandard_residue_letter	letters=Z
Q9IDV2	nonstandard_residue_letter	letters=B,X
Q9IDV7	nonstandard_residue_letter	letters=X
Q9IDV8	nonstandard_residue_letter	letters=X
Q9IDV9	nonstandard_residue_letter	letters=X
Q9IWA0	nonstandard_residue_letter	letters=X
Q9J5U7	nonstandard_residue_letter	letters=X
Q9J942	nonstandard_residue_letter	letters=X
Q9JGL0	nonstandard_residue_letter	letters=X
Q9JHC0	nonstandard_residue_letter	letters=U
Q9JKU6	nonstandard_residue_letter	letters=X
Q9JLC3	nonstandard_residue_letter	letters=U
Q9JLJ1	nonstandard_residue_letter	letters=U
Q9JLT4	nonstandard_residue_letter	letters=U
Q9JMH6	nonstandard_residue_letter	letters=U
Q9KH25	nonstandard_residue_letter	letters=X
Q9KH33	nonstandard_residue_letter	letters=X
Q9KRQ1	nonstandard_residue_letter	letters=B,X
Q9L3Q5	nonstandard_residue_letter	letters=U
Q9L473	nonstandard_residue_letter	letters=U
Q9L4E1	nonstandard_residue_letter	letters=U
Q9L5W4	nonstandard_residue_letter	letters=X
Q9L5W5	nonstandard_residue_letter	letters=X
Q9MI35	nonstandard_residue_letter	letters=X
Q9MLJ3	nonstandard_residue_letter	letters=X
Q9MLK2	nonstandard_residue_letter	letters=X
Q9MMZ2	nonstandard_residue_letter	letters=X
Q9MRR9	nonstandard_residue_letter	letters=X
Q9MRV8	nonstandard_residue_letter	letters=X
Q9MSR8	nonstandard_residue_letter	letters=X
Q9MSS0	nonstandard_residue_letter	letters=X
Q9MSS1	nonstandard_residue_letter	letters=X
Q9MSS3	nonstandard_residue_letter	letters=X
Q9MSS8	nonstandard_residue_letter	letters=X
Q9MST4	nonstandard_residue_letter	letters=X
Q9MSV4	nonstandard_residue_letter	letters=X
Q9MSV6	nonstandard_residue_letter	letters=B,X
Q9MTE7	nonstandard_residue_letter	letters=X
Q9MTX9	nonstandard_residue_letter	letters=X
Q9MU26	nonstandard_residue_letter	letters=X
Q9MU30	nonstandard_residue_letter	letters=X
Q9MU81	nonstandard_residue_letter	letters=X
Q9MUK0	nonstandard_residue_letter	letters=X
Q9MUK1	nonstandard_residue_letter	letters=X
Q9MVD9	nonstandard_residue_letter	letters=X
Q9MVK2	nonstandard_residue_letter	letters=X
Q9MVL6	nonstandard_residue_letter	letters=X
Q9MYS6	nonstandard_residue_letter	letters=X
Q9MYY8	nonstandard_residue_letter	letters=U
Q9N0B3	nonstandard_residue_letter	letters=X
Q9N272	nonstandard_residue_letter	letters=X
Q9N290	nonstandard_residue_letter	letters=X
Q9N2A4	nonstandard_residue_letter	letters=Z
Q9N2B2	nonstandard_residue_letter	letters=X
Q9N2B7	nonstandard_residue_letter	letters=X
Q9N2I8	nonstandard_residue_letter	letters=U
Q9N2J2	nonstandard_residue_letter	letters=U
Q9N2M8	nonstandard_residue_letter	letters=X
Q9N9W8	nonstandard_residue_letter	letters=X
Q9NGB4	nonstandard_residue_letter	letters=X
Q9NLA6	nonstandard_residue_letter	letters=X
Q9NNW7	nonstandard_residue_letter	letters=U
Q9NZV5	nonstandard_residue_letter	letters=U
Q9NZV6	nonstandard_residue_letter	letters=U
Q9P995	nonstandard_residue_letter	letters=O
Q9P9L4	nonstandard_residue_letter	letters=O
Q9P9M9	nonstandard_residue_letter	letters=O
Q9P9N0	nonstandard_residue_letter	letters=O
Q9PK73	nonstandard_residue_letter	letters=X
Q9PKV2	nonstandard_residue_letter	letters=X
Q9PKW9	nonstandard_residue_letter	letters=X
Q9PKX0	nonstandard_residue_letter	letters=X
Q9PKX2	nonstandard_residue_letter	letters=X
Q9PLT8	nonstandard_residue_letter	letters=X
Q9PMF9	nonstandard_residue_letter	letters=U
Q9PRM8	nonstandard_residue_letter	letters=X
Q9PRP9	nonstandard_residue_letter	letters=X
Q9PRY2	nonstandard_residue_letter	letters=X
Q9PRY9	nonstandard_residue_letter	letters=X
Q9PRZ0	nonstandard_residue_letter	letters=X
Q9PS28	nonstandard_residue_letter	letters=X
Q9PVZ4	nonstandard_residue_letter	letters=X
Q9PX62	nonstandard_residue_letter	letters=X
Q9Q1T8	nonstandard_residue_letter	letters=X
Q9Q720	nonstandard_residue_letter	letters=X
Q9QBU0	nonstandard_residue_letter	letters=X
Q9R101	nonstandard_residue_letter	letters=X
Q9R4G8	nonstandard_residue_letter	letters=U
Q9R4N6	nonstandard_residue_letter	letters=X
Q9R4N7	nonstandard_residue_letter	letters=X
Q9R4N9	nonstandard_residue_letter	letters=X
Q9R4P0	nonstandard_residue_letter	letters=X
Q9R4P3	nonstandard_residue_letter	letters=X
Q9R4P4	nonstandard_residue_letter	letters=X
Q9R4P6	nonstandard_residue_letter	letters=X
Q9R4P8	nonstandard_residue_letter	letters=X
Q9R5C6	nonstandard_residue_letter	letters=X
Q9R5V7	nonstandard_residue_letter	letters=X
Q9R5V8	nonstandard_residue_letter	letters=X
Q9R5V9	nonstandard_residue_letter	letters=X
Q9RT44	nonstandard_residue_letter	letters=X
Q9RUG2	nonstandard_residue_letter	letters=X
Q9RUP5	nonstandard_residue_letter	letters=X
Q9RZA4	fs_strict_positive	porter_62_4o0pA__4o01D
Q9SEC2	nonstandard_residue_letter	letters=X
Q9T2K9	length_below_min	length=9
Q9T2L0	length_below_min	length=9
Q9T2L1	length_below_min	length=9
Q9T4N0	nonstandard_residue_letter	letters=X
Q9T4P2	nonstandard_residue_letter	letters=X
Q9T7N5	nonstandard_residue_letter	letters=X
Q9T7Q6	nonstandard_residue_letter	letters=X
Q9T9B6	nonstandard_residue_letter	letters=X
Q9T9B9	nonstandard_residue_letter	letters=X
Q9T9C1	nonstandard_residue_letter	letters=X
Q9TDQ5	nonstandard_residue_letter	letters=X
Q9TF10	nonstandard_residue_letter	letters=X
Q9TF20	nonstandard_residue_letter	letters=X
Q9TF31	nonstandard_residue_letter	letters=X
Q9TF32	nonstandard_residue_letter	letters=X
Q9TF34	nonstandard_residue_letter	letters=X
Q9TF37	nonstandard_residue_letter	letters=X
Q9TF49	nonstandard_residue_letter	letters=X
Q9TF55	nonstandard_residue_letter	letters=X
Q9TF61	nonstandard_residue_letter	letters=X
Q9TF73	nonstandard_residue_letter	letters=X
Q9TF74	nonstandard_residue_letter	letters=X
Q9TF80	nonstandard_residue_letter	letters=X
Q9TFA0	nonstandard_residue_letter	letters=X
Q9TFX4	nonstandard_residue_letter	letters=X
Q9TFX6	nonstandard_residue_letter	letters=X
Q9TH45	nonstandard_residue_letter	letters=X
Q9TIB6	nonstandard_residue_letter	letters=X
Q9TIQ4	nonstandard_residue_letter	letters=X
Q9TIQ5	nonstandard_residue_letter	letters=X
Q9TIR8	nonstandard_residue_letter	letters=X
Q9TIR9	nonstandard_residue_letter	letters=X
Q9TIS6	nonstandard_residue_letter	letters=X
Q9TK08	nonstandard_residue_letter	letters=X
Q9TKB8	nonstandard_residue_letter	letters=X,Z
Q9TKB9	nonstandard_residue_letter	letters=X
Q9TKC0	nonstandard_residue_letter	letters=X
Q9TKD1	nonstandard_residue_letter	letters=X
Q9TKD3	nonstandard_residue_letter	letters=X,Z
Q9TKD7	nonstandard_residue_letter	letters=X
Q9TKI5	nonstandard_residue_letter	letters=X
Q9TKP0	nonstandard_residue_letter	letters=X
Q9TKP9	nonstandard_residue_letter	letters=X
Q9TKS4	nonstandard_residue_letter	letters=X
Q9TLD8	nonstandard_residue_letter	letters=X
Q9TMC8	nonstandard_residue_letter	letters=X
Q9TN87	nonstandard_residue_letter	letters=X
Q9TN89	nonstandard_residue_letter	letters=X
Q9TNA1	nonstandard_residue_letter	letters=X
Q9TNB1	nonstandard_residue_letter	letters=X
Q9TRZ8	nonstandard_residue_letter	letters=X
Q9TS53	nonstandard_residue_letter	letters=X
Q9TST1	nonstandard_residue_letter	letters=X
Q9TU34	nonstandard_residue_letter	letters=X
Q9TU84	nonstandard_residue_letter	letters=X
Q9TU99	nonstandard_residue_letter	letters=X
Q9TUA1	nonstandard_residue_letter	letters=X
Q9TWL8	nonstandard_residue_letter	letters=X
Q9TWL9	nonstandard_residue_letter	letters=X
Q9U6R6	nonstandard_residue_letter	letters=X,Z
Q9UMR2	fs_extension	porter_69_3ewsB__3g0hA
Q9URB1	nonstandard_residue_letter	letters=X
Q9VKA4	nonstandard_residue_letter	letters=X
Q9VKY8	nonstandard_residue_letter	letters=U
Q9VYB0	nonstandard_residue_letter	letters=U
Q9W683	nonstandard_residue_letter	letters=X
Q9WC60	nonstandard_residue_letter	letters=X
Q9WC69	nonstandard_residue_letter	letters=X
Q9WC70	nonstandard_residue_letter	letters=X
Q9WCD9	nonstandard_residue_letter	letters=X
Q9WJC7	nonstandard_residue_letter	letters=X
Q9WSV7	nonstandard_residue_letter	letters=X
Q9WUR3	nonstandard_residue_letter	letters=X
Q9WXE8	nonstandard_residue_letter	letters=X
Q9X448	nonstandard_residue_letter	letters=X
Q9X6J5	nonstandard_residue_letter	letters=X
Q9X6W8	nonstandard_residue_letter	letters=X
Q9X721	fs_extension	porter_30_1nqdA__1nqjB
Q9XNT9	nonstandard_residue_letter	letters=X
Q9XNU4	nonstandard_residue_letter	letters=X
Q9XNU5	nonstandard_residue_letter	letters=X
Q9XNU6	nonstandard_residue_letter	letters=X
Q9XNU9	nonstandard_residue_letter	letters=X
Q9XNV3	nonstandard_residue_letter	letters=X
Q9XNV4	nonstandard_residue_letter	letters=X
Q9XNV7	nonstandard_residue_letter	letters=X
Q9XNW3	nonstandard_residue_letter	letters=X
Q9XNW4	nonstandard_residue_letter	letters=X
Q9XNW5	nonstandard_residue_letter	letters=X
Q9XNW9	nonstandard_residue_letter	letters=X
Q9XNX0	nonstandard_residue_letter	letters=X
Q9XNX1	nonstandard_residue_letter	letters=X
Q9XNX6	nonstandard_residue_letter	letters=X
Q9XNX8	nonstandard_residue_letter	letters=X
Q9XP68	nonstandard_residue_letter	letters=X
Q9XP81	nonstandard_residue_letter	letters=X
Q9XQR2	nonstandard_residue_letter	letters=X
Q9XST2	nonstandard_residue_letter	letters=X
Q9XSU3	nonstandard_residue_letter	letters=X
Q9XZV3	nonstandard_residue_letter	letters=X
Q9Y193	nonstandard_residue_letter	letters=X
Q9Y6D0	nonstandard_residue_letter	letters=U
Q9YKD6	nonstandard_residue_letter	letters=X
Q9YLR0	nonstandard_residue_letter	letters=X
Q9YLR1	nonstandard_residue_letter	letters=X
Q9YQ08	nonstandard_residue_letter	letters=X
Q9Z0J5	nonstandard_residue_letter	letters=U
Q9Z1Y9	nonstandard_residue_letter	letters=U
Q9Z2G8	nonstandard_residue_letter	letters=X
Q9Z426	nonstandard_residue_letter	letters=X
Q9Z4Q7	nonstandard_residue_letter	letters=U
Q9ZA15	nonstandard_residue_letter	letters=X
Q9ZSQ4	nonstandard_residue_letter	letters=X
R9WS04	nonstandard_residue_letter	letters=X
R9WTS6	nonstandard_residue_letter	letters=X
S4TDL2	nonstandard_residue_letter	letters=X
W4VRY7	nonstandard_residue_letter	letters=X
W4VRY9	nonstandard_residue_letter	letters=X
W8JIT4	nonstandard_residue_letter	letters=X
