record_id	row_kind	pdb	chain	pdb_chain	kind	presence_target	presence_mask	presence_task_tier	type_target	type_mask	type_task_tier	verdict	c2_primary	c1_primary	c2_primary_support	c2_knotted_support	c2_unknot_support	c1_primary_support	class_c2	class_c1	c1_c2_class_agree	core_knot	flank_knot	core_best_type	core_best_support	n_annotations	source_types	internal_missing	n_ca	anomaly_resolution	support_threshold_used	type_agrees_source	matched_positives	n_matched_negatives	exclusion_reason	source_version	created_at
1aja_A	candidate	1aja	A	1aja_A	S		0	slipknot_core_verified		0	core_type_only	slipknot_core_verified	0_1	0_1	0.685	0.855	0.685	1.0	unknotted	unknotted	True	True	True	0_1	1.0	1	31	0	435		0.7			0		legacy topology 表族 2026-09-14（eligibility/verdict/support/annotations/negatives/selection）	2026-09-21 13:26
1auk_A	candidate	1auk	A	1auk_A	S		0	slipknot_core_verified		0	core_type_only	slipknot_core_verified	0_1	0_1	0.705	0.81	0.705	1.0	unknotted	unknotted	True	True	True	3_1	1.0	1	31	0	481		0.7			0		legacy topology 表族 2026-09-14（eligibility/verdict/support/annotations/negatives/selection）	2026-09-21 13:26
1by7_A	candidate	1by7	A	1by7_A	K	1	1	eligible	3_1	1	eligible	match	3_1	3_1	0.745	0.81	0.065	1.0	knotted	knotted	True	False	False	none	0.0	1	31	0	354		0.7	True		4		legacy topology 表族 2026-09-14（eligibility/verdict/support/annotations/negatives/selection）	2026-09-21 13:26
1cmx_A	candidate	1cmx	A	1cmx_A	K		0	extended		0	review	partial_match	0_1	3_1	0.425	0.845	0.425	1.0	unknotted	knotted	False	False	False	none	0.0	1	31	0	214		0.7	False		4		legacy topology 表族 2026-09-14（eligibility/verdict/support/annotations/negatives/selection）	2026-09-21 13:26
1cnb_A	candidate	1cnb	A	1cnb_A	S		0	source_unpublished_review		0	review	slipknot_anomaly_wholechain_knotted	3_1	3_1	0.465	0.81	0.345	1.0	knotted	knotted	True	True	True	0_1	1.0	1	31	0	255	source_pub_flag=T; unpublished_source_row; our_calc=3_1@0.82	0.7			0		legacy topology 表族 2026-09-14（eligibility/verdict/support/annotations/negatives/selection）	2026-09-21 13:26
1e2h_A	candidate	1e2h	A	1e2h_A	S		0	slipknot_core_verified		0	core_type_only	slipknot_core_verified	0_1	0_1	0.62	0.62	0.62	1.0	unknotted	unknotted	True	True	True	3_1	1.0	1	31	0	306		0.7			0		legacy topology 表族 2026-09-14（eligibility/verdict/support/annotations/negatives/selection）	2026-09-21 13:26
1ei6_A	candidate	1ei6	A	1ei6_A	S		0	slipknot_core_verified		0	core_type_only	slipknot_core_verified	0_1	0_1	0.69	0.815	0.69	1.0	unknotted	unknotted	True	True	True	0_1	1.0	1	31	0	404		0.7			0		legacy topology 表族 2026-09-14（eligibility/verdict/support/annotations/negatives/selection）	2026-09-21 13:26
1ejj_A	candidate	1ejj	A	1ejj_A	S		0	slipknot_core_verified		0	core_type_only	slipknot_core_verified	0_1	0_1	0.69	0.835	0.69	1.0	unknotted	unknotted	True	True	True	0_1	1.0	1	31	0	508		0.7			0		legacy topology 表族 2026-09-14（eligibility/verdict/support/annotations/negatives/selection）	2026-09-21 13:26
1eku_A	candidate	1eku	A	1eku_A	K	1	1	eligible		0	extended	match	3_1	3_1	0.61	0.87	0.105	1.0	knotted	knotted	True	False	False	none	0.0	1	31	0	252		0.7	True		4		legacy topology 表族 2026-09-14（eligibility/verdict/support/annotations/negatives/selection）	2026-09-21 13:26
1f48_A	candidate	1f48	A	1f48_A	K		0	extended		0	extended	match	3_1	3_1	0.56	0.675	0.115	1.0	knotted	knotted	True	False	False	none	0.0	1	31	0	548		0.7	True		4		legacy topology 表族 2026-09-14（eligibility/verdict/support/annotations/negatives/selection）	2026-09-21 13:26
1fe1_G	candidate	1fe1	G	1fe1_G	S		0	slipknot_core_verified		0	core_type_only	slipknot_core_verified	0_1	0_1	0.8	0.98	0.8	1.0	unknotted	unknotted	True	True	True	0_1	1.0	1	31	0	312		0.7			0		legacy topology 表族 2026-09-14（eligibility/verdict/support/annotations/negatives/selection）	2026-09-21 13:26
1fka_C	candidate	1fka	C	1fka_C	S		0	slipknot_core_verified		0	core_type_only	slipknot_core_verified	0_1	0_1	0.795	0.795	0.795	1.0	unknotted	unknotted	True	True	True	0_1	1.0	1	41	0	176		0.7			0		legacy topology 表族 2026-09-14（eligibility/verdict/support/annotations/negatives/selection）	2026-09-21 13:26
1fug_A	candidate	1fug	A	1fug_A	K	1	1	eligible		0	extended	match	3_1	3_1	0.675	0.9	0.225	1.0	knotted	knotted	True	False	False	none	0.0	1	31	0	383		0.7	True		4		legacy topology 表族 2026-09-14（eligibility/verdict/support/annotations/negatives/selection）	2026-09-21 13:26
1giy_M	candidate	1giy	M	1giy_M	K	1	1	eligible		0	extended	match	3_1	3_1	0.665	0.905	0.24	1.0	knotted	knotted	True	False	False	none	0.0	1	31	0	117		0.7	True		4		legacy topology 表族 2026-09-14（eligibility/verdict/support/annotations/negatives/selection）	2026-09-21 13:26
1gjj_A	candidate	1gjj	A	1gjj_A	S		0	unresolved		0	none	unresolved	TMC	TMC	0.97	0	0.0	0.0	unresolved	unresolved	True	False	False	none	0.0	3	31;51;71	0	93		0.7			0		legacy topology 表族 2026-09-14（eligibility/verdict/support/annotations/negatives/selection）	2026-09-21 13:26
1gku_B	candidate	1gku	B	1gku_B	K	1	1	eligible	3_1	1	eligible	match	3_1	3_1	0.765	0.805	0.04	1.0	knotted	knotted	True	False	False	none	0.0	1	31	0	1011		0.7	True		4		legacy topology 表族 2026-09-14（eligibility/verdict/support/annotations/negatives/selection）	2026-09-21 13:26
1gv4_A	candidate	1gv4	A	1gv4_A	S		0	slipknot_core_verified		0	core_type_only	slipknot_core_verified	0_1	0_1	0.545	0.91	0.545	1.0	unknotted	unknotted	True	True	True	0_1	1.0	1	31	0	490		0.7			0		legacy topology 表族 2026-09-14（eligibility/verdict/support/annotations/negatives/selection）	2026-09-21 13:26
1gz0_A	candidate	1gz0	A	1gz0_A	K	1	1	eligible	3_1	1	eligible	match	3_1	3_1	0.815	0.855	0.04	1.0	knotted	knotted	True	False	False	none	0.0	1	31	0	242		0.7	True		4		legacy topology 表族 2026-09-14（eligibility/verdict/support/annotations/negatives/selection）	2026-09-21 13:26
1hdh_A	candidate	1hdh	A	1hdh_A	S		0	slipknot_core_verified		0	core_type_only	slipknot_core_verified	0_1	0_1	0.715	0.87	0.715	1.0	unknotted	unknotted	True	True	True	3_1	1.0	1	31	0	525		0.7			0		legacy topology 表族 2026-09-14（eligibility/verdict/support/annotations/negatives/selection）	2026-09-21 13:26
1he8_A	candidate	1he8	A	1he8_A	K	1	1	eligible	3_1	1	eligible	match	3_1	3_1	0.77	0.77	0.0	1.0	knotted	knotted	True	False	False	none	0.0	1	31	0	749		0.7	True		4		legacy topology 表族 2026-09-14（eligibility/verdict/support/annotations/negatives/selection）	2026-09-21 13:26
1hyn_P	candidate	1hyn	P	1hyn_P	S		0	slipknot_core_verified		0	core_type_only	slipknot_core_verified	0_1	0_1	0.87	0.97	0.87	1.0	unknotted	unknotted	True	True	True	3_1	1.0	1	31	0	293		0.7			0		legacy topology 表族 2026-09-14（eligibility/verdict/support/annotations/negatives/selection）	2026-09-21 13:26
1i3s_A	candidate	1i3s	A	1i3s_A	S		0	slipknot_core_verified		0	core_type_only	slipknot_core_verified	0_1	0_1	0.81	0.81	0.81	1.0	unknotted	unknotted	True	True	True	0_1	1.0	1	31	0	283		0.7			0		legacy topology 表族 2026-09-14（eligibility/verdict/support/annotations/negatives/selection）	2026-09-21 13:26
1ilx_G	candidate	1ilx	G	1ilx_G	S		0	slipknot_core_verified		0	core_type_only	slipknot_core_verified	0_1	0_1	0.8	0.98	0.8	1.0	unknotted	unknotted	True	True	True	0_1	1.0	1	31	0	312		0.7			0		legacy topology 表族 2026-09-14（eligibility/verdict/support/annotations/negatives/selection）	2026-09-21 13:26
1j85_A	candidate	1j85	A	1j85_A	K	1	1	eligible	3_1	1	eligible	match	3_1	3_1	0.815	0.86	0.045	1.0	knotted	knotted	True	False	False	none	0.0	1	31	0	156		0.7	True		4		legacy topology 表族 2026-09-14（eligibility/verdict/support/annotations/negatives/selection）	2026-09-21 13:26
1jch_A	candidate	1jch	A	1jch_A	S		0	slipknot_core_verified		0	core_type_only	slipknot_core_verified	0_1	0_1	0.88	0.88	0.88	1.0	unknotted	unknotted	True	True	True	3_1	1.0	1	31	0	468		0.7			0		legacy topology 表族 2026-09-14（eligibility/verdict/support/annotations/negatives/selection）	2026-09-21 13:26
1jr1_A	candidate	1jr1	A	1jr1_A	K		0	extended		0	extended	match	3_1	3_1	0.66	0.66	0.0	1.0	knotted	knotted	True	False	False	none	0.0	1	31	0	436		0.7	True		4		legacy topology 表族 2026-09-14（eligibility/verdict/support/annotations/negatives/selection）	2026-09-21 13:26
1js1_X	candidate	1js1	X	1js1_X	K		0	extended		0	extended	match	3_1	3_1	0.695	0.695	0.0	1.0	knotted	knotted	True	False	False	none	0.0	1	31	0	324		0.7	True		4		legacy topology 表族 2026-09-14（eligibility/verdict/support/annotations/negatives/selection）	2026-09-21 13:26
1k3r_A	candidate	1k3r	A	1k3r_A	K	1	1	eligible		0	extended	match	3_1	3_1	0.68	0.8	0.12	1.0	knotted	knotted	True	False	False	none	0.0	1	31	0	262		0.7	True		4		legacy topology 表族 2026-09-14（eligibility/verdict/support/annotations/negatives/selection）	2026-09-21 13:26
1lm4_A	candidate	1lm4	A	1lm4_A	S		0	slipknot_core_verified		0	core_type_only	slipknot_core_verified	0_1	0_1	0.78	0.78	0.78	1.0	unknotted	unknotted	True	True	True	0_1	1.0	1	31	0	190		0.7			0		legacy topology 表族 2026-09-14（eligibility/verdict/support/annotations/negatives/selection）	2026-09-21 13:26
1lns_A	candidate	1lns	A	1lns_A	S		0	slipknot_core_verified		0	core_type_only	slipknot_core_verified	0_1	0_1	0.73	0.73	0.73	1.0	unknotted	unknotted	True	True	True	0_1	1.0	1	31	0	763		0.7			0		legacy topology 表族 2026-09-14（eligibility/verdict/support/annotations/negatives/selection）	2026-09-21 13:26
1m1x_A	candidate	1m1x	A	1m1x_A	K		0	extended		0	extended	match	3_1	3_1	0.685	0.695	0.01	1.0	knotted	knotted	True	False	False	none	0.0	1	31	0	927		0.7	True		4		legacy topology 表族 2026-09-14（eligibility/verdict/support/annotations/negatives/selection）	2026-09-21 13:26
1ml5_m	candidate	1ml5	m	1ml5_m	K	1	1	eligible		0	extended	match	3_1	3_1	0.675	0.89	0.215	1.0	knotted	knotted	True	False	False	none	0.0	1	31	0	117		0.7	True		4		legacy topology 表族 2026-09-14（eligibility/verdict/support/annotations/negatives/selection）	2026-09-21 13:26
1mqs_A	candidate	1mqs	A	1mqs_A	S		0	slipknot_core_verified		0	core_type_only	slipknot_core_verified	0_1	0_1	0.58	0.58	0.58	1.0	unknotted	unknotted	True	True	True	0_1	1.0	1	31	0	588		0.7			0		legacy topology 表族 2026-09-14（eligibility/verdict/support/annotations/negatives/selection）	2026-09-21 13:26
1n2m_A	candidate	1n2m	A	1n2m_A	S		0	slipknot_core_verified		0	core_type_only	slipknot_core_verified	0_1	0_1	0.745	0.845	0.745	1.0	unknotted	unknotted	True	True	True	0_1	1.0	1	31	0	159		0.7			0		legacy topology 表族 2026-09-14（eligibility/verdict/support/annotations/negatives/selection）	2026-09-21 13:26
1ns5_A	candidate	1ns5	A	1ns5_A	K	1	1	eligible		0	extended	match	3_1	3_1	0.695	0.795	0.1	1.0	knotted	knotted	True	False	False	none	0.0	1	31	0	153		0.7	True		4		legacy topology 表族 2026-09-14（eligibility/verdict/support/annotations/negatives/selection）	2026-09-21 13:26
1nxz_A	candidate	1nxz	A	1nxz_A	K	1	1	eligible	3_1	1	eligible	match	3_1	3_1	0.81	0.865	0.055	1.0	knotted	knotted	True	False	False	none	0.0	1	31	0	246		0.7	True		4		legacy topology 表族 2026-09-14（eligibility/verdict/support/annotations/negatives/selection）	2026-09-21 13:26
1o6l_A	candidate	1o6l	A	1o6l_A	K	1	1	eligible		0	extended	match	4_1	4_1	0.475	0.745	0.145	1.0	knotted	knotted	True	False	False	none	0.0	1	41	0	317		0.7	True		4		legacy topology 表族 2026-09-14（eligibility/verdict/support/annotations/negatives/selection）	2026-09-21 13:26
1ogc_A	candidate	1ogc	A	1ogc_A	S		0	slipknot_core_verified		0	core_type_only	slipknot_core_verified	0_1	0_1	0.85	0.85	0.85	1.0	unknotted	unknotted	True	True	True	0_1	1.0	1	31	0	131		0.7			0		legacy topology 表族 2026-09-14（eligibility/verdict/support/annotations/negatives/selection）	2026-09-21 13:26
1pgi_A	candidate	1pgi	A	1pgi_A	S		0	slipknot_core_verified		0	core_type_only	slipknot_core_verified	0_1	0_1	0.655	0.87	0.655	1.0	unknotted	unknotted	True	True	True	3_1	1.0	1	31	0	514		0.7			0		legacy topology 表族 2026-09-14（eligibility/verdict/support/annotations/negatives/selection）	2026-09-21 13:26
1pv2_A	candidate	1pv2	A	1pv2_A	K	1	1	eligible	3_1	1	eligible	match	3_1	3_1	0.915	0.915	0.0	1.0	knotted	knotted	True	False	False	none	0.0	1	31	0	241		0.7	True		4		legacy topology 表族 2026-09-14（eligibility/verdict/support/annotations/negatives/selection）	2026-09-21 13:26
1q3x_A	candidate	1q3x	A	1q3x_A	S		0	slipknot_core_verified		0	core_type_only	slipknot_core_verified	0_1	0_1	0.83	0.83	0.83	1.0	unknotted	unknotted	True	True	True	0_1	1.0	1	31	0	321		0.7			0		legacy topology 表族 2026-09-14（eligibility/verdict/support/annotations/negatives/selection）	2026-09-21 13:26
1rh1_A	candidate	1rh1	A	1rh1_A	S		0	slipknot_core_verified		0	core_type_only	slipknot_core_verified	0_1	0_1	0.855	0.855	0.855	1.0	unknotted	unknotted	True	True	True	0_1	1.0	1	31	0	490		0.7			0		legacy topology 表族 2026-09-14（eligibility/verdict/support/annotations/negatives/selection）	2026-09-21 13:26
1s1h_I	candidate	1s1h	I	1s1h_I	K	1	1	eligible	3_1	1	eligible	match	3_1	3_1	0.97	0.975	0.005	1.0	knotted	knotted	True	False	False	none	0.0	1	31	0	139		0.7	True		4		legacy topology 表族 2026-09-14（eligibility/verdict/support/annotations/negatives/selection）	2026-09-21 13:26
1t0h_B	candidate	1t0h	B	1t0h_B	K	1	1	eligible	3_1	1	eligible	match	3_1	3_1	0.735	0.915	0.18	1.0	knotted	knotted	True	False	False	none	0.0	1	31	0	187		0.7	True		4		legacy topology 表族 2026-09-14（eligibility/verdict/support/annotations/negatives/selection）	2026-09-21 13:26
1ti2_A	candidate	1ti2	A	1ti2_A	S		0	slipknot_core_verified		0	core_type_only	slipknot_core_verified	0_1	0_1	0.68	0.68	0.68	1.0	unknotted	unknotted	True	True	True	3_1	1.0	1	31	0	875		0.7			0		legacy topology 表族 2026-09-14（eligibility/verdict/support/annotations/negatives/selection）	2026-09-21 13:26
1ti4_A	candidate	1ti4	A	1ti4_A	S		0	slipknot_core_verified		0	core_type_only	slipknot_core_verified	0_1	0_1	0.75	0.75	0.75	1.0	unknotted	unknotted	True	True	True	3_1	1.0	1	31	0	875		0.7			0		legacy topology 表族 2026-09-14（eligibility/verdict/support/annotations/negatives/selection）	2026-09-21 13:26
1ti6_A	candidate	1ti6	A	1ti6_A	S		0	slipknot_core_verified		0	core_type_only	slipknot_core_verified	0_1	0_1	0.7	0.7	0.7	1.0	unknotted	unknotted	True	True	True	3_1	1.0	1	31	0	875		0.7			0		legacy topology 表族 2026-09-14（eligibility/verdict/support/annotations/negatives/selection）	2026-09-21 13:26
1uak_A	candidate	1uak	A	1uak_A	K	1	1	eligible	3_1	1	eligible	match	3_1	3_1	0.805	0.82	0.015	1.0	knotted	knotted	True	False	False	none	0.0	1	31	0	243		0.7	True		4		legacy topology 表族 2026-09-14（eligibility/verdict/support/annotations/negatives/selection）	2026-09-21 13:26
1v2x_A	candidate	1v2x	A	1v2x_A	K	1	1	eligible	3_1	1	eligible	match	3_1	3_1	0.805	0.815	0.01	1.0	knotted	knotted	True	False	False	none	0.0	1	31	0	191		0.7	True		4		legacy topology 表族 2026-09-14（eligibility/verdict/support/annotations/negatives/selection）	2026-09-21 13:26
1v6z_A	candidate	1v6z	A	1v6z_A	K	1	1	eligible	3_1	1	eligible	match	3_1	3_1	0.835	0.9	0.065	1.0	knotted	knotted	True	False	False	none	0.0	1	31	0	227		0.7	True		4		legacy topology 表族 2026-09-14（eligibility/verdict/support/annotations/negatives/selection）	2026-09-21 13:26
1vl4_A	candidate	1vl4	A	1vl4_A	S		0	slipknot_core_verified		0	core_type_only	slipknot_core_verified	0_1	0_1	0.83	0.83	0.83	1.0	unknotted	unknotted	True	True	True	0_1	1.0	1	31	0	428		0.7			0		legacy topology 表族 2026-09-14（eligibility/verdict/support/annotations/negatives/selection）	2026-09-21 13:26
1vle_M	candidate	1vle	M	1vle_M	S		0	slipknot_core_verified		0	core_type_only	slipknot_core_verified	0_1	0_1	0.83	0.83	0.83	1.0	unknotted	unknotted	True	True	True	3_1	1.0	1	31	0	875		0.7			0		legacy topology 表族 2026-09-14（eligibility/verdict/support/annotations/negatives/selection）	2026-09-21 13:26
1vlf_M	candidate	1vlf	M	1vlf_M	S		0	slipknot_core_verified		0	core_type_only	slipknot_core_verified	0_1	0_1	0.68	0.78	0.68	1.0	unknotted	unknotted	True	True	True	3_1	1.0	1	31	0	875		0.7			0		legacy topology 表族 2026-09-14（eligibility/verdict/support/annotations/negatives/selection）	2026-09-21 13:26
1vw1_A	candidate	1vw1	A	1vw1_A	K	1	1	eligible		0	extended	match	3_1	3_1	0.635	0.75	0.115	1.0	knotted	knotted	True	False	False	none	0.0	1	31	0	2490		0.7	True		4		legacy topology 表族 2026-09-14（eligibility/verdict/support/annotations/negatives/selection）	2026-09-21 13:26
1w5c_X	candidate	1w5c	X	1w5c_X	K	1	1	eligible		0	extended	match	3_1	3_1	0.595	0.87	0.005	1.0	knotted	knotted	True	False	False	none	0.0	1	31	0	359		0.7	True		4		legacy topology 表族 2026-09-14（eligibility/verdict/support/annotations/negatives/selection）	2026-09-21 13:26
1xfh_A	candidate	1xfh	A	1xfh_A	S		0	slipknot_core_verified		0	core_type_only	slipknot_core_verified	0_1	0_1	0.675	0.825	0.675	1.0	unknotted	unknotted	True	True	True	0_1	1.0	1	31	0	405		0.7			0		legacy topology 表族 2026-09-14（eligibility/verdict/support/annotations/negatives/selection）	2026-09-21 13:26
1xi5_A	candidate	1xi5	A	1xi5_A	K	1	1	eligible	3_1	1	eligible	match	3_1	3_1	0.87	0.87	0.0	1.0	knotted	knotted	True	False	False	none	0.0	1	31	0	1630		0.7	True		4		legacy topology 表族 2026-09-14（eligibility/verdict/support/annotations/negatives/selection）	2026-09-21 13:26
1yh1_A	candidate	1yh1	A	1yh1_A	K		0	extended		0	extended	match	3_1	3_1	0.635	0.635	0.0	1.0	knotted	knotted	True	False	False	none	0.0	1	31	0	334		0.7	True		4		legacy topology 表族 2026-09-14（eligibility/verdict/support/annotations/negatives/selection）	2026-09-21 13:26
1yl3_M	candidate	1yl3	M	1yl3_M	K	1	1	eligible		0	extended	match	3_1	3_1	0.6	0.91	0.31	1.0	knotted	knotted	True	False	False	none	0.0	1	31	0	117		0.7	True		4		legacy topology 表族 2026-09-14（eligibility/verdict/support/annotations/negatives/selection）	2026-09-21 13:26
1yrl_A	candidate	1yrl	A	1yrl_A	K		0	extended		0	extended	match	4_1	4_1	0.645	0.68	0.035	1.0	knotted	knotted	True	False	False	none	0.0	2	31;41	0	487		0.7	True		4		legacy topology 表族 2026-09-14（eligibility/verdict/support/annotations/negatives/selection）	2026-09-21 13:26
1zjr_A	candidate	1zjr	A	1zjr_A	K	1	1	eligible	3_1	1	eligible	match	3_1	3_1	0.79	0.805	0.015	1.0	knotted	knotted	True	False	False	none	0.0	1	31	0	197		0.7	True		4		legacy topology 表族 2026-09-14（eligibility/verdict/support/annotations/negatives/selection）	2026-09-21 13:26
1ztu_A	candidate	1ztu	A	1ztu_A	K	1	1	eligible		0	extended	match	4_1	4_1	0.63	0.765	0.135	1.0	knotted	knotted	True	False	False	none	0.0	1	41	0	313		0.7	True		4		legacy topology 表族 2026-09-14（eligibility/verdict/support/annotations/negatives/selection）	2026-09-21 13:26
2a65_A	candidate	2a65	A	2a65_A	S		0	slipknot_core_verified		0	core_type_only	slipknot_core_verified	0_1	0_1	0.685	0.795	0.685	1.0	unknotted	unknotted	True	True	True	3_1	1.0	2	31;41	0	509		0.7			0		legacy topology 表族 2026-09-14（eligibility/verdict/support/annotations/negatives/selection）	2026-09-21 13:26
2axc_A	candidate	2axc	A	2axc_A	S		0	slipknot_core_verified		0	core_type_only	slipknot_core_verified	0_1	0_1	0.86	0.86	0.86	1.0	unknotted	unknotted	True	True	True	0_1	1.0	1	31	0	232		0.7			0		legacy topology 表族 2026-09-14（eligibility/verdict/support/annotations/negatives/selection）	2026-09-21 13:26
2b9b_A	candidate	2b9b	A	2b9b_A	S		0	slipknot_core_verified		0	core_type_only	slipknot_core_verified	0_1	0_1	0.96	0.96	0.96	1.0	unknotted	unknotted	True	True	True	3_1	1.0	1	31	0	478		0.7			0		legacy topology 表族 2026-09-14（eligibility/verdict/support/annotations/negatives/selection）	2026-09-21 13:26
2bm0_A	candidate	2bm0	A	2bm0_A	K	1	1	eligible		0	extended	match	4_1	4_1	0.6	0.775	0.175	1.0	knotted	knotted	True	False	False	none	0.0	1	41	0	666		0.7	True		4		legacy topology 表族 2026-09-14（eligibility/verdict/support/annotations/negatives/selection）	2026-09-21 13:26
2cav_A	candidate	2cav	A	2cav_A	K	1	1	eligible	5_2	1	eligible	match	5_2	5_2	0.79	0.79	0.0	1.0	knotted	knotted	True	False	False	none	0.0	2	31;52	0	346		0.7	True		4		legacy topology 表族 2026-09-14（eligibility/verdict/support/annotations/negatives/selection）	2026-09-21 13:26
2cfa_B	candidate	2cfa	B	2cfa_B	S		0	slipknot_core_verified		0	core_type_only	slipknot_core_verified	0_1	0_1	0.73	0.855	0.73	1.0	unknotted	unknotted	True	True	True	0_1	1.0	1	31	0	179		0.7			0		legacy topology 表族 2026-09-14（eligibility/verdict/support/annotations/negatives/selection）	2026-09-21 13:26
2d1g_A	candidate	2d1g	A	2d1g_A	S		0	slipknot_core_verified		0	core_type_only	slipknot_core_verified	0_1	0_1	0.485	0.655	0.485	1.0	unknotted	unknotted	True	True	True	0_1	1.0	1	31	0	481		0.7			0		legacy topology 表族 2026-09-14（eligibility/verdict/support/annotations/negatives/selection）	2026-09-21 13:26
2d7d_A	candidate	2d7d	A	2d7d_A	K	1	1	eligible		0	extended	match	4_1	4_1	0.65	0.72	0.07	1.0	knotted	knotted	True	False	False	none	0.0	1	41	0	621		0.7	True		4		legacy topology 表族 2026-09-14（eligibility/verdict/support/annotations/negatives/selection）	2026-09-21 13:26
2efv_A	candidate	2efv	A	2efv_A	K	1	1	eligible		0	extended	match	3_1	3_1	0.575	0.975	0.4	1.0	knotted	knotted	True	False	False	none	0.0	1	31	0	82		0.7	True		4		legacy topology 表族 2026-09-14（eligibility/verdict/support/annotations/negatives/selection）	2026-09-21 13:26
2fy5_A	candidate	2fy5	A	2fy5_A	K	1	1	eligible	3_1	1	eligible	match	3_1	3_1	0.705	0.73	0.025	1.0	knotted	knotted	True	False	False	none	0.0	1	31	0	577		0.7	True		4		legacy topology 表族 2026-09-14（eligibility/verdict/support/annotations/negatives/selection）	2026-09-21 13:26
2gsn_A	candidate	2gsn	A	2gsn_A	S		0	slipknot_core_verified		0	core_type_only	slipknot_core_verified	0_1	0_1	0.73	0.83	0.73	1.0	unknotted	unknotted	True	True	True	0_1	1.0	1	31	0	382		0.7			0		legacy topology 表族 2026-09-14（eligibility/verdict/support/annotations/negatives/selection）	2026-09-21 13:26
2ha8_A	candidate	2ha8	A	2ha8_A	K	1	1	eligible	3_1	1	eligible	match	3_1	3_1	0.825	0.87	0.045	1.0	knotted	knotted	True	False	False	none	0.0	1	31	0	159		0.7	True		4		legacy topology 表族 2026-09-14（eligibility/verdict/support/annotations/negatives/selection）	2026-09-21 13:26
2hfx_A	candidate	2hfx	A	2hfx_A	K	1	1	eligible		0	extended	match	3_1	3_1	0.57	0.88	0.31	1.0	knotted	knotted	True	False	False	none	0.0	1	31	0	259		0.7	True		4		legacy topology 表族 2026-09-14（eligibility/verdict/support/annotations/negatives/selection）	2026-09-21 13:26
2hfy_A	candidate	2hfy	A	2hfy_A	K	1	1	eligible		0	extended	match	3_1	3_1	0.475	0.935	0.32	1.0	knotted	knotted	True	False	False	none	0.0	1	31	0	259		0.7	True		4		legacy topology 表族 2026-09-14（eligibility/verdict/support/annotations/negatives/selection）	2026-09-21 13:26
2hjn_A	candidate	2hjn	A	2hjn_A	S		0	slipknot_core_verified		0	core_type_only	slipknot_core_verified	0_1	0_1	0.61	0.61	0.61	1.0	unknotted	unknotted	True	True	True	0_1	1.0	1	31	0	206		0.7			0		legacy topology 表族 2026-09-14（eligibility/verdict/support/annotations/negatives/selection）	2026-09-21 13:26
2iuc_A	candidate	2iuc	A	2iuc_A	S		0	slipknot_core_verified		0	core_type_only	slipknot_core_verified	0_1	0_1	0.68	0.87	0.68	1.0	unknotted	unknotted	True	True	True	3_1	1.0	1	31	0	340		0.7			0		legacy topology 表族 2026-09-14（eligibility/verdict/support/annotations/negatives/selection）	2026-09-21 13:26
2j6b_A	candidate	2j6b	A	2j6b_A	S		0	slipknot_core_verified		0	core_type_only	slipknot_core_verified	0_1	0_1	0.685	0.87	0.685	1.0	unknotted	unknotted	True	True	True	0_1	1.0	1	31	0	109		0.7			0		legacy topology 表族 2026-09-14（eligibility/verdict/support/annotations/negatives/selection）	2026-09-21 13:26
2jln_A	candidate	2jln	A	2jln_A	S		0	slipknot_core_verified		0	core_type_only	slipknot_core_verified	0_1	0_1	0.765	0.765	0.765	1.0	unknotted	unknotted	True	True	True	0_1	1.0	2	31;41	0	463		0.7			0		legacy topology 表族 2026-09-14（eligibility/verdict/support/annotations/negatives/selection）	2026-09-21 13:26
2jlo_A	candidate	2jlo	A	2jlo_A	S		0	slipknot_core_verified		0	core_type_only	slipknot_core_verified	0_1	0_1	0.71	0.71	0.71	1.0	unknotted	unknotted	True	True	True	0_1	1.0	2	31;41	0	461		0.7			0		legacy topology 表族 2026-09-14（eligibility/verdict/support/annotations/negatives/selection）	2026-09-21 13:26
2k0a_A	candidate	2k0a	A	2k0a_A	K	1	1	eligible	3_1	1	eligible	match	3_1	3_1	0.79	0.845	0.055	1.0	knotted	knotted	True	False	False	none	0.0	1	31	0	109		0.7	True		4		legacy topology 表族 2026-09-14（eligibility/verdict/support/annotations/negatives/selection）	2026-09-21 13:26
2m9q_A	candidate	2m9q	A	2m9q_A	S		0	slipknot_core_verified		0	core_type_only	slipknot_core_verified	0_1	0_1	0.89	0.89	0.89	1.0	unknotted	unknotted	True	True	True	3_1	1.0	1	31	0	240		0.7			0		legacy topology 表族 2026-09-14（eligibility/verdict/support/annotations/negatives/selection）	2026-09-21 13:26
2o3a_A	candidate	2o3a	A	2o3a_A	K	1	1	eligible	3_1	1	eligible	match	3_1	3_1	0.795	0.805	0.01	1.0	knotted	knotted	True	False	False	none	0.0	1	31	0	161		0.7	True		4		legacy topology 表族 2026-09-14（eligibility/verdict/support/annotations/negatives/selection）	2026-09-21 13:26
2odr_D	candidate	2odr	D	2odr_D	S		0	presence_unverified		0	none	slipknot_presence_unverified	0_1	0_1	0.91	0.91	0.91	1.0	unknotted	unknotted	True	False	False	none	0.0	1	31	0	451		0.7			0		legacy topology 表族 2026-09-14（eligibility/verdict/support/annotations/negatives/selection）	2026-09-21 13:26
2ofz_A	candidate	2ofz	A	2ofz_A	K	1	1	eligible		0	extended	match	3_1	3_1	0.675	0.815	0.03	1.0	knotted	knotted	True	False	False	none	0.0	1	31	0	132		0.7	True		4		legacy topology 表族 2026-09-14（eligibility/verdict/support/annotations/negatives/selection）	2026-09-21 13:26
2pps_F	candidate	2pps	F	2pps_F	K	1	1	eligible	3_1	1	eligible	match	3_1	3_1	0.795	0.96	0.165	1.0	knotted	knotted	True	False	False	none	0.0	1	31	0	130		0.7	True		4		legacy topology 表族 2026-09-14（eligibility/verdict/support/annotations/negatives/selection）	2026-09-21 13:26
2qmm_A	candidate	2qmm	A	2qmm_A	K	1	1	eligible	3_1	1	eligible	match	3_1	3_1	0.815	0.9	0.085	1.0	knotted	knotted	True	False	False	none	0.0	1	31	0	195		0.7	True		4		legacy topology 表族 2026-09-14（eligibility/verdict/support/annotations/negatives/selection）	2026-09-21 13:26
2qtj_A	candidate	2qtj	A	2qtj_A	S		0	slipknot_core_verified		0	core_type_only	slipknot_core_verified	0_1	0_1	0.92	0.92	0.92	1.0	unknotted	unknotted	True	True	True	0_1	1.0	1	31	0	475		0.7			0		legacy topology 表族 2026-09-14（eligibility/verdict/support/annotations/negatives/selection）	2026-09-21 13:26
2qwv_A	candidate	2qwv	A	2qwv_A	K	1	1	eligible	3_1	1	eligible	match	3_1	3_1	0.76	0.86	0.1	1.0	knotted	knotted	True	False	False	none	0.0	1	31	0	188		0.7	True		4		legacy topology 表族 2026-09-14（eligibility/verdict/support/annotations/negatives/selection）	2026-09-21 13:26
2qzu_A	candidate	2qzu	A	2qzu_A	S		0	slipknot_core_verified		0	core_type_only	slipknot_core_verified	0_1	0_1	0.885	0.885	0.885	1.0	unknotted	unknotted	True	True	True	3_1	1.0	1	31	0	465		0.7			0		legacy topology 表族 2026-09-14（eligibility/verdict/support/annotations/negatives/selection）	2026-09-21 13:26
2r6e_A	candidate	2r6e	A	2r6e_A	K	1	1	eligible	3_1	1	eligible	match	3_1	3_1	0.725	0.88	0.02	1.0	knotted	knotted	True	False	False	none	0.0	1	31	0	387		0.7	True		4		legacy topology 表族 2026-09-14（eligibility/verdict/support/annotations/negatives/selection）	2026-09-21 13:26
2rh3_A	candidate	2rh3	A	2rh3_A	K		0	extended		0	review	partial_match	0_1	3_1	0.51	0.975	0.51	1.0	unknotted	knotted	False	False	False	none	0.0	1	31	0	121		0.7	False		4		legacy topology 表族 2026-09-14（eligibility/verdict/support/annotations/negatives/selection）	2026-09-21 13:26
2v3j_A	candidate	2v3j	A	2v3j_A	K	1	1	eligible	3_1	1	eligible	match	3_1	3_1	0.715	0.83	0.115	1.0	knotted	knotted	True	False	False	none	0.0	1	31	0	217		0.7	True		4		legacy topology 表族 2026-09-14（eligibility/verdict/support/annotations/negatives/selection）	2026-09-21 13:26
2v64_A	candidate	2v64	A	2v64_A	S		0	slipknot_core_verified		0	core_type_only	slipknot_core_verified	0_1	0_1	0.79	0.905	0.79	1.0	unknotted	unknotted	True	True	True	0_1	1.0	1	31	0	210		0.7			0		legacy topology 表族 2026-09-14（eligibility/verdict/support/annotations/negatives/selection）	2026-09-21 13:26
2vea_A	candidate	2vea	A	2vea_A	K	1	1	eligible	4_1	1	eligible	match	4_1	4_1	0.825	0.92	0.095	1.0	knotted	knotted	True	False	False	none	0.0	1	41	0	500		0.7	True		4		legacy topology 表族 2026-09-14（eligibility/verdict/support/annotations/negatives/selection）	2026-09-21 13:26
2vnt_A	candidate	2vnt	A	2vnt_A	S		0	slipknot_core_verified		0	core_type_only	slipknot_core_verified	0_1	0_1	0.745	0.875	0.745	1.0	unknotted	unknotted	True	True	True	0_1	1.0	1	31	0	257		0.7			0		legacy topology 表族 2026-09-14（eligibility/verdict/support/annotations/negatives/selection）	2026-09-21 13:26
2vqr_A	candidate	2vqr	A	2vqr_A	S		0	slipknot_core_verified		0	core_type_only	slipknot_core_verified	0_1	0_1	0.785	0.93	0.785	1.0	unknotted	unknotted	True	True	True	0_1	1.0	1	31	0	512		0.7			0		legacy topology 表族 2026-09-14（eligibility/verdict/support/annotations/negatives/selection）	2026-09-21 13:26
2w4v_C	candidate	2w4v	C	2w4v_C	S		0	slipknot_core_verified		0	core_type_only	slipknot_core_verified	0_1	0_1	0.915	0.915	0.915	1.0	unknotted	unknotted	True	True	True	0_1	1.0	2	31;41	0	772		0.7			0		legacy topology 表族 2026-09-14（eligibility/verdict/support/annotations/negatives/selection）	2026-09-21 13:26
2w5q_A	candidate	2w5q	A	2w5q_A	S		0	slipknot_core_verified		0	core_type_only	slipknot_core_verified	0_1	0_1	0.675	0.675	0.675	1.0	unknotted	unknotted	True	True	True	3_1	1.0	1	31	0	424		0.7			0		legacy topology 表族 2026-09-14（eligibility/verdict/support/annotations/negatives/selection）	2026-09-21 13:26
2w6e_G	candidate	2w6e	G	2w6e_G	K	1	1	eligible	3_1	1	eligible	match	3_1	3_1	0.98	0.98	0.0	1.0	knotted	knotted	True	False	False	none	0.0	1	31	0	122		0.7	True		4		legacy topology 表族 2026-09-14（eligibility/verdict/support/annotations/negatives/selection）	2026-09-21 13:26
2wit_A	candidate	2wit	A	2wit_A	S		0	unresolved		0	none	unresolved	TMC	0_1	0.6	0.4	0.4	1.0	unresolved	unknotted	False	True	True	3_1	1.0	2	31;41	0	531		0.7			0		legacy topology 表族 2026-09-14（eligibility/verdict/support/annotations/negatives/selection）	2026-09-21 13:26
2wxz_C	candidate	2wxz	C	2wxz_C	S		0	presence_unverified		0	none	slipknot_presence_unverified	0_1	0_1	0.84	0.84	0.84	1.0	unknotted	unknotted	True	False	False	none	0.0	1	31	0	413		0.7			0		legacy topology 表族 2026-09-14（eligibility/verdict/support/annotations/negatives/selection）	2026-09-21 13:26
2xq2_A	candidate	2xq2	A	2xq2_A	S		0	slipknot_core_verified		0	core_type_only	slipknot_core_verified	0_1	0_1	0.52	0.52	0.52	1.0	unknotted	unknotted	True	True	True	0_1	1.0	2	31;41	0	538		0.7			0		legacy topology 表族 2026-09-14（eligibility/verdict/support/annotations/negatives/selection）	2026-09-21 13:26
2xr9_A	candidate	2xr9	A	2xr9_A	S		0	slipknot_core_verified		0	core_type_only	slipknot_core_verified	0_1	0_1	0.72	0.72	0.72	1.0	unknotted	unknotted	True	True	True	0_1	1.0	1	31	0	783		0.7			0		legacy topology 表族 2026-09-14（eligibility/verdict/support/annotations/negatives/selection）	2026-09-21 13:26
2xtj_A	candidate	2xtj	A	2xtj_A	S		0	slipknot_core_verified		0	core_type_only	slipknot_core_verified	0_1	0_1	0.78	0.78	0.78	1.0	unknotted	unknotted	True	True	True	0_1	1.0	1	31	0	242		0.7			0		legacy topology 表族 2026-09-14（eligibility/verdict/support/annotations/negatives/selection）	2026-09-21 13:26
2ybb_n	candidate	2ybb	n	2ybb_n	K	1	1	eligible	3_1	1	eligible	match	3_1	3_1	0.865	0.865	0.0	1.0	knotted	knotted	True	False	False	none	0.0	1	31	0	391		0.7	True		4		legacy topology 表族 2026-09-14（eligibility/verdict/support/annotations/negatives/selection）	2026-09-21 13:26
2yfk_A	candidate	2yfk	A	2yfk_A	K		0	extended		0	extended	match	3_1	3_1	0.665	0.665	0.0	1.0	knotted	knotted	True	False	False	none	0.0	1	31	0	385		0.7	True		4		legacy topology 表族 2026-09-14（eligibility/verdict/support/annotations/negatives/selection）	2026-09-21 13:26
2zkt_A	candidate	2zkt	A	2zkt_A	S		0	presence_unverified		0	none	slipknot_presence_unverified	0_1	0_1	0.86	0.86	0.86	1.0	unknotted	unknotted	True	False	False	none	0.0	1	31	0	330		0.7			0		legacy topology 表族 2026-09-14（eligibility/verdict/support/annotations/negatives/selection）	2026-09-21 13:26
3a7s_A	candidate	3a7s	A	3a7s_A	K	1	1	eligible		0	extended	match	5_2	5_2	0.37	0.815	0.32	1.0	knotted	knotted	True	False	False	none	0.0	2	31;52	0	204		0.7	True		4		legacy topology 表族 2026-09-14（eligibility/verdict/support/annotations/negatives/selection）	2026-09-21 13:26
3ady_A	candidate	3ady	A	3ady_A	K	1	1	eligible		0	extended	match	3_1	3_1	0.64	0.84	0.2	1.0	knotted	knotted	True	False	False	none	0.0	1	31	0	102		0.7	True		4		legacy topology 表族 2026-09-14（eligibility/verdict/support/annotations/negatives/selection）	2026-09-21 13:26
3b1b_A	candidate	3b1b	A	3b1b_A	K	1	1	eligible		0	extended	match	3_1	3_1	0.49	0.85	0.215	1.0	knotted	knotted	True	False	False	none	0.0	1	31	0	310		0.7	True		4		legacy topology 表族 2026-09-14（eligibility/verdict/support/annotations/negatives/selection）	2026-09-21 13:26
3b5q_A	candidate	3b5q	A	3b5q_A	S		0	slipknot_core_verified		0	core_type_only	slipknot_core_verified	0_1	0_1	0.835	0.945	0.835	1.0	unknotted	unknotted	True	True	True	0_1	1.0	1	31	0	464		0.7			0		legacy topology 表族 2026-09-14（eligibility/verdict/support/annotations/negatives/selection）	2026-09-21 13:26
3bbd_A	candidate	3bbd	A	3bbd_A	K	1	1	eligible	3_1	1	eligible	match	3_1	3_1	0.75	0.84	0.09	1.0	knotted	knotted	True	False	False	none	0.0	1	31	0	204		0.7	True		4		legacy topology 表族 2026-09-14（eligibility/verdict/support/annotations/negatives/selection）	2026-09-21 13:26
3bjx_A	candidate	3bjx	A	3bjx_A	K		0	review		0	review	unresolved	TMC	TMC	0.7	0.255	0.255	0.0	unresolved	unresolved	True	False	False	none	0.0	3	61;31;41	0	311		0.7	False		4		legacy topology 表族 2026-09-14（eligibility/verdict/support/annotations/negatives/selection）	2026-09-21 13:26
3cm8_A	candidate	3cm8	A	3cm8_A	S		0	slipknot_core_verified		0	core_type_only	slipknot_core_verified	0_1	0_1	0.84	0.84	0.84	1.0	unknotted	unknotted	True	True	True	0_1	1.0	1	31	0	435		0.7			0		legacy topology 表族 2026-09-14（eligibility/verdict/support/annotations/negatives/selection）	2026-09-21 13:26
3cmi_A	candidate	3cmi	A	3cmi_A	K	1	1	eligible	3_1	1	eligible	match	3_1	3_1	0.87	0.905	0.035	1.0	knotted	knotted	True	False	False	none	0.0	1	31	0	143		0.7	True		4		legacy topology 表族 2026-09-14（eligibility/verdict/support/annotations/negatives/selection）	2026-09-21 13:26
3csy_I	candidate	3csy	I	3csy_I	S		0	slipknot_core_verified		0	core_type_only	slipknot_core_verified	0_1	0_1	0.81	0.91	0.81	1.0	unknotted	unknotted	True	True	True	0_1	1.0	1	31	0	236		0.7			0		legacy topology 表族 2026-09-14（eligibility/verdict/support/annotations/negatives/selection）	2026-09-21 13:26
3cwo_X	candidate	3cwo	X	3cwo_X	K	1	1	eligible		0	extended	match	3_1	3_1	0.41	0.91	0.3	1.0	knotted	knotted	True	False	False	none	0.0	1	31	0	236		0.7	True		4		legacy topology 表族 2026-09-14（eligibility/verdict/support/annotations/negatives/selection）	2026-09-21 13:26
3dcm_X	candidate	3dcm	X	3dcm_X	K	1	1	eligible	3_1	1	eligible	match	3_1	3_1	0.715	0.88	0.06	1.0	knotted	knotted	True	False	False	none	0.0	1	31	0	188		0.7	True		4		legacy topology 表族 2026-09-14（eligibility/verdict/support/annotations/negatives/selection）	2026-09-21 13:26
3e0j_A	candidate	3e0j	A	3e0j_A	K	1	1	eligible		0	extended	match	3_1	3_1	0.59	0.77	0.07	1.0	knotted	knotted	True	False	False	none	0.0	1	31	0	416		0.7	True		4		legacy topology 表族 2026-09-14（eligibility/verdict/support/annotations/negatives/selection）	2026-09-21 13:26
3e2d_A	candidate	3e2d	A	3e2d_A	S		0	slipknot_core_verified		0	core_type_only	slipknot_core_verified	0_1	0_1	0.625	0.795	0.625	1.0	unknotted	unknotted	True	True	True	0_1	1.0	1	31	0	502		0.7			0		legacy topology 表族 2026-09-14（eligibility/verdict/support/annotations/negatives/selection）	2026-09-21 13:26
3ed7_A	candidate	3ed7	A	3ed7_A	K	1	1	eligible		0	extended	match	3_1	3_1	0.45	0.76	0.165	1.0	knotted	knotted	True	False	False	none	0.0	1	31	0	284		0.7	True		4		legacy topology 表族 2026-09-14（eligibility/verdict/support/annotations/negatives/selection）	2026-09-21 13:26
3eet_A	candidate	3eet	A	3eet_A	K	1	1	eligible		0	extended	match	3_1	3_1	0.69	0.915	0.225	1.0	knotted	knotted	True	False	False	none	0.0	1	31	0	245		0.7	True		4		legacy topology 表族 2026-09-14（eligibility/verdict/support/annotations/negatives/selection）	2026-09-21 13:26
3en9_A	candidate	3en9	A	3en9_A	S		0	slipknot_core_verified		0	core_type_only	slipknot_core_verified	0_1	0_1	0.78	0.78	0.78	1.0	unknotted	unknotted	True	True	True	3_1	1.0	1	31	0	519		0.7			0		legacy topology 表族 2026-09-14（eligibility/verdict/support/annotations/negatives/selection）	2026-09-21 13:26
3fr7_A	candidate	3fr7	A	3fr7_A	K		0	extended		0	review	partial_match	TMC	4_1	0.485	0.49	0.04	1.0	unresolved	knotted	False	False	False	none	0.0	2	31;41	0	495		0.7	False		4		legacy topology 表族 2026-09-14（eligibility/verdict/support/annotations/negatives/selection）	2026-09-21 13:26
3fsg_A	candidate	3fsg	A	3fsg_A	S		0	slipknot_core_verified		0	core_type_only	slipknot_core_verified	0_1	0_1	0.74	0.94	0.74	1.0	unknotted	unknotted	True	True	True	0_1	1.0	1	31	0	267		0.7			0		legacy topology 表族 2026-09-14（eligibility/verdict/support/annotations/negatives/selection）	2026-09-21 13:26
3gbn_L	candidate	3gbn	L	3gbn_L	K	1	1	eligible	3_1	1	eligible	match	3_1	3_1	0.89	0.965	0.075	1.0	knotted	knotted	True	False	False	none	0.0	1	31	0	151		0.7	True		4		legacy topology 表族 2026-09-14（eligibility/verdict/support/annotations/negatives/selection）	2026-09-21 13:26
3gi8_C	candidate	3gi8	C	3gi8_C	S		0	slipknot_core_verified		0	core_type_only	slipknot_core_verified	0_1	0_1	0.67	0.88	0.67	1.0	unknotted	unknotted	True	True	True	0_1	1.0	2	31;41	0	435		0.7			0		legacy topology 表族 2026-09-14（eligibility/verdict/support/annotations/negatives/selection）	2026-09-21 13:26
3gyq_A	candidate	3gyq	A	3gyq_A	K	1	1	eligible	3_1	1	eligible	match	3_1	3_1	0.715	0.755	0.04	1.0	knotted	knotted	True	False	False	none	0.0	1	31	0	261		0.7	True		4		legacy topology 表族 2026-09-14（eligibility/verdict/support/annotations/negatives/selection）	2026-09-21 13:26
3ic6_A	candidate	3ic6	A	3ic6_A	K	1	1	eligible	3_1	1	eligible	match	3_1	3_1	0.87	0.87	0.0	1.0	knotted	knotted	True	False	False	none	0.0	1	31	0	213		0.7	True		4		legacy topology 表族 2026-09-14（eligibility/verdict/support/annotations/negatives/selection）	2026-09-21 13:26
3ihr_A	candidate	3ihr	A	3ihr_A	K	1	1	eligible	5_2	1	eligible	match	5_2	5_2	0.73	0.92	0.19	1.0	knotted	knotted	True	False	False	none	0.0	2	31;52	0	282		0.7	True		4		legacy topology 表族 2026-09-14（eligibility/verdict/support/annotations/negatives/selection）	2026-09-21 13:26
3ilk_A	candidate	3ilk	A	3ilk_A	K	1	1	eligible	3_1	1	eligible	match	3_1	3_1	0.89	0.895	0.005	1.0	knotted	knotted	True	False	False	none	0.0	1	31	0	239		0.7	True		4		legacy topology 表族 2026-09-14（eligibility/verdict/support/annotations/negatives/selection）	2026-09-21 13:26
3iqk_A	candidate	3iqk	A	3iqk_A	K	1	1	eligible		0	extended	match	3_1	3_1	0.425	0.835	0.41	1.0	knotted	knotted	True	False	False	none	0.0	1	31	0	257		0.7	True		4		legacy topology 表族 2026-09-14（eligibility/verdict/support/annotations/negatives/selection）	2026-09-21 13:26
3iyh_A	candidate	3iyh	A	3iyh_A	S		0	slipknot_core_verified		0	core_type_only	slipknot_core_verified	0_1	0_1	0.675	0.795	0.675	1.0	unknotted	unknotted	True	True	True	0_1	1.0	1	41	0	391		0.7			0		legacy topology 表族 2026-09-14（eligibility/verdict/support/annotations/negatives/selection）	2026-09-21 13:26
3iyk_A	candidate	3iyk	A	3iyk_A	K	1	1	eligible	3_1	1	eligible	match	3_1	3_1	0.945	0.955	0.01	1.0	knotted	knotted	True	False	False	none	0.0	1	31	0	307		0.7	True		4		legacy topology 表族 2026-09-14（eligibility/verdict/support/annotations/negatives/selection）	2026-09-21 13:26
3j7y_5	candidate	3j7y	5	3j7y_5	K	1	1	eligible		0	extended	match	3_1	3_1	0.505	0.945	0.44	1.0	knotted	knotted	True	False	False	none	0.0	1	31	0	376		0.7	True		4		legacy topology 表族 2026-09-14（eligibility/verdict/support/annotations/negatives/selection）	2026-09-21 13:26
3j7y_s	candidate	3j7y	s	3j7y_s	K	1	1	eligible		0	extended	match	3_1	3_1	0.675	0.95	0.275	1.0	knotted	knotted	True	False	False	none	0.0	1	31	0	370		0.7	True		4		legacy topology 表族 2026-09-14（eligibility/verdict/support/annotations/negatives/selection）	2026-09-21 13:26
3jcm_A	candidate	3jcm	A	3jcm_A	S		0	presence_unverified		0	none	slipknot_presence_unverified	0_1	0_1	0.85	0.95	0.85	1.0	unknotted	unknotted	True	False	False	none	0.0	1	31	0	2174		0.7			0		legacy topology 表族 2026-09-14（eligibility/verdict/support/annotations/negatives/selection）	2026-09-21 13:26
3jyw_E	candidate	3jyw	E	3jyw_E	K	1	1	eligible	3_1	1	eligible	match	3_1	3_1	0.75	0.955	0.205	1.0	knotted	knotted	True	False	False	none	0.0	1	31	0	237		0.7	True		4		legacy topology 表族 2026-09-14（eligibility/verdict/support/annotations/negatives/selection）	2026-09-21 13:26
3kty_A	candidate	3kty	A	3kty_A	K	1	1	eligible	3_1	1	eligible	match	3_1	3_1	0.75	0.86	0.11	1.0	knotted	knotted	True	False	False	none	0.0	1	31	0	167		0.7	True		4		legacy topology 表族 2026-09-14（eligibility/verdict/support/annotations/negatives/selection）	2026-09-21 13:26
3l1l_A	candidate	3l1l	A	3l1l_A	S		0	slipknot_core_verified		0	core_type_only	slipknot_core_verified	0_1	0_1	0.785	0.785	0.785	1.0	unknotted	unknotted	True	True	True	3_1	1.0	2	31;41	0	423		0.7			0		legacy topology 表族 2026-09-14（eligibility/verdict/support/annotations/negatives/selection）	2026-09-21 13:26
3l8u_A	candidate	3l8u	A	3l8u_A	K	1	1	eligible	3_1	1	eligible	match	3_1	3_1	0.805	0.855	0.05	1.0	knotted	knotted	True	False	False	none	0.0	1	31	0	154		0.7	True		4		legacy topology 表族 2026-09-14（eligibility/verdict/support/annotations/negatives/selection）	2026-09-21 13:26
3lxq_A	candidate	3lxq	A	3lxq_A	S		0	slipknot_core_verified		0	core_type_only	slipknot_core_verified	0_1	0_1	0.65	0.785	0.65	1.0	unknotted	unknotted	True	True	True	0_1	1.0	1	31	0	409		0.7			0		legacy topology 表族 2026-09-14（eligibility/verdict/support/annotations/negatives/selection）	2026-09-21 13:26
3m7v_A	candidate	3m7v	A	3m7v_A	S		0	slipknot_core_verified		0	core_type_only	slipknot_core_verified	0_1	0_1	0.72	0.865	0.72	1.0	unknotted	unknotted	True	True	True	3_1	1.0	1	31	0	401		0.7			0		legacy topology 表族 2026-09-14（eligibility/verdict/support/annotations/negatives/selection）	2026-09-21 13:26
3m9c_M	candidate	3m9c	M	3m9c_M	K	1	1	eligible	3_1	1	eligible	match	3_1	3_1	0.865	0.87	0.005	1.0	knotted	knotted	True	False	False	none	0.0	1	31	0	391		0.7	True		4		legacy topology 表族 2026-09-14（eligibility/verdict/support/annotations/negatives/selection）	2026-09-21 13:26
3m9s_M	candidate	3m9s	M	3m9s_M	K	1	1	eligible	3_1	1	eligible	match	3_1	3_1	0.83	0.83	0.0	1.0	knotted	knotted	True	False	False	none	0.0	1	31	0	391		0.7	True		4		legacy topology 表族 2026-09-14（eligibility/verdict/support/annotations/negatives/selection）	2026-09-21 13:26
3mfb_A	candidate	3mfb	A	3mfb_A	S		0	slipknot_core_verified		0	core_type_only	slipknot_core_verified	0_1	0_1	0.915	0.915	0.915	1.0	unknotted	unknotted	True	True	True	0_1	1.0	1	31	0	150		0.7			0		legacy topology 表族 2026-09-14（eligibility/verdict/support/annotations/negatives/selection）	2026-09-21 13:26
3mlg_A	candidate	3mlg	A	3mlg_A	K	1	1	eligible		0	extended	match	3_1	3_1	0.555	0.845	0.29	1.0	knotted	knotted	True	False	False	none	0.0	1	31	0	161		0.7	True		4		legacy topology 表族 2026-09-14（eligibility/verdict/support/annotations/negatives/selection）	2026-09-21 13:26
3mt5_A	candidate	3mt5	A	3mt5_A	K		0	extended		0	review	partial_match	0_1	3_1	0.425	0.79	0.425	1.0	unknotted	knotted	False	False	False	none	0.0	1	31	0	593		0.7	False		4		legacy topology 表族 2026-09-14（eligibility/verdict/support/annotations/negatives/selection）	2026-09-21 13:26
3o0p_A	candidate	3o0p	A	3o0p_A	K	1	1	eligible	3_1	1	eligible	match	3_1	3_1	0.765	0.86	0.095	1.0	knotted	knotted	True	False	False	none	0.0	1	31	0	194		0.7	True		4		legacy topology 表族 2026-09-14（eligibility/verdict/support/annotations/negatives/selection）	2026-09-21 13:26
3o7b_A	candidate	3o7b	A	3o7b_A	K	1	1	eligible	3_1	1	eligible	match	3_1	3_1	0.79	0.905	0.115	1.0	knotted	knotted	True	False	False	none	0.0	1	31	0	216		0.7	True		4		legacy topology 表族 2026-09-14（eligibility/verdict/support/annotations/negatives/selection）	2026-09-21 13:26
3oc3_A	candidate	3oc3	A	3oc3_A	K	1	1	eligible	3_1	1	eligible	match	3_1	3_1	0.86	0.895	0.035	1.0	knotted	knotted	True	False	False	none	0.0	1	31	0	752		0.7	True		4		legacy topology 表族 2026-09-14（eligibility/verdict/support/annotations/negatives/selection）	2026-09-21 13:26
3pff_A	candidate	3pff	A	3pff_A	S		0	slipknot_core_verified		0	core_type_only	slipknot_core_verified	0_1	0_1	0.82	0.82	0.82	1.0	unknotted	unknotted	True	True	True	0_1	1.0	1	31	0	735		0.7			0		legacy topology 表族 2026-09-14（eligibility/verdict/support/annotations/negatives/selection）	2026-09-21 13:26
3prx_A	candidate	3prx	A	3prx_A	S		0	slipknot_core_verified		0	core_type_only	slipknot_core_verified	0_1	0_1	0.765	0.765	0.765	1.0	unknotted	unknotted	True	True	True	0_1	1.0	1	31	0	1626		0.7			0		legacy topology 表族 2026-09-14（eligibility/verdict/support/annotations/negatives/selection）	2026-09-21 13:26
3pst_A	candidate	3pst	A	3pst_A	K	1	1	eligible		0	extended	match	3_1	3_1	0.525	0.83	0.305	1.0	knotted	knotted	True	False	False	none	0.0	1	31	0	317		0.7	True		4		legacy topology 表族 2026-09-14（eligibility/verdict/support/annotations/negatives/selection）	2026-09-21 13:26
3pvm_B	candidate	3pvm	B	3pvm_B	K	1	1	eligible	3_1	1	eligible	match	3_1	3_1	0.805	0.83	0.025	1.0	knotted	knotted	True	False	False	none	0.0	1	31	0	1225		0.7	True		4		legacy topology 表族 2026-09-14（eligibility/verdict/support/annotations/negatives/selection）	2026-09-21 13:26
3pzl_A	candidate	3pzl	A	3pzl_A	S		0	slipknot_core_verified		0	core_type_only	slipknot_core_verified	0_1	0_1	0.79	0.96	0.79	1.0	unknotted	unknotted	True	True	True	0_1	1.0	1	31	0	290		0.7			0		legacy topology 表族 2026-09-14（eligibility/verdict/support/annotations/negatives/selection）	2026-09-21 13:26
3q3q_A	candidate	3q3q	A	3q3q_A	S		0	slipknot_core_verified		0	core_type_only	slipknot_core_verified	0_1	0_1	0.605	0.79	0.605	1.0	unknotted	unknotted	True	True	True	0_1	1.0	1	31	0	526		0.7			0		legacy topology 表族 2026-09-14（eligibility/verdict/support/annotations/negatives/selection）	2026-09-21 13:26
3qe7_A	candidate	3qe7	A	3qe7_A	S		0	slipknot_core_verified		0	core_type_only	slipknot_core_verified	0_1	0_1	0.705	0.875	0.705	1.0	unknotted	unknotted	True	True	True	0_1	1.0	2	31;41	0	407		0.7			0		legacy topology 表族 2026-09-14（eligibility/verdict/support/annotations/negatives/selection）	2026-09-21 13:26
3qfh_A	candidate	3qfh	A	3qfh_A	K	1	1	eligible	5_1	1	eligible	match	5_1	5_1	0.77	0.77	0.0	1.0	knotted	knotted	True	False	False	none	0.0	2	31;51	0	424		0.7	True		4		legacy topology 表族 2026-09-14（eligibility/verdict/support/annotations/negatives/selection）	2026-09-21 13:26
3qtd_A	candidate	3qtd	A	3qtd_A	S		0	slipknot_core_verified		0	core_type_only	slipknot_core_verified	0_1	0_1	0.825	0.94	0.825	1.0	unknotted	unknotted	True	True	True	0_1	1.0	1	31	0	442		0.7			0		legacy topology 表族 2026-09-14（eligibility/verdict/support/annotations/negatives/selection）	2026-09-21 13:26
3r3e_A	candidate	3r3e	A	3r3e_A	S		0	slipknot_core_verified		0	core_type_only	slipknot_core_verified	0_1	0_1	0.93	0.93	0.93	1.0	unknotted	unknotted	True	True	True	0_1	1.0	1	31	0	308		0.7			0		legacy topology 表族 2026-09-14（eligibility/verdict/support/annotations/negatives/selection）	2026-09-21 13:26
3rfy_A	candidate	3rfy	A	3rfy_A	S		0	slipknot_core_verified		0	core_type_only	slipknot_core_verified	0_1	0_1	0.78	0.95	0.78	1.0	unknotted	unknotted	True	True	True	3_1	1.0	1	31	0	356		0.7			0		legacy topology 表族 2026-09-14（eligibility/verdict/support/annotations/negatives/selection）	2026-09-21 13:26
3s88_I	candidate	3s88	I	3s88_I	S		0	slipknot_core_verified		0	core_type_only	slipknot_core_verified	0_1	0_1	0.81	0.915	0.81	1.0	unknotted	unknotted	True	True	True	0_1	1.0	1	31	0	249		0.7			0		legacy topology 表族 2026-09-14（eligibility/verdict/support/annotations/negatives/selection）	2026-09-21 13:26
3sig_A	candidate	3sig	A	3sig_A	K	1	1	eligible		0	extended	match	3_1	3_1	0.56	0.71	0.15	1.0	knotted	knotted	True	False	False	none	0.0	1	31	0	265		0.7	True		4		legacy topology 表族 2026-09-14（eligibility/verdict/support/annotations/negatives/selection）	2026-09-21 13:26
3v5u_A	candidate	3v5u	A	3v5u_A	K	1	1	eligible		0	extended	match	3_1	3_1	0.645	0.885	0.135	1.0	knotted	knotted	True	False	False	none	0.0	1	31	0	297		0.7	True		4		legacy topology 表族 2026-09-14（eligibility/verdict/support/annotations/negatives/selection）	2026-09-21 13:26
3wpc_A	candidate	3wpc	A	3wpc_A	K	1	1	eligible	3_1	1	eligible	match	3_1	3_1	0.71	0.71	0.0	1.0	knotted	knotted	True	False	False	none	0.0	1	31	0	747		0.7	True		4		legacy topology 表族 2026-09-14（eligibility/verdict/support/annotations/negatives/selection）	2026-09-21 13:26
3x2d_A	candidate	3x2d	A	3x2d_A	S		0	slipknot_core_verified		0	core_type_only	slipknot_core_verified	0_1	0_1	0.77	0.89	0.77	1.0	unknotted	unknotted	True	True	True	0_1	1.0	1	31	0	156		0.7			0		legacy topology 表族 2026-09-14（eligibility/verdict/support/annotations/negatives/selection）	2026-09-21 13:26
4av2_A	candidate	4av2	A	4av2_A	S		0	slipknot_core_verified		0	core_type_only	slipknot_core_verified	0_1	0_1	0.98	0.98	0.98	1.0	unknotted	unknotted	True	True	True	0_1	1.0	1	31	0	274		0.7			0		legacy topology 表族 2026-09-14（eligibility/verdict/support/annotations/negatives/selection）	2026-09-21 13:26
4bin_A	candidate	4bin	A	4bin_A	S		0	slipknot_core_verified		0	core_type_only	slipknot_core_verified	0_1	0_1	0.73	0.92	0.73	1.0	unknotted	unknotted	True	True	True	0_1	1.0	1	31	0	348		0.7			0		legacy topology 表族 2026-09-14（eligibility/verdict/support/annotations/negatives/selection）	2026-09-21 13:26
4bpq_A	candidate	4bpq	A	4bpq_A	S		0	excluded_artifact		0	review	slipknot_anomaly_wholechain_knotted	TMC	7_5	0.515	0.48	0.0	1.0	unresolved	knotted	False	False	False	none	0.0	4	31;51;75;52	0	304	source_pub_flag=A; knotprot_artifact_4type_annotation; our_calc=7_5@0.51 consistent with artifact	0.7			0		legacy topology 表族 2026-09-14（eligibility/verdict/support/annotations/negatives/selection）	2026-09-21 13:26
4bxw_A	candidate	4bxw	A	4bxw_A	S		0	slipknot_core_verified		0	core_type_only	slipknot_core_verified	0_1	0_1	0.755	0.905	0.755	1.0	unknotted	unknotted	True	True	True	0_1	1.0	1	31	0	286		0.7			0		legacy topology 表族 2026-09-14（eligibility/verdict/support/annotations/negatives/selection）	2026-09-21 13:26
4cbp_A	candidate	4cbp	A	4cbp_A	S		0	slipknot_core_verified		0	core_type_only	slipknot_core_verified	0_1	0_1	0.945	0.945	0.945	1.0	unknotted	unknotted	True	True	True	0_1	1.0	1	31	0	207		0.7			0		legacy topology 表族 2026-09-14（eligibility/verdict/support/annotations/negatives/selection）	2026-09-21 13:26
4ce4_z	candidate	4ce4	z	4ce4_z	K	1	1	eligible	4_1	1	eligible	match	4_1	4_1	0.715	0.79	0.075	1.0	knotted	knotted	True	False	False	none	0.0	3	62;31;41	0	426		0.7	True		4		legacy topology 表族 2026-09-14（eligibility/verdict/support/annotations/negatives/selection）	2026-09-21 13:26
4chj_A	candidate	4chj	A	4chj_A	K	1	1	eligible		0	extended	match	4_1	4_1	0.42	0.82	0.4	1.0	knotted	knotted	True	False	False	none	0.0	1	41	0	124		0.7	True		4		legacy topology 表族 2026-09-14（eligibility/verdict/support/annotations/negatives/selection）	2026-09-21 13:26
4cng_A	candidate	4cng	A	4cng_A	K	1	1	eligible		0	extended	match	3_1	3_1	0.605	0.83	0.115	1.0	knotted	knotted	True	False	False	none	0.0	1	31	0	156		0.7	True		4		legacy topology 表族 2026-09-14（eligibility/verdict/support/annotations/negatives/selection）	2026-09-21 13:26
4cru_A	candidate	4cru	A	4cru_A	K	1	1	eligible	3_1	1	eligible	match	3_1	3_1	0.785	0.8	0.015	1.0	knotted	knotted	True	False	False	none	0.0	1	31	0	242		0.7	True		4		legacy topology 表族 2026-09-14（eligibility/verdict/support/annotations/negatives/selection）	2026-09-21 13:26
4djk_A	candidate	4djk	A	4djk_A	S		0	slipknot_core_verified		0	core_type_only	slipknot_core_verified	0_1	0_1	0.525	0.775	0.525	1.0	unknotted	unknotted	True	True	True	3_1	1.0	2	31;41	0	451		0.7			0		legacy topology 表族 2026-09-14（eligibility/verdict/support/annotations/negatives/selection）	2026-09-21 13:26
4dz4_A	candidate	4dz4	A	4dz4_A	S		0	slipknot_core_verified		0	core_type_only	slipknot_core_verified	0_1	0_1	0.665	0.855	0.665	1.0	unknotted	unknotted	True	True	True	0_1	1.0	1	31	0	313		0.7			0		legacy topology 表族 2026-09-14（eligibility/verdict/support/annotations/negatives/selection）	2026-09-21 13:26
4fmw_A	candidate	4fmw	A	4fmw_A	K	1	1	eligible		0	extended	match	3_1	3_1	0.655	0.725	0.07	1.0	knotted	knotted	True	False	False	none	0.0	1	31	0	178		0.7	True		4		legacy topology 表族 2026-09-14（eligibility/verdict/support/annotations/negatives/selection）	2026-09-21 13:26
4fvm_A	candidate	4fvm	A	4fvm_A	S		0	slipknot_core_verified		0	core_type_only	slipknot_core_verified	0_1	0_1	0.82	0.82	0.82	1.0	unknotted	unknotted	True	True	True	0_1	1.0	1	41	0	829		0.7			0		legacy topology 表族 2026-09-14（eligibility/verdict/support/annotations/negatives/selection）	2026-09-21 13:26
4gge_A	candidate	4gge	A	4gge_A	K	1	1	eligible		0	extended	match	3_1	3_1	0.5	0.95	0.345	1.0	knotted	knotted	True	False	False	none	0.0	1	31	0	257		0.7	True		4		legacy topology 表族 2026-09-14（eligibility/verdict/support/annotations/negatives/selection）	2026-09-21 13:26
4gw9_A	candidate	4gw9	A	4gw9_A	K	1	1	eligible	4_1	1	eligible	match	4_1	4_1	0.835	0.925	0.09	1.0	knotted	knotted	True	False	False	none	0.0	1	41	0	628		0.7	True		4		legacy topology 表族 2026-09-14（eligibility/verdict/support/annotations/negatives/selection）	2026-09-21 13:26
4h6v_A	candidate	4h6v	A	4h6v_A	K	1	1	eligible	3_1	1	eligible	match	3_1	3_1	0.81	0.84	0.03	1.0	knotted	knotted	True	False	False	none	0.0	1	31	0	272		0.7	True		4		legacy topology 表族 2026-09-14（eligibility/verdict/support/annotations/negatives/selection）	2026-09-21 13:26
4ig7_A	candidate	4ig7	A	4ig7_A	K	1	1	eligible		0	extended	match	5_2	5_2	0.505	0.765	0.26	1.0	knotted	knotted	True	False	False	none	0.0	2	31;52	0	231		0.7	True		4		legacy topology 表族 2026-09-14（eligibility/verdict/support/annotations/negatives/selection）	2026-09-21 13:26
4j3c_A	candidate	4j3c	A	4j3c_A	K	1	1	eligible	3_1	1	eligible	match	3_1	3_1	0.78	0.845	0.065	1.0	knotted	knotted	True	False	False	none	0.0	1	31	0	232		0.7	True		4		legacy topology 表族 2026-09-14（eligibility/verdict/support/annotations/negatives/selection）	2026-09-21 13:26
4j7h_A	candidate	4j7h	A	4j7h_A	S		0	slipknot_core_verified		0	core_type_only	slipknot_core_verified	0_1	0_1	0.82	0.82	0.82	1.0	unknotted	unknotted	True	True	True	0_1	1.0	1	31	0	446		0.7			0		legacy topology 表族 2026-09-14（eligibility/verdict/support/annotations/negatives/selection）	2026-09-21 13:26
4jhw_F	candidate	4jhw	F	4jhw_F	S		0	slipknot_core_verified		0	core_type_only	slipknot_core_verified	0_1	0_1	0.905	0.905	0.905	1.0	unknotted	unknotted	True	True	True	0_1	1.0	1	31	0	449		0.7			0		legacy topology 表族 2026-09-14（eligibility/verdict/support/annotations/negatives/selection）	2026-09-21 13:26
4jwh_A	candidate	4jwh	A	4jwh_A	K	1	1	eligible		0	extended	match	3_1	3_1	0.695	0.775	0.08	1.0	knotted	knotted	True	False	False	none	0.0	1	31	0	185		0.7	True		4		legacy topology 表族 2026-09-14（eligibility/verdict/support/annotations/negatives/selection）	2026-09-21 13:26
4k1c_A	candidate	4k1c	A	4k1c_A	K	1	1	eligible		0	extended	match	3_1	3_1	0.62	0.9	0.28	1.0	knotted	knotted	True	False	False	none	0.0	1	31	0	374		0.7	True		4		legacy topology 表族 2026-09-14（eligibility/verdict/support/annotations/negatives/selection）	2026-09-21 13:26
4kav_A	candidate	4kav	A	4kav_A	S		0	slipknot_core_verified		0	core_type_only	slipknot_core_verified	0_1	0_1	0.765	0.905	0.765	1.0	unknotted	unknotted	True	True	True	3_1	1.0	1	31	0	334		0.7			0		legacy topology 表族 2026-09-14（eligibility/verdict/support/annotations/negatives/selection）	2026-09-21 13:26
4kjr_A	candidate	4kjr	A	4kjr_A	K	1	1	eligible		0	extended	match	3_1	3_1	0.515	0.89	0.375	1.0	knotted	knotted	True	False	False	none	0.0	1	31	0	325		0.7	True		4		legacy topology 表族 2026-09-14（eligibility/verdict/support/annotations/negatives/selection）	2026-09-21 13:26
4kpp_A	candidate	4kpp	A	4kpp_A	K	1	1	eligible		0	extended	match	3_1	3_1	0.595	0.8	0.205	1.0	knotted	knotted	True	False	False	none	0.0	1	31	0	395		0.7	True		4		legacy topology 表族 2026-09-14（eligibility/verdict/support/annotations/negatives/selection）	2026-09-21 13:26
4ky9_A	candidate	4ky9	A	4ky9_A	S		0	slipknot_core_verified		0	core_type_only	slipknot_core_verified	0_1	0_1	0.81	0.945	0.81	1.0	unknotted	unknotted	True	True	True	0_1	1.0	1	31	0	276		0.7			0		legacy topology 表族 2026-09-14（eligibility/verdict/support/annotations/negatives/selection）	2026-09-21 13:26
4l69_A	candidate	4l69	A	4l69_A	K	1	1	eligible	3_1	1	eligible	match	3_1	3_1	0.79	0.845	0.055	1.0	knotted	knotted	True	False	False	none	0.0	1	31	0	244		0.7	True		4		legacy topology 表族 2026-09-14（eligibility/verdict/support/annotations/negatives/selection）	2026-09-21 13:26
4l7i_A	candidate	4l7i	A	4l7i_A	K		0	extended		0	extended	partial_match	3_1	3_1#3_1	0.405	0.76	0.355	0.0	knotted	unresolved	False	False	False	none	0.0	1	31	0	404		0.7	True		4		legacy topology 表族 2026-09-14（eligibility/verdict/support/annotations/negatives/selection）	2026-09-21 13:26
4lrv_A	candidate	4lrv	A	4lrv_A	K		0	extended		0	review	partial_match	0_1	3_1	0.53	0.98	0.53	1.0	unknotted	knotted	False	False	False	none	0.0	1	31	0	107		0.7	False		4		legacy topology 表族 2026-09-14（eligibility/verdict/support/annotations/negatives/selection）	2026-09-21 13:26
4m1c_B	candidate	4m1c	B	4m1c_B	S		0	slipknot_core_verified		0	core_type_only	slipknot_core_verified	0_1	0_1	0.775	0.92	0.775	1.0	unknotted	unknotted	True	True	True	0_1	1.0	1	31	0	952		0.7			0		legacy topology 表族 2026-09-14（eligibility/verdict/support/annotations/negatives/selection）	2026-09-21 13:26
4miv_A	candidate	4miv	A	4miv_A	S		0	slipknot_core_verified		0	core_type_only	slipknot_core_verified	0_1	0_1	0.8	0.955	0.8	1.0	unknotted	unknotted	True	True	True	3_1	1.0	1	31	0	484		0.7			0		legacy topology 表族 2026-09-14（eligibility/verdict/support/annotations/negatives/selection）	2026-09-21 13:26
4o6b_A	candidate	4o6b	A	4o6b_A	S		0	slipknot_core_verified		0	core_type_only	slipknot_core_verified	0_1	0_1	0.92	0.92	0.92	1.0	unknotted	unknotted	True	True	True	0_1	1.0	1	31	0	319		0.7			0		legacy topology 表族 2026-09-14（eligibility/verdict/support/annotations/negatives/selection）	2026-09-21 13:26
4o9y_A	candidate	4o9y	A	4o9y_A	K	1	1	eligible		0	extended	match	3_1	3_1	0.65	0.77	0.12	1.0	knotted	knotted	True	False	False	none	0.0	1	31	0	2490		0.7	True		4		legacy topology 表族 2026-09-14（eligibility/verdict/support/annotations/negatives/selection）	2026-09-21 13:26
4oyg_A	candidate	4oyg	A	4oyg_A	S		0	slipknot_core_verified		0	core_type_only	slipknot_core_verified	0_1	0_1	0.89	0.89	0.89	1.0	unknotted	unknotted	True	True	True	3_1	1.0	1	31	0	411		0.7			0		legacy topology 表族 2026-09-14（eligibility/verdict/support/annotations/negatives/selection）	2026-09-21 13:26
4oyg_B	candidate	4oyg	B	4oyg_B	S		0	slipknot_core_verified		0	core_type_only	slipknot_core_verified	0_1	0_1	0.825	0.825	0.825	1.0	unknotted	unknotted	True	True	True	3_1	1.0	1	31	0	411		0.7			0		legacy topology 表族 2026-09-14（eligibility/verdict/support/annotations/negatives/selection）	2026-09-21 13:26
4oyg_C	candidate	4oyg	C	4oyg_C	S		0	slipknot_core_verified		0	core_type_only	slipknot_core_verified	0_1	0_1	0.865	0.865	0.865	1.0	unknotted	unknotted	True	True	True	3_1	1.0	1	31	0	411		0.7			0		legacy topology 表族 2026-09-14（eligibility/verdict/support/annotations/negatives/selection）	2026-09-21 13:26
4oyg_D	candidate	4oyg	D	4oyg_D	S		0	slipknot_core_verified		0	core_type_only	slipknot_core_verified	0_1	0_1	0.785	0.885	0.785	1.0	unknotted	unknotted	True	True	True	3_1	1.0	1	31	0	411		0.7			0		legacy topology 表族 2026-09-14（eligibility/verdict/support/annotations/negatives/selection）	2026-09-21 13:26
4oyg_E	candidate	4oyg	E	4oyg_E	S		0	slipknot_core_verified		0	core_type_only	slipknot_core_verified	0_1	0_1	0.82	0.82	0.82	1.0	unknotted	unknotted	True	True	True	3_1	1.0	1	31	0	411		0.7			0		legacy topology 表族 2026-09-14（eligibility/verdict/support/annotations/negatives/selection）	2026-09-21 13:26
4oyg_F	candidate	4oyg	F	4oyg_F	S		0	slipknot_core_verified		0	core_type_only	slipknot_core_verified	0_1	0_1	0.8	0.8	0.8	1.0	unknotted	unknotted	True	True	True	3_1	1.0	1	31	0	411		0.7			0		legacy topology 表族 2026-09-14（eligibility/verdict/support/annotations/negatives/selection）	2026-09-21 13:26
4p26_D	candidate	4p26	D	4p26_D	S		0	slipknot_core_verified		0	core_type_only	slipknot_core_verified	0_1	0_1	0.8	0.8	0.8	1.0	unknotted	unknotted	True	True	True	0_1	1.0	1	31	0	284		0.7			0		legacy topology 表族 2026-09-14（eligibility/verdict/support/annotations/negatives/selection）	2026-09-21 13:26
4qrv_A	candidate	4qrv	A	4qrv_A	K	1	1	eligible		0	extended	match	3_1	3_1	0.515	0.825	0.31	1.0	knotted	knotted	True	False	False	none	0.0	1	31	0	301		0.7	True		4		legacy topology 表族 2026-09-14（eligibility/verdict/support/annotations/negatives/selection）	2026-09-21 13:26
4tzo_A	candidate	4tzo	A	4tzo_A	S		0	slipknot_core_verified		0	core_type_only	slipknot_core_verified	0_1	0_1	0.925	0.925	0.925	1.0	unknotted	unknotted	True	True	True	0_1	1.0	1	31	0	236		0.7			0		legacy topology 表族 2026-09-14（eligibility/verdict/support/annotations/negatives/selection）	2026-09-21 13:26
4ux8_C	candidate	4ux8	C	4ux8_C	K	1	1	eligible	3_1	1	eligible	match	3_1	3_1	0.78	0.905	0.125	1.0	knotted	knotted	True	False	False	none	0.0	1	31	0	284		0.7	True		4		legacy topology 表族 2026-09-14（eligibility/verdict/support/annotations/negatives/selection）	2026-09-21 13:26
4v4e_A	candidate	4v4e	A	4v4e_A	S		0	slipknot_core_verified		0	core_type_only	slipknot_core_verified	0_1	0_1	0.715	0.715	0.715	1.0	unknotted	unknotted	True	True	True	3_1	1.0	1	31	0	875		0.7			0		legacy topology 表族 2026-09-14（eligibility/verdict/support/annotations/negatives/selection）	2026-09-21 13:26
4v7h_AK	candidate	4v7h	AK	4v7h_AK	S		0	slipknot_core_verified		0	core_type_only	slipknot_core_verified	0_1	0_1	0.915	0.915	0.915	1.0	unknotted	unknotted	True	True	True	0_1	1.0	1	31	0	125		0.7			0		legacy topology 表族 2026-09-14（eligibility/verdict/support/annotations/negatives/selection）	2026-09-21 13:26
4v7h_BE	candidate	4v7h	BE	4v7h_BE	K	1	1	eligible	3_1	1	eligible	match	3_1	3_1	0.81	0.97	0.16	1.0	knotted	knotted	True	False	False	none	0.0	1	31	0	237		0.7	True		4		legacy topology 表族 2026-09-14（eligibility/verdict/support/annotations/negatives/selection）	2026-09-21 13:26
4wgv_A	candidate	4wgv	A	4wgv_A	S		0	slipknot_core_verified		0	core_type_only	slipknot_core_verified	0_1	0_1	0.46	0.73	0.46	1.0	unknotted	unknotted	True	True	True	3_1	1.0	1	31	0	395		0.7			0		legacy topology 表族 2026-09-14（eligibility/verdict/support/annotations/negatives/selection）	2026-09-21 13:26
4wkk_A	candidate	4wkk	A	4wkk_A	K	1	1	eligible	4_1	1	eligible	match	4_1	4_1	0.83	0.895	0.065	1.0	knotted	knotted	True	False	False	none	0.0	1	41	0	488		0.7	True		4		legacy topology 表族 2026-09-14（eligibility/verdict/support/annotations/negatives/selection）	2026-09-21 13:26
4wvm_B	candidate	4wvm	B	4wvm_B	S		0	slipknot_core_verified		0	core_type_only	slipknot_core_verified	0_1	0_1	0.77	0.93	0.77	1.0	unknotted	unknotted	True	True	True	0_1	1.0	1	31	0	616		0.7			0		legacy topology 表族 2026-09-14（eligibility/verdict/support/annotations/negatives/selection）	2026-09-21 13:26
4wz7_A	candidate	4wz7	A	4wz7_A	K		0	extended		0	extended	match	4_1	4_1	0.645	0.69	0.045	1.0	knotted	knotted	True	False	False	none	0.0	1	41	0	628		0.7	True		4		legacy topology 表族 2026-09-14（eligibility/verdict/support/annotations/negatives/selection）	2026-09-21 13:26
4wz7_E	candidate	4wz7	E	4wz7_E	K	1	1	eligible	3_1	1	eligible	match	3_1	3_1	0.7	0.905	0.205	1.0	knotted	knotted	True	False	False	none	0.0	1	31	0	195		0.7	True		4		legacy topology 表族 2026-09-14（eligibility/verdict/support/annotations/negatives/selection）	2026-09-21 13:26
4xe2_A	candidate	4xe2	A	4xe2_A	S		0	slipknot_core_verified		0	core_type_only	slipknot_core_verified	0_1	0_1	0.925	0.925	0.925	1.0	unknotted	unknotted	True	True	True	0_1	1.0	1	31	0	221		0.7			0		legacy topology 表族 2026-09-14（eligibility/verdict/support/annotations/negatives/selection）	2026-09-21 13:26
4ye9_A	candidate	4ye9	A	4ye9_A	K	1	1	eligible	3_1	1	eligible	match	3_1	3_1	0.845	0.905	0.06	1.0	knotted	knotted	True	False	False	none	0.0	1	31	0	709		0.7	True		4		legacy topology 表族 2026-09-14（eligibility/verdict/support/annotations/negatives/selection）	2026-09-21 13:26
4yk8_B	candidate	4yk8	B	4yk8_B	S		0	presence_unverified		0	none	slipknot_presence_unverified	0_1	0_1	0.905	0.905	0.905	1.0	unknotted	unknotted	True	False	False	none	0.0	1	31	0	194		0.7			0		legacy topology 表族 2026-09-14（eligibility/verdict/support/annotations/negatives/selection）	2026-09-21 13:26
4yzf_A	candidate	4yzf	A	4yzf_A	S		0	slipknot_core_verified		0	core_type_only	slipknot_core_verified	0_1	0_1	0.645	0.75	0.645	1.0	unknotted	unknotted	True	True	True	0_1	1.0	1	31	0	475		0.7			0		legacy topology 表族 2026-09-14（eligibility/verdict/support/annotations/negatives/selection）	2026-09-21 13:26
5a1s_A	candidate	5a1s	A	5a1s_A	S		0	slipknot_core_verified		0	core_type_only	slipknot_core_verified	0_1	0_1	0.685	0.82	0.685	1.0	unknotted	unknotted	True	True	True	3_1	1.0	1	31	0	433		0.7			0		legacy topology 表族 2026-09-14（eligibility/verdict/support/annotations/negatives/selection）	2026-09-21 13:26
5a1x_G	candidate	5a1x	G	5a1x_G	K	1	1	eligible	3_1	1	eligible	match	3_1	3_1	0.89	0.945	0.055	1.0	knotted	knotted	True	False	False	none	0.0	1	31	0	813		0.7	True		4		legacy topology 表族 2026-09-14（eligibility/verdict/support/annotations/negatives/selection）	2026-09-21 13:26
5a42_A	candidate	5a42	A	5a42_A	S		0	slipknot_core_verified		0	core_type_only	slipknot_core_verified	0_1	0_1	0.77	0.9	0.77	1.0	unknotted	unknotted	True	True	True	0_1	1.0	1	31	0	1597		0.7			0		legacy topology 表族 2026-09-14（eligibility/verdict/support/annotations/negatives/selection）	2026-09-21 13:26
5a7y_A	candidate	5a7y	A	5a7y_A	K	1	1	eligible	3_1	1	eligible	match	3_1	3_1	0.875	0.91	0.035	1.0	knotted	knotted	True	False	False	none	0.0	1	31	0	270		0.7	True		4		legacy topology 表族 2026-09-14（eligibility/verdict/support/annotations/negatives/selection）	2026-09-21 13:26
5a7z_A	candidate	5a7z	A	5a7z_A	K	1	1	eligible	3_1	1	eligible	match	3_1	3_1	0.75	0.795	0.045	1.0	knotted	knotted	True	False	False	none	0.0	1	31	0	250		0.7	True		4		legacy topology 表族 2026-09-14（eligibility/verdict/support/annotations/negatives/selection）	2026-09-21 13:26
5adx_M	candidate	5adx	M	5adx_M	S		0	unresolved		0	none	unresolved	TMC	TMC	0.765	0	0.0	0.0	unresolved	unresolved	True	True	True	0_1	1.0	2	31;51	0	571		0.7			0		legacy topology 表族 2026-09-14（eligibility/verdict/support/annotations/negatives/selection）	2026-09-21 13:26
5adx_N	candidate	5adx	N	5adx_N	S		0	unresolved		0	none	unresolved	TMC	TMC	1.0	0	0.0	0.0	unresolved	unresolved	True	False	False	none	0.0	3	31;51;820	0	602		0.7			0		legacy topology 表族 2026-09-14（eligibility/verdict/support/annotations/negatives/selection）	2026-09-21 13:26
5adx_Y	candidate	5adx	Y	5adx_Y	K		0	review		0	review	unresolved	3_1#3_1	3_1#3_1	0.38	0.19	0.02	0.0	unresolved	unresolved	True	False	False	none	0.0	2	31;820	0	243		0.7	False		4		legacy topology 表族 2026-09-14（eligibility/verdict/support/annotations/negatives/selection）	2026-09-21 13:26
5aft_M	candidate	5aft	M	5aft_M	S		0	unresolved		0	none	unresolved	TMC	TMC	0.98	0	0.0	0.0	unresolved	unresolved	True	True	True	0_1	1.0	2	31;51	0	587		0.7			0		legacy topology 表族 2026-09-14（eligibility/verdict/support/annotations/negatives/selection）	2026-09-21 13:26
5afu_M	candidate	5afu	M	5afu_M	S		0	unresolved		0	none	unresolved	TMC	TMC	0.97	0	0.0	0.0	unresolved	unresolved	True	True	True	0_1	1.0	2	31;51	0	587		0.7			0		legacy topology 表族 2026-09-14（eligibility/verdict/support/annotations/negatives/selection）	2026-09-21 13:26
5afu_N	candidate	5afu	N	5afu_N	S		0	unresolved		0	none	unresolved	TMC	TMC	1.0	0	0.0	0.0	unresolved	unresolved	True	True	True	3_1	1.0	3	31;51;820	0	616		0.7			0		legacy topology 表族 2026-09-14（eligibility/verdict/support/annotations/negatives/selection）	2026-09-21 13:26
5amr_A	candidate	5amr	A	5amr_A	S		0	slipknot_core_verified		0	core_type_only	slipknot_core_verified	0_1	0_1	0.8	0.8	0.8	1.0	unknotted	unknotted	True	True	True	3_1	1.0	2	31;41	0	1657		0.7			0		legacy topology 表族 2026-09-14（eligibility/verdict/support/annotations/negatives/selection）	2026-09-21 13:26
5aor_A	candidate	5aor	A	5aor_A	K	1	1	eligible	3_1	1	eligible	match	3_1	3_1	0.75	0.89	0.14	1.0	knotted	knotted	True	False	False	none	0.0	1	31	0	1009		0.7	True		4		legacy topology 表族 2026-09-14（eligibility/verdict/support/annotations/negatives/selection）	2026-09-21 13:26
5ap8_A	candidate	5ap8	A	5ap8_A	K	1	1	eligible	3_1	1	eligible	match	3_1	3_1	0.75	0.84	0.09	1.0	knotted	knotted	True	False	False	none	0.0	1	31	0	151		0.7	True		4		legacy topology 表族 2026-09-14（eligibility/verdict/support/annotations/negatives/selection）	2026-09-21 13:26
5apg_A	candidate	5apg	A	5apg_A	K	1	1	eligible	3_1	1	eligible	match	3_1	3_1	0.77	0.805	0.035	1.0	knotted	knotted	True	False	False	none	0.0	1	31	0	184		0.7	True		4		legacy topology 表族 2026-09-14（eligibility/verdict/support/annotations/negatives/selection）	2026-09-21 13:26
5ayl_A	candidate	5ayl	A	5ayl_A	S		0	presence_unverified		0	none	slipknot_presence_unverified	0_1	0_1	0.885	0.885	0.885	1.0	unknotted	unknotted	True	False	False	none	0.0	1	31	0	743		0.7			0		legacy topology 表族 2026-09-14（eligibility/verdict/support/annotations/negatives/selection）	2026-09-21 13:26
5bt1_A	candidate	5bt1	A	5bt1_A	S		0	slipknot_core_verified		0	core_type_only	slipknot_core_verified	0_1	0_1	0.91	0.91	0.91	1.0	unknotted	unknotted	True	True	True	0_1	1.0	1	31	0	244		0.7			0		legacy topology 表族 2026-09-14（eligibility/verdict/support/annotations/negatives/selection）	2026-09-21 13:26
5bu6_B	candidate	5bu6	B	5bu6_B	S		0	slipknot_published_closure_sensitive		0	review	slipknot_anomaly_wholechain_knotted	3_1	3_1	0.595	0.925	0.2	1.0	knotted	knotted	True	True	True	3_1	1.0	1	31	0	264	source_pub_flag=Y; published_slipknot_S31_closure_sensitive; our_calc=3_1 whole-chain c2; KnotProt Slipknot S+31	0.7			0		legacy topology 表族 2026-09-14（eligibility/verdict/support/annotations/negatives/selection）	2026-09-21 13:26
5c50_B	candidate	5c50	B	5c50_B	S		0	slipknot_core_verified		0	core_type_only	slipknot_core_verified	0_1	0_1	0.915	0.915	0.915	1.0	unknotted	unknotted	True	True	True	0_1	1.0	1	31	0	185		0.7			0		legacy topology 表族 2026-09-14（eligibility/verdict/support/annotations/negatives/selection）	2026-09-21 13:26
5c77_A	candidate	5c77	A	5c77_A	K	1	1	eligible	3_1	1	eligible	match	3_1	3_1	0.81	0.87	0.06	1.0	knotted	knotted	True	False	False	none	0.0	1	31	0	203		0.7	True		4		legacy topology 表族 2026-09-14（eligibility/verdict/support/annotations/negatives/selection）	2026-09-21 13:26
5ce1_A	candidate	5ce1	A	5ce1_A	S		0	slipknot_core_verified		0	core_type_only	slipknot_core_verified	0_1	0_1	0.56	0.82	0.56	1.0	unknotted	unknotted	True	True	True	0_1	1.0	1	31	0	361		0.7			0		legacy topology 表族 2026-09-14（eligibility/verdict/support/annotations/negatives/selection）	2026-09-21 13:26
5cjl_A	candidate	5cjl	A	5cjl_A	K	1	1	eligible		0	extended	match	3_1	3_1	0.49	0.845	0.355	1.0	knotted	knotted	True	False	False	none	0.0	1	31	0	257		0.7	True		4		legacy topology 表族 2026-09-14（eligibility/verdict/support/annotations/negatives/selection）	2026-09-21 13:26
5cre_A	candidate	5cre	A	5cre_A	S		0	presence_unverified		0	none	slipknot_presence_unverified	0_1	0_1	0.82	0.995	0.82	1.0	unknotted	unknotted	True	False	False	none	0.0	1	31	0	347		0.7			0		legacy topology 表族 2026-09-14（eligibility/verdict/support/annotations/negatives/selection）	2026-09-21 13:26
5da0_A	candidate	5da0	A	5da0_A	S		0	slipknot_core_verified		0	core_type_only	slipknot_core_verified	0_1	0_1	0.805	0.91	0.805	1.0	unknotted	unknotted	True	True	True	0_1	1.0	1	31	0	467		0.7			0		legacy topology 表族 2026-09-14（eligibility/verdict/support/annotations/negatives/selection）	2026-09-21 13:26
5e4y_A	candidate	5e4y	A	5e4y_A	S		0	slipknot_core_verified		0	core_type_only	slipknot_core_verified	0_1	0_1	0.845	0.955	0.845	1.0	unknotted	unknotted	True	True	True	0_1	1.0	1	31	0	347		0.7			0		legacy topology 表族 2026-09-14（eligibility/verdict/support/annotations/negatives/selection）	2026-09-21 13:26
5ew5_A	candidate	5ew5	A	5ew5_A	S		0	slipknot_core_verified		0	core_type_only	slipknot_core_verified	0_1	0_1	0.93	0.93	0.93	1.0	unknotted	unknotted	True	True	True	0_1	1.0	1	31	0	490		0.7			0		legacy topology 表族 2026-09-14（eligibility/verdict/support/annotations/negatives/selection）	2026-09-21 13:26
5f1b_A	candidate	5f1b	A	5f1b_A	S		0	slipknot_core_verified		0	core_type_only	slipknot_core_verified	0_1	0_1	0.87	0.87	0.87	1.0	unknotted	unknotted	True	True	True	0_1	1.0	1	31	0	158		0.7			0		legacy topology 表族 2026-09-14（eligibility/verdict/support/annotations/negatives/selection）	2026-09-21 13:26
5fql_A	candidate	5fql	A	5fql_A	S		0	slipknot_core_verified		0	core_type_only	slipknot_core_verified	0_1	0_1	0.77	0.88	0.77	1.0	unknotted	unknotted	True	True	True	3_1	1.0	1	31	0	507		0.7			0		legacy topology 表族 2026-09-14（eligibility/verdict/support/annotations/negatives/selection）	2026-09-21 13:26
5g2v_A	candidate	5g2v	A	5g2v_A	S		0	slipknot_core_verified		0	core_type_only	slipknot_core_verified	0_1	0_1	0.82	0.945	0.82	1.0	unknotted	unknotted	True	True	True	3_1	1.0	1	31	0	494		0.7			0		legacy topology 表族 2026-09-14（eligibility/verdict/support/annotations/negatives/selection）	2026-09-21 13:26
5gao_E	candidate	5gao	E	5gao_E	K	1	1	eligible	3_1	1	eligible	match	3_1	3_1	0.965	0.975	0.01	1.0	knotted	knotted	True	False	False	none	0.0	1	31	0	338		0.7	True		4		legacy topology 表族 2026-09-14（eligibility/verdict/support/annotations/negatives/selection）	2026-09-21 13:26
5gmk_Q	candidate	5gmk	Q	5gmk_Q	K	1	1	eligible	3_1	1	eligible	match	3_1	3_1	0.87	0.92	0.05	1.0	knotted	knotted	True	False	False	none	0.0	1	31	0	185		0.7	True		4		legacy topology 表族 2026-09-14（eligibility/verdict/support/annotations/negatives/selection）	2026-09-21 13:26
5gsl_A	candidate	5gsl	A	5gsl_A	S		0	slipknot_core_verified		0	core_type_only	slipknot_core_verified	0_1	0_1	0.78	0.92	0.78	1.0	unknotted	unknotted	True	True	True	0_1	1.0	1	31	0	775		0.7			0		legacy topology 表族 2026-09-14（eligibility/verdict/support/annotations/negatives/selection）	2026-09-21 13:26
5gu6_A	candidate	5gu6	A	5gu6_A	S		0	slipknot_core_verified		0	core_type_only	slipknot_core_verified	0_1	0_1	0.81	0.98	0.81	1.0	unknotted	unknotted	True	True	True	0_1	1.0	1	31	0	377		0.7			0		legacy topology 表族 2026-09-14（eligibility/verdict/support/annotations/negatives/selection）	2026-09-21 13:26
5h7i_C	candidate	5h7i	C	5h7i_C	S		0	slipknot_core_verified		0	core_type_only	slipknot_core_verified	0_1	0_1	0.755	0.97	0.755	1.0	unknotted	unknotted	True	True	True	0_1	1.0	1	31	0	429		0.7			0		legacy topology 表族 2026-09-14（eligibility/verdict/support/annotations/negatives/selection）	2026-09-21 13:26
5hj3_C	candidate	5hj3	C	5hj3_C	S		0	slipknot_core_verified		0	core_type_only	slipknot_core_verified	0_1	0_1	0.825	0.825	0.825	1.0	unknotted	unknotted	True	True	True	0_1	1.0	1	31	0	159		0.7			0		legacy topology 表族 2026-09-14（eligibility/verdict/support/annotations/negatives/selection）	2026-09-21 13:26
5if3_A	candidate	5if3	A	5if3_A	K	1	1	eligible	3_1	1	eligible	match	3_1	3_1	0.865	0.945	0.08	1.0	knotted	knotted	True	False	False	none	0.0	1	31	0	216		0.7	True		4		legacy topology 表族 2026-09-14（eligibility/verdict/support/annotations/negatives/selection）	2026-09-21 13:26
5ikj_A	candidate	5ikj	A	5ikj_A	K		0	extended		0	extended	match	4_1	4_1	0.58	0.65	0.07	1.0	knotted	knotted	True	False	False	none	0.0	1	41	0	448		0.7	True		4		legacy topology 表族 2026-09-14（eligibility/verdict/support/annotations/negatives/selection）	2026-09-21 13:26
5iw7_A	candidate	5iw7	A	5iw7_A	S		0	presence_unverified		0	none	slipknot_presence_unverified	0_1	0_1	0.79	0.93	0.79	1.0	unknotted	unknotted	True	False	False	none	0.0	1	41	0	595		0.7			0		legacy topology 表族 2026-09-14（eligibility/verdict/support/annotations/negatives/selection）	2026-09-21 13:26
5jpq_R	candidate	5jpq	R	5jpq_R	S		0	slipknot_core_verified		0	core_type_only	slipknot_core_verified	0_1	0_1	0.775	0.775	0.775	1.0	unknotted	unknotted	True	True	True	4_1	1.0	1	41	0	332		0.7			0		legacy topology 表族 2026-09-14（eligibility/verdict/support/annotations/negatives/selection）	2026-09-21 13:26
5kem_A	candidate	5kem	A	5kem_A	S		0	slipknot_core_verified		0	core_type_only	slipknot_core_verified	0_1	0_1	0.81	0.81	0.81	1.0	unknotted	unknotted	True	True	True	0_1	1.0	1	31	0	232		0.7			0		legacy topology 表族 2026-09-14（eligibility/verdict/support/annotations/negatives/selection）	2026-09-21 13:26
5l25_A	candidate	5l25	A	5l25_A	K		0	extended		0	review	partial_match	TMC	3_1	0.52	0.48	0.045	1.0	unresolved	knotted	False	False	False	none	0.0	2	31;51	0	399		0.7	False		4		legacy topology 表族 2026-09-14（eligibility/verdict/support/annotations/negatives/selection）	2026-09-21 13:26
5l3p_z	candidate	5l3p	z	5l3p_z	K	1	1	eligible	3_1	1	eligible	match	3_1	3_1	0.86	0.94	0.08	1.0	knotted	knotted	True	False	False	none	0.0	1	31	0	545		0.7	True		4		legacy topology 表族 2026-09-14（eligibility/verdict/support/annotations/negatives/selection）	2026-09-21 13:26
5l9u_A	candidate	5l9u	A	5l9u_A	K	1	1	eligible	3_1	1	eligible	match	3_1	3_1	0.765	0.795	0.03	1.0	knotted	knotted	True	False	False	none	0.0	1	31	0	1342		0.7	True		4		legacy topology 表族 2026-09-14（eligibility/verdict/support/annotations/negatives/selection）	2026-09-21 13:26
5li4_A	candidate	5li4	A	5li4_A	K	1	1	eligible	3_1	1	eligible	match	3_1	3_1	0.87	0.875	0.005	1.0	knotted	knotted	True	False	False	none	0.0	1	31	0	427		0.7	True		4		legacy topology 表族 2026-09-14（eligibility/verdict/support/annotations/negatives/selection）	2026-09-21 13:26
5m5w_A	candidate	5m5w	A	5m5w_A	S		0	presence_unverified		0	none	slipknot_presence_unverified	0_1	0_1	0.715	0.85	0.715	1.0	unknotted	unknotted	True	False	False	none	0.0	1	31	0	1493		0.7			0		legacy topology 表族 2026-09-14（eligibility/verdict/support/annotations/negatives/selection）	2026-09-21 13:26
5m87_A	candidate	5m87	A	5m87_A	S		0	slipknot_core_verified		0	core_type_only	slipknot_core_verified	0_1	0_1	0.52	0.52	0.52	1.0	unknotted	unknotted	True	True	True	3_1	1.0	2	31;41	0	494		0.7			0		legacy topology 表族 2026-09-14（eligibility/verdict/support/annotations/negatives/selection）	2026-09-21 13:26
5mqn_A	candidate	5mqn	A	5mqn_A	K	1	1	eligible		0	extended	match	3_1	3_1	0.645	0.73	0.085	1.0	knotted	knotted	True	False	False	none	0.0	1	31	0	1038		0.7	True		4		legacy topology 表族 2026-09-14（eligibility/verdict/support/annotations/negatives/selection）	2026-09-21 13:26
5nj9_A	candidate	5nj9	A	5nj9_A	S		0	slipknot_core_verified		0	core_type_only	slipknot_core_verified	0_1	0_1	0.76	0.89	0.76	1.0	unknotted	unknotted	True	True	True	0_1	1.0	1	31	0	480		0.7			0		legacy topology 表族 2026-09-14（eligibility/verdict/support/annotations/negatives/selection）	2026-09-21 13:26
5nw4_a	candidate	5nw4	a	5nw4_a	S		0	unresolved		0	none	unresolved	TMC	TMC	0.965	0	0.0	0.0	unresolved	unresolved	True	True	True	0_1	1.0	2	31;51	0	571		0.7			0		legacy topology 表族 2026-09-14（eligibility/verdict/support/annotations/negatives/selection）	2026-09-21 13:26
5nw4_b	candidate	5nw4	b	5nw4_b	S		0	unresolved		0	none	unresolved	TMC	TMC	0.99	0	0.0	0.0	unresolved	unresolved	True	False	False	none	0.0	3	31;51;820	0	602		0.7			0		legacy topology 表族 2026-09-14（eligibility/verdict/support/annotations/negatives/selection）	2026-09-21 13:26
5of4_Y	candidate	5of4	Y	5of4_Y	S		0	unresolved		0	none	unresolved	TMC	TMC	0.98	0	0.0	0.0	unresolved	unresolved	True	False	False	none	0.0	2	31;820	0	232		0.7			0		legacy topology 表族 2026-09-14（eligibility/verdict/support/annotations/negatives/selection）	2026-09-21 13:26
5ojh_A	candidate	5ojh	A	5ojh_A	S		0	presence_unverified		0	none	slipknot_presence_unverified	0_1	0_1	0.715	0.715	0.715	1.0	unknotted	unknotted	True	False	False	none	0.0	1	31	0	379		0.7			0		legacy topology 表族 2026-09-14（eligibility/verdict/support/annotations/negatives/selection）	2026-09-21 13:26
5tj6_A	candidate	5tj6	A	5tj6_A	K	1	1	eligible		0	extended	match	3_1	3_1	0.59	0.865	0.275	1.0	knotted	knotted	True	False	False	none	0.0	1	31	0	890		0.7	True		4		legacy topology 表族 2026-09-14（eligibility/verdict/support/annotations/negatives/selection）	2026-09-21 13:26
5twv_B	candidate	5twv	B	5twv_B	S		0	slipknot_core_verified		0	core_type_only	slipknot_core_verified	0_1	0_1	0.655	0.795	0.655	1.0	unknotted	unknotted	True	True	True	0_1	1.0	1	31	0	1375		0.7			0		legacy topology 表族 2026-09-14（eligibility/verdict/support/annotations/negatives/selection）	2026-09-21 13:26
5u76_A	candidate	5u76	A	5u76_A	K	1	1	eligible		0	extended	match	3_1	3_1	0.63	0.84	0.07	1.0	knotted	knotted	True	False	False	none	0.0	2	31;52	0	878		0.7	True		4		legacy topology 表族 2026-09-14（eligibility/verdict/support/annotations/negatives/selection）	2026-09-21 13:26
5u8r_A	candidate	5u8r	A	5u8r_A	S		0	slipknot_core_verified		0	core_type_only	slipknot_core_verified	0_1	0_1	0.935	0.935	0.935	1.0	unknotted	unknotted	True	True	True	0_1	1.0	3	31;31;None	0	801		0.7			0		legacy topology 表族 2026-09-14（eligibility/verdict/support/annotations/negatives/selection）	2026-09-21 13:26
5ugq_A	candidate	5ugq	A	5ugq_A	S		0	slipknot_core_verified		0	core_type_only	slipknot_core_verified	0_1	0_1	0.75	0.9	0.75	1.0	unknotted	unknotted	True	True	True	0_1	1.0	1	31	0	463		0.7			0		legacy topology 表族 2026-09-14（eligibility/verdict/support/annotations/negatives/selection）	2026-09-21 13:26
5uxz_A	candidate	5uxz	A	5uxz_A	S		0	slipknot_core_verified		0	core_type_only	slipknot_core_verified	0_1	0_1	0.82	0.94	0.82	1.0	unknotted	unknotted	True	True	True	0_1	1.0	1	31	0	290		0.7			0		legacy topology 表族 2026-09-14（eligibility/verdict/support/annotations/negatives/selection）	2026-09-21 13:26
5vhi_E	candidate	5vhi	E	5vhi_E	K	1	1	eligible	3_1	1	eligible	match	3_1	3_1	0.925	0.975	0.05	1.0	knotted	knotted	True	False	False	none	0.0	1	31	0	311		0.7	True		4		legacy topology 表族 2026-09-14（eligibility/verdict/support/annotations/negatives/selection）	2026-09-21 13:26
5vla_A	candidate	5vla	A	5vla_A	S		0	slipknot_core_verified		0	core_type_only	slipknot_core_verified	0_1	0_1	0.905	0.905	0.905	1.0	unknotted	unknotted	True	True	True	0_1	1.0	1	31	0	352		0.7			0		legacy topology 表族 2026-09-14（eligibility/verdict/support/annotations/negatives/selection）	2026-09-21 13:26
5x2n_B	candidate	5x2n	B	5x2n_B	S		0	slipknot_core_verified		0	core_type_only	slipknot_core_verified	0_1	0_1	0.765	0.925	0.765	1.0	unknotted	unknotted	True	True	True	0_1	1.0	1	31	0	459		0.7			0		legacy topology 表族 2026-09-14（eligibility/verdict/support/annotations/negatives/selection）	2026-09-21 13:26
5xnu_A	candidate	5xnu	A	5xnu_A	S		0	slipknot_core_verified		0	core_type_only	slipknot_core_verified	0_1	0_1	0.775	0.92	0.775	1.0	unknotted	unknotted	True	True	True	3_1	1.0	1	31	0	323		0.7			0		legacy topology 表族 2026-09-14（eligibility/verdict/support/annotations/negatives/selection）	2026-09-21 13:26
5xq1_A	candidate	5xq1	A	5xq1_A	S		0	slipknot_core_verified		0	core_type_only	slipknot_core_verified	0_1	0_1	0.89	0.89	0.89	1.0	unknotted	unknotted	True	True	True	0_1	1.0	1	41	0	429		0.7			0		legacy topology 表族 2026-09-14（eligibility/verdict/support/annotations/negatives/selection）	2026-09-21 13:26
5xzs_A	candidate	5xzs	A	5xzs_A	K	1	1	eligible	3_1	1	eligible	match	3_1	3_1	0.895	0.925	0.03	1.0	knotted	knotted	True	False	False	none	0.0	1	31	0	619		0.7	True		4		legacy topology 表族 2026-09-14（eligibility/verdict/support/annotations/negatives/selection）	2026-09-21 13:26
5ylz_W	candidate	5ylz	W	5ylz_W	K	1	1	eligible		0	extended	match	3_1	3_1	0.64	0.705	0.065	1.0	knotted	knotted	True	False	False	none	0.0	1	31	0	703		0.7	True		4		legacy topology 表族 2026-09-14（eligibility/verdict/support/annotations/negatives/selection）	2026-09-21 13:26
5z79_A	candidate	5z79	A	5z79_A	K		0	extended		0	extended	match	6_1	6_1	0.455	0.64	0.185	1.0	knotted	knotted	True	False	False	none	0.0	2	61;31	0	588		0.7	True		4		legacy topology 表族 2026-09-14（eligibility/verdict/support/annotations/negatives/selection）	2026-09-21 13:26
5zep_0	candidate	5zep	0	5zep_0	K		0	review		0	review	unresolved	TMC	TMC	0.71	0	0.0	0.0	unresolved	unresolved	True	False	False	none	0.0	2	31;820	0	262		0.7	False		4		legacy topology 表族 2026-09-14（eligibility/verdict/support/annotations/negatives/selection）	2026-09-21 13:26
5znm_A	candidate	5znm	A	5znm_A	S		0	slipknot_core_verified		0	core_type_only	slipknot_core_verified	0_1	0_1	0.87	0.97	0.87	1.0	unknotted	unknotted	True	True	True	0_1	1.0	1	31	0	358		0.7			0		legacy topology 表族 2026-09-14（eligibility/verdict/support/annotations/negatives/selection）	2026-09-21 13:26
5zya_D	candidate	5zya	D	5zya_D	K	1	1	eligible		0	extended	match	3_1	3_1	0.585	0.715	0.13	1.0	knotted	knotted	True	False	False	none	0.0	1	31	0	85		0.7	True		4		legacy topology 表族 2026-09-14（eligibility/verdict/support/annotations/negatives/selection）	2026-09-21 13:26
6a82_A	candidate	6a82	A	6a82_A	S		0	slipknot_core_verified		0	core_type_only	slipknot_core_verified	0_1	0_1	0.68	0.84	0.68	1.0	unknotted	unknotted	True	True	True	3_1	1.0	1	31	0	353		0.7			0		legacy topology 表族 2026-09-14（eligibility/verdict/support/annotations/negatives/selection）	2026-09-21 13:26
6a9s_A	candidate	6a9s	A	6a9s_A	S		0	slipknot_core_verified		0	core_type_only	slipknot_core_verified	0_1	0_1	0.77	0.96	0.77	1.0	unknotted	unknotted	True	True	True	3_1	1.0	1	31	0	352		0.7			0		legacy topology 表族 2026-09-14（eligibility/verdict/support/annotations/negatives/selection）	2026-09-21 13:26
6ac6_A	candidate	6ac6	A	6ac6_A	K	1	1	eligible		0	extended	match	3_1	3_1	0.68	0.74	0.06	1.0	knotted	knotted	True	False	False	none	0.0	1	31	0	1154		0.7	True		4		legacy topology 表族 2026-09-14（eligibility/verdict/support/annotations/negatives/selection）	2026-09-21 13:26
6acg_A	candidate	6acg	A	6acg_A	S		0	slipknot_core_verified		0	core_type_only	slipknot_core_verified	0_1	0_1	0.665	0.815	0.665	1.0	unknotted	unknotted	True	True	True	0_1	1.0	1	31	0	1065		0.7			0		legacy topology 表族 2026-09-14（eligibility/verdict/support/annotations/negatives/selection）	2026-09-21 13:26
6ai0_A	candidate	6ai0	A	6ai0_A	S		0	slipknot_core_verified		0	core_type_only	slipknot_core_verified	0_1	0_1	0.555	0.97	0.555	1.0	unknotted	unknotted	True	True	True	0_1	1.0	1	31	0	333		0.7			0		legacy topology 表族 2026-09-14（eligibility/verdict/support/annotations/negatives/selection）	2026-09-21 13:26
6ba9_A	candidate	6ba9	A	6ba9_A	S		0	slipknot_core_verified		0	core_type_only	slipknot_core_verified	0_1	0_1	0.795	0.97	0.795	1.0	unknotted	unknotted	True	True	True	0_1	1.0	1	31	0	249		0.7			0		legacy topology 表族 2026-09-14（eligibility/verdict/support/annotations/negatives/selection）	2026-09-21 13:26
6baj_A	candidate	6baj	A	6baj_A	K		0	extended		0	extended	match	4_1	4_1	0.545	0.67	0.125	1.0	knotted	knotted	True	False	False	none	0.0	1	41	0	995		0.7	True		4		legacy topology 表族 2026-09-14（eligibility/verdict/support/annotations/negatives/selection）	2026-09-21 13:26
6bwi_A	candidate	6bwi	A	6bwi_A	K	1	1	eligible	3_1	1	eligible	match	3_1	3_1	0.81	0.91	0.1	1.0	knotted	knotted	True	False	False	none	0.0	1	31	0	816		0.7	True		4		legacy topology 表族 2026-09-14（eligibility/verdict/support/annotations/negatives/selection）	2026-09-21 13:26
6csf_C	candidate	6csf	C	6csf_C	S		0	unresolved		0	none	unresolved	TMC	0_1	0.49	0.455	0.455	1.0	unresolved	unknotted	False	True	True	3_1	1.0	2	31;41	0	428		0.7			0		legacy topology 表族 2026-09-14（eligibility/verdict/support/annotations/negatives/selection）	2026-09-21 13:26
6d05_A	candidate	6d05	A	6d05_A	S		0	slipknot_core_verified		0	core_type_only	slipknot_core_verified	0_1	0_1	0.855	0.855	0.855	1.0	unknotted	unknotted	True	True	True	0_1	1.0	1	31	0	641		0.7			0		legacy topology 表族 2026-09-14（eligibility/verdict/support/annotations/negatives/selection）	2026-09-21 13:26
6dzy_A	candidate	6dzy	A	6dzy_A	S		0	slipknot_core_verified		0	core_type_only	slipknot_core_verified	0_1	0_1	0.66	0.76	0.66	1.0	unknotted	unknotted	True	True	True	0_1	1.0	2	31;41	0	537		0.7			0		legacy topology 表族 2026-09-14（eligibility/verdict/support/annotations/negatives/selection）	2026-09-21 13:26
6ecc_A	candidate	6ecc	A	6ecc_A	S		0	presence_unverified		0	none	slipknot_presence_unverified	0_1	0_1	0.83	0.93	0.83	1.0	unknotted	unknotted	True	False	False	none	0.0	1	31	0	231		0.7			0		legacy topology 表族 2026-09-14（eligibility/verdict/support/annotations/negatives/selection）	2026-09-21 13:26
6emv_A	candidate	6emv	A	6emv_A	K	1	1	eligible		0	extended	match	3_1	3_1	0.68	0.815	0.135	1.0	knotted	knotted	True	False	False	none	0.0	1	31	0	170		0.7	True		4		legacy topology 表族 2026-09-14（eligibility/verdict/support/annotations/negatives/selection）	2026-09-21 13:26
6eso_A	candidate	6eso	A	6eso_A	S		0	slipknot_core_verified		0	core_type_only	slipknot_core_verified	0_1	0_1	0.85	0.85	0.85	1.0	unknotted	unknotted	True	True	True	0_1	1.0	1	31	0	588		0.7			0		legacy topology 表族 2026-09-14（eligibility/verdict/support/annotations/negatives/selection）	2026-09-21 13:26
6f1t_M	candidate	6f1t	M	6f1t_M	S		0	unresolved		0	none	unresolved	TMC	TMC	0.96	0	0.0	0.0	unresolved	unresolved	True	True	True	0_1	1.0	2	31;51	0	587		0.7			0		legacy topology 表族 2026-09-14（eligibility/verdict/support/annotations/negatives/selection）	2026-09-21 13:26
6f1t_N	candidate	6f1t	N	6f1t_N	S		0	unresolved		0	none	unresolved	TMC	TMC	1.0	0	0.0	0.0	unresolved	unresolved	True	True	True	3_1	1.0	4	31;51;820;52	0	616		0.7			0		legacy topology 表族 2026-09-14（eligibility/verdict/support/annotations/negatives/selection）	2026-09-21 13:26
6f1y_f	candidate	6f1y	f	6f1y_f	K	1	1	eligible	4_1	1	eligible	match	4_1	4_1	0.955	0.97	0.015	1.0	knotted	knotted	True	False	False	none	0.0	1	41	0	280		0.7	True		4		legacy topology 表族 2026-09-14（eligibility/verdict/support/annotations/negatives/selection）	2026-09-21 13:26
6f2w_A	candidate	6f2w	A	6f2w_A	S		0	unresolved		0	none	unresolved	TMC	0_1	0.655	0.22	0.22	1.0	unresolved	unknotted	False	True	True	3_1	1.0	2	31;41	0	433		0.7			0		legacy topology 表族 2026-09-14（eligibility/verdict/support/annotations/negatives/selection）	2026-09-21 13:26
6f38_M	candidate	6f38	M	6f38_M	S		0	unresolved		0	none	unresolved	TMC	TMC	1.0	0	0.0	0.0	unresolved	unresolved	True	True	False	5_2	1.0	5	31;51;52;73;72	0	587		0.7			0		legacy topology 表族 2026-09-14（eligibility/verdict/support/annotations/negatives/selection）	2026-09-21 13:26
6f38_N	candidate	6f38	N	6f38_N	S		0	unresolved		0	none	unresolved	TMC	TMC	0.995	0	0.0	0.0	unresolved	unresolved	True	False	False	none	0.0	3	31;51;820	0	616		0.7			0		legacy topology 表族 2026-09-14（eligibility/verdict/support/annotations/negatives/selection）	2026-09-21 13:26
6f38_Y	candidate	6f38	Y	6f38_Y	K	1	1	eligible		0	extended	match	3_1	3_1	0.49	0.865	0.375	1.0	knotted	knotted	True	False	False	none	0.0	2	31;31	0	264		0.7	True		4		legacy topology 表族 2026-09-14（eligibility/verdict/support/annotations/negatives/selection）	2026-09-21 13:26
6f3a_M	candidate	6f3a	M	6f3a_M	S		0	unresolved		0	none	unresolved	TMC	TMC	0.975	0	0.0	0.0	unresolved	unresolved	True	True	True	0_1	1.0	2	31;51	0	587		0.7			0		legacy topology 表族 2026-09-14（eligibility/verdict/support/annotations/negatives/selection）	2026-09-21 13:26
6f3a_N	candidate	6f3a	N	6f3a_N	S		0	unresolved		0	none	unresolved	TMC	TMC	1.0	0	0.0	0.0	unresolved	unresolved	True	False	False	none	0.0	4	31;51;820;52	0	616		0.7			0		legacy topology 表族 2026-09-14（eligibility/verdict/support/annotations/negatives/selection）	2026-09-21 13:26
6f3a_Y	candidate	6f3a	Y	6f3a_Y	S		0	anomaly_wholechain_knotted		0	review	slipknot_anomaly_wholechain_knotted	0_1	3_1	0.535	0.85	0.535	1.0	unknotted	knotted	False	True	True	0_1	1.0	2	31;None	0	264		0.7			0		legacy topology 表族 2026-09-14（eligibility/verdict/support/annotations/negatives/selection）	2026-09-21 13:26
6f5p_A	candidate	6f5p	A	6f5p_A	S		0	slipknot_core_verified		0	core_type_only	slipknot_core_verified	0_1	0_1	0.885	0.885	0.885	1.0	unknotted	unknotted	True	True	True	3_1	1.0	1	31	0	708		0.7			0		legacy topology 表族 2026-09-14（eligibility/verdict/support/annotations/negatives/selection）	2026-09-21 13:26
6ff0_A	candidate	6ff0	A	6ff0_A	K	1	1	eligible		0	extended	match	3_1	3_1	0.66	0.75	0.09	1.0	knotted	knotted	True	False	False	none	0.0	1	31	0	195		0.7	True		4		legacy topology 表族 2026-09-14（eligibility/verdict/support/annotations/negatives/selection）	2026-09-21 13:26
6fhi_A	candidate	6fhi	A	6fhi_A	S		0	slipknot_core_verified		0	core_type_only	slipknot_core_verified	0_1	0_1	0.915	0.915	0.915	1.0	unknotted	unknotted	True	True	True	0_1	1.0	1	31	0	709		0.7			0		legacy topology 表族 2026-09-14（eligibility/verdict/support/annotations/negatives/selection）	2026-09-21 13:26
6fij_A	candidate	6fij	A	6fij_A	S		0	presence_unverified		0	none	slipknot_presence_unverified	0_1	0_1	0.835	0.94	0.835	1.0	unknotted	unknotted	True	False	False	none	0.0	1	31	0	1275		0.7			0		legacy topology 表族 2026-09-14（eligibility/verdict/support/annotations/negatives/selection）	2026-09-21 13:26
6fny_A	candidate	6fny	A	6fny_A	S		0	slipknot_core_verified		0	core_type_only	slipknot_core_verified	0_1	0_1	0.915	0.915	0.915	1.0	unknotted	unknotted	True	True	True	3_1	1.0	1	31	0	515		0.7			0		legacy topology 表族 2026-09-14（eligibility/verdict/support/annotations/negatives/selection）	2026-09-21 13:26
6fpz_A	candidate	6fpz	A	6fpz_A	S		0	slipknot_core_verified		0	core_type_only	slipknot_core_verified	0_1	0_1	0.79	0.79	0.79	1.0	unknotted	unknotted	True	True	True	0_1	1.0	1	31	0	598		0.7			0		legacy topology 表族 2026-09-14（eligibility/verdict/support/annotations/negatives/selection）	2026-09-21 13:26
6fwu_A	candidate	6fwu	A	6fwu_A	S		0	slipknot_core_verified		0	core_type_only	slipknot_core_verified	0_1	0_1	0.845	0.95	0.845	1.0	unknotted	unknotted	True	True	True	3_1	1.0	1	31	0	253		0.7			0		legacy topology 表族 2026-09-14（eligibility/verdict/support/annotations/negatives/selection）	2026-09-21 13:26
6g7e_B	candidate	6g7e	B	6g7e_B	S		0	slipknot_core_verified		0	core_type_only	slipknot_core_verified	0_1	0_1	0.69	0.84	0.69	1.0	unknotted	unknotted	True	True	True	0_1	1.0	1	31	0	1575		0.7			0		legacy topology 表族 2026-09-14（eligibility/verdict/support/annotations/negatives/selection）	2026-09-21 13:26
6hc7_A	candidate	6hc7	A	6hc7_A	K		0	extended		0	extended	partial_match	4_1	TMC	0.59	0.69	0.1	0.0	knotted	unresolved	False	False	False	none	0.0	1	41	0	406		0.7	True		4		legacy topology 表族 2026-09-14（eligibility/verdict/support/annotations/negatives/selection）	2026-09-21 13:26
6hhm_A	candidate	6hhm	A	6hhm_A	S		0	slipknot_core_verified		0	core_type_only	slipknot_core_verified	0_1	0_1	0.8	0.925	0.8	1.0	unknotted	unknotted	True	True	True	3_1	1.0	1	31	0	459		0.7			0		legacy topology 表族 2026-09-14（eligibility/verdict/support/annotations/negatives/selection）	2026-09-21 13:26
6hiw_DC	candidate	6hiw	DC	6hiw_DC	S		0	slipknot_core_verified		0	core_type_only	slipknot_core_verified	0_1	0_1	0.87	0.87	0.87	1.0	unknotted	unknotted	True	True	True	3_1	1.0	1	31	0	1095		0.7			0		legacy topology 表族 2026-09-14（eligibility/verdict/support/annotations/negatives/selection）	2026-09-21 13:26
6hix_BG	candidate	6hix	BG	6hix_BG	S		0	slipknot_core_verified		0	core_type_only	slipknot_core_verified	0_1	0_1	0.91	0.91	0.91	1.0	unknotted	unknotted	True	True	True	0_1	1.0	1	31	0	319		0.7			0		legacy topology 表族 2026-09-14（eligibility/verdict/support/annotations/negatives/selection）	2026-09-21 13:26
6hms_B	candidate	6hms	B	6hms_B	S		0	slipknot_core_verified		0	core_type_only	slipknot_core_verified	0_1	0_1	0.73	0.85	0.73	1.0	unknotted	unknotted	True	True	True	0_1	1.0	1	31	0	1101		0.7			0		legacy topology 表族 2026-09-14（eligibility/verdict/support/annotations/negatives/selection）	2026-09-21 13:26
6hr5_A	candidate	6hr5	A	6hr5_A	S		0	slipknot_core_verified		0	core_type_only	slipknot_core_verified	0_1	0_1	0.785	0.915	0.785	1.0	unknotted	unknotted	True	True	True	0_1	1.0	1	31	0	376		0.7			0		legacy topology 表族 2026-09-14（eligibility/verdict/support/annotations/negatives/selection）	2026-09-21 13:26
6hxh_A	candidate	6hxh	A	6hxh_A	S		0	slipknot_core_verified		0	core_type_only	slipknot_core_verified	0_1	0_1	0.715	0.885	0.715	1.0	unknotted	unknotted	True	True	True	0_1	1.0	1	31	0	1033		0.7			0		legacy topology 表族 2026-09-14（eligibility/verdict/support/annotations/negatives/selection）	2026-09-21 13:26
6i44_A	candidate	6i44	A	6i44_A	S		0	slipknot_core_verified		0	core_type_only	slipknot_core_verified	0_1	0_1	0.83	0.83	0.83	1.0	unknotted	unknotted	True	True	True	0_1	1.0	1	31	0	594		0.7			0		legacy topology 表族 2026-09-14（eligibility/verdict/support/annotations/negatives/selection）	2026-09-21 13:26
6i7s_A	candidate	6i7s	A	6i7s_A	S		0	presence_unverified		0	none	slipknot_presence_unverified	0_1	0_1	0.78	0.985	0.78	1.0	unknotted	unknotted	True	False	False	none	0.0	1	31	0	461		0.7			0		legacy topology 表族 2026-09-14（eligibility/verdict/support/annotations/negatives/selection）	2026-09-21 13:26
6i8w_A	candidate	6i8w	A	6i8w_A	S		0	slipknot_core_verified		0	core_type_only	slipknot_core_verified	0_1	0_1	0.92	0.92	0.92	1.0	unknotted	unknotted	True	True	True	0_1	1.0	1	31	0	310		0.7			0		legacy topology 表族 2026-09-14（eligibility/verdict/support/annotations/negatives/selection）	2026-09-21 13:26
6iqk_K	candidate	6iqk	K	6iqk_K	K		0	review		0	review	unresolved	TMC	TMC	0.9	0.09	0.09	0.0	unresolved	unresolved	True	False	False	none	0.0	2	31;63	0	264		0.7	False		4		legacy topology 表族 2026-09-14（eligibility/verdict/support/annotations/negatives/selection）	2026-09-21 13:26
6irs_B	candidate	6irs	B	6irs_B	S		0	slipknot_core_verified		0	core_type_only	slipknot_core_verified	0_1	0_1	0.7	0.7	0.7	1.0	unknotted	unknotted	True	True	True	4_1	1.0	2	31;41	0	457		0.7			0		legacy topology 表族 2026-09-14（eligibility/verdict/support/annotations/negatives/selection）	2026-09-21 13:26
6iva_A	candidate	6iva	A	6iva_A	S		0	slipknot_core_verified		0	core_type_only	slipknot_core_verified	0_1	0_1	0.76	0.915	0.76	1.0	unknotted	unknotted	True	True	True	0_1	1.0	1	31	0	420		0.7			0		legacy topology 表族 2026-09-14（eligibility/verdict/support/annotations/negatives/selection）	2026-09-21 13:26
6ix4_A	candidate	6ix4	A	6ix4_A	S		0	slipknot_core_verified		0	core_type_only	slipknot_core_verified	0_1	0_1	0.82	0.935	0.82	1.0	unknotted	unknotted	True	True	True	0_1	1.0	1	31	0	386		0.7			0		legacy topology 表族 2026-09-14（eligibility/verdict/support/annotations/negatives/selection）	2026-09-21 13:26
6iyc_A	candidate	6iyc	A	6iyc_A	S		0	slipknot_core_verified		0	core_type_only	slipknot_core_verified	0_1	0_1	0.925	0.925	0.925	1.0	unknotted	unknotted	True	True	True	0_1	1.0	1	31	0	667		0.7			0		legacy topology 表族 2026-09-14（eligibility/verdict/support/annotations/negatives/selection）	2026-09-21 13:26
6j66_A	candidate	6j66	A	6j66_A	S		0	slipknot_core_verified		0	core_type_only	slipknot_core_verified	0_1	0_1	0.805	0.94	0.805	1.0	unknotted	unknotted	True	True	True	3_1	1.0	1	31	0	475		0.7			0		legacy topology 表族 2026-09-14（eligibility/verdict/support/annotations/negatives/selection）	2026-09-21 13:26
6j6a_A	candidate	6j6a	A	6j6a_A	S		0	slipknot_core_verified		0	core_type_only	slipknot_core_verified	0_1	0_1	0.835	0.835	0.835	1.0	unknotted	unknotted	True	True	True	0_1	1.0	1	31	0	442		0.7			0		legacy topology 表族 2026-09-14（eligibility/verdict/support/annotations/negatives/selection）	2026-09-21 13:26
6jr9_A	candidate	6jr9	A	6jr9_A	S		0	slipknot_core_verified		0	core_type_only	slipknot_core_verified	0_1	0_1	0.765	0.975	0.765	1.0	unknotted	unknotted	True	True	True	0_1	1.0	1	31	0	269		0.7			0		legacy topology 表族 2026-09-14（eligibility/verdict/support/annotations/negatives/selection）	2026-09-21 13:26
6juy_A	candidate	6juy	A	6juy_A	K	1	1	eligible	3_1	1	eligible	match	3_1	3_1	0.72	0.77	0.05	1.0	knotted	knotted	True	False	False	none	0.0	1	31	0	639		0.7	True		4		legacy topology 表族 2026-09-14（eligibility/verdict/support/annotations/negatives/selection）	2026-09-21 13:26
6k15_I	candidate	6k15	I	6k15_I	S		0	presence_unverified		0	none	slipknot_presence_unverified	0_1	0_1	0.97	0.97	0.97	1.0	unknotted	unknotted	True	False	False	none	0.0	1	31	0	244		0.7			0		legacy topology 表族 2026-09-14（eligibility/verdict/support/annotations/negatives/selection）	2026-09-21 13:26
6k34_A	candidate	6k34	A	6k34_A	S		0	slipknot_core_verified		0	core_type_only	slipknot_core_verified	0_1	0_1	0.75	0.89	0.75	1.0	unknotted	unknotted	True	True	True	0_1	1.0	1	31	0	301		0.7			0		legacy topology 表族 2026-09-14（eligibility/verdict/support/annotations/negatives/selection）	2026-09-21 13:26
6k3c_A	candidate	6k3c	A	6k3c_A	S		0	slipknot_core_verified		0	core_type_only	slipknot_core_verified	0_1	0_1	0.79	0.925	0.79	1.0	unknotted	unknotted	True	True	True	0_1	1.0	1	31	0	388		0.7			0		legacy topology 表族 2026-09-14（eligibility/verdict/support/annotations/negatives/selection）	2026-09-21 13:26
6k4n_A	candidate	6k4n	A	6k4n_A	K	1	1	eligible	3_1	1	eligible	match	3_1	3_1	0.84	0.855	0.015	1.0	knotted	knotted	True	False	False	none	0.0	1	31	0	557		0.7	True		4		legacy topology 表族 2026-09-14（eligibility/verdict/support/annotations/negatives/selection）	2026-09-21 13:26
6khl_A	candidate	6khl	A	6khl_A	S		0	slipknot_core_verified		0	core_type_only	slipknot_core_verified	0_1	0_1	0.83	0.96	0.83	1.0	unknotted	unknotted	True	True	True	0_1	1.0	1	31	0	310		0.7			0		legacy topology 表族 2026-09-14（eligibility/verdict/support/annotations/negatives/selection）	2026-09-21 13:26
6ki1_A	candidate	6ki1	A	6ki1_A	S		0	slipknot_core_verified		0	core_type_only	slipknot_core_verified	0_1	0_1	0.435	0.59	0.435	1.0	unknotted	unknotted	True	True	True	3_1	1.0	1	31	0	385		0.7			0		legacy topology 表族 2026-09-14（eligibility/verdict/support/annotations/negatives/selection）	2026-09-21 13:26
6kku_A	candidate	6kku	A	6kku_A	S		0	slipknot_core_verified		0	core_type_only	slipknot_core_verified	0_1	0_1	0.665	0.79	0.665	1.0	unknotted	unknotted	True	True	True	0_1	1.0	2	31;41	0	537		0.7			0		legacy topology 表族 2026-09-14（eligibility/verdict/support/annotations/negatives/selection）	2026-09-21 13:26
6kle_A	candidate	6kle	A	6kle_A	S		0	presence_unverified		0	none	slipknot_presence_unverified	0_1	0_1	0.72	0.825	0.72	1.0	unknotted	unknotted	True	False	False	none	0.0	1	31	0	1592		0.7			0		legacy topology 表族 2026-09-14（eligibility/verdict/support/annotations/negatives/selection）	2026-09-21 13:26
6l7e_A	candidate	6l7e	A	6l7e_A	K	1	1	eligible		0	extended	match	3_1	5_2	0.535	0.72	0.185	1.0	knotted	knotted	True	False	False	none	0.0	1	31	0	2454		0.7	True		4		legacy topology 表族 2026-09-14（eligibility/verdict/support/annotations/negatives/selection）	2026-09-21 13:26
6l85_A	candidate	6l85	A	6l85_A	S		0	slipknot_core_verified		0	core_type_only	slipknot_core_verified	0_1	0_1	0.8	0.8	0.8	1.0	unknotted	unknotted	True	True	True	4_1	1.0	1	41	0	400		0.7			0		legacy topology 表族 2026-09-14（eligibility/verdict/support/annotations/negatives/selection）	2026-09-21 13:26
6leo_A	candidate	6leo	A	6leo_A	S		0	slipknot_core_verified		0	core_type_only	slipknot_core_verified	0_1	0_1	0.55	0.685	0.55	1.0	unknotted	unknotted	True	True	True	4_1	1.0	1	41	0	328		0.7			0		legacy topology 表族 2026-09-14（eligibility/verdict/support/annotations/negatives/selection）	2026-09-21 13:26
6lep_A	candidate	6lep	A	6lep_A	S		0	unresolved		0	none	unresolved	TMC	TMC	0.44	0.49	0.31	0.0	unresolved	unresolved	True	True	True	0_1	1.0	1	41	0	318		0.7			0		legacy topology 表族 2026-09-14（eligibility/verdict/support/annotations/negatives/selection）	2026-09-21 13:26
6lpf_A	candidate	6lpf	A	6lpf_A	S		0	presence_unverified		0	none	slipknot_presence_unverified	0_1	0_1	0.715	0.915	0.715	1.0	unknotted	unknotted	True	False	False	none	0.0	1	31	0	1002		0.7			0		legacy topology 表族 2026-09-14（eligibility/verdict/support/annotations/negatives/selection）	2026-09-21 13:26
6ltc_A	candidate	6ltc	A	6ltc_A	S		0	slipknot_core_verified		0	core_type_only	slipknot_core_verified	0_1	0_1	0.78	0.9	0.78	1.0	unknotted	unknotted	True	True	True	0_1	1.0	1	31	0	896		0.7			0		legacy topology 表族 2026-09-14（eligibility/verdict/support/annotations/negatives/selection）	2026-09-21 13:26
6lyh_A	candidate	6lyh	A	6lyh_A	S		0	slipknot_core_verified		0	core_type_only	slipknot_core_verified	0_1	0_1	0.875	0.875	0.875	1.0	unknotted	unknotted	True	True	True	0_1	1.0	1	31	0	358		0.7			0		legacy topology 表族 2026-09-14（eligibility/verdict/support/annotations/negatives/selection）	2026-09-21 13:26
6m16_A	candidate	6m16	A	6m16_A	S		0	slipknot_core_verified		0	core_type_only	slipknot_core_verified	0_1	0_1	0.845	0.845	0.845	1.0	unknotted	unknotted	True	True	True	0_1	1.0	1	31	0	965		0.7			0		legacy topology 表族 2026-09-14（eligibility/verdict/support/annotations/negatives/selection）	2026-09-21 13:26
6m1d_A	candidate	6m1d	A	6m1d_A	S		0	slipknot_core_verified		0	core_type_only	slipknot_core_verified	0_1	0_1	0.725	0.725	0.725	1.0	unknotted	unknotted	True	True	True	0_1	1.0	2	31;41	0	605		0.7			0		legacy topology 表族 2026-09-14（eligibility/verdict/support/annotations/negatives/selection）	2026-09-21 13:26
6m39_A	candidate	6m39	A	6m39_A	S		0	slipknot_core_verified		0	core_type_only	slipknot_core_verified	0_1	0_1	0.805	0.935	0.805	1.0	unknotted	unknotted	True	True	True	0_1	1.0	1	31	0	937		0.7			0		legacy topology 表族 2026-09-14（eligibility/verdict/support/annotations/negatives/selection）	2026-09-21 13:26
6m6h_A	candidate	6m6h	A	6m6h_A	K	1	1	eligible		0	extended	match	3_1	3_1	0.56	0.735	0.175	1.0	knotted	knotted	True	False	False	none	0.0	1	31	0	1319		0.7	True		4		legacy topology 表族 2026-09-14（eligibility/verdict/support/annotations/negatives/selection）	2026-09-21 13:26
6mlk_A	candidate	6mlk	A	6mlk_A	S		0	slipknot_core_verified		0	core_type_only	slipknot_core_verified	0_1	0_1	0.735	0.93	0.735	1.0	unknotted	unknotted	True	True	True	0_1	1.0	1	31	0	257		0.7			0		legacy topology 表族 2026-09-14（eligibility/verdict/support/annotations/negatives/selection）	2026-09-21 13:26
6mms_B	candidate	6mms	B	6mms_B	S		0	slipknot_core_verified		0	core_type_only	slipknot_core_verified	0_1	0_1	0.815	0.815	0.815	1.0	unknotted	unknotted	True	True	True	0_1	1.0	1	31	0	757		0.7			0		legacy topology 表族 2026-09-14（eligibility/verdict/support/annotations/negatives/selection）	2026-09-21 13:26
6mzd_F	candidate	6mzd	F	6mzd_F	K	1	1	eligible		0	extended	match	3_1	3_1	0.655	0.91	0.255	1.0	knotted	knotted	True	False	False	none	0.0	1	31	0	473		0.7	True		4		legacy topology 表族 2026-09-14（eligibility/verdict/support/annotations/negatives/selection）	2026-09-21 13:26
6n8a_A	candidate	6n8a	A	6n8a_A	K	1	1	eligible		0	extended	match	3_1	3_1	0.625	0.94	0.315	1.0	knotted	knotted	True	False	False	none	0.0	1	31	0	193		0.7	True		4		legacy topology 表族 2026-09-14（eligibility/verdict/support/annotations/negatives/selection）	2026-09-21 13:26
6nbq_F	candidate	6nbq	F	6nbq_F	K	1	1	eligible	3_1	1	eligible	match	3_1	3_1	0.87	0.88	0.01	1.0	knotted	knotted	True	False	False	none	0.0	1	31	0	582		0.7	True		4		legacy topology 表族 2026-09-14（eligibility/verdict/support/annotations/negatives/selection）	2026-09-21 13:26
6nd0_A	candidate	6nd0	A	6nd0_A	S		0	source_unpublished_review		0	review	slipknot_anomaly_wholechain_knotted	3_1	3_1	0.45	0.84	0.39	1.0	knotted	knotted	True	False	False	none	0.0	1	31	0	727	source_pub_flag=T; unpublished_source_row; our_calc=3_1@0.84	0.7			0		legacy topology 表族 2026-09-14（eligibility/verdict/support/annotations/negatives/selection）	2026-09-21 13:26
6nd4_N	candidate	6nd4	N	6nd4_N	K		0	extended		0	extended	match	3_1	3_1	0.625	0.655	0.03	1.0	knotted	knotted	True	False	False	none	0.0	1	31	0	678		0.7	True		4		legacy topology 表族 2026-09-14（eligibility/verdict/support/annotations/negatives/selection）	2026-09-21 13:26
6ndo_A	candidate	6ndo	A	6ndo_A	K	1	1	eligible	4_1	1	eligible	match	4_1	4_1	0.885	0.945	0.06	1.0	knotted	knotted	True	False	False	none	0.0	1	41	0	593		0.7	True		4		legacy topology 表族 2026-09-14（eligibility/verdict/support/annotations/negatives/selection）	2026-09-21 13:26
6nfx_A	candidate	6nfx	A	6nfx_A	S		0	presence_unverified		0	none	slipknot_presence_unverified	0_1	0_1	0.475	0.68	0.475	1.0	unknotted	unknotted	True	False	False	none	0.0	1	41	2	429		0.7			0		legacy topology 表族 2026-09-14（eligibility/verdict/support/annotations/negatives/selection）	2026-09-21 13:26
6npk_A	candidate	6npk	A	6npk_A	S		0	slipknot_core_verified		0	core_type_only	slipknot_core_verified	0_1	0_1	0.65	0.785	0.65	1.0	unknotted	unknotted	True	True	True	4_1	1.0	2	31;41	0	472		0.7			0		legacy topology 表族 2026-09-14（eligibility/verdict/support/annotations/negatives/selection）	2026-09-21 13:26
6npl_A	candidate	6npl	A	6npl_A	S		0	slipknot_core_verified		0	core_type_only	slipknot_core_verified	0_1	0_1	0.755	0.895	0.755	1.0	unknotted	unknotted	True	True	True	3_1	1.0	2	31;41	0	861		0.7			0		legacy topology 表族 2026-09-14（eligibility/verdict/support/annotations/negatives/selection）	2026-09-21 13:26
6o7a_A	candidate	6o7a	A	6o7a_A	S		0	slipknot_core_verified		0	core_type_only	slipknot_core_verified	0_1	0_1	0.715	0.89	0.715	1.0	unknotted	unknotted	True	True	True	0_1	1.0	1	31	0	506		0.7			0		legacy topology 表族 2026-09-14（eligibility/verdict/support/annotations/negatives/selection）	2026-09-21 13:26
6oaw_A	candidate	6oaw	A	6oaw_A	K	1	1	eligible	3_1	1	eligible	match	3_1	3_1	0.795	0.94	0.145	1.0	knotted	knotted	True	False	False	none	0.0	1	31	0	385		0.7	True		4		legacy topology 表族 2026-09-14（eligibility/verdict/support/annotations/negatives/selection）	2026-09-21 13:26
6odj_A	candidate	6odj	A	6odj_A	S		0	slipknot_core_verified		0	core_type_only	slipknot_core_verified	0_1	0_1	0.815	0.815	0.815	1.0	unknotted	unknotted	True	True	True	3_1	1.0	2	31;41	0	299		0.7			0		legacy topology 表族 2026-09-14（eligibility/verdict/support/annotations/negatives/selection）	2026-09-21 13:26
6p8r_A	candidate	6p8r	A	6p8r_A	S		0	slipknot_core_verified		0	core_type_only	slipknot_core_verified	0_1	0_1	0.98	0.98	0.98	1.0	unknotted	unknotted	True	True	True	3_1	1.0	1	31	0	167		0.7			0		legacy topology 表族 2026-09-14（eligibility/verdict/support/annotations/negatives/selection）	2026-09-21 13:26
6p8v_H	candidate	6p8v	H	6p8v_H	S		0	slipknot_core_verified		0	core_type_only	slipknot_core_verified	0_1	0_1	0.98	0.98	0.98	1.0	unknotted	unknotted	True	True	True	3_1	1.0	1	31	0	170		0.7			0		legacy topology 表族 2026-09-14（eligibility/verdict/support/annotations/negatives/selection）	2026-09-21 13:26
6pev_A	candidate	6pev	A	6pev_A	S		0	presence_unverified		0	none	slipknot_presence_unverified	0_1	0_1	0.83	0.83	0.83	1.0	unknotted	unknotted	True	False	False	none	0.0	1	31	0	478		0.7			0		legacy topology 表族 2026-09-14（eligibility/verdict/support/annotations/negatives/selection）	2026-09-21 13:26
6px9_A	candidate	6px9	A	6px9_A	S		0	slipknot_core_verified		0	core_type_only	slipknot_core_verified	0_1	0_1	0.825	0.825	0.825	1.0	unknotted	unknotted	True	True	True	0_1	1.0	1	31	0	209		0.7			0		legacy topology 表族 2026-09-14（eligibility/verdict/support/annotations/negatives/selection）	2026-09-21 13:26
6pzt_A	candidate	6pzt	A	6pzt_A	S		0	slipknot_core_verified		0	core_type_only	slipknot_core_verified	0_1	0_1	0.76	0.76	0.76	1.0	unknotted	unknotted	True	True	True	3_1	1.0	2	31;41	0	466		0.7			0		legacy topology 表族 2026-09-14（eligibility/verdict/support/annotations/negatives/selection）	2026-09-21 13:26
6qam_A	candidate	6qam	A	6qam_A	K	1	1	eligible	3_1	1	eligible	match	3_1	3_1	0.815	0.835	0.02	1.0	knotted	knotted	True	False	False	none	0.0	1	31	0	211		0.7	True		4		legacy topology 表族 2026-09-14（eligibility/verdict/support/annotations/negatives/selection）	2026-09-21 13:26
6qhp_B	candidate	6qhp	B	6qhp_B	S		0	slipknot_core_verified		0	core_type_only	slipknot_core_verified	0_1	0_1	0.715	0.93	0.715	1.0	unknotted	unknotted	True	True	True	0_1	1.0	1	31	0	298		0.7			0		legacy topology 表族 2026-09-14（eligibility/verdict/support/annotations/negatives/selection）	2026-09-21 13:26
6qn0_A	candidate	6qn0	A	6qn0_A	S		0	slipknot_published_closure_sensitive		0	review	slipknot_anomaly_wholechain_knotted	3_1	3_1	0.565	0.87	0.305	1.0	knotted	knotted	True	True	True	0_1	1.0	1	31	0	260	source_pub_flag=Y; published_slipknot_S31_closure_sensitive; our_calc=3_1 whole-chain c2; KnotProt Slipknot S+31 core 24-254	0.7			0		legacy topology 表族 2026-09-14（eligibility/verdict/support/annotations/negatives/selection）	2026-09-21 13:26
6qqm_A	candidate	6qqm	A	6qqm_A	K	1	1	eligible		0	extended	match	3_1	3_1	0.57	0.875	0.175	1.0	knotted	knotted	True	False	False	none	0.0	1	31	0	277		0.7	True		4		legacy topology 表族 2026-09-14（eligibility/verdict/support/annotations/negatives/selection）	2026-09-21 13:26
6qqw_A	candidate	6qqw	A	6qqw_A	K	1	1	eligible	3_1	1	eligible	match	3_1	3_1	0.845	0.855	0.01	1.0	knotted	knotted	True	False	False	none	0.0	1	31	0	212		0.7	True		4		legacy topology 表族 2026-09-14（eligibility/verdict/support/annotations/negatives/selection）	2026-09-21 13:26
6qqz_A	candidate	6qqz	A	6qqz_A	K	1	1	eligible	3_1	1	eligible	match	3_1	3_1	0.89	0.915	0.025	1.0	knotted	knotted	True	False	False	none	0.0	1	31	0	212		0.7	True		4		legacy topology 表族 2026-09-14（eligibility/verdict/support/annotations/negatives/selection）	2026-09-21 13:26
6qx9_BP	candidate	6qx9	BP	6qx9_BP	K	1	1	eligible		0	extended	match	3_1	3_1	0.68	0.82	0.035	1.0	knotted	knotted	True	False	False	none	0.0	1	31	0	100		0.7	True		4		legacy topology 表族 2026-09-14（eligibility/verdict/support/annotations/negatives/selection）	2026-09-21 13:26
6rao_I	candidate	6rao	I	6rao_I	K	1	1	eligible	3_1	1	eligible	match	3_1	3_1	0.915	0.915	0.0	1.0	knotted	knotted	True	False	False	none	0.0	1	31	0	443		0.7	True		4		legacy topology 表族 2026-09-14（eligibility/verdict/support/annotations/negatives/selection）	2026-09-21 13:26
6rbc_A	candidate	6rbc	A	6rbc_A	S		0	slipknot_core_verified		0	core_type_only	slipknot_core_verified	0_1	0_1	0.79	0.79	0.79	1.0	unknotted	unknotted	True	True	True	0_1	1.0	1	31	0	694		0.7			0		legacy topology 表族 2026-09-14（eligibility/verdict/support/annotations/negatives/selection）	2026-09-21 13:26
6rbd_k	candidate	6rbd	k	6rbd_k	S		0	slipknot_core_verified		0	core_type_only	slipknot_core_verified	0_1	0_1	0.76	0.895	0.76	1.0	unknotted	unknotted	True	True	True	0_1	1.0	2	31;52	0	605		0.7			0		legacy topology 表族 2026-09-14（eligibility/verdict/support/annotations/negatives/selection）	2026-09-21 13:26
6rtc_A	candidate	6rtc	A	6rtc_A	S		0	slipknot_core_verified		0	core_type_only	slipknot_core_verified	0_1	0_1	0.835	0.835	0.835	1.0	unknotted	unknotted	True	True	True	0_1	1.0	1	31	0	621		0.7			0		legacy topology 表族 2026-09-14（eligibility/verdict/support/annotations/negatives/selection）	2026-09-21 13:26
6rum_A	candidate	6rum	A	6rum_A	S		0	slipknot_core_verified		0	core_type_only	slipknot_core_verified	0_1	0_1	0.855	0.855	0.855	1.0	unknotted	unknotted	True	True	True	0_1	1.0	1	31	0	276		0.7			0		legacy topology 表族 2026-09-14（eligibility/verdict/support/annotations/negatives/selection）	2026-09-21 13:26
6rvx_A	candidate	6rvx	A	6rvx_A	S		0	slipknot_core_verified		0	core_type_only	slipknot_core_verified	0_1	0_1	0.855	0.855	0.855	1.0	unknotted	unknotted	True	True	True	0_1	1.0	1	31	0	430		0.7			0		legacy topology 表族 2026-09-14（eligibility/verdict/support/annotations/negatives/selection）	2026-09-21 13:26
6rwb_A	candidate	6rwb	A	6rwb_A	K	1	1	eligible		0	extended	match	3_1	3_1	0.615	0.8	0.185	1.0	knotted	knotted	True	False	False	none	0.0	1	31	0	1873		0.7	True		4		legacy topology 表族 2026-09-14（eligibility/verdict/support/annotations/negatives/selection）	2026-09-21 13:26
6s3k_A	candidate	6s3k	A	6s3k_A	S		0	slipknot_core_verified		0	core_type_only	slipknot_core_verified	0_1	0_1	0.74	0.885	0.74	1.0	unknotted	unknotted	True	True	True	0_1	1.0	2	31;41	0	573		0.7			0		legacy topology 表族 2026-09-14（eligibility/verdict/support/annotations/negatives/selection）	2026-09-21 13:26
6s3q_A	candidate	6s3q	A	6s3q_A	S		0	slipknot_core_verified		0	core_type_only	slipknot_core_verified	0_1	0_1	0.88	0.88	0.88	1.0	unknotted	unknotted	True	True	True	0_1	1.0	1	31	0	430		0.7			0		legacy topology 表族 2026-09-14（eligibility/verdict/support/annotations/negatives/selection）	2026-09-21 13:26
6s4q_A	candidate	6s4q	A	6s4q_A	K	1	1	eligible		0	extended	match	3_1	3_1	0.56	0.87	0.31	1.0	knotted	knotted	True	False	False	none	0.0	1	31	0	243		0.7	True		4		legacy topology 表族 2026-09-14（eligibility/verdict/support/annotations/negatives/selection）	2026-09-21 13:26
6s7p_A	candidate	6s7p	A	6s7p_A	K		0	extended		0	extended	match	3_1	3_1	0.64	0.685	0.045	1.0	knotted	knotted	True	False	False	none	0.0	1	31	0	1128		0.7	True		4		legacy topology 表族 2026-09-14（eligibility/verdict/support/annotations/negatives/selection）	2026-09-21 13:26
6sbl_A	candidate	6sbl	A	6sbl_A	S		0	source_unpublished_review		0	review	slipknot_anomaly_wholechain_knotted	3_1	3_1	0.485	0.91	0.3	1.0	knotted	knotted	True	True	True	3_1	1.0	1	31	0	257	source_pub_flag=T; unpublished_source_row; our_calc=3_1@0.79	0.7			0		legacy topology 表族 2026-09-14（eligibility/verdict/support/annotations/negatives/selection）	2026-09-21 13:26
6scf_A	candidate	6scf	A	6scf_A	S		0	slipknot_core_verified		0	core_type_only	slipknot_core_verified	0_1	0_1	0.68	0.88	0.68	1.0	unknotted	unknotted	True	True	True	0_1	1.0	1	31	0	113		0.7			0		legacy topology 表族 2026-09-14（eligibility/verdict/support/annotations/negatives/selection）	2026-09-21 13:26
6sg9_DH	candidate	6sg9	DH	6sg9_DH	K	1	1	eligible	3_1	1	eligible	match	3_1	3_1	0.87	0.955	0.085	1.0	knotted	knotted	True	False	False	none	0.0	1	31	0	472		0.7	True		4		legacy topology 表族 2026-09-14（eligibility/verdict/support/annotations/negatives/selection）	2026-09-21 13:26
6sga_F5	candidate	6sga	F5	6sga_F5	S		0	slipknot_core_verified		0	core_type_only	slipknot_core_verified	0_1	0_1	0.98	0.98	0.98	1.0	unknotted	unknotted	True	True	True	0_1	1.0	1	31	0	480		0.7			0		legacy topology 表族 2026-09-14（eligibility/verdict/support/annotations/negatives/selection）	2026-09-21 13:26
6sga_UY	candidate	6sga	UY	6sga_UY	K		0	extended		0	extended	match	3_1	3_1	0.475	0.575	0.1	1.0	knotted	knotted	True	False	False	none	0.0	2	31;41	0	468		0.7	True		4		legacy topology 表族 2026-09-14（eligibility/verdict/support/annotations/negatives/selection）	2026-09-21 13:26
6sgb_UY	candidate	6sgb	UY	6sgb_UY	K		0	extended		0	extended	match	3_1	3_1	0.53	0.61	0.08	1.0	knotted	knotted	True	False	False	none	0.0	2	31;41	0	468		0.7	True		4		legacy topology 表族 2026-09-14（eligibility/verdict/support/annotations/negatives/selection）	2026-09-21 13:26
6sj9_A	candidate	6sj9	A	6sj9_A	S		0	slipknot_core_verified		0	core_type_only	slipknot_core_verified	0_1	0_1	0.68	0.815	0.68	1.0	unknotted	unknotted	True	True	True	3_1	1.0	1	31	0	642		0.7			0		legacy topology 表族 2026-09-14（eligibility/verdict/support/annotations/negatives/selection）	2026-09-21 13:26
6ski_F	candidate	6ski	F	6ski_F	S		0	slipknot_core_verified		0	core_type_only	slipknot_core_verified	0_1	0_1	0.83	0.955	0.83	1.0	unknotted	unknotted	True	True	True	0_1	1.0	1	31	0	521		0.7			0		legacy topology 表族 2026-09-14（eligibility/verdict/support/annotations/negatives/selection）	2026-09-21 13:26
6skl_X	candidate	6skl	X	6skl_X	S		0	slipknot_core_verified		0	core_type_only	slipknot_core_verified	0_1	0_1	0.79	0.965	0.79	1.0	unknotted	unknotted	True	True	True	0_1	1.0	1	31	0	665		0.7			0		legacy topology 表族 2026-09-14（eligibility/verdict/support/annotations/negatives/selection）	2026-09-21 13:26
6tby_AAA	candidate	6tby	AAA	6tby_AAA	K	1	1	eligible		0	extended	match	4_1	4_1	0.575	0.77	0.195	1.0	knotted	knotted	True	False	False	none	0.0	1	41	0	320		0.7	True		4		legacy topology 表族 2026-09-14（eligibility/verdict/support/annotations/negatives/selection）	2026-09-21 13:26
6tda_L	candidate	6tda	L	6tda_L	S		0	presence_unverified		0	none	slipknot_presence_unverified	0_1	0_1	0.96	0.96	0.96	1.0	unknotted	unknotted	True	False	False	none	0.0	1	31	0	596		0.7			0		legacy topology 表族 2026-09-14（eligibility/verdict/support/annotations/negatives/selection）	2026-09-21 13:26
6tda_X	candidate	6tda	X	6tda_X	K	1	1	eligible	3_1	1	eligible	match	3_1	3_1	0.875	0.905	0.03	1.0	knotted	knotted	True	False	False	none	0.0	1	31	0	383		0.7	True		4		legacy topology 表族 2026-09-14（eligibility/verdict/support/annotations/negatives/selection）	2026-09-21 13:26
6ted_V	candidate	6ted	V	6ted_V	K	1	1	eligible	3_1	1	eligible	match	3_1	3_1	0.765	0.975	0.21	1.0	knotted	knotted	True	False	False	none	0.0	1	31	0	244		0.7	True		4		legacy topology 表族 2026-09-14（eligibility/verdict/support/annotations/negatives/selection）	2026-09-21 13:26
6tgb_A	candidate	6tgb	A	6tgb_A	S		0	slipknot_core_verified		0	core_type_only	slipknot_core_verified	0_1	0_1	0.845	0.95	0.845	1.0	unknotted	unknotted	True	True	True	0_1	1.0	2	41;31	0	1450		0.7			0		legacy topology 表族 2026-09-14（eligibility/verdict/support/annotations/negatives/selection）	2026-09-21 13:26
6tni_A	candidate	6tni	A	6tni_A	S		0	slipknot_core_verified		0	core_type_only	slipknot_core_verified	0_1	0_1	0.95	0.95	0.95	1.0	unknotted	unknotted	True	True	True	0_1	1.0	1	41	0	1067		0.7			0		legacy topology 表族 2026-09-14（eligibility/verdict/support/annotations/negatives/selection）	2026-09-21 13:26
6tr5_A	candidate	6tr5	A	6tr5_A	S		0	slipknot_core_verified		0	core_type_only	slipknot_core_verified	0_1	0_1	0.62	0.91	0.62	1.0	unknotted	unknotted	True	True	True	0_1	1.0	1	31	0	345		0.7			0		legacy topology 表族 2026-09-14（eligibility/verdict/support/annotations/negatives/selection）	2026-09-21 13:26
6u4b_A	candidate	6u4b	A	6u4b_A	S		0	slipknot_core_verified		0	core_type_only	slipknot_core_verified	0_1	0_1	0.905	0.905	0.905	1.0	unknotted	unknotted	True	True	True	0_1	1.0	1	31	0	570		0.7			0		legacy topology 表族 2026-09-14（eligibility/verdict/support/annotations/negatives/selection）	2026-09-21 13:26
6u7h_A	candidate	6u7h	A	6u7h_A	S		0	slipknot_core_verified		0	core_type_only	slipknot_core_verified	0_1	0_1	0.835	0.835	0.835	1.0	unknotted	unknotted	True	True	True	0_1	1.0	1	31	0	965		0.7			0		legacy topology 表族 2026-09-14（eligibility/verdict/support/annotations/negatives/selection）	2026-09-21 13:26
6uev_A	candidate	6uev	A	6uev_A	K	1	1	eligible	3_1	1	eligible	match	3_1	3_1	0.88	0.9	0.02	1.0	knotted	knotted	True	False	False	none	0.0	1	31	0	219		0.7	True		4		legacy topology 表族 2026-09-14（eligibility/verdict/support/annotations/negatives/selection）	2026-09-21 13:26
6uh9_A	candidate	6uh9	A	6uh9_A	S		0	slipknot_core_verified		0	core_type_only	slipknot_core_verified	0_1	0_1	0.845	0.955	0.845	1.0	unknotted	unknotted	True	True	True	0_1	1.0	1	31	0	264		0.7			0		legacy topology 表族 2026-09-14（eligibility/verdict/support/annotations/negatives/selection）	2026-09-21 13:26
6ulg_L	candidate	6ulg	L	6ulg_L	S		0	slipknot_core_verified		0	core_type_only	slipknot_core_verified	0_1	0_1	0.915	0.915	0.915	1.0	unknotted	unknotted	True	True	True	0_1	1.0	1	41	0	458		0.7			0		legacy topology 表族 2026-09-14（eligibility/verdict/support/annotations/negatives/selection）	2026-09-21 13:26
6ust_A	candidate	6ust	A	6ust_A	S		0	slipknot_core_verified		0	core_type_only	slipknot_core_verified	0_1	0_1	0.735	0.87	0.735	1.0	unknotted	unknotted	True	True	True	3_1	1.0	1	31	0	463		0.7			0		legacy topology 表族 2026-09-14（eligibility/verdict/support/annotations/negatives/selection）	2026-09-21 13:26
6v7n_A	candidate	6v7n	A	6v7n_A	S		0	slipknot_core_verified		0	core_type_only	slipknot_core_verified	0_1	0_1	0.865	0.97	0.865	1.0	unknotted	unknotted	True	True	True	0_1	1.0	1	31	0	369		0.7			0		legacy topology 表族 2026-09-14（eligibility/verdict/support/annotations/negatives/selection）	2026-09-21 13:26
6v8p_A	candidate	6v8p	A	6v8p_A	S		0	slipknot_core_verified		0	core_type_only	slipknot_core_verified	0_1	0_1	0.765	0.885	0.765	1.0	unknotted	unknotted	True	True	True	0_1	1.0	1	31	0	1190		0.7			0		legacy topology 表族 2026-09-14（eligibility/verdict/support/annotations/negatives/selection）	2026-09-21 13:26
6v8q_A	candidate	6v8q	A	6v8q_A	S		0	slipknot_core_verified		0	core_type_only	slipknot_core_verified	0_1	0_1	0.925	0.925	0.925	1.0	unknotted	unknotted	True	True	True	0_1	1.0	1	31	0	569		0.7			0		legacy topology 表族 2026-09-14（eligibility/verdict/support/annotations/negatives/selection）	2026-09-21 13:26
6vat_A	candidate	6vat	A	6vat_A	S		0	slipknot_core_verified		0	core_type_only	slipknot_core_verified	0_1	0_1	0.885	0.885	0.885	1.0	unknotted	unknotted	True	True	True	3_1	1.0	1	31	0	344		0.7			0		legacy topology 表族 2026-09-14（eligibility/verdict/support/annotations/negatives/selection）	2026-09-21 13:26
6vkm_A	candidate	6vkm	A	6vkm_A	S		0	slipknot_core_verified		0	core_type_only	slipknot_core_verified	0_1	0_1	0.78	0.895	0.78	1.0	unknotted	unknotted	True	True	True	0_1	1.0	1	31	0	353		0.7			0		legacy topology 表族 2026-09-14（eligibility/verdict/support/annotations/negatives/selection）	2026-09-21 13:26
6w1s_A	candidate	6w1s	A	6w1s_A	K	1	1	eligible	3_1	1	eligible	match	3_1	3_1	0.915	0.94	0.025	1.0	knotted	knotted	True	False	False	none	0.0	1	31	0	381		0.7	True		4		legacy topology 表族 2026-09-14（eligibility/verdict/support/annotations/negatives/selection）	2026-09-21 13:26
6w1s_L	candidate	6w1s	L	6w1s_L	K	1	1	eligible	3_1	1	eligible	match	3_1	3_1	0.98	0.99	0.01	1.0	knotted	knotted	True	False	False	none	0.0	1	31	0	524		0.7	True		4		legacy topology 表族 2026-09-14（eligibility/verdict/support/annotations/negatives/selection）	2026-09-21 13:26
6w6w_A	candidate	6w6w	A	6w6w_A	S		0	slipknot_core_verified		0	core_type_only	slipknot_core_verified	0_1	0_1	0.89	0.89	0.89	1.0	unknotted	unknotted	True	True	True	0_1	1.0	1	41	0	905		0.7			0		legacy topology 表族 2026-09-14（eligibility/verdict/support/annotations/negatives/selection）	2026-09-21 13:26
6w8r_A	candidate	6w8r	A	6w8r_A	K	1	1	eligible		0	extended	match	4_1	4_1	0.595	0.71	0.115	1.0	knotted	knotted	True	False	False	none	0.0	2	41;31	0	364		0.7	True		4		legacy topology 表族 2026-09-14（eligibility/verdict/support/annotations/negatives/selection）	2026-09-21 13:26
6wd6_8	candidate	6wd6	8	6wd6_8	K	1	1	eligible		0	extended	match	3_1	3_1	0.625	0.76	0.135	1.0	knotted	knotted	True	False	False	none	0.0	1	31	0	371		0.7	True		4		legacy topology 表族 2026-09-14（eligibility/verdict/support/annotations/negatives/selection）	2026-09-21 13:26
6wet_AaA	candidate	6wet	AaA	6wet_AaA	S		0	slipknot_core_verified		0	core_type_only	slipknot_core_verified	0_1	0_1	0.84	0.84	0.84	1.0	unknotted	unknotted	True	True	True	0_1	1.0	1	31	0	814		0.7			0		legacy topology 表族 2026-09-14（eligibility/verdict/support/annotations/negatives/selection）	2026-09-21 13:26
6wjv_A	candidate	6wjv	A	6wjv_A	K	1	1	eligible	3_1	1	eligible	match	3_1	3_1	0.78	0.8	0.02	1.0	knotted	knotted	True	False	False	none	0.0	2	820;31	0	1951		0.7	True		4		legacy topology 表族 2026-09-14（eligibility/verdict/support/annotations/negatives/selection）	2026-09-21 13:26
6wrw_A	candidate	6wrw	A	6wrw_A	S		0	slipknot_core_verified		0	core_type_only	slipknot_core_verified	0_1	0_1	0.79	0.895	0.79	1.0	unknotted	unknotted	True	True	True	0_1	1.0	1	31	0	639		0.7			0		legacy topology 表族 2026-09-14（eligibility/verdict/support/annotations/negatives/selection）	2026-09-21 13:26
6x0m_P	candidate	6x0m	P	6x0m_P	K	1	1	eligible	3_1	1	eligible	match	3_1	3_1	0.76	0.905	0.145	1.0	knotted	knotted	True	False	False	none	0.0	1	31	0	470		0.7	True		4		legacy topology 表族 2026-09-14（eligibility/verdict/support/annotations/negatives/selection）	2026-09-21 13:26
6x44_A	candidate	6x44	A	6x44_A	K	1	1	eligible	4_1	1	eligible	match	4_1	4_1	0.715	0.84	0.125	1.0	knotted	knotted	True	False	False	none	0.0	2	41;31	0	384		0.7	True		4		legacy topology 表族 2026-09-14（eligibility/verdict/support/annotations/negatives/selection）	2026-09-21 13:26
6xp5_Q	candidate	6xp5	Q	6xp5_Q	K	1	1	eligible	3_1	1	eligible	match	3_1	3_1	0.975	0.995	0.02	1.0	knotted	knotted	True	False	False	none	0.0	1	31	0	476		0.7	True		4		legacy topology 表族 2026-09-14（eligibility/verdict/support/annotations/negatives/selection）	2026-09-21 13:26
6xr4_A	candidate	6xr4	A	6xr4_A	K		0	extended		0	extended	partial_match	3_1	3_1#3_1	0.905	0.92	0.015	0.0	knotted	unresolved	False	False	False	none	0.0	1	31	0	1040		0.7	True		4		legacy topology 表族 2026-09-14（eligibility/verdict/support/annotations/negatives/selection）	2026-09-21 13:26
6y53_b	candidate	6y53	b	6y53_b	S		0	presence_unverified		0	none	slipknot_presence_unverified	0_1	0_1	0.885	0.885	0.885	1.0	unknotted	unknotted	True	False	False	none	0.0	1	31	0	166		0.7			0		legacy topology 表族 2026-09-14（eligibility/verdict/support/annotations/negatives/selection）	2026-09-21 13:26
6y5q_q	candidate	6y5q	q	6y5q_q	K	1	1	eligible	4_1	1	eligible	match	4_1	4_1	0.855	0.96	0.105	1.0	knotted	knotted	True	False	False	none	0.0	1	41	0	178		0.7	True		4		legacy topology 表族 2026-09-14（eligibility/verdict/support/annotations/negatives/selection）	2026-09-21 13:26
6y6k_A	candidate	6y6k	A	6y6k_A	S		0	slipknot_core_verified		0	core_type_only	slipknot_core_verified	0_1	0_1	0.76	0.88	0.76	1.0	unknotted	unknotted	True	True	True	0_1	1.0	2	41;31	0	1299		0.7			0		legacy topology 表族 2026-09-14（eligibility/verdict/support/annotations/negatives/selection）	2026-09-21 13:26
6y7c_i	candidate	6y7c	i	6y7c_i	K	1	1	eligible	3_1	1	eligible	match	3_1	3_1	0.87	0.955	0.085	1.0	knotted	knotted	True	False	False	none	0.0	1	31	0	261		0.7	True		4		legacy topology 表族 2026-09-14（eligibility/verdict/support/annotations/negatives/selection）	2026-09-21 13:26
6y9j_A	candidate	6y9j	A	6y9j_A	K		0	extended		0	extended	match	5_2	5_2	0.58	0.645	0.065	1.0	knotted	knotted	True	False	False	none	0.0	2	52;31	1	231		0.7	True		4		legacy topology 表族 2026-09-14（eligibility/verdict/support/annotations/negatives/selection）	2026-09-21 13:26
6yhl_A	candidate	6yhl	A	6yhl_A	S		0	slipknot_core_verified		0	core_type_only	slipknot_core_verified	0_1	0_1	0.885	0.885	0.885	1.0	unknotted	unknotted	True	True	True	3_1	1.0	1	31	0	695		0.7			0		legacy topology 表族 2026-09-14（eligibility/verdict/support/annotations/negatives/selection）	2026-09-21 13:26
6ysq_A	candidate	6ysq	A	6ysq_A	S		0	presence_unverified		0	none	slipknot_presence_unverified	0_1	0_1	0.855	0.855	0.855	1.0	unknotted	unknotted	True	False	False	none	0.0	1	31	0	651		0.7			0		legacy topology 表族 2026-09-14（eligibility/verdict/support/annotations/negatives/selection）	2026-09-21 13:26
6yt0_A	candidate	6yt0	A	6yt0_A	S		0	slipknot_core_verified		0	core_type_only	slipknot_core_verified	0_1	0_1	0.79	0.79	0.79	1.0	unknotted	unknotted	True	True	True	0_1	1.0	1	31	0	1248		0.7			0		legacy topology 表族 2026-09-14（eligibility/verdict/support/annotations/negatives/selection）	2026-09-21 13:26
6yu2_A	candidate	6yu2	A	6yu2_A	S		0	slipknot_core_verified		0	core_type_only	slipknot_core_verified	0_1	0_1	0.585	0.585	0.585	1.0	unknotted	unknotted	True	True	True	4_1	1.0	2	31;41	0	441		0.7			0		legacy topology 表族 2026-09-14（eligibility/verdict/support/annotations/negatives/selection）	2026-09-21 13:26
6yub_A	candidate	6yub	A	6yub_A	K	1	1	eligible		0	extended	match	3_1	3_1	0.69	0.88	0.19	1.0	knotted	knotted	True	False	False	none	0.0	1	31	0	423		0.7	True		4		legacy topology 表族 2026-09-14（eligibility/verdict/support/annotations/negatives/selection）	2026-09-21 13:26
6yxx_EF	candidate	6yxx	EF	6yxx_EF	K	1	1	eligible	3_1	1	eligible	match	3_1	3_1	0.775	0.85	0.075	1.0	knotted	knotted	True	False	False	none	0.0	1	31	0	297		0.7	True		4		legacy topology 表族 2026-09-14（eligibility/verdict/support/annotations/negatives/selection）	2026-09-21 13:26
6yxx_Ul	candidate	6yxx	Ul	6yxx_Ul	S		0	unresolved		0	none	unresolved	TMC	TMC	0.98	0	0.0	0.0	unresolved	unresolved	True	True	True	0_1	1.0	3	31;71;51	0	238		0.7			0		legacy topology 表族 2026-09-14（eligibility/verdict/support/annotations/negatives/selection）	2026-09-21 13:26
6yxy_UX	candidate	6yxy	UX	6yxy_UX	K	1	1	eligible	3_1	1	eligible	match	3_1	3_1	0.85	0.95	0.1	1.0	knotted	knotted	True	False	False	none	0.0	1	31	0	180		0.7	True		4		legacy topology 表族 2026-09-14（eligibility/verdict/support/annotations/negatives/selection）	2026-09-21 13:26
6yzn_A	candidate	6yzn	A	6yzn_A	S		0	source_unpublished_review		0	review	slipknot_anomaly_wholechain_knotted	3_1	3_1	0.485	0.875	0.39	1.0	knotted	knotted	True	True	True	3_1	1.0	1	31	0	257	source_pub_flag=T; unpublished_source_row; our_calc=3_1@0.83	0.7			0		legacy topology 表族 2026-09-14（eligibility/verdict/support/annotations/negatives/selection）	2026-09-21 13:26
6yzw_A	candidate	6yzw	A	6yzw_A	S		0	source_unpublished_review		0	review	slipknot_anomaly_wholechain_knotted	3_1	3_1	0.535	0.955	0.31	1.0	knotted	knotted	True	True	True	0_1	1.0	1	31	0	257	source_pub_flag=T; unpublished_source_row; our_calc=3_1@0.84	0.7			0		legacy topology 表族 2026-09-14（eligibility/verdict/support/annotations/negatives/selection）	2026-09-21 13:26
6z3w_A	candidate	6z3w	A	6z3w_A	S		0	slipknot_core_verified		0	core_type_only	slipknot_core_verified	0_1	0_1	0.63	0.92	0.63	1.0	unknotted	unknotted	True	True	True	0_1	1.0	1	31	0	760		0.7			0		legacy topology 表族 2026-09-14（eligibility/verdict/support/annotations/negatives/selection）	2026-09-21 13:26
6zbl_B	candidate	6zbl	B	6zbl_B	K	1	1	eligible	3_1	1	eligible	match	3_1	3_1	0.95	0.95	0.0	1.0	knotted	knotted	True	False	False	none	0.0	1	31	0	498		0.7	True		4		legacy topology 表族 2026-09-14（eligibility/verdict/support/annotations/negatives/selection）	2026-09-21 13:26
6zd6_A	candidate	6zd6	A	6zd6_A	S		0	source_unpublished_review		0	review	slipknot_anomaly_wholechain_knotted	3_1	3_1	0.335	0.67	0.335	1.0	knotted	knotted	True	False	False	none	0.0	1	31	0	653	source_pub_flag=T; unpublished_source_row; our_calc=3_1@0.68 t800; 0_1@mc25	0.7			0		legacy topology 表族 2026-09-14（eligibility/verdict/support/annotations/negatives/selection）	2026-09-21 13:26
6zeq_A	candidate	6zeq	A	6zeq_A	S		0	slipknot_core_verified		0	core_type_only	slipknot_core_verified	0_1	0_1	0.745	0.87	0.745	1.0	unknotted	unknotted	True	True	True	0_1	1.0	1	31	0	301		0.7			0		legacy topology 表族 2026-09-14（eligibility/verdict/support/annotations/negatives/selection）	2026-09-21 13:26
6zr9_A	candidate	6zr9	A	6zr9_A	K	1	1	eligible		0	extended	match	3_1	3_1	0.485	0.795	0.31	1.0	knotted	knotted	True	False	False	none	0.0	1	31	0	258		0.7	True		4		legacy topology 表族 2026-09-14（eligibility/verdict/support/annotations/negatives/selection）	2026-09-21 13:26
6ztz_X	candidate	6ztz	X	6ztz_X	S		0	slipknot_core_verified		0	core_type_only	slipknot_core_verified	0_1	0_1	0.66	0.93	0.66	1.0	unknotted	unknotted	True	True	True	0_1	1.0	1	31	0	365		0.7			0		legacy topology 表族 2026-09-14（eligibility/verdict/support/annotations/negatives/selection）	2026-09-21 13:26
6zxj_H	candidate	6zxj	H	6zxj_H	S		0	slipknot_core_verified		0	core_type_only	slipknot_core_verified	0_1	0_1	0.885	0.885	0.885	1.0	unknotted	unknotted	True	True	True	0_1	1.0	1	31	0	700		0.7			0		legacy topology 表族 2026-09-14（eligibility/verdict/support/annotations/negatives/selection）	2026-09-21 13:26
7a6g_A	candidate	7a6g	A	7a6g_A	S		0	slipknot_core_verified		0	core_type_only	slipknot_core_verified	0_1	0_1	0.755	0.935	0.755	1.0	unknotted	unknotted	True	True	True	0_1	1.0	1	31	0	303		0.7			0		legacy topology 表族 2026-09-14（eligibility/verdict/support/annotations/negatives/selection）	2026-09-21 13:26
7abg_s	candidate	7abg	s	7abg_s	K	1	1	eligible	5_2	1	eligible	match	5_2	5_2	0.77	0.77	0.0	1.0	knotted	knotted	True	False	False	none	0.0	3	31;52;41	0	1722		0.7	True		4		legacy topology 表族 2026-09-14（eligibility/verdict/support/annotations/negatives/selection）	2026-09-21 13:26
7aoi_XO	candidate	7aoi	XO	7aoi_XO	K	1	1	eligible	3_1	1	eligible	match	3_1	3_1	0.955	0.965	0.01	1.0	knotted	knotted	True	False	False	none	0.0	1	31	0	398		0.7	True		4		legacy topology 表族 2026-09-14（eligibility/verdict/support/annotations/negatives/selection）	2026-09-21 13:26
7aor_aa	candidate	7aor	aa	7aor_aa	S		0	slipknot_core_verified		0	core_type_only	slipknot_core_verified	0_1	0_1	0.9	0.9	0.9	1.0	unknotted	unknotted	True	True	True	0_1	1.0	1	31	0	1558		0.7			0		legacy topology 表族 2026-09-14（eligibility/verdict/support/annotations/negatives/selection）	2026-09-21 13:26
7avr_A	candidate	7avr	A	7avr_A	S		0	slipknot_core_verified		0	core_type_only	slipknot_core_verified	0_1	0_1	0.835	0.97	0.835	1.0	unknotted	unknotted	True	True	True	0_1	1.0	1	31	0	299		0.7			0		legacy topology 表族 2026-09-14（eligibility/verdict/support/annotations/negatives/selection）	2026-09-21 13:26
7b7p_A	candidate	7b7p	A	7b7p_A	S		0	slipknot_core_verified		0	core_type_only	slipknot_core_verified	0_1	0_1	0.775	0.9	0.775	1.0	unknotted	unknotted	True	True	True	0_1	1.0	1	31	0	420		0.7			0		legacy topology 表族 2026-09-14（eligibility/verdict/support/annotations/negatives/selection）	2026-09-21 13:26
7bii_A	candidate	7bii	A	7bii_A	K	1	1	eligible	3_1	1	eligible	match	3_1	3_1	0.75	0.82	0.07	1.0	knotted	knotted	True	False	False	none	0.0	1	31	0	2143		0.7	True		4		legacy topology 表族 2026-09-14（eligibility/verdict/support/annotations/negatives/selection）	2026-09-21 13:26
7bo2_A	candidate	7bo2	A	7bo2_A	S		0	slipknot_core_verified		0	core_type_only	slipknot_core_verified	0_1	0_1	0.64	0.915	0.64	1.0	unknotted	unknotted	True	True	True	0_1	1.0	1	31	0	354		0.7			0		legacy topology 表族 2026-09-14（eligibility/verdict/support/annotations/negatives/selection）	2026-09-21 13:26
7bqd_A	candidate	7bqd	A	7bqd_A	K	1	1	eligible	3_1	1	eligible	match	3_1	3_1	0.73	0.965	0.235	1.0	knotted	knotted	True	False	False	none	0.0	1	31	0	88		0.7	True		4		legacy topology 表族 2026-09-14（eligibility/verdict/support/annotations/negatives/selection）	2026-09-21 13:26
7c1x_A	candidate	7c1x	A	7c1x_A	K	1	1	eligible	3_1	1	eligible	match	3_1	3_1	0.735	0.85	0.115	1.0	knotted	knotted	True	False	False	none	0.0	1	31	0	353		0.7	True		4		legacy topology 表族 2026-09-14（eligibility/verdict/support/annotations/negatives/selection）	2026-09-21 13:26
7c1z_A	candidate	7c1z	A	7c1z_A	K	1	1	eligible	3_1	1	eligible	match	3_1	3_1	0.81	0.865	0.055	1.0	knotted	knotted	True	False	False	none	0.0	1	31	0	356		0.7	True		4		legacy topology 表族 2026-09-14（eligibility/verdict/support/annotations/negatives/selection）	2026-09-21 13:26
7c3m_A	candidate	7c3m	A	7c3m_A	S		0	slipknot_core_verified		0	core_type_only	slipknot_core_verified	0_1	0_1	0.83	0.83	0.83	1.0	unknotted	unknotted	True	True	True	0_1	1.0	1	41	0	577		0.7			0		legacy topology 表族 2026-09-14（eligibility/verdict/support/annotations/negatives/selection）	2026-09-21 13:26
7c9i_A	candidate	7c9i	A	7c9i_A	S		0	slipknot_core_verified		0	core_type_only	slipknot_core_verified	0_1	0_1	0.87	0.87	0.87	1.0	unknotted	unknotted	True	True	True	0_1	1.0	1	31	0	667		0.7			0		legacy topology 表族 2026-09-14（eligibility/verdict/support/annotations/negatives/selection）	2026-09-21 13:26
7ch1_A	candidate	7ch1	A	7ch1_A	S		0	slipknot_core_verified		0	core_type_only	slipknot_core_verified	0_1	0_1	0.775	0.775	0.775	1.0	unknotted	unknotted	True	True	True	0_1	1.0	1	31	0	640		0.7			0		legacy topology 表族 2026-09-14（eligibility/verdict/support/annotations/negatives/selection）	2026-09-21 13:26
7cn9_A	candidate	7cn9	A	7cn9_A	S		0	presence_unverified		0	none	slipknot_presence_unverified	0_1	0_1	0.83	0.945	0.83	1.0	unknotted	unknotted	True	False	False	none	0.0	1	31	0	1011		0.7			0		legacy topology 表族 2026-09-14（eligibility/verdict/support/annotations/negatives/selection）	2026-09-21 13:26
7cu3_A	candidate	7cu3	A	7cu3_A	K	1	1	eligible		0	extended	match	4_1	4_1	0.665	0.8	0.135	1.0	knotted	knotted	True	False	False	none	0.0	1	41	0	1277		0.7	True		4		legacy topology 表族 2026-09-14（eligibility/verdict/support/annotations/negatives/selection）	2026-09-21 13:26
7cwt_A	candidate	7cwt	A	7cwt_A	S		0	slipknot_core_verified		0	core_type_only	slipknot_core_verified	0_1	0_1	0.705	0.815	0.705	1.0	unknotted	unknotted	True	True	True	0_1	1.0	1	31	0	1065		0.7			0		legacy topology 表族 2026-09-14（eligibility/verdict/support/annotations/negatives/selection）	2026-09-21 13:26
7cww_A	candidate	7cww	A	7cww_A	K	1	1	eligible	3_1	1	eligible	match	3_1	3_1	0.745	0.92	0.175	1.0	knotted	knotted	True	False	False	none	0.0	1	31	0	350		0.7	True		4		legacy topology 表族 2026-09-14（eligibility/verdict/support/annotations/negatives/selection）	2026-09-21 13:26
7d5q_A	candidate	7d5q	A	7d5q_A	K		0	extended		0	extended	match	4_1	4_1	0.435	0.68	0.245	1.0	knotted	knotted	True	False	False	none	0.0	1	41	0	403		0.7	True		4		legacy topology 表族 2026-09-14（eligibility/verdict/support/annotations/negatives/selection）	2026-09-21 13:26
7dk5_A	candidate	7dk5	A	7dk5_A	S		0	slipknot_core_verified		0	core_type_only	slipknot_core_verified	0_1	0_1	0.695	0.81	0.695	1.0	unknotted	unknotted	True	True	True	0_1	1.0	1	31	0	1060		0.7			0		legacy topology 表族 2026-09-14（eligibility/verdict/support/annotations/negatives/selection）	2026-09-21 13:26
7eba_A	candidate	7eba	A	7eba_A	S		0	slipknot_core_verified		0	core_type_only	slipknot_core_verified	0_1	0_1	0.84	0.965	0.84	1.0	unknotted	unknotted	True	True	True	0_1	1.0	1	31	0	316		0.7			0		legacy topology 表族 2026-09-14（eligibility/verdict/support/annotations/negatives/selection）	2026-09-21 13:26
7fg2_A	candidate	7fg2	A	7fg2_A	S		0	slipknot_core_verified		0	core_type_only	slipknot_core_verified	0_1	0_1	0.815	0.815	0.815	1.0	unknotted	unknotted	True	True	True	0_1	1.0	1	31	0	1086		0.7			0		legacy topology 表族 2026-09-14（eligibility/verdict/support/annotations/negatives/selection）	2026-09-21 13:26
7jmn_E	candidate	7jmn	E	7jmn_E	K	1	1	eligible		0	extended	match	3_1	3_1	0.47	0.765	0.295	1.0	knotted	knotted	True	False	False	none	0.0	1	31	0	584		0.7	True		4		legacy topology 表族 2026-09-14（eligibility/verdict/support/annotations/negatives/selection）	2026-09-21 13:26
7jmn_O	candidate	7jmn	O	7jmn_O	S		0	slipknot_core_verified		0	core_type_only	slipknot_core_verified	0_1	0_1	0.74	0.88	0.74	1.0	unknotted	unknotted	True	True	True	3_1	1.0	1	31	0	164		0.7			0		legacy topology 表族 2026-09-14（eligibility/verdict/support/annotations/negatives/selection）	2026-09-21 13:26
7jnr_A	candidate	7jnr	A	7jnr_A	S		0	source_unpublished_review		0	review	slipknot_anomaly_wholechain_knotted	3_1	3_1	0.505	0.855	0.35	1.0	knotted	knotted	True	True	True	3_1	1.0	1	31	0	257	source_pub_flag=T; unpublished_source_row; our_calc=3_1@0.84	0.7			0		legacy topology 表族 2026-09-14（eligibility/verdict/support/annotations/negatives/selection）	2026-09-21 13:26
7jnw_A	candidate	7jnw	A	7jnw_A	S		0	source_unpublished_review		0	review	slipknot_anomaly_wholechain_knotted	3_1	3_1	0.535	0.81	0.275	1.0	knotted	knotted	True	True	True	3_1	1.0	1	31	0	257	source_pub_flag=T; unpublished_source_row; our_calc=3_1@0.84	0.7			0		legacy topology 表族 2026-09-14（eligibility/verdict/support/annotations/negatives/selection）	2026-09-21 13:26
7k01_7	candidate	7k01	7	7k01_7	S		0	slipknot_core_verified		0	core_type_only	slipknot_core_verified	0_1	0_1	0.66	0.865	0.66	1.0	unknotted	unknotted	True	True	True	0_1	1.0	1	31	0	634		0.7			0		legacy topology 表族 2026-09-14（eligibility/verdict/support/annotations/negatives/selection）	2026-09-21 13:26
7k1y_B	candidate	7k1y	B	7k1y_B	K	1	1	eligible	3_1	1	eligible	match	3_1	3_1	0.905	0.935	0.03	1.0	knotted	knotted	True	False	False	none	0.0	1	31	0	526		0.7	True		4		legacy topology 表族 2026-09-14（eligibility/verdict/support/annotations/negatives/selection）	2026-09-21 13:26
7k84_A	candidate	7k84	A	7k84_A	S		0	slipknot_core_verified		0	core_type_only	slipknot_core_verified	0_1	0_1	0.69	0.69	0.69	1.0	unknotted	unknotted	True	True	True	0_1	1.0	1	41	0	793		0.7			0		legacy topology 表族 2026-09-14（eligibility/verdict/support/annotations/negatives/selection）	2026-09-21 13:26
7k93_A	candidate	7k93	A	7k93_A	S		0	slipknot_core_verified		0	core_type_only	slipknot_core_verified	0_1	0_1	0.89	0.89	0.89	1.0	unknotted	unknotted	True	True	True	3_1	1.0	1	31	0	327		0.7			0		legacy topology 表族 2026-09-14（eligibility/verdict/support/annotations/negatives/selection）	2026-09-21 13:26
7kdv_B	candidate	7kdv	B	7kdv_B	S		0	slipknot_core_verified		0	core_type_only	slipknot_core_verified	0_1	0_1	0.795	0.965	0.795	1.0	unknotted	unknotted	True	True	True	0_1	1.0	1	31	0	452		0.7			0		legacy topology 表族 2026-09-14（eligibility/verdict/support/annotations/negatives/selection）	2026-09-21 13:26
7kfl_A	candidate	7kfl	A	7kfl_A	S		0	slipknot_core_verified		0	core_type_only	slipknot_core_verified	0_1	0_1	0.875	0.875	0.875	1.0	unknotted	unknotted	True	True	True	0_1	1.0	1	31	0	356		0.7			0		legacy topology 表族 2026-09-14（eligibility/verdict/support/annotations/negatives/selection）	2026-09-21 13:26
7kgv_A	candidate	7kgv	A	7kgv_A	S		0	slipknot_core_verified		0	core_type_only	slipknot_core_verified	0_1	0_1	0.355	0.655	0.355	1.0	unknotted	unknotted	True	True	True	0_1	1.0	2	31;41	0	361		0.7			0		legacy topology 表族 2026-09-14（eligibility/verdict/support/annotations/negatives/selection）	2026-09-21 13:26
7kpv_D	candidate	7kpv	D	7kpv_D	S		0	slipknot_core_verified		0	core_type_only	slipknot_core_verified	0_1	0_1	0.745	0.745	0.745	1.0	unknotted	unknotted	True	True	True	5_1	1.0	1	31	0	876		0.7			0		legacy topology 表族 2026-09-14（eligibility/verdict/support/annotations/negatives/selection）	2026-09-21 13:26
7kqr_A	candidate	7kqr	A	7kqr_A	S		0	source_unpublished_review		0	review	slipknot_anomaly_wholechain_knotted	3_1	3_1	0.42	0.735	0.315	1.0	knotted	knotted	True	True	True	3_1	1.0	1	31	0	303	source_pub_flag=T; unpublished_source_row; our_calc=3_1@0.78	0.7			0		legacy topology 表族 2026-09-14（eligibility/verdict/support/annotations/negatives/selection）	2026-09-21 13:26
7kya_A	candidate	7kya	A	7kya_A	K		0	extended		0	extended	match	5_2	5_2	0.675	0.675	0.0	1.0	knotted	knotted	True	False	False	none	0.0	2	31;52	0	1174		0.7	True		4		legacy topology 表族 2026-09-14（eligibility/verdict/support/annotations/negatives/selection）	2026-09-21 13:26
7lhv_A	candidate	7lhv	A	7lhv_A	S		0	slipknot_core_verified		0	core_type_only	slipknot_core_verified	0_1	0_1	0.815	0.815	0.815	1.0	unknotted	unknotted	True	True	True	0_1	1.0	1	31	0	575		0.7			0		legacy topology 表族 2026-09-14（eligibility/verdict/support/annotations/negatives/selection）	2026-09-21 13:26
7ljr_A	candidate	7ljr	A	7ljr_A	S		0	presence_unverified		0	none	slipknot_presence_unverified	0_1	0_1	0.84	0.84	0.84	1.0	unknotted	unknotted	True	False	False	none	0.0	1	31	0	1002		0.7			0		legacy topology 表族 2026-09-14（eligibility/verdict/support/annotations/negatives/selection）	2026-09-21 13:26
7lkf_A	candidate	7lkf	A	7lkf_A	K	1	1	eligible		0	extended	match	4_1	4_1	0.615	0.835	0.22	1.0	knotted	knotted	True	False	False	none	0.0	2	31;41	0	281		0.7	True		4		legacy topology 表族 2026-09-14（eligibility/verdict/support/annotations/negatives/selection）	2026-09-21 13:26
7lwy_A	candidate	7lwy	A	7lwy_A	S		0	slipknot_core_verified		0	core_type_only	slipknot_core_verified	0_1	0_1	0.78	0.78	0.78	1.0	unknotted	unknotted	True	True	True	0_1	1.0	1	31	0	664		0.7			0		legacy topology 表族 2026-09-14（eligibility/verdict/support/annotations/negatives/selection）	2026-09-21 13:26
7lxd_A	candidate	7lxd	A	7lxd_A	S		0	slipknot_core_verified		0	core_type_only	slipknot_core_verified	0_1	0_1	0.575	0.685	0.575	1.0	unknotted	unknotted	True	True	True	0_1	1.0	2	31;41	0	1190		0.7			0		legacy topology 表族 2026-09-14（eligibility/verdict/support/annotations/negatives/selection）	2026-09-21 13:26
7lxd_D	candidate	7lxd	D	7lxd_D	S		0	anomaly_wholechain_knotted		0	review	slipknot_anomaly_wholechain_knotted	0_1	3_1	0.54	0.89	0.54	1.0	unknotted	knotted	False	False	False	none	0.0	1	31	0	163		0.7			0		legacy topology 表族 2026-09-14（eligibility/verdict/support/annotations/negatives/selection）	2026-09-21 13:26
7lxd_F	candidate	7lxd	F	7lxd_F	K	1	1	eligible		0	extended	match	3_1	3_1	0.62	0.7	0.08	1.0	knotted	knotted	True	False	False	none	0.0	1	31	0	459		0.7	True		4		legacy topology 表族 2026-09-14（eligibility/verdict/support/annotations/negatives/selection）	2026-09-21 13:26
7m12_A	candidate	7m12	A	7m12_A	S		0	slipknot_core_verified		0	core_type_only	slipknot_core_verified	0_1	0_1	0.74	0.87	0.74	1.0	unknotted	unknotted	True	True	True	0_1	1.0	1	31	0	664		0.7			0		legacy topology 表族 2026-09-14（eligibility/verdict/support/annotations/negatives/selection）	2026-09-21 13:26
7mkl_A	candidate	7mkl	A	7mkl_A	S		0	presence_unverified		0	none	slipknot_presence_unverified	0_1	0_1	0.85	0.85	0.85	1.0	unknotted	unknotted	True	False	False	none	0.0	1	31	0	1002		0.7			0		legacy topology 表族 2026-09-14（eligibility/verdict/support/annotations/negatives/selection）	2026-09-21 13:26
7ml7_A	candidate	7ml7	A	7ml7_A	S		0	presence_unverified		0	none	slipknot_presence_unverified	0_1	0_1	0.78	0.78	0.78	1.0	unknotted	unknotted	True	False	False	none	0.0	1	31	0	1216		0.7			0		legacy topology 表族 2026-09-14（eligibility/verdict/support/annotations/negatives/selection）	2026-09-21 13:26
7mw2_A	candidate	7mw2	A	7mw2_A	S		0	presence_unverified		0	none	slipknot_presence_unverified	0_1	0_1	0.885	0.885	0.885	1.0	unknotted	unknotted	True	False	False	none	0.0	1	31	0	1004		0.7			0		legacy topology 表族 2026-09-14（eligibility/verdict/support/annotations/negatives/selection）	2026-09-21 13:26
7nh6_AAA	candidate	7nh6	AAA	7nh6_AAA	S		0	source_unpublished_review		0	review	slipknot_anomaly_wholechain_knotted	3_1	3_1	0.45	0.845	0.395	1.0	knotted	knotted	True	True	True	3_1	1.0	1	31	0	258	source_pub_flag=T; unpublished_source_row; our_calc=3_1@0.85	0.7			0		legacy topology 表族 2026-09-14（eligibility/verdict/support/annotations/negatives/selection）	2026-09-21 13:26
7nh8_AAA	candidate	7nh8	AAA	7nh8_AAA	K	1	1	eligible		0	extended	match	3_1	3_1	0.55	0.865	0.315	1.0	knotted	knotted	True	False	False	none	0.0	1	31	0	258		0.7	True		4		legacy topology 表族 2026-09-14（eligibility/verdict/support/annotations/negatives/selection）	2026-09-21 13:26
7np7_P1	candidate	7np7	P1	7np7_P1	S		0	unresolved		0	none	unresolved	TMC	TMC	0.935	0.065	0.065	0.0	unresolved	unresolved	True	True	True	4_1	1.0	2	31;41	0	444		0.7			0		legacy topology 表族 2026-09-14（eligibility/verdict/support/annotations/negatives/selection）	2026-09-21 13:26
7npr_P1	candidate	7npr	P1	7npr_P1	S		0	unresolved		0	none	unresolved	TMC	TMC	0.92	0.08	0.08	0.0	unresolved	unresolved	True	True	True	0_1	1.0	2	31;41	0	444		0.7			0		legacy topology 表族 2026-09-14（eligibility/verdict/support/annotations/negatives/selection）	2026-09-21 13:26
7ns6_I	candidate	7ns6	I	7ns6_I	S		0	slipknot_core_verified		0	core_type_only	slipknot_core_verified	0_1	0_1	0.875	0.875	0.875	1.0	unknotted	unknotted	True	True	True	0_1	1.0	1	31	0	1044		0.7			0		legacy topology 表族 2026-09-14（eligibility/verdict/support/annotations/negatives/selection）	2026-09-21 13:26
7nsg_A	candidate	7nsg	A	7nsg_A	S		0	slipknot_core_verified		0	core_type_only	slipknot_core_verified	0_1	0_1	0.87	0.87	0.87	1.0	unknotted	unknotted	True	True	True	0_1	1.0	1	31	0	430		0.7			0		legacy topology 表族 2026-09-14（eligibility/verdict/support/annotations/negatives/selection）	2026-09-21 13:26
7nt0_AAA	candidate	7nt0	AAA	7nt0_AAA	K	1	1	eligible		0	extended	match	3_1	3_1	0.64	0.85	0.21	1.0	knotted	knotted	True	False	False	none	0.0	1	31	0	169		0.7	True		4		legacy topology 表族 2026-09-14（eligibility/verdict/support/annotations/negatives/selection）	2026-09-21 13:26
7nxg_A	candidate	7nxg	A	7nxg_A	K	1	1	eligible	3_1	1	eligible	match	3_1	3_1	0.715	0.815	0.1	1.0	knotted	knotted	True	False	False	none	0.0	1	31	0	390		0.7	True		4		legacy topology 表族 2026-09-14（eligibility/verdict/support/annotations/negatives/selection）	2026-09-21 13:26
7o2w_B	candidate	7o2w	B	7o2w_B	K	1	1	eligible	3_1	1	eligible	match	3_1	3_1	0.855	0.87	0.015	1.0	knotted	knotted	True	False	False	none	0.0	1	31	0	422		0.7	True		4		legacy topology 表族 2026-09-14（eligibility/verdict/support/annotations/negatives/selection）	2026-09-21 13:26
7o4i_R	candidate	7o4i	R	7o4i_R	K	1	1	eligible	3_1	1	eligible	match	3_1	6_3	0.86	0.975	0.115	1.0	knotted	knotted	True	False	False	none	0.0	1	31	0	268		0.7	True		4		legacy topology 表族 2026-09-14（eligibility/verdict/support/annotations/negatives/selection）	2026-09-21 13:26
7oji_A	candidate	7oji	A	7oji_A	S		0	slipknot_core_verified		0	core_type_only	slipknot_core_verified	0_1	0_1	0.63	0.915	0.63	1.0	unknotted	unknotted	True	True	True	0_1	1.0	1	31	0	572		0.7			0		legacy topology 表族 2026-09-14（eligibility/verdict/support/annotations/negatives/selection）	2026-09-21 13:26
7pk3_A	candidate	7pk3	A	7pk3_A	S		0	slipknot_core_verified		0	core_type_only	slipknot_core_verified	0_1	0_1	0.63	0.94	0.63	1.0	unknotted	unknotted	True	True	True	0_1	1.0	1	31	0	350		0.7			0		legacy topology 表族 2026-09-14（eligibility/verdict/support/annotations/negatives/selection）	2026-09-21 13:26
7plf_AAA	candidate	7plf	AAA	7plf_AAA	K	1	1	eligible		0	extended	match	3_1	3_1	0.45	0.765	0.315	1.0	knotted	knotted	True	False	False	none	0.0	1	31	0	258		0.7	True		4		legacy topology 表族 2026-09-14（eligibility/verdict/support/annotations/negatives/selection）	2026-09-21 13:26
7pri_AAA	candidate	7pri	AAA	7pri_AAA	K	1	1	eligible		0	extended	match	3_1	3_1	0.54	0.83	0.29	1.0	knotted	knotted	True	False	False	none	0.0	1	31	0	277		0.7	True		4		legacy topology 表族 2026-09-14（eligibility/verdict/support/annotations/negatives/selection）	2026-09-21 13:26
7qi5_5	candidate	7qi5	5	7qi5_5	S		0	source_unpublished_review		0	review	slipknot_anomaly_wholechain_knotted	3_1	3_1	0.49	0.96	0.47	1.0	knotted	knotted	True	True	True	3_1	1.0	1	31	0	394	source_pub_flag=T; unpublished_source_row; our_calc=3_1@0.95	0.7			0		legacy topology 表族 2026-09-14（eligibility/verdict/support/annotations/negatives/selection）	2026-09-21 13:26
7qi6_5	candidate	7qi6	5	7qi6_5	K	1	1	eligible		0	extended	match	3_1	3_1	0.555	0.945	0.39	1.0	knotted	knotted	True	False	False	none	0.0	1	31	0	393		0.7	True		4		legacy topology 表族 2026-09-14（eligibility/verdict/support/annotations/negatives/selection）	2026-09-21 13:26
7qwx_A	candidate	7qwx	A	7qwx_A	S		0	anomaly_wholechain_knotted		0	review	slipknot_anomaly_wholechain_knotted	0_1	3_1	0.615	0.875	0.615	1.0	unknotted	knotted	False	True	True	0_1	1.0	1	31	0	658		0.7			0		legacy topology 表族 2026-09-14（eligibility/verdict/support/annotations/negatives/selection）	2026-09-21 13:26
7r8m_A	candidate	7r8m	A	7r8m_A	S		0	presence_unverified		0	none	slipknot_presence_unverified	0_1	0_1	0.885	0.885	0.885	1.0	unknotted	unknotted	True	False	False	none	0.0	1	31	0	968		0.7			0		legacy topology 表族 2026-09-14（eligibility/verdict/support/annotations/negatives/selection）	2026-09-21 13:26
7rig_A	candidate	7rig	A	7rig_A	S		0	slipknot_core_verified		0	core_type_only	slipknot_core_verified	0_1	0_1	0.765	0.9	0.765	1.0	unknotted	unknotted	True	True	True	0_1	1.0	1	31	0	1032		0.7			0		legacy topology 表族 2026-09-14（eligibility/verdict/support/annotations/negatives/selection）	2026-09-21 13:26
7rkz_A	candidate	7rkz	A	7rkz_A	S		0	slipknot_core_verified		0	core_type_only	slipknot_core_verified	0_1	0_1	0.815	0.815	0.815	1.0	unknotted	unknotted	True	True	True	0_1	1.0	1	31	0	1032		0.7			0		legacy topology 表族 2026-09-14（eligibility/verdict/support/annotations/negatives/selection）	2026-09-21 13:26
7s9y_A	candidate	7s9y	A	7s9y_A	K	1	1	eligible	3_1	1	eligible	match	3_1	3_1	0.74	0.74	0.0	1.0	knotted	knotted	True	False	False	none	0.0	1	31	0	901		0.7	True		4		legacy topology 表族 2026-09-14（eligibility/verdict/support/annotations/negatives/selection）	2026-09-21 13:26
7svo_A	candidate	7svo	A	7svo_A	S		0	slipknot_core_verified		0	core_type_only	slipknot_core_verified	0_1	0_1	0.765	0.89	0.765	1.0	unknotted	unknotted	True	True	True	0_1	1.0	1	31	0	848		0.7			0		legacy topology 表族 2026-09-14（eligibility/verdict/support/annotations/negatives/selection）	2026-09-21 13:26
7sx8_D	candidate	7sx8	D	7sx8_D	S		0	slipknot_core_verified		0	core_type_only	slipknot_core_verified	0_1	0_1	0.925	0.925	0.925	1.0	unknotted	unknotted	True	True	True	0_1	1.0	1	31	0	448		0.7			0		legacy topology 表族 2026-09-14（eligibility/verdict/support/annotations/negatives/selection）	2026-09-21 13:26
7t4t_A	candidate	7t4t	A	7t4t_A	S		0	presence_unverified		0	none	slipknot_presence_unverified	0_1	0_1	0.675	0.89	0.675	1.0	unknotted	unknotted	True	False	False	none	0.0	1	31	0	454		0.7			0		legacy topology 表族 2026-09-14（eligibility/verdict/support/annotations/negatives/selection）	2026-09-21 13:26
7t62_B	candidate	7t62	B	7t62_B	K	1	1	eligible	3_1	1	eligible	match	3_1	3_1	0.73	0.91	0.18	1.0	knotted	knotted	True	False	False	none	0.0	1	31	0	432		0.7	True		4		legacy topology 表族 2026-09-14（eligibility/verdict/support/annotations/negatives/selection）	2026-09-21 13:26
7tn1_A	candidate	7tn1	A	7tn1_A	S		0	slipknot_core_verified		0	core_type_only	slipknot_core_verified	0_1	0_1	0.925	0.925	0.925	1.0	unknotted	unknotted	True	True	True	0_1	1.0	1	31	0	454		0.7			0		legacy topology 表族 2026-09-14（eligibility/verdict/support/annotations/negatives/selection）	2026-09-21 13:26
7ubn_D	candidate	7ubn	D	7ubn_D	S		0	slipknot_core_verified		0	core_type_only	slipknot_core_verified	0_1	0_1	0.855	0.855	0.855	1.0	unknotted	unknotted	True	True	True	0_1	1.0	1	41	0	1327		0.7			0		legacy topology 表族 2026-09-14（eligibility/verdict/support/annotations/negatives/selection）	2026-09-21 13:26
7uow_A	candidate	7uow	A	7uow_A	S		0	slipknot_core_verified		0	core_type_only	slipknot_core_verified	0_1	0_1	0.77	0.77	0.77	1.0	unknotted	unknotted	True	True	True	0_1	1.0	1	31	0	1084		0.7			0		legacy topology 表族 2026-09-14（eligibility/verdict/support/annotations/negatives/selection）	2026-09-21 13:26
7v3u_3	candidate	7v3u	3	7v3u_3	S		0	slipknot_core_verified		0	core_type_only	slipknot_core_verified	0_1	0_1	0.8	0.945	0.8	1.0	unknotted	unknotted	True	True	True	0_1	1.0	1	31	0	637		0.7			0		legacy topology 表族 2026-09-14（eligibility/verdict/support/annotations/negatives/selection）	2026-09-21 13:26
7v73_A	candidate	7v73	A	7v73_A	S		0	slipknot_core_verified		0	core_type_only	slipknot_core_verified	0_1	0_1	0.86	0.86	0.86	1.0	unknotted	unknotted	True	True	True	0_1	1.0	1	31	0	597		0.7			0		legacy topology 表族 2026-09-14（eligibility/verdict/support/annotations/negatives/selection）	2026-09-21 13:26
7v74_A	candidate	7v74	A	7v74_A	S		0	slipknot_core_verified		0	core_type_only	slipknot_core_verified	0_1	0_1	0.845	0.845	0.845	1.0	unknotted	unknotted	True	True	True	0_1	1.0	1	31	0	597		0.7			0		legacy topology 表族 2026-09-14（eligibility/verdict/support/annotations/negatives/selection）	2026-09-21 13:26
7w8n_A	candidate	7w8n	A	7w8n_A	S		0	slipknot_core_verified		0	core_type_only	slipknot_core_verified	0_1	0_1	0.84	0.84	0.84	1.0	unknotted	unknotted	True	True	True	0_1	1.0	1	31	0	309		0.7			0		legacy topology 表族 2026-09-14（eligibility/verdict/support/annotations/negatives/selection）	2026-09-21 13:26
7waa_A	candidate	7waa	A	7waa_A	S		0	slipknot_core_verified		0	core_type_only	slipknot_core_verified	0_1	0_1	0.72	0.85	0.72	1.0	unknotted	unknotted	True	True	True	3_1	1.0	1	31	0	323		0.7			0		legacy topology 表族 2026-09-14（eligibility/verdict/support/annotations/negatives/selection）	2026-09-21 13:26
7wd7_A	candidate	7wd7	A	7wd7_A	S		0	slipknot_core_verified		0	core_type_only	slipknot_core_verified	0_1	0_1	0.785	0.785	0.785	1.0	unknotted	unknotted	True	True	True	0_1	1.0	1	31	0	1079		0.7			0		legacy topology 表族 2026-09-14（eligibility/verdict/support/annotations/negatives/selection）	2026-09-21 13:26
7wdf_A	candidate	7wdf	A	7wdf_A	S		0	slipknot_core_verified		0	core_type_only	slipknot_core_verified	0_1	0_1	0.71	0.815	0.71	1.0	unknotted	unknotted	True	True	True	0_1	1.0	1	31	0	1079		0.7			0		legacy topology 表族 2026-09-14（eligibility/verdict/support/annotations/negatives/selection）	2026-09-21 13:26
7we8_A	candidate	7we8	A	7we8_A	S		0	slipknot_core_verified		0	core_type_only	slipknot_core_verified	0_1	0_1	0.745	0.88	0.745	1.0	unknotted	unknotted	True	True	True	0_1	1.0	1	31	0	1098		0.7			0		legacy topology 表族 2026-09-14（eligibility/verdict/support/annotations/negatives/selection）	2026-09-21 13:26
7wld_G	candidate	7wld	G	7wld_G	S		0	slipknot_core_verified		0	core_type_only	slipknot_core_verified	0_1	0_1	0.9	0.9	0.9	1.0	unknotted	unknotted	True	True	True	0_1	1.0	1	31	0	583		0.7			0		legacy topology 表族 2026-09-14（eligibility/verdict/support/annotations/negatives/selection）	2026-09-21 13:26
7xch_A	candidate	7xch	A	7xch_A	S		0	slipknot_core_verified		0	core_type_only	slipknot_core_verified	0_1	0_1	0.755	0.87	0.755	1.0	unknotted	unknotted	True	True	True	0_1	1.0	1	31	0	1062		0.7			0		legacy topology 表族 2026-09-14（eligibility/verdict/support/annotations/negatives/selection）	2026-09-21 13:26
7xd2_A	candidate	7xd2	A	7xd2_A	S		0	slipknot_core_verified		0	core_type_only	slipknot_core_verified	0_1	0_1	0.82	0.82	0.82	1.0	unknotted	unknotted	True	True	True	0_1	1.0	1	31	0	1056		0.7			0		legacy topology 表族 2026-09-14（eligibility/verdict/support/annotations/negatives/selection）	2026-09-21 13:26
7y63_A	candidate	7y63	A	7y63_A	S		0	slipknot_core_verified		0	core_type_only	slipknot_core_verified	0_1	0_1	0.905	0.905	0.905	1.0	unknotted	unknotted	True	True	True	0_1	1.0	1	31	0	619		0.7			0		legacy topology 表族 2026-09-14（eligibility/verdict/support/annotations/negatives/selection）	2026-09-21 13:26
7y68_A	candidate	7y68	A	7y68_A	S		0	slipknot_core_verified		0	core_type_only	slipknot_core_verified	0_1	0_1	0.895	0.895	0.895	1.0	unknotted	unknotted	True	True	True	0_1	1.0	1	31	0	650		0.7			0		legacy topology 表族 2026-09-14（eligibility/verdict/support/annotations/negatives/selection）	2026-09-21 13:26
7y8t_A	candidate	7y8t	A	7y8t_A	S		0	presence_unverified		0	none	slipknot_presence_unverified	0_1	0_1	0.695	0.795	0.695	1.0	unknotted	unknotted	True	False	False	none	0.0	2	31;52	0	1298		0.7			0		legacy topology 表族 2026-09-14（eligibility/verdict/support/annotations/negatives/selection）	2026-09-21 13:26
7y9s_A	candidate	7y9s	A	7y9s_A	S		0	slipknot_core_verified		0	core_type_only	slipknot_core_verified	0_1	0_1	0.77	0.875	0.77	1.0	unknotted	unknotted	True	True	True	0_1	1.0	1	31	0	1041		0.7			0		legacy topology 表族 2026-09-14（eligibility/verdict/support/annotations/negatives/selection）	2026-09-21 13:26
7yvg_A	candidate	7yvg	A	7yvg_A	S		0	presence_unverified		0	none	slipknot_presence_unverified	0_1	0_1	0.86	0.86	0.86	1.0	unknotted	unknotted	True	False	False	none	0.0	1	31	0	1024		0.7			0		legacy topology 表族 2026-09-14（eligibility/verdict/support/annotations/negatives/selection）	2026-09-21 13:26
7zmd_A	candidate	7zmd	A	7zmd_A	S		0	slipknot_core_verified		0	core_type_only	slipknot_core_verified	0_1	0_1	0.685	0.865	0.685	1.0	unknotted	unknotted	True	True	True	0_1	1.0	1	31	0	596		0.7			0		legacy topology 表族 2026-09-14（eligibility/verdict/support/annotations/negatives/selection）	2026-09-21 13:26
7zu0_D	candidate	7zu0	D	7zu0_D	S		0	presence_unverified		0	none	slipknot_presence_unverified	0_1	0_1	0.78	0.9	0.78	1.0	unknotted	unknotted	True	False	False	none	0.0	1	31	0	597		0.7			0		legacy topology 表族 2026-09-14（eligibility/verdict/support/annotations/negatives/selection）	2026-09-21 13:26
8axz_A	candidate	8axz	A	8axz_A	K	1	1	eligible		0	extended	match	3_1	3_1	0.645	0.895	0.25	1.0	knotted	knotted	True	False	False	none	0.0	1	31	0	379		0.7	True		4		legacy topology 表族 2026-09-14（eligibility/verdict/support/annotations/negatives/selection）	2026-09-21 13:26
8bon_A	candidate	8bon	A	8bon_A	S		0	slipknot_core_verified		0	core_type_only	slipknot_core_verified	0_1	0_1	0.745	0.86	0.745	1.0	unknotted	unknotted	True	True	True	0_1	1.0	1	31	0	1069		0.7			0		legacy topology 表族 2026-09-14（eligibility/verdict/support/annotations/negatives/selection）	2026-09-21 13:26
8bor_A	candidate	8bor	A	8bor_A	K	1	1	eligible		0	extended	match	4_1	4_1	0.68	0.855	0.06	1.0	knotted	knotted	True	False	False	none	0.0	1	41	0	457		0.7	True		4		legacy topology 表族 2026-09-14（eligibility/verdict/support/annotations/negatives/selection）	2026-09-21 13:26
8de4_A	candidate	8de4	A	8de4_A	S		0	slipknot_core_verified		0	core_type_only	slipknot_core_verified	0_1	0_1	0.645	0.645	0.645	1.0	unknotted	unknotted	True	True	True	4_1	1.0	2	41;31	0	539		0.7			0		legacy topology 表族 2026-09-14（eligibility/verdict/support/annotations/negatives/selection）	2026-09-21 13:26
8dli_A	candidate	8dli	A	8dli_A	S		0	presence_unverified		0	none	slipknot_presence_unverified	0_1	0_1	0.745	0.845	0.745	1.0	unknotted	unknotted	True	False	False	none	0.0	1	31	0	1037		0.7			0		legacy topology 表族 2026-09-14（eligibility/verdict/support/annotations/negatives/selection）	2026-09-21 13:26
8dll_A	candidate	8dll	A	8dll_A	S		0	presence_unverified		0	none	slipknot_presence_unverified	0_1	0_1	0.76	0.76	0.76	1.0	unknotted	unknotted	True	False	False	none	0.0	1	31	0	1034		0.7			0		legacy topology 表族 2026-09-14（eligibility/verdict/support/annotations/negatives/selection）	2026-09-21 13:26
8dlp_A	candidate	8dlp	A	8dlp_A	S		0	slipknot_core_verified		0	core_type_only	slipknot_core_verified	0_1	0_1	0.695	0.8	0.695	1.0	unknotted	unknotted	True	True	True	0_1	1.0	1	31	0	1040		0.7			0		legacy topology 表族 2026-09-14（eligibility/verdict/support/annotations/negatives/selection）	2026-09-21 13:26
8dlt_A	candidate	8dlt	A	8dlt_A	S		0	presence_unverified		0	none	slipknot_presence_unverified	0_1	0_1	0.73	0.83	0.73	1.0	unknotted	unknotted	True	False	False	none	0.0	1	31	0	1040		0.7			0		legacy topology 表族 2026-09-14（eligibility/verdict/support/annotations/negatives/selection）	2026-09-21 13:26
8dlu_A	candidate	8dlu	A	8dlu_A	S		0	presence_unverified		0	none	slipknot_presence_unverified	0_1	0_1	0.76	0.88	0.76	1.0	unknotted	unknotted	True	False	False	none	0.0	1	31	0	1040		0.7			0		legacy topology 表族 2026-09-14（eligibility/verdict/support/annotations/negatives/selection）	2026-09-21 13:26
8dlz_A	candidate	8dlz	A	8dlz_A	S		0	presence_unverified		0	none	slipknot_presence_unverified	0_1	0_1	0.68	0.825	0.68	1.0	unknotted	unknotted	True	False	False	none	0.0	1	31	0	840		0.7			0		legacy topology 表族 2026-09-14（eligibility/verdict/support/annotations/negatives/selection）	2026-09-21 13:26
8epn_A	candidate	8epn	A	8epn_A	S		0	presence_unverified		0	none	slipknot_presence_unverified	0_1	0_1	0.855	0.855	0.855	1.0	unknotted	unknotted	True	False	False	none	0.0	1	31	0	997		0.7			0		legacy topology 表族 2026-09-14（eligibility/verdict/support/annotations/negatives/selection）	2026-09-21 13:26
8epp_A	candidate	8epp	A	8epp_A	S		0	presence_unverified		0	none	slipknot_presence_unverified	0_1	0_1	0.855	0.855	0.855	1.0	unknotted	unknotted	True	False	False	none	0.0	1	31	0	1009		0.7			0		legacy topology 表族 2026-09-14（eligibility/verdict/support/annotations/negatives/selection）	2026-09-21 13:26
8fmx_A	candidate	8fmx	A	8fmx_A	S		0	slipknot_core_verified		0	core_type_only	slipknot_core_verified	0_1	0_1	0.9	0.9	0.9	1.0	unknotted	unknotted	True	True	True	3_1	1.0	1	31	0	445		0.7			0		legacy topology 表族 2026-09-14（eligibility/verdict/support/annotations/negatives/selection）	2026-09-21 13:26
8h69_A	candidate	8h69	A	8h69_A	S		0	slipknot_core_verified		0	core_type_only	slipknot_core_verified	0_1	0_1	0.86	0.97	0.86	1.0	unknotted	unknotted	True	True	True	3_1	1.0	1	31	0	716		0.7			0		legacy topology 表族 2026-09-14（eligibility/verdict/support/annotations/negatives/selection）	2026-09-21 13:26
13rtA	negative	13rt	A	13rtA	N	0	1	verified_negative		0	not_applicable	verified_negative					0.875		unknotted	unknotted								0	167				3m9s_M(391)			legacy topology 表族 2026-09-14（eligibility/verdict/support/annotations/negatives/selection）	2026-09-21 13:26
1a6gA	negative	1a6g	A	1a6gA	N	0	1	verified_negative		0	not_applicable	verified_negative					0.955		unknotted	unknotted								0	151				3mlg_A(161)			legacy topology 表族 2026-09-14（eligibility/verdict/support/annotations/negatives/selection）	2026-09-21 13:26
1a6nA	negative	1a6n	A	1a6nA	N	0	1	verified_negative		0	not_applicable	verified_negative					0.96		unknotted	unknotted								0	151				3mlg_A(161)			legacy topology 表族 2026-09-14（eligibility/verdict/support/annotations/negatives/selection）	2026-09-21 13:26
1a7sA	negative	1a7s	A	1a7sA	N	0	1	verified_negative		0	not_applicable	verified_negative					0.785		unknotted	unknotted								0	221				6zr9_A(258)			legacy topology 表族 2026-09-14（eligibility/verdict/support/annotations/negatives/selection）	2026-09-21 13:26
1ammA	negative	1amm	A	1ammA	N	0	1	verified_negative		0	not_applicable	verified_negative					0.9		unknotted	unknotted								0	174				2o3a_A(161)			legacy topology 表族 2026-09-14（eligibility/verdict/support/annotations/negatives/selection）	2026-09-21 13:26
1bs9A	negative	1bs9	A	1bs9A	N	0	1	verified_negative		0	not_applicable	verified_negative					0.87		unknotted	unknotted								0	207				4j3c_A(232)			legacy topology 表族 2026-09-14（eligibility/verdict/support/annotations/negatives/selection）	2026-09-21 13:26
1bxoA	negative	1bxo	A	1bxoA	N	0	1	verified_negative		0	not_applicable	verified_negative					0.795		unknotted	unknotted								0	323				7c1x_A(353)			legacy topology 表族 2026-09-14（eligibility/verdict/support/annotations/negatives/selection）	2026-09-21 13:26
1bzpA	negative	1bzp	A	1bzpA	N	0	1	verified_negative		0	not_applicable	verified_negative					0.94		unknotted	unknotted								0	153				3mlg_A(161)			legacy topology 表族 2026-09-14（eligibility/verdict/support/annotations/negatives/selection）	2026-09-21 13:26
1bzrA	negative	1bzr	A	1bzrA	N	0	1	verified_negative		0	not_applicable	verified_negative					0.955		unknotted	unknotted								0	153				7nt0_AAA(169)			legacy topology 表族 2026-09-14（eligibility/verdict/support/annotations/negatives/selection）	2026-09-21 13:26
1c0pA	negative	1c0p	A	1c0pA	N	0	1	verified_negative		0	not_applicable	verified_negative					0.825		unknotted	unknotted								0	363				4l7i_A(404)			legacy topology 表族 2026-09-14（eligibility/verdict/support/annotations/negatives/selection）	2026-09-21 13:26
1c5eA	negative	1c5e	A	1c5eA	N	0	1	verified_negative		0	not_applicable	verified_negative					0.955		unknotted	unknotted								0	95				6y7c_i(261)			legacy topology 表族 2026-09-14（eligibility/verdict/support/annotations/negatives/selection）	2026-09-21 13:26
1c7kA	negative	1c7k	A	1c7kA	N	0	1	verified_negative		0	not_applicable	verified_negative					0.785		unknotted	unknotted								0	132				4chj_A(124)			legacy topology 表族 2026-09-14（eligibility/verdict/support/annotations/negatives/selection）	2026-09-21 13:26
1cxqA	negative	1cxq	A	1cxqA	N	0	1	verified_negative		0	not_applicable	verified_negative					0.9		unknotted	unknotted								0	143				4cng_A(156)			legacy topology 表族 2026-09-14（eligibility/verdict/support/annotations/negatives/selection）	2026-09-21 13:26
1czbA	negative	1czb	A	1czbA	N	0	1	verified_negative		0	not_applicable	verified_negative					0.91		unknotted	unknotted								0	141				1j85_A(156)			legacy topology 表族 2026-09-14（eligibility/verdict/support/annotations/negatives/selection）	2026-09-21 13:26
1czpA	negative	1czp	A	1czpA	N	0	1	verified_negative		0	not_applicable	verified_negative					0.905		unknotted	unknotted								0	98				3dcm_X(188)			legacy topology 表族 2026-09-14（eligibility/verdict/support/annotations/negatives/selection）	2026-09-21 13:26
1d2uA	negative	1d2u	A	1d2uA	N	0	1	verified_negative		0	not_applicable	verified_negative					0.705		unknotted	unknotted								0	184				5c77_A(203)			legacy topology 表族 2026-09-14（eligibility/verdict/support/annotations/negatives/selection）	2026-09-21 13:26
1e4mM	negative	1e4m	M	1e4mM	N	0	1	verified_negative		0	not_applicable	verified_negative					0.71		unknotted	unknotted								0	499				7k1y_B(526)			legacy topology 表族 2026-09-14（eligibility/verdict/support/annotations/negatives/selection）	2026-09-21 13:26
1ea7A	negative	1ea7	A	1ea7A	N	0	1	verified_negative		0	not_applicable	verified_negative					0.815		unknotted	unknotted								0	310				4ux8_C(284)			legacy topology 表族 2026-09-14（eligibility/verdict/support/annotations/negatives/selection）	2026-09-21 13:26
1ehdA	negative	1ehd	A	1ehdA	N	0	1	verified_negative		0	not_applicable	verified_negative					0.965		unknotted	unknotted								0	89				5zya_D(85)			legacy topology 表族 2026-09-14（eligibility/verdict/support/annotations/negatives/selection）	2026-09-21 13:26
1eytA	negative	1eyt	A	1eytA	N	0	1	verified_negative		0	not_applicable	verified_negative					0.915		unknotted	unknotted								0	83				5zya_D(85)			legacy topology 表族 2026-09-14（eligibility/verdict/support/annotations/negatives/selection）	2026-09-21 13:26
1g2yA	negative	1g2y	A	1g2yA	N	0	1	verified_negative		0	not_applicable	verified_negative					0.995		unknotted	unknotted								0	31				4chj_A(124)			legacy topology 表族 2026-09-14（eligibility/verdict/support/annotations/negatives/selection）	2026-09-21 13:26
1g66A	negative	1g66	A	1g66A	N	0	1	verified_negative		0	not_applicable	verified_negative					0.875		unknotted	unknotted								0	207				6ted_V(244)			legacy topology 表族 2026-09-14（eligibility/verdict/support/annotations/negatives/selection）	2026-09-21 13:26
1g8tA	negative	1g8t	A	1g8tA	N	0	1	verified_negative		0	not_applicable	verified_negative					0.92		unknotted	unknotted								0	241				1yrl_A(487)			legacy topology 表族 2026-09-14（eligibility/verdict/support/annotations/negatives/selection）	2026-09-21 13:26
1g9oA	negative	1g9o	A	1g9oA	N	0	1	verified_negative		0	not_applicable	verified_negative					0.88		unknotted	unknotted								0	91				5zya_D(85)			legacy topology 表族 2026-09-14（eligibility/verdict/support/annotations/negatives/selection）	2026-09-21 13:26
1gkmB	negative	1gkm	B	1gkmB	N	0	1	verified_negative		0	not_applicable	verified_negative					0.805		unknotted	unknotted								1	506				6mzd_F(473)			legacy topology 表族 2026-09-14（eligibility/verdict/support/annotations/negatives/selection）	2026-09-21 13:26
1gokA	negative	1gok	A	1gokA	N	0	1	verified_negative		0	not_applicable	verified_negative					0.86		unknotted	unknotted								0	302				6iqk_K(264)			legacy topology 表族 2026-09-14（eligibility/verdict/support/annotations/negatives/selection）	2026-09-21 13:26
1gpiA	negative	1gpi	A	1gpiA	N	0	1	verified_negative		0	not_applicable	verified_negative					0.685		unknotted	unknotted								0	431				3fr7_A(495)			legacy topology 表族 2026-09-14（eligibility/verdict/support/annotations/negatives/selection）	2026-09-21 13:26
1gvtA	negative	1gvt	A	1gvtA	N	0	1	verified_negative		0	not_applicable	verified_negative					0.79		unknotted	unknotted								0	329				1w5c_X(359);6w1s_A(381)			legacy topology 表族 2026-09-14（eligibility/verdict/support/annotations/negatives/selection）	2026-09-21 13:26
1gvwA	negative	1gvw	A	1gvwA	N	0	1	verified_negative		0	not_applicable	verified_negative					0.78		unknotted	unknotted								0	329				1yh1_A(334);7cww_A(350)			legacy topology 表族 2026-09-14（eligibility/verdict/support/annotations/negatives/selection）	2026-09-21 13:26
1gxmA	negative	1gxm	A	1gxmA	N	0	1	verified_negative		0	not_applicable	verified_negative					0.745		unknotted	unknotted								0	324				3mt5_A(593)			legacy topology 表族 2026-09-14（eligibility/verdict/support/annotations/negatives/selection）	2026-09-21 13:26
1h12A	negative	1h12	A	1h12A	N	0	1	verified_negative		0	not_applicable	verified_negative					0.705		unknotted	unknotted								0	404				4l7i_A(404)			legacy topology 表族 2026-09-14（eligibility/verdict/support/annotations/negatives/selection）	2026-09-21 13:26
1h1nA	negative	1h1n	A	1h1nA	N	0	1	verified_negative		0	not_applicable	verified_negative					0.7		unknotted	unknotted								0	305				6nbq_F(582)			legacy topology 表族 2026-09-14（eligibility/verdict/support/annotations/negatives/selection）	2026-09-21 13:26
1h4aX	negative	1h4a	X	1h4aX	N	0	1	verified_negative		0	not_applicable	verified_negative					0.9		unknotted	unknotted								0	173				5c77_A(203)			legacy topology 表族 2026-09-14（eligibility/verdict/support/annotations/negatives/selection）	2026-09-21 13:26
1h4gA	negative	1h4g	A	1h4gA	N	0	1	verified_negative		0	not_applicable	verified_negative					0.905		unknotted	unknotted								0	206				6x0m_P(470)			legacy topology 表族 2026-09-14（eligibility/verdict/support/annotations/negatives/selection）	2026-09-21 13:26
1h4xA	negative	1h4x	A	1h4xA	N	0	1	verified_negative		0	not_applicable	verified_negative					0.91		unknotted	unknotted								0	111				3o7b_A(216)			legacy topology 表族 2026-09-14（eligibility/verdict/support/annotations/negatives/selection）	2026-09-21 13:26
1hdoA	negative	1hdo	A	1hdoA	N	0	1	verified_negative		0	not_applicable	verified_negative					0.875		unknotted	unknotted								0	205				5c77_A(203)			legacy topology 表族 2026-09-14（eligibility/verdict/support/annotations/negatives/selection）	2026-09-21 13:26
1hj5A	negative	1hj5	A	1hj5A	N	0	1	verified_negative		0	not_applicable	verified_negative					0.83		unknotted	unknotted								0	559				5aor_A(1009)			legacy topology 表族 2026-09-14（eligibility/verdict/support/annotations/negatives/selection）	2026-09-21 13:26
1hj8A	negative	1hj8	A	1hj8A	N	0	1	verified_negative		0	not_applicable	verified_negative					0.785		unknotted	unknotted								0	222				3iqk_A(257)			legacy topology 表族 2026-09-14（eligibility/verdict/support/annotations/negatives/selection）	2026-09-21 13:26
1hxkA	negative	1hxk	A	1hxkA	N	0	1	verified_negative		0	not_applicable	verified_negative					0.565		unknotted	unknotted								0	1014				7kya_A(1174)			legacy topology 表族 2026-09-14（eligibility/verdict/support/annotations/negatives/selection）	2026-09-21 13:26
1i12A	negative	1i12	A	1i12A	N	0	1	verified_negative		0	not_applicable	verified_negative					0.96		unknotted	unknotted								0	154				4gw9_A(628)			legacy topology 表族 2026-09-14（eligibility/verdict/support/annotations/negatives/selection）	2026-09-21 13:26
1i1wA	negative	1i1w	A	1i1wA	N	0	1	verified_negative		0	not_applicable	verified_negative					0.875		unknotted	unknotted								0	303				3sig_A(265)			legacy topology 表族 2026-09-14（eligibility/verdict/support/annotations/negatives/selection）	2026-09-21 13:26
1i1xA	negative	1i1x	A	1i1xA	N	0	1	verified_negative		0	not_applicable	verified_negative					0.81		unknotted	unknotted								0	302				3ed7_A(284);6f38_Y(264)			legacy topology 表族 2026-09-14（eligibility/verdict/support/annotations/negatives/selection）	2026-09-21 13:26
1i24A	negative	1i24	A	1i24A	N	0	1	verified_negative		0	not_applicable	verified_negative					0.805		unknotted	unknotted								0	392				4l7i_A(404)			legacy topology 表族 2026-09-14（eligibility/verdict/support/annotations/negatives/selection）	2026-09-21 13:26
1ig5A	negative	1ig5	A	1ig5A	N	0	1	verified_negative		0	not_applicable	verified_negative					0.97		unknotted	unknotted								0	75				5zya_D(85)			legacy topology 表族 2026-09-14（eligibility/verdict/support/annotations/negatives/selection）	2026-09-21 13:26
1inlA	negative	1inl	A	1inlA	N	0	1	verified_negative		0	not_applicable	verified_negative					0.955		unknotted	unknotted								0	285				7kya_A(1174)			legacy topology 表族 2026-09-14（eligibility/verdict/support/annotations/negatives/selection）	2026-09-21 13:26
1is9A	negative	1is9	A	1is9A	N	0	1	verified_negative		0	not_applicable	verified_negative					0.865		unknotted	unknotted								0	358				4ce4_z(426);7nxg_A(390)			legacy topology 表族 2026-09-14（eligibility/verdict/support/annotations/negatives/selection）	2026-09-21 13:26
1itxA	negative	1itx	A	1itxA	N	0	1	verified_negative		0	not_applicable	verified_negative					0.77		unknotted	unknotted								0	419				6x0m_P(470)			legacy topology 表族 2026-09-14（eligibility/verdict/support/annotations/negatives/selection）	2026-09-21 13:26
1iv3A	negative	1iv3	A	1iv3A	N	0	1	verified_negative		0	not_applicable	verified_negative					0.92		unknotted	unknotted								0	150				7s9y_A(901)			legacy topology 表族 2026-09-14（eligibility/verdict/support/annotations/negatives/selection）	2026-09-21 13:26
1ixhA	negative	1ixh	A	1ixhA	N	0	1	verified_negative		0	not_applicable	verified_negative					0.825		unknotted	unknotted								0	321				1w5c_X(359)			legacy topology 表族 2026-09-14（eligibility/verdict/support/annotations/negatives/selection）	2026-09-21 13:26
1jbeA	negative	1jbe	A	1jbeA	N	0	1	verified_negative		0	not_applicable	verified_negative					0.875		unknotted	unknotted								0	128				5ap8_A(151)			legacy topology 表族 2026-09-14（eligibility/verdict/support/annotations/negatives/selection）	2026-09-21 13:26
1jcjA	negative	1jcj	A	1jcjA	N	0	1	verified_negative		0	not_applicable	verified_negative					0.795		unknotted	unknotted								0	252				6w1s_L(524)			legacy topology 表族 2026-09-14（eligibility/verdict/support/annotations/negatives/selection）	2026-09-21 13:26
1jf8A	negative	1jf8	A	1jf8A	N	0	1	verified_negative		0	not_applicable	verified_negative					0.88		unknotted	unknotted								0	130				1ml5_m(117)			legacy topology 表族 2026-09-14（eligibility/verdict/support/annotations/negatives/selection）	2026-09-21 13:26
1jfbA	negative	1jfb	A	1jfbA	N	0	1	verified_negative		0	not_applicable	verified_negative					0.885		unknotted	unknotted								0	399				6mzd_F(473)			legacy topology 表族 2026-09-14（eligibility/verdict/support/annotations/negatives/selection）	2026-09-21 13:26
1jfcA	negative	1jfc	A	1jfcA	N	0	1	verified_negative		0	not_applicable	verified_negative					0.855		unknotted	unknotted								0	399				4kpp_A(395)			legacy topology 表族 2026-09-14（eligibility/verdict/support/annotations/negatives/selection）	2026-09-21 13:26
1jgmA	negative	1jgm	A	1jgmA	N	0	1	verified_negative		0	not_applicable	verified_negative					0.785		unknotted	unknotted								0	333				4gw9_A(628)			legacy topology 表族 2026-09-14（eligibility/verdict/support/annotations/negatives/selection）	2026-09-21 13:26
1jk3A	negative	1jk3	A	1jk3A	N	0	1	verified_negative		0	not_applicable	verified_negative					0.845		unknotted	unknotted								0	158				3l8u_A(154)			legacy topology 表族 2026-09-14（eligibility/verdict/support/annotations/negatives/selection）	2026-09-21 13:26
1jm1A	negative	1jm1	A	1jm1A	N	0	1	verified_negative		0	not_applicable	verified_negative					0.845		unknotted	unknotted								0	202				3cwo_X(236)			legacy topology 表族 2026-09-14（eligibility/verdict/support/annotations/negatives/selection）	2026-09-21 13:26
1jseA	negative	1jse	A	1jseA	N	0	1	verified_negative		0	not_applicable	verified_negative					0.895		unknotted	unknotted								0	129				1ml5_m(117)			legacy topology 表族 2026-09-14（eligibility/verdict/support/annotations/negatives/selection）	2026-09-21 13:26
1jsfA	negative	1jsf	A	1jsfA	N	0	1	verified_negative		0	not_applicable	verified_negative					0.88		unknotted	unknotted								0	130				2ofz_A(132)			legacy topology 表族 2026-09-14（eligibility/verdict/support/annotations/negatives/selection）	2026-09-21 13:26
1ju2A	negative	1ju2	A	1ju2A	N	0	1	verified_negative		0	not_applicable	verified_negative					0.655		unknotted	unknotted								0	521				6xr4_A(1040)			legacy topology 表族 2026-09-14（eligibility/verdict/support/annotations/negatives/selection）	2026-09-21 13:26
1k1eA	negative	1k1e	A	1k1eA	N	0	1	verified_negative		0	not_applicable	verified_negative					0.8		unknotted	unknotted								0	177				6wjv_A(1951)			legacy topology 表族 2026-09-14（eligibility/verdict/support/annotations/negatives/selection）	2026-09-21 13:26
1k4iA	negative	1k4i	A	1k4iA	N	0	1	verified_negative		0	not_applicable	verified_negative					0.75		unknotted	unknotted								0	216				3ilk_A(239)			legacy topology 表族 2026-09-14（eligibility/verdict/support/annotations/negatives/selection）	2026-09-21 13:26
1k4pA	negative	1k4p	A	1k4pA	N	0	1	verified_negative		0	not_applicable	verified_negative					0.84		unknotted	unknotted								0	216				3iqk_A(257)			legacy topology 表族 2026-09-14（eligibility/verdict/support/annotations/negatives/selection）	2026-09-21 13:26
1k7cA	negative	1k7c	A	1k7cA	N	0	1	verified_negative		0	not_applicable	verified_negative					0.89		unknotted	unknotted								0	233				6zr9_A(258)			legacy topology 表族 2026-09-14（eligibility/verdict/support/annotations/negatives/selection）	2026-09-21 13:26
1kb0A	negative	1kb0	A	1kb0A	N	0	1	verified_negative		0	not_applicable	verified_negative					0.67		unknotted	unknotted								0	670				3oc3_A(752)			legacy topology 表族 2026-09-14（eligibility/verdict/support/annotations/negatives/selection）	2026-09-21 13:26
1kccA	negative	1kcc	A	1kccA	N	0	1	verified_negative		0	not_applicable	verified_negative					0.96		unknotted	unknotted								0	333				1yh1_A(334)			legacy topology 表族 2026-09-14（eligibility/verdict/support/annotations/negatives/selection）	2026-09-21 13:26
1kkoA	negative	1kko	A	1kkoA	N	0	1	verified_negative		0	not_applicable	verified_negative					0.87		unknotted	unknotted								0	411				5a1x_G(813)			legacy topology 表族 2026-09-14（eligibility/verdict/support/annotations/negatives/selection）	2026-09-21 13:26
1kngA	negative	1kng	A	1kngA	N	0	1	verified_negative		0	not_applicable	verified_negative					0.905		unknotted	unknotted								0	144				5apg_A(184)			legacy topology 表族 2026-09-14（eligibility/verdict/support/annotations/negatives/selection）	2026-09-21 13:26
1kouA	negative	1kou	A	1kouA	N	0	1	verified_negative		0	not_applicable	verified_negative					0.9		unknotted	unknotted								1	119				2pps_F(130)			legacy topology 表族 2026-09-14（eligibility/verdict/support/annotations/negatives/selection）	2026-09-21 13:26
1kqpA	negative	1kqp	A	1kqpA	N	0	1	verified_negative		0	not_applicable	verified_negative					0.835		unknotted	unknotted								0	271				4wkk_A(488)			legacy topology 表族 2026-09-14（eligibility/verdict/support/annotations/negatives/selection）	2026-09-21 13:26
1kwfA	negative	1kwf	A	1kwfA	N	0	1	verified_negative		0	not_applicable	verified_negative					0.815		unknotted	unknotted								0	363				8axz_A(379)			legacy topology 表族 2026-09-14（eligibility/verdict/support/annotations/negatives/selection）	2026-09-21 13:26
1luqA	negative	1luq	A	1luqA	N	0	1	verified_negative		0	not_applicable	verified_negative					0.95		unknotted	unknotted								0	119				3ihr_A(282)			legacy topology 表族 2026-09-14（eligibility/verdict/support/annotations/negatives/selection）	2026-09-21 13:26
1m15A	negative	1m15	A	1m15A	N	0	1	verified_negative		0	not_applicable	verified_negative					0.885		unknotted	unknotted								0	356				6hc7_A(406)			legacy topology 表族 2026-09-14（eligibility/verdict/support/annotations/negatives/selection）	2026-09-21 13:26
1m2dA	negative	1m2d	A	1m2dA	N	0	1	verified_negative		0	not_applicable	verified_negative					0.935		unknotted	unknotted								0	101				5a7z_A(250)			legacy topology 表族 2026-09-14（eligibility/verdict/support/annotations/negatives/selection）	2026-09-21 13:26
1m5eA	negative	1m5e	A	1m5eA	N	0	1	verified_negative		0	not_applicable	verified_negative					0.765		unknotted	unknotted								0	258				1m1x_A(927)			legacy topology 表族 2026-09-14（eligibility/verdict/support/annotations/negatives/selection）	2026-09-21 13:26
1mfmA	negative	1mfm	A	1mfmA	N	0	1	verified_negative		0	not_applicable	verified_negative					0.87		unknotted	unknotted								0	153				4cng_A(156)			legacy topology 表族 2026-09-14（eligibility/verdict/support/annotations/negatives/selection）	2026-09-21 13:26
1mj5A	negative	1mj5	A	1mj5A	N	0	1	verified_negative		0	not_applicable	verified_negative					0.865		unknotted	unknotted								0	297				7c1x_A(353)			legacy topology 表族 2026-09-14（eligibility/verdict/support/annotations/negatives/selection）	2026-09-21 13:26
1mn8A	negative	1mn8	A	1mn8A	N	0	1	verified_negative		0	not_applicable	verified_negative					0.98		unknotted	unknotted								0	95				6wd6_8(371)			legacy topology 表族 2026-09-14（eligibility/verdict/support/annotations/negatives/selection）	2026-09-21 13:26
1mnzA	negative	1mnz	A	1mnzA	N	0	1	verified_negative		0	not_applicable	verified_negative					0.92		unknotted	unknotted								0	387				1fug_A(383);6w8r_A(364)			legacy topology 表族 2026-09-14（eligibility/verdict/support/annotations/negatives/selection）	2026-09-21 13:26
1mqdA	negative	1mqd	A	1mqdA	N	0	1	verified_negative		0	not_applicable	verified_negative					0.7		unknotted	unknotted								0	258				1m1x_A(927)			legacy topology 表族 2026-09-14（eligibility/verdict/support/annotations/negatives/selection）	2026-09-21 13:26
1muwA	negative	1muw	A	1muwA	N	0	1	verified_negative		0	not_applicable	verified_negative					0.825		unknotted	unknotted								0	386				6tda_X(383)			legacy topology 表族 2026-09-14（eligibility/verdict/support/annotations/negatives/selection）	2026-09-21 13:26
1n3lA	negative	1n3l	A	1n3lA	N	0	1	verified_negative		0	not_applicable	verified_negative					0.865		unknotted	unknotted								0	332				7o2w_B(422)			legacy topology 表族 2026-09-14（eligibility/verdict/support/annotations/negatives/selection）	2026-09-21 13:26
1n40A	negative	1n40	A	1n40A	N	0	1	verified_negative		0	not_applicable	verified_negative					0.92		unknotted	unknotted								0	394				7aoi_XO(398)			legacy topology 表族 2026-09-14（eligibility/verdict/support/annotations/negatives/selection）	2026-09-21 13:26
1n4vA	negative	1n4v	A	1n4vA	N	0	1	verified_negative		0	not_applicable	verified_negative					0.74		unknotted	unknotted								0	498				6mzd_F(473)			legacy topology 表族 2026-09-14（eligibility/verdict/support/annotations/negatives/selection）	2026-09-21 13:26
1n9bA	negative	1n9b	A	1n9bA	N	0	1	verified_negative		0	not_applicable	verified_negative					0.81		unknotted	unknotted								0	265				3gyq_A(261)			legacy topology 表族 2026-09-14（eligibility/verdict/support/annotations/negatives/selection）	2026-09-21 13:26
1nlsA	negative	1nls	A	1nlsA	N	0	1	verified_negative		0	not_applicable	verified_negative					0.855		unknotted	unknotted								0	237				1eku_A(252)			legacy topology 表族 2026-09-14（eligibility/verdict/support/annotations/negatives/selection）	2026-09-21 13:26
1nnfA	negative	1nnf	A	1nnfA	N	0	1	verified_negative		0	not_applicable	verified_negative					0.65		unknotted	unknotted								0	308				6f1y_f(280)			legacy topology 表族 2026-09-14（eligibility/verdict/support/annotations/negatives/selection）	2026-09-21 13:26
1nqjA	negative	1nqj	A	1nqjA	N	0	1	verified_negative		0	not_applicable	verified_negative					0.955		unknotted	unknotted								1	96				3iqk_A(257)			legacy topology 表族 2026-09-14（eligibility/verdict/support/annotations/negatives/selection）	2026-09-21 13:26
1o5xA	negative	1o5x	A	1o5xA	N	0	1	verified_negative		0	not_applicable	verified_negative					0.605		unknotted	unknotted								0	246				6w1s_L(524)			legacy topology 表族 2026-09-14（eligibility/verdict/support/annotations/negatives/selection）	2026-09-21 13:26
1o7qA	negative	1o7q	A	1o7qA	N	0	1	verified_negative		0	not_applicable	verified_negative					0.795		unknotted	unknotted								0	287				4gw9_A(628)			legacy topology 表族 2026-09-14（eligibility/verdict/support/annotations/negatives/selection）	2026-09-21 13:26
1o7tA	negative	1o7t	A	1o7tA	N	0	1	verified_negative		0	not_applicable	verified_negative					0.775		unknotted	unknotted								0	309				1vw1_A(2490)			legacy topology 表族 2026-09-14（eligibility/verdict/support/annotations/negatives/selection）	2026-09-21 13:26
1o8bA	negative	1o8b	A	1o8bA	N	0	1	verified_negative		0	not_applicable	verified_negative					0.905		unknotted	unknotted								0	168				6sgb_UY(468)			legacy topology 表族 2026-09-14（eligibility/verdict/support/annotations/negatives/selection）	2026-09-21 13:26
1odvA	negative	1odv	A	1odvA	N	0	1	verified_negative		0	not_applicable	verified_negative					0.925		unknotted	unknotted								0	100				4jwh_A(185)			legacy topology 表族 2026-09-14（eligibility/verdict/support/annotations/negatives/selection）	2026-09-21 13:26
1oe1A	negative	1oe1	A	1oe1A	N	0	1	verified_negative		0	not_applicable	verified_negative					0.89		unknotted	unknotted								0	336				1o6l_A(317)			legacy topology 表族 2026-09-14（eligibility/verdict/support/annotations/negatives/selection）	2026-09-21 13:26
1oh0A	negative	1oh0	A	1oh0A	N	0	1	verified_negative		0	not_applicable	verified_negative					0.935		unknotted	unknotted								0	125				6f1y_f(280)			legacy topology 表族 2026-09-14（eligibility/verdict/support/annotations/negatives/selection）	2026-09-21 13:26
1ongA	negative	1ong	A	1ongA	N	0	1	verified_negative		0	not_applicable	verified_negative					0.79		unknotted	unknotted								0	265				6f1y_f(280)			legacy topology 表族 2026-09-14（eligibility/verdict/support/annotations/negatives/selection）	2026-09-21 13:26
1oqvA	negative	1oqv	A	1oqvA	N	0	1	verified_negative		0	not_applicable	verified_negative					0.895		unknotted	unknotted								0	171				4gw9_A(628)			legacy topology 表族 2026-09-14（eligibility/verdict/support/annotations/negatives/selection）	2026-09-21 13:26
1ousA	negative	1ous	A	1ousA	N	0	1	verified_negative		0	not_applicable	verified_negative					0.895		unknotted	unknotted								0	113				6hc7_A(406)			legacy topology 表族 2026-09-14（eligibility/verdict/support/annotations/negatives/selection）	2026-09-21 13:26
1oxcA	negative	1oxc	A	1oxcA	N	0	1	verified_negative		0	not_applicable	verified_negative					0.935		unknotted	unknotted								0	114				6hc7_A(406)			legacy topology 表族 2026-09-14（eligibility/verdict/support/annotations/negatives/selection）	2026-09-21 13:26
1oxdA	negative	1oxd	A	1oxdA	N	0	1	verified_negative		0	not_applicable	verified_negative					0.945		unknotted	unknotted								1	226				5c77_A(203)			legacy topology 表族 2026-09-14（eligibility/verdict/support/annotations/negatives/selection）	2026-09-21 13:26
1p1xA	negative	1p1x	A	1p1xA	N	0	1	verified_negative		0	not_applicable	verified_negative					0.765		unknotted	unknotted								0	250				8bor_A(457)			legacy topology 表族 2026-09-14（eligibility/verdict/support/annotations/negatives/selection）	2026-09-21 13:26
1pwlA	negative	1pwl	A	1pwlA	N	0	1	verified_negative		0	not_applicable	verified_negative					0.725		unknotted	unknotted								0	316				6f1y_f(280)			legacy topology 表族 2026-09-14（eligibility/verdict/support/annotations/negatives/selection）	2026-09-21 13:26
1pwmA	negative	1pwm	A	1pwmA	N	0	1	verified_negative		0	not_applicable	verified_negative					0.675		unknotted	unknotted								0	316				3v5u_A(297)			legacy topology 表族 2026-09-14（eligibility/verdict/support/annotations/negatives/selection）	2026-09-21 13:26
1q5mA	negative	1q5m	A	1q5mA	N	0	1	verified_negative		0	not_applicable	verified_negative					0.74		unknotted	unknotted								0	322				3mt5_A(593)			legacy topology 表族 2026-09-14（eligibility/verdict/support/annotations/negatives/selection）	2026-09-21 13:26
1q6oA	negative	1q6o	A	1q6oA	N	0	1	verified_negative		0	not_applicable	verified_negative					0.785		unknotted	unknotted								0	213				5ikj_A(448)			legacy topology 表族 2026-09-14（eligibility/verdict/support/annotations/negatives/selection）	2026-09-21 13:26
1q6zA	negative	1q6z	A	1q6zA	N	0	1	verified_negative		0	not_applicable	verified_negative					0.87		unknotted	unknotted								0	524				6mzd_F(473)			legacy topology 表族 2026-09-14（eligibility/verdict/support/annotations/negatives/selection）	2026-09-21 13:26
1qksA	negative	1qks	A	1qksA	N	0	1	verified_negative		0	not_applicable	verified_negative					0.815		unknotted	unknotted								0	559				5mqn_A(1038)			legacy topology 表族 2026-09-14（eligibility/verdict/support/annotations/negatives/selection）	2026-09-21 13:26
1ql0A	negative	1ql0	A	1ql0A	N	0	1	verified_negative		0	not_applicable	verified_negative					0.905		unknotted	unknotted								0	241				6x0m_P(470)			legacy topology 表族 2026-09-14（eligibility/verdict/support/annotations/negatives/selection）	2026-09-21 13:26
1qtwA	negative	1qtw	A	1qtwA	N	0	1	verified_negative		0	not_applicable	verified_negative					0.725		unknotted	unknotted								0	285				3bjx_A(311)			legacy topology 表族 2026-09-14（eligibility/verdict/support/annotations/negatives/selection）	2026-09-21 13:26
1ra0A	negative	1ra0	A	1ra0A	N	0	1	verified_negative		0	not_applicable	verified_negative					0.81		unknotted	unknotted								0	423				2vea_A(500)			legacy topology 表族 2026-09-14（eligibility/verdict/support/annotations/negatives/selection）	2026-09-21 13:26
1rwaA	negative	1rwa	A	1rwaA	N	0	1	verified_negative		0	not_applicable	verified_negative					0.845		unknotted	unknotted								0	754				5u76_A(878)			legacy topology 表族 2026-09-14（eligibility/verdict/support/annotations/negatives/selection）	2026-09-21 13:26
1s0qA	negative	1s0q	A	1s0qA	N	0	1	verified_negative		0	not_applicable	verified_negative					0.73		unknotted	unknotted								0	223				4cru_A(242)			legacy topology 表族 2026-09-14（eligibility/verdict/support/annotations/negatives/selection）	2026-09-21 13:26
1s0rA	negative	1s0r	A	1s0rA	N	0	1	verified_negative		0	not_applicable	verified_negative					0.8		unknotted	unknotted								0	223				4cru_A(242)			legacy topology 表族 2026-09-14（eligibility/verdict/support/annotations/negatives/selection）	2026-09-21 13:26
1s5mA	negative	1s5m	A	1s5mA	N	0	1	verified_negative		0	not_applicable	verified_negative					0.86		unknotted	unknotted								0	386				2r6e_A(387);6w1s_A(381)			legacy topology 表族 2026-09-14（eligibility/verdict/support/annotations/negatives/selection）	2026-09-21 13:26
1s5nA	negative	1s5n	A	1s5nA	N	0	1	verified_negative		0	not_applicable	verified_negative					0.865		unknotted	unknotted								0	386				7c1x_A(353)			legacy topology 表族 2026-09-14（eligibility/verdict/support/annotations/negatives/selection）	2026-09-21 13:26
1sauA	negative	1sau	A	1sauA	N	0	1	verified_negative		0	not_applicable	verified_negative					0.955		unknotted	unknotted								0	114				1ml5_m(117)			legacy topology 表族 2026-09-14（eligibility/verdict/support/annotations/negatives/selection）	2026-09-21 13:26
1sbyA	negative	1sby	A	1sbyA	N	0	1	verified_negative		0	not_applicable	verified_negative					0.895		unknotted	unknotted								0	254				6x0m_P(470)			legacy topology 表族 2026-09-14（eligibility/verdict/support/annotations/negatives/selection）	2026-09-21 13:26
1senA	negative	1sen	A	1senA	N	0	1	verified_negative		0	not_applicable	verified_negative					0.73		unknotted	unknotted								0	134				2o3a_A(161)			legacy topology 表族 2026-09-14（eligibility/verdict/support/annotations/negatives/selection）	2026-09-21 13:26
1sfsA	negative	1sfs	A	1sfsA	N	0	1	verified_negative		0	not_applicable	verified_negative					0.825		unknotted	unknotted								0	213				4h6v_A(272)			legacy topology 表族 2026-09-14（eligibility/verdict/support/annotations/negatives/selection）	2026-09-21 13:26
1sg4A	negative	1sg4	A	1sg4A	N	0	1	verified_negative		0	not_applicable	verified_negative					0.95		unknotted	unknotted								0	249				5u76_A(878)			legacy topology 表族 2026-09-14（eligibility/verdict/support/annotations/negatives/selection）	2026-09-21 13:26
1sjmA	negative	1sjm	A	1sjmA	N	0	1	verified_negative		0	not_applicable	verified_negative					0.93		unknotted	unknotted								0	335				1gku_B(1011)			legacy topology 表族 2026-09-14（eligibility/verdict/support/annotations/negatives/selection）	2026-09-21 13:26
1sl9A	negative	1sl9	A	1sl9A	N	0	1	verified_negative		0	not_applicable	verified_negative					0.915		unknotted	unknotted								0	186				3dcm_X(188)			legacy topology 表族 2026-09-14（eligibility/verdict/support/annotations/negatives/selection）	2026-09-21 13:26
1soaA	negative	1soa	A	1soaA	N	0	1	verified_negative		0	not_applicable	verified_negative					0.935		unknotted	unknotted								0	187				1t0h_B(187)			legacy topology 表族 2026-09-14（eligibility/verdict/support/annotations/negatives/selection）	2026-09-21 13:26
1su7A	negative	1su7	A	1su7A	N	0	1	verified_negative		0	not_applicable	verified_negative					0.79		unknotted	unknotted								0	633				6nbq_F(582)			legacy topology 表族 2026-09-14（eligibility/verdict/support/annotations/negatives/selection）	2026-09-21 13:26
1swyA	negative	1swy	A	1swyA	N	0	1	verified_negative		0	not_applicable	verified_negative					0.92		unknotted	unknotted								0	164				1j85_A(156)			legacy topology 表族 2026-09-14（eligibility/verdict/support/annotations/negatives/selection）	2026-09-21 13:26
1swzA	negative	1swz	A	1swzA	N	0	1	verified_negative		0	not_applicable	verified_negative					0.955		unknotted	unknotted								0	164				1j85_A(156)			legacy topology 表族 2026-09-14（eligibility/verdict/support/annotations/negatives/selection）	2026-09-21 13:26
1sx2A	negative	1sx2	A	1sx2A	N	0	1	verified_negative		0	not_applicable	verified_negative					0.935		unknotted	unknotted								0	164				1j85_A(156)			legacy topology 表族 2026-09-14（eligibility/verdict/support/annotations/negatives/selection）	2026-09-21 13:26
1sxxA	negative	1sxx	A	1sxxA	N	0	1	verified_negative		0	not_applicable	verified_negative					0.68		unknotted	unknotted								0	184				2v3j_A(217)			legacy topology 表族 2026-09-14（eligibility/verdict/support/annotations/negatives/selection）	2026-09-21 13:26
1sxyA	negative	1sxy	A	1sxyA	N	0	1	verified_negative		0	not_applicable	verified_negative					0.73		unknotted	unknotted								0	184				4fmw_A(178)			legacy topology 表族 2026-09-14（eligibility/verdict/support/annotations/negatives/selection）	2026-09-21 13:26
1sy1A	negative	1sy1	A	1sy1A	N	0	1	verified_negative		0	not_applicable	verified_negative					0.715		unknotted	unknotted								0	184				2v3j_A(217)			legacy topology 表族 2026-09-14（eligibility/verdict/support/annotations/negatives/selection）	2026-09-21 13:26
1t1eA	negative	1t1e	A	1t1eA	N	0	1	verified_negative		0	not_applicable	verified_negative					0.81		unknotted	unknotted								0	534				4wz7_A(628)			legacy topology 表族 2026-09-14（eligibility/verdict/support/annotations/negatives/selection）	2026-09-21 13:26
1t3rA	negative	1t3r	A	1t3rA	N	0	1	verified_negative		0	not_applicable	verified_negative					0.895		unknotted	unknotted								0	99				1t0h_B(187)			legacy topology 表族 2026-09-14（eligibility/verdict/support/annotations/negatives/selection）	2026-09-21 13:26
1t3yA	negative	1t3y	A	1t3yA	N	0	1	verified_negative		0	not_applicable	verified_negative					0.98		unknotted	unknotted								0	131				2ofz_A(132)			legacy topology 表族 2026-09-14（eligibility/verdict/support/annotations/negatives/selection）	2026-09-21 13:26
1tjmA	negative	1tjm	A	1tjmA	N	0	1	verified_negative		0	not_applicable	verified_negative					0.865		unknotted	unknotted								0	156				5gmk_Q(185)			legacy topology 表族 2026-09-14（eligibility/verdict/support/annotations/negatives/selection）	2026-09-21 13:26
1tqgA	negative	1tqg	A	1tqgA	N	0	1	verified_negative		0	not_applicable	verified_negative					0.98		unknotted	unknotted								0	105				2rh3_A(121)			legacy topology 表族 2026-09-14（eligibility/verdict/support/annotations/negatives/selection）	2026-09-21 13:26
1twyA	negative	1twy	A	1twyA	N	0	1	verified_negative		0	not_applicable	verified_negative					0.72		unknotted	unknotted								0	249				1vw1_A(2490)			legacy topology 表族 2026-09-14（eligibility/verdict/support/annotations/negatives/selection）	2026-09-21 13:26
1u07A	negative	1u07	A	1u07A	N	0	1	verified_negative		0	not_applicable	verified_negative					0.97		unknotted	unknotted								0	90				2ha8_A(159)			legacy topology 表族 2026-09-14（eligibility/verdict/support/annotations/negatives/selection）	2026-09-21 13:26
1ub3A	negative	1ub3	A	1ub3A	N	0	1	verified_negative		0	not_applicable	verified_negative					0.66		unknotted	unknotted								0	211				1gku_B(1011)			legacy topology 表族 2026-09-14（eligibility/verdict/support/annotations/negatives/selection）	2026-09-21 13:26
1ug6A	negative	1ug6	A	1ug6A	N	0	1	verified_negative		0	not_applicable	verified_negative					0.705		unknotted	unknotted								0	426				1fug_A(383)			legacy topology 表族 2026-09-14（eligibility/verdict/support/annotations/negatives/selection）	2026-09-21 13:26
1unqA	negative	1unq	A	1unqA	N	0	1	verified_negative		0	not_applicable	verified_negative					0.97		unknotted	unknotted								0	117				2rh3_A(121)			legacy topology 表族 2026-09-14（eligibility/verdict/support/annotations/negatives/selection）	2026-09-21 13:26
1us0A	negative	1us0	A	1us0A	N	0	1	verified_negative		0	not_applicable	verified_negative					0.705		unknotted	unknotted								0	313				1by7_A(354)			legacy topology 表族 2026-09-14（eligibility/verdict/support/annotations/negatives/selection）	2026-09-21 13:26
1uzbA	negative	1uzb	A	1uzbA	N	0	1	verified_negative		0	not_applicable	verified_negative					0.84		unknotted	unknotted								0	516				1gku_B(1011)			legacy topology 表族 2026-09-14（eligibility/verdict/support/annotations/negatives/selection）	2026-09-21 13:26
1v0kA	negative	1v0k	A	1v0kA	N	0	1	verified_negative		0	not_applicable	verified_negative					0.795		unknotted	unknotted								0	301				4kjr_A(325)			legacy topology 表族 2026-09-14（eligibility/verdict/support/annotations/negatives/selection）	2026-09-21 13:26
1v0lA	negative	1v0l	A	1v0lA	N	0	1	verified_negative		0	not_applicable	verified_negative					0.81		unknotted	unknotted								0	302				7c1z_A(356)			legacy topology 表族 2026-09-14（eligibility/verdict/support/annotations/negatives/selection）	2026-09-21 13:26
1v0mA	negative	1v0m	A	1v0mA	N	0	1	verified_negative		0	not_applicable	verified_negative					0.79		unknotted	unknotted								0	302				4h6v_A(272)			legacy topology 表族 2026-09-14（eligibility/verdict/support/annotations/negatives/selection）	2026-09-21 13:26
1v30A	negative	1v30	A	1v30A	N	0	1	verified_negative		0	not_applicable	verified_negative					0.885		unknotted	unknotted								0	118				4lrv_A(107)			legacy topology 表族 2026-09-14（eligibility/verdict/support/annotations/negatives/selection）	2026-09-21 13:26
1v7tA	negative	1v7t	A	1v7tA	N	0	1	verified_negative		0	not_applicable	verified_negative					0.935		unknotted	unknotted								0	129				3eet_A(245)			legacy topology 表族 2026-09-14（eligibility/verdict/support/annotations/negatives/selection）	2026-09-21 13:26
1v8hA	negative	1v8h	A	1v8hA	N	0	1	verified_negative		0	not_applicable	verified_negative					0.97		unknotted	unknotted								0	106				1t0h_B(187)			legacy topology 表族 2026-09-14（eligibility/verdict/support/annotations/negatives/selection）	2026-09-21 13:26
1ve4A	negative	1ve4	A	1ve4A	N	0	1	verified_negative		0	not_applicable	verified_negative					0.745		unknotted	unknotted								0	201				1t0h_B(187)			legacy topology 表族 2026-09-14（eligibility/verdict/support/annotations/negatives/selection）	2026-09-21 13:26
1vjuA	negative	1vju	A	1vjuA	N	0	1	verified_negative		0	not_applicable	verified_negative					0.845		unknotted	unknotted								0	291				6juy_A(639)			legacy topology 表族 2026-09-14（eligibility/verdict/support/annotations/negatives/selection）	2026-09-21 13:26
1w0nA	negative	1w0n	A	1w0nA	N	0	1	verified_negative		0	not_applicable	verified_negative					0.83		unknotted	unknotted								0	120				3gbn_L(151)			legacy topology 表族 2026-09-14（eligibility/verdict/support/annotations/negatives/selection）	2026-09-21 13:26
1w3lA	negative	1w3l	A	1w3lA	N	0	1	verified_negative		0	not_applicable	verified_negative					0.755		unknotted	unknotted								0	300				1o6l_A(317)			legacy topology 表族 2026-09-14（eligibility/verdict/support/annotations/negatives/selection）	2026-09-21 13:26
1w66A	negative	1w66	A	1w66A	N	0	1	verified_negative		0	not_applicable	verified_negative					0.855		unknotted	unknotted								0	218				1k3r_A(262)			legacy topology 表族 2026-09-14（eligibility/verdict/support/annotations/negatives/selection）	2026-09-21 13:26
1w7cA	negative	1w7c	A	1w7cA	N	0	1	verified_negative		0	not_applicable	verified_negative					0.7		unknotted	unknotted								0	737				4ye9_A(709)			legacy topology 表族 2026-09-14（eligibility/verdict/support/annotations/negatives/selection）	2026-09-21 13:26
1w7rA	negative	1w7r	A	1w7rA	N	0	1	verified_negative		0	not_applicable	verified_negative					0.99		unknotted	unknotted								0	13				4lrv_A(107)			legacy topology 表族 2026-09-14（eligibility/verdict/support/annotations/negatives/selection）	2026-09-21 13:26
1wbiA	negative	1wbi	A	1wbiA	N	0	1	verified_negative		0	not_applicable	verified_negative					0.96		unknotted	unknotted								0	123				1gku_B(1011)			legacy topology 表族 2026-09-14（eligibility/verdict/support/annotations/negatives/selection）	2026-09-21 13:26
1wr5A	negative	1wr5	A	1wr5A	N	0	1	verified_negative		0	not_applicable	verified_negative					0.985		unknotted	unknotted								0	108				4lrv_A(107)			legacy topology 表族 2026-09-14（eligibility/verdict/support/annotations/negatives/selection）	2026-09-21 13:26
1wtnA	negative	1wtn	A	1wtnA	N	0	1	verified_negative		0	not_applicable	verified_negative					0.86		unknotted	unknotted								0	129				1s1h_I(139)			legacy topology 表族 2026-09-14（eligibility/verdict/support/annotations/negatives/selection）	2026-09-21 13:26
1x8nA	negative	1x8n	A	1x8nA	N	0	1	verified_negative		0	not_applicable	verified_negative					0.69		unknotted	unknotted								0	184				6qam_A(211)			legacy topology 表族 2026-09-14（eligibility/verdict/support/annotations/negatives/selection）	2026-09-21 13:26
1x8oA	negative	1x8o	A	1x8oA	N	0	1	verified_negative		0	not_applicable	verified_negative					0.715		unknotted	unknotted								0	184				4wz7_E(195)			legacy topology 表族 2026-09-14（eligibility/verdict/support/annotations/negatives/selection）	2026-09-21 13:26
1x8pA	negative	1x8p	A	1x8pA	N	0	1	verified_negative		0	not_applicable	verified_negative					0.795		unknotted	unknotted								0	184				1v2x_A(191)			legacy topology 表族 2026-09-14（eligibility/verdict/support/annotations/negatives/selection）	2026-09-21 13:26
1x8qA	negative	1x8q	A	1x8qA	N	0	1	verified_negative		0	not_applicable	verified_negative					0.725		unknotted	unknotted								0	184				1v2x_A(191)			legacy topology 表族 2026-09-14（eligibility/verdict/support/annotations/negatives/selection）	2026-09-21 13:26
1xszA	negative	1xsz	A	1xszA	N	0	1	verified_negative		0	not_applicable	verified_negative					0.945		unknotted	unknotted								0	356				6bwi_A(816)			legacy topology 表族 2026-09-14（eligibility/verdict/support/annotations/negatives/selection）	2026-09-21 13:26
1xt5A	negative	1xt5	A	1xt5A	N	0	1	verified_negative		0	not_applicable	verified_negative					0.935		unknotted	unknotted								0	135				2ofz_A(132)			legacy topology 表族 2026-09-14（eligibility/verdict/support/annotations/negatives/selection）	2026-09-21 13:26
1y55X	negative	1y55	X	1y55X	N	0	1	verified_negative		0	not_applicable	verified_negative					0.925		unknotted	unknotted								0	120				3iqk_A(257)			legacy topology 表族 2026-09-14（eligibility/verdict/support/annotations/negatives/selection）	2026-09-21 13:26
1yljA	negative	1ylj	A	1yljA	N	0	1	verified_negative		0	not_applicable	verified_negative					0.835		unknotted	unknotted								0	263				3ilk_A(239)			legacy topology 表族 2026-09-14（eligibility/verdict/support/annotations/negatives/selection）	2026-09-21 13:26
1ylyA	negative	1yly	A	1ylyA	N	0	1	verified_negative		0	not_applicable	verified_negative					0.74		unknotted	unknotted								0	263				6sgb_UY(468)			legacy topology 表族 2026-09-14（eligibility/verdict/support/annotations/negatives/selection）	2026-09-21 13:26
1ym1A	negative	1ym1	A	1ym1A	N	0	1	verified_negative		0	not_applicable	verified_negative					0.84		unknotted	unknotted								0	263				2vea_A(500)			legacy topology 表族 2026-09-14（eligibility/verdict/support/annotations/negatives/selection）	2026-09-21 13:26
1ynoA	negative	1yno	A	1ynoA	N	0	1	verified_negative		0	not_applicable	verified_negative					0.785		unknotted	unknotted								0	524				5xzs_A(619)			legacy topology 表族 2026-09-14（eligibility/verdict/support/annotations/negatives/selection）	2026-09-21 13:26
1yqsA	negative	1yqs	A	1yqsA	N	0	1	verified_negative		0	not_applicable	verified_negative					0.77		unknotted	unknotted								0	345				4kpp_A(395)			legacy topology 表族 2026-09-14（eligibility/verdict/support/annotations/negatives/selection）	2026-09-21 13:26
1ywaA	negative	1ywa	A	1ywaA	N	0	1	verified_negative		0	not_applicable	verified_negative					0.73		unknotted	unknotted								0	184				1cmx_A(214)			legacy topology 表族 2026-09-14（eligibility/verdict/support/annotations/negatives/selection）	2026-09-21 13:26
1ywdA	negative	1ywd	A	1ywdA	N	0	1	verified_negative		0	not_applicable	verified_negative					0.74		unknotted	unknotted								0	184				6qam_A(211)			legacy topology 表族 2026-09-14（eligibility/verdict/support/annotations/negatives/selection）	2026-09-21 13:26
1z3nA	negative	1z3n	A	1z3nA	N	0	1	verified_negative		0	not_applicable	verified_negative					0.685		unknotted	unknotted								0	316				1o6l_A(317)			legacy topology 表族 2026-09-14（eligibility/verdict/support/annotations/negatives/selection）	2026-09-21 13:26
1z8aA	negative	1z8a	A	1z8aA	N	0	1	verified_negative		0	not_applicable	verified_negative					0.71		unknotted	unknotted								0	315				7c1x_A(353)			legacy topology 表族 2026-09-14（eligibility/verdict/support/annotations/negatives/selection）	2026-09-21 13:26
1zjyA	negative	1zjy	A	1zjyA	N	0	1	verified_negative		0	not_applicable	verified_negative					0.905		unknotted	unknotted								0	251				5a7y_A(270)			legacy topology 表族 2026-09-14（eligibility/verdict/support/annotations/negatives/selection）	2026-09-21 13:26
1zkpA	negative	1zkp	A	1zkpA	N	0	1	verified_negative		0	not_applicable	verified_negative					0.875		unknotted	unknotted								0	251				6ac6_A(1154)			legacy topology 表族 2026-09-14（eligibility/verdict/support/annotations/negatives/selection）	2026-09-21 13:26
1zmiA	negative	1zmi	A	1zmiA	N	0	1	verified_negative		0	not_applicable	verified_negative					0.905		unknotted	unknotted								0	29				2ofz_A(132)			legacy topology 表族 2026-09-14（eligibility/verdict/support/annotations/negatives/selection）	2026-09-21 13:26
1zo4A	negative	1zo4	A	1zo4A	N	0	1	verified_negative		0	not_applicable	verified_negative					0.875		unknotted	unknotted								0	456				1m1x_A(927)			legacy topology 表族 2026-09-14（eligibility/verdict/support/annotations/negatives/selection）	2026-09-21 13:26
2abaA	negative	2aba	A	2abaA	N	0	1	verified_negative		0	not_applicable	verified_negative					0.675		unknotted	unknotted								0	362				4kpp_A(395)			legacy topology 表族 2026-09-14（eligibility/verdict/support/annotations/negatives/selection）	2026-09-21 13:26
2abbA	negative	2abb	A	2abbA	N	0	1	verified_negative		0	not_applicable	verified_negative					0.665		unknotted	unknotted								0	361				1yh1_A(334)			legacy topology 表族 2026-09-14（eligibility/verdict/support/annotations/negatives/selection）	2026-09-21 13:26
2agtA	negative	2agt	A	2agtA	N	0	1	verified_negative		0	not_applicable	verified_negative					0.71		unknotted	unknotted								0	316				6wd6_8(371)			legacy topology 表族 2026-09-14（eligibility/verdict/support/annotations/negatives/selection）	2026-09-21 13:26
2ah4X	negative	2ah4	X	2ah4X	N	0	1	verified_negative		0	not_applicable	verified_negative					0.745		unknotted	unknotted								0	223				3eet_A(245)			legacy topology 表族 2026-09-14（eligibility/verdict/support/annotations/negatives/selection）	2026-09-21 13:26
2anvA	negative	2anv	A	2anvA	N	0	1	verified_negative		0	not_applicable	verified_negative					0.955		unknotted	unknotted								0	146				5gao_E(338)			legacy topology 表族 2026-09-14（eligibility/verdict/support/annotations/negatives/selection）	2026-09-21 13:26
2anxA	negative	2anx	A	2anxA	N	0	1	verified_negative		0	not_applicable	verified_negative					0.955		unknotted	unknotted								0	146				5gao_E(338)			legacy topology 表族 2026-09-14（eligibility/verdict/support/annotations/negatives/selection）	2026-09-21 13:26
2axwA	negative	2axw	A	2axwA	N	0	1	verified_negative		0	not_applicable	verified_negative					0.955		unknotted	unknotted								0	134				5a7y_A(270)			legacy topology 表族 2026-09-14（eligibility/verdict/support/annotations/negatives/selection）	2026-09-21 13:26
2b82A	negative	2b82	A	2b82A	N	0	1	verified_negative		0	not_applicable	verified_negative					0.815		unknotted	unknotted								0	211				6sgb_UY(468)			legacy topology 表族 2026-09-14（eligibility/verdict/support/annotations/negatives/selection）	2026-09-21 13:26
2bjiA	negative	2bji	A	2bjiA	N	0	1	verified_negative		0	not_applicable	verified_negative					0.835		unknotted	unknotted								0	274				5z79_A(588)			legacy topology 表族 2026-09-14（eligibility/verdict/support/annotations/negatives/selection）	2026-09-21 13:26
2blnA	negative	2bln	A	2blnA	N	0	1	verified_negative		0	not_applicable	verified_negative					0.925		unknotted	unknotted								0	298				7jmn_E(584)			legacy topology 表族 2026-09-14（eligibility/verdict/support/annotations/negatives/selection）	2026-09-21 13:26
2brfA	negative	2brf	A	2brfA	N	0	1	verified_negative		0	not_applicable	verified_negative					0.945		unknotted	unknotted								0	100				4lrv_A(107)			legacy topology 表族 2026-09-14（eligibility/verdict/support/annotations/negatives/selection）	2026-09-21 13:26
2bt9A	negative	2bt9	A	2bt9A	N	0	1	verified_negative		0	not_applicable	verified_negative					0.995		unknotted	unknotted								0	90				1eku_A(252)			legacy topology 表族 2026-09-14（eligibility/verdict/support/annotations/negatives/selection）	2026-09-21 13:26
2c1vA	negative	2c1v	A	2c1vA	N	0	1	verified_negative		0	not_applicable	verified_negative					0.815		unknotted	unknotted								0	335				6ndo_A(593)			legacy topology 表族 2026-09-14（eligibility/verdict/support/annotations/negatives/selection）	2026-09-21 13:26
2c71A	negative	2c71	A	2c71A	N	0	1	verified_negative		0	not_applicable	verified_negative					0.665		unknotted	unknotted								0	205				5a7z_A(250)			legacy topology 表族 2026-09-14（eligibility/verdict/support/annotations/negatives/selection）	2026-09-21 13:26
2c9vA	negative	2c9v	A	2c9vA	N	0	1	verified_negative		0	not_applicable	verified_negative					0.845		unknotted	unknotted								0	153				4h6v_A(272)			legacy topology 表族 2026-09-14（eligibility/verdict/support/annotations/negatives/selection）	2026-09-21 13:26
2ccwA	negative	2ccw	A	2ccwA	N	0	1	verified_negative		0	not_applicable	verified_negative					0.985		unknotted	unknotted								0	129				1s1h_I(139)			legacy topology 表族 2026-09-14（eligibility/verdict/support/annotations/negatives/selection）	2026-09-21 13:26
2ci1A	negative	2ci1	A	2ci1A	N	0	1	verified_negative		0	not_applicable	verified_negative					0.665		unknotted	unknotted								0	275				1k3r_A(262)			legacy topology 表族 2026-09-14（eligibility/verdict/support/annotations/negatives/selection）	2026-09-21 13:26
2cnqA	negative	2cnq	A	2cnqA	N	0	1	verified_negative		0	not_applicable	verified_negative					0.905		unknotted	unknotted								0	301				7cww_A(350)			legacy topology 表族 2026-09-14（eligibility/verdict/support/annotations/negatives/selection）	2026-09-21 13:26
2cnuA	negative	2cnu	A	2cnuA	N	0	1	verified_negative		0	not_applicable	verified_negative					0.87		unknotted	unknotted								0	302				5a7y_A(270)			legacy topology 表族 2026-09-14（eligibility/verdict/support/annotations/negatives/selection）	2026-09-21 13:26
2d4jA	negative	2d4j	A	2d4jA	N	0	1	verified_negative		0	not_applicable	verified_negative					0.89		unknotted	unknotted								0	129				2pps_F(130)			legacy topology 表族 2026-09-14（eligibility/verdict/support/annotations/negatives/selection）	2026-09-21 13:26
2ddxA	negative	2ddx	A	2ddxA	N	0	1	verified_negative		0	not_applicable	verified_negative					0.495		unknotted	unknotted								0	324				6tda_X(383)			legacy topology 表族 2026-09-14（eligibility/verdict/support/annotations/negatives/selection）	2026-09-21 13:26
2dfbA	negative	2dfb	A	2dfbA	N	0	1	verified_negative		0	not_applicable	verified_negative					0.915		unknotted	unknotted								0	190				6qqz_A(212)			legacy topology 表族 2026-09-14（eligibility/verdict/support/annotations/negatives/selection）	2026-09-21 13:26
2e6fA	negative	2e6f	A	2e6fA	N	0	1	verified_negative		0	not_applicable	verified_negative					0.855		unknotted	unknotted								0	312				5ylz_W(703)			legacy topology 表族 2026-09-14（eligibility/verdict/support/annotations/negatives/selection）	2026-09-21 13:26
2e7zA	negative	2e7z	A	2e7zA	N	0	1	verified_negative		0	not_applicable	verified_negative					0.635		unknotted	unknotted								0	727				5ylz_W(703)			legacy topology 表族 2026-09-14（eligibility/verdict/support/annotations/negatives/selection）	2026-09-21 13:26
2eutA	negative	2eut	A	2eutA	N	0	1	verified_negative		0	not_applicable	verified_negative					0.8		unknotted	unknotted								0	291				6zr9_A(258)			legacy topology 表族 2026-09-14（eligibility/verdict/support/annotations/negatives/selection）	2026-09-21 13:26
2f01A	negative	2f01	A	2f01A	N	0	1	verified_negative		0	not_applicable	verified_negative					0.955		unknotted	unknotted								0	121				3sig_A(265)			legacy topology 表族 2026-09-14（eligibility/verdict/support/annotations/negatives/selection）	2026-09-21 13:26
2fhlA	negative	2fhl	A	2fhlA	N	0	1	verified_negative		0	not_applicable	verified_negative					0.955		unknotted	unknotted								0	120				5a7z_A(250)			legacy topology 表族 2026-09-14（eligibility/verdict/support/annotations/negatives/selection）	2026-09-21 13:26
2flhA	negative	2flh	A	2flhA	N	0	1	verified_negative		0	not_applicable	verified_negative					0.865		unknotted	unknotted								0	144				6ndo_A(593)			legacy topology 表族 2026-09-14（eligibility/verdict/support/annotations/negatives/selection）	2026-09-21 13:26
2fvyA	negative	2fvy	A	2fvyA	N	0	1	verified_negative		0	not_applicable	verified_negative					0.885		unknotted	unknotted								0	305				3v5u_A(297)			legacy topology 表族 2026-09-14（eligibility/verdict/support/annotations/negatives/selection）	2026-09-21 13:26
2g82O	negative	2g82	O	2g82O	N	0	1	verified_negative		0	not_applicable	verified_negative					0.82		unknotted	unknotted								0	330				1vw1_A(2490)			legacy topology 表族 2026-09-14（eligibility/verdict/support/annotations/negatives/selection）	2026-09-21 13:26
2gf3A	negative	2gf3	A	2gf3A	N	0	1	verified_negative		0	not_applicable	verified_negative					0.84		unknotted	unknotted								0	385				5u76_A(878)			legacy topology 表族 2026-09-14（eligibility/verdict/support/annotations/negatives/selection）	2026-09-21 13:26
2gg9A	negative	2gg9	A	2gg9A	N	0	1	verified_negative		0	not_applicable	verified_negative					0.92		unknotted	unknotted								0	263				5a7z_A(250)			legacy topology 表族 2026-09-14（eligibility/verdict/support/annotations/negatives/selection）	2026-09-21 13:26
2glkA	negative	2glk	A	2glkA	N	0	1	verified_negative		0	not_applicable	verified_negative					0.915		unknotted	unknotted								0	388				8axz_A(379)			legacy topology 表族 2026-09-14（eligibility/verdict/support/annotations/negatives/selection）	2026-09-21 13:26
2gudA	negative	2gud	A	2gudA	N	0	1	verified_negative		0	not_applicable	verified_negative					0.955		unknotted	unknotted								0	121				1eku_A(252)			legacy topology 表族 2026-09-14（eligibility/verdict/support/annotations/negatives/selection）	2026-09-21 13:26
2gzvA	negative	2gzv	A	2gzvA	N	0	1	verified_negative		0	not_applicable	verified_negative					0.935		unknotted	unknotted								0	91				1ml5_m(117)			legacy topology 表族 2026-09-14（eligibility/verdict/support/annotations/negatives/selection）	2026-09-21 13:26
2hbwA	negative	2hbw	A	2hbwA	N	0	1	verified_negative		0	not_applicable	verified_negative					0.85		unknotted	unknotted								0	220				5adx_Y(243)			legacy topology 表族 2026-09-14（eligibility/verdict/support/annotations/negatives/selection）	2026-09-21 13:26
2i6vA	negative	2i6v	A	2i6vA	N	0	1	verified_negative		0	not_applicable	verified_negative					0.905		unknotted	unknotted								0	87				2efv_A(82)			legacy topology 表族 2026-09-14（eligibility/verdict/support/annotations/negatives/selection）	2026-09-21 13:26
2j27A	negative	2j27	A	2j27A	N	0	1	verified_negative		0	not_applicable	verified_negative					0.605		unknotted	unknotted								0	249				6rao_I(443)			legacy topology 表族 2026-09-14（eligibility/verdict/support/annotations/negatives/selection）	2026-09-21 13:26
2jftA	negative	2jft	A	2jftA	N	0	1	verified_negative		0	not_applicable	verified_negative					0.935		unknotted	unknotted								0	234				1k3r_A(262)			legacy topology 表族 2026-09-14（eligibility/verdict/support/annotations/negatives/selection）	2026-09-21 13:26
2jjjA	negative	2jjj	A	2jjjA	N	0	1	verified_negative		0	not_applicable	verified_negative					0.765		unknotted	unknotted								0	329				6wd6_8(371)			legacy topology 表族 2026-09-14（eligibility/verdict/support/annotations/negatives/selection）	2026-09-21 13:26
2jliA	negative	2jli	A	2jliA	N	0	1	verified_negative		0	not_applicable	verified_negative					0.985		unknotted	unknotted								0	100				1s1h_I(139)			legacy topology 表族 2026-09-14（eligibility/verdict/support/annotations/negatives/selection）	2026-09-21 13:26
2nrmA	negative	2nrm	A	2nrmA	N	0	1	verified_negative		0	not_applicable	verified_negative					0.96		unknotted	unknotted								0	146				3l8u_A(154)			legacy topology 表族 2026-09-14（eligibility/verdict/support/annotations/negatives/selection）	2026-09-21 13:26
2o0bA	negative	2o0b	A	2o0bA	N	0	1	verified_negative		0	not_applicable	verified_negative					0.76		unknotted	unknotted								0	424				6rao_I(443)			legacy topology 表族 2026-09-14（eligibility/verdict/support/annotations/negatives/selection）	2026-09-21 13:26
2o23A	negative	2o23	A	2o23A	N	0	1	verified_negative		0	not_applicable	verified_negative					0.865		unknotted	unknotted								0	248				6ndo_A(593)			legacy topology 表族 2026-09-14（eligibility/verdict/support/annotations/negatives/selection）	2026-09-21 13:26
2of8A	negative	2of8	A	2of8A	N	0	1	verified_negative		0	not_applicable	verified_negative					0.92		unknotted	unknotted								0	120				5adx_Y(243)			legacy topology 表族 2026-09-14（eligibility/verdict/support/annotations/negatives/selection）	2026-09-21 13:26
2ofcA	negative	2ofc	A	2ofcA	N	0	1	verified_negative		0	not_applicable	verified_negative					0.855		unknotted	unknotted								0	141				3ed7_A(284);7o4i_R(268)			legacy topology 表族 2026-09-14（eligibility/verdict/support/annotations/negatives/selection）	2026-09-21 13:26
2p86A	negative	2p86	A	2p86A	N	0	1	verified_negative		0	not_applicable	verified_negative					0.775		unknotted	unknotted								0	215				3o0p_A(194)			legacy topology 表族 2026-09-14（eligibility/verdict/support/annotations/negatives/selection）	2026-09-21 13:26
2pevA	negative	2pev	A	2pevA	N	0	1	verified_negative		0	not_applicable	verified_negative					0.73		unknotted	unknotted								0	316				4ux8_C(284)			legacy topology 表族 2026-09-14（eligibility/verdict/support/annotations/negatives/selection）	2026-09-21 13:26
2pgoA	negative	2pgo	A	2pgoA	N	0	1	verified_negative		0	not_applicable	verified_negative					0.89		unknotted	unknotted								0	587				5mqn_A(1038)			legacy topology 表族 2026-09-14（eligibility/verdict/support/annotations/negatives/selection）	2026-09-21 13:26
2pveA	negative	2pve	A	2pveA	N	0	1	verified_negative		0	not_applicable	verified_negative					0.905		unknotted	unknotted								0	52				3gbn_L(151)			legacy topology 表族 2026-09-14（eligibility/verdict/support/annotations/negatives/selection）	2026-09-21 13:26
2pznA	negative	2pzn	A	2pznA	N	0	1	verified_negative		0	not_applicable	verified_negative					0.73		unknotted	unknotted								0	316				7cww_A(350)			legacy topology 表族 2026-09-14（eligibility/verdict/support/annotations/negatives/selection）	2026-09-21 13:26
2qsbA	negative	2qsb	A	2qsbA	N	0	1	verified_negative		0	not_applicable	verified_negative					0.97		unknotted	unknotted								0	85				3ady_A(102)			legacy topology 表族 2026-09-14（eligibility/verdict/support/annotations/negatives/selection）	2026-09-21 13:26
2qt4A	negative	2qt4	A	2qt4A	N	0	1	verified_negative		0	not_applicable	verified_negative					0.895		unknotted	unknotted								0	95				3ady_A(102)			legacy topology 表族 2026-09-14（eligibility/verdict/support/annotations/negatives/selection）	2026-09-21 13:26
2qxwA	negative	2qxw	A	2qxwA	N	0	1	verified_negative		0	not_applicable	verified_negative					0.71		unknotted	unknotted								0	313				1by7_A(354)			legacy topology 表族 2026-09-14（eligibility/verdict/support/annotations/negatives/selection）	2026-09-21 13:26
2r16A	negative	2r16	A	2r16A	N	0	1	verified_negative		0	not_applicable	verified_negative					0.825		unknotted	unknotted								0	175				6n8a_A(193)			legacy topology 表族 2026-09-14（eligibility/verdict/support/annotations/negatives/selection）	2026-09-21 13:26
2racA	negative	2rac	A	2racA	N	0	1	verified_negative		0	not_applicable	verified_negative					0.875		unknotted	unknotted								0	105				3ady_A(102)			legacy topology 表族 2026-09-14（eligibility/verdict/support/annotations/negatives/selection）	2026-09-21 13:26
2uu8A	negative	2uu8	A	2uu8A	N	0	1	verified_negative		0	not_applicable	verified_negative					0.825		unknotted	unknotted								0	237				4v7h_BE(237)			legacy topology 表族 2026-09-14（eligibility/verdict/support/annotations/negatives/selection）	2026-09-21 13:26
2v06A	negative	2v06	A	2v06A	N	0	1	verified_negative		0	not_applicable	verified_negative					0.945		unknotted	unknotted								0	234				5adx_Y(243)			legacy topology 表族 2026-09-14（eligibility/verdict/support/annotations/negatives/selection）	2026-09-21 13:26
2v3iA	negative	2v3i	A	2v3iA	N	0	1	verified_negative		0	not_applicable	verified_negative					0.655		unknotted	unknotted								0	434				7d5q_A(403)			legacy topology 表族 2026-09-14（eligibility/verdict/support/annotations/negatives/selection）	2026-09-21 13:26
2v8bA	negative	2v8b	A	2v8bA	N	0	1	verified_negative		0	not_applicable	verified_negative					0.86		unknotted	unknotted								0	279				4ux8_C(284)			legacy topology 表族 2026-09-14（eligibility/verdict/support/annotations/negatives/selection）	2026-09-21 13:26
2vb8A	negative	2vb8	A	2vb8A	N	0	1	verified_negative		0	not_applicable	verified_negative					0.775		unknotted	unknotted								0	403				1xi5_A(1630)			legacy topology 表族 2026-09-14（eligibility/verdict/support/annotations/negatives/selection）	2026-09-21 13:26
2vhkA	negative	2vhk	A	2vhkA	N	0	1	verified_negative		0	not_applicable	verified_negative					0.89		unknotted	unknotted								0	206				4v7h_BE(237)			legacy topology 表族 2026-09-14（eligibility/verdict/support/annotations/negatives/selection）	2026-09-21 13:26
2vi2A	negative	2vi2	A	2vi2A	N	0	1	verified_negative		0	not_applicable	verified_negative					0.86		unknotted	unknotted								0	206				4ig7_A(231)			legacy topology 表族 2026-09-14（eligibility/verdict/support/annotations/negatives/selection）	2026-09-21 13:26
2vi3A	negative	2vi3	A	2vi3A	N	0	1	verified_negative		0	not_applicable	verified_negative					0.83		unknotted	unknotted								0	206				3ilk_A(239)			legacy topology 表族 2026-09-14（eligibility/verdict/support/annotations/negatives/selection）	2026-09-21 13:26
2vu7A	negative	2vu7	A	2vu7A	N	0	1	verified_negative		0	not_applicable	verified_negative					0.92		unknotted	unknotted								0	207				4ig7_A(231)			legacy topology 表族 2026-09-14（eligibility/verdict/support/annotations/negatives/selection）	2026-09-21 13:26
2vwrA	negative	2vwr	A	2vwrA	N	0	1	verified_negative		0	not_applicable	verified_negative					0.94		unknotted	unknotted								0	95				3ady_A(102)			legacy topology 表族 2026-09-14（eligibility/verdict/support/annotations/negatives/selection）	2026-09-21 13:26
2vzcA	negative	2vzc	A	2vzcA	N	0	1	verified_negative		0	not_applicable	verified_negative					0.885		unknotted	unknotted								0	127				5adx_Y(243)			legacy topology 表族 2026-09-14（eligibility/verdict/support/annotations/negatives/selection）	2026-09-21 13:26
2vzpA	negative	2vzp	A	2vzpA	N	0	1	verified_negative		0	not_applicable	verified_negative					0.905		unknotted	unknotted								0	126				5zep_0(262)			legacy topology 表族 2026-09-14（eligibility/verdict/support/annotations/negatives/selection）	2026-09-21 13:26
2w13A	negative	2w13	A	2w13A	N	0	1	verified_negative		0	not_applicable	verified_negative					0.87		unknotted	unknotted								0	202				4jwh_A(185)			legacy topology 表族 2026-09-14（eligibility/verdict/support/annotations/negatives/selection）	2026-09-21 13:26
2w14A	negative	2w14	A	2w14A	N	0	1	verified_negative		0	not_applicable	verified_negative					0.89		unknotted	unknotted								0	202				4ig7_A(231)			legacy topology 表族 2026-09-14（eligibility/verdict/support/annotations/negatives/selection）	2026-09-21 13:26
2w1jA	negative	2w1j	A	2w1jA	N	0	1	verified_negative		0	not_applicable	verified_negative					0.865		unknotted	unknotted								0	195				6sga_UY(468)			legacy topology 表族 2026-09-14（eligibility/verdict/support/annotations/negatives/selection）	2026-09-21 13:26
2w20A	negative	2w20	A	2w20A	N	0	1	verified_negative		0	not_applicable	verified_negative					0.735		unknotted	unknotted								0	470				6baj_A(995)			legacy topology 表族 2026-09-14（eligibility/verdict/support/annotations/negatives/selection）	2026-09-21 13:26
2wbpA	negative	2wbp	A	2wbpA	N	0	1	verified_negative		0	not_applicable	verified_negative					0.665		unknotted	unknotted								0	332				7o2w_B(422)			legacy topology 表族 2026-09-14（eligibility/verdict/support/annotations/negatives/selection）	2026-09-21 13:26
2wurA	negative	2wur	A	2wurA	N	0	1	verified_negative		0	not_applicable	verified_negative					0.935		unknotted	unknotted								1	226				3gyq_A(261)			legacy topology 表族 2026-09-14（eligibility/verdict/support/annotations/negatives/selection）	2026-09-21 13:26
2x18A	negative	2x18	A	2x18A	N	0	1	verified_negative		0	not_applicable	verified_negative					0.97		unknotted	unknotted								0	111				1m1x_A(927)			legacy topology 表族 2026-09-14（eligibility/verdict/support/annotations/negatives/selection）	2026-09-21 13:26
2xgbA	negative	2xgb	A	2xgbA	N	0	1	verified_negative		0	not_applicable	verified_negative					0.555		unknotted	unknotted								0	486				6ndo_A(593)			legacy topology 表族 2026-09-14（eligibility/verdict/support/annotations/negatives/selection）	2026-09-21 13:26
2xhnA	negative	2xhn	A	2xhnA	N	0	1	verified_negative		0	not_applicable	verified_negative					0.925		unknotted	unknotted								0	508				7s9y_A(901)			legacy topology 表族 2026-09-14（eligibility/verdict/support/annotations/negatives/selection）	2026-09-21 13:26
2xmjA	negative	2xmj	A	2xmjA	N	0	1	verified_negative		0	not_applicable	verified_negative					0.915		unknotted	unknotted								0	63				5ap8_A(151)			legacy topology 表族 2026-09-14（eligibility/verdict/support/annotations/negatives/selection）	2026-09-21 13:26
2xu3A	negative	2xu3	A	2xu3A	N	0	1	verified_negative		0	not_applicable	verified_negative					0.82		unknotted	unknotted								0	220				6ted_V(244)			legacy topology 表族 2026-09-14（eligibility/verdict/support/annotations/negatives/selection）	2026-09-21 13:26
2xwvA	negative	2xwv	A	2xwvA	N	0	1	verified_negative		0	not_applicable	verified_negative					0.72		unknotted	unknotted								0	309				6qqm_A(277)			legacy topology 表族 2026-09-14（eligibility/verdict/support/annotations/negatives/selection）	2026-09-21 13:26
2y62A	negative	2y62	A	2y62A	N	0	1	verified_negative		0	not_applicable	verified_negative					0.69		unknotted	unknotted								0	249				4ig7_A(231)			legacy topology 表族 2026-09-14（eligibility/verdict/support/annotations/negatives/selection）	2026-09-21 13:26
2y6hA	negative	2y6h	A	2y6hA	N	0	1	verified_negative		0	not_applicable	verified_negative					0.905		unknotted	unknotted								0	167				5ap8_A(151)			legacy topology 表族 2026-09-14（eligibility/verdict/support/annotations/negatives/selection）	2026-09-21 13:26
2y72A	negative	2y72	A	2y72A	N	0	1	verified_negative		0	not_applicable	verified_negative					0.96		unknotted	unknotted								0	85				6ff0_A(195)			legacy topology 表族 2026-09-14（eligibility/verdict/support/annotations/negatives/selection）	2026-09-21 13:26
2yjcA	negative	2yjc	A	2yjcA	N	0	1	verified_negative		0	not_applicable	verified_negative					0.86		unknotted	unknotted								0	219				1uak_A(243)			legacy topology 表族 2026-09-14（eligibility/verdict/support/annotations/negatives/selection）	2026-09-21 13:26
2yl1A	negative	2yl1	A	2yl1A	N	0	1	verified_negative		0	not_applicable	verified_negative					0.975		unknotted	unknotted								0	126				1yl3_M(117)			legacy topology 表族 2026-09-14（eligibility/verdict/support/annotations/negatives/selection）	2026-09-21 13:26
2yr6A	negative	2yr6	A	2yr6A	N	0	1	verified_negative		0	not_applicable	verified_negative					0.805		unknotted	unknotted								0	684				6m6h_A(1319)			legacy topology 表族 2026-09-14（eligibility/verdict/support/annotations/negatives/selection）	2026-09-21 13:26
2zd8A	negative	2zd8	A	2zd8A	N	0	1	verified_negative		0	not_applicable	verified_negative					0.795		unknotted	unknotted								0	265				5zep_0(262)			legacy topology 表族 2026-09-14（eligibility/verdict/support/annotations/negatives/selection）	2026-09-21 13:26
2zl7A	negative	2zl7	A	2zl7A	N	0	1	verified_negative		0	not_applicable	verified_negative					0.775		unknotted	unknotted								0	285				5l3p_z(545)			legacy topology 表族 2026-09-14（eligibility/verdict/support/annotations/negatives/selection）	2026-09-21 13:26
2zq7A	negative	2zq7	A	2zq7A	N	0	1	verified_negative		0	not_applicable	verified_negative					0.87		unknotted	unknotted								0	261				4v7h_BE(237)			legacy topology 表族 2026-09-14（eligibility/verdict/support/annotations/negatives/selection）	2026-09-21 13:26
3a0mA	negative	3a0m	A	3a0mA	N	0	1	verified_negative		0	not_applicable	verified_negative					1.0		unknotted	unknotted								0	26				4cng_A(156)			legacy topology 表族 2026-09-14（eligibility/verdict/support/annotations/negatives/selection）	2026-09-21 13:26
3a1hA	negative	3a1h	A	3a1hA	N	0	1	verified_negative		0	not_applicable	verified_negative					1.0		unknotted	unknotted								0	23				5ap8_A(151)			legacy topology 表族 2026-09-14（eligibility/verdict/support/annotations/negatives/selection）	2026-09-21 13:26
3a2oA	negative	3a2o	A	3a2oA	N	0	1	verified_negative		0	not_applicable	verified_negative					0.9		unknotted	unknotted								0	99				1cmx_A(214)			legacy topology 表族 2026-09-14（eligibility/verdict/support/annotations/negatives/selection）	2026-09-21 13:26
3a2vA	negative	3a2v	A	3a2vA	N	0	1	verified_negative		0	not_applicable	verified_negative					0.9		unknotted	unknotted								0	243				1vw1_A(2490)			legacy topology 表族 2026-09-14（eligibility/verdict/support/annotations/negatives/selection）	2026-09-21 13:26
3ab5A	negative	3ab5	A	3ab5A	N	0	1	verified_negative		0	not_applicable	verified_negative					0.925		unknotted	unknotted								0	97				6ff0_A(195)			legacy topology 表族 2026-09-14（eligibility/verdict/support/annotations/negatives/selection）	2026-09-21 13:26
3admA	negative	3adm	A	3admA	N	0	1	verified_negative		0	not_applicable	verified_negative					1.0		unknotted	unknotted								0	27				6yxy_UX(180)			legacy topology 表族 2026-09-14（eligibility/verdict/support/annotations/negatives/selection）	2026-09-21 13:26
3agoA	negative	3ago	A	3agoA	N	0	1	verified_negative		0	not_applicable	verified_negative					0.91		unknotted	unknotted								0	114				4chj_A(124)			legacy topology 表族 2026-09-14（eligibility/verdict/support/annotations/negatives/selection）	2026-09-21 13:26
3ahwA	negative	3ahw	A	3ahwA	N	0	1	verified_negative		0	not_applicable	verified_negative					0.9		unknotted	unknotted								0	114				1yl3_M(117)			legacy topology 表族 2026-09-14（eligibility/verdict/support/annotations/negatives/selection）	2026-09-21 13:26
3aksA	negative	3aks	A	3aksA	N	0	1	verified_negative		0	not_applicable	verified_negative					0.905		unknotted	unknotted								0	190				2qwv_A(188)			legacy topology 表族 2026-09-14（eligibility/verdict/support/annotations/negatives/selection）	2026-09-21 13:26
3aldA	negative	3ald	A	3aldA	N	0	1	verified_negative		0	not_applicable	verified_negative					0.875		unknotted	unknotted								0	207				3a7s_A(204)			legacy topology 表族 2026-09-14（eligibility/verdict/support/annotations/negatives/selection）	2026-09-21 13:26
3aryA	negative	3ary	A	3aryA	N	0	1	verified_negative		0	not_applicable	verified_negative					0.915		unknotted	unknotted								0	575				5l3p_z(545)			legacy topology 表族 2026-09-14（eligibility/verdict/support/annotations/negatives/selection）	2026-09-21 13:26
3aubA	negative	3aub	A	3aubA	N	0	1	verified_negative		0	not_applicable	verified_negative					0.91		unknotted	unknotted								0	58				1giy_M(117)			legacy topology 表族 2026-09-14（eligibility/verdict/support/annotations/negatives/selection）	2026-09-21 13:26
3b12A	negative	3b12	A	3b12A	N	0	1	verified_negative		0	not_applicable	verified_negative					0.73		unknotted	unknotted								0	294				7jmn_E(584)			legacy topology 表族 2026-09-14（eligibility/verdict/support/annotations/negatives/selection）	2026-09-21 13:26
3b34A	negative	3b34	A	3b34A	N	0	1	verified_negative		0	not_applicable	verified_negative					0.765		unknotted	unknotted								0	866				5tj6_A(890)			legacy topology 表族 2026-09-14（eligibility/verdict/support/annotations/negatives/selection）	2026-09-21 13:26
3b3rA	negative	3b3r	A	3b3rA	N	0	1	verified_negative		0	not_applicable	verified_negative					0.7		unknotted	unknotted								0	503				8bor_A(457)			legacy topology 表族 2026-09-14（eligibility/verdict/support/annotations/negatives/selection）	2026-09-21 13:26
3b4uA	negative	3b4u	A	3b4uA	N	0	1	verified_negative		0	not_applicable	verified_negative					0.73		unknotted	unknotted								0	287				7jmn_E(584)			legacy topology 表族 2026-09-14（eligibility/verdict/support/annotations/negatives/selection）	2026-09-21 13:26
3b64A	negative	3b64	A	3b64A	N	0	1	verified_negative		0	not_applicable	verified_negative					0.91		unknotted	unknotted								0	112				2w6e_G(122)			legacy topology 表族 2026-09-14（eligibility/verdict/support/annotations/negatives/selection）	2026-09-21 13:26
3b6dA	negative	3b6d	A	3b6dA	N	0	1	verified_negative		0	not_applicable	verified_negative					0.765		unknotted	unknotted								0	498				7jmn_E(584)			legacy topology 表族 2026-09-14（eligibility/verdict/support/annotations/negatives/selection）	2026-09-21 13:26
3bc9A	negative	3bc9	A	3bc9A	N	0	1	verified_negative		0	not_applicable	verified_negative					0.9		unknotted	unknotted								0	585				5l3p_z(545)			legacy topology 表族 2026-09-14（eligibility/verdict/support/annotations/negatives/selection）	2026-09-21 13:26
3bcjA	negative	3bcj	A	3bcjA	N	0	1	verified_negative		0	not_applicable	verified_negative					0.67		unknotted	unknotted								0	316				1by7_A(354)			legacy topology 表族 2026-09-14（eligibility/verdict/support/annotations/negatives/selection）	2026-09-21 13:26
3beuA	negative	3beu	A	3beuA	N	0	1	verified_negative		0	not_applicable	verified_negative					0.71		unknotted	unknotted								0	224				7d5q_A(403)			legacy topology 表族 2026-09-14（eligibility/verdict/support/annotations/negatives/selection）	2026-09-21 13:26
3bjeA	negative	3bje	A	3bjeA	N	0	1	verified_negative		0	not_applicable	verified_negative					0.765		unknotted	unknotted								0	327				3oc3_A(752)			legacy topology 表族 2026-09-14（eligibility/verdict/support/annotations/negatives/selection）	2026-09-21 13:26
3bmzA	negative	3bmz	A	3bmzA	N	0	1	verified_negative		0	not_applicable	verified_negative					0.86		unknotted	unknotted								0	185				5ikj_A(448)			legacy topology 表族 2026-09-14（eligibility/verdict/support/annotations/negatives/selection）	2026-09-21 13:26
3bs2A	negative	3bs2	A	3bs2A	N	0	1	verified_negative		0	not_applicable	verified_negative					0.86		unknotted	unknotted								0	146				6emv_A(170)			legacy topology 表族 2026-09-14（eligibility/verdict/support/annotations/negatives/selection）	2026-09-21 13:26
3c6aA	negative	3c6a	A	3c6aA	N	0	1	verified_negative		0	not_applicable	verified_negative					0.785		unknotted	unknotted								0	198				3o7b_A(216)			legacy topology 表族 2026-09-14（eligibility/verdict/support/annotations/negatives/selection）	2026-09-21 13:26
3c6xA	negative	3c6x	A	3c6xA	N	0	1	verified_negative		0	not_applicable	verified_negative					0.85		unknotted	unknotted								0	256				3jyw_E(237)			legacy topology 表族 2026-09-14（eligibility/verdict/support/annotations/negatives/selection）	2026-09-21 13:26
3c6zA	negative	3c6z	A	3c6zA	N	0	1	verified_negative		0	not_applicable	verified_negative					0.83		unknotted	unknotted								0	256				3jyw_E(237)			legacy topology 表族 2026-09-14（eligibility/verdict/support/annotations/negatives/selection）	2026-09-21 13:26
3c70A	negative	3c70	A	3c70A	N	0	1	verified_negative		0	not_applicable	verified_negative					0.805		unknotted	unknotted								0	256				3jyw_E(237)			legacy topology 表族 2026-09-14（eligibility/verdict/support/annotations/negatives/selection）	2026-09-21 13:26
3c76X	negative	3c76	X	3c76X	N	0	1	verified_negative		0	not_applicable	verified_negative					0.755		unknotted	unknotted								0	184				4fmw_A(178)			legacy topology 表族 2026-09-14（eligibility/verdict/support/annotations/negatives/selection）	2026-09-21 13:26
3c77X	negative	3c77	X	3c77X	N	0	1	verified_negative		0	not_applicable	verified_negative					0.795		unknotted	unknotted								0	184				6qam_A(211)			legacy topology 表族 2026-09-14（eligibility/verdict/support/annotations/negatives/selection）	2026-09-21 13:26
3cijA	negative	3cij	A	3cijA	N	0	1	verified_negative		0	not_applicable	verified_negative					0.71		unknotted	unknotted								0	291				1f48_A(548)			legacy topology 表族 2026-09-14（eligibility/verdict/support/annotations/negatives/selection）	2026-09-21 13:26
3d1pA	negative	3d1p	A	3d1pA	N	0	1	verified_negative		0	not_applicable	verified_negative					0.75		unknotted	unknotted								0	120				2rh3_A(121)			legacy topology 表族 2026-09-14（eligibility/verdict/support/annotations/negatives/selection）	2026-09-21 13:26
3d9xA	negative	3d9x	A	3d9xA	N	0	1	verified_negative		0	not_applicable	verified_negative					1.0		unknotted	unknotted								0	114				7lxd_F(459)			legacy topology 表族 2026-09-14（eligibility/verdict/support/annotations/negatives/selection）	2026-09-21 13:26
3dk1A	negative	3dk1	A	3dk1A	N	0	1	verified_negative		0	not_applicable	verified_negative					0.9		unknotted	unknotted								0	99				4fmw_A(178)			legacy topology 表族 2026-09-14（eligibility/verdict/support/annotations/negatives/selection）	2026-09-21 13:26
3dvqX	negative	3dvq	X	3dvqX	N	0	1	verified_negative		0	not_applicable	verified_negative					0.765		unknotted	unknotted								0	279				4cru_A(242)			legacy topology 表族 2026-09-14（eligibility/verdict/support/annotations/negatives/selection）	2026-09-21 13:26
3dw1X	negative	3dw1	X	3dw1X	N	0	1	verified_negative		0	not_applicable	verified_negative					0.8		unknotted	unknotted								0	279				4kjr_A(325)			legacy topology 表族 2026-09-14（eligibility/verdict/support/annotations/negatives/selection）	2026-09-21 13:26
3dw3X	negative	3dw3	X	3dw3X	N	0	1	verified_negative		0	not_applicable	verified_negative					0.825		unknotted	unknotted								0	279				5vhi_E(311)			legacy topology 表族 2026-09-14（eligibility/verdict/support/annotations/negatives/selection）	2026-09-21 13:26
3dweX	negative	3dwe	X	3dweX	N	0	1	verified_negative		0	not_applicable	verified_negative					0.79		unknotted	unknotted								0	279				3iyk_A(307);5vhi_E(311)			legacy topology 表族 2026-09-14（eligibility/verdict/support/annotations/negatives/selection）	2026-09-21 13:26
3dzeA	negative	3dze	A	3dzeA	N	0	1	verified_negative		0	not_applicable	verified_negative					0.96		unknotted	unknotted								0	176				6emv_A(170)			legacy topology 表族 2026-09-14（eligibility/verdict/support/annotations/negatives/selection）	2026-09-21 13:26
3ea6A	negative	3ea6	A	3ea6A	N	0	1	verified_negative		0	not_applicable	verified_negative					0.915		unknotted	unknotted								0	215				1v6z_A(227)			legacy topology 表族 2026-09-14（eligibility/verdict/support/annotations/negatives/selection）	2026-09-21 13:26
3ec0A	negative	3ec0	A	3ec0A	N	0	1	verified_negative		0	not_applicable	verified_negative					0.88		unknotted	unknotted								0	99				6ff0_A(195)			legacy topology 表族 2026-09-14（eligibility/verdict/support/annotations/negatives/selection）	2026-09-21 13:26
3ecgA	negative	3ecg	A	3ecgA	N	0	1	verified_negative		0	not_applicable	verified_negative					0.85		unknotted	unknotted								0	99				6yxy_UX(180)			legacy topology 表族 2026-09-14（eligibility/verdict/support/annotations/negatives/selection）	2026-09-21 13:26
3einA	negative	3ein	A	3einA	N	0	1	verified_negative		0	not_applicable	verified_negative					0.95		unknotted	unknotted								0	207				5apg_A(184)			legacy topology 表族 2026-09-14（eligibility/verdict/support/annotations/negatives/selection）	2026-09-21 13:26
3ejrA	negative	3ejr	A	3ejrA	N	0	1	verified_negative		0	not_applicable	verified_negative					0.66		unknotted	unknotted								0	1016				5mqn_A(1038)			legacy topology 表族 2026-09-14（eligibility/verdict/support/annotations/negatives/selection）	2026-09-21 13:26
3eo6A	negative	3eo6	A	3eo6A	N	0	1	verified_negative		0	not_applicable	verified_negative					0.945		unknotted	unknotted								0	106				2qwv_A(188)			legacy topology 表族 2026-09-14（eligibility/verdict/support/annotations/negatives/selection）	2026-09-21 13:26
3ezgA	negative	3ezg	A	3ezgA	N	0	1	verified_negative		0	not_applicable	verified_negative					0.93		unknotted	unknotted								0	187				6emv_A(170)			legacy topology 表族 2026-09-14（eligibility/verdict/support/annotations/negatives/selection）	2026-09-21 13:26
3f18A	negative	3f18	A	3f18A	N	0	1	verified_negative		0	not_applicable	verified_negative					0.85		unknotted	unknotted								0	158				2ha8_A(159)			legacy topology 表族 2026-09-14（eligibility/verdict/support/annotations/negatives/selection）	2026-09-21 13:26
3f19A	negative	3f19	A	3f19A	N	0	1	verified_negative		0	not_applicable	verified_negative					0.85		unknotted	unknotted								0	158				2ha8_A(159)			legacy topology 表族 2026-09-14（eligibility/verdict/support/annotations/negatives/selection）	2026-09-21 13:26
3fa0A	negative	3fa0	A	3fa0A	N	0	1	verified_negative		0	not_applicable	verified_negative					0.965		unknotted	unknotted								0	162				3l8u_A(154)			legacy topology 表族 2026-09-14（eligibility/verdict/support/annotations/negatives/selection）	2026-09-21 13:26
3fg9A	negative	3fg9	A	3fg9A	N	0	1	verified_negative		0	not_applicable	verified_negative					0.81		unknotted	unknotted								0	156				6xr4_A(1040)			legacy topology 表族 2026-09-14（eligibility/verdict/support/annotations/negatives/selection）	2026-09-21 13:26
3fsaA	negative	3fsa	A	3fsaA	N	0	1	verified_negative		0	not_applicable	verified_negative					0.995		unknotted	unknotted								0	122				2rh3_A(121)			legacy topology 表族 2026-09-14（eligibility/verdict/support/annotations/negatives/selection）	2026-09-21 13:26
3fymA	negative	3fym	A	3fymA	N	0	1	verified_negative		0	not_applicable	verified_negative					0.98		unknotted	unknotted								0	82				1giy_M(117)			legacy topology 表族 2026-09-14（eligibility/verdict/support/annotations/negatives/selection）	2026-09-21 13:26
3g3jA	negative	3g3j	A	3g3jA	N	0	1	verified_negative		0	not_applicable	verified_negative					0.755		unknotted	unknotted								0	255				3mt5_A(593)			legacy topology 表族 2026-09-14（eligibility/verdict/support/annotations/negatives/selection）	2026-09-21 13:26
3g46A	negative	3g46	A	3g46A	N	0	1	verified_negative		0	not_applicable	verified_negative					0.92		unknotted	unknotted								0	146				3gyq_A(261)			legacy topology 表族 2026-09-14（eligibility/verdict/support/annotations/negatives/selection）	2026-09-21 13:26
3g5sA	negative	3g5s	A	3g5sA	N	0	1	verified_negative		0	not_applicable	verified_negative					0.84		unknotted	unknotted								0	424				7d5q_A(403)			legacy topology 表族 2026-09-14（eligibility/verdict/support/annotations/negatives/selection）	2026-09-21 13:26
3g6kA	negative	3g6k	A	3g6kA	N	0	1	verified_negative		0	not_applicable	verified_negative					0.775		unknotted	unknotted								0	299				7bii_A(2143)			legacy topology 表族 2026-09-14（eligibility/verdict/support/annotations/negatives/selection）	2026-09-21 13:26
3gahA	negative	3gah	A	3gahA	N	0	1	verified_negative		0	not_applicable	verified_negative					0.805		unknotted	unknotted								0	186				3dcm_X(188)			legacy topology 表族 2026-09-14（eligibility/verdict/support/annotations/negatives/selection）	2026-09-21 13:26
3gmxB	negative	3gmx	B	3gmxB	N	0	1	verified_negative		0	not_applicable	verified_negative					0.945		unknotted	unknotted								0	154				6qqm_A(277)			legacy topology 表族 2026-09-14（eligibility/verdict/support/annotations/negatives/selection）	2026-09-21 13:26
3h31A	negative	3h31	A	3h31A	N	0	1	verified_negative		0	not_applicable	verified_negative					0.96		unknotted	unknotted								0	74				7bqd_A(88)			legacy topology 表族 2026-09-14（eligibility/verdict/support/annotations/negatives/selection）	2026-09-21 13:26
3hnbM	negative	3hnb	M	3hnbM	N	0	1	verified_negative		0	not_applicable	verified_negative					0.83		unknotted	unknotted								0	156				6emv_A(170)			legacy topology 表族 2026-09-14（eligibility/verdict/support/annotations/negatives/selection）	2026-09-21 13:26
3hsgA	negative	3hsg	A	3hsgA	N	0	1	verified_negative		0	not_applicable	verified_negative					0.72		unknotted	unknotted								0	158				4jwh_A(185)			legacy topology 表族 2026-09-14（eligibility/verdict/support/annotations/negatives/selection）	2026-09-21 13:26
3hsjA	negative	3hsj	A	3hsjA	N	0	1	verified_negative		0	not_applicable	verified_negative					0.68		unknotted	unknotted								0	158				6yxy_UX(180)			legacy topology 表族 2026-09-14（eligibility/verdict/support/annotations/negatives/selection）	2026-09-21 13:26
3i06A	negative	3i06	A	3i06A	N	0	1	verified_negative		0	not_applicable	verified_negative					0.795		unknotted	unknotted								0	215				3a7s_A(204)			legacy topology 表族 2026-09-14（eligibility/verdict/support/annotations/negatives/selection）	2026-09-21 13:26
3i30X	negative	3i30	X	3i30X	N	0	1	verified_negative		0	not_applicable	verified_negative					0.85		unknotted	unknotted								0	279				3iyk_A(307)			legacy topology 表族 2026-09-14（eligibility/verdict/support/annotations/negatives/selection）	2026-09-21 13:26
3i4gA	negative	3i4g	A	3i4gA	N	0	1	verified_negative		0	not_applicable	verified_negative					0.88		unknotted	unknotted								0	513				5l3p_z(545)			legacy topology 表族 2026-09-14（eligibility/verdict/support/annotations/negatives/selection）	2026-09-21 13:26
3i6oA	negative	3i6o	A	3i6oA	N	0	1	verified_negative		0	not_applicable	verified_negative					0.91		unknotted	unknotted								0	99				5gmk_Q(185)			legacy topology 表族 2026-09-14（eligibility/verdict/support/annotations/negatives/selection）	2026-09-21 13:26
3jq0A	negative	3jq0	A	3jq0A	N	0	1	verified_negative		0	not_applicable	verified_negative					0.855		unknotted	unknotted								0	478				7lxd_F(459)			legacy topology 表族 2026-09-14（eligibility/verdict/support/annotations/negatives/selection）	2026-09-21 13:26
3kfaA	negative	3kfa	A	3kfaA	N	0	1	verified_negative		0	not_applicable	verified_negative					0.93		unknotted	unknotted								0	284				5xzs_A(619)			legacy topology 表族 2026-09-14（eligibility/verdict/support/annotations/negatives/selection）	2026-09-21 13:26
3kfhA	negative	3kfh	A	3kfhA	N	0	1	verified_negative		0	not_applicable	verified_negative					0.915		unknotted	unknotted								0	152				4cng_A(156)			legacy topology 表族 2026-09-14（eligibility/verdict/support/annotations/negatives/selection）	2026-09-21 13:26
3kwdA	negative	3kwd	A	3kwdA	N	0	1	verified_negative		0	not_applicable	verified_negative					0.865		unknotted	unknotted								0	166				3a7s_A(204)			legacy topology 表族 2026-09-14（eligibility/verdict/support/annotations/negatives/selection）	2026-09-21 13:26
3kweA	negative	3kwe	A	3kweA	N	0	1	verified_negative		0	not_applicable	verified_negative					0.87		unknotted	unknotted								0	166				3a7s_A(204)			legacy topology 表族 2026-09-14（eligibility/verdict/support/annotations/negatives/selection）	2026-09-21 13:26
3l5lA	negative	3l5l	A	3l5lA	N	0	1	verified_negative		0	not_applicable	verified_negative					0.775		unknotted	unknotted								0	359				4ce4_z(426);7nxg_A(390)			legacy topology 表族 2026-09-14（eligibility/verdict/support/annotations/negatives/selection）	2026-09-21 13:26
3lepA	negative	3lep	A	3lepA	N	0	1	verified_negative		0	not_applicable	verified_negative					0.735		unknotted	unknotted								0	313				3iyk_A(307);5vhi_E(311);6w8r_A(364)			legacy topology 表族 2026-09-14（eligibility/verdict/support/annotations/negatives/selection）	2026-09-21 13:26
3ljmA	negative	3ljm	A	3ljmA	N	0	1	verified_negative		0	not_applicable	verified_negative					1.0		unknotted	unknotted								0	29				2k0a_A(109)			legacy topology 表族 2026-09-14（eligibility/verdict/support/annotations/negatives/selection）	2026-09-21 13:26
3lo8A	negative	3lo8	A	3lo8A	N	0	1	verified_negative		0	not_applicable	verified_negative					0.785		unknotted	unknotted								0	302				6qqm_A(277)			legacy topology 表族 2026-09-14（eligibility/verdict/support/annotations/negatives/selection）	2026-09-21 13:26
3lqbA	negative	3lqb	A	3lqbA	N	0	1	verified_negative		0	not_applicable	verified_negative					0.85		unknotted	unknotted								0	198				6y9j_A(231)			legacy topology 表族 2026-09-14（eligibility/verdict/support/annotations/negatives/selection）	2026-09-21 13:26
3lwxA	negative	3lwx	A	3lwxA	N	0	1	verified_negative		0	not_applicable	verified_negative					0.985		unknotted	unknotted								0	199				6y9j_A(231)			legacy topology 表族 2026-09-14（eligibility/verdict/support/annotations/negatives/selection）	2026-09-21 13:26
3lz3A	negative	3lz3	A	3lz3A	N	0	1	verified_negative		0	not_applicable	verified_negative					0.74		unknotted	unknotted								0	312				4kjr_A(325)			legacy topology 表族 2026-09-14（eligibility/verdict/support/annotations/negatives/selection）	2026-09-21 13:26
3m5qA	negative	3m5q	A	3m5qA	N	0	1	verified_negative		0	not_applicable	verified_negative					0.755		unknotted	unknotted								0	357				8axz_A(379)			legacy topology 表族 2026-09-14（eligibility/verdict/support/annotations/negatives/selection）	2026-09-21 13:26
3m6uA	negative	3m6u	A	3m6uA	N	0	1	verified_negative		0	not_applicable	verified_negative					0.785		unknotted	unknotted								0	438				6bwi_A(816)			legacy topology 表族 2026-09-14（eligibility/verdict/support/annotations/negatives/selection）	2026-09-21 13:26
3m8mA	negative	3m8m	A	3m8mA	N	0	1	verified_negative		0	not_applicable	verified_negative					0.74		unknotted	unknotted								0	357				7d5q_A(403)			legacy topology 表族 2026-09-14（eligibility/verdict/support/annotations/negatives/selection）	2026-09-21 13:26
3m9jA	negative	3m9j	A	3m9jA	N	0	1	verified_negative		0	not_applicable	verified_negative					0.545		unknotted	unknotted								0	105				6y9j_A(231)			legacy topology 表族 2026-09-14（eligibility/verdict/support/annotations/negatives/selection）	2026-09-21 13:26
3mcwA	negative	3mcw	A	3mcwA	N	0	1	verified_negative		0	not_applicable	verified_negative					0.785		unknotted	unknotted								0	195				7aoi_XO(398)			legacy topology 表族 2026-09-14（eligibility/verdict/support/annotations/negatives/selection）	2026-09-21 13:26
3mjvA	negative	3mjv	A	3mjvA	N	0	1	verified_negative		0	not_applicable	verified_negative					0.76		unknotted	unknotted								0	476				5aor_A(1009)			legacy topology 表族 2026-09-14（eligibility/verdict/support/annotations/negatives/selection）	2026-09-21 13:26
3mncA	negative	3mnc	A	3mncA	N	0	1	verified_negative		0	not_applicable	verified_negative					0.74		unknotted	unknotted								0	240				6zr9_A(258)			legacy topology 表族 2026-09-14（eligibility/verdict/support/annotations/negatives/selection）	2026-09-21 13:26
3mtyA	negative	3mty	A	3mtyA	N	0	1	verified_negative		0	not_applicable	verified_negative					0.775		unknotted	unknotted								0	240				2hfy_A(259);6f38_Y(264);7o4i_R(268)			legacy topology 表族 2026-09-14（eligibility/verdict/support/annotations/negatives/selection）	2026-09-21 13:26
3mu4A	negative	3mu4	A	3mu4A	N	0	1	verified_negative		0	not_applicable	verified_negative					0.7		unknotted	unknotted								0	240				2hfy_A(259);6f38_Y(264)			legacy topology 表族 2026-09-14（eligibility/verdict/support/annotations/negatives/selection）	2026-09-21 13:26
3mvsA	negative	3mvs	A	3mvsA	N	0	1	verified_negative		0	not_applicable	verified_negative					0.995		unknotted	unknotted								0	210				6qqw_A(212)			legacy topology 表族 2026-09-14（eligibility/verdict/support/annotations/negatives/selection）	2026-09-21 13:26
3mwpA	negative	3mwp	A	3mwpA	N	0	1	verified_negative		0	not_applicable	verified_negative					0.825		unknotted	unknotted								0	512				7abg_s(1722)			legacy topology 表族 2026-09-14（eligibility/verdict/support/annotations/negatives/selection）	2026-09-21 13:26
3n8uA	negative	3n8u	A	3n8uA	N	0	1	verified_negative		0	not_applicable	verified_negative					0.865		unknotted	unknotted								0	352				3oc3_A(752)			legacy topology 表族 2026-09-14（eligibility/verdict/support/annotations/negatives/selection）	2026-09-21 13:26
3nbcA	negative	3nbc	A	3nbcA	N	0	1	verified_negative		0	not_applicable	verified_negative					0.83		unknotted	unknotted								0	148				1js1_X(324);2cav_A(346);3b1b_A(310)			legacy topology 表族 2026-09-14（eligibility/verdict/support/annotations/negatives/selection）	2026-09-21 13:26
3ndwA	negative	3ndw	A	3ndwA	N	0	1	verified_negative		0	not_applicable	verified_negative					0.87		unknotted	unknotted								0	99				4jwh_A(185)			legacy topology 表族 2026-09-14（eligibility/verdict/support/annotations/negatives/selection）	2026-09-21 13:26
3ndxA	negative	3ndx	A	3ndxA	N	0	1	verified_negative		0	not_applicable	verified_negative					0.855		unknotted	unknotted								0	99				4wz7_E(195)			legacy topology 表族 2026-09-14（eligibility/verdict/support/annotations/negatives/selection）	2026-09-21 13:26
3no0A	negative	3no0	A	3no0A	N	0	1	verified_negative		0	not_applicable	verified_negative					0.91		unknotted	unknotted								0	276				5a1x_G(813)			legacy topology 表族 2026-09-14（eligibility/verdict/support/annotations/negatives/selection）	2026-09-21 13:26
3novA	negative	3nov	A	3novA	N	0	1	verified_negative		0	not_applicable	verified_negative					0.89		unknotted	unknotted								0	230				3jyw_E(237)			legacy topology 表族 2026-09-14（eligibility/verdict/support/annotations/negatives/selection）	2026-09-21 13:26
3nqfA	negative	3nqf	A	3nqfA	N	0	1	verified_negative		0	not_applicable	verified_negative					0.845		unknotted	unknotted								0	219				3fr7_A(495)			legacy topology 表族 2026-09-14（eligibility/verdict/support/annotations/negatives/selection）	2026-09-21 13:26
3nu3A	negative	3nu3	A	3nu3A	N	0	1	verified_negative		0	not_applicable	verified_negative					0.89		unknotted	unknotted								0	99				4wz7_E(195)			legacy topology 表族 2026-09-14（eligibility/verdict/support/annotations/negatives/selection）	2026-09-21 13:26
3nu6A	negative	3nu6	A	3nu6A	N	0	1	verified_negative		0	not_applicable	verified_negative					0.85		unknotted	unknotted								0	99				3o0p_A(194)			legacy topology 表族 2026-09-14（eligibility/verdict/support/annotations/negatives/selection）	2026-09-21 13:26
3nvsA	negative	3nvs	A	3nvsA	N	0	1	verified_negative		0	not_applicable	verified_negative					0.805		unknotted	unknotted								0	426				4ce4_z(426)			legacy topology 表族 2026-09-14（eligibility/verdict/support/annotations/negatives/selection）	2026-09-21 13:26
3nycA	negative	3nyc	A	3nycA	N	0	1	verified_negative		0	not_applicable	verified_negative					0.895		unknotted	unknotted								0	381				7aoi_XO(398)			legacy topology 表族 2026-09-14（eligibility/verdict/support/annotations/negatives/selection）	2026-09-21 13:26
3nydA	negative	3nyd	A	3nydA	N	0	1	verified_negative		0	not_applicable	verified_negative					0.88		unknotted	unknotted								0	303				4ye9_A(709)			legacy topology 表族 2026-09-14（eligibility/verdict/support/annotations/negatives/selection）	2026-09-21 13:26
3nznA	negative	3nzn	A	3nznA	N	0	1	verified_negative		0	not_applicable	verified_negative					0.795		unknotted	unknotted								0	103				6qqw_A(212)			legacy topology 表族 2026-09-14（eligibility/verdict/support/annotations/negatives/selection）	2026-09-21 13:26
3o5pA	negative	3o5p	A	3o5pA	N	0	1	verified_negative		0	not_applicable	verified_negative					0.885		unknotted	unknotted								0	128				1giy_M(117)			legacy topology 表族 2026-09-14（eligibility/verdict/support/annotations/negatives/selection）	2026-09-21 13:26
3oddA	negative	3odd	A	3oddA	N	0	1	verified_negative		0	not_applicable	verified_negative					0.725		unknotted	unknotted								0	240				6qqw_A(212)			legacy topology 表族 2026-09-14（eligibility/verdict/support/annotations/negatives/selection）	2026-09-21 13:26
3odfA	negative	3odf	A	3odfA	N	0	1	verified_negative		0	not_applicable	verified_negative					0.7		unknotted	unknotted								0	240				6qqw_A(212)			legacy topology 表族 2026-09-14（eligibility/verdict/support/annotations/negatives/selection）	2026-09-21 13:26
3oqpA	negative	3oqp	A	3oqpA	N	0	1	verified_negative		0	not_applicable	verified_negative					0.915		unknotted	unknotted								0	208				3qfh_A(424)			legacy topology 表族 2026-09-14（eligibility/verdict/support/annotations/negatives/selection）	2026-09-21 13:26
3oruA	negative	3oru	A	3oruA	N	0	1	verified_negative		0	not_applicable	verified_negative					0.73		unknotted	unknotted								0	231				3cwo_X(236);7o4i_R(268)			legacy topology 表族 2026-09-14（eligibility/verdict/support/annotations/negatives/selection）	2026-09-21 13:26
3oxcA	negative	3oxc	A	3oxcA	N	0	1	verified_negative		0	not_applicable	verified_negative					0.89		unknotted	unknotted								0	99				3o7b_A(216)			legacy topology 表族 2026-09-14（eligibility/verdict/support/annotations/negatives/selection）	2026-09-21 13:26
3pfzA	negative	3pfz	A	3pfzA	N	0	1	verified_negative		0	not_applicable	verified_negative					0.58		unknotted	unknotted								0	436				1yrl_A(487)			legacy topology 表族 2026-09-14（eligibility/verdict/support/annotations/negatives/selection）	2026-09-21 13:26
3qpaA	negative	3qpa	A	3qpaA	N	0	1	verified_negative		0	not_applicable	verified_negative					0.765		unknotted	unknotted								0	197				1v2x_A(191)			legacy topology 表族 2026-09-14（eligibility/verdict/support/annotations/negatives/selection）	2026-09-21 13:26
3qzrA	negative	3qzr	A	3qzrA	N	0	1	verified_negative		0	not_applicable	verified_negative					0.96		unknotted	unknotted								0	180				5gao_E(338)			legacy topology 表族 2026-09-14（eligibility/verdict/support/annotations/negatives/selection）	2026-09-21 13:26
3rcgA	negative	3rcg	A	3rcgA	N	0	1	verified_negative		0	not_applicable	verified_negative					0.855		unknotted	unknotted								0	164				2qwv_A(188)			legacy topology 表族 2026-09-14（eligibility/verdict/support/annotations/negatives/selection）	2026-09-21 13:26
3rpcA	negative	3rpc	A	3rpcA	N	0	1	verified_negative		0	not_applicable	verified_negative					0.835		unknotted	unknotted								0	262				6baj_A(995)			legacy topology 表族 2026-09-14（eligibility/verdict/support/annotations/negatives/selection）	2026-09-21 13:26
3rvkA	negative	3rvk	A	3rvkA	N	0	1	verified_negative		0	not_applicable	verified_negative					0.895		unknotted	unknotted								0	129				2pps_F(130)			legacy topology 表族 2026-09-14（eligibility/verdict/support/annotations/negatives/selection）	2026-09-21 13:26
3rwaA	negative	3rwa	A	3rwaA	N	0	1	verified_negative		0	not_applicable	verified_negative					0.895		unknotted	unknotted								1	232				6wjv_A(1951)			legacy topology 表族 2026-09-14（eligibility/verdict/support/annotations/negatives/selection）	2026-09-21 13:26
3rznA	negative	3rzn	A	3rznA	N	0	1	verified_negative		0	not_applicable	verified_negative					0.84		unknotted	unknotted								0	206				6y9j_A(231)			legacy topology 表族 2026-09-14（eligibility/verdict/support/annotations/negatives/selection）	2026-09-21 13:26
3s19A	negative	3s19	A	3s19A	N	0	1	verified_negative		0	not_applicable	verified_negative					0.895		unknotted	unknotted								0	261				6ac6_A(1154)			legacy topology 表族 2026-09-14（eligibility/verdict/support/annotations/negatives/selection）	2026-09-21 13:26
3s92A	negative	3s92	A	3s92A	N	0	1	verified_negative		0	not_applicable	verified_negative					0.94		unknotted	unknotted								0	110				2k0a_A(109)			legacy topology 表族 2026-09-14（eligibility/verdict/support/annotations/negatives/selection）	2026-09-21 13:26
3sg0A	negative	3sg0	A	3sg0A	N	0	1	verified_negative		0	not_applicable	verified_negative					0.83		unknotted	unknotted								0	361				5ikj_A(448)			legacy topology 表族 2026-09-14（eligibility/verdict/support/annotations/negatives/selection）	2026-09-21 13:26
3sk2A	negative	3sk2	A	3sk2A	N	0	1	verified_negative		0	not_applicable	verified_negative					0.935		unknotted	unknotted								0	132				1gz0_A(242);3b1b_A(310)			legacy topology 表族 2026-09-14（eligibility/verdict/support/annotations/negatives/selection）	2026-09-21 13:26
3su0A	negative	3su0	A	3su0A	N	0	1	verified_negative		0	not_applicable	verified_negative					0.95		unknotted	unknotted								0	198				3o0p_A(194)			legacy topology 表族 2026-09-14（eligibility/verdict/support/annotations/negatives/selection）	2026-09-21 13:26
3teuA	negative	3teu	A	3teuA	N	0	1	verified_negative		0	not_applicable	verified_negative					0.97		unknotted	unknotted								0	98				7bqd_A(88)			legacy topology 表族 2026-09-14（eligibility/verdict/support/annotations/negatives/selection）	2026-09-21 13:26
3tg2A	negative	3tg2	A	3tg2A	N	0	1	verified_negative		0	not_applicable	verified_negative					0.715		unknotted	unknotted								0	205				2hfy_A(259);7plf_AAA(258)			legacy topology 表族 2026-09-14（eligibility/verdict/support/annotations/negatives/selection）	2026-09-21 13:26
3tlaA	negative	3tla	A	3tlaA	N	0	1	verified_negative		0	not_applicable	verified_negative					0.63		unknotted	unknotted								0	335				6nd4_N(678)			legacy topology 表族 2026-09-14（eligibility/verdict/support/annotations/negatives/selection）	2026-09-21 13:26
3tohA	negative	3toh	A	3tohA	N	0	1	verified_negative		0	not_applicable	verified_negative					0.9		unknotted	unknotted								0	99				6y5q_q(178)			legacy topology 表族 2026-09-14（eligibility/verdict/support/annotations/negatives/selection）	2026-09-21 13:26
3u3hA	negative	3u3h	A	3u3hA	N	0	1	verified_negative		0	not_applicable	verified_negative					0.9		unknotted	unknotted								0	386				1w5c_X(359)			legacy topology 表族 2026-09-14（eligibility/verdict/support/annotations/negatives/selection）	2026-09-21 13:26
3u81A	negative	3u81	A	3u81A	N	0	1	verified_negative		0	not_applicable	verified_negative					0.97		unknotted	unknotted								0	218				3bbd_A(204)			legacy topology 表族 2026-09-14（eligibility/verdict/support/annotations/negatives/selection）	2026-09-21 13:26
3u99A	negative	3u99	A	3u99A	N	0	1	verified_negative		0	not_applicable	verified_negative					0.975		unknotted	unknotted								0	123				7nt0_AAA(169)			legacy topology 表族 2026-09-14（eligibility/verdict/support/annotations/negatives/selection）	2026-09-21 13:26
3ur8A	negative	3ur8	A	3ur8A	N	0	1	verified_negative		0	not_applicable	verified_negative					0.71		unknotted	unknotted								0	321				5ylz_W(703)			legacy topology 表族 2026-09-14（eligibility/verdict/support/annotations/negatives/selection）	2026-09-21 13:26
3urdA	negative	3urd	A	3urdA	N	0	1	verified_negative		0	not_applicable	verified_negative					0.89		unknotted	unknotted								0	198				1zjr_A(197)			legacy topology 表族 2026-09-14（eligibility/verdict/support/annotations/negatives/selection）	2026-09-21 13:26
3v9kA	negative	3v9k	A	3v9kA	N	0	1	verified_negative		0	not_applicable	verified_negative					0.885		unknotted	unknotted								0	534				6ac6_A(1154)			legacy topology 表族 2026-09-14（eligibility/verdict/support/annotations/negatives/selection）	2026-09-21 13:26
3vigA	negative	3vig	A	3vigA	N	0	1	verified_negative		0	not_applicable	verified_negative					0.69		unknotted	unknotted								0	472				8bor_A(457)			legacy topology 表族 2026-09-14（eligibility/verdict/support/annotations/negatives/selection）	2026-09-21 13:26
3vioA	negative	3vio	A	3vioA	N	0	1	verified_negative		0	not_applicable	verified_negative					0.65		unknotted	unknotted								0	472				6xp5_Q(476)			legacy topology 表族 2026-09-14（eligibility/verdict/support/annotations/negatives/selection）	2026-09-21 13:26
3vm9A	negative	3vm9	A	3vm9A	N	0	1	verified_negative		0	not_applicable	verified_negative					0.995		unknotted	unknotted								0	153				6qqm_A(277)			legacy topology 表族 2026-09-14（eligibility/verdict/support/annotations/negatives/selection）	2026-09-21 13:26
3vsvA	negative	3vsv	A	3vsvA	N	0	1	verified_negative		0	not_applicable	verified_negative					0.855		unknotted	unknotted								0	638				6l7e_A(2454)			legacy topology 表族 2026-09-14（eligibility/verdict/support/annotations/negatives/selection）	2026-09-21 13:26
3vtoA	negative	3vto	A	3vtoA	N	0	1	verified_negative		0	not_applicable	verified_negative					0.995		unknotted	unknotted								0	99				3oc3_A(752)			legacy topology 表族 2026-09-14（eligibility/verdict/support/annotations/negatives/selection）	2026-09-21 13:26
3vwnX	negative	3vwn	X	3vwnX	N	0	1	verified_negative		0	not_applicable	verified_negative					0.75		unknotted	unknotted								0	384				5l25_A(399)			legacy topology 表族 2026-09-14（eligibility/verdict/support/annotations/negatives/selection）	2026-09-21 13:26
3w42A	negative	3w42	A	3w42A	N	0	1	verified_negative		0	not_applicable	verified_negative					0.93		unknotted	unknotted								0	199				7aoi_XO(398)			legacy topology 表族 2026-09-14（eligibility/verdict/support/annotations/negatives/selection）	2026-09-21 13:26
3w4pA	negative	3w4p	A	3w4pA	N	0	1	verified_negative		0	not_applicable	verified_negative					0.835		unknotted	unknotted								0	266				5zep_0(262)			legacy topology 表族 2026-09-14（eligibility/verdict/support/annotations/negatives/selection）	2026-09-21 13:26
3whaA	negative	3wha	A	3whaA	N	0	1	verified_negative		0	not_applicable	verified_negative					0.865		unknotted	unknotted								0	209				6zbl_B(498)			legacy topology 表族 2026-09-14（eligibility/verdict/support/annotations/negatives/selection）	2026-09-21 13:26
3wjdA	negative	3wjd	A	3wjdA	N	0	1	verified_negative		0	not_applicable	verified_negative					0.955		unknotted	unknotted								0	153				3kty_A(167)			legacy topology 表族 2026-09-14（eligibility/verdict/support/annotations/negatives/selection）	2026-09-21 13:26
3wjgA	negative	3wjg	A	3wjgA	N	0	1	verified_negative		0	not_applicable	verified_negative					0.935		unknotted	unknotted								0	153				3kty_A(167)			legacy topology 表族 2026-09-14（eligibility/verdict/support/annotations/negatives/selection）	2026-09-21 13:26
3wl2A	negative	3wl2	A	3wl2A	N	0	1	verified_negative		0	not_applicable	verified_negative					0.875		unknotted	unknotted								0	129				3ihr_A(282)			legacy topology 表族 2026-09-14（eligibility/verdict/support/annotations/negatives/selection）	2026-09-21 13:26
3wmvA	negative	3wmv	A	3wmvA	N	0	1	verified_negative		0	not_applicable	verified_negative					0.84		unknotted	unknotted								0	150				7lkf_A(281)			legacy topology 表族 2026-09-14（eligibility/verdict/support/annotations/negatives/selection）	2026-09-21 13:26
3wnyA	negative	3wny	A	3wnyA	N	0	1	verified_negative		0	not_applicable	verified_negative					0.835		unknotted	unknotted								0	56				6zbl_B(498)			legacy topology 表族 2026-09-14（eligibility/verdict/support/annotations/negatives/selection）	2026-09-21 13:26
3wx7A	negative	3wx7	A	3wx7A	N	0	1	verified_negative		0	not_applicable	verified_negative					0.81		unknotted	unknotted								0	402				5a1x_G(813)			legacy topology 表族 2026-09-14（eligibility/verdict/support/annotations/negatives/selection）	2026-09-21 13:26
3wy2A	negative	3wy2	A	3wy2A	N	0	1	verified_negative		0	not_applicable	verified_negative					0.765		unknotted	unknotted								0	535				6xr4_A(1040)			legacy topology 表族 2026-09-14（eligibility/verdict/support/annotations/negatives/selection）	2026-09-21 13:26
3wypA	negative	3wyp	A	3wypA	N	0	1	verified_negative		0	not_applicable	verified_negative					0.92		unknotted	unknotted								0	120				6zbl_B(498)			legacy topology 表族 2026-09-14（eligibility/verdict/support/annotations/negatives/selection）	2026-09-21 13:26
3x0kA	negative	3x0k	A	3x0kA	N	0	1	verified_negative		0	not_applicable	verified_negative					0.93		unknotted	unknotted								0	153				2qwv_A(188)			legacy topology 表族 2026-09-14（eligibility/verdict/support/annotations/negatives/selection）	2026-09-21 13:26
3x0nA	negative	3x0n	A	3x0nA	N	0	1	verified_negative		0	not_applicable	verified_negative					0.87		unknotted	unknotted								0	154				6y5q_q(178)			legacy topology 表族 2026-09-14（eligibility/verdict/support/annotations/negatives/selection）	2026-09-21 13:26
3x0sA	negative	3x0s	A	3x0sA	N	0	1	verified_negative		0	not_applicable	verified_negative					0.89		unknotted	unknotted								0	154				3kty_A(167)			legacy topology 表族 2026-09-14（eligibility/verdict/support/annotations/negatives/selection）	2026-09-21 13:26
3x0tA	negative	3x0t	A	3x0tA	N	0	1	verified_negative		0	not_applicable	verified_negative					0.92		unknotted	unknotted								0	112				5if3_A(216)			legacy topology 表族 2026-09-14（eligibility/verdict/support/annotations/negatives/selection）	2026-09-21 13:26
3x1yA	negative	3x1y	A	3x1yA	N	0	1	verified_negative		0	not_applicable	verified_negative					0.83		unknotted	unknotted								0	166				3dcm_X(188)			legacy topology 表族 2026-09-14（eligibility/verdict/support/annotations/negatives/selection）	2026-09-21 13:26
3zhoA	negative	3zho	A	3zhoA	N	0	1	verified_negative		0	not_applicable	verified_negative					0.93		unknotted	unknotted								0	194				5l25_A(399)			legacy topology 表族 2026-09-14（eligibility/verdict/support/annotations/negatives/selection）	2026-09-21 13:26
3zitA	negative	3zit	A	3zitA	N	0	1	verified_negative		0	not_applicable	verified_negative					0.92		unknotted	unknotted								0	74				6yxy_UX(180)			legacy topology 表族 2026-09-14（eligibility/verdict/support/annotations/negatives/selection）	2026-09-21 13:26
3ziyA	negative	3ziy	A	3ziyA	N	0	1	verified_negative		0	not_applicable	verified_negative					0.895		unknotted	unknotted								0	457				4ce4_z(426)			legacy topology 表族 2026-09-14（eligibility/verdict/support/annotations/negatives/selection）	2026-09-21 13:26
3zojA	negative	3zoj	A	3zojA	N	0	1	verified_negative		0	not_applicable	verified_negative					0.885		unknotted	unknotted								0	263				3gyq_A(261)			legacy topology 表族 2026-09-14（eligibility/verdict/support/annotations/negatives/selection）	2026-09-21 13:26
3zqyA	negative	3zqy	A	3zqyA	N	0	1	verified_negative		0	not_applicable	verified_negative					0.97		unknotted	unknotted								0	126				2w6e_G(122)			legacy topology 表族 2026-09-14（eligibility/verdict/support/annotations/negatives/selection）	2026-09-21 13:26
3zy7A	negative	3zy7	A	3zy7A	N	0	1	verified_negative		0	not_applicable	verified_negative					0.97		unknotted	unknotted								0	116				6y7c_i(261)			legacy topology 表族 2026-09-14（eligibility/verdict/support/annotations/negatives/selection）	2026-09-21 13:26
4a7uA	negative	4a7u	A	4a7uA	N	0	1	verified_negative		0	not_applicable	verified_negative					0.83		unknotted	unknotted								0	153				7c1z_A(356)			legacy topology 表族 2026-09-14（eligibility/verdict/support/annotations/negatives/selection）	2026-09-21 13:26
4a8nA	negative	4a8n	A	4a8nA	N	0	1	verified_negative		0	not_applicable	verified_negative					0.845		unknotted	unknotted								0	386				5l25_A(399)			legacy topology 表族 2026-09-14（eligibility/verdict/support/annotations/negatives/selection）	2026-09-21 13:26
4ateA	negative	4ate	A	4ateA	N	0	1	verified_negative		0	not_applicable	verified_negative					0.785		unknotted	unknotted								0	255				5cjl_A(257)			legacy topology 表族 2026-09-14（eligibility/verdict/support/annotations/negatives/selection）	2026-09-21 13:26
4avrA	negative	4avr	A	4avrA	N	0	1	verified_negative		0	not_applicable	verified_negative					0.78		unknotted	unknotted								0	94				1zjr_A(197)			legacy topology 表族 2026-09-14（eligibility/verdict/support/annotations/negatives/selection）	2026-09-21 13:26
4aw7A	negative	4aw7	A	4aw7A	N	0	1	verified_negative		0	not_applicable	verified_negative					0.77		unknotted	unknotted								0	565				2d7d_A(621)			legacy topology 表族 2026-09-14（eligibility/verdict/support/annotations/negatives/selection）	2026-09-21 13:26
4awtA	negative	4awt	A	4awtA	N	0	1	verified_negative		0	not_applicable	verified_negative					0.725		unknotted	unknotted								0	364				2r6e_A(387);6w1s_A(381)			legacy topology 表族 2026-09-14（eligibility/verdict/support/annotations/negatives/selection）	2026-09-21 13:26
4b10A	negative	4b10	A	4b10A	N	0	1	verified_negative		0	not_applicable	verified_negative					0.81		unknotted	unknotted								0	385				6s7p_A(1128)			legacy topology 表族 2026-09-14（eligibility/verdict/support/annotations/negatives/selection）	2026-09-21 13:26
4b4eA	negative	4b4e	A	4b4eA	N	0	1	verified_negative		0	not_applicable	verified_negative					0.905		unknotted	unknotted								0	129				1giy_M(117)			legacy topology 表族 2026-09-14（eligibility/verdict/support/annotations/negatives/selection）	2026-09-21 13:26
4b5wA	negative	4b5w	A	4b5wA	N	0	1	verified_negative		0	not_applicable	verified_negative					0.815		unknotted	unknotted								0	256				7abg_s(1722)			legacy topology 表族 2026-09-14（eligibility/verdict/support/annotations/negatives/selection）	2026-09-21 13:26
4bdxA	negative	4bdx	A	4bdxA	N	0	1	verified_negative		0	not_applicable	verified_negative					0.99		unknotted	unknotted								0	83				2efv_A(82)			legacy topology 表族 2026-09-14（eligibility/verdict/support/annotations/negatives/selection）	2026-09-21 13:26
4bgbA	negative	4bgb	A	4bgbA	N	0	1	verified_negative		0	not_applicable	verified_negative					0.92		unknotted	unknotted								0	316				2d7d_A(621)			legacy topology 表族 2026-09-14（eligibility/verdict/support/annotations/negatives/selection）	2026-09-21 13:26
4bkdA	negative	4bkd	A	4bkdA	N	0	1	verified_negative		0	not_applicable	verified_negative					0.865		unknotted	unknotted								0	159				5gmk_Q(185)			legacy topology 表族 2026-09-14（eligibility/verdict/support/annotations/negatives/selection）	2026-09-21 13:26
4bs6A	negative	4bs6	A	4bs6A	N	0	1	verified_negative		0	not_applicable	verified_negative					0.83		unknotted	unknotted								0	219				5l25_A(399)			legacy topology 表族 2026-09-14（eligibility/verdict/support/annotations/negatives/selection）	2026-09-21 13:26
4bt2A	negative	4bt2	A	4bt2A	N	0	1	verified_negative		0	not_applicable	verified_negative					0.785		unknotted	unknotted								0	237				5cjl_A(257)			legacy topology 表族 2026-09-14（eligibility/verdict/support/annotations/negatives/selection）	2026-09-21 13:26
4bt3A	negative	4bt3	A	4bt3A	N	0	1	verified_negative		0	not_applicable	verified_negative					0.795		unknotted	unknotted								0	236				5cjl_A(257)			legacy topology 表族 2026-09-14（eligibility/verdict/support/annotations/negatives/selection）	2026-09-21 13:26
4bt5A	negative	4bt5	A	4bt5A	N	0	1	verified_negative		0	not_applicable	verified_negative					0.73		unknotted	unknotted								0	236				5cjl_A(257)			legacy topology 表族 2026-09-14（eligibility/verdict/support/annotations/negatives/selection）	2026-09-21 13:26
4buhA	negative	4buh	A	4buhA	N	0	1	verified_negative		0	not_applicable	verified_negative					0.925		unknotted	unknotted								0	237				6zbl_B(498)			legacy topology 表族 2026-09-14（eligibility/verdict/support/annotations/negatives/selection）	2026-09-21 13:26
4c1dA	negative	4c1d	A	4c1dA	N	0	1	verified_negative		0	not_applicable	verified_negative					0.91		unknotted	unknotted								0	231				7k1y_B(526)			legacy topology 表族 2026-09-14（eligibility/verdict/support/annotations/negatives/selection）	2026-09-21 13:26
4c1hA	negative	4c1h	A	4c1hA	N	0	1	verified_negative		0	not_applicable	verified_negative					0.925		unknotted	unknotted								0	221				6s4q_A(243)			legacy topology 表族 2026-09-14（eligibility/verdict/support/annotations/negatives/selection）	2026-09-21 13:26
4c4rA	negative	4c4r	A	4c4rA	N	0	1	verified_negative		0	not_applicable	verified_negative					0.93		unknotted	unknotted								0	218				6s4q_A(243)			legacy topology 表族 2026-09-14（eligibility/verdict/support/annotations/negatives/selection）	2026-09-21 13:26
4c5mA	negative	4c5m	A	4c5mA	N	0	1	verified_negative		0	not_applicable	verified_negative					0.82		unknotted	unknotted								0	273				7cu3_A(1277)			legacy topology 表族 2026-09-14（eligibility/verdict/support/annotations/negatives/selection）	2026-09-21 13:26
4caeA	negative	4cae	A	4caeA	N	0	1	verified_negative		0	not_applicable	verified_negative					0.755		unknotted	unknotted								0	384				5aor_A(1009)			legacy topology 表族 2026-09-14（eligibility/verdict/support/annotations/negatives/selection）	2026-09-21 13:26
4co3A	negative	4co3	A	4co3A	N	0	1	verified_negative		0	not_applicable	verified_negative					0.935		unknotted	unknotted								0	104				5zep_0(262)			legacy topology 表族 2026-09-14（eligibility/verdict/support/annotations/negatives/selection）	2026-09-21 13:26
4cpfA	negative	4cpf	A	4cpfA	N	0	1	verified_negative		0	not_applicable	verified_negative					0.98		unknotted	unknotted								0	119				1uak_A(243)			legacy topology 表族 2026-09-14（eligibility/verdict/support/annotations/negatives/selection）	2026-09-21 13:26
4cssA	negative	4css	A	4cssA	N	0	1	verified_negative		0	not_applicable	verified_negative					0.94		unknotted	unknotted								0	155				4fmw_A(178)			legacy topology 表族 2026-09-14（eligibility/verdict/support/annotations/negatives/selection）	2026-09-21 13:26
4cstA	negative	4cst	A	4cstA	N	0	1	verified_negative		0	not_applicable	verified_negative					0.94		unknotted	unknotted								0	159				3kty_A(167)			legacy topology 表族 2026-09-14（eligibility/verdict/support/annotations/negatives/selection）	2026-09-21 13:26
4cybA	negative	4cyb	A	4cybA	N	0	1	verified_negative		0	not_applicable	verified_negative					0.94		unknotted	unknotted								0	172				6rwb_A(1873)			legacy topology 表族 2026-09-14（eligibility/verdict/support/annotations/negatives/selection）	2026-09-21 13:26
4cznA	negative	4czn	A	4cznA	N	0	1	verified_negative		0	not_applicable	verified_negative					0.815		unknotted	unknotted								0	366				3e0j_A(416)			legacy topology 表族 2026-09-14（eligibility/verdict/support/annotations/negatives/selection）	2026-09-21 13:26
4czoA	negative	4czo	A	4czoA	N	0	1	verified_negative		0	not_applicable	verified_negative					0.84		unknotted	unknotted								0	367				6hc7_A(406)			legacy topology 表族 2026-09-14（eligibility/verdict/support/annotations/negatives/selection）	2026-09-21 13:26
4czqA	negative	4czq	A	4czqA	N	0	1	verified_negative		0	not_applicable	verified_negative					0.85		unknotted	unknotted								0	367				3e0j_A(416)			legacy topology 表族 2026-09-14（eligibility/verdict/support/annotations/negatives/selection）	2026-09-21 13:26
4de0A	negative	4de0	A	4de0A	N	0	1	verified_negative		0	not_applicable	verified_negative					0.835		unknotted	unknotted								0	263				6nbq_F(582)			legacy topology 表族 2026-09-14（eligibility/verdict/support/annotations/negatives/selection）	2026-09-21 13:26
4dmtA	negative	4dmt	A	4dmtA	N	0	1	verified_negative		0	not_applicable	verified_negative					1.0		unknotted	unknotted								0	30				6qx9_BP(100)			legacy topology 表族 2026-09-14（eligibility/verdict/support/annotations/negatives/selection）	2026-09-21 13:26
4dp9X	negative	4dp9	X	4dp9X	N	0	1	verified_negative		0	not_applicable	verified_negative					0.945		unknotted	unknotted								0	99				7bqd_A(88)			legacy topology 表族 2026-09-14（eligibility/verdict/support/annotations/negatives/selection）	2026-09-21 13:26
4dpbX	negative	4dpb	X	4dpbX	N	0	1	verified_negative		0	not_applicable	verified_negative					0.97		unknotted	unknotted								0	99				7bqd_A(88)			legacy topology 表族 2026-09-14（eligibility/verdict/support/annotations/negatives/selection）	2026-09-21 13:26
4dwvA	negative	4dwv	A	4dwvA	N	0	1	verified_negative		0	not_applicable	verified_negative					0.695		unknotted	unknotted								0	374				3wpc_A(747)			legacy topology 表族 2026-09-14（eligibility/verdict/support/annotations/negatives/selection）	2026-09-21 13:26
4ea9A	negative	4ea9	A	4ea9A	N	0	1	verified_negative		0	not_applicable	verified_negative					0.925		unknotted	unknotted								0	207				1v6z_A(227)			legacy topology 表族 2026-09-14（eligibility/verdict/support/annotations/negatives/selection）	2026-09-21 13:26
4eguA	negative	4egu	A	4eguA	N	0	1	verified_negative		0	not_applicable	verified_negative					0.98		unknotted	unknotted								0	118				6uev_A(219)			legacy topology 表族 2026-09-14（eligibility/verdict/support/annotations/negatives/selection）	2026-09-21 13:26
4ekfA	negative	4ekf	A	4ekfA	N	0	1	verified_negative		0	not_applicable	verified_negative					0.925		unknotted	unknotted								0	192				3ilk_A(239)			legacy topology 表族 2026-09-14（eligibility/verdict/support/annotations/negatives/selection）	2026-09-21 13:26
4eusA	negative	4eus	A	4eusA	N	0	1	verified_negative		0	not_applicable	verified_negative					0.81		unknotted	unknotted								0	293				3pvm_B(1225)			legacy topology 表族 2026-09-14（eligibility/verdict/support/annotations/negatives/selection）	2026-09-21 13:26
4euzA	negative	4euz	A	4euzA	N	0	1	verified_negative		0	not_applicable	verified_negative					0.85		unknotted	unknotted								0	270				7nh8_AAA(258)			legacy topology 表族 2026-09-14（eligibility/verdict/support/annotations/negatives/selection）	2026-09-21 13:26
4ey2A	negative	4ey2	A	4ey2A	N	0	1	verified_negative		0	not_applicable	verified_negative					0.895		unknotted	unknotted								0	241				4wz7_A(628)			legacy topology 表族 2026-09-14（eligibility/verdict/support/annotations/negatives/selection）	2026-09-21 13:26
4f18A	negative	4f18	A	4f18A	N	0	1	verified_negative		0	not_applicable	verified_negative					0.835		unknotted	unknotted								0	375				5li4_A(427)			legacy topology 表族 2026-09-14（eligibility/verdict/support/annotations/negatives/selection）	2026-09-21 13:26
4f19A	negative	4f19	A	4f19A	N	0	1	verified_negative		0	not_applicable	verified_negative					0.765		unknotted	unknotted								0	375				5li4_A(427)			legacy topology 表族 2026-09-14（eligibility/verdict/support/annotations/negatives/selection）	2026-09-21 13:26
4f1uA	negative	4f1u	A	4f1uA	N	0	1	verified_negative		0	not_applicable	verified_negative					0.775		unknotted	unknotted								0	375				2r6e_A(387)			legacy topology 表族 2026-09-14（eligibility/verdict/support/annotations/negatives/selection）	2026-09-21 13:26
4f1vA	negative	4f1v	A	4f1vA	N	0	1	verified_negative		0	not_applicable	verified_negative					0.805		unknotted	unknotted								0	372				6tda_X(383)			legacy topology 表族 2026-09-14（eligibility/verdict/support/annotations/negatives/selection）	2026-09-21 13:26
4fcfA	negative	4fcf	A	4fcfA	N	0	1	verified_negative		0	not_applicable	verified_negative					0.835		unknotted	unknotted								0	265				6y7c_i(261)			legacy topology 表族 2026-09-14（eligibility/verdict/support/annotations/negatives/selection）	2026-09-21 13:26
4fegA	negative	4feg	A	4fegA	N	0	1	verified_negative		0	not_applicable	verified_negative					0.775		unknotted	unknotted								0	583				5l9u_A(1342)			legacy topology 表族 2026-09-14（eligibility/verdict/support/annotations/negatives/selection）	2026-09-21 13:26
4fh4A	negative	4fh4	A	4fh4A	N	0	1	verified_negative		0	not_applicable	verified_negative					0.845		unknotted	unknotted								0	265				6y7c_i(261)			legacy topology 表族 2026-09-14（eligibility/verdict/support/annotations/negatives/selection）	2026-09-21 13:26
4fkbA	negative	4fkb	A	4fkbA	N	0	1	verified_negative		0	not_applicable	verified_negative					0.825		unknotted	unknotted								0	387				6nd4_N(678)			legacy topology 表族 2026-09-14（eligibility/verdict/support/annotations/negatives/selection）	2026-09-21 13:26
4fonA	negative	4fon	A	4fonA	N	0	1	verified_negative		0	not_applicable	verified_negative					0.825		unknotted	unknotted								0	279				7lkf_A(281)			legacy topology 表族 2026-09-14（eligibility/verdict/support/annotations/negatives/selection）	2026-09-21 13:26
4g8cA	negative	4g8c	A	4g8cA	N	0	1	verified_negative		0	not_applicable	verified_negative					0.745		unknotted	unknotted								0	275				2vea_A(500)			legacy topology 表族 2026-09-14（eligibility/verdict/support/annotations/negatives/selection）	2026-09-21 13:26
4g9eA	negative	4g9e	A	4g9eA	N	0	1	verified_negative		0	not_applicable	verified_negative					0.815		unknotted	unknotted								0	275				1yrl_A(487)			legacy topology 表族 2026-09-14（eligibility/verdict/support/annotations/negatives/selection）	2026-09-21 13:26
4gbuA	negative	4gbu	A	4gbuA	N	0	1	verified_negative		0	not_applicable	verified_negative					0.7		unknotted	unknotted								0	399				7o2w_B(422)			legacy topology 表族 2026-09-14（eligibility/verdict/support/annotations/negatives/selection）	2026-09-21 13:26
4gcaA	negative	4gca	A	4gcaA	N	0	1	verified_negative		0	not_applicable	verified_negative					0.74		unknotted	unknotted								0	315				4ux8_C(284)			legacy topology 表族 2026-09-14（eligibility/verdict/support/annotations/negatives/selection）	2026-09-21 13:26
4gf6B	negative	4gf6	B	4gf6B	N	0	1	verified_negative		0	not_applicable	verified_negative					0.94		unknotted	unknotted								0	243				6s4q_A(243)			legacy topology 表族 2026-09-14（eligibility/verdict/support/annotations/negatives/selection）	2026-09-21 13:26
4gjzA	negative	4gjz	A	4gjzA	N	0	1	verified_negative		0	not_applicable	verified_negative					0.83		unknotted	unknotted								0	228				5a7y_A(270)			legacy topology 表族 2026-09-14（eligibility/verdict/support/annotations/negatives/selection）	2026-09-21 13:26
4gm0A	negative	4gm0	A	4gm0A	N	0	1	verified_negative		0	not_applicable	verified_negative					0.74		unknotted	unknotted								0	525				1f48_A(548)			legacy topology 表族 2026-09-14（eligibility/verdict/support/annotations/negatives/selection）	2026-09-21 13:26
4gnuA	negative	4gnu	A	4gnuA	N	0	1	verified_negative		0	not_applicable	verified_negative					0.815		unknotted	unknotted								0	265				6w1s_L(524)			legacy topology 表族 2026-09-14（eligibility/verdict/support/annotations/negatives/selection）	2026-09-21 13:26
4gp9A	negative	4gp9	A	4gp9A	N	0	1	verified_negative		0	not_applicable	verified_negative					0.805		unknotted	unknotted								0	525				1f48_A(548)			legacy topology 表族 2026-09-14（eligibility/verdict/support/annotations/negatives/selection）	2026-09-21 13:26
4gvqA	negative	4gvq	A	4gvqA	N	0	1	verified_negative		0	not_applicable	verified_negative					0.95		unknotted	unknotted								0	315				5tj6_A(890)			legacy topology 表族 2026-09-14（eligibility/verdict/support/annotations/negatives/selection）	2026-09-21 13:26
4gvrA	negative	4gvr	A	4gvrA	N	0	1	verified_negative		0	not_applicable	verified_negative					0.955		unknotted	unknotted								0	315				7s9y_A(901)			legacy topology 表族 2026-09-14（eligibility/verdict/support/annotations/negatives/selection）	2026-09-21 13:26
4gxwA	negative	4gxw	A	4gxwA	N	0	1	verified_negative		0	not_applicable	verified_negative					0.905		unknotted	unknotted								0	369				5tj6_A(890)			legacy topology 表族 2026-09-14（eligibility/verdict/support/annotations/negatives/selection）	2026-09-21 13:26
4gyjA	negative	4gyj	A	4gyjA	N	0	1	verified_negative		0	not_applicable	verified_negative					0.73		unknotted	unknotted								0	618				3pvm_B(1225)			legacy topology 表族 2026-09-14（eligibility/verdict/support/annotations/negatives/selection）	2026-09-21 13:26
4h6bA	negative	4h6b	A	4h6bA	N	0	1	verified_negative		0	not_applicable	verified_negative					0.9		unknotted	unknotted								0	180				7bii_A(2143)			legacy topology 表族 2026-09-14（eligibility/verdict/support/annotations/negatives/selection）	2026-09-21 13:26
4h9mA	negative	4h9m	A	4h9mA	N	0	1	verified_negative		0	not_applicable	verified_negative					0.81		unknotted	unknotted								0	836				7s9y_A(901)			legacy topology 表族 2026-09-14（eligibility/verdict/support/annotations/negatives/selection）	2026-09-21 13:26
4hbtA	negative	4hbt	A	4hbtA	N	0	1	verified_negative		0	not_applicable	verified_negative					0.815		unknotted	unknotted								0	262				6s4q_A(243)			legacy topology 表族 2026-09-14（eligibility/verdict/support/annotations/negatives/selection）	2026-09-21 13:26
4hcjA	negative	4hcj	A	4hcjA	N	0	1	verified_negative		0	not_applicable	verified_negative					0.9		unknotted	unknotted								0	173				6y5q_q(178)			legacy topology 表族 2026-09-14（eligibility/verdict/support/annotations/negatives/selection）	2026-09-21 13:26
4hedA	negative	4hed	A	4hedA	N	0	1	verified_negative		0	not_applicable	verified_negative					0.95		unknotted	unknotted								0	70				2efv_A(82)			legacy topology 表族 2026-09-14（eligibility/verdict/support/annotations/negatives/selection）	2026-09-21 13:26
4hk8A	negative	4hk8	A	4hk8A	N	0	1	verified_negative		0	not_applicable	verified_negative					0.855		unknotted	unknotted								0	189				3o0p_A(194)			legacy topology 表族 2026-09-14（eligibility/verdict/support/annotations/negatives/selection）	2026-09-21 13:26
4hnoA	negative	4hno	A	4hnoA	N	0	1	verified_negative		0	not_applicable	verified_negative					0.795		unknotted	unknotted								0	285				3v5u_A(297)			legacy topology 表族 2026-09-14（eligibility/verdict/support/annotations/negatives/selection）	2026-09-21 13:26
4hqzA	negative	4hqz	A	4hqzA	N	0	1	verified_negative		0	not_applicable	verified_negative					0.89		unknotted	unknotted								0	141				3qfh_A(424)			legacy topology 表族 2026-09-14（eligibility/verdict/support/annotations/negatives/selection）	2026-09-21 13:26
4i5uA	negative	4i5u	A	4i5uA	N	0	1	verified_negative		0	not_applicable	verified_negative					0.545		unknotted	unknotted								0	358				3qfh_A(424)			legacy topology 表族 2026-09-14（eligibility/verdict/support/annotations/negatives/selection）	2026-09-21 13:26
4i62A	negative	4i62	A	4i62A	N	0	1	verified_negative		0	not_applicable	verified_negative					0.805		unknotted	unknotted								0	237				7lkf_A(281)			legacy topology 表族 2026-09-14（eligibility/verdict/support/annotations/negatives/selection）	2026-09-21 13:26
4i7vA	negative	4i7v	A	4i7vA	N	0	1	verified_negative		0	not_applicable	verified_negative					0.795		unknotted	unknotted								0	294				7cu3_A(1277)			legacy topology 表族 2026-09-14（eligibility/verdict/support/annotations/negatives/selection）	2026-09-21 13:26
4i8jA	negative	4i8j	A	4i8jA	N	0	1	verified_negative		0	not_applicable	verified_negative					0.76		unknotted	unknotted								0	223				2qmm_A(195)			legacy topology 表族 2026-09-14（eligibility/verdict/support/annotations/negatives/selection）	2026-09-21 13:26
4i8lA	negative	4i8l	A	4i8lA	N	0	1	verified_negative		0	not_applicable	verified_negative					0.76		unknotted	unknotted								0	223				2qmm_A(195)			legacy topology 表族 2026-09-14（eligibility/verdict/support/annotations/negatives/selection）	2026-09-21 13:26
4id4A	negative	4id4	A	4id4A	N	0	1	verified_negative		0	not_applicable	verified_negative					0.79		unknotted	unknotted								0	263				7lkf_A(281)			legacy topology 表族 2026-09-14（eligibility/verdict/support/annotations/negatives/selection）	2026-09-21 13:26
4iixA	negative	4iix	A	4iixA	N	0	1	verified_negative		0	not_applicable	verified_negative					0.55		unknotted	unknotted								0	338				4ye9_A(709)			legacy topology 表族 2026-09-14（eligibility/verdict/support/annotations/negatives/selection）	2026-09-21 13:26
4ipuA	negative	4ipu	A	4ipuA	N	0	1	verified_negative		0	not_applicable	verified_negative					0.915		unknotted	unknotted								0	137				6k4n_A(557)			legacy topology 表族 2026-09-14（eligibility/verdict/support/annotations/negatives/selection）	2026-09-21 13:26
4j5cX	negative	4j5c	X	4j5cX	N	0	1	verified_negative		0	not_applicable	verified_negative					0.86		unknotted	unknotted								0	164				6n8a_A(193)			legacy topology 表族 2026-09-14（eligibility/verdict/support/annotations/negatives/selection）	2026-09-21 13:26
4j5oA	negative	4j5o	A	4j5oA	N	0	1	verified_negative		0	not_applicable	verified_negative					0.89		unknotted	unknotted								0	111				4l69_A(244);7plf_AAA(258)			legacy topology 表族 2026-09-14（eligibility/verdict/support/annotations/negatives/selection）	2026-09-21 13:26
4jccA	negative	4jcc	A	4jccA	N	0	1	verified_negative		0	not_applicable	verified_negative					0.895		unknotted	unknotted								0	284				6iqk_K(264)			legacy topology 表族 2026-09-14（eligibility/verdict/support/annotations/negatives/selection）	2026-09-21 13:26
4jd5A	negative	4jd5	A	4jd5A	N	0	1	verified_negative		0	not_applicable	verified_negative					0.765		unknotted	unknotted								0	525				2d7d_A(621)			legacy topology 表族 2026-09-14（eligibility/verdict/support/annotations/negatives/selection）	2026-09-21 13:26
4jeaA	negative	4jea	A	4jeaA	N	0	1	verified_negative		0	not_applicable	verified_negative					0.955		unknotted	unknotted								0	106				6sg9_DH(472)			legacy topology 表族 2026-09-14（eligibility/verdict/support/annotations/negatives/selection）	2026-09-21 13:26
4jtrA	negative	4jtr	A	4jtrA	N	0	1	verified_negative		0	not_applicable	verified_negative					0.76		unknotted	unknotted								0	316				2bm0_A(666)			legacy topology 表族 2026-09-14（eligibility/verdict/support/annotations/negatives/selection）	2026-09-21 13:26
4jvoA	negative	4jvo	A	4jvoA	N	0	1	verified_negative		0	not_applicable	verified_negative					0.675		unknotted	unknotted								0	336				2bm0_A(666)			legacy topology 表族 2026-09-14（eligibility/verdict/support/annotations/negatives/selection）	2026-09-21 13:26
4k6bA	negative	4k6b	A	4k6bA	N	0	1	verified_negative		0	not_applicable	verified_negative					0.975		unknotted	unknotted								0	154				1jr1_A(436);6xp5_Q(476)			legacy topology 表族 2026-09-14（eligibility/verdict/support/annotations/negatives/selection）	2026-09-21 13:26
4k7yA	negative	4k7y	A	4k7yA	N	0	1	verified_negative		0	not_applicable	verified_negative					0.735		unknotted	unknotted								0	399				4l7i_A(404)			legacy topology 表族 2026-09-14（eligibility/verdict/support/annotations/negatives/selection）	2026-09-21 13:26
4kefA	negative	4kef	A	4kefA	N	0	1	verified_negative		0	not_applicable	verified_negative					1.0		unknotted	unknotted								0	133				3cmi_A(143)			legacy topology 表族 2026-09-14（eligibility/verdict/support/annotations/negatives/selection）	2026-09-21 13:26
4kemA	negative	4kem	A	4kemA	N	0	1	verified_negative		0	not_applicable	verified_negative					0.775		unknotted	unknotted								0	390				1he8_A(749)			legacy topology 表族 2026-09-14（eligibility/verdict/support/annotations/negatives/selection）	2026-09-21 13:26
4knkA	negative	4knk	A	4knkA	N	0	1	verified_negative		0	not_applicable	verified_negative					0.925		unknotted	unknotted								0	206				7lxd_F(459)			legacy topology 表族 2026-09-14（eligibility/verdict/support/annotations/negatives/selection）	2026-09-21 13:26
4kqpA	negative	4kqp	A	4kqpA	N	0	1	verified_negative		0	not_applicable	verified_negative					0.805		unknotted	unknotted								0	230				3ic6_A(213)			legacy topology 表族 2026-09-14（eligibility/verdict/support/annotations/negatives/selection）	2026-09-21 13:26
4ky2A	negative	4ky2	A	4ky2A	N	0	1	verified_negative		0	not_applicable	verified_negative					0.945		unknotted	unknotted								0	116				3eet_A(245)			legacy topology 表族 2026-09-14（eligibility/verdict/support/annotations/negatives/selection）	2026-09-21 13:26
4l05A	negative	4l05	A	4l05A	N	0	1	verified_negative		0	not_applicable	verified_negative					0.91		unknotted	unknotted								0	154				3cmi_A(143)			legacy topology 表族 2026-09-14（eligibility/verdict/support/annotations/negatives/selection）	2026-09-21 13:26
4l6dA	negative	4l6d	A	4l6dA	N	0	1	verified_negative		0	not_applicable	verified_negative					0.82		unknotted	unknotted								0	335				6l7e_A(2454)			legacy topology 表族 2026-09-14（eligibility/verdict/support/annotations/negatives/selection）	2026-09-21 13:26
4lbsA	negative	4lbs	A	4lbsA	N	0	1	verified_negative		0	not_applicable	verified_negative					0.68		unknotted	unknotted								0	316				1by7_A(354)			legacy topology 表族 2026-09-14（eligibility/verdict/support/annotations/negatives/selection）	2026-09-21 13:26
4lbuA	negative	4lbu	A	4lbuA	N	0	1	verified_negative		0	not_applicable	verified_negative					0.78		unknotted	unknotted								0	369				6yub_A(423)			legacy topology 表族 2026-09-14（eligibility/verdict/support/annotations/negatives/selection）	2026-09-21 13:26
4lc8A	negative	4lc8	A	4lc8A	N	0	1	verified_negative		0	not_applicable	verified_negative					0.79		unknotted	unknotted								0	222				3fr7_A(495)			legacy topology 表族 2026-09-14（eligibility/verdict/support/annotations/negatives/selection）	2026-09-21 13:26
4lhdA	negative	4lhd	A	4lhdA	N	0	1	verified_negative		0	not_applicable	verified_negative					0.71		unknotted	unknotted								0	952				7abg_s(1722)			legacy topology 表族 2026-09-14（eligibility/verdict/support/annotations/negatives/selection）	2026-09-21 13:26
4m51A	negative	4m51	A	4m51A	N	0	1	verified_negative		0	not_applicable	verified_negative					0.795		unknotted	unknotted								0	402				1yrl_A(487)			legacy topology 表族 2026-09-14（eligibility/verdict/support/annotations/negatives/selection）	2026-09-21 13:26
4m5lA	negative	4m5l	A	4m5lA	N	0	1	verified_negative		0	not_applicable	verified_negative					0.765		unknotted	unknotted								0	159				3cmi_A(143)			legacy topology 表族 2026-09-14（eligibility/verdict/support/annotations/negatives/selection）	2026-09-21 13:26
4m5mA	negative	4m5m	A	4m5mA	N	0	1	verified_negative		0	not_applicable	verified_negative					0.745		unknotted	unknotted								0	159				6y5q_q(178)			legacy topology 表族 2026-09-14（eligibility/verdict/support/annotations/negatives/selection）	2026-09-21 13:26
4mbyA	negative	4mby	A	4mbyA	N	0	1	verified_negative		0	not_applicable	verified_negative					0.88		unknotted	unknotted								0	277				6l7e_A(2454)			legacy topology 表族 2026-09-14（eligibility/verdict/support/annotations/negatives/selection）	2026-09-21 13:26
4mf5A	negative	4mf5	A	4mf5A	N	0	1	verified_negative		0	not_applicable	verified_negative					0.97		unknotted	unknotted								0	238				3ed7_A(284);7plf_AAA(258)			legacy topology 表族 2026-09-14（eligibility/verdict/support/annotations/negatives/selection）	2026-09-21 13:26
4my0A	negative	4my0	A	4my0A	N	0	1	verified_negative		0	not_applicable	verified_negative					0.79		unknotted	unknotted								0	386				4o9y_A(2490)			legacy topology 表族 2026-09-14（eligibility/verdict/support/annotations/negatives/selection）	2026-09-21 13:26
4o6qA	negative	4o6q	A	4o6qA	N	0	1	verified_negative		0	not_applicable	verified_negative					0.84		unknotted	unknotted								0	182				3ic6_A(213)			legacy topology 表族 2026-09-14（eligibility/verdict/support/annotations/negatives/selection）	2026-09-21 13:26
4o6uA	negative	4o6u	A	4o6uA	N	0	1	verified_negative		0	not_applicable	verified_negative					0.825		unknotted	unknotted								0	182				1cmx_A(214)			legacy topology 表族 2026-09-14（eligibility/verdict/support/annotations/negatives/selection）	2026-09-21 13:26
4o8hA	negative	4o8h	A	4o8hA	N	0	1	verified_negative		0	not_applicable	verified_negative					0.865		unknotted	unknotted								0	164				1v2x_A(191)			legacy topology 表族 2026-09-14（eligibility/verdict/support/annotations/negatives/selection）	2026-09-21 13:26
4o8oA	negative	4o8o	A	4o8oA	N	0	1	verified_negative		0	not_applicable	verified_negative					0.635		unknotted	unknotted								0	303				5ikj_A(448)			legacy topology 表族 2026-09-14（eligibility/verdict/support/annotations/negatives/selection）	2026-09-21 13:26
4o9aA	negative	4o9a	A	4o9aA	N	0	1	verified_negative		0	not_applicable	verified_negative					0.78		unknotted	unknotted								0	392				1xi5_A(1630)			legacy topology 表族 2026-09-14（eligibility/verdict/support/annotations/negatives/selection）	2026-09-21 13:26
4oneA	negative	4one	A	4oneA	N	0	1	verified_negative		0	not_applicable	verified_negative					0.925		unknotted	unknotted								0	253				3pvm_B(1225)			legacy topology 表族 2026-09-14（eligibility/verdict/support/annotations/negatives/selection）	2026-09-21 13:26
4oqiA	negative	4oqi	A	4oqiA	N	0	1	verified_negative		0	not_applicable	verified_negative					0.855		unknotted	unknotted								0	263				3eet_A(245)			legacy topology 表族 2026-09-14（eligibility/verdict/support/annotations/negatives/selection）	2026-09-21 13:26
4p25A	negative	4p25	A	4p25A	N	0	1	verified_negative		0	not_applicable	verified_negative					0.8		unknotted	unknotted								0	288				7kya_A(1174)			legacy topology 表族 2026-09-14（eligibility/verdict/support/annotations/negatives/selection）	2026-09-21 13:26
4p6aA	negative	4p6a	A	4p6aA	N	0	1	verified_negative		0	not_applicable	verified_negative					0.845		unknotted	unknotted								0	114				6qx9_BP(100)			legacy topology 表族 2026-09-14（eligibility/verdict/support/annotations/negatives/selection）	2026-09-21 13:26
4pe0X	negative	4pe0	X	4pe0X	N	0	1	verified_negative		0	not_applicable	verified_negative					0.99		unknotted	unknotted								0	89				1zjr_A(197)			legacy topology 表族 2026-09-14（eligibility/verdict/support/annotations/negatives/selection）	2026-09-21 13:26
4pf4A	negative	4pf4	A	4pf4A	N	0	1	verified_negative		0	not_applicable	verified_negative					0.92		unknotted	unknotted								0	278				6iqk_K(264)			legacy topology 表族 2026-09-14（eligibility/verdict/support/annotations/negatives/selection）	2026-09-21 13:26
4prrA	negative	4prr	A	4prrA	N	0	1	verified_negative		0	not_applicable	verified_negative					0.705		unknotted	unknotted								0	315				1js1_X(324);2cav_A(346);3b1b_A(310)			legacy topology 表族 2026-09-14（eligibility/verdict/support/annotations/negatives/selection）	2026-09-21 13:26
4pssA	negative	4pss	A	4pssA	N	0	1	verified_negative		0	not_applicable	verified_negative					0.805		unknotted	unknotted								0	159				3gbn_L(151)			legacy topology 表族 2026-09-14（eligibility/verdict/support/annotations/negatives/selection）	2026-09-21 13:26
4psyA	negative	4psy	A	4psyA	N	0	1	verified_negative		0	not_applicable	verified_negative					0.775		unknotted	unknotted								0	159				3gbn_L(151)			legacy topology 表族 2026-09-14（eligibility/verdict/support/annotations/negatives/selection）	2026-09-21 13:26
4q4gX	negative	4q4g	X	4q4gX	N	0	1	verified_negative		0	not_applicable	verified_negative					0.83		unknotted	unknotted								0	207				8bor_A(457)			legacy topology 表族 2026-09-14（eligibility/verdict/support/annotations/negatives/selection）	2026-09-21 13:26
4q9wA	negative	4q9w	A	4q9wA	N	0	1	verified_negative		0	not_applicable	verified_negative					0.96		unknotted	unknotted								1	217				4wkk_A(488)			legacy topology 表族 2026-09-14（eligibility/verdict/support/annotations/negatives/selection）	2026-09-21 13:26
4qasA	negative	4qas	A	4qasA	N	0	1	verified_negative		0	not_applicable	verified_negative					0.735		unknotted	unknotted								0	197				7t62_B(432)			legacy topology 表族 2026-09-14（eligibility/verdict/support/annotations/negatives/selection）	2026-09-21 13:26
4qbxA	negative	4qbx	A	4qbxA	N	0	1	verified_negative		0	not_applicable	verified_negative					0.72		unknotted	unknotted								0	316				7c1z_A(356)			legacy topology 表族 2026-09-14（eligibility/verdict/support/annotations/negatives/selection）	2026-09-21 13:26
4qiuA	negative	4qiu	A	4qiuA	N	0	1	verified_negative		0	not_applicable	verified_negative					0.605		unknotted	unknotted								0	350				6bwi_A(816)			legacy topology 表族 2026-09-14（eligibility/verdict/support/annotations/negatives/selection）	2026-09-21 13:26
4qrnA	negative	4qrn	A	4qrnA	N	0	1	verified_negative		0	not_applicable	verified_negative					0.915		unknotted	unknotted								0	352				5l9u_A(1342)			legacy topology 表族 2026-09-14（eligibility/verdict/support/annotations/negatives/selection）	2026-09-21 13:26
4qxvA	negative	4qxv	A	4qxvA	N	0	1	verified_negative		0	not_applicable	verified_negative					0.98		unknotted	unknotted								0	116				1pv2_A(241)			legacy topology 表族 2026-09-14（eligibility/verdict/support/annotations/negatives/selection）	2026-09-21 13:26
4r9aA	negative	4r9a	A	4r9aA	N	0	1	verified_negative		0	not_applicable	verified_negative					0.83		unknotted	unknotted								0	138				2o3a_A(161)			legacy topology 表族 2026-09-14（eligibility/verdict/support/annotations/negatives/selection）	2026-09-21 13:26
4rdcA	negative	4rdc	A	4rdcA	N	0	1	verified_negative		0	not_applicable	verified_negative					0.835		unknotted	unknotted								0	364				3e0j_A(416)			legacy topology 表族 2026-09-14（eligibility/verdict/support/annotations/negatives/selection）	2026-09-21 13:26
4ru3A	negative	4ru3	A	4ru3A	N	0	1	verified_negative		0	not_applicable	verified_negative					1.0		unknotted	unknotted								0	205				6ff0_A(195)			legacy topology 表族 2026-09-14（eligibility/verdict/support/annotations/negatives/selection）	2026-09-21 13:26
4ru5A	negative	4ru5	A	4ru5A	N	0	1	verified_negative		0	not_applicable	verified_negative					0.94		unknotted	unknotted								0	600				1xi5_A(1630)			legacy topology 表族 2026-09-14（eligibility/verdict/support/annotations/negatives/selection）	2026-09-21 13:26
4rxvA	negative	4rxv	A	4rxvA	N	0	1	verified_negative		0	not_applicable	verified_negative					0.925		unknotted	unknotted								0	229				4j3c_A(232)			legacy topology 表族 2026-09-14（eligibility/verdict/support/annotations/negatives/selection）	2026-09-21 13:26
4tpoA	negative	4tpo	A	4tpoA	N	0	1	verified_negative		0	not_applicable	verified_negative					0.87		unknotted	unknotted								0	398				6sga_UY(468)			legacy topology 表族 2026-09-14（eligibility/verdict/support/annotations/negatives/selection）	2026-09-21 13:26
4tx0A	negative	4tx0	A	4tx0A	N	0	1	verified_negative		0	not_applicable	verified_negative					0.835		unknotted	unknotted								0	128				2w6e_G(122)			legacy topology 表族 2026-09-14（eligibility/verdict/support/annotations/negatives/selection）	2026-09-21 13:26
4u2sA	negative	4u2s	A	4u2sA	N	0	1	verified_negative		0	not_applicable	verified_negative					0.69		unknotted	unknotted								0	498				6nbq_F(582)			legacy topology 表族 2026-09-14（eligibility/verdict/support/annotations/negatives/selection）	2026-09-21 13:26
4u2tA	negative	4u2t	A	4u2tA	N	0	1	verified_negative		0	not_applicable	verified_negative					0.75		unknotted	unknotted								0	498				5z79_A(588)			legacy topology 表族 2026-09-14（eligibility/verdict/support/annotations/negatives/selection）	2026-09-21 13:26
4ua4A	negative	4ua4	A	4ua4A	N	0	1	verified_negative		0	not_applicable	verified_negative					0.895		unknotted	unknotted								0	230				7t62_B(432)			legacy topology 表族 2026-09-14（eligibility/verdict/support/annotations/negatives/selection）	2026-09-21 13:26
4ue0A	negative	4ue0	A	4ue0A	N	0	1	verified_negative		0	not_applicable	verified_negative					0.975		unknotted	unknotted								0	115				6yub_A(423)			legacy topology 表族 2026-09-14（eligibility/verdict/support/annotations/negatives/selection）	2026-09-21 13:26
4uhcA	negative	4uhc	A	4uhcA	N	0	1	verified_negative		0	not_applicable	verified_negative					0.83		unknotted	unknotted								0	278				4kjr_A(325)			legacy topology 表族 2026-09-14（eligibility/verdict/support/annotations/negatives/selection）	2026-09-21 13:26
4uhfA	negative	4uhf	A	4uhfA	N	0	1	verified_negative		0	not_applicable	verified_negative					0.795		unknotted	unknotted								0	278				7nh8_AAA(258)			legacy topology 表族 2026-09-14（eligibility/verdict/support/annotations/negatives/selection）	2026-09-21 13:26
4unuA	negative	4unu	A	4unuA	N	0	1	verified_negative		0	not_applicable	verified_negative					0.95		unknotted	unknotted								0	109				3ic6_A(213)			legacy topology 表族 2026-09-14（eligibility/verdict/support/annotations/negatives/selection）	2026-09-21 13:26
4uqdA	negative	4uqd	A	4uqdA	N	0	1	verified_negative		0	not_applicable	verified_negative					0.835		unknotted	unknotted								0	390				7t62_B(432)			legacy topology 表族 2026-09-14（eligibility/verdict/support/annotations/negatives/selection）	2026-09-21 13:26
4uyrA	negative	4uyr	A	4uyrA	N	0	1	verified_negative		0	not_applicable	verified_negative					0.95		unknotted	unknotted								0	188				1cmx_A(214)			legacy topology 表族 2026-09-14（eligibility/verdict/support/annotations/negatives/selection）	2026-09-21 13:26
4uytA	negative	4uyt	A	4uytA	N	0	1	verified_negative		0	not_applicable	verified_negative					0.965		unknotted	unknotted								0	177				4wz7_E(195)			legacy topology 表族 2026-09-14（eligibility/verdict/support/annotations/negatives/selection）	2026-09-21 13:26
4w7nA	negative	4w7n	A	4w7nA	N	0	1	verified_negative		0	not_applicable	verified_negative					0.725		unknotted	unknotted								0	446				6bwi_A(816)			legacy topology 表族 2026-09-14（eligibility/verdict/support/annotations/negatives/selection）	2026-09-21 13:26
4wk9A	negative	4wk9	A	4wk9A	N	0	1	verified_negative		0	not_applicable	verified_negative					0.74		unknotted	unknotted								0	369				1jr1_A(436)			legacy topology 表族 2026-09-14（eligibility/verdict/support/annotations/negatives/selection）	2026-09-21 13:26
4wkaA	negative	4wka	A	4wkaA	N	0	1	verified_negative		0	not_applicable	verified_negative					0.7		unknotted	unknotted								0	369				5li4_A(427)			legacy topology 表族 2026-09-14（eligibility/verdict/support/annotations/negatives/selection）	2026-09-21 13:26
4wkfA	negative	4wkf	A	4wkfA	N	0	1	verified_negative		0	not_applicable	verified_negative					0.685		unknotted	unknotted								0	368				1jr1_A(436)			legacy topology 表族 2026-09-14（eligibility/verdict/support/annotations/negatives/selection）	2026-09-21 13:26
4ws2A	negative	4ws2	A	4ws2A	N	0	1	verified_negative		0	not_applicable	verified_negative					0.725		unknotted	unknotted								0	228				6iqk_K(264)			legacy topology 表族 2026-09-14（eligibility/verdict/support/annotations/negatives/selection）	2026-09-21 13:26
4wuiA	negative	4wui	A	4wuiA	N	0	1	verified_negative		0	not_applicable	verified_negative					0.805		unknotted	unknotted								0	205				4j3c_A(232)			legacy topology 表族 2026-09-14（eligibility/verdict/support/annotations/negatives/selection）	2026-09-21 13:26
4x06A	negative	4x06	A	4x06A	N	0	1	verified_negative		0	not_applicable	verified_negative					0.865		unknotted	unknotted								0	309				5xzs_A(619)			legacy topology 表族 2026-09-14（eligibility/verdict/support/annotations/negatives/selection）	2026-09-21 13:26
4x9yA	negative	4x9y	A	4x9yA	N	0	1	verified_negative		0	not_applicable	verified_negative					0.61		unknotted	unknotted								0	496				1f48_A(548)			legacy topology 表族 2026-09-14（eligibility/verdict/support/annotations/negatives/selection）	2026-09-21 13:26
4xkuA	negative	4xku	A	4xkuA	N	0	1	verified_negative		0	not_applicable	verified_negative					0.945		unknotted	unknotted								0	157				6rwb_A(1873)			legacy topology 表族 2026-09-14（eligibility/verdict/support/annotations/negatives/selection）	2026-09-21 13:26
4xloA	negative	4xlo	A	4xloA	N	0	1	verified_negative		0	not_applicable	verified_negative					0.8		unknotted	unknotted								0	458				6wjv_A(1951)			legacy topology 表族 2026-09-14（eligibility/verdict/support/annotations/negatives/selection）	2026-09-21 13:26
4xpxA	negative	4xpx	A	4xpxA	N	0	1	verified_negative		0	not_applicable	verified_negative					0.965		unknotted	unknotted								0	130				2w6e_G(122)			legacy topology 表族 2026-09-14（eligibility/verdict/support/annotations/negatives/selection）	2026-09-21 13:26
4xq4A	negative	4xq4	A	4xq4A	N	0	1	verified_negative		0	not_applicable	verified_negative					0.82		unknotted	unknotted								0	188				7t62_B(432)			legacy topology 表族 2026-09-14（eligibility/verdict/support/annotations/negatives/selection）	2026-09-21 13:26
4xqcA	negative	4xqc	A	4xqcA	N	0	1	verified_negative		0	not_applicable	verified_negative					0.84		unknotted	unknotted								0	475				5mqn_A(1038)			legacy topology 表族 2026-09-14（eligibility/verdict/support/annotations/negatives/selection）	2026-09-21 13:26
4xqeA	negative	4xqe	A	4xqeA	N	0	1	verified_negative		0	not_applicable	verified_negative					0.78		unknotted	unknotted								0	474				5tj6_A(890)			legacy topology 表族 2026-09-14（eligibility/verdict/support/annotations/negatives/selection）	2026-09-21 13:26
4xqmA	negative	4xqm	A	4xqmA	N	0	1	verified_negative		0	not_applicable	verified_negative					0.93		unknotted	unknotted								0	94				2efv_A(82)			legacy topology 表族 2026-09-14（eligibility/verdict/support/annotations/negatives/selection）	2026-09-21 13:26
4xrgA	negative	4xrg	A	4xrgA	N	0	1	verified_negative		0	not_applicable	verified_negative					0.775		unknotted	unknotted								0	474				5u76_A(878)			legacy topology 表族 2026-09-14（eligibility/verdict/support/annotations/negatives/selection）	2026-09-21 13:26
4y59A	negative	4y59	A	4y59A	N	0	1	verified_negative		0	not_applicable	verified_negative					0.955		unknotted	unknotted								0	121				6sg9_DH(472)			legacy topology 表族 2026-09-14（eligibility/verdict/support/annotations/negatives/selection）	2026-09-21 13:26
4y5lA	negative	4y5l	A	4y5lA	N	0	1	verified_negative		0	not_applicable	verified_negative					0.8		unknotted	unknotted								0	330				1fug_A(383);5vhi_E(311);6w8r_A(364)			legacy topology 表族 2026-09-14（eligibility/verdict/support/annotations/negatives/selection）	2026-09-21 13:26
4yaaA	negative	4yaa	A	4yaaA	N	0	1	verified_negative		0	not_applicable	verified_negative					0.835		unknotted	unknotted								0	282				3pst_A(317)			legacy topology 表族 2026-09-14（eligibility/verdict/support/annotations/negatives/selection）	2026-09-21 13:26
4yapA	negative	4yap	A	4yapA	N	0	1	verified_negative		0	not_applicable	verified_negative					0.935		unknotted	unknotted								0	262				7plf_AAA(258)			legacy topology 表族 2026-09-14（eligibility/verdict/support/annotations/negatives/selection）	2026-09-21 13:26
4ykiA	negative	4yki	A	4ykiA	N	0	1	verified_negative		0	not_applicable	verified_negative					0.82		unknotted	unknotted								0	247				6sg9_DH(472)			legacy topology 表族 2026-09-14（eligibility/verdict/support/annotations/negatives/selection）	2026-09-21 13:26
4ytkA	negative	4ytk	A	4ytkA	N	0	1	verified_negative		0	not_applicable	verified_negative					0.915		unknotted	unknotted								0	116				3cmi_A(143)			legacy topology 表族 2026-09-14（eligibility/verdict/support/annotations/negatives/selection）	2026-09-21 13:26
4yvbA	negative	4yvb	A	4yvbA	N	0	1	verified_negative		0	not_applicable	verified_negative					0.905		unknotted	unknotted								0	119				6k4n_A(557)			legacy topology 表族 2026-09-14（eligibility/verdict/support/annotations/negatives/selection）	2026-09-21 13:26
4ywaA	negative	4ywa	A	4ywaA	N	0	1	verified_negative		0	not_applicable	verified_negative					0.91		unknotted	unknotted								0	121				7k1y_B(526)			legacy topology 表族 2026-09-14（eligibility/verdict/support/annotations/negatives/selection）	2026-09-21 13:26
4yzzA	negative	4yzz	A	4yzzA	N	0	1	verified_negative		0	not_applicable	verified_negative					0.855		unknotted	unknotted								0	336				1he8_A(749)			legacy topology 表族 2026-09-14（eligibility/verdict/support/annotations/negatives/selection）	2026-09-21 13:26
4z1sA	negative	4z1s	A	4z1sA	N	0	1	verified_negative		0	not_applicable	verified_negative					0.955		unknotted	unknotted								0	126				4h6v_A(272)			legacy topology 表族 2026-09-14（eligibility/verdict/support/annotations/negatives/selection）	2026-09-21 13:26
4z6mA	negative	4z6m	A	4z6mA	N	0	1	verified_negative		0	not_applicable	verified_negative					0.945		unknotted	unknotted								0	359				6m6h_A(1319)			legacy topology 表族 2026-09-14（eligibility/verdict/support/annotations/negatives/selection）	2026-09-21 13:26
4z6nA	negative	4z6n	A	4z6nA	N	0	1	verified_negative		0	not_applicable	verified_negative					0.92		unknotted	unknotted								0	356				1xi5_A(1630)			legacy topology 表族 2026-09-14（eligibility/verdict/support/annotations/negatives/selection）	2026-09-21 13:26
4za4A	negative	4za4	A	4za4A	N	0	1	verified_negative		0	not_applicable	verified_negative					0.755		unknotted	unknotted								0	500				5z79_A(588)			legacy topology 表族 2026-09-14（eligibility/verdict/support/annotations/negatives/selection）	2026-09-21 13:26
4za9A	negative	4za9	A	4za9A	N	0	1	verified_negative		0	not_applicable	verified_negative					0.805		unknotted	unknotted								0	497				4wkk_A(488)			legacy topology 表族 2026-09-14（eligibility/verdict/support/annotations/negatives/selection）	2026-09-21 13:26
4zaaA	negative	4zaa	A	4zaaA	N	0	1	verified_negative		0	not_applicable	verified_negative					0.74		unknotted	unknotted								0	496				6sgb_UY(468)			legacy topology 表族 2026-09-14（eligibility/verdict/support/annotations/negatives/selection）	2026-09-21 13:26
4zbdA	negative	4zbd	A	4zbdA	N	0	1	verified_negative		0	not_applicable	verified_negative					0.91		unknotted	unknotted								0	219				6xp5_Q(476)			legacy topology 表族 2026-09-14（eligibility/verdict/support/annotations/negatives/selection）	2026-09-21 13:26
4zc9A	negative	4zc9	A	4zc9A	N	0	1	verified_negative		0	not_applicable	verified_negative					0.935		unknotted	unknotted								0	127				4chj_A(124)			legacy topology 表族 2026-09-14（eligibility/verdict/support/annotations/negatives/selection）	2026-09-21 13:26
4zo2A	negative	4zo2	A	4zo2A	N	0	1	verified_negative		0	not_applicable	verified_negative					0.835		unknotted	unknotted								0	293				6w1s_L(524)			legacy topology 表族 2026-09-14（eligibility/verdict/support/annotations/negatives/selection）	2026-09-21 13:26
4zuoA	negative	4zuo	A	4zuoA	N	0	1	verified_negative		0	not_applicable	verified_negative					0.765		unknotted	unknotted								0	341				2d7d_A(621)			legacy topology 表族 2026-09-14（eligibility/verdict/support/annotations/negatives/selection）	2026-09-21 13:26
4zuqA	negative	4zuq	A	4zuqA	N	0	1	verified_negative		0	not_applicable	verified_negative					0.765		unknotted	unknotted								0	341				6nd4_N(678)			legacy topology 表族 2026-09-14（eligibility/verdict/support/annotations/negatives/selection）	2026-09-21 13:26
5a57A	negative	5a57	A	5a57A	N	0	1	verified_negative		0	not_applicable	verified_negative					0.815		unknotted	unknotted								0	1107				5aor_A(1009)			legacy topology 表族 2026-09-14（eligibility/verdict/support/annotations/negatives/selection）	2026-09-21 13:26
5a6mA	negative	5a6m	A	5a6mA	N	0	1	verified_negative		0	not_applicable	verified_negative					0.82		unknotted	unknotted								0	389				6yub_A(423)			legacy topology 表族 2026-09-14（eligibility/verdict/support/annotations/negatives/selection）	2026-09-21 13:26
5a8cA	negative	5a8c	A	5a8cA	N	0	1	verified_negative		0	not_applicable	verified_negative					0.845		unknotted	unknotted								0	299				1w5c_X(359)			legacy topology 表族 2026-09-14（eligibility/verdict/support/annotations/negatives/selection）	2026-09-21 13:26
5a92A	negative	5a92	A	5a92A	N	0	1	verified_negative		0	not_applicable	verified_negative					0.865		unknotted	unknotted								0	260				4qrv_A(301)			legacy topology 表族 2026-09-14（eligibility/verdict/support/annotations/negatives/selection）	2026-09-21 13:26
5ae0A	negative	5ae0	A	5ae0A	N	0	1	verified_negative		0	not_applicable	verified_negative					0.865		unknotted	unknotted								0	217				4gge_A(257)			legacy topology 表族 2026-09-14（eligibility/verdict/support/annotations/negatives/selection）	2026-09-21 13:26
5aiiA	negative	5aii	A	5aiiA	N	0	1	verified_negative		0	not_applicable	verified_negative					0.975		unknotted	unknotted								0	125				6l7e_A(2454)			legacy topology 表族 2026-09-14（eligibility/verdict/support/annotations/negatives/selection）	2026-09-21 13:26
5akrA	negative	5akr	A	5akrA	N	0	1	verified_negative		0	not_applicable	verified_negative					0.95		unknotted	unknotted								0	337				6tda_X(383)			legacy topology 表族 2026-09-14（eligibility/verdict/support/annotations/negatives/selection）	2026-09-21 13:26
5amxA	negative	5amx	A	5amxA	N	0	1	verified_negative		0	not_applicable	verified_negative					0.865		unknotted	unknotted								0	279				1gz0_A(242);1js1_X(324);3b1b_A(310)			legacy topology 表族 2026-09-14（eligibility/verdict/support/annotations/negatives/selection）	2026-09-21 13:26
5avdA	negative	5avd	A	5avdA	N	0	1	verified_negative		0	not_applicable	verified_negative					0.78		unknotted	unknotted								0	240				3sig_A(265)			legacy topology 表族 2026-09-14（eligibility/verdict/support/annotations/negatives/selection）	2026-09-21 13:26
5avgA	negative	5avg	A	5avgA	N	0	1	verified_negative		0	not_applicable	verified_negative					0.885		unknotted	unknotted								0	206				3ic6_A(213)			legacy topology 表族 2026-09-14（eligibility/verdict/support/annotations/negatives/selection）	2026-09-21 13:26
5b4hA	negative	5b4h	A	5b4hA	N	0	1	verified_negative		0	not_applicable	verified_negative					0.85		unknotted	unknotted								0	240				3ed7_A(284);7pri_AAA(277)			legacy topology 表族 2026-09-14（eligibility/verdict/support/annotations/negatives/selection）	2026-09-21 13:26
5b4iA	negative	5b4i	A	5b4iA	N	0	1	verified_negative		0	not_applicable	verified_negative					0.86		unknotted	unknotted								0	240				4l69_A(244);7pri_AAA(277)			legacy topology 表族 2026-09-14（eligibility/verdict/support/annotations/negatives/selection）	2026-09-21 13:26
5b7yA	negative	5b7y	A	5b7yA	N	0	1	verified_negative		0	not_applicable	verified_negative					0.695		unknotted	unknotted								0	269				3mt5_A(593)			legacy topology 表族 2026-09-14（eligibility/verdict/support/annotations/negatives/selection）	2026-09-21 13:26
5c05A	negative	5c05	A	5c05A	N	0	1	verified_negative		0	not_applicable	verified_negative					0.84		unknotted	unknotted								0	514				3pvm_B(1225)			legacy topology 表族 2026-09-14（eligibility/verdict/support/annotations/negatives/selection）	2026-09-21 13:26
5c0zA	negative	5c0z	A	5c0zA	N	0	1	verified_negative		0	not_applicable	verified_negative					0.865		unknotted	unknotted								0	104				7lxd_F(459)			legacy topology 表族 2026-09-14（eligibility/verdict/support/annotations/negatives/selection）	2026-09-21 13:26
5c5aA	negative	5c5a	A	5c5aA	N	0	1	verified_negative		0	not_applicable	verified_negative					0.96		unknotted	unknotted								0	92				7nt0_AAA(169)			legacy topology 表族 2026-09-14（eligibility/verdict/support/annotations/negatives/selection）	2026-09-21 13:26
5cc9A	negative	5cc9	A	5cc9A	N	0	1	verified_negative		0	not_applicable	verified_negative					0.725		unknotted	unknotted								0	159				2o3a_A(161)			legacy topology 表族 2026-09-14（eligibility/verdict/support/annotations/negatives/selection）	2026-09-21 13:26
5ctmA	negative	5ctm	A	5ctmA	N	0	1	verified_negative		0	not_applicable	verified_negative					0.875		unknotted	unknotted								0	233				4wkk_A(488)			legacy topology 表族 2026-09-14（eligibility/verdict/support/annotations/negatives/selection）	2026-09-21 13:26
5dj7A	negative	5dj7	A	5dj7A	N	0	1	verified_negative		0	not_applicable	verified_negative					0.785		unknotted	unknotted								0	230				3sig_A(265)			legacy topology 表族 2026-09-14（eligibility/verdict/support/annotations/negatives/selection）	2026-09-21 13:26
5dkmA	negative	5dkm	A	5dkmA	N	0	1	verified_negative		0	not_applicable	verified_negative					0.805		unknotted	unknotted								0	230				6ted_V(244)			legacy topology 表族 2026-09-14（eligibility/verdict/support/annotations/negatives/selection）	2026-09-21 13:26
5dqlA	negative	5dql	A	5dqlA	N	0	1	verified_negative		0	not_applicable	verified_negative					0.86		unknotted	unknotted								0	427				6rwb_A(1873)			legacy topology 表族 2026-09-14（eligibility/verdict/support/annotations/negatives/selection）	2026-09-21 13:26
5drfA	negative	5drf	A	5drfA	N	0	1	verified_negative		0	not_applicable	verified_negative					0.905		unknotted	unknotted								1	227				1uak_A(243)			legacy topology 表族 2026-09-14（eligibility/verdict/support/annotations/negatives/selection）	2026-09-21 13:26
5drgA	negative	5drg	A	5drgA	N	0	1	verified_negative		0	not_applicable	verified_negative					0.955		unknotted	unknotted								1	227				1uak_A(243)			legacy topology 表族 2026-09-14（eligibility/verdict/support/annotations/negatives/selection）	2026-09-21 13:26
5eeiA	negative	5eei	A	5eeiA	N	0	1	verified_negative		0	not_applicable	verified_negative					0.785		unknotted	unknotted								0	357				5a1x_G(813)			legacy topology 表族 2026-09-14（eligibility/verdict/support/annotations/negatives/selection）	2026-09-21 13:26
5ej3A	negative	5ej3	A	5ej3A	N	0	1	verified_negative		0	not_applicable	verified_negative					0.875		unknotted	unknotted								0	191				3fr7_A(495)			legacy topology 表族 2026-09-14（eligibility/verdict/support/annotations/negatives/selection）	2026-09-21 13:26
5emyA	negative	5emy	A	5emyA	N	0	1	verified_negative		0	not_applicable	verified_negative					0.61		unknotted	unknotted								0	496				6sga_UY(468)			legacy topology 表族 2026-09-14（eligibility/verdict/support/annotations/negatives/selection）	2026-09-21 13:26
5eooA	negative	5eoo	A	5eooA	N	0	1	verified_negative		0	not_applicable	verified_negative					0.905		unknotted	unknotted								0	263				6baj_A(995)			legacy topology 表族 2026-09-14（eligibility/verdict/support/annotations/negatives/selection）	2026-09-21 13:26
5epuA	negative	5epu	A	5epuA	N	0	1	verified_negative		0	not_applicable	verified_negative					0.81		unknotted	unknotted								0	252				5l9u_A(1342)			legacy topology 表族 2026-09-14（eligibility/verdict/support/annotations/negatives/selection）	2026-09-21 13:26
5ewoA	negative	5ewo	A	5ewoA	N	0	1	verified_negative		0	not_applicable	verified_negative					0.855		unknotted	unknotted								0	214				6uev_A(219)			legacy topology 表族 2026-09-14（eligibility/verdict/support/annotations/negatives/selection）	2026-09-21 13:26
5f7bA	negative	5f7b	A	5f7bA	N	0	1	verified_negative		0	not_applicable	verified_negative					0.875		unknotted	unknotted								0	336				6s7p_A(1128)			legacy topology 表族 2026-09-14（eligibility/verdict/support/annotations/negatives/selection）	2026-09-21 13:26
5fbfA	negative	5fbf	A	5fbfA	N	0	1	verified_negative		0	not_applicable	verified_negative					0.835		unknotted	unknotted								0	267				4gge_A(257)			legacy topology 表族 2026-09-14（eligibility/verdict/support/annotations/negatives/selection）	2026-09-21 13:26
5fleX	negative	5fle	X	5fleX	N	0	1	verified_negative		0	not_applicable	verified_negative					0.865		unknotted	unknotted								0	633				4ye9_A(709)			legacy topology 表族 2026-09-14（eligibility/verdict/support/annotations/negatives/selection）	2026-09-21 13:26
5flkA	negative	5flk	A	5flkA	N	0	1	verified_negative		0	not_applicable	verified_negative					0.845		unknotted	unknotted								0	293				3iyk_A(307);7cww_A(350)			legacy topology 表族 2026-09-14（eligibility/verdict/support/annotations/negatives/selection）	2026-09-21 13:26
5fyrA	negative	5fyr	A	5fyrA	N	0	1	verified_negative		0	not_applicable	verified_negative					0.83		unknotted	unknotted								0	289				7cu3_A(1277)			legacy topology 表族 2026-09-14（eligibility/verdict/support/annotations/negatives/selection）	2026-09-21 13:26
5hd6A	negative	5hd6	A	5hd6A	N	0	1	verified_negative		0	not_applicable	verified_negative					0.94		unknotted	unknotted								0	175				6m6h_A(1319)			legacy topology 表族 2026-09-14（eligibility/verdict/support/annotations/negatives/selection）	2026-09-21 13:26
5hobA	negative	5hob	A	5hobA	N	0	1	verified_negative		0	not_applicable	verified_negative					1.0		unknotted	unknotted								0	45				6sga_UY(468)			legacy topology 表族 2026-09-14（eligibility/verdict/support/annotations/negatives/selection）	2026-09-21 13:26
5hr3A	negative	5hr3	A	5hr3A	N	0	1	verified_negative		0	not_applicable	verified_negative					0.69		unknotted	unknotted								0	107				3cwo_X(236)			legacy topology 表族 2026-09-14（eligibility/verdict/support/annotations/negatives/selection）	2026-09-21 13:26
5hwnA	negative	5hwn	A	5hwnA	N	0	1	verified_negative		0	not_applicable	verified_negative					0.715		unknotted	unknotted								0	303				7kya_A(1174)			legacy topology 表族 2026-09-14（eligibility/verdict/support/annotations/negatives/selection）	2026-09-21 13:26
5i7iA	negative	5i7i	A	5i7iA	N	0	1	verified_negative		0	not_applicable	verified_negative					0.84		unknotted	unknotted								0	318				1he8_A(749)			legacy topology 表族 2026-09-14（eligibility/verdict/support/annotations/negatives/selection）	2026-09-21 13:26
5ikdA	negative	5ikd	A	5ikdA	N	0	1	verified_negative		0	not_applicable	verified_negative					0.685		unknotted	unknotted								0	446				1jr1_A(436);6xp5_Q(476)			legacy topology 表族 2026-09-14（eligibility/verdict/support/annotations/negatives/selection）	2026-09-21 13:26
5ilsA	negative	5ils	A	5ilsA	N	0	1	verified_negative		0	not_applicable	verified_negative					0.99		unknotted	unknotted								0	101				6qx9_BP(100)			legacy topology 表族 2026-09-14（eligibility/verdict/support/annotations/negatives/selection）	2026-09-21 13:26
5iuqA	negative	5iuq	A	5iuqA	N	0	1	verified_negative		0	not_applicable	verified_negative					0.805		unknotted	unknotted								0	138				1s1h_I(139)			legacy topology 表族 2026-09-14（eligibility/verdict/support/annotations/negatives/selection）	2026-09-21 13:26
5j4lA	negative	5j4l	A	5j4lA	N	0	1	verified_negative		0	not_applicable	verified_negative					0.795		unknotted	unknotted								0	226				3bbd_A(204)			legacy topology 表族 2026-09-14（eligibility/verdict/support/annotations/negatives/selection）	2026-09-21 13:26
5j6yA	negative	5j6y	A	5j6yA	N	0	1	verified_negative		0	not_applicable	verified_negative					0.82		unknotted	unknotted								0	188				6n8a_A(193)			legacy topology 表族 2026-09-14（eligibility/verdict/support/annotations/negatives/selection）	2026-09-21 13:26
5j80A	negative	5j80	A	5j80A	N	0	1	verified_negative		0	not_applicable	verified_negative					0.87		unknotted	unknotted								0	208				5if3_A(216)			legacy topology 表族 2026-09-14（eligibility/verdict/support/annotations/negatives/selection）	2026-09-21 13:26
5jg1A	negative	5jg1	A	5jg1A	N	0	1	verified_negative		0	not_applicable	verified_negative					0.86		unknotted	unknotted								0	99				3o7b_A(216)			legacy topology 表族 2026-09-14（eligibility/verdict/support/annotations/negatives/selection）	2026-09-21 13:26
5jh8A	negative	5jh8	A	5jh8A	N	0	1	verified_negative		0	not_applicable	verified_negative					0.73		unknotted	unknotted								0	317				3bjx_A(311)			legacy topology 表族 2026-09-14（eligibility/verdict/support/annotations/negatives/selection）	2026-09-21 13:26
5jsvA	negative	5jsv	A	5jsvA	N	0	1	verified_negative		0	not_applicable	verified_negative					0.82		unknotted	unknotted								0	370				7o2w_B(422)			legacy topology 表族 2026-09-14（eligibility/verdict/support/annotations/negatives/selection）	2026-09-21 13:26
5k1lA	negative	5k1l	A	5k1lA	N	0	1	verified_negative		0	not_applicable	verified_negative					0.955		unknotted	unknotted								0	137				7nh8_AAA(258)			legacy topology 表族 2026-09-14（eligibility/verdict/support/annotations/negatives/selection）	2026-09-21 13:26
5k6dA	negative	5k6d	A	5k6dA	N	0	1	verified_negative		0	not_applicable	verified_negative					0.92		unknotted	unknotted								0	77				5apg_A(184)			legacy topology 表族 2026-09-14（eligibility/verdict/support/annotations/negatives/selection）	2026-09-21 13:26
5k9bA	negative	5k9b	A	5k9bA	N	0	1	verified_negative		0	not_applicable	verified_negative					0.875		unknotted	unknotted								0	179				5gmk_Q(185)			legacy topology 表族 2026-09-14（eligibility/verdict/support/annotations/negatives/selection）	2026-09-21 13:26
5karA	negative	5kar	A	5karA	N	0	1	verified_negative		0	not_applicable	verified_negative					0.87		unknotted	unknotted								0	412				6rao_I(443)			legacy topology 表族 2026-09-14（eligibility/verdict/support/annotations/negatives/selection）	2026-09-21 13:26
5kczA	negative	5kcz	A	5kczA	N	0	1	verified_negative		0	not_applicable	verified_negative					0.72		unknotted	unknotted								0	374				3wpc_A(747)			legacy topology 表族 2026-09-14（eligibility/verdict/support/annotations/negatives/selection）	2026-09-21 13:26
5kj6A	negative	5kj6	A	5kj6A	N	0	1	verified_negative		0	not_applicable	verified_negative					0.76		unknotted	unknotted								0	374				3wpc_A(747)			legacy topology 表族 2026-09-14（eligibility/verdict/support/annotations/negatives/selection）	2026-09-21 13:26
5kp1A	negative	5kp1	A	5kp1A	N	0	1	verified_negative		0	not_applicable	verified_negative					0.965		unknotted	unknotted								0	125				5xzs_A(619)			legacy topology 表族 2026-09-14（eligibility/verdict/support/annotations/negatives/selection）	2026-09-21 13:26
5kz6A	negative	5kz6	A	5kz6A	N	0	1	verified_negative		0	not_applicable	verified_negative					0.745		unknotted	unknotted								0	327				5ylz_W(703)			legacy topology 表族 2026-09-14（eligibility/verdict/support/annotations/negatives/selection）	2026-09-21 13:26
5lgoA	negative	5lgo	A	5lgoA	N	0	1	verified_negative		0	not_applicable	verified_negative					0.76		unknotted	unknotted								0	223				1pv2_A(241)			legacy topology 表族 2026-09-14（eligibility/verdict/support/annotations/negatives/selection）	2026-09-21 13:26
5ljqA	negative	5ljq	A	5ljqA	N		0	rejected_knotted		0	not_applicable	rejected_knotted					0.335		knotted	knotted								0	258				4qrv_A(301)		rejected_knotted	legacy topology 表族 2026-09-14（eligibility/verdict/support/annotations/negatives/selection）	2026-09-21 13:26
5lk9A	negative	5lk9	A	5lk9A	N	0	1	verified_negative		0	not_applicable	verified_negative					0.96		unknotted	unknotted								0	137				1pv2_A(241)			legacy topology 表族 2026-09-14（eligibility/verdict/support/annotations/negatives/selection）	2026-09-21 13:26
5lkvA	negative	5lkv	A	5lkvA	N	0	1	verified_negative		0	not_applicable	verified_negative					0.95		unknotted	unknotted								0	137				7nh8_AAA(258)			legacy topology 表族 2026-09-14（eligibility/verdict/support/annotations/negatives/selection）	2026-09-21 13:26
5lnjA	negative	5lnj	A	5lnjA	N	0	1	verified_negative		0	not_applicable	verified_negative					0.77		unknotted	unknotted								0	360				6yub_A(423)			legacy topology 表族 2026-09-14（eligibility/verdict/support/annotations/negatives/selection）	2026-09-21 13:26
5lunA	negative	5lun	A	5lunA	N	0	1	verified_negative		0	not_applicable	verified_negative					0.77		unknotted	unknotted								0	338				5l9u_A(1342)			legacy topology 表族 2026-09-14（eligibility/verdict/support/annotations/negatives/selection）	2026-09-21 13:26
5lwsA	negative	5lws	A	5lwsA	N	0	1	verified_negative		0	not_applicable	verified_negative					0.75		unknotted	unknotted								0	330				4k1c_A(374)			legacy topology 表族 2026-09-14（eligibility/verdict/support/annotations/negatives/selection）	2026-09-21 13:26
5m10A	negative	5m10	A	5m10A	N	0	1	verified_negative		0	not_applicable	verified_negative					0.74		unknotted	unknotted								0	529				5z79_A(588)			legacy topology 表族 2026-09-14（eligibility/verdict/support/annotations/negatives/selection）	2026-09-21 13:26
5m17A	negative	5m17	A	5m17A	N	0	1	verified_negative		0	not_applicable	verified_negative					0.84		unknotted	unknotted								0	349				4k1c_A(374);7nxg_A(390)			legacy topology 表族 2026-09-14（eligibility/verdict/support/annotations/negatives/selection）	2026-09-21 13:26
5m4gA	negative	5m4g	A	5m4gA	N	0	1	verified_negative		0	not_applicable	verified_negative					0.905		unknotted	unknotted								0	481				6baj_A(995)			legacy topology 表族 2026-09-14（eligibility/verdict/support/annotations/negatives/selection）	2026-09-21 13:26
5m4zA	negative	5m4z	A	5m4zA	N	0	1	verified_negative		0	not_applicable	verified_negative					0.935		unknotted	unknotted								0	287				4wz7_A(628)			legacy topology 表族 2026-09-14（eligibility/verdict/support/annotations/negatives/selection）	2026-09-21 13:26
5m77A	negative	5m77	A	5m77A	N	0	1	verified_negative		0	not_applicable	verified_negative					0.775		unknotted	unknotted								0	333				6xr4_A(1040)			legacy topology 表族 2026-09-14（eligibility/verdict/support/annotations/negatives/selection）	2026-09-21 13:26
5majA	negative	5maj	A	5majA	N	0	1	verified_negative		0	not_applicable	verified_negative					0.765		unknotted	unknotted								0	219				2v3j_A(217)			legacy topology 表族 2026-09-14（eligibility/verdict/support/annotations/negatives/selection）	2026-09-21 13:26
5mb5A	negative	5mb5	A	5mb5A	N	0	1	verified_negative		0	not_applicable	verified_negative					0.8		unknotted	unknotted								0	330				2r6e_A(387)			legacy topology 表族 2026-09-14（eligibility/verdict/support/annotations/negatives/selection）	2026-09-21 13:26
5mc0A	negative	5mc0	A	5mc0A	N	0	1	verified_negative		0	not_applicable	verified_negative					0.845		unknotted	unknotted								0	478				6s7p_A(1128)			legacy topology 表族 2026-09-14（eligibility/verdict/support/annotations/negatives/selection）	2026-09-21 13:26
5mehA	negative	5meh	A	5mehA	N	0	1	verified_negative		0	not_applicable	verified_negative					0.87		unknotted	unknotted								0	438				5li4_A(427)			legacy topology 表族 2026-09-14（eligibility/verdict/support/annotations/negatives/selection）	2026-09-21 13:26
5mh2A	negative	5mh2	A	5mh2A	N	0	1	verified_negative		0	not_applicable	verified_negative					0.815		unknotted	unknotted								0	143				2bm0_A(666)			legacy topology 表族 2026-09-14（eligibility/verdict/support/annotations/negatives/selection）	2026-09-21 13:26
5mh6A	negative	5mh6	A	5mh6A	N	0	1	verified_negative		0	not_applicable	verified_negative					0.855		unknotted	unknotted								0	306				6m6h_A(1319)			legacy topology 表族 2026-09-14（eligibility/verdict/support/annotations/negatives/selection）	2026-09-21 13:26
5mk9A	negative	5mk9	A	5mk9A	N	0	1	verified_negative		0	not_applicable	verified_negative					0.815		unknotted	unknotted								0	378				8axz_A(379)			legacy topology 表族 2026-09-14（eligibility/verdict/support/annotations/negatives/selection）	2026-09-21 13:26
5mkaA	negative	5mka	A	5mkaA	N	0	1	verified_negative		0	not_applicable	verified_negative					0.875		unknotted	unknotted								0	372				6rao_I(443)			legacy topology 表族 2026-09-14（eligibility/verdict/support/annotations/negatives/selection）	2026-09-21 13:26
5mncA	negative	5mnc	A	5mncA	N	0	1	verified_negative		0	not_applicable	verified_negative					0.7		unknotted	unknotted								0	223				1v6z_A(227)			legacy topology 表族 2026-09-14（eligibility/verdict/support/annotations/negatives/selection）	2026-09-21 13:26
5mneA	negative	5mne	A	5mneA	N	0	1	verified_negative		0	not_applicable	verified_negative					0.74		unknotted	unknotted								0	223				1gz0_A(242)			legacy topology 表族 2026-09-14（eligibility/verdict/support/annotations/negatives/selection）	2026-09-21 13:26
5mngA	negative	5mng	A	5mngA	N	0	1	verified_negative		0	not_applicable	verified_negative					0.685		unknotted	unknotted								0	223				2qmm_A(195)			legacy topology 表族 2026-09-14（eligibility/verdict/support/annotations/negatives/selection）	2026-09-21 13:26
5mnhA	negative	5mnh	A	5mnhA	N	0	1	verified_negative		0	not_applicable	verified_negative					0.735		unknotted	unknotted								0	223				6ted_V(244)			legacy topology 表族 2026-09-14（eligibility/verdict/support/annotations/negatives/selection）	2026-09-21 13:26
5mnnA	negative	5mnn	A	5mnnA	N	0	1	verified_negative		0	not_applicable	verified_negative					0.755		unknotted	unknotted								0	223				2qmm_A(195)			legacy topology 表族 2026-09-14（eligibility/verdict/support/annotations/negatives/selection）	2026-09-21 13:26
5mnpA	negative	5mnp	A	5mnpA	N	0	1	verified_negative		0	not_applicable	verified_negative					0.75		unknotted	unknotted								0	223				1gz0_A(242)			legacy topology 表族 2026-09-14（eligibility/verdict/support/annotations/negatives/selection）	2026-09-21 13:26
5monA	negative	5mon	A	5monA	N	0	1	verified_negative		0	not_applicable	verified_negative					0.745		unknotted	unknotted								0	223				1eku_A(252)			legacy topology 表族 2026-09-14（eligibility/verdict/support/annotations/negatives/selection）	2026-09-21 13:26
5mqyA	negative	5mqy	A	5mqyA	N	0	1	verified_negative		0	not_applicable	verified_negative					0.815		unknotted	unknotted								0	216				3bbd_A(204)			legacy topology 表族 2026-09-14（eligibility/verdict/support/annotations/negatives/selection）	2026-09-21 13:26
5mtuA	negative	5mtu	A	5mtuA	N	0	1	verified_negative		0	not_applicable	verified_negative					0.795		unknotted	unknotted								0	372				1yh1_A(334);6wd6_8(371)			legacy topology 表族 2026-09-14（eligibility/verdict/support/annotations/negatives/selection）	2026-09-21 13:26
5natA	negative	5nat	A	5natA	N	0	1	verified_negative		0	not_applicable	verified_negative					0.765		unknotted	unknotted								0	228				5if3_A(216)			legacy topology 表族 2026-09-14（eligibility/verdict/support/annotations/negatives/selection）	2026-09-21 13:26
5nhmA	negative	5nhm	A	5nhmA	N	0	1	verified_negative		0	not_applicable	verified_negative					0.89		unknotted	unknotted								0	436				6wjv_A(1951)			legacy topology 表族 2026-09-14（eligibility/verdict/support/annotations/negatives/selection）	2026-09-21 13:26
5nr4A	negative	5nr4	A	5nr4A	N	0	1	verified_negative		0	not_applicable	verified_negative					0.99		unknotted	unknotted								0	220				3e0j_A(416)			legacy topology 表族 2026-09-14（eligibility/verdict/support/annotations/negatives/selection）	2026-09-21 13:26
5nrhA	negative	5nrh	A	5nrhA	N	0	1	verified_negative		0	not_applicable	verified_negative					0.86		unknotted	unknotted								0	310				2bm0_A(666)			legacy topology 表族 2026-09-14（eligibility/verdict/support/annotations/negatives/selection）	2026-09-21 13:26
5o15A	negative	5o15	A	5o15A	N	0	1	verified_negative		0	not_applicable	verified_negative					0.885		unknotted	unknotted								0	289				4wz7_A(628)			legacy topology 表族 2026-09-14（eligibility/verdict/support/annotations/negatives/selection）	2026-09-21 13:26
5o2xA	negative	5o2x	A	5o2xA	N	0	1	verified_negative		0	not_applicable	verified_negative					0.85		unknotted	unknotted								0	248				6uev_A(219)			legacy topology 表族 2026-09-14（eligibility/verdict/support/annotations/negatives/selection）	2026-09-21 13:26
5oduA	negative	5odu	A	5oduA	N	0	1	verified_negative		0	not_applicable	verified_negative					0.93		unknotted	unknotted								0	121				6s7p_A(1128)			legacy topology 表族 2026-09-14（eligibility/verdict/support/annotations/negatives/selection）	2026-09-21 13:26
5odyA	negative	5ody	A	5odyA	N	0	1	verified_negative		0	not_applicable	verified_negative					0.83		unknotted	unknotted								0	138				3mlg_A(161)			legacy topology 表族 2026-09-14（eligibility/verdict/support/annotations/negatives/selection）	2026-09-21 13:26
5ok7A	negative	5ok7	A	5ok7A	N	0	1	verified_negative		0	not_applicable	verified_negative					0.775		unknotted	unknotted								0	462				7bii_A(2143)			legacy topology 表族 2026-09-14（eligibility/verdict/support/annotations/negatives/selection）	2026-09-21 13:26
5okbA	negative	5okb	A	5okbA	N	0	1	verified_negative		0	not_applicable	verified_negative					0.77		unknotted	unknotted								0	475				7bii_A(2143)			legacy topology 表族 2026-09-14（eligibility/verdict/support/annotations/negatives/selection）	2026-09-21 13:26
5opfA	negative	5opf	A	5opfA	N	0	1	verified_negative		0	not_applicable	verified_negative					0.885		unknotted	unknotted								0	194				6qam_A(211)			legacy topology 表族 2026-09-14（eligibility/verdict/support/annotations/negatives/selection）	2026-09-21 13:26
5or3A	negative	5or3	A	5or3A	N	0	1	verified_negative		0	not_applicable	verified_negative					0.795		unknotted	unknotted								0	371				7abg_s(1722)			legacy topology 表族 2026-09-14（eligibility/verdict/support/annotations/negatives/selection）	2026-09-21 13:26
5oukA	negative	5ouk	A	5oukA	N	0	1	verified_negative		0	not_applicable	verified_negative					0.745		unknotted	unknotted								0	316				3ihr_A(282)			legacy topology 表族 2026-09-14（eligibility/verdict/support/annotations/negatives/selection）	2026-09-21 13:26
5ouoA	negative	5ouo	A	5ouoA	N	0	1	verified_negative		0	not_applicable	verified_negative					0.77		unknotted	unknotted								0	263				4l69_A(244);7pri_AAA(277)			legacy topology 表族 2026-09-14（eligibility/verdict/support/annotations/negatives/selection）	2026-09-21 13:26
5p70A	negative	5p70	A	5p70A	N	0	1	verified_negative		0	not_applicable	verified_negative					0.76		unknotted	unknotted								0	330				3bjx_A(311)			legacy topology 表族 2026-09-14（eligibility/verdict/support/annotations/negatives/selection）	2026-09-21 13:26
5p71A	negative	5p71	A	5p71A	N	0	1	verified_negative		0	not_applicable	verified_negative					0.785		unknotted	unknotted								0	330				4k1c_A(374)			legacy topology 表族 2026-09-14（eligibility/verdict/support/annotations/negatives/selection）	2026-09-21 13:26
5p73A	negative	5p73	A	5p73A	N	0	1	verified_negative		0	not_applicable	verified_negative					0.775		unknotted	unknotted								0	330				3bjx_A(311)			legacy topology 表族 2026-09-14（eligibility/verdict/support/annotations/negatives/selection）	2026-09-21 13:26
5p76A	negative	5p76	A	5p76A	N	0	1	verified_negative		0	not_applicable	verified_negative					0.71		unknotted	unknotted								0	330				1o6l_A(317)			legacy topology 表族 2026-09-14（eligibility/verdict/support/annotations/negatives/selection）	2026-09-21 13:26
5p77A	negative	5p77	A	5p77A	N	0	1	verified_negative		0	not_applicable	verified_negative					0.785		unknotted	unknotted								0	330				4k1c_A(374)			legacy topology 表族 2026-09-14（eligibility/verdict/support/annotations/negatives/selection）	2026-09-21 13:26
5p8tA	negative	5p8t	A	5p8tA	N	0	1	verified_negative		0	not_applicable	verified_negative					0.75		unknotted	unknotted								0	330				5gao_E(338)			legacy topology 表族 2026-09-14（eligibility/verdict/support/annotations/negatives/selection）	2026-09-21 13:26
5p9nA	negative	5p9n	A	5p9nA	N	0	1	verified_negative		0	not_applicable	verified_negative					0.92		unknotted	unknotted								0	213				5if3_A(216)			legacy topology 表族 2026-09-14（eligibility/verdict/support/annotations/negatives/selection）	2026-09-21 13:26
5p9pA	negative	5p9p	A	5p9pA	N	0	1	verified_negative		0	not_applicable	verified_negative					0.925		unknotted	unknotted								0	213				1pv2_A(241)			legacy topology 表族 2026-09-14（eligibility/verdict/support/annotations/negatives/selection）	2026-09-21 13:26
5p9vA	negative	5p9v	A	5p9vA	N	0	1	verified_negative		0	not_applicable	verified_negative					0.93		unknotted	unknotted								0	213				4gge_A(257)			legacy topology 表族 2026-09-14（eligibility/verdict/support/annotations/negatives/selection）	2026-09-21 13:26
5qu4A	negative	5qu4	A	5qu4A	N	0	1	verified_negative		0	not_applicable	verified_negative					0.97		unknotted	unknotted								0	57				3pst_A(317)			legacy topology 表族 2026-09-14（eligibility/verdict/support/annotations/negatives/selection）	2026-09-21 13:26
5rcdA	negative	5rcd	A	5rcdA	N	0	1	verified_negative		0	not_applicable	verified_negative					0.79		unknotted	unknotted								0	330				3m9s_M(391)			legacy topology 表族 2026-09-14（eligibility/verdict/support/annotations/negatives/selection）	2026-09-21 13:26
5rd1A	negative	5rd1	A	5rd1A	N	0	1	verified_negative		0	not_applicable	verified_negative					0.795		unknotted	unknotted								0	330				3j7y_s(370)			legacy topology 表族 2026-09-14（eligibility/verdict/support/annotations/negatives/selection）	2026-09-21 13:26
5rdcA	negative	5rdc	A	5rdcA	N	0	1	verified_negative		0	not_applicable	verified_negative					0.74		unknotted	unknotted								0	330				3m9s_M(391)			legacy topology 表族 2026-09-14（eligibility/verdict/support/annotations/negatives/selection）	2026-09-21 13:26
5rdiA	negative	5rdi	A	5rdiA	N	0	1	verified_negative		0	not_applicable	verified_negative					0.755		unknotted	unknotted								0	330				3j7y_s(370)			legacy topology 表族 2026-09-14（eligibility/verdict/support/annotations/negatives/selection）	2026-09-21 13:26
5re2A	negative	5re2	A	5re2A	N	0	1	verified_negative		0	not_applicable	verified_negative					0.715		unknotted	unknotted								0	330				3j7y_s(370)			legacy topology 表族 2026-09-14（eligibility/verdict/support/annotations/negatives/selection）	2026-09-21 13:26
5roiA	negative	5roi	A	5roiA	N	0	1	verified_negative		0	not_applicable	verified_negative					0.795		unknotted	unknotted								0	279				3pst_A(317)			legacy topology 表族 2026-09-14（eligibility/verdict/support/annotations/negatives/selection）	2026-09-21 13:26
5rotA	negative	5rot	A	5rotA	N	0	1	verified_negative		0	not_applicable	verified_negative					0.825		unknotted	unknotted								0	279				3pst_A(317)			legacy topology 表族 2026-09-14（eligibility/verdict/support/annotations/negatives/selection）	2026-09-21 13:26
5royA	negative	5roy	A	5royA	N	0	1	verified_negative		0	not_applicable	verified_negative					0.835		unknotted	unknotted								0	279				4qrv_A(301)			legacy topology 表族 2026-09-14（eligibility/verdict/support/annotations/negatives/selection）	2026-09-21 13:26
5rp4A	negative	5rp4	A	5rp4A	N	0	1	verified_negative		0	not_applicable	verified_negative					0.77		unknotted	unknotted								0	279				4qrv_A(301)			legacy topology 表族 2026-09-14（eligibility/verdict/support/annotations/negatives/selection）	2026-09-21 13:26
5rpvA	negative	5rpv	A	5rpvA	N	0	1	verified_negative		0	not_applicable	verified_negative					0.76		unknotted	unknotted								0	279				1nxz_A(246)			legacy topology 表族 2026-09-14（eligibility/verdict/support/annotations/negatives/selection）	2026-09-21 13:26
5rs7A	negative	5rs7	A	5rs7A	N	0	1	verified_negative		0	not_applicable	verified_negative					0.885		unknotted	unknotted								0	167				3j7y_s(370)			legacy topology 表族 2026-09-14（eligibility/verdict/support/annotations/negatives/selection）	2026-09-21 13:26
5rsmA	negative	5rsm	A	5rsmA	N	0	1	verified_negative		0	not_applicable	verified_negative					0.935		unknotted	unknotted								0	167				3m9s_M(391)			legacy topology 表族 2026-09-14（eligibility/verdict/support/annotations/negatives/selection）	2026-09-21 13:26
5rsqA	negative	5rsq	A	5rsqA	N	0	1	verified_negative		0	not_applicable	verified_negative					0.925		unknotted	unknotted								0	167				3j7y_5(376)			legacy topology 表族 2026-09-14（eligibility/verdict/support/annotations/negatives/selection）	2026-09-21 13:26
5rsrA	negative	5rsr	A	5rsrA	N	0	1	verified_negative		0	not_applicable	verified_negative					0.905		unknotted	unknotted								0	167				3j7y_5(376)			legacy topology 表族 2026-09-14（eligibility/verdict/support/annotations/negatives/selection）	2026-09-21 13:26
5rssA	negative	5rss	A	5rssA	N	0	1	verified_negative		0	not_applicable	verified_negative					0.94		unknotted	unknotted								0	167				3j7y_5(376)			legacy topology 表族 2026-09-14（eligibility/verdict/support/annotations/negatives/selection）	2026-09-21 13:26
5rstA	negative	5rst	A	5rstA	N	0	1	verified_negative		0	not_applicable	verified_negative					0.86		unknotted	unknotted								0	167				3j7y_5(376)			legacy topology 表族 2026-09-14（eligibility/verdict/support/annotations/negatives/selection）	2026-09-21 13:26
5rszA	negative	5rsz	A	5rszA	N	0	1	verified_negative		0	not_applicable	verified_negative					0.92		unknotted	unknotted								0	167				6yxx_EF(297)			legacy topology 表族 2026-09-14（eligibility/verdict/support/annotations/negatives/selection）	2026-09-21 13:26
5rt4A	negative	5rt4	A	5rt4A	N	0	1	verified_negative		0	not_applicable	verified_negative					0.86		unknotted	unknotted								0	167				6yxx_EF(297)			legacy topology 表族 2026-09-14（eligibility/verdict/support/annotations/negatives/selection）	2026-09-21 13:26
5rtxA	negative	5rtx	A	5rtxA	N	0	1	verified_negative		0	not_applicable	verified_negative					0.915		unknotted	unknotted								0	167				6oaw_A(385)			legacy topology 表族 2026-09-14（eligibility/verdict/support/annotations/negatives/selection）	2026-09-21 13:26
5rtyA	negative	5rty	A	5rtyA	N	0	1	verified_negative		0	not_applicable	verified_negative					0.9		unknotted	unknotted								0	167				6oaw_A(385)			legacy topology 表族 2026-09-14（eligibility/verdict/support/annotations/negatives/selection）	2026-09-21 13:26
5rtzA	negative	5rtz	A	5rtzA	N	0	1	verified_negative		0	not_applicable	verified_negative					0.905		unknotted	unknotted								0	167				6oaw_A(385)			legacy topology 表族 2026-09-14（eligibility/verdict/support/annotations/negatives/selection）	2026-09-21 13:26
5ru0A	negative	5ru0	A	5ru0A	N	0	1	verified_negative		0	not_applicable	verified_negative					0.885		unknotted	unknotted								0	167				2ybb_n(391)			legacy topology 表族 2026-09-14（eligibility/verdict/support/annotations/negatives/selection）	2026-09-21 13:26
5ru1A	negative	5ru1	A	5ru1A	N	0	1	verified_negative		0	not_applicable	verified_negative					0.915		unknotted	unknotted								0	167				2ybb_n(391)			legacy topology 表族 2026-09-14（eligibility/verdict/support/annotations/negatives/selection）	2026-09-21 13:26
5ru2A	negative	5ru2	A	5ru2A	N	0	1	verified_negative		0	not_applicable	verified_negative					0.895		unknotted	unknotted								0	167				2ybb_n(391)			legacy topology 表族 2026-09-14（eligibility/verdict/support/annotations/negatives/selection）	2026-09-21 13:26
5rueA	negative	5rue	A	5rueA	N	0	1	verified_negative		0	not_applicable	verified_negative					0.9		unknotted	unknotted								0	167				6yxx_EF(297)			legacy topology 表族 2026-09-14（eligibility/verdict/support/annotations/negatives/selection）	2026-09-21 13:26
5rv3A	negative	5rv3	A	5rv3A	N	0	1	verified_negative		0	not_applicable	verified_negative					0.93		unknotted	unknotted								0	167				6yxx_EF(297)			legacy topology 表族 2026-09-14（eligibility/verdict/support/annotations/negatives/selection）	2026-09-21 13:26
5rv7A	negative	5rv7	A	5rv7A	N	0	1	verified_negative		0	not_applicable	verified_negative					0.935		unknotted	unknotted								0	167				1ztu_A(313)			legacy topology 表族 2026-09-14（eligibility/verdict/support/annotations/negatives/selection）	2026-09-21 13:26
5rv8A	negative	5rv8	A	5rv8A	N	0	1	verified_negative		0	not_applicable	verified_negative					0.935		unknotted	unknotted								0	167				1ztu_A(313)			legacy topology 表族 2026-09-14（eligibility/verdict/support/annotations/negatives/selection）	2026-09-21 13:26
5rv9A	negative	5rv9	A	5rv9A	N	0	1	verified_negative		0	not_applicable	verified_negative					0.895		unknotted	unknotted								0	167				2yfk_A(385)			legacy topology 表族 2026-09-14（eligibility/verdict/support/annotations/negatives/selection）	2026-09-21 13:26
5rvaA	negative	5rva	A	5rvaA	N	0	1	verified_negative		0	not_applicable	verified_negative					0.865		unknotted	unknotted								0	167				2yfk_A(385)			legacy topology 表族 2026-09-14（eligibility/verdict/support/annotations/negatives/selection）	2026-09-21 13:26
5rvbA	negative	5rvb	A	5rvbA	N	0	1	verified_negative		0	not_applicable	verified_negative					0.895		unknotted	unknotted								0	167				2yfk_A(385)			legacy topology 表族 2026-09-14（eligibility/verdict/support/annotations/negatives/selection）	2026-09-21 13:26
5saoA	negative	5sao	A	5saoA	N	0	1	verified_negative		0	not_applicable	verified_negative					0.77		unknotted	unknotted								0	330				6x44_A(384)			legacy topology 表族 2026-09-14（eligibility/verdict/support/annotations/negatives/selection）	2026-09-21 13:26
5sq5A	negative	5sq5	A	5sq5A	N	0	1	verified_negative		0	not_applicable	verified_negative					0.93		unknotted	unknotted								0	167				6tby_AAA(320)			legacy topology 表族 2026-09-14（eligibility/verdict/support/annotations/negatives/selection）	2026-09-21 13:26
5sq6A	negative	5sq6	A	5sq6A	N	0	1	verified_negative		0	not_applicable	verified_negative					0.895		unknotted	unknotted								0	167				6tby_AAA(320)			legacy topology 表族 2026-09-14（eligibility/verdict/support/annotations/negatives/selection）	2026-09-21 13:26
5sq7A	negative	5sq7	A	5sq7A	N	0	1	verified_negative		0	not_applicable	verified_negative					0.89		unknotted	unknotted								0	167				6tby_AAA(320)			legacy topology 表族 2026-09-14（eligibility/verdict/support/annotations/negatives/selection）	2026-09-21 13:26
5sq8A	negative	5sq8	A	5sq8A	N	0	1	verified_negative		0	not_applicable	verified_negative					0.905		unknotted	unknotted								0	167				6tby_AAA(320)			legacy topology 表族 2026-09-14（eligibility/verdict/support/annotations/negatives/selection）	2026-09-21 13:26
5sqaA	negative	5sqa	A	5sqaA	N	0	1	verified_negative		0	not_applicable	verified_negative					0.895		unknotted	unknotted								0	167				7qi6_5(393)			legacy topology 表族 2026-09-14（eligibility/verdict/support/annotations/negatives/selection）	2026-09-21 13:26
5sqbA	negative	5sqb	A	5sqbA	N	0	1	verified_negative		0	not_applicable	verified_negative					0.93		unknotted	unknotted								0	167				7qi6_5(393)			legacy topology 表族 2026-09-14（eligibility/verdict/support/annotations/negatives/selection）	2026-09-21 13:26
5sqcA	negative	5sqc	A	5sqcA	N	0	1	verified_negative		0	not_applicable	verified_negative					0.935		unknotted	unknotted								0	167				7qi6_5(393)			legacy topology 表族 2026-09-14（eligibility/verdict/support/annotations/negatives/selection）	2026-09-21 13:26
5sqdA	negative	5sqd	A	5sqdA	N	0	1	verified_negative		0	not_applicable	verified_negative					0.905		unknotted	unknotted								0	167				7qi6_5(393)			legacy topology 表族 2026-09-14（eligibility/verdict/support/annotations/negatives/selection）	2026-09-21 13:26
5swcA	negative	5swc	A	5swcA	N	0	1	verified_negative		0	not_applicable	verified_negative					0.94		unknotted	unknotted								0	223				7cu3_A(1277)			legacy topology 表族 2026-09-14（eligibility/verdict/support/annotations/negatives/selection）	2026-09-21 13:26
5sy4A	negative	5sy4	A	5sy4A	N	0	1	verified_negative		0	not_applicable	verified_negative					0.95		unknotted	unknotted								0	195				6w1s_A(381);6w8r_A(364)			legacy topology 表族 2026-09-14（eligibility/verdict/support/annotations/negatives/selection）	2026-09-21 13:26
5sy9A	negative	5sy9	A	5sy9A	N	0	1	verified_negative		0	not_applicable	verified_negative					0.9		unknotted	unknotted								0	188				6qqz_A(212)			legacy topology 表族 2026-09-14（eligibility/verdict/support/annotations/negatives/selection）	2026-09-21 13:26
5syaA	negative	5sya	A	5syaA	N	0	1	verified_negative		0	not_applicable	verified_negative					0.95		unknotted	unknotted								0	186				6qqz_A(212)			legacy topology 表族 2026-09-14（eligibility/verdict/support/annotations/negatives/selection）	2026-09-21 13:26
5t39A	negative	5t39	A	5t39A	N	0	1	verified_negative		0	not_applicable	verified_negative					0.905		unknotted	unknotted								0	233				2hfy_A(259);6f38_Y(264);7o4i_R(268)			legacy topology 表族 2026-09-14（eligibility/verdict/support/annotations/negatives/selection）	2026-09-21 13:26
5tfqA	negative	5tfq	A	5tfqA	N	0	1	verified_negative		0	not_applicable	verified_negative					0.845		unknotted	unknotted								0	277				1k3r_A(262)			legacy topology 表族 2026-09-14（eligibility/verdict/support/annotations/negatives/selection）	2026-09-21 13:26
5toyA	negative	5toy	A	5toyA	N	0	1	verified_negative		0	not_applicable	verified_negative					0.825		unknotted	unknotted								0	263				2fy5_A(577)			legacy topology 表族 2026-09-14（eligibility/verdict/support/annotations/negatives/selection）	2026-09-21 13:26
5trqA	negative	5trq	A	5trqA	N	0	1	verified_negative		0	not_applicable	verified_negative					0.815		unknotted	unknotted								0	283				2fy5_A(577)			legacy topology 表族 2026-09-14（eligibility/verdict/support/annotations/negatives/selection）	2026-09-21 13:26
5tvyA	negative	5tvy	A	5tvyA	N	0	1	verified_negative		0	not_applicable	verified_negative					0.835		unknotted	unknotted								0	188				2ybb_n(391);2yfk_A(385);6oaw_A(385)			legacy topology 表族 2026-09-14（eligibility/verdict/support/annotations/negatives/selection）	2026-09-21 13:26
5u64B	negative	5u64	B	5u64B	N	0	1	verified_negative		0	not_applicable	verified_negative					0.95		unknotted	unknotted								0	127				2pps_F(130)			legacy topology 表族 2026-09-14（eligibility/verdict/support/annotations/negatives/selection）	2026-09-21 13:26
5uejA	negative	5uej	A	5uejA	N	0	1	verified_negative		0	not_applicable	verified_negative					0.74		unknotted	unknotted								0	375				1he8_A(749)			legacy topology 表族 2026-09-14（eligibility/verdict/support/annotations/negatives/selection）	2026-09-21 13:26
5v92A	negative	5v92	A	5v92A	N	0	1	verified_negative		0	not_applicable	verified_negative					0.93		unknotted	unknotted								0	129				4l69_A(244);7pri_AAA(277)			legacy topology 表族 2026-09-14（eligibility/verdict/support/annotations/negatives/selection）	2026-09-21 13:26
5vpqA	negative	5vpq	A	5vpqA	N	0	1	verified_negative		0	not_applicable	verified_negative					0.69		unknotted	unknotted								0	277				6juy_A(639)			legacy topology 表族 2026-09-14（eligibility/verdict/support/annotations/negatives/selection）	2026-09-21 13:26
5vrkA	negative	5vrk	A	5vrkA	N	0	1	verified_negative		0	not_applicable	verified_negative					0.85		unknotted	unknotted								0	314				6juy_A(639)			legacy topology 表族 2026-09-14（eligibility/verdict/support/annotations/negatives/selection）	2026-09-21 13:26
5vscA	negative	5vsc	A	5vscA	N	0	1	verified_negative		0	not_applicable	verified_negative					0.965		unknotted	unknotted								0	269				6juy_A(639)			legacy topology 表族 2026-09-14（eligibility/verdict/support/annotations/negatives/selection）	2026-09-21 13:26
5w3rA	negative	5w3r	A	5w3rA	N	0	1	verified_negative		0	not_applicable	verified_negative					0.955		unknotted	unknotted								0	114				6qx9_BP(100)			legacy topology 表族 2026-09-14（eligibility/verdict/support/annotations/negatives/selection）	2026-09-21 13:26
5waaA	negative	5waa	A	5waaA	N	0	1	verified_negative		0	not_applicable	verified_negative					0.98		unknotted	unknotted								0	115				4j3c_A(232)			legacy topology 表族 2026-09-14（eligibility/verdict/support/annotations/negatives/selection）	2026-09-21 13:26
5ws7A	negative	5ws7	A	5ws7A	N	0	1	verified_negative		0	not_applicable	verified_negative					0.855		unknotted	unknotted								0	156				1ztu_A(313)			legacy topology 表族 2026-09-14（eligibility/verdict/support/annotations/negatives/selection）	2026-09-21 13:26
5wsfA	negative	5wsf	A	5wsfA	N	0	1	verified_negative		0	not_applicable	verified_negative					0.945		unknotted	unknotted								0	114				2vea_A(500)			legacy topology 表族 2026-09-14（eligibility/verdict/support/annotations/negatives/selection）	2026-09-21 13:26
5x5mA	negative	5x5m	A	5x5mA	N	0	1	verified_negative		0	not_applicable	verified_negative					0.895		unknotted	unknotted								0	205				3qfh_A(424)			legacy topology 表族 2026-09-14（eligibility/verdict/support/annotations/negatives/selection）	2026-09-21 13:26
5x9lA	negative	5x9l	A	5x9lA	N	0	1	verified_negative		0	not_applicable	verified_negative					0.855		unknotted	unknotted								0	207				1v6z_A(227)			legacy topology 表族 2026-09-14（eligibility/verdict/support/annotations/negatives/selection）	2026-09-21 13:26
5x9mA	negative	5x9m	A	5x9mA	N	0	1	verified_negative		0	not_applicable	verified_negative					0.875		unknotted	unknotted								0	207				4v7h_BE(237)			legacy topology 表族 2026-09-14（eligibility/verdict/support/annotations/negatives/selection）	2026-09-21 13:26
5xbuA	negative	5xbu	A	5xbuA	N	0	1	verified_negative		0	not_applicable	verified_negative					0.845		unknotted	unknotted								0	179				2v3j_A(217)			legacy topology 表族 2026-09-14（eligibility/verdict/support/annotations/negatives/selection）	2026-09-21 13:26
5xp6A	negative	5xp6	A	5xp6A	N	0	1	verified_negative		0	not_applicable	verified_negative					0.855		unknotted	unknotted								0	229				6uev_A(219)			legacy topology 表族 2026-09-14（eligibility/verdict/support/annotations/negatives/selection）	2026-09-21 13:26
5xqaA	negative	5xqa	A	5xqaA	N	0	1	verified_negative		0	not_applicable	verified_negative					0.88		unknotted	unknotted								0	675				3wpc_A(747)			legacy topology 表族 2026-09-14（eligibility/verdict/support/annotations/negatives/selection）	2026-09-21 13:26
5xqpA	negative	5xqp	A	5xqpA	N	0	1	verified_negative		0	not_applicable	verified_negative					0.9		unknotted	unknotted								0	65				1ztu_A(313)			legacy topology 表族 2026-09-14（eligibility/verdict/support/annotations/negatives/selection）	2026-09-21 13:26
5y3xA	negative	5y3x	A	5y3xA	N	0	1	verified_negative		0	not_applicable	verified_negative					0.82		unknotted	unknotted								0	329				4o9y_A(2490)			legacy topology 表族 2026-09-14（eligibility/verdict/support/annotations/negatives/selection）	2026-09-21 13:26
5y9aA	negative	5y9a	A	5y9aA	N	0	1	verified_negative		0	not_applicable	verified_negative					0.89		unknotted	unknotted								0	196				6qqz_A(212)			legacy topology 表族 2026-09-14（eligibility/verdict/support/annotations/negatives/selection）	2026-09-21 13:26
5yb6A	negative	5yb6	A	5yb6A	N	0	1	verified_negative		0	not_applicable	verified_negative					0.76		unknotted	unknotted								0	556				4o9y_A(2490)			legacy topology 表族 2026-09-14（eligibility/verdict/support/annotations/negatives/selection）	2026-09-21 13:26
5ydeA	negative	5yde	A	5ydeA	N	0	1	verified_negative		0	not_applicable	verified_negative					0.92		unknotted	unknotted								0	111				1yl3_M(117)			legacy topology 表族 2026-09-14（eligibility/verdict/support/annotations/negatives/selection）	2026-09-21 13:26
5yobA	negative	5yob	A	5yobA	N	0	1	verified_negative		0	not_applicable	verified_negative					0.895		unknotted	unknotted								0	148				7nt0_AAA(169)			legacy topology 表族 2026-09-14（eligibility/verdict/support/annotations/negatives/selection）	2026-09-21 13:26
5yypA	negative	5yyp	A	5yypA	N	0	1	verified_negative		0	not_applicable	verified_negative					0.83		unknotted	unknotted								0	207				4cru_A(242)			legacy topology 表族 2026-09-14（eligibility/verdict/support/annotations/negatives/selection）	2026-09-21 13:26
5z02A	negative	5z02	A	5z02A	N	0	1	verified_negative		0	not_applicable	verified_negative					0.905		unknotted	unknotted								0	88				2k0a_A(109)			legacy topology 表族 2026-09-14（eligibility/verdict/support/annotations/negatives/selection）	2026-09-21 13:26
5z0tA	negative	5z0t	A	5z0tA	N	0	1	verified_negative		0	not_applicable	verified_negative					0.825		unknotted	unknotted								0	637				6ac6_A(1154)			legacy topology 表族 2026-09-14（eligibility/verdict/support/annotations/negatives/selection）	2026-09-21 13:26
5zj2A	negative	5zj2	A	5zj2A	N	0	1	verified_negative		0	not_applicable	verified_negative					0.87		unknotted	unknotted								0	229				1nxz_A(246)			legacy topology 表族 2026-09-14（eligibility/verdict/support/annotations/negatives/selection）	2026-09-21 13:26
6ao9A	negative	6ao9	A	6ao9A	N	0	1	verified_negative		0	not_applicable	verified_negative					0.875		unknotted	unknotted								0	171				3bbd_A(204)			legacy topology 表族 2026-09-14（eligibility/verdict/support/annotations/negatives/selection）	2026-09-21 13:26
6ar0A	negative	6ar0	A	6ar0A	N	0	1	verified_negative		0	not_applicable	verified_negative					0.985		unknotted	unknotted								0	138				3l8u_A(154)			legacy topology 表族 2026-09-14（eligibility/verdict/support/annotations/negatives/selection）	2026-09-21 13:26
6argA	negative	6arg	A	6argA	N	0	1	verified_negative		0	not_applicable	verified_negative					0.75		unknotted	unknotted								0	395				6rwb_A(1873)			legacy topology 表族 2026-09-14（eligibility/verdict/support/annotations/negatives/selection）	2026-09-21 13:26
6b8gA	negative	6b8g	A	6b8gA	N	0	1	verified_negative		0	not_applicable	verified_negative					0.925		unknotted	unknotted								0	172				2ha8_A(159)			legacy topology 表族 2026-09-14（eligibility/verdict/support/annotations/negatives/selection）	2026-09-21 13:26
6balA	negative	6bal	A	6balA	N	0	1	verified_negative		0	not_applicable	verified_negative					0.905		unknotted	unknotted								0	312				4o9y_A(2490)			legacy topology 表族 2026-09-14（eligibility/verdict/support/annotations/negatives/selection）	2026-09-21 13:26
6bevA	negative	6bev	A	6bevA	N	0	1	verified_negative		0	not_applicable	verified_negative					0.825		unknotted	unknotted								0	113				4gge_A(257)			legacy topology 表族 2026-09-14（eligibility/verdict/support/annotations/negatives/selection）	2026-09-21 13:26
6bxdA	negative	6bxd	A	6bxdA	N	0	1	verified_negative		0	not_applicable	verified_negative					0.935		unknotted	unknotted								0	192				3cwo_X(236)			legacy topology 表族 2026-09-14（eligibility/verdict/support/annotations/negatives/selection）	2026-09-21 13:26
6c79A	negative	6c79	A	6c79A	N	0	1	verified_negative		0	not_applicable	verified_negative					0.82		unknotted	unknotted								0	260				1nxz_A(246)			legacy topology 表族 2026-09-14（eligibility/verdict/support/annotations/negatives/selection）	2026-09-21 13:26
6cdjA	negative	6cdj	A	6cdjA	N	0	1	verified_negative		0	not_applicable	verified_negative					0.88		unknotted	unknotted								0	99				5apg_A(184)			legacy topology 表族 2026-09-14（eligibility/verdict/support/annotations/negatives/selection）	2026-09-21 13:26
6cspA	negative	6csp	A	6cspA	N	0	1	verified_negative		0	not_applicable	verified_negative					0.795		unknotted	unknotted								0	356				6nd4_N(678)			legacy topology 表族 2026-09-14（eligibility/verdict/support/annotations/negatives/selection）	2026-09-21 13:26
6d1iA	negative	6d1i	A	6d1iA	N	0	1	verified_negative		0	not_applicable	verified_negative					0.86		unknotted	unknotted								0	229				1nxz_A(246)			legacy topology 表族 2026-09-14（eligibility/verdict/support/annotations/negatives/selection）	2026-09-21 13:26
6d9yA	negative	6d9y	A	6d9yA	N	0	1	verified_negative		0	not_applicable	verified_negative					0.89		unknotted	unknotted								0	251				2fy5_A(577)			legacy topology 表族 2026-09-14（eligibility/verdict/support/annotations/negatives/selection）	2026-09-21 13:26
6elxA	negative	6elx	A	6elxA	N	0	1	verified_negative		0	not_applicable	verified_negative					0.865		unknotted	unknotted								0	267				6k4n_A(557)			legacy topology 表族 2026-09-14（eligibility/verdict/support/annotations/negatives/selection）	2026-09-21 13:26
6eqeA	negative	6eqe	A	6eqeA	N	0	1	verified_negative		0	not_applicable	verified_negative					0.905		unknotted	unknotted								0	265				3v5u_A(297)			legacy topology 表族 2026-09-14（eligibility/verdict/support/annotations/negatives/selection）	2026-09-21 13:26
6etpA	negative	6etp	A	6etpA	N	0	1	verified_negative		0	not_applicable	verified_negative					0.96		unknotted	unknotted								0	124				1yl3_M(117)			legacy topology 表族 2026-09-14（eligibility/verdict/support/annotations/negatives/selection）	2026-09-21 13:26
6ev3A	negative	6ev3	A	6ev3A	N	0	1	verified_negative		0	not_applicable	verified_negative					0.765		unknotted	unknotted								0	500				2fy5_A(577)			legacy topology 表族 2026-09-14（eligibility/verdict/support/annotations/negatives/selection）	2026-09-21 13:26
6evdA	negative	6evd	A	6evdA	N	0	1	verified_negative		0	not_applicable	verified_negative					0.77		unknotted	unknotted								0	496				7k1y_B(526)			legacy topology 表族 2026-09-14（eligibility/verdict/support/annotations/negatives/selection）	2026-09-21 13:26
6f43A	negative	6f43	A	6f43A	N	0	1	verified_negative		0	not_applicable	verified_negative					0.86		unknotted	unknotted								0	241				6k4n_A(557)			legacy topology 表族 2026-09-14（eligibility/verdict/support/annotations/negatives/selection）	2026-09-21 13:26
6fd1A	negative	6fd1	A	6fd1A	N	0	1	verified_negative		0	not_applicable	verified_negative					0.92		unknotted	unknotted								0	106				2k0a_A(109)			legacy topology 表族 2026-09-14（eligibility/verdict/support/annotations/negatives/selection）	2026-09-21 13:26
6fi2A	negative	6fi2	A	6fi2A	N	0	1	verified_negative		0	not_applicable	verified_negative					0.925		unknotted	unknotted								0	375				6sg9_DH(472)			legacy topology 表族 2026-09-14（eligibility/verdict/support/annotations/negatives/selection）	2026-09-21 13:26
6fj6A	negative	6fj6	A	6fj6A	N	0	1	verified_negative		0	not_applicable	verified_negative					0.9		unknotted	unknotted								0	207				1zjr_A(197)			legacy topology 表族 2026-09-14（eligibility/verdict/support/annotations/negatives/selection）	2026-09-21 13:26
6fm7A	negative	6fm7	A	6fm7A	N	0	1	verified_negative		0	not_applicable	verified_negative					0.815		unknotted	unknotted								0	356				4kpp_A(395)			legacy topology 表族 2026-09-14（eligibility/verdict/support/annotations/negatives/selection）	2026-09-21 13:26
6ggpA	negative	6ggp	A	6ggpA	N	0	1	verified_negative		0	not_applicable	verified_negative					0.805		unknotted	unknotted								0	212				6n8a_A(193)			legacy topology 表族 2026-09-14（eligibility/verdict/support/annotations/negatives/selection）	2026-09-21 13:26
6hmdA	negative	6hmd	A	6hmdA	N	0	1	verified_negative		0	not_applicable	verified_negative					0.815		unknotted	unknotted								0	328				6x44_A(384)			legacy topology 表族 2026-09-14（eligibility/verdict/support/annotations/negatives/selection）	2026-09-21 13:26
6n3xA	negative	6n3x	A	6n3xA	N	0	1	verified_negative		0	not_applicable	verified_negative					0.99		unknotted	unknotted								0	115				2hfx_A(259)			legacy topology 表族 2026-09-14（eligibility/verdict/support/annotations/negatives/selection）	2026-09-21 13:26
6ni4A	negative	6ni4	A	6ni4A	N	0	1	verified_negative		0	not_applicable	verified_negative					0.895		unknotted	unknotted								0	226				2hfx_A(259)			legacy topology 表族 2026-09-14（eligibility/verdict/support/annotations/negatives/selection）	2026-09-21 13:26
6qw8A	negative	6qw8	A	6qw8A	N	0	1	verified_negative		0	not_applicable	verified_negative					0.835		unknotted	unknotted								0	261				2hfx_A(259)			legacy topology 表族 2026-09-14（eligibility/verdict/support/annotations/negatives/selection）	2026-09-21 13:26
6r1dA	negative	6r1d	A	6r1dA	N	0	1	verified_negative		0	not_applicable	verified_negative					0.93		unknotted	unknotted								0	106				2hfx_A(259)			legacy topology 表族 2026-09-14（eligibility/verdict/support/annotations/negatives/selection）	2026-09-21 13:26
6trgXXX	negative	6trg	XXX	6trgXXX	N	0	1	verified_negative		0	not_applicable	verified_negative					0.795		unknotted	unknotted								0	379				6x44_A(384)			legacy topology 表族 2026-09-14（eligibility/verdict/support/annotations/negatives/selection）	2026-09-21 13:26
7a3hA	negative	7a3h	A	7a3hA	N	0	1	verified_negative		0	not_applicable	verified_negative					0.77		unknotted	unknotted								0	300				3ihr_A(282)			legacy topology 表族 2026-09-14（eligibility/verdict/support/annotations/negatives/selection）	2026-09-21 13:26
7fpyA	negative	7fpy	A	7fpyA	N	0	1	verified_negative		0	not_applicable	verified_negative					0.745		unknotted	unknotted								0	159				1ns5_A(153)			legacy topology 表族 2026-09-14（eligibility/verdict/support/annotations/negatives/selection）	2026-09-21 13:26
7fvzA	negative	7fvz	A	7fvzA	N	0	1	verified_negative		0	not_applicable	verified_negative					0.93		unknotted	unknotted								0	133				1ns5_A(153)			legacy topology 表族 2026-09-14（eligibility/verdict/support/annotations/negatives/selection）	2026-09-21 13:26
7fw0A	negative	7fw0	A	7fw0A	N	0	1	verified_negative		0	not_applicable	verified_negative					0.88		unknotted	unknotted								0	133				1ns5_A(153)			legacy topology 表族 2026-09-14（eligibility/verdict/support/annotations/negatives/selection）	2026-09-21 13:26
7fw2A	negative	7fw2	A	7fw2A	N	0	1	verified_negative		0	not_applicable	verified_negative					0.915		unknotted	unknotted								0	134				1ns5_A(153)			legacy topology 表族 2026-09-14（eligibility/verdict/support/annotations/negatives/selection）	2026-09-21 13:26
7hctA	negative	7hct	A	7hctA	N	0	1	verified_negative		0	not_applicable	verified_negative					0.895		unknotted	unknotted								0	167				3m9c_M(391)			legacy topology 表族 2026-09-14（eligibility/verdict/support/annotations/negatives/selection）	2026-09-21 13:26
7hcuA	negative	7hcu	A	7hcuA	N	0	1	verified_negative		0	not_applicable	verified_negative					0.875		unknotted	unknotted								0	167				3m9c_M(391)			legacy topology 表族 2026-09-14（eligibility/verdict/support/annotations/negatives/selection）	2026-09-21 13:26
7hd3A	negative	7hd3	A	7hd3A	N	0	1	verified_negative		0	not_applicable	verified_negative					0.885		unknotted	unknotted								0	167				3m9c_M(391)			legacy topology 表族 2026-09-14（eligibility/verdict/support/annotations/negatives/selection）	2026-09-21 13:26
7hd5A	negative	7hd5	A	7hd5A	N	0	1	verified_negative		0	not_applicable	verified_negative					0.895		unknotted	unknotted								0	167				3m9c_M(391)			legacy topology 表族 2026-09-14（eligibility/verdict/support/annotations/negatives/selection）	2026-09-21 13:26
7heqA	negative	7heq	A	7heqA	N	0	1	verified_negative		0	not_applicable	verified_negative					0.935		unknotted	unknotted								0	167				1js1_X(324)			legacy topology 表族 2026-09-14（eligibility/verdict/support/annotations/negatives/selection）	2026-09-21 13:26
7hf0A	negative	7hf0	A	7hf0A	N	0	1	verified_negative		0	not_applicable	verified_negative					0.905		unknotted	unknotted								0	167				2cav_A(346)			legacy topology 表族 2026-09-14（eligibility/verdict/support/annotations/negatives/selection）	2026-09-21 13:26
7hf1A	negative	7hf1	A	7hf1A	N	0	1	verified_negative		0	not_applicable	verified_negative					0.875		unknotted	unknotted								0	167				1fug_A(383)			legacy topology 表族 2026-09-14（eligibility/verdict/support/annotations/negatives/selection）	2026-09-21 13:26
7hflA	negative	7hfl	A	7hflA	N	0	1	verified_negative		0	not_applicable	verified_negative					0.845		unknotted	unknotted								0	167				2cav_A(346)			legacy topology 表族 2026-09-14（eligibility/verdict/support/annotations/negatives/selection）	2026-09-21 13:26
7hpyA	negative	7hpy	A	7hpyA	N	0	1	verified_negative		0	not_applicable	verified_negative					0.895		unknotted	unknotted								0	167				7nxg_A(390)			legacy topology 表族 2026-09-14（eligibility/verdict/support/annotations/negatives/selection）	2026-09-21 13:26
8a3hA	negative	8a3h	A	8a3hA	N	0	1	verified_negative		0	not_applicable	verified_negative					0.675		unknotted	unknotted								0	300				7c1z_A(356)			legacy topology 表族 2026-09-14（eligibility/verdict/support/annotations/negatives/selection）	2026-09-21 13:26
