query	target	tm_min	tm_norm_input1	tm_norm_input2	returncode
1CNH_A	1FQM_A	0.988700	0.988700	0.992540	0
1CNH_A	1G0F_A	0.994330	0.998190	0.994330	0
1CNH_A	1HVA_A	0.985930	0.985930	0.993620	0
1CNH_A	1URT_A	0.898440	0.898440	0.972820	0
1CNH_A	1ZE8_A	0.993220	0.997080	0.993220	0
1CNH_A	2AX2_A	0.994980	0.998850	0.994980	0
1CNH_A	2CBE_A	0.995660	0.999530	0.995660	0
1CNH_A	2EU2_A	0.996900	0.996900	0.996900	0
1CNH_A	2EZ7_A	0.993270	0.997130	0.993270	0
1CNH_A	2NNO_A	0.989910	0.997600	0.989910	0
1CNH_A	2NXT_A	0.995030	0.998900	0.995030	0
1CNH_A	2VVB_X	0.993050	0.996900	0.993050	0
1CNH_A	2W2J_A	0.903340	0.940880	0.903340	0
1CNH_A	2WD3_A	0.998000	0.998000	0.998000	0
1CNH_A	2ZNC_A	0.867820	0.867820	0.945650	0
1CNH_A	3BET_A	0.993010	0.996870	0.993010	0
1CNH_A	3CZV_A	0.978940	0.982690	0.978940	0
1CNH_A	3F7B_A	0.880350	0.880350	0.932710	0
1CNH_A	3GZ0_A	0.997850	0.997850	0.997850	0
1CNH_A	3IBL_A	0.993190	0.997040	0.993190	0
1CNH_A	3IBN_A	0.992850	0.996710	0.992850	0
1CNH_A	3IBU_A	0.992730	0.996580	0.992730	0
1CNH_A	3JXF_A	0.873630	0.909000	0.873630	0
1CNH_A	3KKX_A	0.995570	0.999450	0.995570	0
1CNH_A	3KON_A	0.994920	0.998780	0.994920	0
1CNH_A	3M1Q_A	0.998410	0.998410	0.998410	0
1CNH_A	3M67_A	0.998020	0.998020	0.998020	0
1CNH_A	3M96_A	0.997960	0.997960	0.997960	0
1CNH_A	3MHM_A	0.998800	0.998800	0.998800	0
1CNH_A	3ML5_A	0.967390	0.985990	0.967390	0
1CNH_A	3MNU_A	0.996990	0.996990	0.996990	0
1CNH_A	3PO6_A	0.993660	0.997510	0.993660	0
1CNH_A	3RYJ_B	0.998950	0.998950	0.998950	0
1CNH_A	3RYX_B	0.995180	0.999050	0.995180	0
1CNH_A	3RZ5_A	0.994770	0.998640	0.994770	0
1CNH_A	3RZ7_A	0.998030	0.998030	0.998030	0
1CNH_A	3S73_B	0.998640	0.998640	0.998640	0
1CNH_A	3S76_A	0.998350	0.998350	0.998350	0
1CNH_A	3SAX_A	0.993660	0.997520	0.993660	0
1CNH_A	3V2J_A	0.999570	0.999570	0.999570	0
1CNH_A	3ZNC_A	0.874230	0.874230	0.948980	0
1CNH_A	4FL7_A	0.997370	0.997370	0.997370	0
1CNH_A	4ITP_A	0.998680	0.998680	0.998680	0
1CNH_A	4KAP_A	0.994130	0.997990	0.994130	0
1CNH_A	4KP8_A	0.924320	0.938210	0.924320	0
1CNH_A	4MDG_A	0.993710	0.997570	0.993710	0
1CNH_A	4MDM_A	0.993650	0.997510	0.993650	0
1CNH_A	4PYX_A	0.998090	0.998090	0.998090	0
1CNH_A	4QK1_A	0.987620	0.987620	0.987620	0
1CNH_A	4R59_A	0.994490	0.998350	0.994490	0
1CNH_A	4R5A_A	0.986750	0.994420	0.986750	0
1CNH_A	4TWM_A	0.828060	0.828060	0.887100	0
1CNH_A	4YGN_A	0.998460	0.998460	0.998460	0
1CNH_A	4YWP_A	0.996370	0.996370	0.996370	0
1CNH_A	4Z1E_A	0.991160	0.998860	0.991160	0
1CNH_A	5DOG_A	0.998370	0.998370	0.998370	0
1CNH_A	5DSQ_A	0.998750	0.998750	0.998750	0
1CNH_A	5EKM_A	0.998900	0.998900	0.998900	0
1CNH_A	5FL5_A	0.895810	0.895810	0.916220	0
1CNH_A	5FLO_A	0.994200	0.998060	0.994200	0
1CNH_A	5FNM_A	0.994420	0.998290	0.994420	0
1CNH_A	5G0B_A	0.997380	0.997380	0.997380	0
1CNH_A	5GMN_A	0.987010	0.987010	0.987010	0
1CNH_A	5IPZ_A	0.872060	0.885080	0.872060	0
1CNH_A	5KU6_A	0.881400	0.881400	0.926390	0
1CNH_A	5L6K_A	0.988200	0.995860	0.988200	0
1CNH_A	5LL9_A	0.922740	0.936590	0.922740	0
1CNH_A	5LLE_A	0.998060	0.998060	0.998060	0
1CNH_A	5LLG_A	0.998350	0.998350	0.998350	0
1CNH_A	5LLN_A	0.969580	0.976980	0.969580	0
1CNH_A	5LLP_A	0.927610	0.938060	0.927610	0
1CNH_A	5M78_A	0.990310	0.998000	0.990310	0
1CNH_A	5MSA_A	0.923150	0.937000	0.923150	0
1CNH_A	5NXG_A	0.996710	0.996710	0.996710	0
1CNH_A	5NXV_A	0.994320	0.998190	0.994320	0
1CNH_A	5SZ2_A	0.998530	0.998530	0.998530	0
1CNH_A	5SZ5_A	0.998330	0.998330	0.998330	0
1CNH_A	5TFX_A	0.994340	0.998200	0.994340	0
1CNH_A	5TH4_A	0.998850	0.998850	0.998850	0
1CNH_A	5THJ_A	0.997720	0.997720	0.997720	0
1CNH_A	5TT8_A	0.708790	0.708790	0.893900	0
1CNH_A	5TV3_A	0.777950	0.777950	0.877610	0
1CNH_A	5TY1_A	0.994150	0.998010	0.994150	0
1CNH_A	5U0F_A	0.993570	0.997430	0.993570	0
1CNH_A	5WLR_A	0.998660	0.998660	0.998660	0
1CNH_A	5Y2R_A	0.998020	0.998020	0.998020	0
1CNH_A	5Y2S_A	0.997850	0.997850	0.997850	0
1CNH_A	5YUJ_A	0.999020	0.999020	0.999020	0
1CNH_A	6B00_A	0.972710	0.995320	0.972710	0
1CNH_A	6D1L_A	0.989500	0.997180	0.989500	0
1CNH_A	6GOT_A	0.999020	0.999020	0.999020	0
1CNH_A	6H36_A	0.977140	0.984640	0.977140	0
1CNH_A	6HR3_A	0.996970	0.996970	0.996970	0
1CNH_A	6KM1_A	0.998000	0.998000	0.998000	0
1CNH_A	6OTI_A	0.998490	0.998490	0.998490	0
1CNH_A	6QNL_A	0.928190	0.928190	0.942310	0
1CNH_A	6R6Y_A	0.924490	0.938390	0.924490	0
1CNH_A	6RG4_A	0.995040	0.998910	0.995040	0
1CNH_A	6RQQ_A	0.906720	0.906720	0.910120	0
1CNH_A	6UGN_A	0.998820	0.998820	0.998820	0
1CNH_A	6Y74_A	0.900490	0.903850	0.900490	0
1CNH_A	6YJ3_A	0.989460	0.993290	0.989460	0
1CNH_A	7MU3_A	0.990160	0.997850	0.990160	0
1CNH_A	7NG1_A	0.841050	0.903080	0.841050	0
1FQM_A	1G0F_A	0.984690	0.992330	0.984690	0
1FQM_A	1HVA_A	0.986050	0.986050	0.989890	0
1FQM_A	1URT_A	0.894200	0.894200	0.963960	0
1FQM_A	1ZE8_A	0.985520	0.993180	0.985520	0
1FQM_A	2AX2_A	0.985520	0.993170	0.985520	0
1FQM_A	2CBE_A	0.984950	0.992590	0.984950	0
1FQM_A	2EU2_A	0.987000	0.990830	0.987000	0
1FQM_A	2EZ7_A	0.985260	0.992910	0.985260	0
1FQM_A	2NNO_A	0.981680	0.993110	0.981680	0
1FQM_A	2NXT_A	0.984800	0.992440	0.984800	0
1FQM_A	2VVB_X	0.983400	0.991020	0.983400	0
1FQM_A	2W2J_A	0.897450	0.938200	0.897450	0
1FQM_A	2WD3_A	0.990430	0.994280	0.990430	0
1FQM_A	2ZNC_A	0.867090	0.867090	0.941080	0
1FQM_A	3BET_A	0.983330	0.990950	0.983330	0
1FQM_A	3CZV_A	0.964060	0.971410	0.964060	0
1FQM_A	3F7B_A	0.879110	0.879110	0.927900	0
1FQM_A	3GZ0_A	0.989140	0.992980	0.989140	0
1FQM_A	3IBL_A	0.985730	0.993380	0.985730	0
1FQM_A	3IBN_A	0.985320	0.992970	0.985320	0
1FQM_A	3IBU_A	0.985020	0.992660	0.985020	0
1FQM_A	3JXF_A	0.866760	0.905080	0.866760	0
1FQM_A	3KKX_A	0.983600	0.991220	0.983600	0
1FQM_A	3KON_A	0.984940	0.992580	0.984940	0
1FQM_A	3M1Q_A	0.988760	0.992600	0.988760	0
1FQM_A	3M67_A	0.988880	0.992720	0.988880	0
1FQM_A	3M96_A	0.989430	0.993280	0.989430	0
1FQM_A	3MHM_A	0.989040	0.992880	0.989040	0
1FQM_A	3ML5_A	0.961930	0.984180	0.961930	0
1FQM_A	3MNU_A	0.989030	0.992870	0.989030	0
1FQM_A	3PO6_A	0.985400	0.993050	0.985400	0
1FQM_A	3RYJ_B	0.989390	0.993230	0.989390	0
1FQM_A	3RYX_B	0.985740	0.993400	0.985740	0
1FQM_A	3RZ5_A	0.985640	0.993300	0.985640	0
1FQM_A	3RZ7_A	0.988880	0.992710	0.988880	0
1FQM_A	3S73_B	0.989180	0.993020	0.989180	0
1FQM_A	3S76_A	0.989460	0.993300	0.989460	0
1FQM_A	3SAX_A	0.983890	0.991520	0.983890	0
1FQM_A	3V2J_A	0.988000	0.991830	0.988000	0
1FQM_A	3ZNC_A	0.872230	0.872230	0.942940	0
1FQM_A	4FL7_A	0.988930	0.992770	0.988930	0
1FQM_A	4ITP_A	0.988620	0.992460	0.988620	0
1FQM_A	4KAP_A	0.984740	0.992380	0.984740	0
1FQM_A	4KP8_A	0.914790	0.931960	0.914790	0
1FQM_A	4MDG_A	0.985950	0.993600	0.985950	0
1FQM_A	4MDM_A	0.985990	0.993640	0.985990	0
1FQM_A	4PYX_A	0.990200	0.994050	0.990200	0
1FQM_A	4QK1_A	0.977770	0.981530	0.977770	0
1FQM_A	4R59_A	0.985230	0.992880	0.985230	0
1FQM_A	4R5A_A	0.978900	0.990310	0.978900	0
1FQM_A	4TWM_A	0.825060	0.825060	0.880460	0
1FQM_A	4YGN_A	0.988710	0.992550	0.988710	0
1FQM_A	4YWP_A	0.987550	0.991370	0.987550	0
1FQM_A	4Z1E_A	0.981760	0.993190	0.981760	0
1FQM_A	5DOG_A	0.989340	0.993180	0.989340	0
1FQM_A	5DSQ_A	0.989470	0.993310	0.989470	0
1FQM_A	5EKM_A	0.988770	0.992600	0.988770	0
1FQM_A	5FL5_A	0.900150	0.900150	0.917260	0
1FQM_A	5FLO_A	0.984710	0.992350	0.984710	0
1FQM_A	5FNM_A	0.986840	0.994510	0.986840	0
1FQM_A	5G0B_A	0.992110	0.995980	0.992110	0
1FQM_A	5GMN_A	0.979510	0.983280	0.979510	0
1FQM_A	5IPZ_A	0.868320	0.884560	0.868320	0
1FQM_A	5KU6_A	0.876440	0.876440	0.917560	0
1FQM_A	5L6K_A	0.976460	0.987780	0.976460	0
1FQM_A	5LL9_A	0.915270	0.932450	0.915270	0
1FQM_A	5LLE_A	0.987340	0.991170	0.987340	0
1FQM_A	5LLG_A	0.989120	0.992960	0.989120	0
1FQM_A	5LLN_A	0.954990	0.965870	0.954990	0
1FQM_A	5LLP_A	0.919830	0.933660	0.919830	0
1FQM_A	5M78_A	0.982190	0.993630	0.982190	0
1FQM_A	5MSA_A	0.915800	0.932990	0.915800	0
1FQM_A	5NXG_A	0.988270	0.992100	0.988270	0
1FQM_A	5NXV_A	0.985770	0.993420	0.985770	0
1FQM_A	5SZ2_A	0.989180	0.993020	0.989180	0
1FQM_A	5SZ5_A	0.989950	0.993800	0.989950	0
1FQM_A	5TFX_A	0.984780	0.992420	0.984780	0
1FQM_A	5TH4_A	0.989310	0.993150	0.989310	0
1FQM_A	5THJ_A	0.988260	0.992090	0.988260	0
1FQM_A	5TT8_A	0.710730	0.710730	0.892830	0
1FQM_A	5TV3_A	0.774700	0.774700	0.870490	0
1FQM_A	5TY1_A	0.984530	0.992170	0.984530	0
1FQM_A	5U0F_A	0.984770	0.992410	0.984770	0
1FQM_A	5WLR_A	0.990460	0.994310	0.990460	0
1FQM_A	5Y2R_A	0.988480	0.992310	0.988480	0
1FQM_A	5Y2S_A	0.987900	0.991740	0.987900	0
1FQM_A	5YUJ_A	0.988570	0.992410	0.988570	0
1FQM_A	6B00_A	0.960850	0.986810	0.960850	0
1FQM_A	6D1L_A	0.980640	0.992040	0.980640	0
1FQM_A	6GOT_A	0.988790	0.992620	0.988790	0
1FQM_A	6H36_A	0.970220	0.981410	0.970220	0
1FQM_A	6HR3_A	0.988860	0.992700	0.988860	0
1FQM_A	6KM1_A	0.987740	0.991570	0.987740	0
1FQM_A	6OTI_A	0.989490	0.993330	0.989490	0
1FQM_A	6QNL_A	0.923860	0.923860	0.934370	0
1FQM_A	6R6Y_A	0.917200	0.934450	0.917200	0
1FQM_A	6RG4_A	0.985330	0.992980	0.985330	0
1FQM_A	6RQQ_A	0.903560	0.903560	0.903560	0
1FQM_A	6UGN_A	0.989330	0.993170	0.989330	0
1FQM_A	6Y74_A	0.895000	0.901670	0.895000	0
1FQM_A	6YJ3_A	0.979480	0.987050	0.979480	0
1FQM_A	7MU3_A	0.983400	0.994870	0.983400	0
1FQM_A	7NG1_A	0.836220	0.901100	0.836220	0
1G0F_A	1HVA_A	0.981990	0.981990	0.993470	0
1G0F_A	1URT_A	0.892500	0.892500	0.969890	0
1G0F_A	1ZE8_A	0.996250	0.996250	0.996250	0
1G0F_A	2AX2_A	0.997050	0.997050	0.997050	0
1G0F_A	2CBE_A	0.998440	0.998440	0.998440	0
1G0F_A	2EU2_A	0.991750	0.991750	0.995590	0
1G0F_A	2EZ7_A	0.996430	0.996430	0.996430	0
1G0F_A	2NNO_A	0.990210	0.994040	0.990210	0
1G0F_A	2NXT_A	0.997280	0.997280	0.997280	0
1G0F_A	2VVB_X	0.993060	0.993060	0.993060	0
1G0F_A	2W2J_A	0.905200	0.939230	0.905200	0
1G0F_A	2WD3_A	0.993270	0.993270	0.997130	0
1G0F_A	2ZNC_A	0.864110	0.864110	0.945100	0
1G0F_A	3BET_A	0.995370	0.995370	0.995370	0
1G0F_A	3CZV_A	0.976150	0.976150	0.976150	0
1G0F_A	3F7B_A	0.880030	0.880030	0.935800	0
1G0F_A	3GZ0_A	0.993350	0.993350	0.997200	0
1G0F_A	3IBL_A	0.996130	0.996130	0.996130	0
1G0F_A	3IBN_A	0.996310	0.996310	0.996310	0
1G0F_A	3IBU_A	0.996130	0.996130	0.996130	0
1G0F_A	3JXF_A	0.874760	0.906800	0.874760	0
1G0F_A	3KKX_A	0.997750	0.997750	0.997750	0
1G0F_A	3KON_A	0.996190	0.996190	0.996190	0
1G0F_A	3M1Q_A	0.992960	0.992960	0.996810	0
1G0F_A	3M67_A	0.993470	0.993470	0.997330	0
1G0F_A	3M96_A	0.992850	0.992850	0.996710	0
1G0F_A	3MHM_A	0.993690	0.993690	0.997550	0
1G0F_A	3ML5_A	0.966550	0.981310	0.966550	0
1G0F_A	3MNU_A	0.992650	0.992650	0.996500	0
1G0F_A	3PO6_A	0.995970	0.995970	0.995970	0
1G0F_A	3RYJ_B	0.993280	0.993280	0.997140	0
1G0F_A	3RYX_B	0.996770	0.996770	0.996770	0
1G0F_A	3RZ5_A	0.995010	0.995010	0.995010	0
1G0F_A	3RZ7_A	0.992370	0.992370	0.996220	0
1G0F_A	3S73_B	0.992640	0.992640	0.996490	0
1G0F_A	3S76_A	0.992740	0.992740	0.996590	0
1G0F_A	3SAX_A	0.996310	0.996310	0.996310	0
1G0F_A	3V2J_A	0.994180	0.994180	0.998040	0
1G0F_A	3ZNC_A	0.870280	0.870280	0.948200	0
1G0F_A	4FL7_A	0.992910	0.992910	0.996760	0
1G0F_A	4ITP_A	0.992770	0.992770	0.996630	0
1G0F_A	4KAP_A	0.995670	0.995670	0.995670	0
1G0F_A	4KP8_A	0.922410	0.932760	0.922410	0
1G0F_A	4MDG_A	0.996250	0.996250	0.996250	0
1G0F_A	4MDM_A	0.996190	0.996190	0.996190	0
1G0F_A	4PYX_A	0.993030	0.993030	0.996890	0
1G0F_A	4QK1_A	0.984100	0.984100	0.987890	0
1G0F_A	4R59_A	0.996350	0.996350	0.996350	0
1G0F_A	4R5A_A	0.988580	0.992400	0.988580	0
1G0F_A	4TWM_A	0.826250	0.826250	0.888370	0
1G0F_A	4YGN_A	0.993190	0.993190	0.997040	0
1G0F_A	4YWP_A	0.990740	0.990740	0.994570	0
1G0F_A	4Z1E_A	0.993850	0.997690	0.993850	0
1G0F_A	5DOG_A	0.993090	0.993090	0.996940	0
1G0F_A	5DSQ_A	0.993740	0.993740	0.997600	0
1G0F_A	5EKM_A	0.993050	0.993050	0.996900	0
1G0F_A	5FL5_A	0.892220	0.892220	0.915930	0
1G0F_A	5FLO_A	0.994100	0.994100	0.994100	0
1G0F_A	5FNM_A	0.994760	0.994760	0.994760	0
1G0F_A	5G0B_A	0.993020	0.993020	0.996870	0
1G0F_A	5GMN_A	0.981900	0.981900	0.985680	0
1G0F_A	5IPZ_A	0.874880	0.884620	0.874880	0
1G0F_A	5KU6_A	0.880430	0.880430	0.928760	0
1G0F_A	5L6K_A	0.988230	0.992040	0.988230	0
1G0F_A	5LL9_A	0.921040	0.931350	0.921040	0
1G0F_A	5LLE_A	0.992340	0.992340	0.996190	0
1G0F_A	5LLG_A	0.993020	0.993020	0.996880	0
1G0F_A	5LLN_A	0.968380	0.972050	0.968380	0
1G0F_A	5LLP_A	0.925890	0.932810	0.925890	0
1G0F_A	5M78_A	0.993730	0.997570	0.993730	0
1G0F_A	5MSA_A	0.921300	0.931620	0.921300	0
1G0F_A	5NXG_A	0.991970	0.991970	0.995810	0
1G0F_A	5NXV_A	0.997180	0.997180	0.997180	0
1G0F_A	5SZ2_A	0.992670	0.992670	0.996520	0
1G0F_A	5SZ5_A	0.993250	0.993250	0.997110	0
1G0F_A	5TFX_A	0.994600	0.994600	0.994600	0
1G0F_A	5TH4_A	0.993870	0.993870	0.997730	0
1G0F_A	5THJ_A	0.992540	0.992540	0.996390	0
1G0F_A	5TT8_A	0.706240	0.706240	0.894040	0
1G0F_A	5TV3_A	0.775360	0.775360	0.878150	0
1G0F_A	5TY1_A	0.993960	0.993960	0.993960	0
1G0F_A	5U0F_A	0.993310	0.993310	0.993310	0
1G0F_A	5WLR_A	0.993520	0.993520	0.997370	0
1G0F_A	5Y2R_A	0.992510	0.992510	0.996360	0
1G0F_A	5Y2S_A	0.992250	0.992250	0.996100	0
1G0F_A	5YUJ_A	0.993380	0.993380	0.997230	0
1G0F_A	6B00_A	0.971640	0.990370	0.971640	0
1G0F_A	6D1L_A	0.989070	0.992890	0.989070	0
1G0F_A	6GOT_A	0.993490	0.993490	0.997350	0
1G0F_A	6H36_A	0.974250	0.977970	0.974250	0
1G0F_A	6HR3_A	0.991970	0.991970	0.995810	0
1G0F_A	6KM1_A	0.992510	0.992510	0.996360	0
1G0F_A	6OTI_A	0.993020	0.993020	0.996880	0
1G0F_A	6QNL_A	0.923390	0.923390	0.940920	0
1G0F_A	6R6Y_A	0.923000	0.933350	0.923000	0
1G0F_A	6RG4_A	0.997130	0.997130	0.997130	0
1G0F_A	6RQQ_A	0.902820	0.902820	0.909590	0
1G0F_A	6UGN_A	0.993870	0.993870	0.997730	0
1G0F_A	6Y74_A	0.901340	0.901340	0.901340	0
1G0F_A	6YJ3_A	0.990200	0.990200	0.990200	0
1G0F_A	7MU3_A	0.990890	0.994720	0.990890	0
1G0F_A	7NG1_A	0.840610	0.899270	0.840610	0
1HVA_A	1URT_A	0.896990	0.896990	0.963490	0
1HVA_A	1ZE8_A	0.980180	0.991630	0.980180	0
1HVA_A	2AX2_A	0.981140	0.992610	0.981140	0
1HVA_A	2CBE_A	0.982410	0.993910	0.982410	0
1HVA_A	2EU2_A	0.983500	0.991150	0.983500	0
1HVA_A	2EZ7_A	0.979830	0.991270	0.979830	0
1HVA_A	2NNO_A	0.976250	0.991450	0.976250	0
1HVA_A	2NXT_A	0.980780	0.992240	0.980780	0
1HVA_A	2VVB_X	0.979060	0.990480	0.979060	0
1HVA_A	2W2J_A	0.893960	0.938090	0.893960	0
1HVA_A	2WD3_A	0.985130	0.992810	0.985130	0
1HVA_A	2ZNC_A	0.868360	0.868360	0.939020	0
1HVA_A	3BET_A	0.979300	0.990730	0.979300	0
1HVA_A	3CZV_A	0.965150	0.976280	0.965150	0
1HVA_A	3F7B_A	0.881980	0.881980	0.927410	0
1HVA_A	3GZ0_A	0.985020	0.992700	0.985020	0
1HVA_A	3IBL_A	0.979960	0.991400	0.979960	0
1HVA_A	3IBN_A	0.979700	0.991130	0.979700	0
1HVA_A	3IBU_A	0.979630	0.991070	0.979630	0
1HVA_A	3JXF_A	0.868210	0.910130	0.868210	0
1HVA_A	3KKX_A	0.981420	0.992890	0.981420	0
1HVA_A	3KON_A	0.980540	0.991990	0.980540	0
1HVA_A	3M1Q_A	0.984250	0.991920	0.984250	0
1HVA_A	3M67_A	0.984980	0.992660	0.984980	0
1HVA_A	3M96_A	0.984970	0.992640	0.984970	0
1HVA_A	3MHM_A	0.985270	0.992950	0.985270	0
1HVA_A	3ML5_A	0.957530	0.983460	0.957530	0
1HVA_A	3MNU_A	0.984030	0.991690	0.984030	0
1HVA_A	3PO6_A	0.980610	0.992060	0.980610	0
1HVA_A	3RYJ_B	0.985050	0.992730	0.985050	0
1HVA_A	3RYX_B	0.981420	0.992900	0.981420	0
1HVA_A	3RZ5_A	0.980970	0.992440	0.980970	0
1HVA_A	3RZ7_A	0.983950	0.991610	0.983950	0
1HVA_A	3S73_B	0.985040	0.992720	0.985040	0
1HVA_A	3S76_A	0.984720	0.992390	0.984720	0
1HVA_A	3SAX_A	0.980390	0.991840	0.980390	0
1HVA_A	3V2J_A	0.985640	0.993320	0.985640	0
1HVA_A	3ZNC_A	0.873870	0.873870	0.941290	0
1HVA_A	4FL7_A	0.983930	0.991590	0.983930	0
1HVA_A	4ITP_A	0.984340	0.992000	0.984340	0
1HVA_A	4KAP_A	0.980360	0.991810	0.980360	0
1HVA_A	4KP8_A	0.916740	0.937560	0.916740	0
1HVA_A	4MDG_A	0.980500	0.991950	0.980500	0
1HVA_A	4MDM_A	0.980410	0.991860	0.980410	0
1HVA_A	4PYX_A	0.985440	0.993120	0.985440	0
1HVA_A	4QK1_A	0.975860	0.983410	0.975860	0
1HVA_A	4R59_A	0.981090	0.992560	0.981090	0
1HVA_A	4R5A_A	0.974260	0.989450	0.974260	0
1HVA_A	4TWM_A	0.828310	0.828310	0.880800	0
1HVA_A	4YGN_A	0.984760	0.992430	0.984760	0
1HVA_A	4YWP_A	0.983470	0.991120	0.983470	0
1HVA_A	4Z1E_A	0.977900	0.993140	0.977900	0
1HVA_A	5DOG_A	0.984630	0.992300	0.984630	0
1HVA_A	5DSQ_A	0.985480	0.993160	0.985480	0
1HVA_A	5EKM_A	0.984580	0.992240	0.984580	0
1HVA_A	5FL5_A	0.901860	0.901860	0.915600	0
1HVA_A	5FLO_A	0.980400	0.991850	0.980400	0
1HVA_A	5FNM_A	0.981430	0.992910	0.981430	0
1HVA_A	5G0B_A	0.985470	0.993150	0.985470	0
1HVA_A	5GMN_A	0.978220	0.985800	0.978220	0
1HVA_A	5IPZ_A	0.867620	0.887160	0.867620	0
1HVA_A	5KU6_A	0.880710	0.880710	0.918610	0
1HVA_A	5L6K_A	0.974730	0.989880	0.974730	0
1HVA_A	5LL9_A	0.916260	0.937050	0.916260	0
1HVA_A	5LLE_A	0.984070	0.991730	0.984070	0
1HVA_A	5LLG_A	0.984660	0.992330	0.984660	0
1HVA_A	5LLN_A	0.954640	0.969230	0.954640	0
1HVA_A	5LLP_A	0.920610	0.938040	0.920610	0
1HVA_A	5M78_A	0.977720	0.992960	0.977720	0
1HVA_A	5MSA_A	0.916340	0.937140	0.916340	0
1HVA_A	5NXG_A	0.984010	0.991670	0.984010	0
1HVA_A	5NXV_A	0.981450	0.992920	0.981450	0
1HVA_A	5SZ2_A	0.985060	0.992730	0.985060	0
1HVA_A	5SZ5_A	0.985670	0.993360	0.985670	0
1HVA_A	5TFX_A	0.980310	0.991760	0.980310	0
1HVA_A	5TH4_A	0.984890	0.992570	0.984890	0
1HVA_A	5THJ_A	0.985050	0.992730	0.985050	0
1HVA_A	5TT8_A	0.712860	0.712860	0.892100	0
1HVA_A	5TV3_A	0.777870	0.777870	0.871060	0
1HVA_A	5TY1_A	0.980180	0.991630	0.980180	0
1HVA_A	5U0F_A	0.979890	0.991320	0.979890	0
1HVA_A	5WLR_A	0.986080	0.993770	0.986080	0
1HVA_A	5Y2R_A	0.983750	0.991410	0.983750	0
1HVA_A	5Y2S_A	0.983310	0.990960	0.983310	0
1HVA_A	5YUJ_A	0.984470	0.992140	0.984470	0
1HVA_A	6B00_A	0.960530	0.990400	0.960530	0
1HVA_A	6D1L_A	0.975910	0.991100	0.975910	0
1HVA_A	6GOT_A	0.984810	0.992480	0.984810	0
1HVA_A	6H36_A	0.966120	0.981030	0.966120	0
1HVA_A	6HR3_A	0.983910	0.991570	0.983910	0
1HVA_A	6KM1_A	0.983630	0.991290	0.983630	0
1HVA_A	6OTI_A	0.985730	0.993420	0.985730	0
1HVA_A	6QNL_A	0.928850	0.928850	0.935920	0
1HVA_A	6R6Y_A	0.918140	0.939020	0.918140	0
1HVA_A	6RG4_A	0.981050	0.992510	0.981050	0
1HVA_A	6RQQ_A	0.904060	0.907470	0.904060	0
1HVA_A	6UGN_A	0.985250	0.992930	0.985250	0
1HVA_A	6Y74_A	0.894510	0.904590	0.894510	0
1HVA_A	6YJ3_A	0.976450	0.987810	0.976450	0
1HVA_A	7MU3_A	0.978030	0.993280	0.978030	0
1HVA_A	7NG1_A	0.835120	0.903340	0.835120	0
1MG2_B	1MG3_B	0.999470	0.999470	0.999470	0
1MG2_B	2AGL_D	0.835480	0.835480	0.954340	0
1MG2_B	2AGX_D	0.838030	0.838030	0.957630	0
1MG2_B	2AH1_D	0.843660	0.843660	0.955250	0
1MG2_B	2BBK_L	0.995080	0.995080	0.995080	0
1MG2_B	2GC4_B	0.998420	0.998420	0.998420	0
1MG2_B	2HJ4_D	0.840020	0.840020	0.960220	0
1MG2_B	2IAA_B	0.849480	0.849480	0.936390	0
1MG2_B	2IUP_D	0.836520	0.836520	0.955710	0
1MG2_B	2J57_K	0.990780	0.990780	0.990780	0
1MG2_B	2MAD_L	0.986170	0.986170	0.994140	0
1MG2_B	3C75_L	0.992640	0.992640	0.992640	0
1MG2_B	3L4O_C	0.992590	0.992590	0.992590	0
1MG3_B	2AGL_D	0.835120	0.835120	0.953880	0
1MG3_B	2AGX_D	0.837820	0.837820	0.957390	0
1MG3_B	2AH1_D	0.843130	0.843130	0.954570	0
1MG3_B	2BBK_L	0.994990	0.994990	0.994990	0
1MG3_B	2GC4_B	0.997890	0.997890	0.997890	0
1MG3_B	2HJ4_D	0.839810	0.839810	0.959950	0
1MG3_B	2IAA_B	0.848940	0.848940	0.935760	0
1MG3_B	2IUP_D	0.836240	0.836240	0.955350	0
1MG3_B	2J57_K	0.990640	0.990640	0.990640	0
1MG3_B	2MAD_L	0.986030	0.986030	0.994000	0
1MG3_B	3C75_L	0.992470	0.992470	0.992470	0
1MG3_B	3L4O_C	0.992260	0.992260	0.992260	0
1MXC_A	1O90_A	0.941790	0.941790	0.964340	0
1MXC_A	1QM4_A	0.941830	0.941830	0.964390	0
1MXC_A	1RG9_A	0.961400	0.976460	0.961400	0
1MXC_A	1XRB_A	0.974800	0.974800	0.998620	0
1MXC_A	2OBV_A	0.935970	0.953040	0.935970	0
1MXC_A	3S82_A	0.929760	0.929760	0.939470	0
1MXC_A	3TDE_A	0.918470	0.918470	0.937830	0
1MXC_A	4HPV_A	0.719450	0.743560	0.719450	0
1MXC_A	4KTT_C	0.923180	0.923180	0.966040	0
1MXC_A	4KTT_D	0.945770	0.953160	0.945770	0
1MXC_A	4NDN_A	0.929420	0.929420	0.967320	0
1MXC_A	4NDN_D	0.942030	0.954320	0.942030	0
1MXC_A	5H9U_A	0.939120	0.980990	0.939120	0
1MXC_A	5T8S_A	0.944270	0.971410	0.944270	0
1MXC_A	5UGH_A	0.947160	0.947160	0.967510	0
1MXC_A	7LOO_A	0.962200	0.967230	0.962200	0
1MXC_A	7OCK_B	0.966090	0.983800	0.966090	0
1MXI_A	1X7P_A	0.505940	0.825340	0.505940	0
1MXI_A	2EGW_A	0.499280	0.696450	0.499280	0
1MXI_A	2YY8_A	0.641270	0.702250	0.641270	0
1MXI_A	3E5Y_A	0.931080	0.931080	0.931080	0
1MXI_A	3N4J_A	0.924040	0.952750	0.924040	0
1MXI_A	3ONP_A	0.776160	0.776160	0.785070	0
1MXI_A	4CNE_B	0.765950	0.800940	0.765950	0
1MXI_A	4CNF_B	0.789120	0.789120	0.812540	0
1MXI_A	4E8B_A	0.476980	0.692780	0.476980	0
1MXI_A	5CO4_A	0.879150	0.879150	0.901150	0
1MXI_A	5GM8_A	0.750760	0.811210	0.750760	0
1MXI_A	5GMB_A	0.741380	0.804900	0.741380	0
1MXI_A	5KZK_A	0.507650	0.800790	0.507650	0
1MXI_A	5O96_A	0.490530	0.715910	0.490530	0
1MXI_A	7ONU_F	0.415330	0.680060	0.415330	0
1O6D_A	1TO0_A	0.876020	0.876020	0.905080	0
1O6D_A	1UAL_A	0.467870	0.712670	0.467870	0
1O6D_A	1UAM_A	0.457510	0.711810	0.457510	0
1O6D_A	1X7P_A	0.376810	0.625430	0.376810	0
1O6D_A	2V3K_A	0.465130	0.638730	0.465130	0
1O6D_A	2YY8_A	0.542030	0.623520	0.542030	0
1O6D_A	3AXZ_A	0.471260	0.710760	0.471260	0
1O6D_A	3E5Y_A	0.569440	0.598190	0.569440	0
1O6D_A	3KNU_A	0.570940	0.713070	0.570940	0
1O6D_A	3OIN_A	0.464420	0.642360	0.464420	0
1O6D_A	3ONP_A	0.618180	0.642910	0.618180	0
1O6D_A	4CNF_B	0.629970	0.644670	0.629970	0
1O6D_A	4YPX_A	0.475570	0.713740	0.475570	0
1O6D_A	4YQD_A	0.467270	0.713670	0.467270	0
1O6D_A	4YVG_A	0.474670	0.712640	0.474670	0
1O6D_A	4YVH_A	0.472260	0.708880	0.472260	0
1O6D_A	4YVJ_A	0.471870	0.709980	0.471870	0
1O6D_A	5CO4_A	0.599190	0.616160	0.599190	0
1O6D_A	5GM8_A	0.619280	0.700820	0.619280	0
1O6D_A	5GMB_A	0.610180	0.693860	0.610180	0
1O6D_A	5O96_A	0.410760	0.630760	0.410760	0
1O6D_A	5TWJ_A	0.848790	0.901740	0.848790	0
1O6D_A	5WYR_A	0.471610	0.716480	0.471610	0
1O6D_A	6AFK_A	0.480410	0.716880	0.480410	0
1O6D_A	6JOF_A	0.543920	0.722320	0.543920	0
1O6D_A	6QOE_A	0.521890	0.709390	0.521890	0
1O6D_A	6QOW_A	0.519490	0.706130	0.519490	0
1O6D_A	6QQQ_A	0.527230	0.712350	0.527230	0
1O6D_A	6QQY_A	0.520210	0.716330	0.520210	0
1O6D_A	6QR2_A	0.524270	0.714060	0.524270	0
1O6D_A	6QRD_A	0.524830	0.711930	0.524830	0
1O6D_A	6QRE_A	0.525580	0.714860	0.525580	0
1O6D_A	6RXY_CN	0.441600	0.633630	0.441600	0
1O90_A	1QM4_A	0.999630	0.999630	0.999630	0
1O90_A	1RG9_A	0.905830	0.941430	0.905830	0
1O90_A	1XRB_A	0.941270	0.941270	0.941270	0
1O90_A	2OBV_A	0.927050	0.966390	0.927050	0
1O90_A	3S82_A	0.934920	0.947370	0.934920	0
1O90_A	3TDE_A	0.933460	0.935950	0.933460	0
1O90_A	4HPV_A	0.716110	0.756190	0.716110	0
1O90_A	4KTT_C	0.963130	0.963130	0.984300	0
1O90_A	4KTT_D	0.942800	0.972950	0.942800	0
1O90_A	4NDN_A	0.969260	0.969260	0.985170	0
1O90_A	4NDN_D	0.936810	0.971720	0.936810	0
1O90_A	5H9U_A	0.901060	0.963330	0.901060	0
1O90_A	5T8S_A	0.906200	0.954030	0.906200	0
1O90_A	5UGH_A	0.972430	0.975040	0.972430	0
1O90_A	7LOO_A	0.910700	0.936960	0.910700	0
1O90_A	7OCK_B	0.912300	0.950660	0.912300	0
1QM4_A	1RG9_A	0.906370	0.941960	0.906370	0
1QM4_A	1XRB_A	0.941560	0.941560	0.941560	0
1QM4_A	2OBV_A	0.927580	0.966920	0.927580	0
1QM4_A	3S82_A	0.934950	0.947400	0.934950	0
1QM4_A	3TDE_A	0.933490	0.935980	0.933490	0
1QM4_A	4HPV_A	0.716130	0.756240	0.716130	0
1QM4_A	4KTT_C	0.963050	0.963050	0.984210	0
1QM4_A	4KTT_D	0.942630	0.972780	0.942630	0
1QM4_A	4NDN_A	0.969290	0.969290	0.985190	0
1QM4_A	4NDN_D	0.936600	0.971510	0.936600	0
1QM4_A	5H9U_A	0.900970	0.963240	0.900970	0
1QM4_A	5T8S_A	0.906030	0.953850	0.906030	0
1QM4_A	5UGH_A	0.972390	0.974990	0.972390	0
1QM4_A	7LOO_A	0.911380	0.937650	0.911380	0
1QM4_A	7OCK_B	0.912330	0.950700	0.912330	0
1RG9_A	1XRB_A	0.937830	0.937830	0.975440	0
1RG9_A	2OBV_A	0.962000	0.964480	0.962000	0
1RG9_A	3S82_A	0.893610	0.893610	0.916610	0
1RG9_A	3TDE_A	0.887580	0.887580	0.919930	0
1RG9_A	4HPV_A	0.711210	0.724570	0.711210	0
1RG9_A	4KTT_C	0.896930	0.896930	0.952820	0
1RG9_A	4KTT_D	0.954460	0.954460	0.961840	0
1RG9_A	4NDN_A	0.901520	0.901520	0.952530	0
1RG9_A	4NDN_D	0.957250	0.957250	0.959710	0
1RG9_A	5H9U_A	0.933690	0.959910	0.933690	0
1RG9_A	5T8S_A	0.965800	0.978220	0.965800	0
1RG9_A	5UGH_A	0.921830	0.921830	0.956220	0
1RG9_A	7LOO_A	0.987370	0.987370	0.997770	0
1RG9_A	7OCK_B	0.963080	0.965550	0.963080	0
1TO0_A	1UAL_A	0.441710	0.693160	0.441710	0
1TO0_A	1UAM_A	0.434600	0.698820	0.434600	0
1TO0_A	2V3K_A	0.439600	0.606920	0.439600	0
1TO0_A	2YY8_A	0.521870	0.614930	0.521870	0
1TO0_A	3AXZ_A	0.445210	0.693740	0.445210	0
1TO0_A	3N4J_A	0.536850	0.591700	0.536850	0
1TO0_A	3OIN_A	0.439090	0.615310	0.439090	0
1TO0_A	4E8B_A	0.387870	0.598840	0.387870	0
1TO0_A	4YPX_A	0.448230	0.692780	0.448230	0
1TO0_A	4YQD_A	0.439500	0.690740	0.439500	0
1TO0_A	4YVG_A	0.449570	0.694620	0.449570	0
1TO0_A	4YVH_A	0.448110	0.693020	0.448110	0
1TO0_A	4YVJ_A	0.448130	0.689090	0.448130	0
1TO0_A	5FAI_A	0.436010	0.595060	0.436010	0
1TO0_A	5TWJ_A	0.841420	0.925540	0.841420	0
1TO0_A	5WYR_A	0.447010	0.695920	0.447010	0
1TO0_A	6AFK_A	0.452020	0.693150	0.452020	0
1TO0_A	6QQQ_A	0.494070	0.691710	0.494070	0
1TO0_A	6QR2_A	0.491820	0.693050	0.491820	0
1TO0_A	6QRD_A	0.491990	0.690770	0.491990	0
1TO0_A	6RXY_CN	0.420580	0.609850	0.420580	0
1UAL_A	1UAM_A	0.965440	0.993070	0.965440	0
1UAL_A	3AXZ_A	0.970370	0.970370	0.978390	0
1UAL_A	3KNU_A	0.752670	0.752670	0.942370	0
1UAL_A	4YPX_A	0.967130	0.967130	0.983260	0
1UAL_A	4YQD_A	0.970940	0.974910	0.970940	0
1UAL_A	4YVG_A	0.978270	0.978270	0.994630	0
1UAL_A	4YVH_A	0.979730	0.979730	0.991950	0
1UAL_A	4YVJ_A	0.970130	0.970130	0.986240	0
1UAL_A	5TWJ_A	0.473350	0.473350	0.681830	0
1UAL_A	5WYR_A	0.959490	0.959490	0.963380	0
1UAL_A	6AFK_A	0.947310	0.947310	0.970860	0
1UAL_A	6JOF_A	0.779380	0.779380	0.910390	0
1UAL_A	6QOE_A	0.768930	0.768930	0.867440	0
1UAL_A	6QOW_A	0.773790	0.773790	0.873610	0
1UAL_A	6QQQ_A	0.761190	0.761190	0.865920	0
1UAL_A	6QQY_A	0.777480	0.777480	0.866860	0
1UAL_A	6QR2_A	0.770750	0.770750	0.870040	0
1UAL_A	6QRD_A	0.773600	0.773600	0.877480	0
1UAL_A	6QRE_A	0.760010	0.760010	0.864710	0
1UAM_A	3AXZ_A	0.938450	0.938450	0.973180	0
1UAM_A	3KNU_A	0.733020	0.733020	0.943260	0
1UAM_A	4YPX_A	0.941060	0.941060	0.984080	0
1UAM_A	4YQD_A	0.947220	0.947220	0.970270	0
1UAM_A	4YVG_A	0.949980	0.949980	0.993440	0
1UAM_A	4YVH_A	0.952190	0.952190	0.991590	0
1UAM_A	4YVJ_A	0.943090	0.943090	0.985980	0
1UAM_A	5TWJ_A	0.467090	0.467090	0.689940	0
1UAM_A	5WYR_A	0.939750	0.939750	0.970110	0
1UAM_A	6AFK_A	0.917070	0.917070	0.966240	0
1UAM_A	6JOF_A	0.755530	0.755530	0.905960	0
1UAM_A	6QOE_A	0.747060	0.747060	0.864700	0
1UAM_A	6QOW_A	0.751610	0.751610	0.870680	0
1UAM_A	6QQQ_A	0.738610	0.738610	0.862010	0
1UAM_A	6QQY_A	0.758110	0.758110	0.866800	0
1UAM_A	6QR2_A	0.748760	0.748760	0.867010	0
1UAM_A	6QRD_A	0.750190	0.750190	0.873060	0
1UAM_A	6QRE_A	0.736300	0.736300	0.858830	0
1UCH_A	1XD3_A	0.878770	0.975240	0.878770	0
1UCH_A	2ETL_A	0.849660	0.916140	0.849660	0
1UCH_A	2LEN_A	0.741310	0.818840	0.741310	0
1UCH_A	2WDT_A	0.835330	0.835330	0.843090	0
1UCH_A	2WE6_A	0.832150	0.839780	0.832150	0
1UCH_A	3IFW_A	0.878290	0.948370	0.878290	0
1UCH_A	3IRT_A	0.856120	0.923280	0.856120	0
1UCH_A	3KVF_A	0.876550	0.946350	0.876550	0
1UCH_A	3KW5_A	0.877590	0.947580	0.877590	0
1UCH_A	3RII_A	0.795310	0.805810	0.795310	0
1UCH_A	3RIS_A	0.748690	0.817800	0.748690	0
1UCH_A	4DM9_A	0.852580	0.919410	0.852580	0
1UCH_A	4I6N_A	0.797010	0.829200	0.797010	0
1UCH_A	4JKJ_A	0.848140	0.914390	0.848140	0
1UCH_A	4JKJ_B	0.855430	0.922510	0.855430	0
1UCH_A	4UEL_A	0.587140	0.838480	0.587140	0
1UCH_A	4UEM_A	0.599840	0.798160	0.599840	0
1UCH_A	4UF5_A	0.580320	0.797620	0.580320	0
1UCH_A	4UF6_A	0.603800	0.834520	0.603800	0
1UCH_A	4WLP_A	0.577860	0.802010	0.577860	0
1UCH_A	4WLQ_A	0.595830	0.821270	0.595830	0
1UCH_A	4WLR_A	0.600090	0.841520	0.600090	0
1URT_A	1ZE8_A	0.891420	0.968630	0.891420	0
1URT_A	2AX2_A	0.893770	0.971350	0.893770	0
1URT_A	2CBE_A	0.894590	0.972320	0.894590	0
1URT_A	2EU2_A	0.895860	0.969840	0.895860	0
1URT_A	2EZ7_A	0.891410	0.968610	0.891410	0
1URT_A	2NNO_A	0.888870	0.969610	0.888870	0
1URT_A	2NXT_A	0.893960	0.971590	0.893960	0
1URT_A	2VVB_X	0.893330	0.970850	0.893330	0
1URT_A	2W2J_A	0.842650	0.949360	0.842650	0
1URT_A	2WD3_A	0.895530	0.969470	0.895530	0
1URT_A	2ZNC_A	0.870160	0.870160	0.877260	0
1URT_A	3BET_A	0.893080	0.970550	0.893080	0
1URT_A	3CZV_A	0.901420	0.979840	0.901420	0
1URT_A	3F7B_A	0.858820	0.876100	0.858820	0
1URT_A	3GZ0_A	0.896340	0.970380	0.896340	0
1URT_A	3IBL_A	0.891580	0.968810	0.891580	0
1URT_A	3IBN_A	0.891390	0.968580	0.891390	0
1URT_A	3IBU_A	0.891540	0.968770	0.891540	0
1URT_A	3JXF_A	0.805920	0.905350	0.805920	0
1URT_A	3KKX_A	0.894950	0.972740	0.894950	0
1URT_A	3KON_A	0.893610	0.971170	0.893610	0
1URT_A	3M1Q_A	0.897350	0.971560	0.897350	0
1URT_A	3M67_A	0.896810	0.970930	0.896810	0
1URT_A	3M96_A	0.896180	0.970190	0.896180	0
1URT_A	3MHM_A	0.896720	0.970820	0.896720	0
1URT_A	3ML5_A	0.887460	0.979350	0.887460	0
1URT_A	3MNU_A	0.895690	0.969640	0.895690	0
1URT_A	3PO6_A	0.892800	0.970220	0.892800	0
1URT_A	3RYJ_B	0.897020	0.971170	0.897020	0
1URT_A	3RYX_B	0.894410	0.972100	0.894410	0
1URT_A	3RZ5_A	0.892730	0.970150	0.892730	0
1URT_A	3RZ7_A	0.896580	0.970660	0.896580	0
1URT_A	3S73_B	0.898420	0.972790	0.898420	0
1URT_A	3S76_A	0.895680	0.969620	0.895680	0
1URT_A	3SAX_A	0.892590	0.969980	0.892590	0
1URT_A	3V2J_A	0.898460	0.972850	0.898460	0
1URT_A	3ZNC_A	0.875380	0.875380	0.878940	0
1URT_A	4FL7_A	0.896080	0.970090	0.896080	0
1URT_A	4ITP_A	0.897230	0.971420	0.897230	0
1URT_A	4KAP_A	0.892440	0.969810	0.892440	0
1URT_A	4KP8_A	0.855340	0.939080	0.855340	0
1URT_A	4MDG_A	0.892810	0.970230	0.892810	0
1URT_A	4MDM_A	0.892820	0.970240	0.892820	0
1URT_A	4PYX_A	0.895500	0.969400	0.895500	0
1URT_A	4QK1_A	0.888900	0.961930	0.888900	0
1URT_A	4R59_A	0.894220	0.971890	0.894220	0
1URT_A	4R5A_A	0.886250	0.966810	0.886250	0
1URT_A	4TWM_A	0.802770	0.809170	0.802770	0
1URT_A	4YGN_A	0.897410	0.971620	0.897410	0
1URT_A	4YWP_A	0.896860	0.970970	0.896860	0
1URT_A	4Z1E_A	0.889830	0.970700	0.889830	0
1URT_A	5DOG_A	0.896710	0.970810	0.896710	0
1URT_A	5DSQ_A	0.896820	0.970930	0.896820	0
1URT_A	5EKM_A	0.897210	0.971400	0.897210	0
1URT_A	5FL5_A	0.855630	0.903780	0.855630	0
1URT_A	5FLO_A	0.893910	0.971540	0.893910	0
1URT_A	5FNM_A	0.893150	0.970640	0.893150	0
1URT_A	5G0B_A	0.895960	0.969940	0.895960	0
1URT_A	5GMN_A	0.888370	0.961180	0.888370	0
1URT_A	5IPZ_A	0.801080	0.878190	0.801080	0
1URT_A	5KU6_A	0.851320	0.875300	0.851320	0
1URT_A	5L6K_A	0.890180	0.971130	0.890180	0
1URT_A	5LL9_A	0.855470	0.939240	0.855470	0
1URT_A	5LLE_A	0.896980	0.971130	0.896980	0
1URT_A	5LLG_A	0.896790	0.970890	0.896790	0
1URT_A	5LLN_A	0.896050	0.977560	0.896050	0
1URT_A	5LLP_A	0.859090	0.939770	0.859090	0
1URT_A	5M78_A	0.888740	0.969420	0.888740	0
1URT_A	5MSA_A	0.855920	0.939770	0.855920	0
1URT_A	5NXG_A	0.897730	0.971980	0.897730	0
1URT_A	5NXV_A	0.893000	0.970460	0.893000	0
1URT_A	5SZ2_A	0.896720	0.970820	0.896720	0
1URT_A	5SZ5_A	0.896230	0.970250	0.896230	0
1URT_A	5TFX_A	0.893780	0.971380	0.893780	0
1URT_A	5TH4_A	0.896440	0.970500	0.896440	0
1URT_A	5THJ_A	0.896500	0.970570	0.896500	0
1URT_A	5TT8_A	0.703890	0.703890	0.821650	0
1URT_A	5TV3_A	0.754210	0.754210	0.788370	0
1URT_A	5TY1_A	0.893870	0.971480	0.893870	0
1URT_A	5U0F_A	0.892970	0.970440	0.892970	0
1URT_A	5WLR_A	0.896940	0.971090	0.896940	0
1URT_A	5Y2R_A	0.897130	0.971300	0.897130	0
1URT_A	5Y2S_A	0.897010	0.971160	0.897010	0
1URT_A	5YUJ_A	0.897410	0.971620	0.897410	0
1URT_A	6B00_A	0.875140	0.968990	0.875140	0
1URT_A	6D1L_A	0.889200	0.969990	0.889200	0
1URT_A	6GOT_A	0.897250	0.971440	0.897250	0
1URT_A	6H36_A	0.898250	0.980150	0.898250	0
1URT_A	6HR3_A	0.895800	0.969770	0.895800	0
1URT_A	6KM1_A	0.896180	0.970190	0.896180	0
1URT_A	6OTI_A	0.898060	0.972380	0.898060	0
1URT_A	6QNL_A	0.872890	0.929670	0.872890	0
1URT_A	6R6Y_A	0.856460	0.940430	0.856460	0
1URT_A	6RG4_A	0.893550	0.971100	0.893550	0
1URT_A	6RQQ_A	0.840640	0.904850	0.840640	0
1URT_A	6UGN_A	0.897150	0.971320	0.897150	0
1URT_A	6Y74_A	0.834740	0.905300	0.834740	0
1URT_A	6YJ3_A	0.891930	0.969230	0.891930	0
1URT_A	7MU3_A	0.889910	0.970800	0.889910	0
1URT_A	7NG1_A	0.769810	0.891940	0.769810	0
1VHK_A	2EGW_A	0.799830	0.799830	0.806020	0
1VHK_A	2YY8_A	0.505280	0.505280	0.641740	0
1VHK_A	3E5Y_A	0.488040	0.488040	0.684330	0
1VHK_A	3N4J_A	0.478090	0.478090	0.649880	0
1VHK_A	3ONP_A	0.481060	0.481060	0.681400	0
1VHK_A	4CNE_B	0.517290	0.517290	0.690480	0
1VHK_A	4CNF_B	0.482520	0.482520	0.697070	0
1VHK_A	4E8B_A	0.810540	0.845160	0.810540	0
1VHK_A	5CO4_A	0.497380	0.497380	0.714560	0
1VHK_A	5GM8_A	0.512850	0.512850	0.667730	0
1VHK_A	5GMB_A	0.515610	0.515610	0.667690	0
1VHK_A	5O96_A	0.822020	0.857450	0.822020	0
1X7P_A	2EGW_A	0.484420	0.484420	0.548770	0
1X7P_A	2YY8_A	0.449840	0.449840	0.656710	0
1X7P_A	3E5Y_A	0.497820	0.497820	0.804480	0
1X7P_A	3N4J_A	0.502750	0.502750	0.791030	0
1X7P_A	3ONP_A	0.489100	0.489100	0.804500	0
1X7P_A	4CNE_B	0.514850	0.514850	0.802440	0
1X7P_A	4CNF_B	0.498050	0.498050	0.840450	0
1X7P_A	5CO4_A	0.527280	0.527280	0.885960	0
1X7P_A	5GM8_A	0.521030	0.521030	0.787440	0
1X7P_A	5GMB_A	0.518960	0.518960	0.778510	0
1X7P_A	5KZK_A	0.832360	0.832360	0.856390	0
1XD3_A	2ETL_A	0.903500	0.903500	0.926550	0
1XD3_A	2LEN_A	0.810020	0.816180	0.810020	0
1XD3_A	2WDT_A	0.832880	0.832880	0.929940	0
1XD3_A	2WE6_A	0.832230	0.832230	0.911600	0
1XD3_A	3IFW_A	0.931730	0.931730	0.956080	0
1XD3_A	3IRT_A	0.910270	0.910270	0.933570	0
1XD3_A	3KVF_A	0.931120	0.931120	0.955430	0
1XD3_A	3KW5_A	0.931110	0.931110	0.955450	0
1XD3_A	3RII_A	0.772120	0.772120	0.838050	0
1XD3_A	3RIS_A	0.789350	0.789350	0.795630	0
1XD3_A	4DM9_A	0.906290	0.906290	0.929420	0
1XD3_A	4I6N_A	0.797250	0.797250	0.845370	0
1XD3_A	4JKJ_A	0.901880	0.901880	0.924860	0
1XD3_A	4JKJ_B	0.906230	0.906230	0.929320	0
1XD3_A	4UEL_A	0.629830	0.814930	0.629830	0
1XD3_A	4UEM_A	0.624810	0.752740	0.624810	0
1XD3_A	4UF5_A	0.611440	0.762710	0.611440	0
1XD3_A	4UF6_A	0.643170	0.806790	0.643170	0
1XD3_A	4WLP_A	0.613780	0.772380	0.613780	0
1XD3_A	4WLQ_A	0.630140	0.787320	0.630140	0
1XD3_A	4WLR_A	0.637750	0.810470	0.637750	0
1XRB_A	2OBV_A	0.912510	0.951460	0.912510	0
1XRB_A	3S82_A	0.917800	0.929940	0.917800	0
1XRB_A	3TDE_A	0.916240	0.918660	0.916240	0
1XRB_A	4HPV_A	0.705720	0.745150	0.705720	0
1XRB_A	4KTT_C	0.921910	0.921910	0.941980	0
1XRB_A	4KTT_D	0.922660	0.952210	0.922660	0
1XRB_A	4NDN_A	0.928200	0.928200	0.943310	0
1XRB_A	4NDN_D	0.918630	0.952980	0.918630	0
1XRB_A	5H9U_A	0.917000	0.981070	0.917000	0
1XRB_A	5T8S_A	0.920890	0.970150	0.920890	0
1XRB_A	5UGH_A	0.946190	0.948740	0.946190	0
1XRB_A	7LOO_A	0.938310	0.965940	0.938310	0
1XRB_A	7OCK_B	0.942910	0.983390	0.942910	0
1ZE8_A	2AX2_A	0.997670	0.997670	0.997670	0
1ZE8_A	2CBE_A	0.996260	0.996260	0.996260	0
1ZE8_A	2EU2_A	0.993500	0.993500	0.997350	0
1ZE8_A	2EZ7_A	0.997700	0.997700	0.997700	0
1ZE8_A	2NNO_A	0.992950	0.996790	0.992950	0
1ZE8_A	2NXT_A	0.996660	0.996660	0.996660	0
1ZE8_A	2VVB_X	0.995330	0.995330	0.995330	0
1ZE8_A	2W2J_A	0.904560	0.938550	0.904560	0
1ZE8_A	2WD3_A	0.994790	0.994790	0.998650	0
1ZE8_A	2ZNC_A	0.861570	0.861570	0.942150	0
1ZE8_A	3BET_A	0.997810	0.997810	0.997810	0
1ZE8_A	3CZV_A	0.975510	0.975510	0.975510	0
1ZE8_A	3F7B_A	0.878590	0.878590	0.934220	0
1ZE8_A	3GZ0_A	0.993980	0.993980	0.997840	0
1ZE8_A	3IBL_A	0.999150	0.999150	0.999150	0
1ZE8_A	3IBN_A	0.998730	0.998730	0.998730	0
1ZE8_A	3IBU_A	0.998800	0.998800	0.998800	0
1ZE8_A	3JXF_A	0.873360	0.905310	0.873360	0
1ZE8_A	3KKX_A	0.996400	0.996400	0.996400	0
1ZE8_A	3KON_A	0.995930	0.995930	0.995930	0
1ZE8_A	3M1Q_A	0.994310	0.994310	0.998170	0
1ZE8_A	3M67_A	0.993090	0.993090	0.996950	0
1ZE8_A	3M96_A	0.993510	0.993510	0.997370	0
1ZE8_A	3MHM_A	0.993340	0.993340	0.997190	0
1ZE8_A	3ML5_A	0.967710	0.982510	0.967710	0
1ZE8_A	3MNU_A	0.995430	0.995430	0.999300	0
1ZE8_A	3PO6_A	0.998850	0.998850	0.998850	0
1ZE8_A	3RYJ_B	0.993340	0.993340	0.997200	0
1ZE8_A	3RYX_B	0.996850	0.996850	0.996850	0
1ZE8_A	3RZ5_A	0.995780	0.995780	0.995780	0
1ZE8_A	3RZ7_A	0.993710	0.993710	0.997560	0
1ZE8_A	3S73_B	0.992470	0.992470	0.996320	0
1ZE8_A	3S76_A	0.992980	0.992980	0.996840	0
1ZE8_A	3SAX_A	0.996460	0.996460	0.996460	0
1ZE8_A	3V2J_A	0.992860	0.992860	0.996720	0
1ZE8_A	3ZNC_A	0.867520	0.867520	0.945000	0
1ZE8_A	4FL7_A	0.995260	0.995260	0.999130	0
1ZE8_A	4ITP_A	0.993700	0.993700	0.997560	0
1ZE8_A	4KAP_A	0.995510	0.995510	0.995510	0
1ZE8_A	4KP8_A	0.919440	0.929720	0.919440	0
1ZE8_A	4MDG_A	0.998590	0.998590	0.998590	0
1ZE8_A	4MDM_A	0.998550	0.998550	0.998550	0
1ZE8_A	4PYX_A	0.993640	0.993640	0.997500	0
1ZE8_A	4QK1_A	0.981940	0.981940	0.985720	0
1ZE8_A	4R59_A	0.996030	0.996030	0.996030	0
1ZE8_A	4R5A_A	0.988540	0.992360	0.988540	0
1ZE8_A	4TWM_A	0.824800	0.824800	0.886680	0
1ZE8_A	4YGN_A	0.992760	0.992760	0.996610	0
1ZE8_A	4YWP_A	0.990530	0.990530	0.994360	0
1ZE8_A	4Z1E_A	0.993580	0.997420	0.993580	0
1ZE8_A	5DOG_A	0.993720	0.993720	0.997580	0
1ZE8_A	5DSQ_A	0.993230	0.993230	0.997090	0
1ZE8_A	5EKM_A	0.993360	0.993360	0.997220	0
1ZE8_A	5FL5_A	0.889200	0.889200	0.912780	0
1ZE8_A	5FLO_A	0.996050	0.996050	0.996050	0
1ZE8_A	5FNM_A	0.996290	0.996290	0.996290	0
1ZE8_A	5G0B_A	0.993040	0.993040	0.996900	0
1ZE8_A	5GMN_A	0.983540	0.983540	0.987320	0
1ZE8_A	5IPZ_A	0.873960	0.883680	0.873960	0
1ZE8_A	5KU6_A	0.878510	0.878510	0.926660	0
1ZE8_A	5L6K_A	0.989650	0.993460	0.989650	0
1ZE8_A	5LL9_A	0.918330	0.928590	0.918330	0
1ZE8_A	5LLE_A	0.991890	0.991890	0.995740	0
1ZE8_A	5LLG_A	0.993490	0.993490	0.997350	0
1ZE8_A	5LLN_A	0.967540	0.971200	0.967540	0
1ZE8_A	5LLP_A	0.923290	0.930170	0.923290	0
1ZE8_A	5M78_A	0.992550	0.996380	0.992550	0
1ZE8_A	5MSA_A	0.918630	0.928900	0.918630	0
1ZE8_A	5NXG_A	0.992590	0.992590	0.996440	0
1ZE8_A	5NXV_A	0.997330	0.997330	0.997330	0
1ZE8_A	5SZ2_A	0.992680	0.992680	0.996540	0
1ZE8_A	5SZ5_A	0.992560	0.992560	0.996410	0
1ZE8_A	5TFX_A	0.996530	0.996530	0.996530	0
1ZE8_A	5TH4_A	0.993570	0.993570	0.997430	0
1ZE8_A	5THJ_A	0.992310	0.992310	0.996160	0
1ZE8_A	5TT8_A	0.704200	0.704200	0.890950	0
1ZE8_A	5TV3_A	0.773460	0.773460	0.875770	0
1ZE8_A	5TY1_A	0.996020	0.996020	0.996020	0
1ZE8_A	5U0F_A	0.996270	0.996270	0.996270	0
1ZE8_A	5WLR_A	0.993360	0.993360	0.997210	0
1ZE8_A	5Y2R_A	0.993680	0.993680	0.997540	0
1ZE8_A	5Y2S_A	0.993410	0.993410	0.997270	0
1ZE8_A	5YUJ_A	0.992870	0.992870	0.996720	0
1ZE8_A	6B00_A	0.969780	0.988440	0.969780	0
1ZE8_A	6D1L_A	0.992110	0.995950	0.992110	0
1ZE8_A	6GOT_A	0.993250	0.993250	0.997100	0
1ZE8_A	6H36_A	0.975420	0.979150	0.975420	0
1ZE8_A	6HR3_A	0.994890	0.994890	0.998760	0
1ZE8_A	6KM1_A	0.992770	0.992770	0.996620	0
1ZE8_A	6OTI_A	0.992990	0.992990	0.996850	0
1ZE8_A	6QNL_A	0.920300	0.920300	0.937740	0
1ZE8_A	6R6Y_A	0.920330	0.930630	0.920330	0
1ZE8_A	6RG4_A	0.997120	0.997120	0.997120	0
1ZE8_A	6RQQ_A	0.900280	0.900280	0.907020	0
1ZE8_A	6UGN_A	0.993790	0.993790	0.997650	0
1ZE8_A	6Y74_A	0.898970	0.898970	0.898970	0
1ZE8_A	6YJ3_A	0.992980	0.992980	0.992980	0
1ZE8_A	7MU3_A	0.992090	0.995920	0.992090	0
1ZE8_A	7NG1_A	0.838000	0.896340	0.838000	0
2AGL_D	2AGX_D	0.997700	0.997700	0.997700	0
2AGL_D	2AH1_D	0.990010	0.999170	0.990010	0
2AGL_D	2BBK_L	0.838390	0.958010	0.838390	0
2AGL_D	2GC4_B	0.837410	0.956790	0.837410	0
2AGL_D	2HJ4_D	0.995540	0.995540	0.995540	0
2AGL_D	2IAA_B	0.959300	0.994620	0.959300	0
2AGL_D	2IUP_D	0.999350	0.999350	0.999350	0
2AGL_D	2J57_K	0.834910	0.953630	0.834910	0
2AGL_D	2MAD_L	0.845380	0.958490	0.845380	0
2AGL_D	3C75_L	0.831840	0.949720	0.831840	0
2AGL_D	3L4O_C	0.837750	0.957170	0.837750	0
2AGX_D	2AH1_D	0.988210	0.997330	0.988210	0
2AGX_D	2BBK_L	0.840620	0.960900	0.840620	0
2AGX_D	2GC4_B	0.839650	0.959690	0.839650	0
2AGX_D	2HJ4_D	0.996860	0.996860	0.996860	0
2AGX_D	2IAA_B	0.959130	0.994440	0.959130	0
2AGX_D	2IUP_D	0.998040	0.998040	0.998040	0
2AGX_D	2J57_K	0.836490	0.955680	0.836490	0
2AGX_D	2MAD_L	0.847560	0.961270	0.847560	0
2AGX_D	3C75_L	0.834100	0.952670	0.834100	0
2AGX_D	3L4O_C	0.839980	0.960040	0.839980	0
2AH1_D	2BBK_L	0.845980	0.958080	0.845980	0
2AH1_D	2GC4_B	0.845400	0.957400	0.845400	0
2AH1_D	2HJ4_D	0.987030	0.987030	0.996130	0
2AH1_D	2IAA_B	0.968990	0.995530	0.968990	0
2AH1_D	2IUP_D	0.989810	0.989810	0.998970	0
2AH1_D	2J57_K	0.842390	0.953620	0.842390	0
2AH1_D	2MAD_L	0.853220	0.958800	0.853220	0
2AH1_D	3C75_L	0.839950	0.950610	0.839950	0
2AH1_D	3L4O_C	0.845620	0.957610	0.845620	0
2AX2_A	2CBE_A	0.997750	0.997750	0.997750	0
2AX2_A	2EU2_A	0.992610	0.992610	0.996460	0
2AX2_A	2EZ7_A	0.996720	0.996720	0.996720	0
2AX2_A	2NNO_A	0.992450	0.996290	0.992450	0
2AX2_A	2NXT_A	0.998890	0.998890	0.998890	0
2AX2_A	2VVB_X	0.995350	0.995350	0.995350	0
2AX2_A	2W2J_A	0.905220	0.939240	0.905220	0
2AX2_A	2WD3_A	0.994800	0.994800	0.998670	0
2AX2_A	2ZNC_A	0.863120	0.863120	0.943910	0
2AX2_A	3BET_A	0.997360	0.997360	0.997360	0
2AX2_A	3CZV_A	0.978060	0.978060	0.978060	0
2AX2_A	3F7B_A	0.879240	0.879240	0.934950	0
2AX2_A	3GZ0_A	0.993770	0.993770	0.997630	0
2AX2_A	3IBL_A	0.997920	0.997920	0.997920	0
2AX2_A	3IBN_A	0.997250	0.997250	0.997250	0
2AX2_A	3IBU_A	0.997290	0.997290	0.997290	0
2AX2_A	3JXF_A	0.874500	0.906490	0.874500	0
2AX2_A	3KKX_A	0.998700	0.998700	0.998700	0
2AX2_A	3KON_A	0.998110	0.998110	0.998110	0
2AX2_A	3M1Q_A	0.995140	0.995140	0.999010	0
2AX2_A	3M67_A	0.994800	0.994800	0.998670	0
2AX2_A	3M96_A	0.995410	0.995410	0.999280	0
2AX2_A	3MHM_A	0.995420	0.995420	0.999290	0
2AX2_A	3ML5_A	0.968870	0.983700	0.968870	0
2AX2_A	3MNU_A	0.994140	0.994140	0.998000	0
2AX2_A	3PO6_A	0.998440	0.998440	0.998440	0
2AX2_A	3RYJ_B	0.995360	0.995360	0.999230	0
2AX2_A	3RYX_B	0.998890	0.998890	0.998890	0
2AX2_A	3RZ5_A	0.997630	0.997630	0.997630	0
2AX2_A	3RZ7_A	0.994700	0.994700	0.998570	0
2AX2_A	3S73_B	0.994490	0.994490	0.998350	0
2AX2_A	3S76_A	0.995140	0.995140	0.999010	0
2AX2_A	3SAX_A	0.997880	0.997880	0.997880	0
2AX2_A	3V2J_A	0.994810	0.994810	0.998680	0
2AX2_A	3ZNC_A	0.869270	0.869270	0.947000	0
2AX2_A	4FL7_A	0.994360	0.994360	0.998230	0
2AX2_A	4ITP_A	0.995300	0.995300	0.999170	0
2AX2_A	4KAP_A	0.997380	0.997380	0.997380	0
2AX2_A	4KP8_A	0.922810	0.933160	0.922810	0
2AX2_A	4MDG_A	0.997870	0.997870	0.997870	0
2AX2_A	4MDM_A	0.998190	0.998190	0.998190	0
2AX2_A	4PYX_A	0.995000	0.995000	0.998870	0
2AX2_A	4QK1_A	0.983840	0.983840	0.987630	0
2AX2_A	4R59_A	0.998100	0.998100	0.998100	0
2AX2_A	4R5A_A	0.989990	0.993820	0.989990	0
2AX2_A	4TWM_A	0.826320	0.826320	0.888410	0
2AX2_A	4YGN_A	0.995050	0.995050	0.998920	0
2AX2_A	4YWP_A	0.993170	0.993170	0.997030	0
2AX2_A	4Z1E_A	0.995100	0.998960	0.995100	0
2AX2_A	5DOG_A	0.995360	0.995360	0.999230	0
2AX2_A	5DSQ_A	0.995380	0.995380	0.999250	0
2AX2_A	5EKM_A	0.995580	0.995580	0.999450	0
2AX2_A	5FL5_A	0.891370	0.891370	0.915040	0
2AX2_A	5FLO_A	0.996800	0.996800	0.996800	0
2AX2_A	5FNM_A	0.996740	0.996740	0.996740	0
2AX2_A	5G0B_A	0.994200	0.994200	0.998060	0
2AX2_A	5GMN_A	0.983310	0.983310	0.987090	0
2AX2_A	5IPZ_A	0.873540	0.883270	0.873540	0
2AX2_A	5KU6_A	0.879970	0.879970	0.928270	0
2AX2_A	5L6K_A	0.990700	0.994530	0.990700	0
2AX2_A	5LL9_A	0.921760	0.932080	0.921760	0
2AX2_A	5LLE_A	0.994930	0.994930	0.998800	0
2AX2_A	5LLG_A	0.995570	0.995570	0.999450	0
2AX2_A	5LLN_A	0.970580	0.974260	0.970580	0
2AX2_A	5LLP_A	0.926730	0.933660	0.926730	0
2AX2_A	5M78_A	0.993940	0.997790	0.993940	0
2AX2_A	5MSA_A	0.922420	0.932760	0.922420	0
2AX2_A	5NXG_A	0.993910	0.993910	0.997770	0
2AX2_A	5NXV_A	0.998770	0.998770	0.998770	0
2AX2_A	5SZ2_A	0.995060	0.995060	0.998930	0
2AX2_A	5SZ5_A	0.994780	0.994780	0.998640	0
2AX2_A	5TFX_A	0.996810	0.996810	0.996810	0
2AX2_A	5TH4_A	0.995640	0.995640	0.999510	0
2AX2_A	5THJ_A	0.994390	0.994390	0.998260	0
2AX2_A	5TT8_A	0.704880	0.704880	0.891840	0
2AX2_A	5TV3_A	0.773720	0.773720	0.875880	0
2AX2_A	5TY1_A	0.996590	0.996590	0.996590	0
2AX2_A	5U0F_A	0.996040	0.996040	0.996040	0
2AX2_A	5WLR_A	0.994670	0.994670	0.998540	0
2AX2_A	5Y2R_A	0.994900	0.994900	0.998770	0
2AX2_A	5Y2S_A	0.994730	0.994730	0.998600	0
2AX2_A	5YUJ_A	0.995580	0.995580	0.999450	0
2AX2_A	6B00_A	0.972290	0.991050	0.972290	0
2AX2_A	6D1L_A	0.992180	0.996010	0.992180	0
2AX2_A	6GOT_A	0.995740	0.995740	0.999620	0
2AX2_A	6H36_A	0.977470	0.981210	0.977470	0
2AX2_A	6HR3_A	0.993720	0.993720	0.997580	0
2AX2_A	6KM1_A	0.994930	0.994930	0.998800	0
2AX2_A	6OTI_A	0.993990	0.993990	0.997850	0
2AX2_A	6QNL_A	0.923660	0.923660	0.941200	0
2AX2_A	6R6Y_A	0.923420	0.933780	0.923420	0
2AX2_A	6RG4_A	0.999130	0.999130	0.999130	0
2AX2_A	6RQQ_A	0.902100	0.902100	0.908850	0
2AX2_A	6UGN_A	0.995360	0.995360	0.999230	0
2AX2_A	6Y74_A	0.901100	0.901100	0.901100	0
2AX2_A	6YJ3_A	0.992440	0.992440	0.992440	0
2AX2_A	7MU3_A	0.992390	0.996230	0.992390	0
2AX2_A	7NG1_A	0.840430	0.899050	0.840430	0
2BBK_L	2GC4_B	0.995680	0.995680	0.995680	0
2BBK_L	2HJ4_D	0.842060	0.842060	0.962740	0
2BBK_L	2IAA_B	0.853550	0.853550	0.941230	0
2BBK_L	2IUP_D	0.839210	0.839210	0.959090	0
2BBK_L	2J57_K	0.988190	0.988190	0.988190	0
2BBK_L	2MAD_L	0.988780	0.988780	0.996790	0
2BBK_L	3C75_L	0.989990	0.989990	0.989990	0
2BBK_L	3L4O_C	0.992590	0.992590	0.992590	0
2CBE_A	2EU2_A	0.993250	0.993250	0.997110	0
2CBE_A	2EZ7_A	0.997110	0.997110	0.997110	0
2CBE_A	2NNO_A	0.991260	0.995090	0.991260	0
2CBE_A	2NXT_A	0.998630	0.998630	0.998630	0
2CBE_A	2VVB_X	0.994630	0.994630	0.994630	0
2CBE_A	2W2J_A	0.906080	0.940170	0.906080	0
2CBE_A	2WD3_A	0.994150	0.994150	0.998010	0
2CBE_A	2ZNC_A	0.864750	0.864750	0.945850	0
2CBE_A	3BET_A	0.996350	0.996350	0.996350	0
2CBE_A	3CZV_A	0.978400	0.978400	0.978400	0
2CBE_A	3F7B_A	0.881030	0.881030	0.936940	0
2CBE_A	3GZ0_A	0.994360	0.994360	0.998220	0
2CBE_A	3IBL_A	0.996270	0.996270	0.996270	0
2CBE_A	3IBN_A	0.996450	0.996450	0.996450	0
2CBE_A	3IBU_A	0.996380	0.996380	0.996380	0
2CBE_A	3JXF_A	0.875770	0.907870	0.875770	0
2CBE_A	3KKX_A	0.998690	0.998690	0.998690	0
2CBE_A	3KON_A	0.998380	0.998380	0.998380	0
2CBE_A	3M1Q_A	0.994320	0.994320	0.998180	0
2CBE_A	3M67_A	0.994420	0.994420	0.998280	0
2CBE_A	3M96_A	0.994130	0.994130	0.997990	0
2CBE_A	3MHM_A	0.995090	0.995090	0.998950	0
2CBE_A	3ML5_A	0.968540	0.983370	0.968540	0
2CBE_A	3MNU_A	0.993170	0.993170	0.997020	0
2CBE_A	3PO6_A	0.996810	0.996810	0.996810	0
2CBE_A	3RYJ_B	0.994780	0.994780	0.998640	0
2CBE_A	3RYX_B	0.997700	0.997700	0.997700	0
2CBE_A	3RZ5_A	0.996270	0.996270	0.996270	0
2CBE_A	3RZ7_A	0.993780	0.993780	0.997640	0
2CBE_A	3S73_B	0.994400	0.994400	0.998260	0
2CBE_A	3S76_A	0.994240	0.994240	0.998100	0
2CBE_A	3SAX_A	0.997510	0.997510	0.997510	0
2CBE_A	3V2J_A	0.995610	0.995610	0.999480	0
2CBE_A	3ZNC_A	0.871130	0.871130	0.949180	0
2CBE_A	4FL7_A	0.993470	0.993470	0.997320	0
2CBE_A	4ITP_A	0.994460	0.994460	0.998330	0
2CBE_A	4KAP_A	0.997650	0.997650	0.997650	0
2CBE_A	4KP8_A	0.924570	0.934960	0.924570	0
2CBE_A	4MDG_A	0.997230	0.997230	0.997230	0
2CBE_A	4MDM_A	0.997140	0.997140	0.997140	0
2CBE_A	4PYX_A	0.994300	0.994300	0.998160	0
2CBE_A	4QK1_A	0.984020	0.984020	0.987810	0
2CBE_A	4R59_A	0.997980	0.997980	0.997980	0
2CBE_A	4R5A_A	0.990100	0.993930	0.990100	0
2CBE_A	4TWM_A	0.826470	0.826470	0.888620	0
2CBE_A	4YGN_A	0.994410	0.994410	0.998270	0
2CBE_A	4YWP_A	0.992090	0.992090	0.995930	0
2CBE_A	4Z1E_A	0.994790	0.998640	0.994790	0
2CBE_A	5DOG_A	0.994480	0.994480	0.998350	0
2CBE_A	5DSQ_A	0.994820	0.994820	0.998690	0
2CBE_A	5EKM_A	0.994660	0.994660	0.998520	0
2CBE_A	5FL5_A	0.892880	0.892880	0.916620	0
2CBE_A	5FLO_A	0.995750	0.995750	0.995750	0
2CBE_A	5FNM_A	0.996050	0.996050	0.996050	0
2CBE_A	5G0B_A	0.993550	0.993550	0.997410	0
2CBE_A	5GMN_A	0.983420	0.983420	0.987200	0
2CBE_A	5IPZ_A	0.874750	0.884500	0.874750	0
2CBE_A	5KU6_A	0.881900	0.881900	0.930390	0
2CBE_A	5L6K_A	0.990070	0.993890	0.990070	0
2CBE_A	5LL9_A	0.922900	0.933250	0.922900	0
2CBE_A	5LLE_A	0.993960	0.993960	0.997820	0
2CBE_A	5LLG_A	0.994400	0.994400	0.998260	0
2CBE_A	5LLN_A	0.970490	0.974170	0.970490	0
2CBE_A	5LLP_A	0.927790	0.934740	0.927790	0
2CBE_A	5M78_A	0.994300	0.998150	0.994300	0
2CBE_A	5MSA_A	0.923140	0.933500	0.923140	0
2CBE_A	5NXG_A	0.992980	0.992980	0.996830	0
2CBE_A	5NXV_A	0.998070	0.998070	0.998070	0
2CBE_A	5SZ2_A	0.994360	0.994360	0.998220	0
2CBE_A	5SZ5_A	0.994400	0.994400	0.998260	0
2CBE_A	5TFX_A	0.996070	0.996070	0.996070	0
2CBE_A	5TH4_A	0.995020	0.995020	0.998890	0
2CBE_A	5THJ_A	0.993750	0.993750	0.997610	0
2CBE_A	5TT8_A	0.706720	0.706720	0.894740	0
2CBE_A	5TV3_A	0.776030	0.776030	0.879030	0
2CBE_A	5TY1_A	0.995600	0.995600	0.995600	0
2CBE_A	5U0F_A	0.994890	0.994890	0.994890	0
2CBE_A	5WLR_A	0.994620	0.994620	0.998490	0
2CBE_A	5Y2R_A	0.993970	0.993970	0.997830	0
2CBE_A	5Y2S_A	0.993680	0.993680	0.997540	0
2CBE_A	5YUJ_A	0.994910	0.994910	0.998770	0
2CBE_A	6B00_A	0.972560	0.991320	0.972560	0
2CBE_A	6D1L_A	0.990580	0.994400	0.990580	0
2CBE_A	6GOT_A	0.995010	0.995010	0.998880	0
2CBE_A	6H36_A	0.976430	0.980160	0.976430	0
2CBE_A	6HR3_A	0.992890	0.992890	0.996750	0
2CBE_A	6KM1_A	0.993910	0.993910	0.997770	0
2CBE_A	6OTI_A	0.994290	0.994290	0.998150	0
2CBE_A	6QNL_A	0.925160	0.925160	0.942760	0
2CBE_A	6R6Y_A	0.924740	0.935120	0.924740	0
2CBE_A	6RG4_A	0.998540	0.998540	0.998540	0
2CBE_A	6RQQ_A	0.903740	0.903740	0.910520	0
2CBE_A	6UGN_A	0.994940	0.994940	0.998800	0
2CBE_A	6Y74_A	0.902200	0.902200	0.902200	0
2CBE_A	6YJ3_A	0.991230	0.991230	0.991230	0
2CBE_A	7MU3_A	0.991450	0.995280	0.991450	0
2CBE_A	7NG1_A	0.841080	0.899790	0.841080	0
2EGW_A	2YY8_A	0.523150	0.523150	0.666440	0
2EGW_A	3N4J_A	0.497820	0.497820	0.674070	0
2EGW_A	3ONP_A	0.502620	0.502620	0.705560	0
2EGW_A	4CNE_B	0.518350	0.518350	0.688830	0
2EGW_A	4CNF_B	0.502400	0.502400	0.718550	0
2EGW_A	4E8B_A	0.826010	0.868020	0.826010	0
2EGW_A	5CO4_A	0.511160	0.511160	0.730520	0
2EGW_A	5GM8_A	0.515310	0.515310	0.665240	0
2EGW_A	5GMB_A	0.513230	0.513230	0.658320	0
2EGW_A	5O96_A	0.844850	0.888730	0.844850	0
2ETL_A	2LEN_A	0.830420	0.857010	0.830420	0
2ETL_A	2WDT_A	0.833720	0.833720	0.906570	0
2ETL_A	2WE6_A	0.837310	0.837310	0.893720	0
2ETL_A	3IFW_A	0.945940	0.945940	0.945940	0
2ETL_A	3IRT_A	0.990760	0.990760	0.990760	0
2ETL_A	3KVF_A	0.940380	0.940380	0.940380	0
2ETL_A	3KW5_A	0.942440	0.942440	0.942440	0
2ETL_A	3RII_A	0.816310	0.816310	0.865990	0
2ETL_A	3RIS_A	0.820480	0.833970	0.820480	0
2ETL_A	4DM9_A	0.987570	0.987570	0.987570	0
2ETL_A	4I6N_A	0.812650	0.812650	0.840500	0
2ETL_A	4JKJ_A	0.993210	0.993210	0.993210	0
2ETL_A	4JKJ_B	0.977090	0.977090	0.977090	0
2ETL_A	4UEL_A	0.628450	0.833490	0.628450	0
2ETL_A	4UEM_A	0.639390	0.792370	0.639390	0
2ETL_A	4UF5_A	0.627640	0.804350	0.627640	0
2ETL_A	4UF6_A	0.644250	0.827550	0.644250	0
2ETL_A	4WLP_A	0.631240	0.816950	0.631240	0
2ETL_A	4WLQ_A	0.638030	0.819300	0.638030	0
2ETL_A	4WLR_A	0.639760	0.833420	0.639760	0
2EU2_A	2EZ7_A	0.991970	0.995810	0.991970	0
2EU2_A	2NNO_A	0.990260	0.997950	0.990260	0
2EU2_A	2NXT_A	0.992780	0.996630	0.992780	0
2EU2_A	2VVB_X	0.993510	0.997370	0.993510	0
2EU2_A	2W2J_A	0.900900	0.938260	0.900900	0
2EU2_A	2WD3_A	0.997600	0.997600	0.997600	0
2EU2_A	2ZNC_A	0.866550	0.866550	0.944230	0
2EU2_A	3BET_A	0.993530	0.997390	0.993530	0
2EU2_A	3CZV_A	0.975400	0.979130	0.975400	0
2EU2_A	3F7B_A	0.879460	0.879460	0.931720	0
2EU2_A	3GZ0_A	0.998730	0.998730	0.998730	0
2EU2_A	3IBL_A	0.993250	0.997100	0.993250	0
2EU2_A	3IBN_A	0.992640	0.996490	0.992640	0
2EU2_A	3IBU_A	0.993140	0.997000	0.993140	0
2EU2_A	3JXF_A	0.873310	0.908640	0.873310	0
2EU2_A	3KKX_A	0.992960	0.996820	0.992960	0
2EU2_A	3KON_A	0.993030	0.996880	0.993030	0
2EU2_A	3M1Q_A	0.997540	0.997540	0.997540	0
2EU2_A	3M67_A	0.995890	0.995890	0.995890	0
2EU2_A	3M96_A	0.995650	0.995650	0.995650	0
2EU2_A	3MHM_A	0.996600	0.996600	0.996600	0
2EU2_A	3ML5_A	0.965690	0.984230	0.965690	0
2EU2_A	3MNU_A	0.996800	0.996800	0.996800	0
2EU2_A	3PO6_A	0.993970	0.997830	0.993970	0
2EU2_A	3RYJ_B	0.996960	0.996960	0.996960	0
2EU2_A	3RYX_B	0.992790	0.996640	0.992790	0
2EU2_A	3RZ5_A	0.993080	0.996930	0.993080	0
2EU2_A	3RZ7_A	0.997280	0.997280	0.997280	0
2EU2_A	3S73_B	0.996240	0.996240	0.996240	0
2EU2_A	3S76_A	0.996320	0.996320	0.996320	0
2EU2_A	3SAX_A	0.992450	0.996300	0.992450	0
2EU2_A	3V2J_A	0.997210	0.997210	0.997210	0
2EU2_A	3ZNC_A	0.873070	0.873070	0.947690	0
2EU2_A	4FL7_A	0.997270	0.997270	0.997270	0
2EU2_A	4ITP_A	0.997050	0.997050	0.997050	0
2EU2_A	4KAP_A	0.992570	0.996420	0.992570	0
2EU2_A	4KP8_A	0.920450	0.934240	0.920450	0
2EU2_A	4MDG_A	0.994330	0.998200	0.994330	0
2EU2_A	4MDM_A	0.993670	0.997530	0.993670	0
2EU2_A	4PYX_A	0.996260	0.996260	0.996260	0
2EU2_A	4QK1_A	0.984500	0.984500	0.984500	0
2EU2_A	4R59_A	0.992570	0.996420	0.992570	0
2EU2_A	4R5A_A	0.985030	0.992670	0.985030	0
2EU2_A	4TWM_A	0.823910	0.823910	0.882350	0
2EU2_A	4YGN_A	0.995710	0.995710	0.995710	0
2EU2_A	4YWP_A	0.993570	0.993570	0.993570	0
2EU2_A	4Z1E_A	0.989800	0.997480	0.989800	0
2EU2_A	5DOG_A	0.996470	0.996470	0.996470	0
2EU2_A	5DSQ_A	0.995650	0.995650	0.995650	0
2EU2_A	5EKM_A	0.996820	0.996820	0.996820	0
2EU2_A	5FL5_A	0.892430	0.892430	0.912700	0
2EU2_A	5FLO_A	0.993720	0.997580	0.993720	0
2EU2_A	5FNM_A	0.993800	0.997660	0.993800	0
2EU2_A	5G0B_A	0.995070	0.995070	0.995070	0
2EU2_A	5GMN_A	0.985630	0.985630	0.985630	0
2EU2_A	5IPZ_A	0.871390	0.884390	0.871390	0
2EU2_A	5KU6_A	0.879950	0.879950	0.924810	0
2EU2_A	5L6K_A	0.987500	0.995150	0.987500	0
2EU2_A	5LL9_A	0.918780	0.932520	0.918780	0
2EU2_A	5LLE_A	0.994830	0.994830	0.994830	0
2EU2_A	5LLG_A	0.995880	0.995880	0.995880	0
2EU2_A	5LLN_A	0.965250	0.972590	0.965250	0
2EU2_A	5LLP_A	0.924030	0.934410	0.924030	0
2EU2_A	5M78_A	0.987680	0.995340	0.987680	0
2EU2_A	5MSA_A	0.919150	0.932900	0.919150	0
2EU2_A	5NXG_A	0.994910	0.994910	0.994910	0
2EU2_A	5NXV_A	0.992510	0.996360	0.992510	0
2EU2_A	5SZ2_A	0.996390	0.996390	0.996390	0
2EU2_A	5SZ5_A	0.996220	0.996220	0.996220	0
2EU2_A	5TFX_A	0.994240	0.998100	0.994240	0
2EU2_A	5TH4_A	0.996070	0.996070	0.996070	0
2EU2_A	5THJ_A	0.995510	0.995510	0.995510	0
2EU2_A	5TT8_A	0.708130	0.708130	0.892900	0
2EU2_A	5TV3_A	0.778060	0.778060	0.877790	0
2EU2_A	5TY1_A	0.994070	0.997930	0.994070	0
2EU2_A	5U0F_A	0.994310	0.998170	0.994310	0
2EU2_A	5WLR_A	0.997370	0.997370	0.997370	0
2EU2_A	5Y2R_A	0.996970	0.996970	0.996970	0
2EU2_A	5Y2S_A	0.996550	0.996550	0.996550	0
2EU2_A	5YUJ_A	0.995960	0.995960	0.995960	0
2EU2_A	6B00_A	0.969090	0.991550	0.969090	0
2EU2_A	6D1L_A	0.989940	0.997630	0.989940	0
2EU2_A	6GOT_A	0.996660	0.996660	0.996660	0
2EU2_A	6H36_A	0.974880	0.982360	0.974880	0
2EU2_A	6HR3_A	0.997730	0.997730	0.997730	0
2EU2_A	6KM1_A	0.995970	0.995970	0.995970	0
2EU2_A	6OTI_A	0.996980	0.996980	0.996980	0
2EU2_A	6QNL_A	0.924320	0.924320	0.938330	0
2EU2_A	6R6Y_A	0.920930	0.934730	0.920930	0
2EU2_A	6RG4_A	0.993270	0.997130	0.993270	0
2EU2_A	6RQQ_A	0.903620	0.903620	0.907000	0
2EU2_A	6UGN_A	0.996740	0.996740	0.996740	0
2EU2_A	6Y74_A	0.897390	0.900730	0.897390	0
2EU2_A	6YJ3_A	0.988970	0.992800	0.988970	0
2EU2_A	7MU3_A	0.989170	0.996840	0.989170	0
2EU2_A	7NG1_A	0.838300	0.899930	0.838300	0
2EZ7_A	2NNO_A	0.991900	0.995730	0.991900	0
2EZ7_A	2NXT_A	0.996770	0.996770	0.996770	0
2EZ7_A	2VVB_X	0.995140	0.995140	0.995140	0
2EZ7_A	2W2J_A	0.904890	0.938900	0.904890	0
2EZ7_A	2WD3_A	0.993920	0.993920	0.997780	0
2EZ7_A	2ZNC_A	0.861810	0.861810	0.942400	0
2EZ7_A	3BET_A	0.996830	0.996830	0.996830	0
2EZ7_A	3CZV_A	0.975350	0.975350	0.975350	0
2EZ7_A	3F7B_A	0.879080	0.879080	0.934740	0
2EZ7_A	3GZ0_A	0.993250	0.993250	0.997110	0
2EZ7_A	3IBL_A	0.997950	0.997950	0.997950	0
2EZ7_A	3IBN_A	0.998250	0.998250	0.998250	0
2EZ7_A	3IBU_A	0.998010	0.998010	0.998010	0
2EZ7_A	3JXF_A	0.872750	0.904650	0.872750	0
2EZ7_A	3KKX_A	0.995640	0.995640	0.995640	0
2EZ7_A	3KON_A	0.996580	0.996580	0.996580	0
2EZ7_A	3M1Q_A	0.993740	0.993740	0.997600	0
2EZ7_A	3M67_A	0.992640	0.992640	0.996490	0
2EZ7_A	3M96_A	0.992800	0.992800	0.996660	0
2EZ7_A	3MHM_A	0.993160	0.993160	0.997020	0
2EZ7_A	3ML5_A	0.966920	0.981700	0.966920	0
2EZ7_A	3MNU_A	0.994290	0.994290	0.998150	0
2EZ7_A	3PO6_A	0.997550	0.997550	0.997550	0
2EZ7_A	3RYJ_B	0.993120	0.993120	0.996970	0
2EZ7_A	3RYX_B	0.995860	0.995860	0.995860	0
2EZ7_A	3RZ5_A	0.995180	0.995180	0.995180	0
2EZ7_A	3RZ7_A	0.993430	0.993430	0.997290	0
2EZ7_A	3S73_B	0.992010	0.992010	0.995850	0
2EZ7_A	3S76_A	0.992780	0.992780	0.996630	0
2EZ7_A	3SAX_A	0.996200	0.996200	0.996200	0
2EZ7_A	3V2J_A	0.992640	0.992640	0.996490	0
2EZ7_A	3ZNC_A	0.867610	0.867610	0.945070	0
2EZ7_A	4FL7_A	0.994480	0.994480	0.998350	0
2EZ7_A	4ITP_A	0.992750	0.992750	0.996600	0
2EZ7_A	4KAP_A	0.996220	0.996220	0.996220	0
2EZ7_A	4KP8_A	0.919510	0.929800	0.919510	0
2EZ7_A	4MDG_A	0.997770	0.997770	0.997770	0
2EZ7_A	4MDM_A	0.997950	0.997950	0.997950	0
2EZ7_A	4PYX_A	0.993340	0.993340	0.997190	0
2EZ7_A	4QK1_A	0.981410	0.981410	0.985180	0
2EZ7_A	4R59_A	0.996260	0.996260	0.996260	0
2EZ7_A	4R5A_A	0.988730	0.992550	0.988730	0
2EZ7_A	4TWM_A	0.825630	0.825630	0.887660	0
2EZ7_A	4YGN_A	0.992920	0.992920	0.996780	0
2EZ7_A	4YWP_A	0.990140	0.990140	0.993970	0
2EZ7_A	4Z1E_A	0.993320	0.997160	0.993320	0
2EZ7_A	5DOG_A	0.993460	0.993460	0.997320	0
2EZ7_A	5DSQ_A	0.992930	0.992930	0.996780	0
2EZ7_A	5EKM_A	0.992830	0.992830	0.996680	0
2EZ7_A	5FL5_A	0.889050	0.889050	0.912610	0
2EZ7_A	5FLO_A	0.995380	0.995380	0.995380	0
2EZ7_A	5FNM_A	0.996020	0.996020	0.996020	0
2EZ7_A	5G0B_A	0.993050	0.993050	0.996900	0
2EZ7_A	5GMN_A	0.983080	0.983080	0.986870	0
2EZ7_A	5IPZ_A	0.873400	0.883110	0.873400	0
2EZ7_A	5KU6_A	0.879500	0.879500	0.927720	0
2EZ7_A	5L6K_A	0.988730	0.992540	0.988730	0
2EZ7_A	5LL9_A	0.917810	0.928050	0.917810	0
2EZ7_A	5LLE_A	0.991540	0.991540	0.995380	0
2EZ7_A	5LLG_A	0.993030	0.993030	0.996880	0
2EZ7_A	5LLN_A	0.968110	0.971780	0.968110	0
2EZ7_A	5LLP_A	0.922740	0.929610	0.922740	0
2EZ7_A	5M78_A	0.993290	0.997130	0.993290	0
2EZ7_A	5MSA_A	0.918070	0.928320	0.918070	0
2EZ7_A	5NXG_A	0.992050	0.992050	0.995890	0
2EZ7_A	5NXV_A	0.997090	0.997090	0.997090	0
2EZ7_A	5SZ2_A	0.992100	0.992100	0.995950	0
2EZ7_A	5SZ5_A	0.992240	0.992240	0.996080	0
2EZ7_A	5TFX_A	0.995990	0.995990	0.995990	0
2EZ7_A	5TH4_A	0.993600	0.993600	0.997460	0
2EZ7_A	5THJ_A	0.991790	0.991790	0.995640	0
2EZ7_A	5TT8_A	0.704100	0.704100	0.890740	0
2EZ7_A	5TV3_A	0.773430	0.773430	0.875500	0
2EZ7_A	5TY1_A	0.995260	0.995260	0.995260	0
2EZ7_A	5U0F_A	0.995150	0.995150	0.995150	0
2EZ7_A	5WLR_A	0.992790	0.992790	0.996640	0
2EZ7_A	5Y2R_A	0.993310	0.993310	0.997170	0
2EZ7_A	5Y2S_A	0.993080	0.993080	0.996930	0
2EZ7_A	5YUJ_A	0.992920	0.992920	0.996770	0
2EZ7_A	6B00_A	0.969510	0.988160	0.969510	0
2EZ7_A	6D1L_A	0.990960	0.994780	0.990960	0
2EZ7_A	6GOT_A	0.993100	0.993100	0.996950	0
2EZ7_A	6H36_A	0.974900	0.978620	0.974900	0
2EZ7_A	6HR3_A	0.994060	0.994060	0.997920	0
2EZ7_A	6KM1_A	0.992610	0.992610	0.996460	0
2EZ7_A	6OTI_A	0.992720	0.992720	0.996570	0
2EZ7_A	6QNL_A	0.919840	0.919840	0.937240	0
2EZ7_A	6R6Y_A	0.919780	0.930070	0.919780	0
2EZ7_A	6RG4_A	0.996930	0.996930	0.996930	0
2EZ7_A	6RQQ_A	0.899740	0.899740	0.906460	0
2EZ7_A	6UGN_A	0.993250	0.993250	0.997100	0
2EZ7_A	6Y74_A	0.898060	0.898060	0.898060	0
2EZ7_A	6YJ3_A	0.991210	0.991210	0.991210	0
2EZ7_A	7MU3_A	0.991120	0.994950	0.991120	0
2EZ7_A	7NG1_A	0.838060	0.896390	0.838060	0
2GC4_B	2HJ4_D	0.841650	0.841650	0.962300	0
2GC4_B	2IAA_B	0.851200	0.851200	0.938410	0
2GC4_B	2IUP_D	0.838590	0.838590	0.958350	0
2GC4_B	2J57_K	0.989690	0.989690	0.989690	0
2GC4_B	2MAD_L	0.986670	0.986670	0.994640	0
2GC4_B	3C75_L	0.991500	0.991500	0.991500	0
2GC4_B	3L4O_C	0.993220	0.993220	0.993220	0
2HJ4_D	2IAA_B	0.958050	0.993260	0.958050	0
2HJ4_D	2IUP_D	0.996620	0.996620	0.996620	0
2HJ4_D	2J57_K	0.838050	0.957690	0.838050	0
2HJ4_D	2MAD_L	0.849540	0.963810	0.849540	0
2HJ4_D	3C75_L	0.836570	0.955870	0.836570	0
2HJ4_D	3L4O_C	0.841930	0.962570	0.841930	0
2IAA_B	2IUP_D	0.959200	0.959200	0.994510	0
2IAA_B	2J57_K	0.849420	0.936220	0.849420	0
2IAA_B	2MAD_L	0.855800	0.936540	0.855800	0
2IAA_B	3C75_L	0.847030	0.933390	0.847030	0
2IAA_B	3L4O_C	0.854710	0.942470	0.854710	0
2IUP_D	2J57_K	0.835660	0.954620	0.835660	0
2IUP_D	2MAD_L	0.846440	0.959860	0.846440	0
2IUP_D	3C75_L	0.832880	0.951080	0.832880	0
2IUP_D	3L4O_C	0.838830	0.958590	0.838830	0
2J57_K	2MAD_L	0.983230	0.983230	0.991140	0
2J57_K	3C75_L	0.989210	0.989210	0.989210	0
2J57_K	3L4O_C	0.989550	0.989550	0.989550	0
2LEN_A	2WDT_A	0.730340	0.730340	0.813920	0
2LEN_A	2WE6_A	0.735260	0.735260	0.805210	0
2LEN_A	3IFW_A	0.815890	0.815890	0.841640	0
2LEN_A	3IRT_A	0.831600	0.831600	0.858300	0
2LEN_A	3KVF_A	0.817510	0.817510	0.843310	0
2LEN_A	3KW5_A	0.816730	0.816730	0.842490	0
2LEN_A	3RII_A	0.729050	0.729050	0.794220	0
2LEN_A	3RIS_A	0.755270	0.755270	0.766690	0
2LEN_A	4DM9_A	0.831470	0.831470	0.858090	0
2LEN_A	4I6N_A	0.720900	0.720900	0.766020	0
2LEN_A	4JKJ_A	0.828090	0.828090	0.854580	0
2LEN_A	4JKJ_B	0.825610	0.825610	0.852000	0
2LEN_A	4UEL_A	0.587260	0.740760	0.587260	0
2LEN_A	4UEM_A	0.602020	0.714180	0.602020	0
2LEN_A	4UF5_A	0.604720	0.743140	0.604720	0
2LEN_A	4UF6_A	0.600860	0.735620	0.600860	0
2LEN_A	4WLP_A	0.602070	0.745840	0.602070	0
2LEN_A	4WLQ_A	0.605640	0.742710	0.605640	0
2LEN_A	4WLR_A	0.600850	0.746150	0.600850	0
2MAD_L	3C75_L	0.983020	0.990940	0.983020	0
2MAD_L	3L4O_C	0.986220	0.994190	0.986220	0
2NNO_A	2NXT_A	0.991720	0.991720	0.995560	0
2NNO_A	2VVB_X	0.994440	0.994440	0.998290	0
2NNO_A	2W2J_A	0.908190	0.938770	0.908190	0
2NNO_A	2WD3_A	0.991290	0.991290	0.999000	0
2NNO_A	2ZNC_A	0.859370	0.859370	0.943280	0
2NNO_A	3BET_A	0.992370	0.992370	0.996200	0
2NNO_A	3CZV_A	0.973140	0.973140	0.976860	0
2NNO_A	3F7B_A	0.876600	0.876600	0.935500	0
2NNO_A	3GZ0_A	0.990290	0.990290	0.997980	0
2NNO_A	3IBL_A	0.993370	0.993370	0.997220	0
2NNO_A	3IBN_A	0.992500	0.992500	0.996340	0
2NNO_A	3IBU_A	0.992790	0.992790	0.996630	0
2NNO_A	3JXF_A	0.878270	0.907090	0.878270	0
2NNO_A	3KKX_A	0.991150	0.991150	0.994980	0
2NNO_A	3KON_A	0.992310	0.992310	0.996150	0
2NNO_A	3M1Q_A	0.991390	0.991390	0.999100	0
2NNO_A	3M67_A	0.989440	0.989440	0.997120	0
2NNO_A	3M96_A	0.990050	0.990050	0.997740	0
2NNO_A	3MHM_A	0.989980	0.989980	0.997670	0
2NNO_A	3ML5_A	0.972260	0.983370	0.972260	0
2NNO_A	3MNU_A	0.991060	0.991060	0.998760	0
2NNO_A	3PO6_A	0.993140	0.993140	0.996990	0
2NNO_A	3RYJ_B	0.990550	0.990550	0.998250	0
2NNO_A	3RYX_B	0.991760	0.991760	0.995590	0
2NNO_A	3RZ5_A	0.994280	0.994280	0.998130	0
2NNO_A	3RZ7_A	0.991170	0.991170	0.998880	0
2NNO_A	3S73_B	0.989640	0.989640	0.997320	0
2NNO_A	3S76_A	0.990390	0.990390	0.998090	0
2NNO_A	3SAX_A	0.990970	0.990970	0.994790	0
2NNO_A	3V2J_A	0.989700	0.989700	0.997390	0
2NNO_A	3ZNC_A	0.865430	0.865430	0.946300	0
2NNO_A	4FL7_A	0.991390	0.991390	0.999100	0
2NNO_A	4ITP_A	0.990700	0.990700	0.998390	0
2NNO_A	4KAP_A	0.991810	0.991810	0.995640	0
2NNO_A	4KP8_A	0.920740	0.927590	0.920740	0
2NNO_A	4MDG_A	0.993180	0.993180	0.997030	0
2NNO_A	4MDM_A	0.993140	0.993140	0.996980	0
2NNO_A	4PYX_A	0.989960	0.989960	0.997650	0
2NNO_A	4QK1_A	0.978390	0.978390	0.985920	0
2NNO_A	4R59_A	0.991910	0.991910	0.995740	0
2NNO_A	4R5A_A	0.989680	0.989680	0.989680	0
2NNO_A	4TWM_A	0.822390	0.822390	0.887320	0
2NNO_A	4YGN_A	0.989900	0.989900	0.997590	0
2NNO_A	4YWP_A	0.987890	0.987890	0.995550	0
2NNO_A	4Z1E_A	0.993960	0.993960	0.993960	0
2NNO_A	5DOG_A	0.990530	0.990530	0.998230	0
2NNO_A	5DSQ_A	0.989810	0.989810	0.997500	0
2NNO_A	5EKM_A	0.990650	0.990650	0.998340	0
2NNO_A	5FL5_A	0.886750	0.886750	0.913630	0
2NNO_A	5FLO_A	0.995040	0.995040	0.998890	0
2NNO_A	5FNM_A	0.995030	0.995030	0.998880	0
2NNO_A	5G0B_A	0.989560	0.989560	0.997240	0
2NNO_A	5GMN_A	0.979210	0.979210	0.986740	0
2NNO_A	5IPZ_A	0.875930	0.882400	0.875930	0
2NNO_A	5KU6_A	0.877120	0.877120	0.928630	0
2NNO_A	5L6K_A	0.994140	0.994140	0.994140	0
2NNO_A	5LL9_A	0.919570	0.926400	0.919570	0
2NNO_A	5LLE_A	0.988990	0.988990	0.996670	0
2NNO_A	5LLG_A	0.990290	0.990290	0.997990	0
2NNO_A	5LLN_A	0.971500	0.971500	0.971500	0
2NNO_A	5LLP_A	0.924570	0.928010	0.924570	0
2NNO_A	5M78_A	0.992220	0.992220	0.992220	0
2NNO_A	5MSA_A	0.920010	0.926840	0.920010	0
2NNO_A	5NXG_A	0.988850	0.988850	0.996520	0
2NNO_A	5NXV_A	0.991730	0.991730	0.995570	0
2NNO_A	5SZ2_A	0.990010	0.990010	0.997700	0
2NNO_A	5SZ5_A	0.989530	0.989530	0.997210	0
2NNO_A	5TFX_A	0.995360	0.995360	0.999220	0
2NNO_A	5TH4_A	0.990300	0.990300	0.997990	0
2NNO_A	5THJ_A	0.989580	0.989580	0.997260	0
2NNO_A	5TT8_A	0.702380	0.702380	0.891980	0
2NNO_A	5TV3_A	0.770980	0.770980	0.876000	0
2NNO_A	5TY1_A	0.995310	0.995310	0.999170	0
2NNO_A	5U0F_A	0.995580	0.995580	0.999430	0
2NNO_A	5WLR_A	0.990230	0.990230	0.997920	0
2NNO_A	5Y2R_A	0.990810	0.990810	0.998510	0
2NNO_A	5Y2S_A	0.990680	0.990680	0.998370	0
2NNO_A	5YUJ_A	0.990080	0.990080	0.997770	0
2NNO_A	6B00_A	0.970470	0.985360	0.970470	0
2NNO_A	6D1L_A	0.999570	0.999570	0.999570	0
2NNO_A	6GOT_A	0.990400	0.990400	0.998090	0
2NNO_A	6H36_A	0.976110	0.976110	0.976110	0
2NNO_A	6HR3_A	0.991640	0.991640	0.999350	0
2NNO_A	6KM1_A	0.989990	0.989990	0.997670	0
2NNO_A	6OTI_A	0.989530	0.989530	0.997210	0
2NNO_A	6QNL_A	0.917830	0.917830	0.938710	0
2NNO_A	6R6Y_A	0.921320	0.928180	0.921320	0
2NNO_A	6RG4_A	0.992470	0.992470	0.996300	0
2NNO_A	6RQQ_A	0.897640	0.897640	0.907720	0
2NNO_A	6UGN_A	0.990430	0.990430	0.998120	0
2NNO_A	6Y74_A	0.902250	0.902250	0.905590	0
2NNO_A	6YJ3_A	0.988500	0.988500	0.992300	0
2NNO_A	7MU3_A	0.994380	0.994380	0.994380	0
2NNO_A	7NG1_A	0.838340	0.893430	0.838340	0
2NXT_A	2VVB_X	0.995260	0.995260	0.995260	0
2NXT_A	2W2J_A	0.904190	0.938140	0.904190	0
2NXT_A	2WD3_A	0.994160	0.994160	0.998020	0
2NXT_A	2ZNC_A	0.863160	0.863160	0.943960	0
2NXT_A	3BET_A	0.997240	0.997240	0.997240	0
2NXT_A	3CZV_A	0.978680	0.978680	0.978680	0
2NXT_A	3F7B_A	0.879350	0.879350	0.935050	0
2NXT_A	3GZ0_A	0.993760	0.993760	0.997620	0
2NXT_A	3IBL_A	0.997010	0.997010	0.997010	0
2NXT_A	3IBN_A	0.996710	0.996710	0.996710	0
2NXT_A	3IBU_A	0.996740	0.996740	0.996740	0
2NXT_A	3JXF_A	0.873810	0.905770	0.873810	0
2NXT_A	3KKX_A	0.998790	0.998790	0.998790	0
2NXT_A	3KON_A	0.998860	0.998860	0.998860	0
2NXT_A	3M1Q_A	0.995080	0.995080	0.998950	0
2NXT_A	3M67_A	0.994290	0.994290	0.998150	0
2NXT_A	3M96_A	0.994620	0.994620	0.998490	0
2NXT_A	3MHM_A	0.995130	0.995130	0.999000	0
2NXT_A	3ML5_A	0.968750	0.983590	0.968750	0
2NXT_A	3MNU_A	0.993350	0.993350	0.997200	0
2NXT_A	3PO6_A	0.997720	0.997720	0.997720	0
2NXT_A	3RYJ_B	0.995120	0.995120	0.998990	0
2NXT_A	3RYX_B	0.998360	0.998360	0.998360	0
2NXT_A	3RZ5_A	0.996780	0.996780	0.996780	0
2NXT_A	3RZ7_A	0.994380	0.994380	0.998240	0
2NXT_A	3S73_B	0.994580	0.994580	0.998450	0
2NXT_A	3S76_A	0.994970	0.994970	0.998840	0
2NXT_A	3SAX_A	0.997850	0.997850	0.997850	0
2NXT_A	3V2J_A	0.995170	0.995170	0.999040	0
2NXT_A	3ZNC_A	0.869440	0.869440	0.947190	0
2NXT_A	4FL7_A	0.993710	0.993710	0.997570	0
2NXT_A	4ITP_A	0.995420	0.995420	0.999290	0
2NXT_A	4KAP_A	0.998280	0.998280	0.998280	0
2NXT_A	4KP8_A	0.923070	0.933440	0.923070	0
2NXT_A	4MDG_A	0.997780	0.997780	0.997780	0
2NXT_A	4MDM_A	0.997820	0.997820	0.997820	0
2NXT_A	4PYX_A	0.994540	0.994540	0.998410	0
2NXT_A	4QK1_A	0.983410	0.983410	0.987190	0
2NXT_A	4R59_A	0.998430	0.998430	0.998430	0
2NXT_A	4R5A_A	0.990210	0.994040	0.990210	0
2NXT_A	4TWM_A	0.824480	0.824480	0.886360	0
2NXT_A	4YGN_A	0.995140	0.995140	0.999010	0
2NXT_A	4YWP_A	0.992460	0.992460	0.996310	0
2NXT_A	4Z1E_A	0.995050	0.998910	0.995050	0
2NXT_A	5DOG_A	0.995210	0.995210	0.999070	0
2NXT_A	5DSQ_A	0.995400	0.995400	0.999270	0
2NXT_A	5EKM_A	0.995510	0.995510	0.999380	0
2NXT_A	5FL5_A	0.890490	0.890490	0.914110	0
2NXT_A	5FLO_A	0.996210	0.996210	0.996210	0
2NXT_A	5FNM_A	0.996140	0.996140	0.996140	0
2NXT_A	5G0B_A	0.993470	0.993470	0.997320	0
2NXT_A	5GMN_A	0.982690	0.982690	0.986470	0
2NXT_A	5IPZ_A	0.873150	0.882870	0.873150	0
2NXT_A	5KU6_A	0.880410	0.880410	0.928730	0
2NXT_A	5L6K_A	0.990430	0.994250	0.990430	0
2NXT_A	5LL9_A	0.921940	0.932260	0.921940	0
2NXT_A	5LLE_A	0.994640	0.994640	0.998510	0
2NXT_A	5LLG_A	0.995090	0.995090	0.998960	0
2NXT_A	5LLN_A	0.971280	0.974970	0.971280	0
2NXT_A	5LLP_A	0.926980	0.933910	0.926980	0
2NXT_A	5M78_A	0.994310	0.998150	0.994310	0
2NXT_A	5MSA_A	0.922620	0.932960	0.922620	0
2NXT_A	5NXG_A	0.993110	0.993110	0.996960	0
2NXT_A	5NXV_A	0.998400	0.998400	0.998400	0
2NXT_A	5SZ2_A	0.994900	0.994900	0.998760	0
2NXT_A	5SZ5_A	0.994340	0.994340	0.998200	0
2NXT_A	5TFX_A	0.996260	0.996260	0.996260	0
2NXT_A	5TH4_A	0.995480	0.995480	0.999350	0
2NXT_A	5THJ_A	0.994270	0.994270	0.998130	0
2NXT_A	5TT8_A	0.704610	0.704610	0.891440	0
2NXT_A	5TV3_A	0.773320	0.773320	0.875330	0
2NXT_A	5TY1_A	0.995940	0.995940	0.995940	0
2NXT_A	5U0F_A	0.995340	0.995340	0.995340	0
2NXT_A	5WLR_A	0.994570	0.994570	0.998430	0
2NXT_A	5Y2R_A	0.995110	0.995110	0.998980	0
2NXT_A	5Y2S_A	0.994850	0.994850	0.998720	0
2NXT_A	5YUJ_A	0.995630	0.995630	0.999510	0
2NXT_A	6B00_A	0.972300	0.991050	0.972300	0
2NXT_A	6D1L_A	0.991440	0.995270	0.991440	0
2NXT_A	6GOT_A	0.995720	0.995720	0.999600	0
2NXT_A	6H36_A	0.977780	0.981520	0.977780	0
2NXT_A	6HR3_A	0.993310	0.993310	0.997170	0
2NXT_A	6KM1_A	0.995040	0.995040	0.998910	0
2NXT_A	6OTI_A	0.993920	0.993920	0.997780	0
2NXT_A	6QNL_A	0.924000	0.924000	0.941560	0
2NXT_A	6R6Y_A	0.923610	0.933970	0.923610	0
2NXT_A	6RG4_A	0.999520	0.999520	0.999520	0
2NXT_A	6RQQ_A	0.901140	0.901140	0.907890	0
2NXT_A	6UGN_A	0.995040	0.995040	0.998910	0
2NXT_A	6Y74_A	0.899900	0.899900	0.899900	0
2NXT_A	6YJ3_A	0.991910	0.991910	0.991910	0
2NXT_A	7MU3_A	0.991350	0.995190	0.991350	0
2NXT_A	7NG1_A	0.839950	0.898520	0.839950	0
2O9B_A	2O9C_A	0.986940	0.999470	0.986940	0
2O9B_A	2OOL_A	0.855520	0.855520	0.884970	0
2O9B_A	3C2W_A	0.588060	0.876470	0.588060	0
2O9B_A	3G6O_A	0.614590	0.878130	0.614590	0
2O9B_A	3IBR_A	0.609780	0.851040	0.609780	0
2O9B_A	3NHQ_A	0.587730	0.878240	0.587730	0
2O9B_A	3NOP_C	0.589850	0.890080	0.589850	0
2O9B_A	3NOT_C	0.589850	0.890090	0.589850	0
2O9B_A	3NOU_C	0.589740	0.889860	0.589740	0
2O9B_A	3S7N_A	0.985370	0.985370	0.991640	0
2O9B_A	3S7O_A	0.987690	0.987690	0.987690	0
2O9B_A	3S7P_A	0.988780	0.988780	0.988780	0
2O9B_A	3S7Q_A	0.963060	0.963060	0.978360	0
2O9B_A	3ZQ5_A	0.536840	0.857950	0.536840	0
2O9B_A	4CQH_A	0.951690	0.951690	0.979190	0
2O9B_A	4E04_A	0.880320	0.880320	0.899500	0
2O9B_A	4IJG_A	0.966140	0.966140	0.978380	0
2O9B_A	4O01_A	0.631280	0.961780	0.631280	0
2O9B_A	4O01_B	0.628770	0.963530	0.628770	0
2O9B_A	4O01_C	0.631260	0.961740	0.631260	0
2O9B_A	4O01_D	0.632550	0.961730	0.632550	0
2O9B_A	4O0P_A	0.631740	0.968170	0.631740	0
2O9B_A	4O0P_B	0.631920	0.966750	0.631920	0
2O9B_A	4O8G_A	0.971290	0.971290	0.983640	0
2O9B_A	4Q0H_A	0.980550	0.999220	0.980550	0
2O9B_A	4Q0I_A	0.988950	0.988950	0.988950	0
2O9B_A	4Q0J_A	0.623420	0.974320	0.623420	0
2O9B_A	4R6L_A	0.578770	0.856670	0.578770	0
2O9B_A	4RQ9_A	0.858130	0.858130	0.887970	0
2O9B_A	4XTQ_A	0.859540	0.859540	0.892190	0
2O9B_A	4Y3I_A	0.986710	0.999240	0.986710	0
2O9B_A	4Y5F_A	0.986690	0.999210	0.986690	0
2O9B_A	4Z1W_A	0.968230	0.968230	0.974320	0
2O9B_A	4ZRR_A	0.963220	0.963220	0.978520	0
2O9B_A	5C5K_A	0.621920	0.959270	0.621920	0
2O9B_A	5HSQ_A	0.569450	0.868870	0.569450	0
2O9B_A	5I5L_A	0.576090	0.865650	0.576090	0
2O9B_A	5K5B_A	0.956660	0.956660	0.987700	0
2O9B_A	5L8M_A	0.958460	0.958460	0.989600	0
2O9B_A	5LBR_A	0.952840	0.952840	0.986930	0
2O9B_A	5MG0_A	0.967570	0.988990	0.967570	0
2O9B_A	5NFX_A	0.957130	0.957130	0.988200	0
2O9B_A	5NM3_A	0.620840	0.963060	0.620840	0
2O9B_A	5NWN_A	0.637360	0.961190	0.637360	0
2O9B_A	5VIK_A	0.849500	0.849500	0.900950	0
2O9B_A	5VIQ_A	0.849850	0.849850	0.901330	0
2O9B_A	5VIV_A	0.856840	0.856840	0.897850	0
2O9B_A	6BAF_A	0.854380	0.854380	0.886880	0
2O9B_A	6BAK_A	0.856020	0.856020	0.888610	0
2O9B_A	6BAO_A	0.551490	0.863750	0.551490	0
2O9B_A	6BAP_A	0.548120	0.860180	0.548120	0
2O9B_A	6BAY_A	0.548510	0.861370	0.548510	0
2O9B_A	6FHT_A	0.426610	0.978770	0.426610	0
2O9B_A	6PTQ_A	0.569360	0.855680	0.569360	0
2O9B_A	6PTX_A	0.571870	0.858240	0.571870	0
2O9B_A	6PU2_A	0.571230	0.856970	0.571230	0
2O9C_A	2OOL_A	0.851270	0.851270	0.891080	0
2O9C_A	3C2W_A	0.593850	0.874590	0.593850	0
2O9C_A	3G6O_A	0.621830	0.877620	0.621830	0
2O9C_A	3IBR_A	0.617070	0.850620	0.617070	0
2O9C_A	3NHQ_A	0.593430	0.876140	0.593430	0
2O9C_A	3NOP_C	0.596820	0.889450	0.596820	0
2O9C_A	3NOT_C	0.596820	0.889450	0.596820	0
2O9C_A	3NOU_C	0.596720	0.889240	0.596720	0
2O9C_A	3S7N_A	0.973210	0.973210	0.991790	0
2O9C_A	3S7O_A	0.975560	0.975560	0.987860	0
2O9C_A	3S7P_A	0.976670	0.976670	0.988990	0
2O9C_A	3S7Q_A	0.950350	0.950350	0.977510	0
2O9C_A	3ZQ5_A	0.542950	0.856950	0.542950	0
2O9C_A	4CQH_A	0.938950	0.938950	0.978110	0
2O9C_A	4E04_A	0.875590	0.875590	0.905500	0
2O9C_A	4IJG_A	0.953290	0.953290	0.977420	0
2O9C_A	4O01_A	0.631060	0.949470	0.631060	0
2O9C_A	4O01_B	0.631880	0.955920	0.631880	0
2O9C_A	4O01_C	0.631040	0.949430	0.631040	0
2O9C_A	4O01_D	0.632320	0.949420	0.632320	0
2O9C_A	4O0P_A	0.632300	0.957120	0.632300	0
2O9C_A	4O0P_B	0.631800	0.954530	0.631800	0
2O9C_A	4O8G_A	0.958940	0.958940	0.983320	0
2O9C_A	4Q0H_A	0.983930	0.990090	0.983930	0
2O9C_A	4Q0I_A	0.976890	0.976890	0.989240	0
2O9C_A	4Q0J_A	0.623290	0.962040	0.623290	0
2O9C_A	4R6L_A	0.580140	0.847800	0.580140	0
2O9C_A	4RQ9_A	0.856380	0.856380	0.896900	0
2O9C_A	4XTQ_A	0.854030	0.854030	0.897180	0
2O9C_A	4Y3I_A	0.999640	0.999640	0.999640	0
2O9C_A	4Y5F_A	0.999720	0.999720	0.999720	0
2O9C_A	4Z1W_A	0.959160	0.959160	0.977250	0
2O9C_A	4ZRR_A	0.950470	0.950470	0.977640	0
2O9C_A	5C5K_A	0.625740	0.952660	0.625740	0
2O9C_A	5HSQ_A	0.575520	0.866600	0.575520	0
2O9C_A	5I5L_A	0.582200	0.863320	0.582200	0
2O9C_A	5K5B_A	0.944760	0.944760	0.987670	0
2O9C_A	5L8M_A	0.946320	0.946320	0.989360	0
2O9C_A	5LBR_A	0.940200	0.940200	0.986030	0
2O9C_A	5MG0_A	0.979960	0.989140	0.979960	0
2O9C_A	5NFX_A	0.945170	0.945170	0.988120	0
2O9C_A	5NM3_A	0.620650	0.950760	0.620650	0
2O9C_A	5NWN_A	0.637620	0.949730	0.637620	0
2O9C_A	5VIK_A	0.844740	0.844740	0.906550	0
2O9C_A	5VIQ_A	0.845110	0.845110	0.906960	0
2O9C_A	5VIV_A	0.847390	0.847390	0.898100	0
2O9C_A	6BAF_A	0.852520	0.852520	0.895650	0
2O9C_A	6BAK_A	0.854940	0.854940	0.898280	0
2O9C_A	6BAO_A	0.556410	0.859960	0.556410	0
2O9C_A	6BAP_A	0.552850	0.856290	0.552850	0
2O9C_A	6BAY_A	0.553310	0.857490	0.553310	0
2O9C_A	6FHT_A	0.430250	0.973040	0.430250	0
2O9C_A	6PTQ_A	0.574040	0.851900	0.574040	0
2O9C_A	6PTX_A	0.576590	0.854480	0.576590	0
2O9C_A	6PU2_A	0.575920	0.853170	0.575920	0
2OBV_A	3S82_A	0.883100	0.883100	0.908150	0
2OBV_A	3TDE_A	0.876860	0.876860	0.911180	0
2OBV_A	4HPV_A	0.717740	0.729500	0.717740	0
2OBV_A	4KTT_C	0.917540	0.917540	0.977800	0
2OBV_A	4KTT_D	0.980990	0.980990	0.991240	0
2OBV_A	4NDN_A	0.921390	0.921390	0.976500	0
2OBV_A	4NDN_D	0.985770	0.985770	0.990900	0
2OBV_A	5H9U_A	0.925170	0.948760	0.925170	0
2OBV_A	5T8S_A	0.950770	0.960510	0.950770	0
2OBV_A	5UGH_A	0.945920	0.945920	0.984030	0
2OBV_A	7LOO_A	0.958510	0.958510	0.971020	0
2OBV_A	7OCK_B	0.937690	0.937690	0.937690	0
2OOL_A	3C2W_A	0.581230	0.890100	0.581230	0
2OOL_A	3G6O_A	0.606790	0.890980	0.606790	0
2OOL_A	3IBR_A	0.601930	0.863550	0.601930	0
2OOL_A	3NHQ_A	0.580170	0.890300	0.580170	0
2OOL_A	3NOP_C	0.569040	0.877900	0.569040	0
2OOL_A	3NOT_C	0.569040	0.877910	0.569040	0
2OOL_A	3NOU_C	0.568920	0.877650	0.568920	0
2OOL_A	3S7N_A	0.861860	0.886090	0.861860	0
2OOL_A	3S7O_A	0.865380	0.895310	0.865380	0
2OOL_A	3S7P_A	0.865140	0.895040	0.865140	0
2OOL_A	3S7Q_A	0.870450	0.886890	0.870450	0
2OOL_A	3ZQ5_A	0.558310	0.929060	0.558310	0
2OOL_A	4CQH_A	0.868930	0.874350	0.868930	0
2OOL_A	4E04_A	0.902410	0.913630	0.902410	0
2OOL_A	4IJG_A	0.867840	0.886920	0.867840	0
2OOL_A	4O01_A	0.566170	0.882620	0.566170	0
2OOL_A	4O01_B	0.567840	0.890020	0.567840	0
2OOL_A	4O01_C	0.566130	0.882520	0.566130	0
2OOL_A	4O01_D	0.567270	0.882540	0.567270	0
2OOL_A	4O0P_A	0.562590	0.881280	0.562590	0
2OOL_A	4O0P_B	0.562350	0.879420	0.562350	0
2OOL_A	4O8G_A	0.866250	0.885350	0.866250	0
2OOL_A	4Q0H_A	0.841040	0.885670	0.841040	0
2OOL_A	4Q0I_A	0.861660	0.891440	0.861660	0
2OOL_A	4Q0J_A	0.556600	0.888950	0.556600	0
2OOL_A	4R6L_A	0.608620	0.939860	0.608620	0
2OOL_A	4RQ9_A	0.917610	0.917610	0.917610	0
2OOL_A	4XTQ_A	0.896080	0.896080	0.898920	0
2OOL_A	4Y3I_A	0.851330	0.891120	0.851330	0
2OOL_A	4Y5F_A	0.850840	0.890610	0.850840	0
2OOL_A	4Z1W_A	0.866130	0.890480	0.866130	0
2OOL_A	4ZRR_A	0.868680	0.885060	0.868680	0
2OOL_A	5C5K_A	0.570920	0.900730	0.570920	0
2OOL_A	5HSQ_A	0.572650	0.900490	0.572650	0
2OOL_A	5I5L_A	0.583780	0.905370	0.583780	0
2OOL_A	5K5B_A	0.874950	0.877710	0.874950	0
2OOL_A	5L8M_A	0.875860	0.878630	0.875860	0
2OOL_A	5LBR_A	0.877830	0.877830	0.877830	0
2OOL_A	5MG0_A	0.848330	0.896010	0.848330	0
2OOL_A	5NFX_A	0.875640	0.878400	0.875640	0
2OOL_A	5NM3_A	0.559750	0.888120	0.559750	0
2OOL_A	5NWN_A	0.574160	0.885520	0.574160	0
2OOL_A	5VIK_A	0.882510	0.882510	0.905000	0
2OOL_A	5VIQ_A	0.883190	0.883190	0.905710	0
2OOL_A	5VIV_A	0.896080	0.896080	0.907550	0
2OOL_A	6BAF_A	0.911490	0.911490	0.914360	0
2OOL_A	6BAK_A	0.912840	0.912840	0.915720	0
2OOL_A	6BAO_A	0.579060	0.944250	0.579060	0
2OOL_A	6BAP_A	0.574260	0.938510	0.574260	0
2OOL_A	6BAY_A	0.574660	0.939220	0.574660	0
2OOL_A	6FHT_A	0.386230	0.895990	0.386230	0
2OOL_A	6PTQ_A	0.586460	0.911290	0.586460	0
2OOL_A	6PTX_A	0.587220	0.910530	0.587220	0
2OOL_A	6PU2_A	0.587200	0.910480	0.587200	0
2V3K_A	2YY8_A	0.511250	0.511250	0.606140	0
2V3K_A	3OIN_A	0.953110	0.966360	0.953110	0
2V3K_A	5FAI_A	0.874320	0.874320	0.890460	0
2V3K_A	5GM8_A	0.519080	0.519080	0.625250	0
2V3K_A	5GMB_A	0.515450	0.515450	0.616560	0
2V3K_A	5OQL_e	0.928240	0.936620	0.928240	0
2V3K_A	6RXX_CN	0.903750	0.957190	0.903750	0
2V3K_A	6RXY_CN	0.901880	0.955060	0.901880	0
2V3K_A	6RXZ_CN	0.897870	0.950590	0.897870	0
2VVB_X	2W2J_A	0.905600	0.939650	0.905600	0
2VVB_X	2WD3_A	0.993670	0.993670	0.997530	0
2VVB_X	2ZNC_A	0.861960	0.861960	0.942570	0
2VVB_X	3BET_A	0.995540	0.995540	0.995540	0
2VVB_X	3CZV_A	0.978240	0.978240	0.978240	0
2VVB_X	3F7B_A	0.876720	0.876720	0.932120	0
2VVB_X	3GZ0_A	0.993580	0.993580	0.997440	0
2VVB_X	3IBL_A	0.996240	0.996240	0.996240	0
2VVB_X	3IBN_A	0.995360	0.995360	0.995360	0
2VVB_X	3IBU_A	0.995700	0.995700	0.995700	0
2VVB_X	3JXF_A	0.874500	0.906480	0.874500	0
2VVB_X	3KKX_A	0.994800	0.994800	0.994800	0
2VVB_X	3KON_A	0.995590	0.995590	0.995590	0
2VVB_X	3M1Q_A	0.994570	0.994570	0.998440	0
2VVB_X	3M67_A	0.991900	0.991900	0.995750	0
2VVB_X	3M96_A	0.991990	0.991990	0.995840	0
2VVB_X	3MHM_A	0.992490	0.992490	0.996340	0
2VVB_X	3ML5_A	0.969440	0.984280	0.969440	0
2VVB_X	3MNU_A	0.993800	0.993800	0.997660	0
2VVB_X	3PO6_A	0.996110	0.996110	0.996110	0
2VVB_X	3RYJ_B	0.993380	0.993380	0.997230	0
2VVB_X	3RYX_B	0.994640	0.994640	0.994640	0
2VVB_X	3RZ5_A	0.996990	0.996990	0.996990	0
2VVB_X	3RZ7_A	0.994620	0.994620	0.998490	0
2VVB_X	3S73_B	0.992590	0.992590	0.996440	0
2VVB_X	3S76_A	0.993170	0.993170	0.997030	0
2VVB_X	3SAX_A	0.993300	0.993300	0.993300	0
2VVB_X	3V2J_A	0.993000	0.993000	0.996850	0
2VVB_X	3ZNC_A	0.868340	0.868340	0.945870	0
2VVB_X	4FL7_A	0.994280	0.994280	0.998150	0
2VVB_X	4ITP_A	0.993430	0.993430	0.997280	0
2VVB_X	4KAP_A	0.995880	0.995880	0.995880	0
2VVB_X	4KP8_A	0.919940	0.930230	0.919940	0
2VVB_X	4MDG_A	0.996260	0.996260	0.996260	0
2VVB_X	4MDM_A	0.996210	0.996210	0.996210	0
2VVB_X	4PYX_A	0.992430	0.992430	0.996280	0
2VVB_X	4QK1_A	0.979800	0.979800	0.983560	0
2VVB_X	4R59_A	0.995040	0.995040	0.995040	0
2VVB_X	4R5A_A	0.987560	0.991370	0.987560	0
2VVB_X	4TWM_A	0.822670	0.822670	0.884220	0
2VVB_X	4YGN_A	0.993830	0.993830	0.997690	0
2VVB_X	4YWP_A	0.990490	0.990490	0.994320	0
2VVB_X	4Z1E_A	0.991380	0.995210	0.991380	0
2VVB_X	5DOG_A	0.993940	0.993940	0.997800	0
2VVB_X	5DSQ_A	0.992570	0.992570	0.996420	0
2VVB_X	5EKM_A	0.993160	0.993160	0.997020	0
2VVB_X	5FL5_A	0.887880	0.887880	0.911380	0
2VVB_X	5FLO_A	0.998400	0.998400	0.998400	0
2VVB_X	5FNM_A	0.998180	0.998180	0.998180	0
2VVB_X	5G0B_A	0.991940	0.991940	0.995780	0
2VVB_X	5GMN_A	0.981830	0.981830	0.985610	0
2VVB_X	5IPZ_A	0.872800	0.882510	0.872800	0
2VVB_X	5KU6_A	0.877700	0.877700	0.925780	0
2VVB_X	5L6K_A	0.991050	0.994870	0.991050	0
2VVB_X	5LL9_A	0.918540	0.928800	0.918540	0
2VVB_X	5LLE_A	0.991410	0.991410	0.995250	0
2VVB_X	5LLG_A	0.992870	0.992870	0.996720	0
2VVB_X	5LLN_A	0.973790	0.977500	0.973790	0
2VVB_X	5LLP_A	0.923450	0.930330	0.923450	0
2VVB_X	5M78_A	0.990340	0.994160	0.990340	0
2VVB_X	5MSA_A	0.918700	0.928960	0.918700	0
2VVB_X	5NXG_A	0.990950	0.990950	0.994780	0
2VVB_X	5NXV_A	0.994110	0.994110	0.994110	0
2VVB_X	5SZ2_A	0.992140	0.992140	0.995990	0
2VVB_X	5SZ5_A	0.992080	0.992080	0.995930	0
2VVB_X	5TFX_A	0.998960	0.998960	0.998960	0
2VVB_X	5TH4_A	0.993030	0.993030	0.996890	0
2VVB_X	5THJ_A	0.991780	0.991780	0.995630	0
2VVB_X	5TT8_A	0.704540	0.704540	0.891350	0
2VVB_X	5TV3_A	0.774360	0.774360	0.876730	0
2VVB_X	5TY1_A	0.998720	0.998720	0.998720	0
2VVB_X	5U0F_A	0.998520	0.998520	0.998520	0
2VVB_X	5WLR_A	0.992940	0.992940	0.996800	0
2VVB_X	5Y2R_A	0.994610	0.994610	0.998470	0
2VVB_X	5Y2S_A	0.994750	0.994750	0.998610	0
2VVB_X	5YUJ_A	0.993160	0.993160	0.997020	0
2VVB_X	6B00_A	0.969250	0.987900	0.969250	0
2VVB_X	6D1L_A	0.994650	0.998500	0.994650	0
2VVB_X	6GOT_A	0.993380	0.993380	0.997240	0
2VVB_X	6H36_A	0.975880	0.979610	0.975880	0
2VVB_X	6HR3_A	0.994680	0.994680	0.998540	0
2VVB_X	6KM1_A	0.994030	0.994030	0.997890	0
2VVB_X	6OTI_A	0.992590	0.992590	0.996440	0
2VVB_X	6QNL_A	0.919820	0.919820	0.937230	0
2VVB_X	6R6Y_A	0.920120	0.930410	0.920120	0
2VVB_X	6RG4_A	0.995500	0.995500	0.995500	0
2VVB_X	6RQQ_A	0.898590	0.898590	0.905300	0
2VVB_X	6UGN_A	0.992680	0.992680	0.996530	0
2VVB_X	6Y74_A	0.899030	0.899030	0.899030	0
2VVB_X	6YJ3_A	0.992470	0.992470	0.992470	0
2VVB_X	7MU3_A	0.991420	0.995250	0.991420	0
2VVB_X	7NG1_A	0.837090	0.895280	0.837090	0
2W2J_A	2WD3_A	0.903000	0.903000	0.940520	0
2W2J_A	2ZNC_A	0.827850	0.827850	0.938430	0
2W2J_A	3BET_A	0.903650	0.903650	0.937560	0
2W2J_A	3CZV_A	0.900720	0.900720	0.934400	0
2W2J_A	3F7B_A	0.841580	0.841580	0.927050	0
2W2J_A	3GZ0_A	0.903410	0.903410	0.940960	0
2W2J_A	3IBL_A	0.904500	0.904500	0.938480	0
2W2J_A	3IBN_A	0.904840	0.904840	0.938840	0
2W2J_A	3IBU_A	0.904920	0.904920	0.938930	0
2W2J_A	3JXF_A	0.887230	0.887230	0.887230	0
2W2J_A	3KKX_A	0.904920	0.904920	0.938920	0
2W2J_A	3KON_A	0.904390	0.904390	0.938360	0
2W2J_A	3M1Q_A	0.901900	0.901900	0.939340	0
2W2J_A	3M67_A	0.902930	0.902930	0.940440	0
2W2J_A	3M96_A	0.902270	0.902270	0.939730	0
2W2J_A	3MHM_A	0.902240	0.902240	0.939700	0
2W2J_A	3ML5_A	0.911090	0.911090	0.931260	0
2W2J_A	3MNU_A	0.902840	0.902840	0.940350	0
2W2J_A	3PO6_A	0.904740	0.904740	0.938740	0
2W2J_A	3RYJ_B	0.901930	0.901930	0.939360	0
2W2J_A	3RYX_B	0.904380	0.904380	0.938340	0
2W2J_A	3RZ5_A	0.904790	0.904790	0.938770	0
2W2J_A	3RZ7_A	0.901450	0.901450	0.938840	0
2W2J_A	3S73_B	0.902830	0.902830	0.940330	0
2W2J_A	3S76_A	0.900750	0.900750	0.938100	0
2W2J_A	3SAX_A	0.903820	0.903820	0.937750	0
2W2J_A	3V2J_A	0.902730	0.902730	0.940220	0
2W2J_A	3ZNC_A	0.832220	0.832220	0.939680	0
2W2J_A	4FL7_A	0.902490	0.902490	0.939970	0
2W2J_A	4ITP_A	0.901740	0.901740	0.939160	0
2W2J_A	4KAP_A	0.902950	0.902950	0.936820	0
2W2J_A	4KP8_A	0.893990	0.893990	0.917010	0
2W2J_A	4MDG_A	0.905500	0.905500	0.939540	0
2W2J_A	4MDM_A	0.905760	0.905760	0.939820	0
2W2J_A	4PYX_A	0.901240	0.901240	0.938620	0
2W2J_A	4QK1_A	0.896780	0.896780	0.933830	0
2W2J_A	4R59_A	0.905250	0.905250	0.939270	0
2W2J_A	4R5A_A	0.904460	0.904460	0.934940	0
2W2J_A	4TWM_A	0.790810	0.790810	0.882160	0
2W2J_A	4YGN_A	0.901830	0.901830	0.939260	0
2W2J_A	4YWP_A	0.904740	0.904740	0.942380	0
2W2J_A	4Z1E_A	0.908140	0.908140	0.938720	0
2W2J_A	5DOG_A	0.901900	0.901900	0.939340	0
2W2J_A	5DSQ_A	0.903630	0.903630	0.941190	0
2W2J_A	5EKM_A	0.901650	0.901650	0.939060	0
2W2J_A	5FL5_A	0.871870	0.871870	0.928440	0
2W2J_A	5FLO_A	0.905360	0.905360	0.939380	0
2W2J_A	5FNM_A	0.906340	0.906340	0.940440	0
2W2J_A	5G0B_A	0.904280	0.904280	0.941870	0
2W2J_A	5GMN_A	0.890480	0.890480	0.927020	0
2W2J_A	5IPZ_A	0.857610	0.857610	0.879410	0
2W2J_A	5KU6_A	0.837300	0.837300	0.914770	0
2W2J_A	5L6K_A	0.907890	0.907890	0.938460	0
2W2J_A	5LL9_A	0.894070	0.894070	0.917090	0
2W2J_A	5LLE_A	0.900920	0.900920	0.938270	0
2W2J_A	5LLG_A	0.902230	0.902230	0.939680	0
2W2J_A	5LLN_A	0.899890	0.899890	0.929960	0
2W2J_A	5LLP_A	0.893950	0.893950	0.920330	0
2W2J_A	5M78_A	0.905690	0.905690	0.936150	0
2W2J_A	5MSA_A	0.892850	0.892850	0.915790	0
2W2J_A	5NXG_A	0.903080	0.903080	0.940600	0
2W2J_A	5NXV_A	0.905190	0.905190	0.939200	0
2W2J_A	5SZ2_A	0.901150	0.901150	0.938520	0
2W2J_A	5SZ5_A	0.903680	0.903680	0.941240	0
2W2J_A	5TFX_A	0.906050	0.906050	0.940130	0
2W2J_A	5TH4_A	0.901720	0.901720	0.939140	0
2W2J_A	5THJ_A	0.901510	0.901510	0.938910	0
2W2J_A	5TT8_A	0.680200	0.680200	0.893360	0
2W2J_A	5TV3_A	0.743070	0.743070	0.872610	0
2W2J_A	5TY1_A	0.905790	0.905790	0.939850	0
2W2J_A	5U0F_A	0.905370	0.905370	0.939400	0
2W2J_A	5WLR_A	0.902650	0.902650	0.940130	0
2W2J_A	5Y2R_A	0.901550	0.901550	0.938960	0
2W2J_A	5Y2S_A	0.901740	0.901740	0.939170	0
2W2J_A	5YUJ_A	0.903030	0.903030	0.940550	0
2W2J_A	6B00_A	0.900430	0.900430	0.917010	0
2W2J_A	6D1L_A	0.908190	0.908190	0.938770	0
2W2J_A	6GOT_A	0.902230	0.902230	0.939690	0
2W2J_A	6H36_A	0.901710	0.901710	0.931900	0
2W2J_A	6HR3_A	0.901900	0.901900	0.939340	0
2W2J_A	6KM1_A	0.900850	0.900850	0.938220	0
2W2J_A	6OTI_A	0.903120	0.903120	0.940630	0
2W2J_A	6QNL_A	0.884170	0.884170	0.934450	0
2W2J_A	6R6Y_A	0.894510	0.894510	0.917550	0
2W2J_A	6RG4_A	0.904080	0.904080	0.938020	0
2W2J_A	6RQQ_A	0.873590	0.873590	0.912810	0
2W2J_A	6UGN_A	0.901960	0.901960	0.939390	0
2W2J_A	6Y74_A	0.880880	0.880880	0.913500	0
2W2J_A	6YJ3_A	0.899670	0.899670	0.933300	0
2W2J_A	7MU3_A	0.907630	0.907630	0.938230	0
2W2J_A	7NG1_A	0.835070	0.861350	0.835070	0
2WD3_A	2ZNC_A	0.865920	0.865920	0.943440	0
2WD3_A	3BET_A	0.994100	0.997960	0.994100	0
2WD3_A	3CZV_A	0.975400	0.979130	0.975400	0
2WD3_A	3F7B_A	0.880400	0.880400	0.932760	0
2WD3_A	3GZ0_A	0.998490	0.998490	0.998490	0
2WD3_A	3IBL_A	0.994900	0.998770	0.994900	0
2WD3_A	3IBN_A	0.994510	0.998370	0.994510	0
2WD3_A	3IBU_A	0.994490	0.998350	0.994490	0
2WD3_A	3JXF_A	0.872640	0.907930	0.872640	0
2WD3_A	3KKX_A	0.993630	0.997490	0.993630	0
2WD3_A	3KON_A	0.994640	0.998510	0.994640	0
2WD3_A	3M1Q_A	0.998820	0.998820	0.998820	0
2WD3_A	3M67_A	0.998070	0.998070	0.998070	0
2WD3_A	3M96_A	0.998330	0.998330	0.998330	0
2WD3_A	3MHM_A	0.998390	0.998390	0.998390	0
2WD3_A	3ML5_A	0.967410	0.986020	0.967410	0
2WD3_A	3MNU_A	0.998470	0.998470	0.998470	0
2WD3_A	3PO6_A	0.995340	0.999210	0.995340	0
2WD3_A	3RYJ_B	0.998400	0.998400	0.998400	0
2WD3_A	3RYX_B	0.994290	0.998150	0.994290	0
2WD3_A	3RZ5_A	0.994650	0.998510	0.994650	0
2WD3_A	3RZ7_A	0.998450	0.998450	0.998450	0
2WD3_A	3S73_B	0.997480	0.997480	0.997480	0
2WD3_A	3S76_A	0.998240	0.998240	0.998240	0
2WD3_A	3SAX_A	0.993940	0.997800	0.993940	0
2WD3_A	3V2J_A	0.997740	0.997740	0.997740	0
2WD3_A	3ZNC_A	0.872020	0.872020	0.946430	0
2WD3_A	4FL7_A	0.998470	0.998470	0.998470	0
2WD3_A	4ITP_A	0.998450	0.998450	0.998450	0
2WD3_A	4KAP_A	0.994080	0.997940	0.994080	0
2WD3_A	4KP8_A	0.920950	0.934750	0.920950	0
2WD3_A	4MDG_A	0.995300	0.999170	0.995300	0
2WD3_A	4MDM_A	0.995320	0.999190	0.995320	0
2WD3_A	4PYX_A	0.998520	0.998520	0.998520	0
2WD3_A	4QK1_A	0.987010	0.987010	0.987010	0
2WD3_A	4R59_A	0.994680	0.998540	0.994680	0
2WD3_A	4R5A_A	0.986960	0.994630	0.986960	0
2WD3_A	4TWM_A	0.827660	0.827660	0.886620	0
2WD3_A	4YGN_A	0.997690	0.997690	0.997690	0
2WD3_A	4YWP_A	0.995740	0.995740	0.995740	0
2WD3_A	4Z1E_A	0.991030	0.998730	0.991030	0
2WD3_A	5DOG_A	0.998490	0.998490	0.998490	0
2WD3_A	5DSQ_A	0.998190	0.998190	0.998190	0
2WD3_A	5EKM_A	0.998340	0.998340	0.998340	0
2WD3_A	5FL5_A	0.895140	0.895140	0.915530	0
2WD3_A	5FLO_A	0.994700	0.998560	0.994700	0
2WD3_A	5FNM_A	0.995210	0.999080	0.995210	0
2WD3_A	5G0B_A	0.998170	0.998170	0.998170	0
2WD3_A	5GMN_A	0.987740	0.987740	0.987740	0
2WD3_A	5IPZ_A	0.871890	0.884900	0.871890	0
2WD3_A	5KU6_A	0.880280	0.880280	0.925160	0
2WD3_A	5L6K_A	0.987690	0.995340	0.987690	0
2WD3_A	5LL9_A	0.920050	0.933820	0.920050	0
2WD3_A	5LLE_A	0.997050	0.997050	0.997050	0
2WD3_A	5LLG_A	0.998380	0.998380	0.998380	0
2WD3_A	5LLN_A	0.965670	0.973010	0.965670	0
2WD3_A	5LLP_A	0.924840	0.935240	0.924840	0
2WD3_A	5M78_A	0.989840	0.997520	0.989840	0
2WD3_A	5MSA_A	0.920390	0.934180	0.920390	0
2WD3_A	5NXG_A	0.997100	0.997100	0.997100	0
2WD3_A	5NXV_A	0.994690	0.998560	0.994690	0
2WD3_A	5SZ2_A	0.998050	0.998050	0.998050	0
2WD3_A	5SZ5_A	0.998330	0.998330	0.998330	0
2WD3_A	5TFX_A	0.995020	0.998880	0.995020	0
2WD3_A	5TH4_A	0.998360	0.998360	0.998360	0
2WD3_A	5THJ_A	0.997010	0.997010	0.997010	0
2WD3_A	5TT8_A	0.708280	0.708280	0.893090	0
2WD3_A	5TV3_A	0.777800	0.777800	0.877670	0
2WD3_A	5TY1_A	0.994790	0.998660	0.994790	0
2WD3_A	5U0F_A	0.994920	0.998790	0.994920	0
2WD3_A	5WLR_A	0.998640	0.998640	0.998640	0
2WD3_A	5Y2R_A	0.998190	0.998190	0.998190	0
2WD3_A	5Y2S_A	0.997890	0.997890	0.997890	0
2WD3_A	5YUJ_A	0.997930	0.997930	0.997930	0
2WD3_A	6B00_A	0.971090	0.993630	0.971090	0
2WD3_A	6D1L_A	0.990870	0.998570	0.990870	0
2WD3_A	6GOT_A	0.998290	0.998290	0.998290	0
2WD3_A	6H36_A	0.977290	0.984800	0.977290	0
2WD3_A	6HR3_A	0.998300	0.998300	0.998300	0
2WD3_A	6KM1_A	0.997490	0.997490	0.997490	0
2WD3_A	6OTI_A	0.997710	0.997710	0.997710	0
2WD3_A	6QNL_A	0.925520	0.925520	0.939570	0
2WD3_A	6R6Y_A	0.921920	0.935750	0.921920	0
2WD3_A	6RG4_A	0.994860	0.998730	0.994860	0
2WD3_A	6RQQ_A	0.905430	0.905430	0.908830	0
2WD3_A	6UGN_A	0.998380	0.998380	0.998380	0
2WD3_A	6Y74_A	0.899630	0.902980	0.899630	0
2WD3_A	6YJ3_A	0.989510	0.993340	0.989510	0
2WD3_A	7MU3_A	0.990970	0.998680	0.990970	0
2WD3_A	7NG1_A	0.839090	0.900850	0.839090	0
2WDT_A	2WE6_A	0.964510	0.983140	0.964510	0
2WDT_A	3IFW_A	0.846800	0.921860	0.846800	0
2WDT_A	3IRT_A	0.835470	0.908600	0.835470	0
2WDT_A	3KVF_A	0.845380	0.920120	0.845380	0
2WDT_A	3KW5_A	0.845950	0.920930	0.845950	0
2WDT_A	3RII_A	0.800980	0.818670	0.800980	0
2WDT_A	3RIS_A	0.752860	0.829660	0.752860	0
2WDT_A	4DM9_A	0.834600	0.907490	0.834600	0
2WDT_A	4I6N_A	0.801940	0.842310	0.801940	0
2WDT_A	4JKJ_A	0.830740	0.903140	0.830740	0
2WDT_A	4JKJ_B	0.829400	0.901470	0.829400	0
2WDT_A	4UEL_A	0.599870	0.865330	0.599870	0
2WDT_A	4UEM_A	0.595230	0.797260	0.595230	0
2WDT_A	4UF5_A	0.582220	0.805650	0.582220	0
2WDT_A	4UF6_A	0.612770	0.856200	0.612770	0
2WDT_A	4WLP_A	0.583100	0.815240	0.583100	0
2WDT_A	4WLQ_A	0.599520	0.832590	0.599520	0
2WDT_A	4WLR_A	0.608280	0.861990	0.608280	0
2WE6_A	3IFW_A	0.851320	0.909420	0.851320	0
2WE6_A	3IRT_A	0.839470	0.896160	0.839470	0
2WE6_A	3KVF_A	0.851070	0.909120	0.851070	0
2WE6_A	3KW5_A	0.850640	0.908670	0.850640	0
2WE6_A	3RII_A	0.808030	0.811520	0.808030	0
2WE6_A	3RIS_A	0.759090	0.821410	0.759090	0
2WE6_A	4DM9_A	0.840370	0.896990	0.840370	0
2WE6_A	4I6N_A	0.803340	0.828370	0.803340	0
2WE6_A	4JKJ_A	0.836420	0.892710	0.836420	0
2WE6_A	4JKJ_B	0.837820	0.894160	0.837820	0
2WE6_A	4UEL_A	0.606860	0.856930	0.606860	0
2WE6_A	4UEM_A	0.606660	0.798110	0.606660	0
2WE6_A	4UF5_A	0.589320	0.800590	0.589320	0
2WE6_A	4UF6_A	0.620320	0.849300	0.620320	0
2WE6_A	4WLP_A	0.589440	0.809070	0.589440	0
2WE6_A	4WLQ_A	0.609560	0.831410	0.609560	0
2WE6_A	4WLR_A	0.615240	0.853660	0.615240	0
2YY8_A	3N4J_A	0.631650	0.631650	0.673730	0
2YY8_A	3ONP_A	0.651190	0.651190	0.721750	0
2YY8_A	4CNE_B	0.648350	0.648350	0.681460	0
2YY8_A	4CNF_B	0.648710	0.648710	0.733720	0
2YY8_A	4E8B_A	0.492640	0.651340	0.492640	0
2YY8_A	5CO4_A	0.640140	0.640140	0.719790	0
2YY8_A	5GM8_A	0.668940	0.668940	0.682430	0
2YY8_A	5GMB_A	0.663550	0.663550	0.673450	0
2YY8_A	5KZK_A	0.460730	0.650110	0.460730	0
2YY8_A	5TWJ_A	0.534260	0.534260	0.580620	0
2ZNC_A	3BET_A	0.861170	0.941660	0.861170	0
2ZNC_A	3CZV_A	0.856030	0.935540	0.856030	0
2ZNC_A	3F7B_A	0.952000	0.980060	0.952000	0
2ZNC_A	3GZ0_A	0.865990	0.943570	0.865990	0
2ZNC_A	3IBL_A	0.861710	0.942290	0.861710	0
2ZNC_A	3IBN_A	0.861600	0.942180	0.861600	0
2ZNC_A	3IBU_A	0.861430	0.941980	0.861430	0
2ZNC_A	3JXF_A	0.827550	0.938680	0.827550	0
2ZNC_A	3KKX_A	0.864570	0.945620	0.864570	0
2ZNC_A	3KON_A	0.863720	0.944610	0.863720	0
2ZNC_A	3M1Q_A	0.865810	0.943300	0.865810	0
2ZNC_A	3M67_A	0.865570	0.943020	0.865570	0
2ZNC_A	3M96_A	0.866590	0.944210	0.866590	0
2ZNC_A	3MHM_A	0.866790	0.944450	0.866790	0
2ZNC_A	3ML5_A	0.846830	0.939560	0.846830	0
2ZNC_A	3MNU_A	0.864270	0.941550	0.864270	0
2ZNC_A	3PO6_A	0.862090	0.942730	0.862090	0
2ZNC_A	3RYJ_B	0.866800	0.944450	0.866800	0
2ZNC_A	3RYX_B	0.863720	0.944620	0.863720	0
2ZNC_A	3RZ5_A	0.863300	0.944110	0.863300	0
2ZNC_A	3RZ7_A	0.864920	0.942280	0.864920	0
2ZNC_A	3S73_B	0.867580	0.945370	0.867580	0
2ZNC_A	3S76_A	0.866700	0.944310	0.866700	0
2ZNC_A	3SAX_A	0.863640	0.944550	0.863640	0
2ZNC_A	3V2J_A	0.868240	0.946140	0.868240	0
2ZNC_A	3ZNC_A	0.992310	0.996510	0.992310	0
2ZNC_A	4FL7_A	0.864790	0.942150	0.864790	0
2ZNC_A	4ITP_A	0.865730	0.943210	0.865730	0
2ZNC_A	4KAP_A	0.863950	0.944860	0.863950	0
2ZNC_A	4KP8_A	0.843950	0.933210	0.843950	0
2ZNC_A	4MDG_A	0.862330	0.943030	0.862330	0
2ZNC_A	4MDM_A	0.862200	0.942870	0.862200	0
2ZNC_A	4PYX_A	0.866200	0.943750	0.866200	0
2ZNC_A	4QK1_A	0.862360	0.939260	0.862360	0
2ZNC_A	4R59_A	0.862430	0.943120	0.862430	0
2ZNC_A	4R5A_A	0.856820	0.940580	0.856820	0
2ZNC_A	4TWM_A	0.844540	0.857970	0.844540	0
2ZNC_A	4YGN_A	0.867150	0.944840	0.867150	0
2ZNC_A	4YWP_A	0.865490	0.942910	0.865490	0
2ZNC_A	4Z1E_A	0.860810	0.944970	0.860810	0
2ZNC_A	5DOG_A	0.866820	0.944450	0.866820	0
2ZNC_A	5DSQ_A	0.866620	0.944220	0.866620	0
2ZNC_A	5EKM_A	0.866310	0.943860	0.866310	0
2ZNC_A	5FL5_A	0.862260	0.918300	0.862260	0
2ZNC_A	5FLO_A	0.862160	0.942800	0.862160	0
2ZNC_A	5FNM_A	0.862450	0.943160	0.862450	0
2ZNC_A	5G0B_A	0.866310	0.943910	0.866310	0
2ZNC_A	5GMN_A	0.860260	0.936880	0.860260	0
2ZNC_A	5IPZ_A	0.883590	0.980350	0.883590	0
2ZNC_A	5KU6_A	0.943240	0.978950	0.943240	0
2ZNC_A	5L6K_A	0.857400	0.940930	0.857400	0
2ZNC_A	5LL9_A	0.844790	0.934180	0.844790	0
2ZNC_A	5LLE_A	0.866070	0.943580	0.866070	0
2ZNC_A	5LLG_A	0.866540	0.944120	0.866540	0
2ZNC_A	5LLN_A	0.847150	0.928840	0.847150	0
2ZNC_A	5LLP_A	0.849110	0.935600	0.849110	0
2ZNC_A	5M78_A	0.859410	0.943310	0.859410	0
2ZNC_A	5MSA_A	0.845750	0.935340	0.845750	0
2ZNC_A	5NXG_A	0.865640	0.943130	0.865640	0
2ZNC_A	5NXV_A	0.863460	0.944340	0.863460	0
2ZNC_A	5SZ2_A	0.866530	0.944120	0.866530	0
2ZNC_A	5SZ5_A	0.866630	0.944270	0.866630	0
2ZNC_A	5TFX_A	0.862000	0.942620	0.862000	0
2ZNC_A	5TH4_A	0.866140	0.943670	0.866140	0
2ZNC_A	5THJ_A	0.866630	0.944240	0.866630	0
2ZNC_A	5TT8_A	0.754040	0.754040	0.873090	0
2ZNC_A	5TV3_A	0.813900	0.813900	0.843990	0
2ZNC_A	5TY1_A	0.862270	0.942930	0.862270	0
2ZNC_A	5U0F_A	0.862270	0.942950	0.862270	0
2ZNC_A	5WLR_A	0.867010	0.944730	0.867010	0
2ZNC_A	5Y2R_A	0.864770	0.942020	0.864770	0
2ZNC_A	5Y2S_A	0.864590	0.941790	0.864590	0
2ZNC_A	5YUJ_A	0.866780	0.944400	0.866780	0
2ZNC_A	6B00_A	0.844250	0.940070	0.844250	0
2ZNC_A	6D1L_A	0.859110	0.942970	0.859110	0
2ZNC_A	6GOT_A	0.866960	0.944620	0.866960	0
2ZNC_A	6H36_A	0.856140	0.939420	0.856140	0
2ZNC_A	6HR3_A	0.865530	0.943020	0.865530	0
2ZNC_A	6KM1_A	0.865970	0.943400	0.865970	0
2ZNC_A	6OTI_A	0.868400	0.946370	0.868400	0
2ZNC_A	6QNL_A	0.860040	0.922840	0.860040	0
2ZNC_A	6R6Y_A	0.845850	0.935480	0.845850	0
2ZNC_A	6RG4_A	0.863360	0.944180	0.863360	0
2ZNC_A	6RQQ_A	0.852220	0.924920	0.852220	0
2ZNC_A	6UGN_A	0.866680	0.944310	0.866680	0
2ZNC_A	6Y74_A	0.843290	0.922010	0.843290	0
2ZNC_A	6YJ3_A	0.858400	0.938370	0.858400	0
2ZNC_A	7MU3_A	0.858800	0.942650	0.858800	0
2ZNC_A	7NG1_A	0.770490	0.899650	0.770490	0
3AXZ_A	3KNU_A	0.756490	0.756490	0.939180	0
3AXZ_A	4YPX_A	0.985780	0.985780	0.994020	0
3AXZ_A	4YQD_A	0.970940	0.982990	0.970940	0
3AXZ_A	4YVG_A	0.976880	0.976880	0.985040	0
3AXZ_A	4YVH_A	0.980790	0.980790	0.984870	0
3AXZ_A	4YVJ_A	0.971640	0.971640	0.979720	0
3AXZ_A	5TWJ_A	0.474990	0.474990	0.679610	0
3AXZ_A	5WYR_A	0.951870	0.955740	0.951870	0
3AXZ_A	6AFK_A	0.954140	0.954140	0.969930	0
3AXZ_A	6JOF_A	0.786360	0.786360	0.911530	0
3AXZ_A	6QOE_A	0.777320	0.777320	0.870730	0
3AXZ_A	6QOW_A	0.781760	0.781760	0.876030	0
3AXZ_A	6QQQ_A	0.767600	0.767600	0.866980	0
3AXZ_A	6QQY_A	0.785860	0.785860	0.869670	0
3AXZ_A	6QR2_A	0.777140	0.777140	0.870970	0
3AXZ_A	6QRD_A	0.779260	0.779260	0.876880	0
3AXZ_A	6QRE_A	0.766140	0.766140	0.865100	0
3BET_A	3CZV_A	0.977170	0.977170	0.977170	0
3BET_A	3F7B_A	0.877800	0.877800	0.933340	0
3BET_A	3GZ0_A	0.993270	0.993270	0.997120	0
3BET_A	3IBL_A	0.998210	0.998210	0.998210	0
3BET_A	3IBN_A	0.998510	0.998510	0.998510	0
3BET_A	3IBU_A	0.998740	0.998740	0.998740	0
3BET_A	3JXF_A	0.873880	0.905840	0.873880	0
3BET_A	3KKX_A	0.996020	0.996020	0.996020	0
3BET_A	3KON_A	0.996750	0.996750	0.996750	0
3BET_A	3M1Q_A	0.994560	0.994560	0.998420	0
3BET_A	3M67_A	0.992500	0.992500	0.996350	0
3BET_A	3M96_A	0.993170	0.993170	0.997030	0
3BET_A	3MHM_A	0.992880	0.992880	0.996730	0
3BET_A	3ML5_A	0.966430	0.981200	0.966430	0
3BET_A	3MNU_A	0.994860	0.994860	0.998730	0
3BET_A	3PO6_A	0.998620	0.998620	0.998620	0
3BET_A	3RYJ_B	0.993500	0.993500	0.997360	0
3BET_A	3RYX_B	0.996510	0.996510	0.996510	0
3BET_A	3RZ5_A	0.995360	0.995360	0.995360	0
3BET_A	3RZ7_A	0.994230	0.994230	0.998100	0
3BET_A	3S73_B	0.992280	0.992280	0.996120	0
3BET_A	3S76_A	0.992560	0.992560	0.996410	0
3BET_A	3SAX_A	0.996540	0.996540	0.996540	0
3BET_A	3V2J_A	0.992750	0.992750	0.996600	0
3BET_A	3ZNC_A	0.867280	0.867280	0.944720	0
3BET_A	4FL7_A	0.995140	0.995140	0.999000	0
3BET_A	4ITP_A	0.993970	0.993970	0.997830	0
3BET_A	4KAP_A	0.996220	0.996220	0.996220	0
3BET_A	4KP8_A	0.919030	0.929310	0.919030	0
3BET_A	4MDG_A	0.998780	0.998780	0.998780	0
3BET_A	4MDM_A	0.998700	0.998700	0.998700	0
3BET_A	4PYX_A	0.992870	0.992870	0.996720	0
3BET_A	4QK1_A	0.982450	0.982450	0.986230	0
3BET_A	4R59_A	0.997110	0.997110	0.997110	0
3BET_A	4R5A_A	0.988270	0.992090	0.988270	0
3BET_A	4TWM_A	0.823060	0.823060	0.884740	0
3BET_A	4YGN_A	0.992570	0.992570	0.996420	0
3BET_A	4YWP_A	0.991130	0.991130	0.994970	0
3BET_A	4Z1E_A	0.993560	0.997400	0.993560	0
3BET_A	5DOG_A	0.993320	0.993320	0.997170	0
3BET_A	5DSQ_A	0.993120	0.993120	0.996970	0
3BET_A	5EKM_A	0.993810	0.993810	0.997670	0
3BET_A	5FL5_A	0.887020	0.887020	0.910480	0
3BET_A	5FLO_A	0.996550	0.996550	0.996550	0
3BET_A	5FNM_A	0.995510	0.995510	0.995510	0
3BET_A	5G0B_A	0.991630	0.991630	0.995480	0
3BET_A	5GMN_A	0.982510	0.982510	0.986290	0
3BET_A	5IPZ_A	0.871260	0.880950	0.871260	0
3BET_A	5KU6_A	0.878710	0.878710	0.926880	0
3BET_A	5L6K_A	0.991580	0.995410	0.991580	0
3BET_A	5LL9_A	0.917700	0.927940	0.917700	0
3BET_A	5LLE_A	0.992390	0.992390	0.996240	0
3BET_A	5LLG_A	0.993240	0.993240	0.997100	0
3BET_A	5LLN_A	0.969000	0.972680	0.969000	0
3BET_A	5LLP_A	0.923160	0.930040	0.923160	0
3BET_A	5M78_A	0.991610	0.995440	0.991610	0
3BET_A	5MSA_A	0.918560	0.928820	0.918560	0
3BET_A	5NXG_A	0.992390	0.992390	0.996240	0
3BET_A	5NXV_A	0.997230	0.997230	0.997230	0
3BET_A	5SZ2_A	0.992660	0.992660	0.996510	0
3BET_A	5SZ5_A	0.991820	0.991820	0.995670	0
3BET_A	5TFX_A	0.996520	0.996520	0.996520	0
3BET_A	5TH4_A	0.993230	0.993230	0.997080	0
3BET_A	5THJ_A	0.992400	0.992400	0.996250	0
3BET_A	5TT8_A	0.703340	0.703340	0.889600	0
3BET_A	5TV3_A	0.773270	0.773270	0.875190	0
3BET_A	5TY1_A	0.996700	0.996700	0.996700	0
3BET_A	5U0F_A	0.996610	0.996610	0.996610	0
3BET_A	5WLR_A	0.992650	0.992650	0.996500	0
3BET_A	5Y2R_A	0.994130	0.994130	0.998000	0
3BET_A	5Y2S_A	0.993870	0.993870	0.997730	0
3BET_A	5YUJ_A	0.993020	0.993020	0.996870	0
3BET_A	6B00_A	0.970680	0.989380	0.970680	0
3BET_A	6D1L_A	0.992530	0.996360	0.992530	0
3BET_A	6GOT_A	0.993570	0.993570	0.997430	0
3BET_A	6H36_A	0.975340	0.979060	0.975340	0
3BET_A	6HR3_A	0.994660	0.994660	0.998530	0
3BET_A	6KM1_A	0.993030	0.993030	0.996880	0
3BET_A	6OTI_A	0.992760	0.992760	0.996620	0
3BET_A	6QNL_A	0.919650	0.919650	0.937060	0
3BET_A	6R6Y_A	0.919850	0.930140	0.919850	0
3BET_A	6RG4_A	0.997840	0.997840	0.997840	0
3BET_A	6RQQ_A	0.898390	0.898390	0.905100	0
3BET_A	6UGN_A	0.994030	0.994030	0.997890	0
3BET_A	6Y74_A	0.896600	0.896600	0.896600	0
3BET_A	6YJ3_A	0.992580	0.992580	0.992580	0
3BET_A	7MU3_A	0.990980	0.994800	0.990980	0
3BET_A	7NG1_A	0.838200	0.896560	0.838200	0
3C2W_A	3G6O_A	0.897610	0.897610	0.937170	0
3C2W_A	3IBR_A	0.873050	0.873050	0.932920	0
3C2W_A	3NHQ_A	0.995440	0.997510	0.995440	0
3C2W_A	3NOP_C	0.957750	0.967560	0.957750	0
3C2W_A	3NOT_C	0.957750	0.967560	0.957750	0
3C2W_A	3NOU_C	0.957750	0.967550	0.957750	0
3C2W_A	3S7N_A	0.590000	0.590000	0.884180	0
3C2W_A	3S7O_A	0.588820	0.588820	0.876540	0
3C2W_A	3S7P_A	0.588910	0.588910	0.876750	0
3C2W_A	3S7Q_A	0.584350	0.584350	0.884040	0
3C2W_A	3ZQ5_A	0.764020	0.819840	0.764020	0
3C2W_A	4CQH_A	0.574420	0.574420	0.877930	0
3C2W_A	4E04_A	0.580320	0.580320	0.879180	0
3C2W_A	4IJG_A	0.585460	0.585460	0.882630	0
3C2W_A	4O01_A	0.845070	0.853270	0.845070	0
3C2W_A	4O01_B	0.844860	0.857930	0.844860	0
3C2W_A	4O01_C	0.845170	0.853380	0.845170	0
3C2W_A	4O01_D	0.844800	0.851350	0.844800	0
3C2W_A	4O0P_A	0.799550	0.810230	0.799550	0
3C2W_A	4O0P_B	0.799940	0.809060	0.799940	0
3C2W_A	4O8G_A	0.582620	0.582620	0.878960	0
3C2W_A	4Q0H_A	0.589070	0.589070	0.862120	0
3C2W_A	4Q0I_A	0.587630	0.587630	0.875530	0
3C2W_A	4Q0J_A	0.799700	0.825720	0.799700	0
3C2W_A	4R6L_A	0.787380	0.787380	0.794810	0
3C2W_A	4RQ9_A	0.567670	0.567670	0.869680	0
3C2W_A	4XTQ_A	0.574630	0.574630	0.890370	0
3C2W_A	4Y3I_A	0.593390	0.593390	0.873710	0
3C2W_A	4Y5F_A	0.593460	0.593460	0.873850	0
3C2W_A	4Z1W_A	0.590020	0.590020	0.884110	0
3C2W_A	4ZRR_A	0.583680	0.583680	0.882810	0
3C2W_A	5C5K_A	0.864120	0.884490	0.864120	0
3C2W_A	5HSQ_A	0.720420	0.733480	0.720420	0
3C2W_A	5I5L_A	0.816270	0.819370	0.816270	0
3C2W_A	5K5B_A	0.575590	0.575590	0.883830	0
3C2W_A	5L8M_A	0.577530	0.577530	0.888070	0
3C2W_A	5LBR_A	0.575800	0.575800	0.888350	0
3C2W_A	5MG0_A	0.601380	0.601380	0.877540	0
3C2W_A	5NFX_A	0.575590	0.575590	0.883870	0
3C2W_A	5NM3_A	0.843800	0.866540	0.843800	0
3C2W_A	5NWN_A	0.856210	0.856210	0.856210	0
3C2W_A	5VIK_A	0.573990	0.573990	0.906150	0
3C2W_A	5VIQ_A	0.574170	0.574170	0.906540	0
3C2W_A	5VIV_A	0.574230	0.574230	0.897820	0
3C2W_A	6BAF_A	0.565550	0.565550	0.869050	0
3C2W_A	6BAK_A	0.566120	0.566120	0.870200	0
3C2W_A	6BAO_A	0.774550	0.810830	0.774550	0
3C2W_A	6BAP_A	0.746220	0.782890	0.746220	0
3C2W_A	6BAY_A	0.743590	0.780080	0.743590	0
3C2W_A	6FHT_A	0.542420	0.797300	0.542420	0
3C2W_A	6PTQ_A	0.812660	0.818810	0.812660	0
3C2W_A	6PTX_A	0.815010	0.819640	0.815010	0
3C2W_A	6PU2_A	0.811580	0.816190	0.811580	0
3C75_L	3L4O_C	0.986690	0.986690	0.986690	0
3CZV_A	3F7B_A	0.867190	0.867190	0.921530	0
3CZV_A	3GZ0_A	0.975530	0.975530	0.979260	0
3CZV_A	3IBL_A	0.976400	0.976400	0.976400	0
3CZV_A	3IBN_A	0.975630	0.975630	0.975630	0
3CZV_A	3IBU_A	0.975590	0.975590	0.975590	0
3CZV_A	3JXF_A	0.870070	0.901780	0.870070	0
3CZV_A	3KKX_A	0.979830	0.979830	0.979830	0
3CZV_A	3KON_A	0.978360	0.978360	0.978360	0
3CZV_A	3M1Q_A	0.978620	0.978620	0.982370	0
3CZV_A	3M67_A	0.975760	0.975760	0.979490	0
3CZV_A	3M96_A	0.976880	0.976880	0.980620	0
3CZV_A	3MHM_A	0.977340	0.977340	0.981090	0
3CZV_A	3ML5_A	0.967220	0.981980	0.967220	0
3CZV_A	3MNU_A	0.976480	0.976480	0.980220	0
3CZV_A	3PO6_A	0.976630	0.976630	0.976630	0
3CZV_A	3RYJ_B	0.977990	0.977990	0.981740	0
3CZV_A	3RYX_B	0.978210	0.978210	0.978210	0
3CZV_A	3RZ5_A	0.977630	0.977630	0.977630	0
3CZV_A	3RZ7_A	0.977710	0.977710	0.981460	0
3CZV_A	3S73_B	0.979060	0.979060	0.982810	0
3CZV_A	3S76_A	0.977310	0.977310	0.981050	0
3CZV_A	3SAX_A	0.975800	0.975800	0.975800	0
3CZV_A	3V2J_A	0.979700	0.979700	0.983460	0
3CZV_A	3ZNC_A	0.863200	0.863200	0.939870	0
3CZV_A	4FL7_A	0.977200	0.977200	0.980950	0
3CZV_A	4ITP_A	0.978320	0.978320	0.982080	0
3CZV_A	4KAP_A	0.977560	0.977560	0.977560	0
3CZV_A	4KP8_A	0.927200	0.937600	0.927200	0
3CZV_A	4MDG_A	0.976260	0.976260	0.976260	0
3CZV_A	4MDM_A	0.976340	0.976340	0.976340	0
3CZV_A	4PYX_A	0.975770	0.975770	0.979500	0
3CZV_A	4QK1_A	0.967180	0.967180	0.970860	0
3CZV_A	4R59_A	0.977750	0.977750	0.977750	0
3CZV_A	4R5A_A	0.968630	0.972320	0.968630	0
3CZV_A	4TWM_A	0.821120	0.821120	0.882640	0
3CZV_A	4YGN_A	0.978860	0.978860	0.982620	0
3CZV_A	4YWP_A	0.977350	0.977350	0.981090	0
3CZV_A	4Z1E_A	0.973560	0.977270	0.973560	0
3CZV_A	5DOG_A	0.977660	0.977660	0.981410	0
3CZV_A	5DSQ_A	0.978080	0.978080	0.981830	0
3CZV_A	5EKM_A	0.978560	0.978560	0.982310	0
3CZV_A	5FL5_A	0.886850	0.886850	0.910290	0
3CZV_A	5FLO_A	0.978600	0.978600	0.978600	0
3CZV_A	5FNM_A	0.976790	0.976790	0.976790	0
3CZV_A	5G0B_A	0.974700	0.974700	0.978430	0
3CZV_A	5GMN_A	0.966520	0.966520	0.970190	0
3CZV_A	5IPZ_A	0.862220	0.871690	0.862220	0
3CZV_A	5KU6_A	0.871180	0.871180	0.918760	0
3CZV_A	5L6K_A	0.975240	0.978970	0.975240	0
3CZV_A	5LL9_A	0.925200	0.935550	0.925200	0
3CZV_A	5LLE_A	0.977960	0.977960	0.981700	0
3CZV_A	5LLG_A	0.977990	0.977990	0.981730	0
3CZV_A	5LLN_A	0.990780	0.994600	0.990780	0
3CZV_A	5LLP_A	0.929820	0.936760	0.929820	0
3CZV_A	5M78_A	0.973170	0.976880	0.973170	0
3CZV_A	5MSA_A	0.925170	0.935530	0.925170	0
3CZV_A	5NXG_A	0.975540	0.975540	0.979270	0
3CZV_A	5NXV_A	0.976320	0.976320	0.976320	0
3CZV_A	5SZ2_A	0.977150	0.977150	0.980890	0
3CZV_A	5SZ5_A	0.976040	0.976040	0.979770	0
3CZV_A	5TFX_A	0.978380	0.978380	0.978380	0
3CZV_A	5TH4_A	0.978050	0.978050	0.981800	0
3CZV_A	5THJ_A	0.978710	0.978710	0.982460	0
3CZV_A	5TT8_A	0.706150	0.706150	0.893660	0
3CZV_A	5TV3_A	0.774560	0.774560	0.876630	0
3CZV_A	5TY1_A	0.978370	0.978370	0.978370	0
3CZV_A	5U0F_A	0.976940	0.976940	0.976940	0
3CZV_A	5WLR_A	0.976590	0.976590	0.980330	0
3CZV_A	5Y2R_A	0.978310	0.978310	0.982060	0
3CZV_A	5Y2S_A	0.978570	0.978570	0.982320	0
3CZV_A	5YUJ_A	0.979060	0.979060	0.982820	0
3CZV_A	6B00_A	0.958250	0.976520	0.958250	0
3CZV_A	6D1L_A	0.973780	0.977500	0.973780	0
3CZV_A	6GOT_A	0.978350	0.978350	0.982110	0
3CZV_A	6H36_A	0.975500	0.979210	0.975500	0
3CZV_A	6HR3_A	0.976950	0.976950	0.980690	0
3CZV_A	6KM1_A	0.978400	0.978400	0.982160	0
3CZV_A	6OTI_A	0.977520	0.977520	0.981270	0
3CZV_A	6QNL_A	0.928140	0.928140	0.945740	0
3CZV_A	6R6Y_A	0.926010	0.936390	0.926010	0
3CZV_A	6RG4_A	0.978270	0.978270	0.978270	0
3CZV_A	6RQQ_A	0.898590	0.898590	0.905290	0
3CZV_A	6UGN_A	0.977870	0.977870	0.981620	0
3CZV_A	6Y74_A	0.897770	0.897770	0.897770	0
3CZV_A	6YJ3_A	0.976920	0.976920	0.976920	0
3CZV_A	7MU3_A	0.972170	0.975870	0.972170	0
3CZV_A	7NG1_A	0.837410	0.895460	0.837410	0
3E5Y_A	3N4J_A	0.926430	0.954970	0.926430	0
3E5Y_A	3ONP_A	0.764600	0.764600	0.773280	0
3E5Y_A	4CNE_B	0.754070	0.788120	0.754070	0
3E5Y_A	4CNF_B	0.770710	0.770710	0.793150	0
3E5Y_A	5CO4_A	0.849780	0.849780	0.870530	0
3E5Y_A	5GM8_A	0.738360	0.797040	0.738360	0
3E5Y_A	5GMB_A	0.731740	0.793840	0.731740	0
3E5Y_A	5KZK_A	0.505540	0.794060	0.505540	0
3E5Y_A	5O96_A	0.495730	0.725000	0.495730	0
3F7B_A	3GZ0_A	0.879210	0.931460	0.879210	0
3F7B_A	3IBL_A	0.878880	0.934520	0.878880	0
3F7B_A	3IBN_A	0.878780	0.934430	0.878780	0
3F7B_A	3IBU_A	0.878450	0.934050	0.878450	0
3F7B_A	3JXF_A	0.834470	0.919790	0.834470	0
3F7B_A	3KKX_A	0.879540	0.935250	0.879540	0
3F7B_A	3KON_A	0.880110	0.935900	0.880110	0
3F7B_A	3M1Q_A	0.879200	0.931420	0.879200	0
3F7B_A	3M67_A	0.877870	0.929950	0.877870	0
3F7B_A	3M96_A	0.880270	0.932630	0.880270	0
3F7B_A	3MHM_A	0.880110	0.932440	0.880110	0
3F7B_A	3ML5_A	0.864370	0.932560	0.864370	0
3F7B_A	3MNU_A	0.878250	0.930380	0.878250	0
3F7B_A	3PO6_A	0.879410	0.935130	0.879410	0
3F7B_A	3RYJ_B	0.880030	0.932350	0.880030	0
3F7B_A	3RYX_B	0.878870	0.934530	0.878870	0
3F7B_A	3RZ5_A	0.878520	0.934160	0.878520	0
3F7B_A	3RZ7_A	0.878320	0.930450	0.878320	0
3F7B_A	3S73_B	0.879950	0.932260	0.879950	0
3F7B_A	3S76_A	0.880290	0.932620	0.880290	0
3F7B_A	3SAX_A	0.880140	0.935950	0.880140	0
3F7B_A	3V2J_A	0.880460	0.932820	0.880460	0
3F7B_A	3ZNC_A	0.954190	0.954190	0.978160	0
3F7B_A	4FL7_A	0.878150	0.930270	0.878150	0
3F7B_A	4ITP_A	0.879210	0.931440	0.879210	0
3F7B_A	4KAP_A	0.880990	0.936870	0.880990	0
3F7B_A	4KP8_A	0.850810	0.914280	0.850810	0
3F7B_A	4MDG_A	0.879590	0.935330	0.879590	0
3F7B_A	4MDM_A	0.879350	0.935060	0.879350	0
3F7B_A	4PYX_A	0.880380	0.932740	0.880380	0
3F7B_A	4QK1_A	0.874790	0.926520	0.874790	0
3F7B_A	4R59_A	0.879380	0.935100	0.879380	0
3F7B_A	4R5A_A	0.875430	0.934380	0.875430	0
3F7B_A	4TWM_A	0.837350	0.837350	0.847140	0
3F7B_A	4YGN_A	0.879970	0.932300	0.879970	0
3F7B_A	4YWP_A	0.878130	0.930240	0.878130	0
3F7B_A	4Z1E_A	0.879570	0.938780	0.879570	0
3F7B_A	5DOG_A	0.880140	0.932450	0.880140	0
3F7B_A	5DSQ_A	0.880220	0.932560	0.880220	0
3F7B_A	5EKM_A	0.879270	0.931510	0.879270	0
3F7B_A	5FL5_A	0.872440	0.903460	0.872440	0
3F7B_A	5FLO_A	0.878070	0.933630	0.878070	0
3F7B_A	5FNM_A	0.878630	0.934280	0.878630	0
3F7B_A	5G0B_A	0.880030	0.932370	0.880030	0
3F7B_A	5GMN_A	0.876400	0.928340	0.876400	0
3F7B_A	5IPZ_A	0.919180	0.990900	0.919180	0
3F7B_A	5KU6_A	0.977530	0.985520	0.977530	0
3F7B_A	5L6K_A	0.875100	0.933730	0.875100	0
3F7B_A	5LL9_A	0.852240	0.916010	0.852240	0
3F7B_A	5LLE_A	0.878900	0.931090	0.878900	0
3F7B_A	5LLG_A	0.880340	0.932690	0.880340	0
3F7B_A	5LLN_A	0.858310	0.914990	0.858310	0
3F7B_A	5LLP_A	0.857070	0.917820	0.857070	0
3F7B_A	5M78_A	0.879080	0.938240	0.879080	0
3F7B_A	5MSA_A	0.852060	0.915830	0.852060	0
3F7B_A	5NXG_A	0.878280	0.930440	0.878280	0
3F7B_A	5NXV_A	0.880640	0.936520	0.880640	0
3F7B_A	5SZ2_A	0.879930	0.932240	0.879930	0
3F7B_A	5SZ5_A	0.880230	0.932610	0.880230	0
3F7B_A	5TFX_A	0.877670	0.933180	0.877670	0
3F7B_A	5TH4_A	0.879610	0.931880	0.879610	0
3F7B_A	5THJ_A	0.879280	0.931510	0.879280	0
3F7B_A	5TT8_A	0.730440	0.730440	0.869300	0
3F7B_A	5TV3_A	0.793610	0.793610	0.845490	0
3F7B_A	5TY1_A	0.877780	0.933320	0.877780	0
3F7B_A	5U0F_A	0.877930	0.933500	0.877930	0
3F7B_A	5WLR_A	0.880600	0.933030	0.880600	0
3F7B_A	5Y2R_A	0.878340	0.930450	0.878340	0
3F7B_A	5Y2S_A	0.877970	0.930040	0.877970	0
3F7B_A	5YUJ_A	0.879040	0.931240	0.879040	0
3F7B_A	6B00_A	0.856230	0.927110	0.856230	0
3F7B_A	6D1L_A	0.876410	0.935290	0.876410	0
3F7B_A	6GOT_A	0.879820	0.932110	0.879820	0
3F7B_A	6H36_A	0.871560	0.930020	0.871560	0
3F7B_A	6HR3_A	0.879050	0.931270	0.879050	0
3F7B_A	6KM1_A	0.878750	0.930900	0.878750	0
3F7B_A	6OTI_A	0.881650	0.934180	0.881650	0
3F7B_A	6QNL_A	0.869240	0.906810	0.869240	0
3F7B_A	6R6Y_A	0.854310	0.918270	0.854310	0
3F7B_A	6RG4_A	0.880060	0.935850	0.880060	0
3F7B_A	6RQQ_A	0.864260	0.912070	0.864260	0
3F7B_A	6UGN_A	0.880040	0.932370	0.880040	0
3F7B_A	6Y74_A	0.857660	0.911670	0.857660	0
3F7B_A	6YJ3_A	0.873740	0.928780	0.873740	0
3F7B_A	7MU3_A	0.874020	0.932830	0.874020	0
3F7B_A	7NG1_A	0.782210	0.888220	0.782210	0
3G6O_A	3IBR_A	0.974790	0.974790	0.998810	0
3G6O_A	3NHQ_A	0.897650	0.939110	0.897650	0
3G6O_A	3NOP_C	0.884420	0.932030	0.884420	0
3G6O_A	3NOT_C	0.884420	0.932030	0.884420	0
3G6O_A	3NOU_C	0.884550	0.932170	0.884550	0
3G6O_A	3S7N_A	0.616570	0.616570	0.886300	0
3G6O_A	3S7O_A	0.614490	0.614490	0.877010	0
3G6O_A	3S7P_A	0.615070	0.615070	0.878060	0
3G6O_A	3S7Q_A	0.611700	0.611700	0.887550	0
3G6O_A	3ZQ5_A	0.749840	0.837060	0.749840	0
3G6O_A	4CQH_A	0.602160	0.602160	0.883530	0
3G6O_A	4E04_A	0.606660	0.606660	0.881930	0
3G6O_A	4IJG_A	0.612690	0.612690	0.885810	0
3G6O_A	4O01_A	0.801760	0.842940	0.801760	0
3G6O_A	4O01_B	0.801310	0.847150	0.801310	0
3G6O_A	4O01_C	0.801860	0.843050	0.801860	0
3G6O_A	4O01_D	0.801450	0.841030	0.801450	0
3G6O_A	4O0P_A	0.790840	0.834930	0.790840	0
3G6O_A	4O0P_B	0.788500	0.830830	0.788500	0
3G6O_A	4O8G_A	0.610280	0.610280	0.883060	0
3G6O_A	4Q0H_A	0.616450	0.616450	0.865080	0
3G6O_A	4Q0I_A	0.614470	0.614470	0.877740	0
3G6O_A	4Q0J_A	0.789170	0.849260	0.789170	0
3G6O_A	4R6L_A	0.761740	0.785190	0.761740	0
3G6O_A	4RQ9_A	0.602880	0.602880	0.887490	0
3G6O_A	4XTQ_A	0.602730	0.602730	0.895180	0
3G6O_A	4Y3I_A	0.621360	0.621360	0.876820	0
3G6O_A	4Y5F_A	0.621320	0.621320	0.876740	0
3G6O_A	4Z1W_A	0.617990	0.617990	0.888760	0
3G6O_A	4ZRR_A	0.610780	0.610780	0.885860	0
3G6O_A	5C5K_A	0.809710	0.863010	0.809710	0
3G6O_A	5HSQ_A	0.729850	0.773700	0.729850	0
3G6O_A	5I5L_A	0.811410	0.848650	0.811410	0
3G6O_A	5K5B_A	0.602020	0.602020	0.886340	0
3G6O_A	5L8M_A	0.604370	0.604370	0.891000	0
3G6O_A	5LBR_A	0.602720	0.602720	0.891610	0
3G6O_A	5MG0_A	0.630820	0.630820	0.882560	0
3G6O_A	5NFX_A	0.602150	0.602150	0.886650	0
3G6O_A	5NM3_A	0.794050	0.848800	0.794050	0
3G6O_A	5NWN_A	0.812230	0.846030	0.812230	0
3G6O_A	5VIK_A	0.597580	0.597580	0.903990	0
3G6O_A	5VIQ_A	0.597910	0.597910	0.904670	0
3G6O_A	5VIV_A	0.601510	0.601510	0.901260	0
3G6O_A	6BAF_A	0.600410	0.600410	0.886450	0
3G6O_A	6BAK_A	0.600990	0.600990	0.887540	0
3G6O_A	6BAO_A	0.757750	0.825620	0.757750	0
3G6O_A	6BAP_A	0.716050	0.780070	0.716050	0
3G6O_A	6BAY_A	0.713690	0.777440	0.713690	0
3G6O_A	6FHT_A	0.536000	0.819470	0.536000	0
3G6O_A	6PTQ_A	0.787820	0.826430	0.787820	0
3G6O_A	6PTX_A	0.784060	0.820790	0.784060	0
3G6O_A	6PU2_A	0.781280	0.817760	0.781280	0
3GZ0_A	3IBL_A	0.993790	0.997650	0.993790	0
3GZ0_A	3IBN_A	0.993490	0.997350	0.993490	0
3GZ0_A	3IBU_A	0.993620	0.997480	0.993620	0
3GZ0_A	3JXF_A	0.873540	0.908900	0.873540	0
3GZ0_A	3KKX_A	0.993630	0.997490	0.993630	0
3GZ0_A	3KON_A	0.993610	0.997470	0.993610	0
3GZ0_A	3M1Q_A	0.997950	0.997950	0.997950	0
3GZ0_A	3M67_A	0.997550	0.997550	0.997550	0
3GZ0_A	3M96_A	0.996890	0.996890	0.996890	0
3GZ0_A	3MHM_A	0.997680	0.997680	0.997680	0
3GZ0_A	3ML5_A	0.966550	0.985120	0.966550	0
3GZ0_A	3MNU_A	0.997580	0.997580	0.997580	0
3GZ0_A	3PO6_A	0.994530	0.998400	0.994530	0
3GZ0_A	3RYJ_B	0.997460	0.997460	0.997460	0
3GZ0_A	3RYX_B	0.993470	0.997330	0.993470	0
3GZ0_A	3RZ5_A	0.993610	0.997470	0.993610	0
3GZ0_A	3RZ7_A	0.997490	0.997490	0.997490	0
3GZ0_A	3S73_B	0.996820	0.996820	0.996820	0
3GZ0_A	3S76_A	0.997050	0.997050	0.997050	0
3GZ0_A	3SAX_A	0.993110	0.996970	0.993110	0
3GZ0_A	3V2J_A	0.997830	0.997830	0.997830	0
3GZ0_A	3ZNC_A	0.872410	0.872410	0.946930	0
3GZ0_A	4FL7_A	0.997810	0.997810	0.997810	0
3GZ0_A	4ITP_A	0.997540	0.997540	0.997540	0
3GZ0_A	4KAP_A	0.993030	0.996880	0.993030	0
3GZ0_A	4KP8_A	0.921050	0.934860	0.921050	0
3GZ0_A	4MDG_A	0.994650	0.998510	0.994650	0
3GZ0_A	4MDM_A	0.994320	0.998180	0.994320	0
3GZ0_A	4PYX_A	0.997500	0.997500	0.997500	0
3GZ0_A	4QK1_A	0.986180	0.986180	0.986180	0
3GZ0_A	4R59_A	0.993310	0.997170	0.993310	0
3GZ0_A	4R5A_A	0.985960	0.993610	0.985960	0
3GZ0_A	4TWM_A	0.826220	0.826220	0.885010	0
3GZ0_A	4YGN_A	0.996930	0.996930	0.996930	0
3GZ0_A	4YWP_A	0.994450	0.994450	0.994450	0
3GZ0_A	4Z1E_A	0.990600	0.998290	0.990600	0
3GZ0_A	5DOG_A	0.997490	0.997490	0.997490	0
3GZ0_A	5DSQ_A	0.997430	0.997430	0.997430	0
3GZ0_A	5EKM_A	0.997370	0.997370	0.997370	0
3GZ0_A	5FL5_A	0.893710	0.893710	0.914040	0
3GZ0_A	5FLO_A	0.993670	0.997520	0.993670	0
3GZ0_A	5FNM_A	0.994750	0.998620	0.994750	0
3GZ0_A	5G0B_A	0.996900	0.996900	0.996900	0
3GZ0_A	5GMN_A	0.986890	0.986890	0.986890	0
3GZ0_A	5IPZ_A	0.870830	0.883820	0.870830	0
3GZ0_A	5KU6_A	0.878740	0.878740	0.923490	0
3GZ0_A	5L6K_A	0.987320	0.994970	0.987320	0
3GZ0_A	5LL9_A	0.919750	0.933510	0.919750	0
3GZ0_A	5LLE_A	0.995840	0.995840	0.995840	0
3GZ0_A	5LLG_A	0.997030	0.997030	0.997030	0
3GZ0_A	5LLN_A	0.966130	0.973480	0.966130	0
3GZ0_A	5LLP_A	0.924680	0.935070	0.924680	0
3GZ0_A	5M78_A	0.989380	0.997060	0.989380	0
3GZ0_A	5MSA_A	0.919860	0.933630	0.919860	0
3GZ0_A	5NXG_A	0.996320	0.996320	0.996320	0
3GZ0_A	5NXV_A	0.993590	0.997450	0.993590	0
3GZ0_A	5SZ2_A	0.997140	0.997140	0.997140	0
3GZ0_A	5SZ5_A	0.997500	0.997500	0.997500	0
3GZ0_A	5TFX_A	0.994410	0.998270	0.994410	0
3GZ0_A	5TH4_A	0.997420	0.997420	0.997420	0
3GZ0_A	5THJ_A	0.996250	0.996250	0.996250	0
3GZ0_A	5TT8_A	0.708310	0.708310	0.893150	0
3GZ0_A	5TV3_A	0.777690	0.777690	0.877540	0
3GZ0_A	5TY1_A	0.993970	0.997830	0.993970	0
3GZ0_A	5U0F_A	0.994140	0.998000	0.994140	0
3GZ0_A	5WLR_A	0.998020	0.998020	0.998020	0
3GZ0_A	5Y2R_A	0.997760	0.997760	0.997760	0
3GZ0_A	5Y2S_A	0.997300	0.997300	0.997300	0
3GZ0_A	5YUJ_A	0.997070	0.997070	0.997070	0
3GZ0_A	6B00_A	0.970340	0.992840	0.970340	0
3GZ0_A	6D1L_A	0.989760	0.997440	0.989760	0
3GZ0_A	6GOT_A	0.997530	0.997530	0.997530	0
3GZ0_A	6H36_A	0.976010	0.983500	0.976010	0
3GZ0_A	6HR3_A	0.997820	0.997820	0.997820	0
3GZ0_A	6KM1_A	0.996720	0.996720	0.996720	0
3GZ0_A	6OTI_A	0.997480	0.997480	0.997480	0
3GZ0_A	6QNL_A	0.925390	0.925390	0.939440	0
3GZ0_A	6R6Y_A	0.921730	0.935550	0.921730	0
3GZ0_A	6RG4_A	0.993840	0.997700	0.993840	0
3GZ0_A	6RQQ_A	0.904020	0.904020	0.907400	0
3GZ0_A	6UGN_A	0.997510	0.997510	0.997510	0
3GZ0_A	6Y74_A	0.897910	0.901250	0.897910	0
3GZ0_A	6YJ3_A	0.988600	0.992420	0.988600	0
3GZ0_A	7MU3_A	0.990080	0.997770	0.990080	0
3GZ0_A	7NG1_A	0.838770	0.900470	0.838770	0
3IBL_A	3IBN_A	0.999200	0.999200	0.999200	0
3IBL_A	3IBU_A	0.999300	0.999300	0.999300	0
3IBL_A	3JXF_A	0.872160	0.904010	0.872160	0
3IBL_A	3KKX_A	0.996410	0.996410	0.996410	0
3IBL_A	3KON_A	0.996420	0.996420	0.996420	0
3IBL_A	3M1Q_A	0.994610	0.994610	0.998470	0
3IBL_A	3M67_A	0.992780	0.992780	0.996630	0
3IBL_A	3M96_A	0.993570	0.993570	0.997430	0
3IBL_A	3MHM_A	0.993190	0.993190	0.997040	0
3IBL_A	3ML5_A	0.967860	0.982670	0.967860	0
3IBL_A	3MNU_A	0.995380	0.995380	0.999250	0
3IBL_A	3PO6_A	0.999240	0.999240	0.999240	0
3IBL_A	3RYJ_B	0.993710	0.993710	0.997570	0
3IBL_A	3RYX_B	0.996920	0.996920	0.996920	0
3IBL_A	3RZ5_A	0.996170	0.996170	0.996170	0
3IBL_A	3RZ7_A	0.994310	0.994310	0.998180	0
3IBL_A	3S73_B	0.992610	0.992610	0.996460	0
3IBL_A	3S76_A	0.993480	0.993480	0.997340	0
3IBL_A	3SAX_A	0.996330	0.996330	0.996330	0
3IBL_A	3V2J_A	0.992790	0.992790	0.996640	0
3IBL_A	3ZNC_A	0.867560	0.867560	0.945020	0
3IBL_A	4FL7_A	0.995600	0.995600	0.999470	0
3IBL_A	4ITP_A	0.993700	0.993700	0.997560	0
3IBL_A	4KAP_A	0.996440	0.996440	0.996440	0
3IBL_A	4KP8_A	0.919130	0.929420	0.919130	0
3IBL_A	4MDG_A	0.999110	0.999110	0.999110	0
3IBL_A	4MDM_A	0.999190	0.999190	0.999190	0
3IBL_A	4PYX_A	0.993610	0.993610	0.997470	0
3IBL_A	4QK1_A	0.981360	0.981360	0.985140	0
3IBL_A	4R59_A	0.996580	0.996580	0.996580	0
3IBL_A	4R5A_A	0.988970	0.992800	0.988970	0
3IBL_A	4TWM_A	0.824080	0.824080	0.885880	0
3IBL_A	4YGN_A	0.993450	0.993450	0.997310	0
3IBL_A	4YWP_A	0.990980	0.990980	0.994820	0
3IBL_A	4Z1E_A	0.993840	0.997680	0.993840	0
3IBL_A	5DOG_A	0.994190	0.994190	0.998050	0
3IBL_A	5DSQ_A	0.993320	0.993320	0.997170	0
3IBL_A	5EKM_A	0.993610	0.993610	0.997470	0
3IBL_A	5FL5_A	0.889240	0.889240	0.912810	0
3IBL_A	5FLO_A	0.996650	0.996650	0.996650	0
3IBL_A	5FNM_A	0.996780	0.996780	0.996780	0
3IBL_A	5G0B_A	0.993400	0.993400	0.997260	0
3IBL_A	5GMN_A	0.983550	0.983550	0.987330	0
3IBL_A	5IPZ_A	0.873980	0.883700	0.873980	0
3IBL_A	5KU6_A	0.878920	0.878920	0.927080	0
3IBL_A	5L6K_A	0.989900	0.993720	0.989900	0
3IBL_A	5LL9_A	0.918400	0.928650	0.918400	0
3IBL_A	5LLE_A	0.991970	0.991970	0.995820	0
3IBL_A	5LLG_A	0.993830	0.993830	0.997690	0
3IBL_A	5LLN_A	0.969200	0.972880	0.969200	0
3IBL_A	5LLP_A	0.923270	0.930160	0.923270	0
3IBL_A	5M78_A	0.993220	0.997060	0.993220	0
3IBL_A	5MSA_A	0.918740	0.929010	0.918740	0
3IBL_A	5NXG_A	0.992110	0.992110	0.995950	0
3IBL_A	5NXV_A	0.997330	0.997330	0.997330	0
3IBL_A	5SZ2_A	0.992880	0.992880	0.996730	0
3IBL_A	5SZ5_A	0.992690	0.992690	0.996540	0
3IBL_A	5TFX_A	0.997010	0.997010	0.997010	0
3IBL_A	5TH4_A	0.993790	0.993790	0.997650	0
3IBL_A	5THJ_A	0.992450	0.992450	0.996300	0
3IBL_A	5TT8_A	0.703750	0.703750	0.890310	0
3IBL_A	5TV3_A	0.772610	0.772610	0.874740	0
3IBL_A	5TY1_A	0.996680	0.996680	0.996680	0
3IBL_A	5U0F_A	0.996690	0.996690	0.996690	0
3IBL_A	5WLR_A	0.993520	0.993520	0.997380	0
3IBL_A	5Y2R_A	0.994220	0.994220	0.998080	0
3IBL_A	5Y2S_A	0.994150	0.994150	0.998010	0
3IBL_A	5YUJ_A	0.993230	0.993230	0.997090	0
3IBL_A	6B00_A	0.969210	0.987850	0.969210	0
3IBL_A	6D1L_A	0.992930	0.996780	0.992930	0
3IBL_A	6GOT_A	0.993570	0.993570	0.997430	0
3IBL_A	6H36_A	0.975540	0.979270	0.975540	0
3IBL_A	6HR3_A	0.995640	0.995640	0.999510	0
3IBL_A	6KM1_A	0.993590	0.993590	0.997450	0
3IBL_A	6OTI_A	0.993000	0.993000	0.996860	0
3IBL_A	6QNL_A	0.920320	0.920320	0.937770	0
3IBL_A	6R6Y_A	0.920110	0.930400	0.920110	0
3IBL_A	6RG4_A	0.997670	0.997670	0.997670	0
3IBL_A	6RQQ_A	0.899620	0.899620	0.906350	0
3IBL_A	6UGN_A	0.993700	0.993700	0.997550	0
3IBL_A	6Y74_A	0.899060	0.899060	0.899060	0
3IBL_A	6YJ3_A	0.993550	0.993550	0.993550	0
3IBL_A	7MU3_A	0.992020	0.995850	0.992020	0
3IBL_A	7NG1_A	0.837500	0.895770	0.837500	0
3IBN_A	3IBU_A	0.999510	0.999510	0.999510	0
3IBN_A	3JXF_A	0.872830	0.904700	0.872830	0
3IBN_A	3KKX_A	0.995660	0.995660	0.995660	0
3IBN_A	3KON_A	0.996220	0.996220	0.996220	0
3IBN_A	3M1Q_A	0.994030	0.994030	0.997890	0
3IBN_A	3M67_A	0.992970	0.992970	0.996820	0
3IBN_A	3M96_A	0.993350	0.993350	0.997210	0
3IBN_A	3MHM_A	0.992870	0.992870	0.996720	0
3IBN_A	3ML5_A	0.966380	0.981150	0.966380	0
3IBN_A	3MNU_A	0.995410	0.995410	0.999280	0
3IBN_A	3PO6_A	0.998700	0.998700	0.998700	0
3IBN_A	3RYJ_B	0.993150	0.993150	0.997010	0
3IBN_A	3RYX_B	0.996170	0.996170	0.996170	0
3IBN_A	3RZ5_A	0.995270	0.995270	0.995270	0
3IBN_A	3RZ7_A	0.993590	0.993590	0.997450	0
3IBN_A	3S73_B	0.991960	0.991960	0.995800	0
3IBN_A	3S76_A	0.992440	0.992440	0.996290	0
3IBN_A	3SAX_A	0.996420	0.996420	0.996420	0
3IBN_A	3V2J_A	0.992340	0.992340	0.996190	0
3IBN_A	3ZNC_A	0.867280	0.867280	0.944710	0
3IBN_A	4FL7_A	0.995510	0.995510	0.999390	0
3IBN_A	4ITP_A	0.993120	0.993120	0.996980	0
3IBN_A	4KAP_A	0.995930	0.995930	0.995930	0
3IBN_A	4KP8_A	0.918850	0.929120	0.918850	0
3IBN_A	4MDG_A	0.998850	0.998850	0.998850	0
3IBN_A	4MDM_A	0.999000	0.999000	0.999000	0
3IBN_A	4PYX_A	0.993340	0.993340	0.997190	0
3IBN_A	4QK1_A	0.981790	0.981790	0.985560	0
3IBN_A	4R59_A	0.996500	0.996500	0.996500	0
3IBN_A	4R5A_A	0.988560	0.992370	0.988560	0
3IBN_A	4TWM_A	0.824440	0.824440	0.886310	0
3IBN_A	4YGN_A	0.992760	0.992760	0.996610	0
3IBN_A	4YWP_A	0.990680	0.990680	0.994520	0
3IBN_A	4Z1E_A	0.993650	0.997490	0.993650	0
3IBN_A	5DOG_A	0.993590	0.993590	0.997450	0
3IBN_A	5DSQ_A	0.993150	0.993150	0.997010	0
3IBN_A	5EKM_A	0.993070	0.993070	0.996920	0
3IBN_A	5FL5_A	0.888440	0.888440	0.911980	0
3IBN_A	5FLO_A	0.995880	0.995880	0.995880	0
3IBN_A	5FNM_A	0.996110	0.996110	0.996110	0
3IBN_A	5G0B_A	0.993110	0.993110	0.996960	0
3IBN_A	5GMN_A	0.983280	0.983280	0.987060	0
3IBN_A	5IPZ_A	0.873360	0.883070	0.873360	0
3IBN_A	5KU6_A	0.878520	0.878520	0.926670	0
3IBN_A	5L6K_A	0.989640	0.993450	0.989640	0
3IBN_A	5LL9_A	0.918070	0.928320	0.918070	0
3IBN_A	5LLE_A	0.991670	0.991670	0.995520	0
3IBN_A	5LLG_A	0.993400	0.993400	0.997260	0
3IBN_A	5LLN_A	0.968100	0.971760	0.968100	0
3IBN_A	5LLP_A	0.923080	0.929970	0.923080	0
3IBN_A	5M78_A	0.992840	0.996680	0.992840	0
3IBN_A	5MSA_A	0.918570	0.928830	0.918570	0
3IBN_A	5NXG_A	0.992430	0.992430	0.996280	0
3IBN_A	5NXV_A	0.997430	0.997430	0.997430	0
3IBN_A	5SZ2_A	0.992130	0.992130	0.995980	0
3IBN_A	5SZ5_A	0.992180	0.992180	0.996030	0
3IBN_A	5TFX_A	0.996290	0.996290	0.996290	0
3IBN_A	5TH4_A	0.993360	0.993360	0.997210	0
3IBN_A	5THJ_A	0.991880	0.991880	0.995730	0
3IBN_A	5TT8_A	0.703550	0.703550	0.890060	0
3IBN_A	5TV3_A	0.772800	0.772800	0.874970	0
3IBN_A	5TY1_A	0.995970	0.995970	0.995970	0
3IBN_A	5U0F_A	0.995970	0.995970	0.995970	0
3IBN_A	5WLR_A	0.992820	0.992820	0.996670	0
3IBN_A	5Y2R_A	0.993550	0.993550	0.997410	0
3IBN_A	5Y2S_A	0.993450	0.993450	0.997310	0
3IBN_A	5YUJ_A	0.992740	0.992740	0.996590	0
3IBN_A	6B00_A	0.969320	0.987970	0.969320	0
3IBN_A	6D1L_A	0.991950	0.995790	0.991950	0
3IBN_A	6GOT_A	0.993120	0.993120	0.996980	0
3IBN_A	6H36_A	0.974510	0.978230	0.974510	0
3IBN_A	6HR3_A	0.994930	0.994930	0.998800	0
3IBN_A	6KM1_A	0.992850	0.992850	0.996700	0
3IBN_A	6OTI_A	0.992810	0.992810	0.996660	0
3IBN_A	6QNL_A	0.920150	0.920150	0.937580	0
3IBN_A	6R6Y_A	0.919980	0.930270	0.919980	0
3IBN_A	6RG4_A	0.997260	0.997260	0.997260	0
3IBN_A	6RQQ_A	0.898700	0.898700	0.905410	0
3IBN_A	6UGN_A	0.993600	0.993600	0.997450	0
3IBN_A	6Y74_A	0.897700	0.897700	0.897700	0
3IBN_A	6YJ3_A	0.992190	0.992190	0.992190	0
3IBN_A	7MU3_A	0.991550	0.995390	0.991550	0
3IBN_A	7NG1_A	0.838180	0.896540	0.838180	0
3IBR_A	3NHQ_A	0.873060	0.934810	0.873060	0
3IBR_A	3NOP_C	0.858460	0.925470	0.858460	0
3IBR_A	3NOT_C	0.858460	0.925480	0.858460	0
3IBR_A	3NOU_C	0.858590	0.925630	0.858590	0
3IBR_A	3S7N_A	0.611740	0.611740	0.858910	0
3IBR_A	3S7O_A	0.609520	0.609520	0.849620	0
3IBR_A	3S7P_A	0.610190	0.610190	0.850260	0
3IBR_A	3S7Q_A	0.607180	0.607180	0.859880	0
3IBR_A	3ZQ5_A	0.729520	0.831960	0.729520	0
3IBR_A	4CQH_A	0.597480	0.597480	0.855770	0
3IBR_A	4E04_A	0.601260	0.601260	0.853680	0
3IBR_A	4IJG_A	0.608030	0.608030	0.858000	0
3IBR_A	4O01_A	0.778200	0.836130	0.778200	0
3IBR_A	4O01_B	0.777810	0.840340	0.777810	0
3IBR_A	4O01_C	0.778290	0.836230	0.778290	0
3IBR_A	4O01_D	0.777850	0.834180	0.777850	0
3IBR_A	4O0P_A	0.769340	0.830230	0.769340	0
3IBR_A	4O0P_B	0.767280	0.826360	0.767280	0
3IBR_A	4O8G_A	0.605540	0.605540	0.855180	0
3IBR_A	4Q0H_A	0.611750	0.611750	0.838570	0
3IBR_A	4Q0I_A	0.609600	0.609600	0.850440	0
3IBR_A	4Q0J_A	0.766410	0.842770	0.766410	0
3IBR_A	4R6L_A	0.739440	0.778500	0.739440	0
3IBR_A	4RQ9_A	0.598590	0.598590	0.859460	0
3IBR_A	4XTQ_A	0.598410	0.598410	0.867440	0
3IBR_A	4Y3I_A	0.616720	0.616720	0.850060	0
3IBR_A	4Y5F_A	0.616680	0.616680	0.849970	0
3IBR_A	4Z1W_A	0.613660	0.613660	0.861480	0
3IBR_A	4ZRR_A	0.606110	0.606110	0.858070	0
3IBR_A	5C5K_A	0.787270	0.857510	0.787270	0
3IBR_A	5HSQ_A	0.711330	0.770240	0.711330	0
3IBR_A	5I5L_A	0.789390	0.843940	0.789390	0
3IBR_A	5K5B_A	0.597180	0.597180	0.858200	0
3IBR_A	5L8M_A	0.599680	0.599680	0.862910	0
3IBR_A	5LBR_A	0.597970	0.597970	0.863360	0
3IBR_A	5MG0_A	0.626090	0.626090	0.855480	0
3IBR_A	5NFX_A	0.597290	0.597290	0.858460	0
3IBR_A	5NM3_A	0.770970	0.842140	0.770970	0
3IBR_A	5NWN_A	0.789350	0.840320	0.789350	0
3IBR_A	5VIK_A	0.593170	0.593170	0.876050	0
3IBR_A	5VIQ_A	0.593470	0.593470	0.876640	0
3IBR_A	5VIV_A	0.597210	0.597210	0.873390	0
3IBR_A	6BAF_A	0.596020	0.596020	0.859080	0
3IBR_A	6BAK_A	0.596680	0.596680	0.859460	0
3IBR_A	6BAO_A	0.737300	0.820560	0.737300	0
3IBR_A	6BAP_A	0.696510	0.774600	0.696510	0
3IBR_A	6BAY_A	0.693820	0.771340	0.693820	0
3IBR_A	6FHT_A	0.521670	0.813890	0.521670	0
3IBR_A	6PTQ_A	0.766700	0.821720	0.766700	0
3IBR_A	6PTX_A	0.762610	0.815530	0.762610	0
3IBR_A	6PU2_A	0.759800	0.812380	0.759800	0
3IBU_A	3JXF_A	0.873190	0.905100	0.873190	0
3IBU_A	3KKX_A	0.995680	0.995680	0.995680	0
3IBU_A	3KON_A	0.996280	0.996280	0.996280	0
3IBU_A	3M1Q_A	0.994030	0.994030	0.997890	0
3IBU_A	3M67_A	0.992980	0.992980	0.996830	0
3IBU_A	3M96_A	0.993410	0.993410	0.997270	0
3IBU_A	3MHM_A	0.992880	0.992880	0.996730	0
3IBU_A	3ML5_A	0.966520	0.981290	0.966520	0
3IBU_A	3MNU_A	0.995650	0.995650	0.999520	0
3IBU_A	3PO6_A	0.998990	0.998990	0.998990	0
3IBU_A	3RYJ_B	0.993190	0.993190	0.997040	0
3IBU_A	3RYX_B	0.996110	0.996110	0.996110	0
3IBU_A	3RZ5_A	0.995390	0.995390	0.995390	0
3IBU_A	3RZ7_A	0.993890	0.993890	0.997750	0
3IBU_A	3S73_B	0.991950	0.991950	0.995800	0
3IBU_A	3S76_A	0.992540	0.992540	0.996390	0
3IBU_A	3SAX_A	0.996610	0.996610	0.996610	0
3IBU_A	3V2J_A	0.992370	0.992370	0.996220	0
3IBU_A	3ZNC_A	0.867300	0.867300	0.944740	0
3IBU_A	4FL7_A	0.995760	0.995760	0.999630	0
3IBU_A	4ITP_A	0.993100	0.993100	0.996950	0
3IBU_A	4KAP_A	0.996080	0.996080	0.996080	0
3IBU_A	4KP8_A	0.918760	0.929030	0.918760	0
3IBU_A	4MDG_A	0.998980	0.998980	0.998980	0
3IBU_A	4MDM_A	0.999110	0.999110	0.999110	0
3IBU_A	4PYX_A	0.993210	0.993210	0.997060	0
3IBU_A	4QK1_A	0.981470	0.981470	0.985250	0
3IBU_A	4R59_A	0.996520	0.996520	0.996520	0
3IBU_A	4R5A_A	0.988460	0.992280	0.988460	0
3IBU_A	4TWM_A	0.824180	0.824180	0.886010	0
3IBU_A	4YGN_A	0.992730	0.992730	0.996580	0
3IBU_A	4YWP_A	0.990680	0.990680	0.994520	0
3IBU_A	4Z1E_A	0.993680	0.997520	0.993680	0
3IBU_A	5DOG_A	0.993650	0.993650	0.997500	0
3IBU_A	5DSQ_A	0.992850	0.992850	0.996700	0
3IBU_A	5EKM_A	0.993060	0.993060	0.996910	0
3IBU_A	5FL5_A	0.888480	0.888480	0.912010	0
3IBU_A	5FLO_A	0.996070	0.996070	0.996070	0
3IBU_A	5FNM_A	0.996100	0.996100	0.996100	0
3IBU_A	5G0B_A	0.992830	0.992830	0.996680	0
3IBU_A	5GMN_A	0.983310	0.983310	0.987090	0
3IBU_A	5IPZ_A	0.873060	0.882750	0.873060	0
3IBU_A	5KU6_A	0.878540	0.878540	0.926670	0
3IBU_A	5L6K_A	0.989830	0.993640	0.989830	0
3IBU_A	5LL9_A	0.917990	0.928230	0.917990	0
3IBU_A	5LLE_A	0.991690	0.991690	0.995530	0
3IBU_A	5LLG_A	0.993520	0.993520	0.997370	0
3IBU_A	5LLN_A	0.967990	0.971660	0.967990	0
3IBU_A	5LLP_A	0.923010	0.929890	0.923010	0
3IBU_A	5M78_A	0.992530	0.996360	0.992530	0
3IBU_A	5MSA_A	0.918440	0.928700	0.918440	0
3IBU_A	5NXG_A	0.992650	0.992650	0.996500	0
3IBU_A	5NXV_A	0.997630	0.997630	0.997630	0
3IBU_A	5SZ2_A	0.992120	0.992120	0.995970	0
3IBU_A	5SZ5_A	0.992150	0.992150	0.995990	0
3IBU_A	5TFX_A	0.996600	0.996600	0.996600	0
3IBU_A	5TH4_A	0.993260	0.993260	0.997110	0
3IBU_A	5THJ_A	0.991980	0.991980	0.995830	0
3IBU_A	5TT8_A	0.704120	0.704120	0.890830	0
3IBU_A	5TV3_A	0.772910	0.772910	0.875090	0
3IBU_A	5TY1_A	0.996260	0.996260	0.996260	0
3IBU_A	5U0F_A	0.996320	0.996320	0.996320	0
3IBU_A	5WLR_A	0.992810	0.992810	0.996660	0
3IBU_A	5Y2R_A	0.993690	0.993690	0.997550	0
3IBU_A	5Y2S_A	0.993560	0.993560	0.997420	0
3IBU_A	5YUJ_A	0.992690	0.992690	0.996540	0
3IBU_A	6B00_A	0.969240	0.987890	0.969240	0
3IBU_A	6D1L_A	0.992240	0.996080	0.992240	0
3IBU_A	6GOT_A	0.993120	0.993120	0.996970	0
3IBU_A	6H36_A	0.974330	0.978050	0.974330	0
3IBU_A	6HR3_A	0.995260	0.995260	0.999130	0
3IBU_A	6KM1_A	0.992860	0.992860	0.996710	0
3IBU_A	6OTI_A	0.992550	0.992550	0.996400	0
3IBU_A	6QNL_A	0.919960	0.919960	0.937380	0
3IBU_A	6R6Y_A	0.919850	0.930140	0.919850	0
3IBU_A	6RG4_A	0.997310	0.997310	0.997310	0
3IBU_A	6RQQ_A	0.898960	0.898960	0.905680	0
3IBU_A	6UGN_A	0.993570	0.993570	0.997430	0
3IBU_A	6Y74_A	0.897950	0.897950	0.897950	0
3IBU_A	6YJ3_A	0.992310	0.992310	0.992310	0
3IBU_A	7MU3_A	0.991520	0.995350	0.991520	0
3IBU_A	7NG1_A	0.838080	0.896430	0.838080	0
3IFW_A	3IRT_A	0.950770	0.950770	0.950770	0
3IFW_A	3KVF_A	0.995710	0.995710	0.995710	0
3IFW_A	3KW5_A	0.995890	0.995890	0.995890	0
3IFW_A	3RII_A	0.809640	0.809640	0.858670	0
3IFW_A	3RIS_A	0.813740	0.827010	0.813740	0
3IFW_A	4DM9_A	0.950110	0.950110	0.950110	0
3IFW_A	4I6N_A	0.821990	0.821990	0.850610	0
3IFW_A	4JKJ_A	0.946300	0.946300	0.946300	0
3IFW_A	4JKJ_B	0.952590	0.952590	0.952590	0
3IFW_A	4UEL_A	0.634710	0.844760	0.634710	0
3IFW_A	4UEM_A	0.636860	0.788050	0.636860	0
3IFW_A	4UF5_A	0.623950	0.798050	0.623950	0
3IFW_A	4UF6_A	0.651250	0.838890	0.651250	0
3IFW_A	4WLP_A	0.627890	0.811140	0.627890	0
3IFW_A	4WLQ_A	0.635760	0.815110	0.635760	0
3IFW_A	4WLR_A	0.645410	0.842820	0.645410	0
3IRT_A	3KVF_A	0.946470	0.946470	0.946470	0
3IRT_A	3KW5_A	0.947770	0.947770	0.947770	0
3IRT_A	3RII_A	0.816050	0.816050	0.865700	0
3IRT_A	3RIS_A	0.818460	0.831860	0.818460	0
3IRT_A	4DM9_A	0.988960	0.988960	0.988960	0
3IRT_A	4I6N_A	0.813410	0.813410	0.841280	0
3IRT_A	4JKJ_A	0.985650	0.985650	0.985650	0
3IRT_A	4JKJ_B	0.983530	0.983530	0.983530	0
3IRT_A	4UEL_A	0.629140	0.834640	0.629140	0
3IRT_A	4UEM_A	0.641210	0.794920	0.641210	0
3IRT_A	4UF5_A	0.630350	0.808500	0.630350	0
3IRT_A	4UF6_A	0.643350	0.826410	0.643350	0
3IRT_A	4WLP_A	0.632700	0.819670	0.632700	0
3IRT_A	4WLQ_A	0.636640	0.817210	0.636640	0
3IRT_A	4WLR_A	0.640560	0.834670	0.640560	0
3JXF_A	3KKX_A	0.874950	0.874950	0.906980	0
3JXF_A	3KON_A	0.874760	0.874760	0.906760	0
3JXF_A	3M1Q_A	0.872400	0.872400	0.907660	0
3JXF_A	3M67_A	0.873910	0.873910	0.909260	0
3JXF_A	3M96_A	0.873250	0.873250	0.908550	0
3JXF_A	3MHM_A	0.872640	0.872640	0.907880	0
3JXF_A	3ML5_A	0.883810	0.883810	0.902940	0
3JXF_A	3MNU_A	0.872020	0.872020	0.907250	0
3JXF_A	3PO6_A	0.873670	0.873670	0.905630	0
3JXF_A	3RYJ_B	0.872580	0.872580	0.907850	0
3JXF_A	3RYX_B	0.874900	0.874900	0.906920	0
3JXF_A	3RZ5_A	0.874910	0.874910	0.906920	0
3JXF_A	3RZ7_A	0.871850	0.871850	0.907070	0
3JXF_A	3S73_B	0.874610	0.874610	0.910040	0
3JXF_A	3S76_A	0.871780	0.871780	0.907000	0
3JXF_A	3SAX_A	0.875240	0.875240	0.907280	0
3JXF_A	3V2J_A	0.873810	0.873810	0.909180	0
3JXF_A	3ZNC_A	0.829320	0.829320	0.936750	0
3JXF_A	4FL7_A	0.871780	0.871780	0.906960	0
3JXF_A	4ITP_A	0.873540	0.873540	0.908890	0
3JXF_A	4KAP_A	0.872920	0.872920	0.904830	0
3JXF_A	4KP8_A	0.887880	0.887880	0.910430	0
3JXF_A	4MDG_A	0.874370	0.874370	0.906350	0
3JXF_A	4MDM_A	0.873910	0.873910	0.905860	0
3JXF_A	4PYX_A	0.872150	0.872150	0.907400	0
3JXF_A	4QK1_A	0.873400	0.873400	0.908600	0
3JXF_A	4R59_A	0.874670	0.874670	0.906670	0
3JXF_A	4R5A_A	0.873150	0.873150	0.901810	0
3JXF_A	4TWM_A	0.792820	0.792820	0.883330	0
3JXF_A	4YGN_A	0.871350	0.871350	0.906550	0
3JXF_A	4YWP_A	0.873770	0.873770	0.909100	0
3JXF_A	4Z1E_A	0.875640	0.875640	0.904340	0
3JXF_A	5DOG_A	0.871850	0.871850	0.907040	0
3JXF_A	5DSQ_A	0.873740	0.873740	0.909090	0
3JXF_A	5EKM_A	0.873380	0.873380	0.908710	0
3JXF_A	5FL5_A	0.870970	0.870970	0.927010	0
3JXF_A	5FLO_A	0.876320	0.876320	0.908410	0
3JXF_A	5FNM_A	0.876540	0.876540	0.908640	0
3JXF_A	5G0B_A	0.872930	0.872930	0.908240	0
3JXF_A	5GMN_A	0.869040	0.869040	0.904150	0
3JXF_A	5IPZ_A	0.854950	0.854950	0.876880	0
3JXF_A	5KU6_A	0.833300	0.833300	0.911090	0
3JXF_A	5L6K_A	0.880160	0.880160	0.909080	0
3JXF_A	5LL9_A	0.890410	0.890410	0.913050	0
3JXF_A	5LLE_A	0.872950	0.872950	0.908230	0
3JXF_A	5LLG_A	0.872360	0.872360	0.907610	0
3JXF_A	5LLN_A	0.870420	0.870420	0.898740	0
3JXF_A	5LLP_A	0.890610	0.890610	0.916570	0
3JXF_A	5M78_A	0.871270	0.871270	0.899790	0
3JXF_A	5MSA_A	0.891540	0.891540	0.914230	0
3JXF_A	5NXG_A	0.875480	0.875480	0.910950	0
3JXF_A	5NXV_A	0.874550	0.874550	0.906540	0
3JXF_A	5SZ2_A	0.873730	0.873730	0.909090	0
3JXF_A	5SZ5_A	0.873510	0.873510	0.908840	0
3JXF_A	5TFX_A	0.875540	0.875540	0.907580	0
3JXF_A	5TH4_A	0.871760	0.871760	0.906950	0
3JXF_A	5THJ_A	0.874440	0.874440	0.909840	0
3JXF_A	5TT8_A	0.684640	0.684640	0.898560	0
3JXF_A	5TV3_A	0.747550	0.747550	0.876680	0
3JXF_A	5TY1_A	0.876560	0.876560	0.908660	0
3JXF_A	5U0F_A	0.876990	0.876990	0.909120	0
3JXF_A	5WLR_A	0.873040	0.873040	0.908330	0
3JXF_A	5Y2R_A	0.871080	0.871080	0.906240	0
3JXF_A	5Y2S_A	0.870820	0.870820	0.905980	0
3JXF_A	5YUJ_A	0.873190	0.873190	0.908500	0
3JXF_A	6B00_A	0.873290	0.873290	0.888980	0
3JXF_A	6D1L_A	0.878370	0.878370	0.907180	0
3JXF_A	6GOT_A	0.872820	0.872820	0.908080	0
3JXF_A	6H36_A	0.877880	0.877880	0.906740	0
3JXF_A	6HR3_A	0.871720	0.871720	0.906960	0
3JXF_A	6KM1_A	0.869730	0.869730	0.904770	0
3JXF_A	6OTI_A	0.874830	0.874830	0.910300	0
3JXF_A	6QNL_A	0.869970	0.869970	0.918820	0
3JXF_A	6R6Y_A	0.890780	0.890780	0.913440	0
3JXF_A	6RG4_A	0.873980	0.873980	0.905930	0
3JXF_A	6RQQ_A	0.875470	0.875470	0.914540	0
3JXF_A	6UGN_A	0.873190	0.873190	0.908480	0
3JXF_A	6Y74_A	0.884310	0.884310	0.916910	0
3JXF_A	6YJ3_A	0.869170	0.869170	0.900830	0
3JXF_A	7MU3_A	0.876270	0.876270	0.905010	0
3JXF_A	7NG1_A	0.839180	0.865530	0.839180	0
3KKX_A	3KON_A	0.997710	0.997710	0.997710	0
3KKX_A	3M1Q_A	0.994450	0.994450	0.998320	0
3KKX_A	3M67_A	0.993990	0.993990	0.997850	0
3KKX_A	3M96_A	0.994010	0.994010	0.997870	0
3KKX_A	3MHM_A	0.994970	0.994970	0.998830	0
3KKX_A	3ML5_A	0.968760	0.983590	0.968760	0
3KKX_A	3MNU_A	0.992610	0.992610	0.996460	0
3KKX_A	3PO6_A	0.996970	0.996970	0.996970	0
3KKX_A	3RYJ_B	0.994910	0.994910	0.998780	0
3KKX_A	3RYX_B	0.998660	0.998660	0.998660	0
3KKX_A	3RZ5_A	0.996700	0.996700	0.996700	0
3KKX_A	3RZ7_A	0.993840	0.993840	0.997700	0
3KKX_A	3S73_B	0.994640	0.994640	0.998500	0
3KKX_A	3S76_A	0.994490	0.994490	0.998350	0
3KKX_A	3SAX_A	0.997120	0.997120	0.997120	0
3KKX_A	3V2J_A	0.995880	0.995880	0.999750	0
3KKX_A	3ZNC_A	0.871150	0.871150	0.949200	0
3KKX_A	4FL7_A	0.993000	0.993000	0.996850	0
3KKX_A	4ITP_A	0.994850	0.994850	0.998710	0
3KKX_A	4KAP_A	0.997070	0.997070	0.997070	0
3KKX_A	4KP8_A	0.924620	0.935010	0.924620	0
3KKX_A	4MDG_A	0.996760	0.996760	0.996760	0
3KKX_A	4MDM_A	0.996700	0.996700	0.996700	0
3KKX_A	4PYX_A	0.993990	0.993990	0.997860	0
3KKX_A	4QK1_A	0.983780	0.983780	0.987570	0
3KKX_A	4R59_A	0.997400	0.997400	0.997400	0
3KKX_A	4R5A_A	0.989310	0.993140	0.989310	0
3KKX_A	4TWM_A	0.825290	0.825290	0.887260	0
3KKX_A	4YGN_A	0.994860	0.994860	0.998730	0
3KKX_A	4YWP_A	0.992100	0.992100	0.995940	0
3KKX_A	4Z1E_A	0.994720	0.998570	0.994720	0
3KKX_A	5DOG_A	0.994670	0.994670	0.998530	0
3KKX_A	5DSQ_A	0.994740	0.994740	0.998610	0
3KKX_A	5EKM_A	0.995020	0.995020	0.998880	0
3KKX_A	5FL5_A	0.891850	0.891850	0.915540	0
3KKX_A	5FLO_A	0.995900	0.995900	0.995900	0
3KKX_A	5FNM_A	0.995650	0.995650	0.995650	0
3KKX_A	5G0B_A	0.992830	0.992830	0.996680	0
3KKX_A	5GMN_A	0.982850	0.982850	0.986630	0
3KKX_A	5IPZ_A	0.874490	0.884230	0.874490	0
3KKX_A	5KU6_A	0.880960	0.880960	0.929350	0
3KKX_A	5L6K_A	0.990170	0.993990	0.990170	0
3KKX_A	5LL9_A	0.923020	0.933370	0.923020	0
3KKX_A	5LLE_A	0.994280	0.994280	0.998140	0
3KKX_A	5LLG_A	0.994550	0.994550	0.998410	0
3KKX_A	5LLN_A	0.972270	0.975960	0.972270	0
3KKX_A	5LLP_A	0.927940	0.934890	0.927940	0
3KKX_A	5M78_A	0.993670	0.997520	0.993670	0
3KKX_A	5MSA_A	0.923450	0.933800	0.923450	0
3KKX_A	5NXG_A	0.992410	0.992410	0.996260	0
3KKX_A	5NXV_A	0.997670	0.997670	0.997670	0
3KKX_A	5SZ2_A	0.994610	0.994610	0.998470	0
3KKX_A	5SZ5_A	0.994220	0.994220	0.998080	0
3KKX_A	5TFX_A	0.995970	0.995970	0.995970	0
3KKX_A	5TH4_A	0.995000	0.995000	0.998870	0
3KKX_A	5THJ_A	0.993960	0.993960	0.997820	0
3KKX_A	5TT8_A	0.706160	0.706160	0.893850	0
3KKX_A	5TV3_A	0.775290	0.775290	0.878080	0
3KKX_A	5TY1_A	0.995640	0.995640	0.995640	0
3KKX_A	5U0F_A	0.994760	0.994760	0.994760	0
3KKX_A	5WLR_A	0.994510	0.994510	0.998380	0
3KKX_A	5Y2R_A	0.994210	0.994210	0.998070	0
3KKX_A	5Y2S_A	0.994070	0.994070	0.997930	0
3KKX_A	5YUJ_A	0.995240	0.995240	0.999110	0
3KKX_A	6B00_A	0.972830	0.991610	0.972830	0
3KKX_A	6D1L_A	0.990770	0.994590	0.990770	0
3KKX_A	6GOT_A	0.995280	0.995280	0.999140	0
3KKX_A	6H36_A	0.977090	0.980830	0.977090	0
3KKX_A	6HR3_A	0.992510	0.992510	0.996360	0
3KKX_A	6KM1_A	0.994420	0.994420	0.998280	0
3KKX_A	6OTI_A	0.994110	0.994110	0.997970	0
3KKX_A	6QNL_A	0.925060	0.925060	0.942650	0
3KKX_A	6R6Y_A	0.924650	0.935040	0.924650	0
3KKX_A	6RG4_A	0.998600	0.998600	0.998600	0
3KKX_A	6RQQ_A	0.902870	0.902870	0.909640	0
3KKX_A	6UGN_A	0.994790	0.994790	0.998660	0
3KKX_A	6Y74_A	0.901720	0.901720	0.901720	0
3KKX_A	6YJ3_A	0.992730	0.992730	0.992730	0
3KKX_A	7MU3_A	0.991210	0.995040	0.991210	0
3KKX_A	7NG1_A	0.840700	0.899360	0.840700	0
3KNU_A	4YPX_A	0.764930	0.942720	0.764930	0
3KNU_A	4YQD_A	0.750670	0.943970	0.750670	0
3KNU_A	4YVG_A	0.764430	0.941960	0.764430	0
3KNU_A	4YVH_A	0.759340	0.938910	0.759340	0
3KNU_A	4YVJ_A	0.758970	0.934840	0.758970	0
3KNU_A	5TWJ_A	0.570270	0.570270	0.673140	0
3KNU_A	5WYR_A	0.748620	0.932140	0.748620	0
3KNU_A	6AFK_A	0.766250	0.935890	0.766250	0
3KNU_A	6JOF_A	0.827500	0.883150	0.827500	0
3KNU_A	6QOE_A	0.786480	0.864510	0.786480	0
3KNU_A	6QOW_A	0.793750	0.873020	0.793750	0
3KNU_A	6QQQ_A	0.787550	0.859160	0.787550	0
3KNU_A	6QQY_A	0.779420	0.867950	0.779420	0
3KNU_A	6QR2_A	0.786580	0.864820	0.786580	0
3KNU_A	6QRD_A	0.794140	0.869600	0.794140	0
3KNU_A	6QRE_A	0.780880	0.851660	0.780880	0
3KON_A	3M1Q_A	0.995160	0.995160	0.999030	0
3KON_A	3M67_A	0.994330	0.994330	0.998190	0
3KON_A	3M96_A	0.994910	0.994910	0.998770	0
3KON_A	3MHM_A	0.995300	0.995300	0.999170	0
3KON_A	3ML5_A	0.969310	0.984160	0.969310	0
3KON_A	3MNU_A	0.993390	0.993390	0.997250	0
3KON_A	3PO6_A	0.997110	0.997110	0.997110	0
3KON_A	3RYJ_B	0.995430	0.995430	0.999300	0
3KON_A	3RYX_B	0.997680	0.997680	0.997680	0
3KON_A	3RZ5_A	0.997180	0.997180	0.997180	0
3KON_A	3RZ7_A	0.994810	0.994810	0.998680	0
3KON_A	3S73_B	0.994730	0.994730	0.998600	0
3KON_A	3S76_A	0.995450	0.995450	0.999320	0
3KON_A	3SAX_A	0.997500	0.997500	0.997500	0
3KON_A	3V2J_A	0.995010	0.995010	0.998870	0
3KON_A	3ZNC_A	0.870000	0.870000	0.947840	0
3KON_A	4FL7_A	0.993700	0.993700	0.997560	0
3KON_A	4ITP_A	0.995420	0.995420	0.999290	0
3KON_A	4KAP_A	0.998980	0.998980	0.998980	0
3KON_A	4KP8_A	0.923170	0.933530	0.923170	0
3KON_A	4MDG_A	0.997380	0.997380	0.997380	0
3KON_A	4MDM_A	0.997500	0.997500	0.997500	0
3KON_A	4PYX_A	0.994760	0.994760	0.998620	0
3KON_A	4QK1_A	0.983710	0.983710	0.987500	0
3KON_A	4R59_A	0.998850	0.998850	0.998850	0
3KON_A	4R5A_A	0.990510	0.994340	0.990510	0
3KON_A	4TWM_A	0.825370	0.825370	0.887360	0
3KON_A	4YGN_A	0.995090	0.995090	0.998950	0
3KON_A	4YWP_A	0.992720	0.992720	0.996570	0
3KON_A	4Z1E_A	0.994490	0.998340	0.994490	0
3KON_A	5DOG_A	0.995330	0.995330	0.999200	0
3KON_A	5DSQ_A	0.994970	0.994970	0.998840	0
3KON_A	5EKM_A	0.995570	0.995570	0.999440	0
3KON_A	5FL5_A	0.891250	0.891250	0.914910	0
3KON_A	5FLO_A	0.996870	0.996870	0.996870	0
3KON_A	5FNM_A	0.996580	0.996580	0.996580	0
3KON_A	5G0B_A	0.993700	0.993700	0.997560	0
3KON_A	5GMN_A	0.982730	0.982730	0.986510	0
3KON_A	5IPZ_A	0.873570	0.883290	0.873570	0
3KON_A	5KU6_A	0.881550	0.881550	0.929990	0
3KON_A	5L6K_A	0.990820	0.994640	0.990820	0
3KON_A	5LL9_A	0.921890	0.932220	0.921890	0
3KON_A	5LLE_A	0.994650	0.994650	0.998510	0
3KON_A	5LLG_A	0.995260	0.995260	0.999130	0
3KON_A	5LLN_A	0.970780	0.974470	0.970780	0
3KON_A	5LLP_A	0.926880	0.933810	0.926880	0
3KON_A	5M78_A	0.993390	0.997240	0.993390	0
3KON_A	5MSA_A	0.922590	0.932930	0.922590	0
3KON_A	5NXG_A	0.993160	0.993160	0.997020	0
3KON_A	5NXV_A	0.997990	0.997990	0.997990	0
3KON_A	5SZ2_A	0.995130	0.995130	0.999000	0
3KON_A	5SZ5_A	0.994730	0.994730	0.998590	0
3KON_A	5TFX_A	0.996810	0.996810	0.996810	0
3KON_A	5TH4_A	0.995390	0.995390	0.999260	0
3KON_A	5THJ_A	0.994310	0.994310	0.998170	0
3KON_A	5TT8_A	0.705400	0.705400	0.892620	0
3KON_A	5TV3_A	0.774280	0.774280	0.876590	0
3KON_A	5TY1_A	0.996700	0.996700	0.996700	0
3KON_A	5U0F_A	0.996140	0.996140	0.996140	0
3KON_A	5WLR_A	0.994790	0.994790	0.998660	0
3KON_A	5Y2R_A	0.994740	0.994740	0.998610	0
3KON_A	5Y2S_A	0.994550	0.994550	0.998410	0
3KON_A	5YUJ_A	0.995490	0.995490	0.999360	0
3KON_A	6B00_A	0.972310	0.991070	0.972310	0
3KON_A	6D1L_A	0.992170	0.996010	0.992170	0
3KON_A	6GOT_A	0.995620	0.995620	0.999490	0
3KON_A	6H36_A	0.978170	0.981910	0.978170	0
3KON_A	6HR3_A	0.993440	0.993440	0.997300	0
3KON_A	6KM1_A	0.994900	0.994900	0.998770	0
3KON_A	6OTI_A	0.993840	0.993840	0.997700	0
3KON_A	6QNL_A	0.923580	0.923580	0.941130	0
3KON_A	6R6Y_A	0.923490	0.933850	0.923490	0
3KON_A	6RG4_A	0.999070	0.999070	0.999070	0
3KON_A	6RQQ_A	0.902140	0.902140	0.908900	0
3KON_A	6UGN_A	0.995010	0.995010	0.998880	0
3KON_A	6Y74_A	0.900840	0.900840	0.900840	0
3KON_A	6YJ3_A	0.991200	0.991200	0.991200	0
3KON_A	7MU3_A	0.991470	0.995310	0.991470	0
3KON_A	7NG1_A	0.840430	0.899040	0.840430	0
3KVF_A	3KW5_A	0.995810	0.995810	0.995810	0
3KVF_A	3RII_A	0.810230	0.810230	0.859330	0
3KVF_A	3RIS_A	0.816920	0.830280	0.816920	0
3KVF_A	4DM9_A	0.945880	0.945880	0.945880	0
3KVF_A	4I6N_A	0.823500	0.823500	0.852210	0
3KVF_A	4JKJ_A	0.941010	0.941010	0.941010	0
3KVF_A	4JKJ_B	0.947480	0.947480	0.947480	0
3KVF_A	4UEL_A	0.634320	0.844050	0.634320	0
3KVF_A	4UEM_A	0.636960	0.788140	0.636960	0
3KVF_A	4UF5_A	0.624730	0.799640	0.624730	0
3KVF_A	4UF6_A	0.651810	0.839290	0.651810	0
3KVF_A	4WLP_A	0.628000	0.811290	0.628000	0
3KVF_A	4WLQ_A	0.636550	0.816120	0.636550	0
3KVF_A	4WLR_A	0.645560	0.842770	0.645560	0
3KW5_A	3RII_A	0.811720	0.811720	0.860970	0
3KW5_A	3RIS_A	0.817440	0.830790	0.817440	0
3KW5_A	4DM9_A	0.946610	0.946610	0.946610	0
3KW5_A	4I6N_A	0.822830	0.822830	0.851510	0
3KW5_A	4JKJ_A	0.943640	0.943640	0.943640	0
3KW5_A	4JKJ_B	0.948820	0.948820	0.948820	0
3KW5_A	4UEL_A	0.634710	0.844570	0.634710	0
3KW5_A	4UEM_A	0.637630	0.789130	0.637630	0
3KW5_A	4UF5_A	0.625580	0.800630	0.625580	0
3KW5_A	4UF6_A	0.652210	0.839970	0.652210	0
3KW5_A	4WLP_A	0.629140	0.813050	0.629140	0
3KW5_A	4WLQ_A	0.637220	0.817250	0.637220	0
3KW5_A	4WLR_A	0.645810	0.843320	0.645810	0
3L05_A	3L06_A	0.999320	0.999320	0.999320	0
3L05_A	3M4N_A	0.995780	0.998780	0.995780	0
3L05_A	3M5D_A	0.995380	0.998380	0.995380	0
3L06_A	3M4N_A	0.995370	0.998370	0.995370	0
3L06_A	3M5D_A	0.995510	0.998520	0.995510	0
3M1Q_A	3M67_A	0.997680	0.997680	0.997680	0
3M1Q_A	3M96_A	0.998210	0.998210	0.998210	0
3M1Q_A	3MHM_A	0.998400	0.998400	0.998400	0
3M1Q_A	3ML5_A	0.966920	0.985510	0.966920	0
3M1Q_A	3MNU_A	0.998240	0.998240	0.998240	0
3M1Q_A	3PO6_A	0.995050	0.998920	0.995050	0
3M1Q_A	3RYJ_B	0.998810	0.998810	0.998810	0
3M1Q_A	3RYX_B	0.994740	0.998610	0.994740	0
3M1Q_A	3RZ5_A	0.994920	0.998790	0.994920	0
3M1Q_A	3RZ7_A	0.998950	0.998950	0.998950	0
3M1Q_A	3S73_B	0.998030	0.998030	0.998030	0
3M1Q_A	3S76_A	0.998420	0.998420	0.998420	0
3M1Q_A	3SAX_A	0.993610	0.997460	0.993610	0
3M1Q_A	3V2J_A	0.998220	0.998220	0.998220	0
3M1Q_A	3ZNC_A	0.871980	0.871980	0.946360	0
3M1Q_A	4FL7_A	0.998530	0.998530	0.998530	0
3M1Q_A	4ITP_A	0.999100	0.999100	0.999100	0
3M1Q_A	4KAP_A	0.994450	0.998320	0.994450	0
3M1Q_A	4KP8_A	0.922140	0.935970	0.922140	0
3M1Q_A	4MDG_A	0.994990	0.998860	0.994990	0
3M1Q_A	4MDM_A	0.995040	0.998900	0.995040	0
3M1Q_A	4PYX_A	0.998100	0.998100	0.998100	0
3M1Q_A	4QK1_A	0.986890	0.986890	0.986890	0
3M1Q_A	4R59_A	0.994610	0.998470	0.994610	0
3M1Q_A	4R5A_A	0.986550	0.994220	0.986550	0
3M1Q_A	4TWM_A	0.826130	0.826130	0.884890	0
3M1Q_A	4YGN_A	0.998390	0.998390	0.998390	0
3M1Q_A	4YWP_A	0.995990	0.995990	0.995990	0
3M1Q_A	4Z1E_A	0.990920	0.998620	0.990920	0
3M1Q_A	5DOG_A	0.998760	0.998760	0.998760	0
3M1Q_A	5DSQ_A	0.998630	0.998630	0.998630	0
3M1Q_A	5EKM_A	0.999090	0.999090	0.999090	0
3M1Q_A	5FL5_A	0.892780	0.892780	0.913070	0
3M1Q_A	5FLO_A	0.995400	0.999270	0.995400	0
3M1Q_A	5FNM_A	0.995220	0.999090	0.995220	0
3M1Q_A	5G0B_A	0.997350	0.997350	0.997350	0
3M1Q_A	5GMN_A	0.986640	0.986640	0.986640	0
3M1Q_A	5IPZ_A	0.870610	0.883590	0.870610	0
3M1Q_A	5KU6_A	0.880250	0.880250	0.925120	0
3M1Q_A	5L6K_A	0.989100	0.996770	0.989100	0
3M1Q_A	5LL9_A	0.920710	0.934500	0.920710	0
3M1Q_A	5LLE_A	0.997730	0.997730	0.997730	0
3M1Q_A	5LLG_A	0.998550	0.998550	0.998550	0
3M1Q_A	5LLN_A	0.969540	0.976950	0.969540	0
3M1Q_A	5LLP_A	0.925770	0.936190	0.925770	0
3M1Q_A	5M78_A	0.990110	0.997800	0.990110	0
3M1Q_A	5MSA_A	0.921410	0.935220	0.921410	0
3M1Q_A	5NXG_A	0.996900	0.996900	0.996900	0
3M1Q_A	5NXV_A	0.994250	0.998110	0.994250	0
3M1Q_A	5SZ2_A	0.998370	0.998370	0.998370	0
3M1Q_A	5SZ5_A	0.997590	0.997590	0.997590	0
3M1Q_A	5TFX_A	0.995460	0.999330	0.995460	0
3M1Q_A	5TH4_A	0.998850	0.998850	0.998850	0
3M1Q_A	5THJ_A	0.997630	0.997630	0.997630	0
3M1Q_A	5TT8_A	0.707280	0.707280	0.891500	0
3M1Q_A	5TV3_A	0.776920	0.776920	0.876340	0
3M1Q_A	5TY1_A	0.995380	0.999250	0.995380	0
3M1Q_A	5U0F_A	0.995100	0.998960	0.995100	0
3M1Q_A	5WLR_A	0.998160	0.998160	0.998160	0
3M1Q_A	5Y2R_A	0.999150	0.999150	0.999150	0
3M1Q_A	5Y2S_A	0.999150	0.999150	0.999150	0
3M1Q_A	5YUJ_A	0.998870	0.998870	0.998870	0
3M1Q_A	6B00_A	0.971920	0.994500	0.971920	0
3M1Q_A	6D1L_A	0.991290	0.999000	0.991290	0
3M1Q_A	6GOT_A	0.998960	0.998960	0.998960	0
3M1Q_A	6H36_A	0.977320	0.984830	0.977320	0
3M1Q_A	6HR3_A	0.998320	0.998320	0.998320	0
3M1Q_A	6KM1_A	0.998610	0.998610	0.998610	0
3M1Q_A	6OTI_A	0.997570	0.997570	0.997570	0
3M1Q_A	6QNL_A	0.925880	0.925880	0.939940	0
3M1Q_A	6R6Y_A	0.922520	0.936350	0.922520	0
3M1Q_A	6RG4_A	0.995350	0.999220	0.995350	0
3M1Q_A	6RQQ_A	0.904130	0.904130	0.907500	0
3M1Q_A	6UGN_A	0.998630	0.998630	0.998630	0
3M1Q_A	6Y74_A	0.898020	0.901360	0.898020	0
3M1Q_A	6YJ3_A	0.990170	0.994000	0.990170	0
3M1Q_A	7MU3_A	0.990390	0.998090	0.990390	0
3M1Q_A	7NG1_A	0.839100	0.900860	0.839100	0
3M4N_A	3M5D_A	0.997880	0.997880	0.997880	0
3M67_A	3M96_A	0.998760	0.998760	0.998760	0
3M67_A	3MHM_A	0.998880	0.998880	0.998880	0
3M67_A	3ML5_A	0.965910	0.984460	0.965910	0
3M67_A	3MNU_A	0.997200	0.997200	0.997200	0
3M67_A	3PO6_A	0.993780	0.997640	0.993780	0
3M67_A	3RYJ_B	0.997970	0.997970	0.997970	0
3M67_A	3RYX_B	0.994290	0.998150	0.994290	0
3M67_A	3RZ5_A	0.993970	0.997830	0.993970	0
3M67_A	3RZ7_A	0.997020	0.997020	0.997020	0
3M67_A	3S73_B	0.997440	0.997440	0.997440	0
3M67_A	3S76_A	0.997680	0.997680	0.997680	0
3M67_A	3SAX_A	0.994160	0.998020	0.994160	0
3M67_A	3V2J_A	0.997920	0.997920	0.997920	0
3M67_A	3ZNC_A	0.871890	0.871890	0.946270	0
3M67_A	4FL7_A	0.997150	0.997150	0.997150	0
3M67_A	4ITP_A	0.997940	0.997940	0.997940	0
3M67_A	4KAP_A	0.993030	0.996880	0.993030	0
3M67_A	4KP8_A	0.923110	0.936970	0.923110	0
3M67_A	4MDG_A	0.993350	0.997210	0.993350	0
3M67_A	4MDM_A	0.993680	0.997540	0.993680	0
3M67_A	4PYX_A	0.998560	0.998560	0.998560	0
3M67_A	4QK1_A	0.987400	0.987400	0.987400	0
3M67_A	4R59_A	0.993990	0.997850	0.993990	0
3M67_A	4R5A_A	0.986120	0.993780	0.986120	0
3M67_A	4TWM_A	0.827710	0.827710	0.886690	0
3M67_A	4YGN_A	0.997610	0.997610	0.997610	0
3M67_A	4YWP_A	0.995700	0.995700	0.995700	0
3M67_A	4Z1E_A	0.991030	0.998730	0.991030	0
3M67_A	5DOG_A	0.998280	0.998280	0.998280	0
3M67_A	5DSQ_A	0.998300	0.998300	0.998300	0
3M67_A	5EKM_A	0.998210	0.998210	0.998210	0
3M67_A	5FL5_A	0.894280	0.894280	0.914630	0
3M67_A	5FLO_A	0.993260	0.997120	0.993260	0
3M67_A	5FNM_A	0.993960	0.997820	0.993960	0
3M67_A	5G0B_A	0.997570	0.997570	0.997570	0
3M67_A	5GMN_A	0.986690	0.986690	0.986690	0
3M67_A	5IPZ_A	0.869660	0.882620	0.869660	0
3M67_A	5KU6_A	0.878390	0.878390	0.923100	0
3M67_A	5L6K_A	0.987180	0.994830	0.987180	0
3M67_A	5LL9_A	0.921720	0.935540	0.921720	0
3M67_A	5LLE_A	0.998140	0.998140	0.998140	0
3M67_A	5LLG_A	0.998590	0.998590	0.998590	0
3M67_A	5LLN_A	0.966730	0.974090	0.966730	0
3M67_A	5LLP_A	0.926570	0.937000	0.926570	0
3M67_A	5M78_A	0.989660	0.997340	0.989660	0
3M67_A	5MSA_A	0.922430	0.936270	0.922430	0
3M67_A	5NXG_A	0.998250	0.998250	0.998250	0
3M67_A	5NXV_A	0.994800	0.998670	0.994800	0
3M67_A	5SZ2_A	0.998120	0.998120	0.998120	0
3M67_A	5SZ5_A	0.997900	0.997900	0.997900	0
3M67_A	5TFX_A	0.993580	0.997440	0.993580	0
3M67_A	5TH4_A	0.998560	0.998560	0.998560	0
3M67_A	5THJ_A	0.997300	0.997300	0.997300	0
3M67_A	5TT8_A	0.708310	0.708310	0.893080	0
3M67_A	5TV3_A	0.777670	0.777670	0.877440	0
3M67_A	5TY1_A	0.993190	0.997040	0.993190	0
3M67_A	5U0F_A	0.992940	0.996800	0.992940	0
3M67_A	5WLR_A	0.997690	0.997690	0.997690	0
3M67_A	5Y2R_A	0.997110	0.997110	0.997110	0
3M67_A	5Y2S_A	0.996880	0.996880	0.996880	0
3M67_A	5YUJ_A	0.998320	0.998320	0.998320	0
3M67_A	6B00_A	0.971960	0.994540	0.971960	0
3M67_A	6D1L_A	0.988700	0.996370	0.988700	0
3M67_A	6GOT_A	0.998420	0.998420	0.998420	0
3M67_A	6H36_A	0.976750	0.984250	0.976750	0
3M67_A	6HR3_A	0.996290	0.996290	0.996290	0
3M67_A	6KM1_A	0.997030	0.997030	0.997030	0
3M67_A	6OTI_A	0.996890	0.996890	0.996890	0
3M67_A	6QNL_A	0.927090	0.927090	0.941180	0
3M67_A	6R6Y_A	0.923350	0.937210	0.923350	0
3M67_A	6RG4_A	0.994510	0.998380	0.994510	0
3M67_A	6RQQ_A	0.905000	0.905000	0.908380	0
3M67_A	6UGN_A	0.998360	0.998360	0.998360	0
3M67_A	6Y74_A	0.898920	0.902260	0.898920	0
3M67_A	6YJ3_A	0.987490	0.991300	0.987490	0
3M67_A	7MU3_A	0.989730	0.997410	0.989730	0
3M67_A	7NG1_A	0.840450	0.902390	0.840450	0
3M96_A	3MHM_A	0.999110	0.999110	0.999110	0
3M96_A	3ML5_A	0.966630	0.985200	0.966630	0
3M96_A	3MNU_A	0.997640	0.997640	0.997640	0
3M96_A	3PO6_A	0.994320	0.998180	0.994320	0
3M96_A	3RYJ_B	0.998660	0.998660	0.998660	0
3M96_A	3RYX_B	0.994720	0.998580	0.994720	0
3M96_A	3RZ5_A	0.994650	0.998520	0.994650	0
3M96_A	3RZ7_A	0.997470	0.997470	0.997470	0
3M96_A	3S73_B	0.997820	0.997820	0.997820	0
3M96_A	3S76_A	0.998340	0.998340	0.998340	0
3M96_A	3SAX_A	0.994730	0.998600	0.994730	0
3M96_A	3V2J_A	0.997870	0.997870	0.997870	0
3M96_A	3ZNC_A	0.872790	0.872790	0.947320	0
3M96_A	4FL7_A	0.997550	0.997550	0.997550	0
3M96_A	4ITP_A	0.998510	0.998510	0.998510	0
3M96_A	4KAP_A	0.993840	0.997700	0.993840	0
3M96_A	4KP8_A	0.922570	0.936420	0.922570	0
3M96_A	4MDG_A	0.993820	0.997680	0.993820	0
3M96_A	4MDM_A	0.994340	0.998200	0.994340	0
3M96_A	4PYX_A	0.998890	0.998890	0.998890	0
3M96_A	4QK1_A	0.987460	0.987460	0.987460	0
3M96_A	4R59_A	0.994400	0.998260	0.994400	0
3M96_A	4R5A_A	0.986550	0.994220	0.986550	0
3M96_A	4TWM_A	0.828740	0.828740	0.887850	0
3M96_A	4YGN_A	0.998150	0.998150	0.998150	0
3M96_A	4YWP_A	0.996460	0.996460	0.996460	0
3M96_A	4Z1E_A	0.991190	0.998900	0.991190	0
3M96_A	5DOG_A	0.998830	0.998830	0.998830	0
3M96_A	5DSQ_A	0.998740	0.998740	0.998740	0
3M96_A	5EKM_A	0.998910	0.998910	0.998910	0
3M96_A	5FL5_A	0.894940	0.894940	0.915320	0
3M96_A	5FLO_A	0.994010	0.997870	0.994010	0
3M96_A	5FNM_A	0.994280	0.998150	0.994280	0
3M96_A	5G0B_A	0.997850	0.997850	0.997850	0
3M96_A	5GMN_A	0.987760	0.987760	0.987760	0
3M96_A	5IPZ_A	0.871890	0.884910	0.871890	0
3M96_A	5KU6_A	0.881130	0.881130	0.926110	0
3M96_A	5L6K_A	0.987660	0.995320	0.987660	0
3M96_A	5LL9_A	0.921770	0.935600	0.921770	0
3M96_A	5LLE_A	0.998680	0.998680	0.998680	0
3M96_A	5LLG_A	0.999490	0.999490	0.999490	0
3M96_A	5LLN_A	0.967210	0.974580	0.967210	0
3M96_A	5LLP_A	0.926750	0.937190	0.926750	0
3M96_A	5M78_A	0.990220	0.997910	0.990220	0
3M96_A	5MSA_A	0.922580	0.936420	0.922580	0
3M96_A	5NXG_A	0.997890	0.997890	0.997890	0
3M96_A	5NXV_A	0.995380	0.999250	0.995380	0
3M96_A	5SZ2_A	0.998670	0.998670	0.998670	0
3M96_A	5SZ5_A	0.998160	0.998160	0.998160	0
3M96_A	5TFX_A	0.993940	0.997800	0.993940	0
3M96_A	5TH4_A	0.999070	0.999070	0.999070	0
3M96_A	5THJ_A	0.997970	0.997970	0.997970	0
3M96_A	5TT8_A	0.707520	0.707520	0.891890	0
3M96_A	5TV3_A	0.777250	0.777250	0.876950	0
3M96_A	5TY1_A	0.993800	0.997650	0.993800	0
3M96_A	5U0F_A	0.993520	0.997370	0.993520	0
3M96_A	5WLR_A	0.997970	0.997970	0.997970	0
3M96_A	5Y2R_A	0.997500	0.997500	0.997500	0
3M96_A	5Y2S_A	0.997430	0.997430	0.997430	0
3M96_A	5YUJ_A	0.998760	0.998760	0.998760	0
3M96_A	6B00_A	0.971860	0.994440	0.971860	0
3M96_A	6D1L_A	0.989580	0.997260	0.989580	0
3M96_A	6GOT_A	0.998910	0.998910	0.998910	0
3M96_A	6H36_A	0.977320	0.984830	0.977320	0
3M96_A	6HR3_A	0.996810	0.996810	0.996810	0
3M96_A	6KM1_A	0.997770	0.997770	0.997770	0
3M96_A	6OTI_A	0.997470	0.997470	0.997470	0
3M96_A	6QNL_A	0.927090	0.927090	0.941180	0
3M96_A	6R6Y_A	0.923430	0.937300	0.923430	0
3M96_A	6RG4_A	0.995190	0.999060	0.995190	0
3M96_A	6RQQ_A	0.906050	0.906050	0.909440	0
3M96_A	6UGN_A	0.998900	0.998900	0.998900	0
3M96_A	6Y74_A	0.899710	0.903060	0.899710	0
3M96_A	6YJ3_A	0.987850	0.991660	0.987850	0
3M96_A	7MU3_A	0.989990	0.997670	0.989990	0
3M96_A	7NG1_A	0.840930	0.902940	0.840930	0
3MHM_A	3ML5_A	0.967110	0.985700	0.967110	0
3MHM_A	3MNU_A	0.997180	0.997180	0.997180	0
3MHM_A	3PO6_A	0.994060	0.997920	0.994060	0
3MHM_A	3RYJ_B	0.999000	0.999000	0.999000	0
3MHM_A	3RYX_B	0.995070	0.998940	0.995070	0
3MHM_A	3RZ5_A	0.994960	0.998820	0.994960	0
3MHM_A	3RZ7_A	0.997840	0.997840	0.997840	0
3MHM_A	3S73_B	0.998120	0.998120	0.998120	0
3MHM_A	3S76_A	0.998730	0.998730	0.998730	0
3MHM_A	3SAX_A	0.994770	0.998640	0.994770	0
3MHM_A	3V2J_A	0.998860	0.998860	0.998860	0
3MHM_A	3ZNC_A	0.873140	0.873140	0.947720	0
3MHM_A	4FL7_A	0.997250	0.997250	0.997250	0
3MHM_A	4ITP_A	0.998730	0.998730	0.998730	0
3MHM_A	4KAP_A	0.994240	0.998100	0.994240	0
3MHM_A	4KP8_A	0.923310	0.937180	0.923310	0
3MHM_A	4MDG_A	0.993820	0.997680	0.993820	0
3MHM_A	4MDM_A	0.994040	0.997900	0.994040	0
3MHM_A	4PYX_A	0.999020	0.999020	0.999020	0
3MHM_A	4QK1_A	0.987410	0.987410	0.987410	0
3MHM_A	4R59_A	0.994560	0.998420	0.994560	0
3MHM_A	4R5A_A	0.986760	0.994420	0.986760	0
3MHM_A	4TWM_A	0.828490	0.828490	0.887560	0
3MHM_A	4YGN_A	0.998460	0.998460	0.998460	0
3MHM_A	4YWP_A	0.996260	0.996260	0.996260	0
3MHM_A	4Z1E_A	0.991530	0.999240	0.991530	0
3MHM_A	5DOG_A	0.998940	0.998940	0.998940	0
3MHM_A	5DSQ_A	0.998800	0.998800	0.998800	0
3MHM_A	5EKM_A	0.999040	0.999040	0.999040	0
3MHM_A	5FL5_A	0.894770	0.894770	0.915130	0
3MHM_A	5FLO_A	0.993870	0.997730	0.993870	0
3MHM_A	5FNM_A	0.994430	0.998290	0.994430	0
3MHM_A	5G0B_A	0.997760	0.997760	0.997760	0
3MHM_A	5GMN_A	0.987180	0.987180	0.987180	0
3MHM_A	5IPZ_A	0.871480	0.884500	0.871480	0
3MHM_A	5KU6_A	0.881080	0.881080	0.926040	0
3MHM_A	5L6K_A	0.987650	0.995300	0.987650	0
3MHM_A	5LL9_A	0.921760	0.935580	0.921760	0
3MHM_A	5LLE_A	0.998790	0.998790	0.998790	0
3MHM_A	5LLG_A	0.999210	0.999210	0.999210	0
3MHM_A	5LLN_A	0.967560	0.974930	0.967560	0
3MHM_A	5LLP_A	0.926710	0.937150	0.926710	0
3MHM_A	5M78_A	0.990650	0.998350	0.990650	0
3MHM_A	5MSA_A	0.922310	0.936140	0.922310	0
3MHM_A	5NXG_A	0.997410	0.997410	0.997410	0
3MHM_A	5NXV_A	0.995250	0.999120	0.995250	0
3MHM_A	5SZ2_A	0.998840	0.998840	0.998840	0
3MHM_A	5SZ5_A	0.998650	0.998650	0.998650	0
3MHM_A	5TFX_A	0.994120	0.997980	0.994120	0
3MHM_A	5TH4_A	0.999310	0.999310	0.999310	0
3MHM_A	5THJ_A	0.998230	0.998230	0.998230	0
3MHM_A	5TT8_A	0.708190	0.708190	0.892900	0
3MHM_A	5TV3_A	0.778040	0.778040	0.877940	0
3MHM_A	5TY1_A	0.993850	0.997700	0.993850	0
3MHM_A	5U0F_A	0.993490	0.997350	0.993490	0
3MHM_A	5WLR_A	0.998510	0.998510	0.998510	0
3MHM_A	5Y2R_A	0.997910	0.997910	0.997910	0
3MHM_A	5Y2S_A	0.997610	0.997610	0.997610	0
3MHM_A	5YUJ_A	0.999100	0.999100	0.999100	0
3MHM_A	6B00_A	0.972180	0.994770	0.972180	0
3MHM_A	6D1L_A	0.989390	0.997070	0.989390	0
3MHM_A	6GOT_A	0.999250	0.999250	0.999250	0
3MHM_A	6H36_A	0.977460	0.984970	0.977460	0
3MHM_A	6HR3_A	0.996730	0.996730	0.996730	0
3MHM_A	6KM1_A	0.998080	0.998080	0.998080	0
3MHM_A	6OTI_A	0.997850	0.997850	0.997850	0
3MHM_A	6QNL_A	0.927350	0.927350	0.941440	0
3MHM_A	6R6Y_A	0.923580	0.937450	0.923580	0
3MHM_A	6RG4_A	0.995370	0.999240	0.995370	0
3MHM_A	6RQQ_A	0.905900	0.905900	0.909300	0
3MHM_A	6UGN_A	0.998970	0.998970	0.998970	0
3MHM_A	6Y74_A	0.899460	0.902810	0.899460	0
3MHM_A	6YJ3_A	0.988120	0.991940	0.988120	0
3MHM_A	7MU3_A	0.990070	0.997760	0.990070	0
3MHM_A	7NG1_A	0.840830	0.902810	0.840830	0
3ML5_A	3MNU_A	0.965600	0.965600	0.984140	0
3ML5_A	3PO6_A	0.968390	0.968390	0.983210	0
3ML5_A	3RYJ_B	0.967090	0.967090	0.985690	0
3ML5_A	3RYX_B	0.969170	0.969170	0.984010	0
3ML5_A	3RZ5_A	0.970540	0.970540	0.985410	0
3ML5_A	3RZ7_A	0.966750	0.966750	0.985330	0
3ML5_A	3S73_B	0.968560	0.968560	0.987210	0
3ML5_A	3S76_A	0.967640	0.967640	0.986250	0
3ML5_A	3SAX_A	0.966950	0.966950	0.981730	0
3ML5_A	3V2J_A	0.967700	0.967700	0.986310	0
3ML5_A	3ZNC_A	0.852330	0.852330	0.942030	0
3ML5_A	4FL7_A	0.965760	0.965760	0.984310	0
3ML5_A	4ITP_A	0.967650	0.967650	0.986270	0
3ML5_A	4KAP_A	0.968630	0.968630	0.983470	0
3ML5_A	4KP8_A	0.927980	0.927980	0.931410	0
3ML5_A	4MDG_A	0.968510	0.968510	0.983330	0
3ML5_A	4MDM_A	0.968200	0.968200	0.983020	0
3ML5_A	4PYX_A	0.967100	0.967100	0.985690	0
3ML5_A	4QK1_A	0.954880	0.954880	0.973060	0
3ML5_A	4R59_A	0.969470	0.969470	0.984320	0
3ML5_A	4R5A_A	0.966180	0.966180	0.977240	0
3ML5_A	4TWM_A	0.812450	0.812450	0.886000	0
3ML5_A	4YGN_A	0.967190	0.967190	0.985790	0
3ML5_A	4YWP_A	0.965380	0.965380	0.983920	0
3ML5_A	4Z1E_A	0.969090	0.969090	0.980160	0
3ML5_A	5DOG_A	0.967000	0.967000	0.985590	0
3ML5_A	5DSQ_A	0.966920	0.966920	0.985510	0
3ML5_A	5EKM_A	0.967000	0.967000	0.985590	0
3ML5_A	5FL5_A	0.884410	0.884410	0.921480	0
3ML5_A	5FLO_A	0.970400	0.970400	0.985260	0
3ML5_A	5FNM_A	0.970990	0.970990	0.985870	0
3ML5_A	5G0B_A	0.967170	0.967170	0.985760	0
3ML5_A	5GMN_A	0.958020	0.958020	0.976290	0
3ML5_A	5IPZ_A	0.872660	0.872660	0.875860	0
3ML5_A	5KU6_A	0.865220	0.865220	0.926120	0
3ML5_A	5L6K_A	0.967770	0.967770	0.978800	0
3ML5_A	5LL9_A	0.927190	0.927190	0.930620	0
3ML5_A	5LLE_A	0.966090	0.966090	0.984640	0
3ML5_A	5LLG_A	0.966940	0.966940	0.985530	0
3ML5_A	5LLN_A	0.965350	0.965350	0.976300	0
3ML5_A	5LLP_A	0.924790	0.924790	0.931660	0
3ML5_A	5M78_A	0.967210	0.967210	0.978260	0
3ML5_A	5MSA_A	0.926700	0.926700	0.930120	0
3ML5_A	5NXG_A	0.965620	0.965620	0.984160	0
3ML5_A	5NXV_A	0.968190	0.968190	0.983000	0
3ML5_A	5SZ2_A	0.967400	0.967400	0.986000	0
3ML5_A	5SZ5_A	0.967740	0.967740	0.986360	0
3ML5_A	5TFX_A	0.970250	0.970250	0.985110	0
3ML5_A	5TH4_A	0.966760	0.966760	0.985340	0
3ML5_A	5THJ_A	0.966820	0.966820	0.985400	0
3ML5_A	5TT8_A	0.696540	0.696540	0.894500	0
3ML5_A	5TV3_A	0.761860	0.761860	0.874710	0
3ML5_A	5TY1_A	0.970240	0.970240	0.985100	0
3ML5_A	5U0F_A	0.970480	0.970480	0.985350	0
3ML5_A	5WLR_A	0.968170	0.968170	0.986800	0
3ML5_A	5Y2R_A	0.966440	0.966440	0.985010	0
3ML5_A	5Y2S_A	0.965920	0.965920	0.984470	0
3ML5_A	5YUJ_A	0.967030	0.967030	0.985630	0
3ML5_A	6B00_A	0.961720	0.965330	0.961720	0
3ML5_A	6D1L_A	0.972200	0.972200	0.983320	0
3ML5_A	6GOT_A	0.967000	0.967000	0.985590	0
3ML5_A	6H36_A	0.983610	0.983610	0.994950	0
3ML5_A	6HR3_A	0.966550	0.966550	0.985130	0
3ML5_A	6KM1_A	0.965500	0.965500	0.984040	0
3ML5_A	6OTI_A	0.967300	0.967300	0.985900	0
3ML5_A	6QNL_A	0.916180	0.916180	0.947530	0
3ML5_A	6R6Y_A	0.928190	0.928190	0.931620	0
3ML5_A	6RG4_A	0.969010	0.969010	0.983850	0
3ML5_A	6RQQ_A	0.895860	0.895860	0.916050	0
3ML5_A	6UGN_A	0.966300	0.966300	0.984870	0
3ML5_A	6Y74_A	0.902060	0.902060	0.915480	0
3ML5_A	6YJ3_A	0.966470	0.966470	0.981240	0
3ML5_A	7MU3_A	0.971650	0.971650	0.982760	0
3ML5_A	7NG1_A	0.838550	0.883820	0.838550	0
3MNU_A	3PO6_A	0.995100	0.998960	0.995100	0
3MNU_A	3RYJ_B	0.997250	0.997250	0.997250	0
3MNU_A	3RYX_B	0.993050	0.996900	0.993050	0
3MNU_A	3RZ5_A	0.993540	0.997400	0.993540	0
3MNU_A	3RZ7_A	0.997760	0.997760	0.997760	0
3MNU_A	3S73_B	0.996130	0.996130	0.996130	0
3MNU_A	3S76_A	0.996620	0.996620	0.996620	0
3MNU_A	3SAX_A	0.993000	0.996850	0.993000	0
3MNU_A	3V2J_A	0.996640	0.996640	0.996640	0
3MNU_A	3ZNC_A	0.870370	0.870370	0.944540	0
3MNU_A	4FL7_A	0.999640	0.999640	0.999640	0
3MNU_A	4ITP_A	0.997460	0.997460	0.997460	0
3MNU_A	4KAP_A	0.992810	0.996660	0.992810	0
3MNU_A	4KP8_A	0.919520	0.933280	0.919520	0
3MNU_A	4MDG_A	0.994990	0.998860	0.994990	0
3MNU_A	4MDM_A	0.995100	0.998960	0.995100	0
3MNU_A	4PYX_A	0.997310	0.997310	0.997310	0
3MNU_A	4QK1_A	0.986030	0.986030	0.986030	0
3MNU_A	4R59_A	0.993360	0.997220	0.993360	0
3MNU_A	4R5A_A	0.985350	0.993000	0.985350	0
3MNU_A	4TWM_A	0.826390	0.826390	0.885200	0
3MNU_A	4YGN_A	0.996960	0.996960	0.996960	0
3MNU_A	4YWP_A	0.995210	0.995210	0.995210	0
3MNU_A	4Z1E_A	0.990080	0.997770	0.990080	0
3MNU_A	5DOG_A	0.997800	0.997800	0.997800	0
3MNU_A	5DSQ_A	0.997330	0.997330	0.997330	0
3MNU_A	5EKM_A	0.997270	0.997270	0.997270	0
3MNU_A	5FL5_A	0.892160	0.892160	0.912420	0
3MNU_A	5FLO_A	0.994340	0.998200	0.994340	0
3MNU_A	5FNM_A	0.994360	0.998230	0.994360	0
3MNU_A	5G0B_A	0.997030	0.997030	0.997030	0
3MNU_A	5GMN_A	0.987270	0.987270	0.987270	0
3MNU_A	5IPZ_A	0.870150	0.883090	0.870150	0
3MNU_A	5KU6_A	0.878890	0.878890	0.923650	0
3MNU_A	5L6K_A	0.987950	0.995600	0.987950	0
3MNU_A	5LL9_A	0.918580	0.932320	0.918580	0
3MNU_A	5LLE_A	0.996190	0.996190	0.996190	0
3MNU_A	5LLG_A	0.997750	0.997750	0.997750	0
3MNU_A	5LLN_A	0.966990	0.974360	0.966990	0
3MNU_A	5LLP_A	0.923540	0.933910	0.923540	0
3MNU_A	5M78_A	0.989160	0.996840	0.989160	0
3MNU_A	5MSA_A	0.918960	0.932700	0.918960	0
3MNU_A	5NXG_A	0.997060	0.997060	0.997060	0
3MNU_A	5NXV_A	0.994010	0.997870	0.994010	0
3MNU_A	5SZ2_A	0.996300	0.996300	0.996300	0
3MNU_A	5SZ5_A	0.996370	0.996370	0.996370	0
3MNU_A	5TFX_A	0.994800	0.998670	0.994800	0
3MNU_A	5TH4_A	0.997580	0.997580	0.997580	0
3MNU_A	5THJ_A	0.996360	0.996360	0.996360	0
3MNU_A	5TT8_A	0.706400	0.706400	0.890340	0
3MNU_A	5TV3_A	0.775620	0.775620	0.874970	0
3MNU_A	5TY1_A	0.994430	0.998290	0.994430	0
3MNU_A	5U0F_A	0.994560	0.998430	0.994560	0
3MNU_A	5WLR_A	0.997020	0.997020	0.997020	0
3MNU_A	5Y2R_A	0.997900	0.997900	0.997900	0
3MNU_A	5Y2S_A	0.997770	0.997770	0.997770	0
3MNU_A	5YUJ_A	0.996970	0.996970	0.996970	0
3MNU_A	6B00_A	0.970300	0.992810	0.970300	0
3MNU_A	6D1L_A	0.990470	0.998160	0.990470	0
3MNU_A	6GOT_A	0.997370	0.997370	0.997370	0
3MNU_A	6H36_A	0.975070	0.982550	0.975070	0
3MNU_A	6HR3_A	0.998870	0.998870	0.998870	0
3MNU_A	6KM1_A	0.997010	0.997010	0.997010	0
3MNU_A	6OTI_A	0.996830	0.996830	0.996830	0
3MNU_A	6QNL_A	0.923760	0.923760	0.937750	0
3MNU_A	6R6Y_A	0.920440	0.934220	0.920440	0
3MNU_A	6RG4_A	0.993810	0.997670	0.993810	0
3MNU_A	6RQQ_A	0.903140	0.903140	0.906510	0
3MNU_A	6UGN_A	0.997930	0.997930	0.997930	0
3MNU_A	6Y74_A	0.896730	0.900070	0.896730	0
3MNU_A	6YJ3_A	0.989510	0.993340	0.989510	0
3MNU_A	7MU3_A	0.990270	0.997960	0.990270	0
3MNU_A	7NG1_A	0.838420	0.900090	0.838420	0
3N4J_A	3ONP_A	0.741790	0.741790	0.771090	0
3N4J_A	4CNE_B	0.753900	0.766130	0.753900	0
3N4J_A	4CNF_B	0.759580	0.759580	0.804160	0
3N4J_A	4E8B_A	0.479300	0.674740	0.479300	0
3N4J_A	5CO4_A	0.839240	0.839240	0.885720	0
3N4J_A	5GM8_A	0.737640	0.773980	0.737640	0
3N4J_A	5GMB_A	0.728240	0.767810	0.728240	0
3N4J_A	5KZK_A	0.508380	0.776440	0.508380	0
3N4J_A	5O96_A	0.488530	0.692660	0.488530	0
3N4J_A	7ONU_F	0.416660	0.660320	0.416660	0
3NHQ_A	3NOP_C	0.960820	0.968700	0.960820	0
3NHQ_A	3NOT_C	0.960820	0.968700	0.960820	0
3NHQ_A	3NOU_C	0.960850	0.968730	0.960850	0
3NHQ_A	3S7N_A	0.589850	0.589850	0.886310	0
3NHQ_A	3S7O_A	0.587780	0.587780	0.877280	0
3NHQ_A	3S7P_A	0.588420	0.588420	0.878540	0
3NHQ_A	3S7Q_A	0.583970	0.583970	0.885770	0
3NHQ_A	3ZQ5_A	0.766570	0.821130	0.766570	0
3NHQ_A	4CQH_A	0.574370	0.574370	0.880290	0
3NHQ_A	4E04_A	0.579620	0.579620	0.881060	0
3NHQ_A	4IJG_A	0.584980	0.584980	0.884150	0
3NHQ_A	4O01_A	0.848880	0.855460	0.848880	0
3NHQ_A	4O01_B	0.848710	0.860220	0.848710	0
3NHQ_A	4O01_C	0.848980	0.855570	0.848980	0
3NHQ_A	4O01_D	0.848610	0.853550	0.848610	0
3NHQ_A	4O0P_A	0.801540	0.810680	0.801540	0
3NHQ_A	4O0P_B	0.802590	0.810200	0.802590	0
3NHQ_A	4O8G_A	0.582130	0.582130	0.880470	0
3NHQ_A	4Q0H_A	0.588800	0.588800	0.863860	0
3NHQ_A	4Q0I_A	0.587640	0.587640	0.877900	0
3NHQ_A	4Q0J_A	0.800690	0.825120	0.800690	0
3NHQ_A	4R6L_A	0.786490	0.786490	0.795380	0
3NHQ_A	4RQ9_A	0.566390	0.566390	0.869570	0
3NHQ_A	4XTQ_A	0.572710	0.572710	0.888910	0
3NHQ_A	4Y3I_A	0.593010	0.593010	0.875360	0
3NHQ_A	4Y5F_A	0.593100	0.593100	0.875540	0
3NHQ_A	4Z1W_A	0.589880	0.589880	0.886290	0
3NHQ_A	4ZRR_A	0.583130	0.583130	0.884170	0
3NHQ_A	5C5K_A	0.868490	0.887260	0.868490	0
3NHQ_A	5HSQ_A	0.719700	0.731510	0.719700	0
3NHQ_A	5I5L_A	0.817590	0.819140	0.817590	0
3NHQ_A	5K5B_A	0.574990	0.574990	0.885110	0
3NHQ_A	5L8M_A	0.576990	0.576990	0.889460	0
3NHQ_A	5LBR_A	0.575210	0.575210	0.889660	0
3NHQ_A	5MG0_A	0.600930	0.600930	0.879090	0
3NHQ_A	5NFX_A	0.574940	0.574940	0.885070	0
3NHQ_A	5NM3_A	0.848210	0.869480	0.848210	0
3NHQ_A	5NWN_A	0.858850	0.858850	0.860520	0
3NHQ_A	5VIK_A	0.572340	0.572340	0.905250	0
3NHQ_A	5VIQ_A	0.572560	0.572560	0.905730	0
3NHQ_A	5VIV_A	0.572190	0.572190	0.896120	0
3NHQ_A	6BAF_A	0.564150	0.564150	0.868660	0
3NHQ_A	6BAK_A	0.564960	0.564960	0.869650	0
3NHQ_A	6BAO_A	0.775490	0.810340	0.775490	0
3NHQ_A	6BAP_A	0.749290	0.784820	0.749290	0
3NHQ_A	6BAY_A	0.746320	0.781610	0.746320	0
3NHQ_A	6FHT_A	0.542770	0.797690	0.542770	0
3NHQ_A	6PTQ_A	0.815820	0.820430	0.815820	0
3NHQ_A	6PTX_A	0.818840	0.821930	0.818840	0
3NHQ_A	6PU2_A	0.815020	0.818090	0.815020	0
3NOP_C	3NOT_C	1.000000	1.000000	1.000000	0
3NOP_C	3NOU_C	0.999940	0.999940	0.999940	0
3NOP_C	3S7N_A	0.592750	0.592750	0.900420	0
3NOP_C	3S7O_A	0.588720	0.588720	0.886720	0
3NOP_C	3S7P_A	0.589630	0.589630	0.888580	0
3NOP_C	3S7Q_A	0.587100	0.587100	0.899830	0
3NOP_C	3ZQ5_A	0.765760	0.814330	0.765760	0
3NOP_C	4CQH_A	0.575510	0.575510	0.890710	0
3NOP_C	4E04_A	0.577350	0.577350	0.885500	0
3NOP_C	4IJG_A	0.588960	0.588960	0.899890	0
3NOP_C	4O01_A	0.869950	0.869950	0.869950	0
3NOP_C	4O01_B	0.869140	0.874200	0.869140	0
3NOP_C	4O01_C	0.870080	0.870080	0.870080	0
3NOP_C	4O01_D	0.868080	0.868080	0.869770	0
3NOP_C	4O0P_A	0.814540	0.817640	0.814540	0
3NOP_C	4O0P_B	0.812730	0.814280	0.812730	0
3NOP_C	4O8G_A	0.585310	0.585310	0.894560	0
3NOP_C	4Q0H_A	0.591440	0.591440	0.876390	0
3NOP_C	4Q0I_A	0.589190	0.589190	0.888610	0
3NOP_C	4Q0J_A	0.809260	0.827760	0.809260	0
3NOP_C	4R6L_A	0.786970	0.786970	0.801950	0
3NOP_C	4RQ9_A	0.573620	0.573620	0.889770	0
3NOP_C	4XTQ_A	0.570100	0.570100	0.892690	0
3NOP_C	4Y3I_A	0.596510	0.596510	0.888860	0
3NOP_C	4Y5F_A	0.596440	0.596440	0.888720	0
3NOP_C	4Z1W_A	0.592170	0.592170	0.899100	0
3NOP_C	4ZRR_A	0.587240	0.587240	0.900280	0
3NOP_C	5C5K_A	0.877530	0.889570	0.877530	0
3NOP_C	5HSQ_A	0.708430	0.714860	0.708430	0
3NOP_C	5I5L_A	0.801360	0.801360	0.805870	0
3NOP_C	5K5B_A	0.578020	0.578020	0.899210	0
3NOP_C	5L8M_A	0.580280	0.580280	0.904080	0
3NOP_C	5LBR_A	0.577990	0.577990	0.903300	0
3NOP_C	5MG0_A	0.606140	0.606140	0.895870	0
3NOP_C	5NFX_A	0.578090	0.578090	0.899410	0
3NOP_C	5NM3_A	0.866450	0.881490	0.866450	0
3NOP_C	5NWN_A	0.870720	0.870720	0.879340	0
3NOP_C	5VIK_A	0.568000	0.568000	0.907370	0
3NOP_C	5VIQ_A	0.568120	0.568120	0.907650	0
3NOP_C	5VIV_A	0.567720	0.567720	0.896820	0
3NOP_C	6BAF_A	0.571510	0.571510	0.889270	0
3NOP_C	6BAK_A	0.571890	0.571890	0.889990	0
3NOP_C	6BAO_A	0.777530	0.806310	0.777530	0
3NOP_C	6BAP_A	0.769510	0.800500	0.769510	0
3NOP_C	6BAY_A	0.768030	0.799000	0.768030	0
3NOP_C	6FHT_A	0.551940	0.804790	0.551940	0
3NOP_C	6PTQ_A	0.814150	0.814150	0.815700	0
3NOP_C	6PTX_A	0.816990	0.816990	0.820080	0
3NOP_C	6PU2_A	0.812340	0.812340	0.815410	0
3NOT_C	3NOU_C	0.999940	0.999940	0.999940	0
3NOT_C	3S7N_A	0.592750	0.592750	0.900430	0
3NOT_C	3S7O_A	0.588730	0.588730	0.886740	0
3NOT_C	3S7P_A	0.589640	0.589640	0.888590	0
3NOT_C	3S7Q_A	0.587100	0.587100	0.899840	0
3NOT_C	3ZQ5_A	0.765760	0.814320	0.765760	0
3NOT_C	4CQH_A	0.575510	0.575510	0.890710	0
3NOT_C	4E04_A	0.577360	0.577360	0.885510	0
3NOT_C	4IJG_A	0.588960	0.588960	0.899890	0
3NOT_C	4O01_A	0.869940	0.869940	0.869940	0
3NOT_C	4O01_B	0.869130	0.874190	0.869130	0
3NOT_C	4O01_C	0.870070	0.870070	0.870070	0
3NOT_C	4O01_D	0.868070	0.868070	0.869760	0
3NOT_C	4O0P_A	0.814550	0.817650	0.814550	0
3NOT_C	4O0P_B	0.812740	0.814280	0.812740	0
3NOT_C	4O8G_A	0.585320	0.585320	0.894570	0
3NOT_C	4Q0H_A	0.591440	0.591440	0.876400	0
3NOT_C	4Q0I_A	0.589190	0.589190	0.888620	0
3NOT_C	4Q0J_A	0.809260	0.827760	0.809260	0
3NOT_C	4R6L_A	0.786970	0.786970	0.801960	0
3NOT_C	4RQ9_A	0.573620	0.573620	0.889780	0
3NOT_C	4XTQ_A	0.570110	0.570110	0.892700	0
3NOT_C	4Y3I_A	0.596510	0.596510	0.888870	0
3NOT_C	4Y5F_A	0.596440	0.596440	0.888730	0
3NOT_C	4Z1W_A	0.592170	0.592170	0.899100	0
3NOT_C	4ZRR_A	0.587250	0.587250	0.900280	0
3NOT_C	5C5K_A	0.877520	0.889570	0.877520	0
3NOT_C	5HSQ_A	0.708450	0.714880	0.708450	0
3NOT_C	5I5L_A	0.801370	0.801370	0.805880	0
3NOT_C	5K5B_A	0.578020	0.578020	0.899210	0
3NOT_C	5L8M_A	0.580280	0.580280	0.904080	0
3NOT_C	5LBR_A	0.578000	0.578000	0.903310	0
3NOT_C	5MG0_A	0.606150	0.606150	0.895880	0
3NOT_C	5NFX_A	0.578090	0.578090	0.899410	0
3NOT_C	5NM3_A	0.866450	0.881480	0.866450	0
3NOT_C	5NWN_A	0.870710	0.870710	0.879330	0
3NOT_C	5VIK_A	0.568000	0.568000	0.907370	0
3NOT_C	5VIQ_A	0.568120	0.568120	0.907650	0
3NOT_C	5VIV_A	0.567720	0.567720	0.896820	0
3NOT_C	6BAF_A	0.571510	0.571510	0.889280	0
3NOT_C	6BAK_A	0.571890	0.571890	0.890000	0
3NOT_C	6BAO_A	0.777540	0.806320	0.777540	0
3NOT_C	6BAP_A	0.769510	0.800490	0.769510	0
3NOT_C	6BAY_A	0.768030	0.799000	0.768030	0
3NOT_C	6FHT_A	0.551950	0.804800	0.551950	0
3NOT_C	6PTQ_A	0.814150	0.814150	0.815700	0
3NOT_C	6PTX_A	0.816990	0.816990	0.820080	0
3NOT_C	6PU2_A	0.812340	0.812340	0.815410	0
3NOU_C	3S7N_A	0.592660	0.592660	0.900230	0
3NOU_C	3S7O_A	0.588630	0.588630	0.886530	0
3NOU_C	3S7P_A	0.589530	0.589530	0.888380	0
3NOU_C	3S7Q_A	0.586930	0.586930	0.899470	0
3NOU_C	3ZQ5_A	0.765470	0.814000	0.765470	0
3NOU_C	4CQH_A	0.575300	0.575300	0.890260	0
3NOU_C	4E04_A	0.577300	0.577300	0.885380	0
3NOU_C	4IJG_A	0.588780	0.588780	0.899510	0
3NOU_C	4O01_A	0.869960	0.869960	0.869960	0
3NOU_C	4O01_B	0.869150	0.874210	0.869150	0
3NOU_C	4O01_C	0.870090	0.870090	0.870090	0
3NOU_C	4O01_D	0.868090	0.868090	0.869780	0
3NOU_C	4O0P_A	0.814490	0.817590	0.814490	0
3NOU_C	4O0P_B	0.812690	0.814230	0.812690	0
3NOU_C	4O8G_A	0.585160	0.585160	0.894230	0
3NOU_C	4Q0H_A	0.591340	0.591340	0.876200	0
3NOU_C	4Q0I_A	0.589120	0.589120	0.888470	0
3NOU_C	4Q0J_A	0.809220	0.827720	0.809220	0
3NOU_C	4R6L_A	0.786740	0.786740	0.801710	0
3NOU_C	4RQ9_A	0.573520	0.573520	0.889560	0
3NOU_C	4XTQ_A	0.570030	0.570030	0.892520	0
3NOU_C	4Y3I_A	0.596410	0.596410	0.888660	0
3NOU_C	4Y5F_A	0.596340	0.596340	0.888520	0
3NOU_C	4Z1W_A	0.591950	0.591950	0.898630	0
3NOU_C	4ZRR_A	0.587080	0.587080	0.899920	0
3NOU_C	5C5K_A	0.877580	0.889610	0.877580	0
3NOU_C	5HSQ_A	0.708890	0.715320	0.708890	0
3NOU_C	5I5L_A	0.801280	0.801280	0.805790	0
3NOU_C	5K5B_A	0.577880	0.577880	0.898880	0
3NOU_C	5L8M_A	0.580160	0.580160	0.903820	0
3NOU_C	5LBR_A	0.577860	0.577860	0.903000	0
3NOU_C	5MG0_A	0.606040	0.606040	0.895670	0
3NOU_C	5NFX_A	0.577940	0.577940	0.899060	0
3NOU_C	5NM3_A	0.866440	0.881470	0.866440	0
3NOU_C	5NWN_A	0.870740	0.870740	0.879360	0
3NOU_C	5VIK_A	0.567950	0.567950	0.907260	0
3NOU_C	5VIQ_A	0.568070	0.568070	0.907530	0
3NOU_C	5VIV_A	0.567570	0.567570	0.896490	0
3NOU_C	6BAF_A	0.571430	0.571430	0.889100	0
3NOU_C	6BAK_A	0.571800	0.571800	0.889800	0
3NOU_C	6BAO_A	0.777420	0.806200	0.777420	0
3NOU_C	6BAP_A	0.769160	0.800130	0.769160	0
3NOU_C	6BAY_A	0.767690	0.798630	0.767690	0
3NOU_C	6FHT_A	0.551880	0.804660	0.551880	0
3NOU_C	6PTQ_A	0.813860	0.813860	0.815410	0
3NOU_C	6PTX_A	0.816660	0.816660	0.819750	0
3NOU_C	6PU2_A	0.812000	0.812000	0.815070	0
3OIN_A	5FAI_A	0.885510	0.885510	0.914040	0
3OIN_A	5OQL_e	0.932920	0.932920	0.937060	0
3OIN_A	6RXX_CN	0.901650	0.941950	0.901650	0
3OIN_A	6RXY_CN	0.899420	0.939460	0.899420	0
3OIN_A	6RXZ_CN	0.895080	0.934780	0.895080	0
3ONP_A	4CNE_B	0.853860	0.906760	0.853860	0
3ONP_A	4CNF_B	0.846100	0.846100	0.861480	0
3ONP_A	5CO4_A	0.785800	0.785800	0.794960	0
3ONP_A	5GM8_A	0.852270	0.936210	0.852270	0
3ONP_A	5GMB_A	0.845180	0.933410	0.845180	0
3ONP_A	5KZK_A	0.486870	0.769540	0.486870	0
3PO6_A	3RYJ_B	0.994270	0.994270	0.998130	0
3PO6_A	3RYX_B	0.997650	0.997650	0.997650	0
3PO6_A	3RZ5_A	0.996430	0.996430	0.996430	0
3PO6_A	3RZ7_A	0.994700	0.994700	0.998560	0
3PO6_A	3S73_B	0.993230	0.993230	0.997090	0
3PO6_A	3S76_A	0.994010	0.994010	0.997870	0
3PO6_A	3SAX_A	0.997440	0.997440	0.997440	0
3PO6_A	3V2J_A	0.993470	0.993470	0.997330	0
3PO6_A	3ZNC_A	0.868070	0.868070	0.945630	0
3PO6_A	4FL7_A	0.995250	0.995250	0.999120	0
3PO6_A	4ITP_A	0.994380	0.994380	0.998240	0
3PO6_A	4KAP_A	0.996860	0.996860	0.996860	0
3PO6_A	4KP8_A	0.920150	0.930450	0.920150	0
3PO6_A	4MDG_A	0.999400	0.999400	0.999400	0
3PO6_A	4MDM_A	0.999560	0.999560	0.999560	0
3PO6_A	4PYX_A	0.994380	0.994380	0.998250	0
3PO6_A	4QK1_A	0.982330	0.982330	0.986120	0
3PO6_A	4R59_A	0.997260	0.997260	0.997260	0
3PO6_A	4R5A_A	0.989160	0.992990	0.989160	0
3PO6_A	4TWM_A	0.824400	0.824400	0.886250	0
3PO6_A	4YGN_A	0.993730	0.993730	0.997590	0
3PO6_A	4YWP_A	0.991330	0.991330	0.995180	0
3PO6_A	4Z1E_A	0.994520	0.998370	0.994520	0
3PO6_A	5DOG_A	0.994590	0.994590	0.998460	0
3PO6_A	5DSQ_A	0.993900	0.993900	0.997760	0
3PO6_A	5EKM_A	0.994250	0.994250	0.998120	0
3PO6_A	5FL5_A	0.889820	0.889820	0.913420	0
3PO6_A	5FLO_A	0.996840	0.996840	0.996840	0
3PO6_A	5FNM_A	0.996940	0.996940	0.996940	0
3PO6_A	5G0B_A	0.993330	0.993330	0.997190	0
3PO6_A	5GMN_A	0.984570	0.984570	0.988360	0
3PO6_A	5IPZ_A	0.873360	0.883080	0.873360	0
3PO6_A	5KU6_A	0.879220	0.879220	0.927430	0
3PO6_A	5L6K_A	0.990440	0.994260	0.990440	0
3PO6_A	5LL9_A	0.919290	0.929570	0.919290	0
3PO6_A	5LLE_A	0.992850	0.992850	0.996700	0
3PO6_A	5LLG_A	0.994490	0.994490	0.998350	0
3PO6_A	5LLN_A	0.968980	0.972650	0.968980	0
3PO6_A	5LLP_A	0.924270	0.931160	0.924270	0
3PO6_A	5M78_A	0.993110	0.996950	0.993110	0
3PO6_A	5MSA_A	0.919600	0.929880	0.919600	0
3PO6_A	5NXG_A	0.993170	0.993170	0.997030	0
3PO6_A	5NXV_A	0.998250	0.998250	0.998250	0
3PO6_A	5SZ2_A	0.993790	0.993790	0.997650	0
3PO6_A	5SZ5_A	0.993360	0.993360	0.997210	0
3PO6_A	5TFX_A	0.997130	0.997130	0.997130	0
3PO6_A	5TH4_A	0.994240	0.994240	0.998100	0
3PO6_A	5THJ_A	0.992930	0.992930	0.996780	0
3PO6_A	5TT8_A	0.704510	0.704510	0.891280	0
3PO6_A	5TV3_A	0.773580	0.773580	0.875910	0
3PO6_A	5TY1_A	0.996910	0.996910	0.996910	0
3PO6_A	5U0F_A	0.997010	0.997010	0.997010	0
3PO6_A	5WLR_A	0.993860	0.993860	0.997720	0
3PO6_A	5Y2R_A	0.994640	0.994640	0.998500	0
3PO6_A	5Y2S_A	0.994380	0.994380	0.998250	0
3PO6_A	5YUJ_A	0.993780	0.993780	0.997640	0
3PO6_A	6B00_A	0.970430	0.989120	0.970430	0
3PO6_A	6D1L_A	0.992990	0.996830	0.992990	0
3PO6_A	6GOT_A	0.994180	0.994180	0.998050	0
3PO6_A	6H36_A	0.976960	0.980700	0.976960	0
3PO6_A	6HR3_A	0.995230	0.995230	0.999100	0
3PO6_A	6KM1_A	0.993750	0.993750	0.997610	0
3PO6_A	6OTI_A	0.993330	0.993330	0.997190	0
3PO6_A	6QNL_A	0.921340	0.921340	0.938810	0
3PO6_A	6R6Y_A	0.921080	0.931390	0.921080	0
3PO6_A	6RG4_A	0.998360	0.998360	0.998360	0
3PO6_A	6RQQ_A	0.900450	0.900450	0.907180	0
3PO6_A	6UGN_A	0.994200	0.994200	0.998070	0
3PO6_A	6Y74_A	0.899260	0.899260	0.899260	0
3PO6_A	6YJ3_A	0.993370	0.993370	0.993370	0
3PO6_A	7MU3_A	0.992080	0.995910	0.992080	0
3PO6_A	7NG1_A	0.838280	0.896660	0.838280	0
3RII_A	3RIS_A	0.886610	0.961630	0.886610	0
3RII_A	4DM9_A	0.818860	0.868800	0.818860	0
3RII_A	4I6N_A	0.838080	0.860380	0.838080	0
3RII_A	4JKJ_A	0.815390	0.865000	0.815390	0
3RII_A	4JKJ_B	0.810240	0.859430	0.810240	0
3RII_A	4UEL_A	0.649120	0.924400	0.649120	0
3RII_A	4UEM_A	0.675750	0.901570	0.675750	0
3RII_A	4UF5_A	0.680340	0.943830	0.680340	0
3RII_A	4UF6_A	0.668610	0.921180	0.668610	0
3RII_A	4WLP_A	0.680540	0.953540	0.680540	0
3RII_A	4WLQ_A	0.688800	0.958060	0.688800	0
3RII_A	4WLR_A	0.668660	0.936930	0.668660	0
3RIS_A	4DM9_A	0.817520	0.817520	0.830910	0
3RIS_A	4I6N_A	0.813070	0.813070	0.855600	0
3RIS_A	4JKJ_A	0.818340	0.818340	0.831800	0
3RIS_A	4JKJ_B	0.811140	0.811140	0.824380	0
3RIS_A	4UEL_A	0.673250	0.885150	0.673250	0
3RIS_A	4UEM_A	0.699540	0.858960	0.699540	0
3RIS_A	4UF5_A	0.720780	0.922090	0.720780	0
3RIS_A	4UF6_A	0.699260	0.889510	0.699260	0
3RIS_A	4WLP_A	0.718890	0.928420	0.718890	0
3RIS_A	4WLQ_A	0.712900	0.912290	0.712900	0
3RIS_A	4WLR_A	0.692550	0.895020	0.692550	0
3RYJ_B	3RYX_B	0.995850	0.999720	0.995850	0
3RYJ_B	3RZ5_A	0.995800	0.999670	0.995800	0
3RYJ_B	3RZ7_A	0.999010	0.999010	0.999010	0
3RYJ_B	3S73_B	0.998800	0.998800	0.998800	0
3RYJ_B	3S76_A	0.999370	0.999370	0.999370	0
3RYJ_B	3SAX_A	0.994080	0.997940	0.994080	0
3RYJ_B	3V2J_A	0.998870	0.998870	0.998870	0
3RYJ_B	3ZNC_A	0.873110	0.873110	0.947680	0
3RYJ_B	4FL7_A	0.997590	0.997590	0.997590	0
3RYJ_B	4ITP_A	0.998900	0.998900	0.998900	0
3RYJ_B	4KAP_A	0.995060	0.998930	0.995060	0
3RYJ_B	4KP8_A	0.923120	0.936980	0.923120	0
3RYJ_B	4MDG_A	0.994240	0.998100	0.994240	0
3RYJ_B	4MDM_A	0.994380	0.998240	0.994380	0
3RYJ_B	4PYX_A	0.998740	0.998740	0.998740	0
3RYJ_B	4QK1_A	0.987280	0.987280	0.987280	0
3RYJ_B	4R59_A	0.994910	0.998780	0.994910	0
3RYJ_B	4R5A_A	0.987240	0.994910	0.987240	0
3RYJ_B	4TWM_A	0.827740	0.827740	0.886710	0
3RYJ_B	4YGN_A	0.998800	0.998800	0.998800	0
3RYJ_B	4YWP_A	0.996660	0.996660	0.996660	0
3RYJ_B	4Z1E_A	0.991620	0.999330	0.991620	0
3RYJ_B	5DOG_A	0.998940	0.998940	0.998940	0
3RYJ_B	5DSQ_A	0.998570	0.998570	0.998570	0
3RYJ_B	5EKM_A	0.999400	0.999400	0.999400	0
3RYJ_B	5FL5_A	0.894540	0.894540	0.914900	0
3RYJ_B	5FLO_A	0.994850	0.998720	0.994850	0
3RYJ_B	5FNM_A	0.995020	0.998890	0.995020	0
3RYJ_B	5G0B_A	0.997760	0.997760	0.997760	0
3RYJ_B	5GMN_A	0.987180	0.987180	0.987180	0
3RYJ_B	5IPZ_A	0.871620	0.884620	0.871620	0
3RYJ_B	5KU6_A	0.880900	0.880900	0.925840	0
3RYJ_B	5L6K_A	0.988130	0.995790	0.988130	0
3RYJ_B	5LL9_A	0.921670	0.935490	0.921670	0
3RYJ_B	5LLE_A	0.998060	0.998060	0.998060	0
3RYJ_B	5LLG_A	0.999050	0.999050	0.999050	0
3RYJ_B	5LLN_A	0.968290	0.975680	0.968290	0
3RYJ_B	5LLP_A	0.926710	0.937150	0.926710	0
3RYJ_B	5M78_A	0.990400	0.998090	0.990400	0
3RYJ_B	5MSA_A	0.922470	0.936310	0.922470	0
3RYJ_B	5NXG_A	0.996780	0.996780	0.996780	0
3RYJ_B	5NXV_A	0.994890	0.998760	0.994890	0
3RYJ_B	5SZ2_A	0.999130	0.999130	0.999130	0
3RYJ_B	5SZ5_A	0.998600	0.998600	0.998600	0
3RYJ_B	5TFX_A	0.994790	0.998650	0.994790	0
3RYJ_B	5TH4_A	0.999220	0.999220	0.999220	0
3RYJ_B	5THJ_A	0.998090	0.998090	0.998090	0
3RYJ_B	5TT8_A	0.708080	0.708080	0.892760	0
3RYJ_B	5TV3_A	0.777240	0.777240	0.876760	0
3RYJ_B	5TY1_A	0.994830	0.998690	0.994830	0
3RYJ_B	5U0F_A	0.994400	0.998260	0.994400	0
3RYJ_B	5WLR_A	0.998990	0.998990	0.998990	0
3RYJ_B	5Y2R_A	0.998160	0.998160	0.998160	0
3RYJ_B	5Y2S_A	0.998050	0.998050	0.998050	0
3RYJ_B	5YUJ_A	0.999140	0.999140	0.999140	0
3RYJ_B	6B00_A	0.972260	0.994850	0.972260	0
3RYJ_B	6D1L_A	0.990390	0.998080	0.990390	0
3RYJ_B	6GOT_A	0.999280	0.999280	0.999280	0
3RYJ_B	6H36_A	0.977490	0.985010	0.977490	0
3RYJ_B	6HR3_A	0.997450	0.997450	0.997450	0
3RYJ_B	6KM1_A	0.998550	0.998550	0.998550	0
3RYJ_B	6OTI_A	0.998140	0.998140	0.998140	0
3RYJ_B	6QNL_A	0.927010	0.927010	0.941100	0
3RYJ_B	6R6Y_A	0.923530	0.937390	0.923530	0
3RYJ_B	6RG4_A	0.995680	0.999560	0.995680	0
3RYJ_B	6RQQ_A	0.905570	0.905570	0.908960	0
3RYJ_B	6UGN_A	0.999080	0.999080	0.999080	0
3RYJ_B	6Y74_A	0.899580	0.902930	0.899580	0
3RYJ_B	6YJ3_A	0.989880	0.993710	0.989880	0
3RYJ_B	7MU3_A	0.990470	0.998160	0.990470	0
3RYJ_B	7NG1_A	0.841220	0.903260	0.841220	0
3RYX_B	3RZ5_A	0.997520	0.997520	0.997520	0
3RYX_B	3RZ7_A	0.994800	0.994800	0.998670	0
3RYX_B	3S73_B	0.995320	0.995320	0.999190	0
3RYX_B	3S76_A	0.995290	0.995290	0.999160	0
3RYX_B	3SAX_A	0.997190	0.997190	0.997190	0
3RYX_B	3V2J_A	0.995120	0.995120	0.998980	0
3RYX_B	3ZNC_A	0.869910	0.869910	0.947750	0
3RYX_B	4FL7_A	0.993400	0.993400	0.997260	0
3RYX_B	4ITP_A	0.995110	0.995110	0.998980	0
3RYX_B	4KAP_A	0.997190	0.997190	0.997190	0
3RYX_B	4KP8_A	0.924130	0.934510	0.924130	0
3RYX_B	4MDG_A	0.997320	0.997320	0.997320	0
3RYX_B	4MDM_A	0.997510	0.997510	0.997510	0
3RYX_B	4PYX_A	0.994790	0.994790	0.998650	0
3RYX_B	4QK1_A	0.983710	0.983710	0.987510	0
3RYX_B	4R59_A	0.997720	0.997720	0.997720	0
3RYX_B	4R5A_A	0.990010	0.993840	0.990010	0
3RYX_B	4TWM_A	0.826220	0.826220	0.888320	0
3RYX_B	4YGN_A	0.994780	0.994780	0.998640	0
3RYX_B	4YWP_A	0.992720	0.992720	0.996570	0
3RYX_B	4Z1E_A	0.994860	0.998710	0.994860	0
3RYX_B	5DOG_A	0.994920	0.994920	0.998780	0
3RYX_B	5DSQ_A	0.994760	0.994760	0.998630	0
3RYX_B	5EKM_A	0.995480	0.995480	0.999360	0
3RYX_B	5FL5_A	0.891500	0.891500	0.915180	0
3RYX_B	5FLO_A	0.996390	0.996390	0.996390	0
3RYX_B	5FNM_A	0.996440	0.996440	0.996440	0
3RYX_B	5G0B_A	0.993890	0.993890	0.997750	0
3RYX_B	5GMN_A	0.983260	0.983260	0.987050	0
3RYX_B	5IPZ_A	0.873600	0.883310	0.873600	0
3RYX_B	5KU6_A	0.879610	0.879610	0.927880	0
3RYX_B	5L6K_A	0.990190	0.994010	0.990190	0
3RYX_B	5LL9_A	0.922640	0.932980	0.922640	0
3RYX_B	5LLE_A	0.994350	0.994350	0.998210	0
3RYX_B	5LLG_A	0.994990	0.994990	0.998860	0
3RYX_B	5LLN_A	0.970720	0.974400	0.970720	0
3RYX_B	5LLP_A	0.927670	0.934610	0.927670	0
3RYX_B	5M78_A	0.993430	0.997270	0.993430	0
3RYX_B	5MSA_A	0.923550	0.933920	0.923550	0
3RYX_B	5NXG_A	0.993190	0.993190	0.997040	0
3RYX_B	5NXV_A	0.998130	0.998130	0.998130	0
3RYX_B	5SZ2_A	0.995400	0.995400	0.999280	0
3RYX_B	5SZ5_A	0.994650	0.994650	0.998520	0
3RYX_B	5TFX_A	0.996160	0.996160	0.996160	0
3RYX_B	5TH4_A	0.995270	0.995270	0.999140	0
3RYX_B	5THJ_A	0.994300	0.994300	0.998160	0
3RYX_B	5TT8_A	0.706310	0.706310	0.894020	0
3RYX_B	5TV3_A	0.775400	0.775400	0.878200	0
3RYX_B	5TY1_A	0.996150	0.996150	0.996150	0
3RYX_B	5U0F_A	0.995540	0.995540	0.995540	0
3RYX_B	5WLR_A	0.995020	0.995020	0.998880	0
3RYX_B	5Y2R_A	0.994160	0.994160	0.998020	0
3RYX_B	5Y2S_A	0.994000	0.994000	0.997860	0
3RYX_B	5YUJ_A	0.995300	0.995300	0.999170	0
3RYX_B	6B00_A	0.972630	0.991400	0.972630	0
3RYX_B	6D1L_A	0.991520	0.995360	0.991520	0
3RYX_B	6GOT_A	0.995340	0.995340	0.999210	0
3RYX_B	6H36_A	0.978190	0.981930	0.978190	0
3RYX_B	6HR3_A	0.993150	0.993150	0.997010	0
3RYX_B	6KM1_A	0.994290	0.994290	0.998150	0
3RYX_B	6OTI_A	0.994270	0.994270	0.998130	0
3RYX_B	6QNL_A	0.924460	0.924460	0.942030	0
3RYX_B	6R6Y_A	0.924440	0.934820	0.924440	0
3RYX_B	6RG4_A	0.998830	0.998830	0.998830	0
3RYX_B	6RQQ_A	0.902170	0.902170	0.908920	0
3RYX_B	6UGN_A	0.995130	0.995130	0.999000	0
3RYX_B	6Y74_A	0.901150	0.901150	0.901150	0
3RYX_B	6YJ3_A	0.993520	0.993520	0.993520	0
3RYX_B	7MU3_A	0.992330	0.996160	0.992330	0
3RYX_B	7NG1_A	0.841480	0.900220	0.841480	0
3RZ5_A	3RZ7_A	0.995350	0.995350	0.999220	0
3RZ5_A	3S73_B	0.994590	0.994590	0.998450	0
3RZ5_A	3S76_A	0.995680	0.995680	0.999550	0
3RZ5_A	3SAX_A	0.995830	0.995830	0.995830	0
3RZ5_A	3V2J_A	0.994710	0.994710	0.998570	0
3RZ5_A	3ZNC_A	0.869410	0.869410	0.947160	0
3RZ5_A	4FL7_A	0.993950	0.993950	0.997810	0
3RZ5_A	4ITP_A	0.994870	0.994870	0.998740	0
3RZ5_A	4KAP_A	0.997150	0.997150	0.997150	0
3RZ5_A	4KP8_A	0.922680	0.933030	0.922680	0
3RZ5_A	4MDG_A	0.996280	0.996280	0.996280	0
3RZ5_A	4MDM_A	0.996460	0.996460	0.996460	0
3RZ5_A	4PYX_A	0.994930	0.994930	0.998800	0
3RZ5_A	4QK1_A	0.983050	0.983050	0.986840	0
3RZ5_A	4R59_A	0.996690	0.996690	0.996690	0
3RZ5_A	4R5A_A	0.989520	0.993350	0.989520	0
3RZ5_A	4TWM_A	0.827200	0.827200	0.889340	0
3RZ5_A	4YGN_A	0.994950	0.994950	0.998820	0
3RZ5_A	4YWP_A	0.992540	0.992540	0.996390	0
3RZ5_A	4Z1E_A	0.993530	0.997380	0.993530	0
3RZ5_A	5DOG_A	0.995200	0.995200	0.999060	0
3RZ5_A	5DSQ_A	0.994530	0.994530	0.998390	0
3RZ5_A	5EKM_A	0.995300	0.995300	0.999170	0
3RZ5_A	5FL5_A	0.891320	0.891320	0.914990	0
3RZ5_A	5FLO_A	0.998070	0.998070	0.998070	0
3RZ5_A	5FNM_A	0.998320	0.998320	0.998320	0
3RZ5_A	5G0B_A	0.993880	0.993880	0.997740	0
3RZ5_A	5GMN_A	0.983240	0.983240	0.987020	0
3RZ5_A	5IPZ_A	0.874230	0.883970	0.874230	0
3RZ5_A	5KU6_A	0.879410	0.879410	0.927660	0
3RZ5_A	5L6K_A	0.990630	0.994450	0.990630	0
3RZ5_A	5LL9_A	0.921230	0.931550	0.921230	0
3RZ5_A	5LLE_A	0.994060	0.994060	0.997920	0
3RZ5_A	5LLG_A	0.995120	0.995120	0.998990	0
3RZ5_A	5LLN_A	0.971340	0.975020	0.971340	0
3RZ5_A	5LLP_A	0.926200	0.933130	0.926200	0
3RZ5_A	5M78_A	0.992120	0.995960	0.992120	0
3RZ5_A	5MSA_A	0.921840	0.932170	0.921840	0
3RZ5_A	5NXG_A	0.992750	0.992750	0.996600	0
3RZ5_A	5NXV_A	0.996700	0.996700	0.996700	0
3RZ5_A	5SZ2_A	0.995070	0.995070	0.998940	0
3RZ5_A	5SZ5_A	0.994670	0.994670	0.998540	0
3RZ5_A	5TFX_A	0.998090	0.998090	0.998090	0
3RZ5_A	5TH4_A	0.995310	0.995310	0.999180	0
3RZ5_A	5THJ_A	0.994160	0.994160	0.998020	0
3RZ5_A	5TT8_A	0.705370	0.705370	0.892580	0
3RZ5_A	5TV3_A	0.774040	0.774040	0.876290	0
3RZ5_A	5TY1_A	0.998100	0.998100	0.998100	0
3RZ5_A	5U0F_A	0.997880	0.997880	0.997880	0
3RZ5_A	5WLR_A	0.994960	0.994960	0.998830	0
3RZ5_A	5Y2R_A	0.994340	0.994340	0.998200	0
3RZ5_A	5Y2S_A	0.994180	0.994180	0.998040	0
3RZ5_A	5YUJ_A	0.995040	0.995040	0.998910	0
3RZ5_A	6B00_A	0.971770	0.990510	0.971770	0
3RZ5_A	6D1L_A	0.994140	0.997990	0.994140	0
3RZ5_A	6GOT_A	0.995270	0.995270	0.999130	0
3RZ5_A	6H36_A	0.976990	0.980720	0.976990	0
3RZ5_A	6HR3_A	0.993830	0.993830	0.997690	0
3RZ5_A	6KM1_A	0.994750	0.994750	0.998620	0
3RZ5_A	6OTI_A	0.993900	0.993900	0.997760	0
3RZ5_A	6QNL_A	0.923050	0.923050	0.940570	0
3RZ5_A	6R6Y_A	0.922990	0.933350	0.922990	0
3RZ5_A	6RG4_A	0.997420	0.997420	0.997420	0
3RZ5_A	6RQQ_A	0.902130	0.902130	0.908890	0
3RZ5_A	6UGN_A	0.994960	0.994960	0.998830	0
3RZ5_A	6Y74_A	0.902300	0.902300	0.902300	0
3RZ5_A	6YJ3_A	0.992150	0.992150	0.992150	0
3RZ5_A	7MU3_A	0.993650	0.997490	0.993650	0
3RZ5_A	7NG1_A	0.840130	0.898710	0.840130	0
3RZ7_A	3S73_B	0.997900	0.997900	0.997900	0
3RZ7_A	3S76_A	0.998810	0.998810	0.998810	0
3RZ7_A	3SAX_A	0.993040	0.996890	0.993040	0
3RZ7_A	3V2J_A	0.997830	0.997830	0.997830	0
3RZ7_A	3ZNC_A	0.871140	0.871140	0.945420	0
3RZ7_A	4FL7_A	0.998230	0.998230	0.998230	0
3RZ7_A	4ITP_A	0.998430	0.998430	0.998430	0
3RZ7_A	4KAP_A	0.994740	0.998610	0.994740	0
3RZ7_A	4KP8_A	0.921430	0.935240	0.921430	0
3RZ7_A	4MDG_A	0.994710	0.998570	0.994710	0
3RZ7_A	4MDM_A	0.994740	0.998600	0.994740	0
3RZ7_A	4PYX_A	0.997770	0.997770	0.997770	0
3RZ7_A	4QK1_A	0.986290	0.986290	0.986290	0
3RZ7_A	4R59_A	0.994620	0.998480	0.994620	0
3RZ7_A	4R5A_A	0.986380	0.994050	0.986380	0
3RZ7_A	4TWM_A	0.825590	0.825590	0.884280	0
3RZ7_A	4YGN_A	0.998070	0.998070	0.998070	0
3RZ7_A	4YWP_A	0.995860	0.995860	0.995860	0
3RZ7_A	4Z1E_A	0.990820	0.998520	0.990820	0
3RZ7_A	5DOG_A	0.998310	0.998310	0.998310	0
3RZ7_A	5DSQ_A	0.997550	0.997550	0.997550	0
3RZ7_A	5EKM_A	0.998520	0.998520	0.998520	0
3RZ7_A	5FL5_A	0.892770	0.892770	0.913050	0
3RZ7_A	5FLO_A	0.995180	0.999050	0.995180	0
3RZ7_A	5FNM_A	0.995090	0.998960	0.995090	0
3RZ7_A	5G0B_A	0.996980	0.996980	0.996980	0
3RZ7_A	5GMN_A	0.986520	0.986520	0.986520	0
3RZ7_A	5IPZ_A	0.869680	0.882640	0.869680	0
3RZ7_A	5KU6_A	0.879410	0.879410	0.924200	0
3RZ7_A	5L6K_A	0.988430	0.996090	0.988430	0
3RZ7_A	5LL9_A	0.919820	0.933580	0.919820	0
3RZ7_A	5LLE_A	0.997020	0.997020	0.997020	0
3RZ7_A	5LLG_A	0.998070	0.998070	0.998070	0
3RZ7_A	5LLN_A	0.968380	0.975770	0.968380	0
3RZ7_A	5LLP_A	0.924820	0.935210	0.924820	0
3RZ7_A	5M78_A	0.989380	0.997050	0.989380	0
3RZ7_A	5MSA_A	0.920480	0.934270	0.920480	0
3RZ7_A	5NXG_A	0.996330	0.996330	0.996330	0
3RZ7_A	5NXV_A	0.993970	0.997830	0.993970	0
3RZ7_A	5SZ2_A	0.997970	0.997970	0.997970	0
3RZ7_A	5SZ5_A	0.997560	0.997560	0.997560	0
3RZ7_A	5TFX_A	0.995330	0.999200	0.995330	0
3RZ7_A	5TH4_A	0.998320	0.998320	0.998320	0
3RZ7_A	5THJ_A	0.997250	0.997250	0.997250	0
3RZ7_A	5TT8_A	0.708210	0.708210	0.892860	0
3RZ7_A	5TV3_A	0.776900	0.776900	0.876300	0
3RZ7_A	5TY1_A	0.995440	0.999310	0.995440	0
3RZ7_A	5U0F_A	0.995220	0.999090	0.995220	0
3RZ7_A	5WLR_A	0.998090	0.998090	0.998090	0
3RZ7_A	5Y2R_A	0.998650	0.998650	0.998650	0
3RZ7_A	5Y2S_A	0.998420	0.998420	0.998420	0
3RZ7_A	5YUJ_A	0.998130	0.998130	0.998130	0
3RZ7_A	6B00_A	0.971230	0.993780	0.971230	0
3RZ7_A	6D1L_A	0.991250	0.998960	0.991250	0
3RZ7_A	6GOT_A	0.998360	0.998360	0.998360	0
3RZ7_A	6H36_A	0.976580	0.984080	0.976580	0
3RZ7_A	6HR3_A	0.998240	0.998240	0.998240	0
3RZ7_A	6KM1_A	0.997910	0.997910	0.997910	0
3RZ7_A	6OTI_A	0.997130	0.997130	0.997130	0
3RZ7_A	6QNL_A	0.925030	0.925030	0.939060	0
3RZ7_A	6R6Y_A	0.921670	0.935480	0.921670	0
3RZ7_A	6RG4_A	0.994960	0.998830	0.994960	0
3RZ7_A	6RQQ_A	0.903570	0.903570	0.906950	0
3RZ7_A	6UGN_A	0.998170	0.998170	0.998170	0
3RZ7_A	6Y74_A	0.897760	0.901100	0.897760	0
3RZ7_A	6YJ3_A	0.990640	0.994470	0.990640	0
3RZ7_A	7MU3_A	0.990390	0.998080	0.990390	0
3RZ7_A	7NG1_A	0.839010	0.900740	0.839010	0
3S73_B	3S76_A	0.998430	0.998430	0.998430	0
3S73_B	3SAX_A	0.992990	0.996840	0.992990	0
3S73_B	3V2J_A	0.998690	0.998690	0.998690	0
3S73_B	3ZNC_A	0.873800	0.873800	0.948490	0
3S73_B	4FL7_A	0.996590	0.996590	0.996590	0
3S73_B	4ITP_A	0.998520	0.998520	0.998520	0
3S73_B	4KAP_A	0.994030	0.997890	0.994030	0
3S73_B	4KP8_A	0.925570	0.939500	0.925570	0
3S73_B	4MDG_A	0.993290	0.997150	0.993290	0
3S73_B	4MDM_A	0.993280	0.997140	0.993280	0
3S73_B	4PYX_A	0.997740	0.997740	0.997740	0
3S73_B	4QK1_A	0.986300	0.986300	0.986300	0
3S73_B	4R59_A	0.994360	0.998230	0.994360	0
3S73_B	4R5A_A	0.986680	0.994340	0.986680	0
3S73_B	4TWM_A	0.827680	0.827680	0.886680	0
3S73_B	4YGN_A	0.998130	0.998130	0.998130	0
3S73_B	4YWP_A	0.996130	0.996130	0.996130	0
3S73_B	4Z1E_A	0.990650	0.998350	0.990650	0
3S73_B	5DOG_A	0.998160	0.998160	0.998160	0
3S73_B	5DSQ_A	0.998080	0.998080	0.998080	0
3S73_B	5EKM_A	0.998700	0.998700	0.998700	0
3S73_B	5FL5_A	0.896450	0.896450	0.916890	0
3S73_B	5FLO_A	0.994030	0.997890	0.994030	0
3S73_B	5FNM_A	0.994190	0.998050	0.994190	0
3S73_B	5G0B_A	0.997190	0.997190	0.997190	0
3S73_B	5GMN_A	0.986650	0.986650	0.986650	0
3S73_B	5IPZ_A	0.872050	0.885070	0.872050	0
3S73_B	5KU6_A	0.880960	0.880960	0.925920	0
3S73_B	5L6K_A	0.988050	0.995710	0.988050	0
3S73_B	5LL9_A	0.924260	0.938140	0.924260	0
3S73_B	5LLE_A	0.997570	0.997570	0.997570	0
3S73_B	5LLG_A	0.998100	0.998100	0.998100	0
3S73_B	5LLN_A	0.969790	0.977190	0.969790	0
3S73_B	5LLP_A	0.929150	0.939640	0.929150	0
3S73_B	5M78_A	0.989530	0.997210	0.989530	0
3S73_B	5MSA_A	0.924960	0.938870	0.924960	0
3S73_B	5NXG_A	0.996500	0.996500	0.996500	0
3S73_B	5NXV_A	0.993870	0.997730	0.993870	0
3S73_B	5SZ2_A	0.998730	0.998730	0.998730	0
3S73_B	5SZ5_A	0.998060	0.998060	0.998060	0
3S73_B	5TFX_A	0.993840	0.997700	0.993840	0
3S73_B	5TH4_A	0.998320	0.998320	0.998320	0
3S73_B	5THJ_A	0.997690	0.997690	0.997690	0
3S73_B	5TT8_A	0.710050	0.710050	0.895760	0
3S73_B	5TV3_A	0.779020	0.779020	0.878950	0
3S73_B	5TY1_A	0.993860	0.997720	0.993860	0
3S73_B	5U0F_A	0.993310	0.997170	0.993310	0
3S73_B	5WLR_A	0.998370	0.998370	0.998370	0
3S73_B	5Y2R_A	0.997570	0.997570	0.997570	0
3S73_B	5Y2S_A	0.997480	0.997480	0.997480	0
3S73_B	5YUJ_A	0.998630	0.998630	0.998630	0
3S73_B	6B00_A	0.971990	0.994570	0.971990	0
3S73_B	6D1L_A	0.989410	0.997090	0.989410	0
3S73_B	6GOT_A	0.998520	0.998520	0.998520	0
3S73_B	6H36_A	0.978520	0.986050	0.978520	0
3S73_B	6HR3_A	0.996510	0.996510	0.996510	0
3S73_B	6KM1_A	0.997530	0.997530	0.997530	0
3S73_B	6OTI_A	0.997850	0.997850	0.997850	0
3S73_B	6QNL_A	0.929370	0.929370	0.943530	0
3S73_B	6R6Y_A	0.925910	0.939840	0.925910	0
3S73_B	6RG4_A	0.994800	0.998670	0.994800	0
3S73_B	6RQQ_A	0.906410	0.906410	0.909810	0
3S73_B	6UGN_A	0.998200	0.998200	0.998200	0
3S73_B	6Y74_A	0.901290	0.904640	0.901290	0
3S73_B	6YJ3_A	0.989250	0.993080	0.989250	0
3S73_B	7MU3_A	0.989970	0.997660	0.989970	0
3S73_B	7NG1_A	0.840830	0.902860	0.840830	0
3S76_A	3SAX_A	0.993810	0.997670	0.993810	0
3S76_A	3V2J_A	0.998360	0.998360	0.998360	0
3S76_A	3ZNC_A	0.872850	0.872850	0.947360	0
3S76_A	4FL7_A	0.997010	0.997010	0.997010	0
3S76_A	4ITP_A	0.998630	0.998630	0.998630	0
3S76_A	4KAP_A	0.995390	0.999260	0.995390	0
3S76_A	4KP8_A	0.923240	0.937100	0.923240	0
3S76_A	4MDG_A	0.993800	0.997650	0.993800	0
3S76_A	4MDM_A	0.993970	0.997830	0.993970	0
3S76_A	4PYX_A	0.998720	0.998720	0.998720	0
3S76_A	4QK1_A	0.986720	0.986720	0.986720	0
3S76_A	4R59_A	0.994700	0.998560	0.994700	0
3S76_A	4R5A_A	0.986850	0.994520	0.986850	0
3S76_A	4TWM_A	0.826950	0.826950	0.885820	0
3S76_A	4YGN_A	0.998860	0.998860	0.998860	0
3S76_A	4YWP_A	0.995790	0.995790	0.995790	0
3S76_A	4Z1E_A	0.991240	0.998950	0.991240	0
3S76_A	5DOG_A	0.998950	0.998950	0.998950	0
3S76_A	5DSQ_A	0.998210	0.998210	0.998210	0
3S76_A	5EKM_A	0.998960	0.998960	0.998960	0
3S76_A	5FL5_A	0.895490	0.895490	0.915890	0
3S76_A	5FLO_A	0.994260	0.998120	0.994260	0
3S76_A	5FNM_A	0.994780	0.998640	0.994780	0
3S76_A	5G0B_A	0.997450	0.997450	0.997450	0
3S76_A	5GMN_A	0.986920	0.986920	0.986920	0
3S76_A	5IPZ_A	0.871850	0.884860	0.871850	0
3S76_A	5KU6_A	0.881270	0.881270	0.926230	0
3S76_A	5L6K_A	0.987230	0.994880	0.987230	0
3S76_A	5LL9_A	0.921820	0.935640	0.921820	0
3S76_A	5LLE_A	0.997780	0.997780	0.997780	0
3S76_A	5LLG_A	0.998920	0.998920	0.998920	0
3S76_A	5LLN_A	0.967620	0.975000	0.967620	0
3S76_A	5LLP_A	0.926650	0.937090	0.926650	0
3S76_A	5M78_A	0.990270	0.997960	0.990270	0
3S76_A	5MSA_A	0.922340	0.936180	0.922340	0
3S76_A	5NXG_A	0.996280	0.996280	0.996280	0
3S76_A	5NXV_A	0.994540	0.998410	0.994540	0
3S76_A	5SZ2_A	0.999030	0.999030	0.999030	0
3S76_A	5SZ5_A	0.998460	0.998460	0.998460	0
3S76_A	5TFX_A	0.994280	0.998150	0.994280	0
3S76_A	5TH4_A	0.999120	0.999120	0.999120	0
3S76_A	5THJ_A	0.997910	0.997910	0.997910	0
3S76_A	5TT8_A	0.708010	0.708010	0.892590	0
3S76_A	5TV3_A	0.776310	0.776310	0.875580	0
3S76_A	5TY1_A	0.994260	0.998120	0.994260	0
3S76_A	5U0F_A	0.994030	0.997890	0.994030	0
3S76_A	5WLR_A	0.998690	0.998690	0.998690	0
3S76_A	5Y2R_A	0.998020	0.998020	0.998020	0
3S76_A	5Y2S_A	0.997710	0.997710	0.997710	0
3S76_A	5YUJ_A	0.998740	0.998740	0.998740	0
3S76_A	6B00_A	0.971590	0.994150	0.971590	0
3S76_A	6D1L_A	0.990240	0.997940	0.990240	0
3S76_A	6GOT_A	0.998850	0.998850	0.998850	0
3S76_A	6H36_A	0.977730	0.985250	0.977730	0
3S76_A	6HR3_A	0.997070	0.997070	0.997070	0
3S76_A	6KM1_A	0.998360	0.998360	0.998360	0
3S76_A	6OTI_A	0.997250	0.997250	0.997250	0
3S76_A	6QNL_A	0.926980	0.926980	0.941070	0
3S76_A	6R6Y_A	0.923470	0.937330	0.923470	0
3S76_A	6RG4_A	0.995430	0.999300	0.995430	0
3S76_A	6RQQ_A	0.905980	0.905980	0.909380	0
3S76_A	6UGN_A	0.998360	0.998360	0.998360	0
3S76_A	6Y74_A	0.900340	0.903700	0.900340	0
3S76_A	6YJ3_A	0.989390	0.993210	0.989390	0
3S76_A	7MU3_A	0.989870	0.997560	0.989870	0
3S76_A	7NG1_A	0.840290	0.902200	0.840290	0
3S7N_A	3S7O_A	0.984100	0.990340	0.984100	0
3S7N_A	3S7P_A	0.984930	0.991180	0.984930	0
3S7N_A	3S7Q_A	0.973660	0.973660	0.982960	0
3S7N_A	3ZQ5_A	0.538430	0.865350	0.538430	0
3S7N_A	4CQH_A	0.954260	0.954260	0.975630	0
3S7N_A	4E04_A	0.885970	0.885970	0.899770	0
3S7N_A	4IJG_A	0.976410	0.976410	0.982600	0
3S7N_A	4O01_A	0.632410	0.970160	0.632410	0
3S7N_A	4O01_B	0.629920	0.972100	0.629920	0
3S7N_A	4O01_C	0.632390	0.970110	0.632390	0
3S7N_A	4O01_D	0.633680	0.970100	0.633680	0
3S7N_A	4O0P_A	0.626930	0.966520	0.626930	0
3S7N_A	4O0P_B	0.627340	0.965440	0.627340	0
3S7N_A	4O8G_A	0.968390	0.968390	0.974530	0
3S7N_A	4Q0H_A	0.967230	0.991840	0.967230	0
3S7N_A	4Q0I_A	0.981100	0.987340	0.981100	0
3S7N_A	4Q0J_A	0.619380	0.973910	0.619380	0
3S7N_A	4R6L_A	0.581590	0.866220	0.581590	0
3S7N_A	4RQ9_A	0.861900	0.861900	0.886400	0
3S7N_A	4XTQ_A	0.862840	0.862840	0.890110	0
3S7N_A	4Y3I_A	0.973220	0.991800	0.973220	0
3S7N_A	4Y5F_A	0.973360	0.991940	0.973360	0
3S7N_A	4Z1W_A	0.976070	0.976070	0.976070	0
3S7N_A	4ZRR_A	0.973770	0.973770	0.983060	0
3S7N_A	5C5K_A	0.624570	0.969670	0.624570	0
3S7N_A	5HSQ_A	0.569630	0.873780	0.569630	0
3S7N_A	5I5L_A	0.577450	0.872750	0.577450	0
3S7N_A	5K5B_A	0.960680	0.960680	0.985570	0
3S7N_A	5L8M_A	0.963720	0.963720	0.988750	0
3S7N_A	5LBR_A	0.958610	0.958610	0.986660	0
3S7N_A	5MG0_A	0.958670	0.986060	0.958670	0
3S7N_A	5NFX_A	0.960860	0.960860	0.985750	0
3S7N_A	5NM3_A	0.623900	0.974450	0.623900	0
3S7N_A	5NWN_A	0.640580	0.972690	0.640580	0
3S7N_A	5VIK_A	0.852500	0.852500	0.898560	0
3S7N_A	5VIQ_A	0.852790	0.852790	0.898860	0
3S7N_A	5VIV_A	0.860070	0.860070	0.895670	0
3S7N_A	6BAF_A	0.858410	0.858410	0.885590	0
3S7N_A	6BAK_A	0.860110	0.860110	0.887370	0
3S7N_A	6BAO_A	0.549280	0.865610	0.549280	0
3S7N_A	6BAP_A	0.544890	0.860200	0.544890	0
3S7N_A	6BAY_A	0.545320	0.861150	0.545320	0
3S7N_A	6FHT_A	0.423800	0.978630	0.423800	0
3S7N_A	6PTQ_A	0.570810	0.862980	0.570810	0
3S7N_A	6PTX_A	0.572920	0.864910	0.572920	0
3S7N_A	6PU2_A	0.572250	0.863620	0.572250	0
3S7O_A	3S7P_A	0.999230	0.999230	0.999230	0
3S7O_A	3S7Q_A	0.961590	0.961590	0.976820	0
3S7O_A	3ZQ5_A	0.541050	0.865770	0.541050	0
3S7O_A	4CQH_A	0.949620	0.949620	0.977010	0
3S7O_A	4E04_A	0.883470	0.883470	0.902810	0
3S7O_A	4IJG_A	0.964340	0.964340	0.976510	0
3S7O_A	4O01_A	0.633790	0.965540	0.633790	0
3S7O_A	4O01_B	0.631090	0.967010	0.631090	0
3S7O_A	4O01_C	0.633770	0.965490	0.633770	0
3S7O_A	4O01_D	0.635060	0.965490	0.635060	0
3S7O_A	4O0P_A	0.630940	0.966630	0.630940	0
3S7O_A	4O0P_B	0.631480	0.965720	0.631480	0
3S7O_A	4O8G_A	0.969400	0.969400	0.981710	0
3S7O_A	4Q0H_A	0.969670	0.988010	0.969670	0
3S7O_A	4Q0I_A	0.992380	0.992380	0.992380	0
3S7O_A	4Q0J_A	0.623810	0.974680	0.623810	0
3S7O_A	4R6L_A	0.584070	0.865670	0.584070	0
3S7O_A	4RQ9_A	0.855400	0.855400	0.885090	0
3S7O_A	4XTQ_A	0.858810	0.858810	0.891360	0
3S7O_A	4Y3I_A	0.975200	0.987490	0.975200	0
3S7O_A	4Y5F_A	0.975240	0.987540	0.975240	0
3S7O_A	4Z1W_A	0.967120	0.967120	0.973180	0
3S7O_A	4ZRR_A	0.961750	0.961750	0.976980	0
3S7O_A	5C5K_A	0.625300	0.964880	0.625300	0
3S7O_A	5HSQ_A	0.570580	0.869900	0.570580	0
3S7O_A	5I5L_A	0.579050	0.870330	0.579050	0
3S7O_A	5K5B_A	0.957720	0.957720	0.988820	0
3S7O_A	5L8M_A	0.957110	0.957110	0.988170	0
3S7O_A	5LBR_A	0.952070	0.952070	0.986100	0
3S7O_A	5MG0_A	0.958930	0.980020	0.958930	0
3S7O_A	5NFX_A	0.958100	0.958100	0.989220	0
3S7O_A	5NM3_A	0.623360	0.966820	0.623360	0
3S7O_A	5NWN_A	0.640100	0.965270	0.640100	0
3S7O_A	5VIK_A	0.851370	0.851370	0.902790	0
3S7O_A	5VIQ_A	0.851630	0.851630	0.903050	0
3S7O_A	5VIV_A	0.856700	0.856700	0.897690	0
3S7O_A	6BAF_A	0.851530	0.851530	0.883830	0
3S7O_A	6BAK_A	0.852880	0.852880	0.885260	0
3S7O_A	6BAO_A	0.554670	0.869850	0.554670	0
3S7O_A	6BAP_A	0.548180	0.860460	0.548180	0
3S7O_A	6BAY_A	0.548610	0.861460	0.548610	0
3S7O_A	6FHT_A	0.425360	0.974160	0.425360	0
3S7O_A	6PTQ_A	0.571570	0.858700	0.571570	0
3S7O_A	6PTX_A	0.573710	0.860720	0.573710	0
3S7O_A	6PU2_A	0.573220	0.859710	0.573220	0
3S7P_A	3S7Q_A	0.962400	0.962400	0.977640	0
3S7P_A	3ZQ5_A	0.541230	0.866080	0.541230	0
3S7P_A	4CQH_A	0.950410	0.950410	0.977830	0
3S7P_A	4E04_A	0.884250	0.884250	0.903620	0
3S7P_A	4IJG_A	0.965370	0.965370	0.977560	0
3S7P_A	4O01_A	0.634220	0.966460	0.634220	0
3S7P_A	4O01_B	0.631540	0.967990	0.631540	0
3S7P_A	4O01_C	0.634200	0.966410	0.634200	0
3S7P_A	4O01_D	0.635500	0.966400	0.635500	0
3S7P_A	4O0P_A	0.631640	0.968120	0.631640	0
3S7P_A	4O0P_B	0.632180	0.967190	0.632180	0
3S7P_A	4O8G_A	0.970130	0.970130	0.982450	0
3S7P_A	4Q0H_A	0.970710	0.989090	0.970710	0
3S7P_A	4Q0I_A	0.992940	0.992940	0.992940	0
3S7P_A	4Q0J_A	0.624510	0.976250	0.624510	0
3S7P_A	4R6L_A	0.584470	0.866400	0.584470	0
3S7P_A	4RQ9_A	0.856330	0.856330	0.886070	0
3S7P_A	4XTQ_A	0.859900	0.859900	0.892580	0
3S7P_A	4Y3I_A	0.976410	0.988730	0.976410	0
3S7P_A	4Y5F_A	0.976380	0.988700	0.976380	0
3S7P_A	4Z1W_A	0.968530	0.968530	0.974600	0
3S7P_A	4ZRR_A	0.962810	0.962810	0.978070	0
3S7P_A	5C5K_A	0.625470	0.965170	0.625470	0
3S7P_A	5HSQ_A	0.570800	0.870460	0.570800	0
3S7P_A	5I5L_A	0.579340	0.870950	0.579340	0
3S7P_A	5K5B_A	0.958080	0.958080	0.989200	0
3S7P_A	5L8M_A	0.957660	0.957660	0.988750	0
3S7P_A	5LBR_A	0.952770	0.952770	0.986850	0
3S7P_A	5MG0_A	0.960220	0.981350	0.960220	0
3S7P_A	5NFX_A	0.958530	0.958530	0.989670	0
3S7P_A	5NM3_A	0.623980	0.968160	0.623980	0
3S7P_A	5NWN_A	0.640620	0.966350	0.640620	0
3S7P_A	5VIK_A	0.852990	0.852990	0.904660	0
3S7P_A	5VIQ_A	0.853310	0.853310	0.905020	0
3S7P_A	5VIV_A	0.857490	0.857490	0.898550	0
3S7P_A	6BAF_A	0.852520	0.852520	0.884890	0
3S7P_A	6BAK_A	0.853820	0.853820	0.886260	0
3S7P_A	6BAO_A	0.554460	0.869250	0.554460	0
3S7P_A	6BAP_A	0.548440	0.860670	0.548440	0
3S7P_A	6BAY_A	0.548810	0.861620	0.548810	0
3S7P_A	6FHT_A	0.425780	0.975890	0.425780	0
3S7P_A	6PTQ_A	0.572190	0.860220	0.572190	0
3S7P_A	6PTX_A	0.574370	0.862110	0.574370	0
3S7P_A	6PU2_A	0.573870	0.861100	0.573870	0
3S7Q_A	3ZQ5_A	0.535190	0.869450	0.535190	0
3S7Q_A	4CQH_A	0.971000	0.971000	0.983520	0
3S7Q_A	4E04_A	0.876160	0.876160	0.881570	0
3S7Q_A	4IJG_A	0.995910	0.999120	0.995910	0
3S7Q_A	4O01_A	0.628030	0.971820	0.628030	0
3S7Q_A	4O01_B	0.624160	0.971710	0.624160	0
3S7Q_A	4O01_C	0.627990	0.971730	0.627990	0
3S7Q_A	4O01_D	0.629280	0.971730	0.629280	0
3S7Q_A	4O0P_A	0.623040	0.967770	0.623040	0
3S7Q_A	4O0P_B	0.624300	0.967740	0.624300	0
3S7Q_A	4O8G_A	0.978190	0.981320	0.978190	0
3S7Q_A	4Q0H_A	0.943880	0.976830	0.943880	0
3S7Q_A	4Q0I_A	0.962580	0.977830	0.962580	0
3S7Q_A	4Q0J_A	0.613580	0.973230	0.613580	0
3S7Q_A	4R6L_A	0.577830	0.867610	0.577830	0
3S7Q_A	4RQ9_A	0.861700	0.861700	0.877910	0
3S7Q_A	4XTQ_A	0.871090	0.871090	0.890390	0
3S7Q_A	4Y3I_A	0.949420	0.976530	0.949420	0
3S7Q_A	4Y5F_A	0.949340	0.976450	0.949340	0
3S7Q_A	4Z1W_A	0.976350	0.985690	0.976350	0
3S7Q_A	4ZRR_A	0.999090	0.999090	0.999090	0
3S7Q_A	5C5K_A	0.620790	0.972800	0.620790	0
3S7Q_A	5HSQ_A	0.565200	0.875830	0.565200	0
3S7Q_A	5I5L_A	0.572910	0.874540	0.572910	0
3S7Q_A	5K5B_A	0.972880	0.972880	0.988680	0
3S7Q_A	5L8M_A	0.976500	0.976500	0.992410	0
3S7Q_A	5LBR_A	0.972880	0.972880	0.991950	0
3S7Q_A	5MG0_A	0.942090	0.978070	0.942090	0
3S7Q_A	5NFX_A	0.972430	0.972430	0.988220	0
3S7Q_A	5NM3_A	0.619340	0.976510	0.619340	0
3S7Q_A	5NWN_A	0.635500	0.974000	0.635500	0
3S7Q_A	5VIK_A	0.867160	0.867160	0.906190	0
3S7Q_A	5VIQ_A	0.867680	0.867680	0.906760	0
3S7Q_A	5VIV_A	0.868620	0.868620	0.896340	0
3S7Q_A	6BAF_A	0.857270	0.857270	0.876090	0
3S7Q_A	6BAK_A	0.858380	0.858380	0.877230	0
3S7Q_A	6BAO_A	0.547210	0.871110	0.547210	0
3S7Q_A	6BAP_A	0.544280	0.870220	0.544280	0
3S7Q_A	6BAY_A	0.544580	0.870780	0.544580	0
3S7Q_A	6FHT_A	0.421300	0.983950	0.421300	0
3S7Q_A	6PTQ_A	0.568340	0.869290	0.568340	0
3S7Q_A	6PTX_A	0.569950	0.870280	0.569950	0
3S7Q_A	6PU2_A	0.569190	0.868750	0.569190	0
3S82_A	3TDE_A	0.986270	0.986270	0.996940	0
3S82_A	4HPV_A	0.707710	0.738270	0.707710	0
3S82_A	4KTT_C	0.923660	0.923660	0.956300	0
3S82_A	4KTT_D	0.903380	0.919850	0.903380	0
3S82_A	4NDN_A	0.929680	0.929680	0.957360	0
3S82_A	4NDN_D	0.896920	0.917900	0.896920	0
3S82_A	5H9U_A	0.892440	0.941450	0.892440	0
3S82_A	5T8S_A	0.897490	0.932430	0.897490	0
3S82_A	5UGH_A	0.916330	0.916330	0.925980	0
3S82_A	7LOO_A	0.901110	0.915040	0.901110	0
3S82_A	7OCK_B	0.900730	0.926350	0.900730	0
3SAX_A	3V2J_A	0.993710	0.993710	0.997570	0
3SAX_A	3ZNC_A	0.869860	0.869860	0.947710	0
3SAX_A	4FL7_A	0.993000	0.993000	0.996850	0
3SAX_A	4ITP_A	0.993800	0.993800	0.997660	0
3SAX_A	4KAP_A	0.996680	0.996680	0.996680	0
3SAX_A	4KP8_A	0.921800	0.932130	0.921800	0
3SAX_A	4MDG_A	0.997100	0.997100	0.997100	0
3SAX_A	4MDM_A	0.997330	0.997330	0.997330	0
3SAX_A	4PYX_A	0.994310	0.994310	0.998170	0
3SAX_A	4QK1_A	0.983290	0.983290	0.987080	0
3SAX_A	4R59_A	0.997290	0.997290	0.997290	0
3SAX_A	4R5A_A	0.989260	0.993080	0.989260	0
3SAX_A	4TWM_A	0.826650	0.826650	0.888800	0
3SAX_A	4YGN_A	0.993280	0.993280	0.997140	0
3SAX_A	4YWP_A	0.991360	0.991360	0.995200	0
3SAX_A	4Z1E_A	0.994540	0.998390	0.994540	0
3SAX_A	5DOG_A	0.994060	0.994060	0.997920	0
3SAX_A	5DSQ_A	0.993740	0.993740	0.997600	0
3SAX_A	5EKM_A	0.994170	0.994170	0.998030	0
3SAX_A	5FL5_A	0.890850	0.890850	0.914490	0
3SAX_A	5FLO_A	0.994930	0.994930	0.994930	0
3SAX_A	5FNM_A	0.995120	0.995120	0.995120	0
3SAX_A	5G0B_A	0.992600	0.992600	0.996450	0
3SAX_A	5GMN_A	0.983150	0.983150	0.986930	0
3SAX_A	5IPZ_A	0.873850	0.883580	0.873850	0
3SAX_A	5KU6_A	0.880840	0.880840	0.929220	0
3SAX_A	5L6K_A	0.989200	0.993020	0.989200	0
3SAX_A	5LL9_A	0.920350	0.930650	0.920350	0
3SAX_A	5LLE_A	0.993730	0.993730	0.997580	0
3SAX_A	5LLG_A	0.994640	0.994640	0.998510	0
3SAX_A	5LLN_A	0.967190	0.970850	0.967190	0
3SAX_A	5LLP_A	0.925350	0.932260	0.925350	0
3SAX_A	5M78_A	0.993040	0.996880	0.993040	0
3SAX_A	5MSA_A	0.921030	0.931340	0.921030	0
3SAX_A	5NXG_A	0.993620	0.993620	0.997480	0
3SAX_A	5NXV_A	0.998920	0.998920	0.998920	0
3SAX_A	5SZ2_A	0.993900	0.993900	0.997760	0
3SAX_A	5SZ5_A	0.993740	0.993740	0.997600	0
3SAX_A	5TFX_A	0.995150	0.995150	0.995150	0
3SAX_A	5TH4_A	0.994280	0.994280	0.998140	0
3SAX_A	5THJ_A	0.993200	0.993200	0.997050	0
3SAX_A	5TT8_A	0.704460	0.704460	0.891260	0
3SAX_A	5TV3_A	0.774190	0.774190	0.876490	0
3SAX_A	5TY1_A	0.994840	0.994840	0.994840	0
3SAX_A	5U0F_A	0.994590	0.994590	0.994590	0
3SAX_A	5WLR_A	0.993560	0.993560	0.997420	0
3SAX_A	5Y2R_A	0.992930	0.992930	0.996780	0
3SAX_A	5Y2S_A	0.992500	0.992500	0.996350	0
3SAX_A	5YUJ_A	0.993830	0.993830	0.997680	0
3SAX_A	6B00_A	0.971130	0.989840	0.971130	0
3SAX_A	6D1L_A	0.990330	0.994160	0.990330	0
3SAX_A	6GOT_A	0.994140	0.994140	0.998000	0
3SAX_A	6H36_A	0.976100	0.979830	0.976100	0
3SAX_A	6HR3_A	0.992320	0.992320	0.996170	0
3SAX_A	6KM1_A	0.993000	0.993000	0.996850	0
3SAX_A	6OTI_A	0.993140	0.993140	0.996990	0
3SAX_A	6QNL_A	0.922560	0.922560	0.940090	0
3SAX_A	6R6Y_A	0.922290	0.932630	0.922290	0
3SAX_A	6RG4_A	0.998190	0.998190	0.998190	0
3SAX_A	6RQQ_A	0.902670	0.902670	0.909440	0
3SAX_A	6UGN_A	0.994330	0.994330	0.998190	0
3SAX_A	6Y74_A	0.900830	0.900830	0.900830	0
3SAX_A	6YJ3_A	0.990080	0.990080	0.990080	0
3SAX_A	7MU3_A	0.990490	0.994310	0.990490	0
3SAX_A	7NG1_A	0.841390	0.900130	0.841390	0
3TDE_A	4HPV_A	0.700250	0.737600	0.700250	0
3TDE_A	4KTT_C	0.922200	0.922200	0.944750	0
3TDE_A	4KTT_D	0.896960	0.922940	0.896960	0
3TDE_A	4NDN_A	0.928690	0.928690	0.946280	0
3TDE_A	4NDN_D	0.890700	0.921140	0.890700	0
3TDE_A	5H9U_A	0.880770	0.938850	0.880770	0
3TDE_A	5T8S_A	0.892520	0.937090	0.892520	0
3TDE_A	5UGH_A	0.917570	0.917570	0.917570	0
3TDE_A	7LOO_A	0.897520	0.920910	0.897520	0
3TDE_A	7OCK_B	0.889700	0.924540	0.889700	0
3V2J_A	3ZNC_A	0.874790	0.874790	0.949630	0
3V2J_A	4FL7_A	0.997050	0.997050	0.997050	0
3V2J_A	4ITP_A	0.998690	0.998690	0.998690	0
3V2J_A	4KAP_A	0.994320	0.998180	0.994320	0
3V2J_A	4KP8_A	0.924550	0.938460	0.924550	0
3V2J_A	4MDG_A	0.993470	0.997320	0.993470	0
3V2J_A	4MDM_A	0.993330	0.997180	0.993330	0
3V2J_A	4PYX_A	0.998080	0.998080	0.998080	0
3V2J_A	4QK1_A	0.987180	0.987180	0.987180	0
3V2J_A	4R59_A	0.994420	0.998280	0.994420	0
3V2J_A	4R5A_A	0.986560	0.994220	0.986560	0
3V2J_A	4TWM_A	0.827200	0.827200	0.886110	0
3V2J_A	4YGN_A	0.998560	0.998560	0.998560	0
3V2J_A	4YWP_A	0.996080	0.996080	0.996080	0
3V2J_A	4Z1E_A	0.991170	0.998880	0.991170	0
3V2J_A	5DOG_A	0.998430	0.998430	0.998430	0
3V2J_A	5DSQ_A	0.998590	0.998590	0.998590	0
3V2J_A	5EKM_A	0.998860	0.998860	0.998860	0
3V2J_A	5FL5_A	0.896100	0.896100	0.916520	0
3V2J_A	5FLO_A	0.994070	0.997930	0.994070	0
3V2J_A	5FNM_A	0.994070	0.997930	0.994070	0
3V2J_A	5G0B_A	0.996860	0.996860	0.996860	0
3V2J_A	5GMN_A	0.987290	0.987290	0.987290	0
3V2J_A	5IPZ_A	0.872460	0.885500	0.872460	0
3V2J_A	5KU6_A	0.881920	0.881920	0.926950	0
3V2J_A	5L6K_A	0.988070	0.995730	0.988070	0
3V2J_A	5LL9_A	0.922930	0.936780	0.922930	0
3V2J_A	5LLE_A	0.998010	0.998010	0.998010	0
3V2J_A	5LLG_A	0.998370	0.998370	0.998370	0
3V2J_A	5LLN_A	0.969970	0.977370	0.969970	0
3V2J_A	5LLP_A	0.927900	0.938350	0.927900	0
3V2J_A	5M78_A	0.990130	0.997820	0.990130	0
3V2J_A	5MSA_A	0.923330	0.937190	0.923330	0
3V2J_A	5NXG_A	0.996420	0.996420	0.996420	0
3V2J_A	5NXV_A	0.994240	0.998100	0.994240	0
3V2J_A	5SZ2_A	0.998540	0.998540	0.998540	0
3V2J_A	5SZ5_A	0.998300	0.998300	0.998300	0
3V2J_A	5TFX_A	0.994180	0.998040	0.994180	0
3V2J_A	5TH4_A	0.998740	0.998740	0.998740	0
3V2J_A	5THJ_A	0.997830	0.997830	0.997830	0
3V2J_A	5TT8_A	0.708940	0.708940	0.894100	0
3V2J_A	5TV3_A	0.778390	0.778390	0.878390	0
3V2J_A	5TY1_A	0.993970	0.997830	0.993970	0
3V2J_A	5U0F_A	0.993400	0.997260	0.993400	0
3V2J_A	5WLR_A	0.998650	0.998650	0.998650	0
3V2J_A	5Y2R_A	0.997980	0.997980	0.997980	0
3V2J_A	5Y2S_A	0.997720	0.997720	0.997720	0
3V2J_A	5YUJ_A	0.998950	0.998950	0.998950	0
3V2J_A	6B00_A	0.972730	0.995350	0.972730	0
3V2J_A	6D1L_A	0.989310	0.996990	0.989310	0
3V2J_A	6GOT_A	0.999040	0.999040	0.999040	0
3V2J_A	6H36_A	0.977360	0.984870	0.977360	0
3V2J_A	6HR3_A	0.996780	0.996780	0.996780	0
3V2J_A	6KM1_A	0.998030	0.998030	0.998030	0
3V2J_A	6OTI_A	0.998460	0.998460	0.998460	0
3V2J_A	6QNL_A	0.928580	0.928580	0.942700	0
3V2J_A	6R6Y_A	0.924720	0.938620	0.924720	0
3V2J_A	6RG4_A	0.995070	0.998940	0.995070	0
3V2J_A	6RQQ_A	0.907000	0.907000	0.910400	0
3V2J_A	6UGN_A	0.998800	0.998800	0.998800	0
3V2J_A	6Y74_A	0.900760	0.904120	0.900760	0
3V2J_A	6YJ3_A	0.989650	0.993480	0.989650	0
3V2J_A	7MU3_A	0.989770	0.997460	0.989770	0
3V2J_A	7NG1_A	0.840920	0.902940	0.840920	0
3WJ8_A	4N2X_A	0.994340	0.994340	0.994340	0
3ZNC_A	4FL7_A	0.870810	0.945050	0.870810	0
3ZNC_A	4ITP_A	0.872110	0.946510	0.872110	0
3ZNC_A	4KAP_A	0.870120	0.947900	0.870120	0
3ZNC_A	4KP8_A	0.848860	0.934800	0.848860	0
3ZNC_A	4MDG_A	0.868230	0.945820	0.868230	0
3ZNC_A	4MDM_A	0.868120	0.945690	0.868120	0
3ZNC_A	4PYX_A	0.872120	0.946520	0.872120	0
3ZNC_A	4QK1_A	0.867840	0.941550	0.867840	0
3ZNC_A	4R59_A	0.868760	0.946420	0.868760	0
3ZNC_A	4R5A_A	0.862810	0.943520	0.862810	0
3ZNC_A	4TWM_A	0.844270	0.854250	0.844270	0
3ZNC_A	4YGN_A	0.873380	0.947920	0.873380	0
3ZNC_A	4YWP_A	0.871660	0.945990	0.871660	0
3ZNC_A	4Z1E_A	0.867070	0.948220	0.867070	0
3ZNC_A	5DOG_A	0.872910	0.947420	0.872910	0
3ZNC_A	5DSQ_A	0.872540	0.946940	0.872540	0
3ZNC_A	5EKM_A	0.872700	0.947190	0.872700	0
3ZNC_A	5FL5_A	0.866250	0.918740	0.866250	0
3ZNC_A	5FLO_A	0.868550	0.946160	0.868550	0
3ZNC_A	5FNM_A	0.868390	0.945990	0.868390	0
3ZNC_A	5G0B_A	0.872050	0.946480	0.872050	0
3ZNC_A	5GMN_A	0.866330	0.939880	0.866330	0
3ZNC_A	5IPZ_A	0.886550	0.979420	0.886550	0
3ZNC_A	5KU6_A	0.946560	0.978260	0.946560	0
3ZNC_A	5L6K_A	0.863690	0.944240	0.863690	0
3ZNC_A	5LL9_A	0.849370	0.935510	0.849370	0
3ZNC_A	5LLE_A	0.872410	0.946850	0.872410	0
3ZNC_A	5LLG_A	0.872800	0.947290	0.872800	0
3ZNC_A	5LLN_A	0.853860	0.932690	0.853860	0
3ZNC_A	5LLP_A	0.853690	0.936890	0.853690	0
3ZNC_A	5M78_A	0.865500	0.946290	0.865500	0
3ZNC_A	5MSA_A	0.850280	0.936570	0.850280	0
3ZNC_A	5NXG_A	0.871930	0.946340	0.871930	0
3ZNC_A	5NXV_A	0.869520	0.947320	0.869520	0
3ZNC_A	5SZ2_A	0.872920	0.947450	0.872920	0
3ZNC_A	5SZ5_A	0.872760	0.947300	0.872760	0
3ZNC_A	5TFX_A	0.868430	0.946030	0.868430	0
3ZNC_A	5TH4_A	0.872310	0.946740	0.872310	0
3ZNC_A	5THJ_A	0.873020	0.947570	0.873020	0
3ZNC_A	5TT8_A	0.752250	0.752250	0.874680	0
3ZNC_A	5TV3_A	0.813640	0.813640	0.847060	0
3ZNC_A	5TY1_A	0.868670	0.946300	0.868670	0
3ZNC_A	5U0F_A	0.868400	0.946020	0.868400	0
3ZNC_A	5WLR_A	0.873250	0.947870	0.873250	0
3ZNC_A	5Y2R_A	0.871230	0.945420	0.871230	0
3ZNC_A	5Y2S_A	0.871070	0.945230	0.871070	0
3ZNC_A	5YUJ_A	0.873010	0.947540	0.873010	0
3ZNC_A	6B00_A	0.850590	0.943600	0.850590	0
3ZNC_A	6D1L_A	0.865200	0.946010	0.865200	0
3ZNC_A	6GOT_A	0.873370	0.947970	0.873370	0
3ZNC_A	6H36_A	0.861760	0.941940	0.861760	0
3ZNC_A	6HR3_A	0.871490	0.945840	0.871490	0
3ZNC_A	6KM1_A	0.872430	0.946800	0.872430	0
3ZNC_A	6OTI_A	0.874600	0.949450	0.874600	0
3ZNC_A	6QNL_A	0.864360	0.923620	0.864360	0
3ZNC_A	6R6Y_A	0.850450	0.936820	0.850450	0
3ZNC_A	6RG4_A	0.869700	0.947480	0.869700	0
3ZNC_A	6RQQ_A	0.857050	0.926490	0.857050	0
3ZNC_A	6UGN_A	0.873060	0.947630	0.873060	0
3ZNC_A	6Y74_A	0.847870	0.923320	0.847870	0
3ZNC_A	6YJ3_A	0.864930	0.941910	0.864930	0
3ZNC_A	7MU3_A	0.864710	0.945490	0.864710	0
3ZNC_A	7NG1_A	0.774340	0.900550	0.774340	0
3ZQ5_A	4CQH_A	0.528620	0.528620	0.867440	0
3ZQ5_A	4E04_A	0.548490	0.548490	0.896470	0
3ZQ5_A	4IJG_A	0.535990	0.535990	0.867330	0
3ZQ5_A	4O01_A	0.763340	0.763340	0.811220	0
3ZQ5_A	4O01_B	0.768060	0.768060	0.811780	0
3ZQ5_A	4O01_C	0.763310	0.763310	0.811220	0
3ZQ5_A	4O01_D	0.762930	0.762930	0.812440	0
3ZQ5_A	4O0P_A	0.785950	0.785950	0.832830	0
3ZQ5_A	4O0P_B	0.780620	0.780620	0.828720	0
3ZQ5_A	4O8G_A	0.534090	0.534090	0.864330	0
3ZQ5_A	4Q0H_A	0.538140	0.538140	0.844690	0
3ZQ5_A	4Q0I_A	0.538320	0.538320	0.860900	0
3ZQ5_A	4Q0J_A	0.803300	0.803300	0.835710	0
3ZQ5_A	4R6L_A	0.766830	0.766830	0.831100	0
3ZQ5_A	4RQ9_A	0.545040	0.545040	0.905800	0
3ZQ5_A	4XTQ_A	0.536090	0.536090	0.894070	0
3ZQ5_A	4Y3I_A	0.542840	0.542840	0.856800	0
3ZQ5_A	4Y5F_A	0.542660	0.542660	0.856430	0
3ZQ5_A	4Z1W_A	0.540060	0.540060	0.867230	0
3ZQ5_A	4ZRR_A	0.534580	0.534580	0.867940	0
3ZQ5_A	5C5K_A	0.768740	0.768740	0.806470	0
3ZQ5_A	5HSQ_A	0.660530	0.660530	0.692220	0
3ZQ5_A	5I5L_A	0.805830	0.805830	0.861710	0
3ZQ5_A	5K5B_A	0.528340	0.528340	0.873720	0
3ZQ5_A	5L8M_A	0.529210	0.529210	0.874310	0
3ZQ5_A	5LBR_A	0.528340	0.528340	0.877000	0
3ZQ5_A	5MG0_A	0.549040	0.549040	0.858590	0
3ZQ5_A	5NFX_A	0.528940	0.528940	0.872560	0
3ZQ5_A	5NM3_A	0.773400	0.773400	0.808620	0
3ZQ5_A	5NWN_A	0.756800	0.756800	0.811830	0
3ZQ5_A	5VIK_A	0.541630	0.541630	0.922280	0
3ZQ5_A	5VIQ_A	0.542100	0.542100	0.922660	0
3ZQ5_A	5VIV_A	0.536260	0.536260	0.902940	0
3ZQ5_A	6BAF_A	0.542600	0.542600	0.904070	0
3ZQ5_A	6BAK_A	0.543220	0.543220	0.905420	0
3ZQ5_A	6BAO_A	0.817940	0.817940	0.838560	0
3ZQ5_A	6BAP_A	0.837020	0.837020	0.855210	0
3ZQ5_A	6BAY_A	0.840130	0.840130	0.858360	0
3ZQ5_A	6FHT_A	0.564280	0.768830	0.564280	0
3ZQ5_A	6PTQ_A	0.847360	0.847360	0.905050	0
3ZQ5_A	6PTX_A	0.838260	0.838260	0.896680	0
3ZQ5_A	6PU2_A	0.839700	0.839700	0.898300	0
4CNE_B	4CNF_B	0.826120	0.826120	0.892530	0
4CNE_B	4E8B_A	0.490660	0.677360	0.490660	0
4CNE_B	5CO4_A	0.785220	0.785220	0.840770	0
4CNE_B	5GM8_A	0.925380	0.958420	0.925380	0
4CNE_B	5GMB_A	0.922650	0.960960	0.922650	0
4CNE_B	5KZK_A	0.510490	0.767450	0.510490	0
4CNE_B	5O96_A	0.499580	0.696440	0.499580	0
4CNE_B	5TWJ_A	0.612070	0.612070	0.634970	0
4CNF_B	4E8B_A	0.460100	0.686170	0.460100	0
4CNF_B	5CO4_A	0.809300	0.814120	0.809300	0
4CNF_B	5GM8_A	0.818090	0.914620	0.818090	0
4CNF_B	5GMB_A	0.808880	0.908460	0.808880	0
4CNF_B	5KZK_A	0.502460	0.820460	0.502460	0
4CNF_B	5O96_A	0.474990	0.711880	0.474990	0
4CNF_B	6RXX_CN	0.481740	0.678290	0.481740	0
4CNF_B	6RXY_CN	0.479580	0.675880	0.479580	0
4CNF_B	7ONU_F	0.408660	0.679420	0.408660	0
4CQH_A	4E04_A	0.875460	0.880910	0.875460	0
4CQH_A	4IJG_A	0.967690	0.983280	0.967690	0
4CQH_A	4O01_A	0.614010	0.958350	0.614010	0
4CQH_A	4O01_B	0.610270	0.958280	0.610270	0
4CQH_A	4O01_C	0.613980	0.958280	0.613980	0
4CQH_A	4O01_D	0.615230	0.958290	0.615230	0
4CQH_A	4O0P_A	0.612510	0.962050	0.612510	0
4CQH_A	4O0P_B	0.613750	0.962050	0.613750	0
4CQH_A	4O8G_A	0.969260	0.985000	0.969260	0
4CQH_A	4Q0H_A	0.932310	0.977130	0.932310	0
4CQH_A	4Q0I_A	0.950130	0.977550	0.950130	0
4CQH_A	4Q0J_A	0.602730	0.966160	0.602730	0
4CQH_A	4R6L_A	0.572480	0.869380	0.572480	0
4CQH_A	4RQ9_A	0.870800	0.870800	0.876270	0
4CQH_A	4XTQ_A	0.873450	0.873450	0.881710	0
4CQH_A	4Y3I_A	0.937740	0.976800	0.937740	0
4CQH_A	4Y5F_A	0.937330	0.976360	0.937330	0
4CQH_A	4Z1W_A	0.971450	0.993550	0.971450	0
4CQH_A	4ZRR_A	0.970460	0.982970	0.970460	0
4CQH_A	5C5K_A	0.605090	0.954980	0.605090	0
4CQH_A	5HSQ_A	0.559760	0.878900	0.559760	0
4CQH_A	5I5L_A	0.567700	0.878690	0.567700	0
4CQH_A	5K5B_A	0.975310	0.975310	0.978480	0
4CQH_A	5L8M_A	0.974260	0.974260	0.977420	0
4CQH_A	5LBR_A	0.969630	0.969630	0.975930	0
4CQH_A	5MG0_A	0.924380	0.971830	0.924380	0
4CQH_A	5NFX_A	0.974930	0.974930	0.978100	0
4CQH_A	5NM3_A	0.605710	0.963180	0.605710	0
4CQH_A	5NWN_A	0.621440	0.960860	0.621440	0
4CQH_A	5VIK_A	0.872940	0.872940	0.900910	0
4CQH_A	5VIQ_A	0.873400	0.873400	0.901400	0
4CQH_A	5VIV_A	0.869980	0.869980	0.886550	0
4CQH_A	6BAF_A	0.866450	0.866450	0.874620	0
4CQH_A	6BAK_A	0.867680	0.867680	0.875860	0
4CQH_A	6BAO_A	0.543200	0.874480	0.543200	0
4CQH_A	6BAP_A	0.540310	0.872220	0.540310	0
4CQH_A	6BAY_A	0.540660	0.873150	0.540660	0
4CQH_A	6FHT_A	0.412720	0.969610	0.412720	0
4CQH_A	6PTQ_A	0.558850	0.864240	0.558850	0
4CQH_A	6PTX_A	0.561020	0.866490	0.561020	0
4CQH_A	6PU2_A	0.560430	0.865270	0.560430	0
4DM9_A	4I6N_A	0.814520	0.814520	0.842440	0
4DM9_A	4JKJ_A	0.984050	0.984050	0.984050	0
4DM9_A	4JKJ_B	0.978870	0.978870	0.978870	0
4DM9_A	4UEL_A	0.630540	0.836860	0.630540	0
4DM9_A	4UEM_A	0.645220	0.800110	0.645220	0
4DM9_A	4UF5_A	0.630250	0.808490	0.630250	0
4DM9_A	4UF6_A	0.647650	0.832740	0.647650	0
4DM9_A	4WLP_A	0.633610	0.820940	0.633610	0
4DM9_A	4WLQ_A	0.638620	0.819330	0.638620	0
4DM9_A	4WLR_A	0.642660	0.838230	0.642660	0
4E04_A	4IJG_A	0.876360	0.884490	0.876360	0
4E04_A	4O01_A	0.576420	0.888710	0.576420	0
4E04_A	4O01_B	0.577340	0.894920	0.577340	0
4E04_A	4O01_C	0.576430	0.888720	0.576430	0
4E04_A	4O01_D	0.577580	0.888720	0.577580	0
4E04_A	4O0P_A	0.572910	0.887710	0.572910	0
4E04_A	4O0P_B	0.573090	0.886500	0.573090	0
4E04_A	4O8G_A	0.877850	0.886020	0.877850	0
4E04_A	4Q0H_A	0.866000	0.901060	0.866000	0
4E04_A	4Q0I_A	0.879270	0.898520	0.879270	0
4E04_A	4Q0J_A	0.565550	0.893440	0.565550	0
4E04_A	4R6L_A	0.597510	0.906510	0.597510	0
4E04_A	4RQ9_A	0.906410	0.906410	0.917780	0
4E04_A	4XTQ_A	0.886530	0.886530	0.900470	0
4E04_A	4Y3I_A	0.875500	0.905410	0.875500	0
4E04_A	4Y5F_A	0.875210	0.905120	0.875210	0
4E04_A	4Z1W_A	0.880030	0.893610	0.880030	0
4E04_A	4ZRR_A	0.876750	0.882180	0.876750	0
4E04_A	5C5K_A	0.576030	0.898390	0.576030	0
4E04_A	5HSQ_A	0.573160	0.890580	0.573160	0
4E04_A	5I5L_A	0.582740	0.892130	0.582740	0
4E04_A	5K5B_A	0.879100	0.879100	0.887380	0
4E04_A	5L8M_A	0.880140	0.880140	0.888430	0
4E04_A	5LBR_A	0.880250	0.880250	0.891360	0
4E04_A	5MG0_A	0.870180	0.907960	0.870180	0
4E04_A	5NFX_A	0.880000	0.880000	0.888280	0
4E04_A	5NM3_A	0.568580	0.891790	0.568580	0
4E04_A	5NWN_A	0.584490	0.892260	0.584490	0
4E04_A	5VIK_A	0.880350	0.880350	0.913890	0
4E04_A	5VIQ_A	0.880000	0.880000	0.913530	0
4E04_A	5VIV_A	0.886910	0.886910	0.909420	0
4E04_A	6BAF_A	0.902630	0.902630	0.916820	0
4E04_A	6BAK_A	0.902780	0.902780	0.916980	0
4E04_A	6BAO_A	0.570870	0.911530	0.570870	0
4E04_A	6BAP_A	0.555770	0.886730	0.555770	0
4E04_A	6BAY_A	0.556820	0.888970	0.556820	0
4E04_A	6FHT_A	0.390910	0.896800	0.390910	0
4E04_A	6PTQ_A	0.565470	0.865140	0.565470	0
4E04_A	6PTX_A	0.567970	0.867500	0.567970	0
4E04_A	6PU2_A	0.567660	0.866850	0.567660	0
4E8B_A	5CO4_A	0.488020	0.488020	0.722720	0
4E8B_A	5O96_A	0.937270	0.937270	0.937270	0
4FL7_A	4ITP_A	0.997690	0.997690	0.997690	0
4FL7_A	4KAP_A	0.993260	0.997110	0.993260	0
4FL7_A	4KP8_A	0.919820	0.933590	0.919820	0
4FL7_A	4MDG_A	0.995200	0.999070	0.995200	0
4FL7_A	4MDM_A	0.995250	0.999120	0.995250	0
4FL7_A	4PYX_A	0.997290	0.997290	0.997290	0
4FL7_A	4QK1_A	0.986160	0.986160	0.986160	0
4FL7_A	4R59_A	0.993520	0.997370	0.993520	0
4FL7_A	4R5A_A	0.985390	0.993040	0.985390	0
4FL7_A	4TWM_A	0.826040	0.826040	0.884810	0
4FL7_A	4YGN_A	0.997280	0.997280	0.997280	0
4FL7_A	4YWP_A	0.995360	0.995360	0.995360	0
4FL7_A	4Z1E_A	0.990210	0.997900	0.990210	0
4FL7_A	5DOG_A	0.997980	0.997980	0.997980	0
4FL7_A	5DSQ_A	0.997470	0.997470	0.997470	0
4FL7_A	5EKM_A	0.997600	0.997600	0.997600	0
4FL7_A	5FL5_A	0.891910	0.891910	0.912160	0
4FL7_A	5FLO_A	0.994620	0.998480	0.994620	0
4FL7_A	5FNM_A	0.994640	0.998500	0.994640	0
4FL7_A	5G0B_A	0.997000	0.997000	0.997000	0
4FL7_A	5GMN_A	0.986900	0.986900	0.986900	0
4FL7_A	5IPZ_A	0.870090	0.883040	0.870090	0
4FL7_A	5KU6_A	0.878890	0.878890	0.923640	0
4FL7_A	5L6K_A	0.988420	0.996080	0.988420	0
4FL7_A	5LL9_A	0.918720	0.932460	0.918720	0
4FL7_A	5LLE_A	0.996370	0.996370	0.996370	0
4FL7_A	5LLG_A	0.997790	0.997790	0.997790	0
4FL7_A	5LLN_A	0.968040	0.975420	0.968040	0
4FL7_A	5LLP_A	0.923740	0.934120	0.923740	0
4FL7_A	5M78_A	0.989360	0.997040	0.989360	0
4FL7_A	5MSA_A	0.919090	0.932840	0.919090	0
4FL7_A	5NXG_A	0.996860	0.996860	0.996860	0
4FL7_A	5NXV_A	0.993940	0.997800	0.993940	0
4FL7_A	5SZ2_A	0.996640	0.996640	0.996640	0
4FL7_A	5SZ5_A	0.996460	0.996460	0.996460	0
4FL7_A	5TFX_A	0.995060	0.998930	0.995060	0
4FL7_A	5TH4_A	0.997830	0.997830	0.997830	0
4FL7_A	5THJ_A	0.996690	0.996690	0.996690	0
4FL7_A	5TT8_A	0.706670	0.706670	0.890750	0
4FL7_A	5TV3_A	0.775830	0.775830	0.875220	0
4FL7_A	5TY1_A	0.994840	0.998700	0.994840	0
4FL7_A	5U0F_A	0.994890	0.998760	0.994890	0
4FL7_A	5WLR_A	0.997170	0.997170	0.997170	0
4FL7_A	5Y2R_A	0.998310	0.998310	0.998310	0
4FL7_A	5Y2S_A	0.998140	0.998140	0.998140	0
4FL7_A	5YUJ_A	0.997330	0.997330	0.997330	0
4FL7_A	6B00_A	0.970290	0.992790	0.970290	0
4FL7_A	6D1L_A	0.990910	0.998610	0.990910	0
4FL7_A	6GOT_A	0.997710	0.997710	0.997710	0
4FL7_A	6H36_A	0.974950	0.982430	0.974950	0
4FL7_A	6HR3_A	0.999310	0.999310	0.999310	0
4FL7_A	6KM1_A	0.997420	0.997420	0.997420	0
4FL7_A	6OTI_A	0.996890	0.996890	0.996890	0
4FL7_A	6QNL_A	0.924110	0.924110	0.938120	0
4FL7_A	6R6Y_A	0.920560	0.934350	0.920560	0
4FL7_A	6RG4_A	0.994080	0.997940	0.994080	0
4FL7_A	6RQQ_A	0.902630	0.902630	0.906000	0
4FL7_A	6UGN_A	0.998090	0.998090	0.998090	0
4FL7_A	6Y74_A	0.896620	0.899950	0.896620	0
4FL7_A	6YJ3_A	0.989890	0.993720	0.989890	0
4FL7_A	7MU3_A	0.990330	0.998030	0.990330	0
4FL7_A	7NG1_A	0.838090	0.899720	0.838090	0
4HPV_A	4KTT_C	0.695770	0.695770	0.749450	0
4HPV_A	4KTT_D	0.720740	0.720740	0.739560	0
4HPV_A	4NDN_A	0.699310	0.699310	0.749480	0
4HPV_A	4NDN_D	0.720010	0.720010	0.735300	0
4HPV_A	5H9U_A	0.716170	0.721110	0.716170	0
4HPV_A	5T8S_A	0.715660	0.715660	0.720630	0
4HPV_A	5UGH_A	0.707820	0.707820	0.745660	0
4HPV_A	7LOO_A	0.709270	0.709270	0.729460	0
4HPV_A	7OCK_B	0.718090	0.718090	0.729850	0
4I6N_A	4JKJ_A	0.812160	0.839980	0.812160	0
4I6N_A	4JKJ_B	0.809550	0.837290	0.809550	0
4I6N_A	4UEL_A	0.639160	0.886940	0.639160	0
4I6N_A	4UEM_A	0.638080	0.821440	0.638080	0
4I6N_A	4UF5_A	0.623740	0.829520	0.623740	0
4I6N_A	4UF6_A	0.657650	0.883030	0.657650	0
4I6N_A	4WLP_A	0.622100	0.836020	0.622100	0
4I6N_A	4WLQ_A	0.639430	0.853100	0.639430	0
4I6N_A	4WLR_A	0.652760	0.888920	0.652760	0
4IJG_A	4O01_A	0.630880	0.973740	0.630880	0
4IJG_A	4O01_B	0.626990	0.973660	0.626990	0
4IJG_A	4O01_C	0.630840	0.973660	0.630840	0
4IJG_A	4O01_D	0.632140	0.973660	0.632140	0
4IJG_A	4O0P_A	0.623930	0.966720	0.623930	0
4IJG_A	4O0P_B	0.625200	0.966700	0.625200	0
4IJG_A	4O8G_A	0.978690	0.978690	0.978690	0
4IJG_A	4Q0H_A	0.946900	0.976850	0.946900	0
4IJG_A	4Q0I_A	0.965590	0.977790	0.965590	0
4IJG_A	4Q0J_A	0.615880	0.974290	0.615880	0
4IJG_A	4R6L_A	0.578980	0.866220	0.578980	0
4IJG_A	4RQ9_A	0.864700	0.864700	0.883840	0
4IJG_A	4XTQ_A	0.869810	0.869810	0.891820	0
4IJG_A	4Y3I_A	0.952400	0.976490	0.952400	0
4IJG_A	4Y5F_A	0.952270	0.976360	0.952270	0
4IJG_A	4Z1W_A	0.977290	0.983500	0.977290	0
4IJG_A	4ZRR_A	0.996420	0.996420	0.999640	0
4IJG_A	5C5K_A	0.621920	0.971220	0.621920	0
4IJG_A	5HSQ_A	0.566040	0.873730	0.566040	0
4IJG_A	5I5L_A	0.573820	0.872620	0.573820	0
4IJG_A	5K5B_A	0.970870	0.970870	0.989810	0
4IJG_A	5L8M_A	0.973480	0.973480	0.992510	0
4IJG_A	5LBR_A	0.969550	0.969550	0.991710	0
4IJG_A	5MG0_A	0.944500	0.977440	0.944500	0
4IJG_A	5NFX_A	0.970360	0.970360	0.989290	0
4IJG_A	5NM3_A	0.621760	0.977720	0.621760	0
4IJG_A	5NWN_A	0.638100	0.975420	0.638100	0
4IJG_A	5VIK_A	0.865760	0.865760	0.907440	0
4IJG_A	5VIQ_A	0.866340	0.866340	0.908100	0
4IJG_A	5VIV_A	0.867180	0.867180	0.897590	0
4IJG_A	6BAF_A	0.860200	0.860200	0.882030	0
4IJG_A	6BAK_A	0.861240	0.861240	0.883080	0
4IJG_A	6BAO_A	0.547820	0.869820	0.547820	0
4IJG_A	6BAP_A	0.545920	0.869970	0.545920	0
4IJG_A	6BAY_A	0.546200	0.870470	0.546200	0
4IJG_A	6FHT_A	0.423140	0.986260	0.423140	0
4IJG_A	6PTQ_A	0.569660	0.868210	0.569660	0
4IJG_A	6PTX_A	0.571240	0.869180	0.571240	0
4IJG_A	6PU2_A	0.570490	0.867670	0.570490	0
4ITP_A	4KAP_A	0.994250	0.998110	0.994250	0
4ITP_A	4KP8_A	0.923350	0.937220	0.923350	0
4ITP_A	4MDG_A	0.994490	0.998350	0.994490	0
4ITP_A	4MDM_A	0.994420	0.998280	0.994420	0
4ITP_A	4PYX_A	0.998200	0.998200	0.998200	0
4ITP_A	4QK1_A	0.987120	0.987120	0.987120	0
4ITP_A	4R59_A	0.995070	0.998940	0.995070	0
4ITP_A	4R5A_A	0.986690	0.994350	0.986690	0
4ITP_A	4TWM_A	0.826090	0.826090	0.884840	0
4ITP_A	4YGN_A	0.998200	0.998200	0.998200	0
4ITP_A	4YWP_A	0.996590	0.996590	0.996590	0
4ITP_A	4Z1E_A	0.990930	0.998640	0.990930	0
4ITP_A	5DOG_A	0.998610	0.998610	0.998610	0
4ITP_A	5DSQ_A	0.999040	0.999040	0.999040	0
4ITP_A	5EKM_A	0.999630	0.999630	0.999630	0
4ITP_A	5FL5_A	0.893870	0.893870	0.914190	0
4ITP_A	5FLO_A	0.994930	0.998800	0.994930	0
4ITP_A	5FNM_A	0.994730	0.998600	0.994730	0
4ITP_A	5G0B_A	0.997350	0.997350	0.997350	0
4ITP_A	5GMN_A	0.986460	0.986460	0.986460	0
4ITP_A	5IPZ_A	0.870750	0.883730	0.870750	0
4ITP_A	5KU6_A	0.880360	0.880360	0.925250	0
4ITP_A	5L6K_A	0.989220	0.996900	0.989220	0
4ITP_A	5LL9_A	0.922380	0.936210	0.922380	0
4ITP_A	5LLE_A	0.998480	0.998480	0.998480	0
4ITP_A	5LLG_A	0.998720	0.998720	0.998720	0
4ITP_A	5LLN_A	0.969250	0.976650	0.969250	0
4ITP_A	5LLP_A	0.927340	0.937790	0.927340	0
4ITP_A	5M78_A	0.989730	0.997410	0.989730	0
4ITP_A	5MSA_A	0.923160	0.937020	0.923160	0
4ITP_A	5NXG_A	0.996980	0.996980	0.996980	0
4ITP_A	5NXV_A	0.994310	0.998170	0.994310	0
4ITP_A	5SZ2_A	0.999110	0.999110	0.999110	0
4ITP_A	5SZ5_A	0.998190	0.998190	0.998190	0
4ITP_A	5TFX_A	0.994670	0.998540	0.994670	0
4ITP_A	5TH4_A	0.998920	0.998920	0.998920	0
4ITP_A	5THJ_A	0.998400	0.998400	0.998400	0
4ITP_A	5TT8_A	0.707460	0.707460	0.891790	0
4ITP_A	5TV3_A	0.776660	0.776660	0.876000	0
4ITP_A	5TY1_A	0.994820	0.998690	0.994820	0
4ITP_A	5U0F_A	0.994540	0.998400	0.994540	0
4ITP_A	5WLR_A	0.998570	0.998570	0.998570	0
4ITP_A	5Y2R_A	0.998780	0.998780	0.998780	0
4ITP_A	5Y2S_A	0.998590	0.998590	0.998590	0
4ITP_A	5YUJ_A	0.999200	0.999200	0.999200	0
4ITP_A	6B00_A	0.972210	0.994800	0.972210	0
4ITP_A	6D1L_A	0.990660	0.998360	0.990660	0
4ITP_A	6GOT_A	0.999270	0.999270	0.999270	0
4ITP_A	6H36_A	0.978190	0.985710	0.978190	0
4ITP_A	6HR3_A	0.997490	0.997490	0.997490	0
4ITP_A	6KM1_A	0.998260	0.998260	0.998260	0
4ITP_A	6OTI_A	0.997930	0.997930	0.997930	0
4ITP_A	6QNL_A	0.927410	0.927410	0.941510	0
4ITP_A	6R6Y_A	0.924000	0.937890	0.924000	0
4ITP_A	6RG4_A	0.995570	0.999440	0.995570	0
4ITP_A	6RQQ_A	0.904620	0.904620	0.908010	0
4ITP_A	6UGN_A	0.998780	0.998780	0.998780	0
4ITP_A	6Y74_A	0.898770	0.902120	0.898770	0
4ITP_A	6YJ3_A	0.989430	0.993260	0.989430	0
4ITP_A	7MU3_A	0.990240	0.997930	0.990240	0
4ITP_A	7NG1_A	0.839090	0.900850	0.839090	0
4JKJ_A	4JKJ_B	0.979680	0.979680	0.979680	0
4JKJ_A	4UEL_A	0.627100	0.831190	0.627100	0
4JKJ_A	4UEM_A	0.638780	0.791200	0.638780	0
4JKJ_A	4UF5_A	0.626740	0.803440	0.626740	0
4JKJ_A	4UF6_A	0.642100	0.824750	0.642100	0
4JKJ_A	4WLP_A	0.630880	0.816610	0.630880	0
4JKJ_A	4WLQ_A	0.637110	0.817840	0.637110	0
4JKJ_A	4WLR_A	0.638450	0.831280	0.638450	0
4JKJ_B	4UEL_A	0.624740	0.827490	0.624740	0
4JKJ_B	4UEM_A	0.637440	0.789310	0.637440	0
4JKJ_B	4UF5_A	0.626900	0.803720	0.626900	0
4JKJ_B	4UF6_A	0.639720	0.821110	0.639720	0
4JKJ_B	4WLP_A	0.630450	0.815750	0.630450	0
4JKJ_B	4WLQ_A	0.632350	0.810810	0.632350	0
4JKJ_B	4WLR_A	0.635760	0.827790	0.635760	0
4KAP_A	4KP8_A	0.921840	0.932170	0.921840	0
4KAP_A	4MDG_A	0.997010	0.997010	0.997010	0
4KAP_A	4MDM_A	0.997140	0.997140	0.997140	0
4KAP_A	4PYX_A	0.994460	0.994460	0.998330	0
4KAP_A	4QK1_A	0.982170	0.982170	0.985950	0
4KAP_A	4R59_A	0.997980	0.997980	0.997980	0
4KAP_A	4R5A_A	0.989930	0.993760	0.989930	0
4KAP_A	4TWM_A	0.824190	0.824190	0.886030	0
4KAP_A	4YGN_A	0.995350	0.995350	0.999220	0
4KAP_A	4YWP_A	0.991310	0.991310	0.995150	0
4KAP_A	4Z1E_A	0.994200	0.998050	0.994200	0
4KAP_A	5DOG_A	0.995320	0.995320	0.999190	0
4KAP_A	5DSQ_A	0.993970	0.993970	0.997830	0
4KAP_A	5EKM_A	0.994520	0.994520	0.998390	0
4KAP_A	5FL5_A	0.891290	0.891290	0.914970	0
4KAP_A	5FLO_A	0.996230	0.996230	0.996230	0
4KAP_A	5FNM_A	0.996040	0.996040	0.996040	0
4KAP_A	5G0B_A	0.992750	0.992750	0.996600	0
4KAP_A	5GMN_A	0.983150	0.983150	0.986930	0
4KAP_A	5IPZ_A	0.874990	0.884740	0.874990	0
4KAP_A	5KU6_A	0.882080	0.882080	0.930570	0
4KAP_A	5L6K_A	0.989130	0.992940	0.989130	0
4KAP_A	5LL9_A	0.920530	0.930830	0.920530	0
4KAP_A	5LLE_A	0.993370	0.993370	0.997230	0
4KAP_A	5LLG_A	0.994690	0.994690	0.998550	0
4KAP_A	5LLN_A	0.969350	0.973030	0.969350	0
4KAP_A	5LLP_A	0.925460	0.932370	0.925460	0
4KAP_A	5M78_A	0.993440	0.997280	0.993440	0
4KAP_A	5MSA_A	0.920960	0.931270	0.920960	0
4KAP_A	5NXG_A	0.991570	0.991570	0.995410	0
4KAP_A	5NXV_A	0.997420	0.997420	0.997420	0
4KAP_A	5SZ2_A	0.994310	0.994310	0.998170	0
4KAP_A	5SZ5_A	0.993870	0.993870	0.997730	0
4KAP_A	5TFX_A	0.996270	0.996270	0.996270	0
4KAP_A	5TH4_A	0.994760	0.994760	0.998630	0
4KAP_A	5THJ_A	0.993280	0.993280	0.997130	0
4KAP_A	5TT8_A	0.704470	0.704470	0.891240	0
4KAP_A	5TV3_A	0.772440	0.772440	0.874310	0
4KAP_A	5TY1_A	0.996030	0.996030	0.996030	0
4KAP_A	5U0F_A	0.995630	0.995630	0.995630	0
4KAP_A	5WLR_A	0.994310	0.994310	0.998170	0
4KAP_A	5Y2R_A	0.994350	0.994350	0.998210	0
4KAP_A	5Y2S_A	0.994220	0.994220	0.998080	0
4KAP_A	5YUJ_A	0.994400	0.994400	0.998260	0
4KAP_A	6B00_A	0.971100	0.989810	0.971100	0
4KAP_A	6D1L_A	0.991790	0.995620	0.991790	0
4KAP_A	6GOT_A	0.994760	0.994760	0.998630	0
4KAP_A	6H36_A	0.977340	0.981080	0.977340	0
4KAP_A	6HR3_A	0.993300	0.993300	0.997150	0
4KAP_A	6KM1_A	0.995030	0.995030	0.998900	0
4KAP_A	6OTI_A	0.993240	0.993240	0.997100	0
4KAP_A	6QNL_A	0.922310	0.922310	0.939830	0
4KAP_A	6R6Y_A	0.922220	0.932560	0.922220	0
4KAP_A	6RG4_A	0.998590	0.998590	0.998590	0
4KAP_A	6RQQ_A	0.901640	0.901640	0.908400	0
4KAP_A	6UGN_A	0.994180	0.994180	0.998040	0
4KAP_A	6Y74_A	0.900480	0.900480	0.900480	0
4KAP_A	6YJ3_A	0.992310	0.992310	0.992310	0
4KAP_A	7MU3_A	0.990650	0.994480	0.990650	0
4KAP_A	7NG1_A	0.840290	0.898900	0.840290	0
4KP8_A	4MDG_A	0.920350	0.920350	0.930650	0
4KP8_A	4MDM_A	0.920390	0.920390	0.930690	0
4KP8_A	4PYX_A	0.921830	0.921830	0.935650	0
4KP8_A	4QK1_A	0.919240	0.919240	0.932990	0
4KP8_A	4R59_A	0.923040	0.923040	0.933390	0
4KP8_A	4R5A_A	0.919700	0.919700	0.926550	0
4KP8_A	4TWM_A	0.811210	0.811210	0.881510	0
4KP8_A	4YGN_A	0.922760	0.922760	0.936610	0
4KP8_A	4YWP_A	0.922960	0.922960	0.936820	0
4KP8_A	4Z1E_A	0.922680	0.922680	0.929560	0
4KP8_A	5DOG_A	0.922010	0.922010	0.935840	0
4KP8_A	5DSQ_A	0.923440	0.923440	0.937320	0
4KP8_A	5EKM_A	0.923830	0.923830	0.937720	0
4KP8_A	5FL5_A	0.913810	0.913810	0.948920	0
4KP8_A	5FLO_A	0.921680	0.921680	0.932010	0
4KP8_A	5FNM_A	0.922050	0.922050	0.932390	0
4KP8_A	5G0B_A	0.922170	0.922170	0.936000	0
4KP8_A	5GMN_A	0.915110	0.915110	0.928760	0
4KP8_A	5IPZ_A	0.867180	0.867180	0.867180	0
4KP8_A	5KU6_A	0.852720	0.852720	0.909310	0
4KP8_A	5L6K_A	0.922930	0.922930	0.929810	0
4KP8_A	5LL9_A	0.995570	0.995570	0.995570	0
4KP8_A	5LLE_A	0.923990	0.923990	0.937880	0
4KP8_A	5LLG_A	0.922350	0.922350	0.936210	0
4KP8_A	5LLN_A	0.922930	0.922930	0.929780	0
4KP8_A	5LLP_A	0.992630	0.992630	0.996440	0
4KP8_A	5M78_A	0.922480	0.922480	0.929350	0
4KP8_A	5MSA_A	0.994900	0.994900	0.994900	0
4KP8_A	5NXG_A	0.922970	0.922970	0.936830	0
4KP8_A	5NXV_A	0.922460	0.922460	0.932800	0
4KP8_A	5SZ2_A	0.924570	0.924570	0.938480	0
4KP8_A	5SZ5_A	0.923490	0.923490	0.937360	0
4KP8_A	5TFX_A	0.920870	0.920870	0.931180	0
4KP8_A	5TH4_A	0.923040	0.923040	0.936900	0
4KP8_A	5THJ_A	0.925620	0.925620	0.939560	0
4KP8_A	5TT8_A	0.699270	0.699270	0.894870	0
4KP8_A	5TV3_A	0.767220	0.767220	0.878170	0
4KP8_A	5TY1_A	0.921550	0.921550	0.931880	0
4KP8_A	5U0F_A	0.920750	0.920750	0.931060	0
4KP8_A	5WLR_A	0.923190	0.923190	0.937060	0
4KP8_A	5Y2R_A	0.920770	0.920770	0.934570	0
4KP8_A	5Y2S_A	0.920870	0.920870	0.934670	0
4KP8_A	5YUJ_A	0.923880	0.923880	0.937770	0
4KP8_A	6B00_A	0.918340	0.925120	0.918340	0
4KP8_A	6D1L_A	0.920790	0.920790	0.927640	0
4KP8_A	6GOT_A	0.923440	0.923440	0.937310	0
4KP8_A	6H36_A	0.927980	0.927980	0.934880	0
4KP8_A	6HR3_A	0.919450	0.919450	0.933220	0
4KP8_A	6KM1_A	0.921140	0.921140	0.934950	0
4KP8_A	6OTI_A	0.923870	0.923870	0.937760	0
4KP8_A	6QNL_A	0.965960	0.965960	0.996400	0
4KP8_A	6R6Y_A	0.995820	0.995820	0.995820	0
4KP8_A	6RG4_A	0.922710	0.922710	0.933060	0
4KP8_A	6RQQ_A	0.923030	0.923030	0.940470	0
4KP8_A	6UGN_A	0.922660	0.922660	0.936500	0
4KP8_A	6Y74_A	0.924990	0.924990	0.935420	0
4KP8_A	6YJ3_A	0.917220	0.917220	0.927450	0
4KP8_A	7MU3_A	0.922030	0.922030	0.928890	0
4KP8_A	7NG1_A	0.839680	0.888050	0.839680	0
4KTT_C	4KTT_D	0.924560	0.975130	0.924560	0
4KTT_C	4NDN_A	0.989330	0.994810	0.989330	0
4KTT_C	4NDN_D	0.922440	0.977950	0.922440	0
4KTT_C	5H9U_A	0.885040	0.967120	0.885040	0
4KTT_C	5T8S_A	0.893360	0.961320	0.893360	0
4KTT_C	5UGH_A	0.955790	0.979440	0.955790	0
4KTT_C	7LOO_A	0.902520	0.949030	0.902520	0
4KTT_C	7OCK_B	0.896760	0.954970	0.896760	0
4KTT_D	4NDN_A	0.928020	0.928020	0.973390	0
4KTT_D	4NDN_D	0.993200	0.998420	0.993200	0
4KTT_D	5H9U_A	0.922510	0.955830	0.922510	0
4KTT_D	5T8S_A	0.952270	0.972020	0.952270	0
4KTT_D	5UGH_A	0.950850	0.950850	0.979000	0
4KTT_D	7LOO_A	0.957600	0.957600	0.960080	0
4KTT_D	7OCK_B	0.934250	0.943810	0.934250	0
4MDG_A	4MDM_A	0.999720	0.999720	0.999720	0
4MDG_A	4PYX_A	0.993930	0.993930	0.997790	0
4MDG_A	4QK1_A	0.982090	0.982090	0.985870	0
4MDG_A	4R59_A	0.997690	0.997690	0.997690	0
4MDG_A	4R5A_A	0.989600	0.993420	0.989600	0
4MDG_A	4TWM_A	0.823900	0.823900	0.885670	0
4MDG_A	4YGN_A	0.993420	0.993420	0.997280	0
4MDG_A	4YWP_A	0.991650	0.991650	0.995490	0
4MDG_A	4Z1E_A	0.994460	0.998310	0.994460	0
4MDG_A	5DOG_A	0.994280	0.994280	0.998150	0
4MDG_A	5DSQ_A	0.993840	0.993840	0.997700	0
4MDG_A	5EKM_A	0.994220	0.994220	0.998080	0
4MDG_A	5FL5_A	0.889850	0.889850	0.913450	0
4MDG_A	5FLO_A	0.996920	0.996920	0.996920	0
4MDG_A	5FNM_A	0.997140	0.997140	0.997140	0
4MDG_A	5G0B_A	0.993690	0.993690	0.997550	0
4MDG_A	5GMN_A	0.983370	0.983370	0.987160	0
4MDG_A	5IPZ_A	0.873240	0.882960	0.873240	0
4MDG_A	5KU6_A	0.879350	0.879350	0.927560	0
4MDG_A	5L6K_A	0.990840	0.994660	0.990840	0
4MDG_A	5LL9_A	0.919620	0.929900	0.919620	0
4MDG_A	5LLE_A	0.992510	0.992510	0.996360	0
4MDG_A	5LLG_A	0.993980	0.993980	0.997840	0
4MDG_A	5LLN_A	0.968840	0.972510	0.968840	0
4MDG_A	5LLP_A	0.924550	0.931450	0.924550	0
4MDG_A	5M78_A	0.993050	0.996890	0.993050	0
4MDG_A	5MSA_A	0.919990	0.930280	0.919990	0
4MDG_A	5NXG_A	0.992680	0.992680	0.996530	0
4MDG_A	5NXV_A	0.997850	0.997850	0.997850	0
4MDG_A	5SZ2_A	0.993620	0.993620	0.997470	0
4MDG_A	5SZ5_A	0.993480	0.993480	0.997330	0
4MDG_A	5TFX_A	0.997160	0.997160	0.997160	0
4MDG_A	5TH4_A	0.993990	0.993990	0.997850	0
4MDG_A	5THJ_A	0.993030	0.993030	0.996880	0
4MDG_A	5TT8_A	0.705000	0.705000	0.892140	0
4MDG_A	5TV3_A	0.774220	0.774220	0.876750	0
4MDG_A	5TY1_A	0.997100	0.997100	0.997100	0
4MDG_A	5U0F_A	0.997180	0.997180	0.997180	0
4MDG_A	5WLR_A	0.994210	0.994210	0.998070	0
4MDG_A	5Y2R_A	0.994630	0.994630	0.998500	0
4MDG_A	5Y2S_A	0.994350	0.994350	0.998210	0
4MDG_A	5YUJ_A	0.993710	0.993710	0.997570	0
4MDG_A	6B00_A	0.970050	0.988730	0.970050	0
4MDG_A	6D1L_A	0.993060	0.996910	0.993060	0
4MDG_A	6GOT_A	0.994030	0.994030	0.997890	0
4MDG_A	6H36_A	0.976820	0.980560	0.976820	0
4MDG_A	6HR3_A	0.995350	0.995350	0.999220	0
4MDG_A	6KM1_A	0.993620	0.993620	0.997480	0
4MDG_A	6OTI_A	0.993620	0.993620	0.997480	0
4MDG_A	6QNL_A	0.921610	0.921610	0.939090	0
4MDG_A	6R6Y_A	0.921460	0.931780	0.921460	0
4MDG_A	6RG4_A	0.998410	0.998410	0.998410	0
4MDG_A	6RQQ_A	0.899990	0.899990	0.906720	0
4MDG_A	6UGN_A	0.994100	0.994100	0.997960	0
4MDG_A	6Y74_A	0.899270	0.899270	0.899270	0
4MDG_A	6YJ3_A	0.993050	0.993050	0.993050	0
4MDG_A	7MU3_A	0.992410	0.996250	0.992410	0
4MDG_A	7NG1_A	0.838220	0.896580	0.838220	0
4MDM_A	4PYX_A	0.994210	0.994210	0.998070	0
4MDM_A	4QK1_A	0.982520	0.982520	0.986300	0
4MDM_A	4R59_A	0.997730	0.997730	0.997730	0
4MDM_A	4R5A_A	0.989700	0.993520	0.989700	0
4MDM_A	4TWM_A	0.824690	0.824690	0.886580	0
4MDM_A	4YGN_A	0.993740	0.993740	0.997600	0
4MDM_A	4YWP_A	0.991750	0.991750	0.995590	0
4MDM_A	4Z1E_A	0.994560	0.998410	0.994560	0
4MDM_A	5DOG_A	0.994630	0.994630	0.998490	0
4MDM_A	5DSQ_A	0.994000	0.994000	0.997860	0
4MDM_A	5EKM_A	0.994310	0.994310	0.998170	0
4MDM_A	5FL5_A	0.889920	0.889920	0.913520	0
4MDM_A	5FLO_A	0.996870	0.996870	0.996870	0
4MDM_A	5FNM_A	0.997180	0.997180	0.997180	0
4MDM_A	5G0B_A	0.993900	0.993900	0.997760	0
4MDM_A	5GMN_A	0.983780	0.983780	0.987570	0
4MDM_A	5IPZ_A	0.873100	0.882820	0.873100	0
4MDM_A	5KU6_A	0.879140	0.879140	0.927340	0
4MDM_A	5L6K_A	0.990600	0.994420	0.990600	0
4MDM_A	5LL9_A	0.919740	0.930020	0.919740	0
4MDM_A	5LLE_A	0.992820	0.992820	0.996670	0
4MDM_A	5LLG_A	0.994410	0.994410	0.998270	0
4MDM_A	5LLN_A	0.969200	0.972880	0.969200	0
4MDM_A	5LLP_A	0.924640	0.931550	0.924640	0
4MDM_A	5M78_A	0.993300	0.997140	0.993300	0
4MDM_A	5MSA_A	0.920130	0.930420	0.920130	0
4MDM_A	5NXG_A	0.993010	0.993010	0.996860	0
4MDM_A	5NXV_A	0.998230	0.998230	0.998230	0
4MDM_A	5SZ2_A	0.993700	0.993700	0.997560	0
4MDM_A	5SZ5_A	0.993500	0.993500	0.997360	0
4MDM_A	5TFX_A	0.997160	0.997160	0.997160	0
4MDM_A	5TH4_A	0.994280	0.994280	0.998140	0
4MDM_A	5THJ_A	0.993030	0.993030	0.996880	0
4MDM_A	5TT8_A	0.704870	0.704870	0.891910	0
4MDM_A	5TV3_A	0.773860	0.773860	0.876310	0
4MDM_A	5TY1_A	0.997040	0.997040	0.997040	0
4MDM_A	5U0F_A	0.997030	0.997030	0.997030	0
4MDM_A	5WLR_A	0.993990	0.993990	0.997850	0
4MDM_A	5Y2R_A	0.994560	0.994560	0.998430	0
4MDM_A	5Y2S_A	0.994440	0.994440	0.998300	0
4MDM_A	5YUJ_A	0.993970	0.993970	0.997830	0
4MDM_A	6B00_A	0.970100	0.988780	0.970100	0
4MDM_A	6D1L_A	0.993060	0.996900	0.993060	0
4MDM_A	6GOT_A	0.994240	0.994240	0.998110	0
4MDM_A	6H36_A	0.976760	0.980500	0.976760	0
4MDM_A	6HR3_A	0.995200	0.995200	0.999070	0
4MDM_A	6KM1_A	0.993870	0.993870	0.997730	0
4MDM_A	6OTI_A	0.993420	0.993420	0.997270	0
4MDM_A	6QNL_A	0.921660	0.921660	0.939140	0
4MDM_A	6R6Y_A	0.921450	0.931770	0.921450	0
4MDM_A	6RG4_A	0.998540	0.998540	0.998540	0
4MDM_A	6RQQ_A	0.900090	0.900090	0.906820	0
4MDM_A	6UGN_A	0.994140	0.994140	0.998000	0
4MDM_A	6Y74_A	0.899360	0.899360	0.899360	0
4MDM_A	6YJ3_A	0.992810	0.992810	0.992810	0
4MDM_A	7MU3_A	0.992350	0.996180	0.992350	0
4MDM_A	7NG1_A	0.838370	0.896740	0.838370	0
4NDN_A	4NDN_D	0.925870	0.976180	0.925870	0
4NDN_A	5H9U_A	0.889140	0.966270	0.889140	0
4NDN_A	5T8S_A	0.897390	0.960410	0.897390	0
4NDN_A	5UGH_A	0.960350	0.978720	0.960350	0
4NDN_A	7LOO_A	0.906920	0.948510	0.906920	0
4NDN_A	7OCK_B	0.902560	0.956010	0.902560	0
4NDN_D	5H9U_A	0.926780	0.955330	0.926780	0
4NDN_D	5T8S_A	0.953240	0.968000	0.953240	0
4NDN_D	5UGH_A	0.951360	0.951360	0.984650	0
4NDN_D	7LOO_A	0.955580	0.955580	0.963010	0
4NDN_D	7OCK_B	0.936250	0.941030	0.936250	0
4O01_A	4O01_B	0.993830	1.000000	0.993830	0
4O01_A	4O01_C	1.000000	1.000000	1.000000	0
4O01_A	4O01_D	0.997930	0.997930	1.000000	0
4O01_A	4O0P_A	0.843930	0.847180	0.843930	0
4O01_A	4O0P_B	0.845530	0.847160	0.845530	0
4O01_A	4O8G_A	0.628340	0.628340	0.968090	0
4O01_A	4Q0H_A	0.631270	0.631270	0.944100	0
4O01_A	4Q0I_A	0.634170	0.634170	0.966370	0
4O01_A	4Q0J_A	0.841860	0.861230	0.841860	0
4O01_A	4R6L_A	0.763680	0.763680	0.778150	0
4O01_A	4RQ9_A	0.561940	0.561940	0.878040	0
4O01_A	4XTQ_A	0.567910	0.567910	0.893030	0
4O01_A	4Y3I_A	0.631360	0.631360	0.950110	0
4O01_A	4Y5F_A	0.631270	0.631270	0.949910	0
4O01_A	4Z1W_A	0.626030	0.626030	0.956440	0
4O01_A	4ZRR_A	0.629620	0.629620	0.975330	0
4O01_A	5C5K_A	0.959410	0.973130	0.959410	0
4O01_A	5HSQ_A	0.671860	0.678180	0.671860	0
4O01_A	5I5L_A	0.765500	0.765500	0.769730	0
4O01_A	5K5B_A	0.622820	0.622820	0.979960	0
4O01_A	5L8M_A	0.623390	0.623390	0.981240	0
4O01_A	5LBR_A	0.621620	0.621620	0.981760	0
4O01_A	5MG0_A	0.639260	0.639260	0.952060	0
4O01_A	5NFX_A	0.623110	0.623110	0.980660	0
4O01_A	5NM3_A	0.974970	0.993100	0.974970	0
4O01_A	5NWN_A	0.982620	0.982620	0.992850	0
4O01_A	5VIK_A	0.564130	0.564130	0.900140	0
4O01_A	5VIQ_A	0.564190	0.564190	0.900190	0
4O01_A	5VIV_A	0.566240	0.566240	0.898250	0
4O01_A	6BAF_A	0.559440	0.559440	0.876580	0
4O01_A	6BAK_A	0.559760	0.559760	0.877280	0
4O01_A	6BAO_A	0.749970	0.777490	0.749970	0
4O01_A	6BAP_A	0.770520	0.801560	0.770520	0
4O01_A	6BAY_A	0.770050	0.801130	0.770050	0
4O01_A	6FHT_A	0.557570	0.819640	0.557570	0
4O01_A	6PTQ_A	0.797820	0.797820	0.799310	0
4O01_A	6PTX_A	0.799830	0.799830	0.802820	0
4O01_A	6PU2_A	0.796730	0.796730	0.799690	0
4O01_B	4O01_C	0.993830	0.993830	1.000000	0
4O01_B	4O01_D	0.991770	0.991770	1.000000	0
4O01_B	4O0P_A	0.843560	0.843560	0.845180	0
4O01_B	4O0P_B	0.842330	0.842330	0.845560	0
4O01_B	4O8G_A	0.624500	0.624500	0.968040	0
4O01_B	4Q0H_A	0.630230	0.630230	0.947770	0
4O01_B	4Q0I_A	0.630280	0.630280	0.966320	0
4O01_B	4Q0J_A	0.843890	0.858370	0.843890	0
4O01_B	4R6L_A	0.761370	0.761370	0.780070	0
4O01_B	4RQ9_A	0.562680	0.562680	0.883830	0
4O01_B	4XTQ_A	0.569800	0.569800	0.901040	0
4O01_B	4Y3I_A	0.632260	0.632260	0.956680	0
4O01_B	4Y5F_A	0.632140	0.632140	0.956440	0
4O01_B	4Z1W_A	0.625660	0.625660	0.961990	0
4O01_B	4ZRR_A	0.625740	0.625740	0.975250	0
4O01_B	5C5K_A	0.964960	0.972790	0.964960	0
4O01_B	5HSQ_A	0.675410	0.677900	0.675410	0
4O01_B	5I5L_A	0.766550	0.766550	0.775060	0
4O01_B	5K5B_A	0.618990	0.618990	0.979900	0
4O01_B	5L8M_A	0.619550	0.619550	0.981160	0
4O01_B	5LBR_A	0.617790	0.617790	0.981690	0
4O01_B	5MG0_A	0.639980	0.639980	0.958320	0
4O01_B	5NFX_A	0.619290	0.619290	0.980600	0
4O01_B	5NM3_A	0.976960	0.989000	0.976960	0
4O01_B	5NWN_A	0.978570	0.978570	0.994880	0
4O01_B	5VIK_A	0.566000	0.566000	0.908240	0
4O01_B	5VIQ_A	0.566010	0.566010	0.908160	0
4O01_B	5VIV_A	0.568240	0.568240	0.906490	0
4O01_B	6BAF_A	0.560140	0.560140	0.882280	0
4O01_B	6BAK_A	0.560590	0.560590	0.883090	0
4O01_B	6BAO_A	0.754950	0.778370	0.754950	0
4O01_B	6BAP_A	0.774280	0.801080	0.774280	0
4O01_B	6BAY_A	0.774510	0.801370	0.774510	0
4O01_B	6FHT_A	0.560820	0.819150	0.560820	0
4O01_B	6PTQ_A	0.798150	0.798150	0.804100	0
4O01_B	6PTX_A	0.800080	0.800080	0.807520	0
4O01_B	6PU2_A	0.797040	0.797040	0.804420	0
4O01_C	4O01_D	0.997930	0.997930	1.000000	0
4O01_C	4O0P_A	0.844070	0.847320	0.844070	0
4O01_C	4O0P_B	0.845670	0.847300	0.845670	0
4O01_C	4O8G_A	0.628310	0.628310	0.968030	0
4O01_C	4Q0H_A	0.631250	0.631250	0.944050	0
4O01_C	4Q0I_A	0.634150	0.634150	0.966320	0
4O01_C	4Q0J_A	0.841990	0.861360	0.841990	0
4O01_C	4R6L_A	0.763780	0.763780	0.778240	0
4O01_C	4RQ9_A	0.561920	0.561920	0.878010	0
4O01_C	4XTQ_A	0.567890	0.567890	0.892990	0
4O01_C	4Y3I_A	0.631340	0.631340	0.950070	0
4O01_C	4Y5F_A	0.631250	0.631250	0.949870	0
4O01_C	4Z1W_A	0.626010	0.626010	0.956380	0
4O01_C	4ZRR_A	0.629590	0.629590	0.975250	0
4O01_C	5C5K_A	0.959480	0.973190	0.959480	0
4O01_C	5HSQ_A	0.671900	0.678220	0.671900	0
4O01_C	5I5L_A	0.765570	0.765570	0.769820	0
4O01_C	5K5B_A	0.622790	0.622790	0.979910	0
4O01_C	5L8M_A	0.623360	0.623360	0.981180	0
4O01_C	5LBR_A	0.621600	0.621600	0.981710	0
4O01_C	5MG0_A	0.639250	0.639250	0.952020	0
4O01_C	5NFX_A	0.623090	0.623090	0.980610	0
4O01_C	5NM3_A	0.974950	0.993070	0.974950	0
4O01_C	5NWN_A	0.982640	0.982640	0.992880	0
4O01_C	5VIK_A	0.564100	0.564100	0.900080	0
4O01_C	5VIQ_A	0.564160	0.564160	0.900130	0
4O01_C	5VIV_A	0.566220	0.566220	0.898190	0
4O01_C	6BAF_A	0.559430	0.559430	0.876550	0
4O01_C	6BAK_A	0.559750	0.559750	0.877240	0
4O01_C	6BAO_A	0.750070	0.777600	0.750070	0
4O01_C	6BAP_A	0.770520	0.801560	0.770520	0
4O01_C	6BAY_A	0.770040	0.801130	0.770040	0
4O01_C	6FHT_A	0.557640	0.819770	0.557640	0
4O01_C	6PTQ_A	0.797900	0.797900	0.799380	0
4O01_C	6PTX_A	0.799940	0.799940	0.802930	0
4O01_C	6PU2_A	0.796840	0.796840	0.799790	0
4O01_D	4O0P_A	0.842900	0.847790	0.842900	0
4O01_D	4O0P_B	0.844540	0.847800	0.844540	0
4O01_D	4O8G_A	0.629600	0.629600	0.968030	0
4O01_D	4Q0H_A	0.632540	0.632540	0.944040	0
4O01_D	4Q0I_A	0.635440	0.635440	0.966310	0
4O01_D	4Q0J_A	0.841980	0.863000	0.841980	0
4O01_D	4R6L_A	0.763530	0.763530	0.776580	0
4O01_D	4RQ9_A	0.563050	0.563050	0.878020	0
4O01_D	4XTQ_A	0.569040	0.569040	0.893000	0
4O01_D	4Y3I_A	0.632630	0.632630	0.950060	0
4O01_D	4Y5F_A	0.632540	0.632540	0.949860	0
4O01_D	4Z1W_A	0.627280	0.627280	0.956380	0
4O01_D	4ZRR_A	0.630880	0.630880	0.975250	0
4O01_D	5C5K_A	0.957510	0.973180	0.957510	0
4O01_D	5HSQ_A	0.669910	0.677380	0.669910	0
4O01_D	5I5L_A	0.766220	0.766220	0.769050	0
4O01_D	5K5B_A	0.624080	0.624080	0.979920	0
4O01_D	5L8M_A	0.624650	0.624650	0.981180	0
4O01_D	5LBR_A	0.622880	0.622880	0.981720	0
4O01_D	5MG0_A	0.640550	0.640550	0.952010	0
4O01_D	5NFX_A	0.624380	0.624380	0.980620	0
4O01_D	5NM3_A	0.972970	0.993120	0.972970	0
4O01_D	5NWN_A	0.982610	0.982610	0.990800	0
4O01_D	5VIK_A	0.565240	0.565240	0.900110	0
4O01_D	5VIQ_A	0.565300	0.565300	0.900160	0
4O01_D	5VIV_A	0.567370	0.567370	0.898200	0
4O01_D	6BAF_A	0.560550	0.560550	0.876560	0
4O01_D	6BAK_A	0.560880	0.560880	0.877250	0
4O01_D	6BAO_A	0.749450	0.778410	0.749450	0
4O01_D	6BAP_A	0.770220	0.802710	0.770220	0
4O01_D	6BAY_A	0.769160	0.801700	0.769160	0
4O01_D	6FHT_A	0.557870	0.821340	0.557870	0
4O01_D	6PTQ_A	0.799180	0.799180	0.799180	0
4O01_D	6PTX_A	0.800970	0.800970	0.802460	0
4O01_D	6PU2_A	0.797710	0.797710	0.799190	0
4O0P_A	4O0P_B	0.991750	0.991750	0.993800	0
4O0P_A	4O8G_A	0.630800	0.630800	0.977870	0
4O0P_A	4Q0H_A	0.632550	0.632550	0.951740	0
4O0P_A	4Q0I_A	0.634460	0.634460	0.972380	0
4O0P_A	4Q0J_A	0.957690	0.977210	0.957690	0
4O0P_A	4R6L_A	0.867980	0.867980	0.888780	0
4O0P_A	4RQ9_A	0.558430	0.558430	0.877490	0
4O0P_A	4XTQ_A	0.562240	0.562240	0.888120	0
4O0P_A	4Y3I_A	0.632610	0.632610	0.957760	0
4O0P_A	4Y5F_A	0.632420	0.632420	0.957340	0
4O0P_A	4Z1W_A	0.623290	0.623290	0.957990	0
4O0P_A	4ZRR_A	0.624390	0.624390	0.970800	0
4O0P_A	5C5K_A	0.849200	0.857270	0.849200	0
4O0P_A	5HSQ_A	0.769680	0.773790	0.769680	0
4O0P_A	5I5L_A	0.864980	0.864980	0.873390	0
4O0P_A	5K5B_A	0.620310	0.620310	0.981450	0
4O0P_A	5L8M_A	0.620180	0.620180	0.981130	0
4O0P_A	5LBR_A	0.620260	0.620260	0.984540	0
4O0P_A	5MG0_A	0.641150	0.641150	0.960810	0
4O0P_A	5NFX_A	0.620810	0.620810	0.982610	0
4O0P_A	5NM3_A	0.834750	0.845930	0.834750	0
4O0P_A	5NWN_A	0.845590	0.845590	0.857140	0
4O0P_A	5VIK_A	0.559260	0.559260	0.896740	0
4O0P_A	5VIQ_A	0.559340	0.559340	0.896860	0
4O0P_A	5VIV_A	0.560870	0.560870	0.893890	0
4O0P_A	6BAF_A	0.555470	0.555470	0.875010	0
4O0P_A	6BAK_A	0.556260	0.556260	0.876710	0
4O0P_A	6BAO_A	0.869270	0.900100	0.869270	0
4O0P_A	6BAP_A	0.825060	0.856420	0.825060	0
4O0P_A	6BAY_A	0.822910	0.854130	0.822910	0
4O0P_A	6FHT_A	0.639580	0.953090	0.639580	0
4O0P_A	6PTQ_A	0.862800	0.862800	0.867870	0
4O0P_A	6PTX_A	0.853160	0.853160	0.859810	0
4O0P_A	6PU2_A	0.851680	0.851680	0.858320	0
4O0P_B	4O8G_A	0.632090	0.632090	0.977860	0
4O0P_B	4Q0H_A	0.632050	0.632050	0.949170	0
4O0P_B	4Q0I_A	0.635750	0.635750	0.972350	0
4O0P_B	4Q0J_A	0.958810	0.980360	0.958810	0
4O0P_B	4R6L_A	0.873780	0.873780	0.892960	0
4O0P_B	4RQ9_A	0.557830	0.557830	0.874970	0
4O0P_B	4XTQ_A	0.561330	0.561330	0.884880	0
4O0P_B	4Y3I_A	0.632050	0.632050	0.955040	0
4O0P_B	4Y5F_A	0.631870	0.631870	0.954660	0
4O0P_B	4Z1W_A	0.622820	0.622820	0.955480	0
4O0P_B	4ZRR_A	0.625650	0.625650	0.970780	0
4O0P_B	5C5K_A	0.848560	0.858240	0.848560	0
4O0P_B	5HSQ_A	0.770750	0.776250	0.770750	0
4O0P_B	5I5L_A	0.862640	0.862640	0.869360	0
4O0P_B	5K5B_A	0.621560	0.621560	0.981410	0
4O0P_B	5L8M_A	0.621440	0.621440	0.981100	0
4O0P_B	5LBR_A	0.621510	0.621510	0.984490	0
4O0P_B	5MG0_A	0.640670	0.640670	0.958260	0
4O0P_B	5NFX_A	0.622060	0.622060	0.982570	0
4O0P_B	5NM3_A	0.834000	0.846770	0.834000	0
4O0P_B	5NWN_A	0.846240	0.846240	0.856140	0
4O0P_B	5VIK_A	0.558810	0.558810	0.894490	0
4O0P_B	5VIQ_A	0.558860	0.558860	0.894560	0
4O0P_B	5VIV_A	0.559980	0.559980	0.890660	0
4O0P_B	6BAF_A	0.555060	0.555060	0.872880	0
4O0P_B	6BAK_A	0.555600	0.555600	0.874080	0
4O0P_B	6BAO_A	0.868050	0.900620	0.868050	0
4O0P_B	6BAP_A	0.823930	0.856890	0.823930	0
4O0P_B	6BAY_A	0.821890	0.854730	0.821890	0
4O0P_B	6FHT_A	0.638420	0.953390	0.638420	0
4O0P_B	6PTQ_A	0.868040	0.868040	0.871440	0
4O0P_B	6PTX_A	0.858060	0.858060	0.863080	0
4O0P_B	6PU2_A	0.856500	0.856500	0.861500	0
4O8G_A	4Q0H_A	0.951860	0.982080	0.951860	0
4O8G_A	4Q0I_A	0.972750	0.985100	0.972750	0
4O8G_A	4Q0J_A	0.620570	0.981910	0.620570	0
4O8G_A	4R6L_A	0.578160	0.865300	0.578160	0
4O8G_A	4RQ9_A	0.859330	0.859330	0.878250	0
4O8G_A	4XTQ_A	0.864800	0.864800	0.886740	0
4O8G_A	4Y3I_A	0.957870	0.982200	0.957870	0
4O8G_A	4Y5F_A	0.957660	0.981980	0.957660	0
4O8G_A	4Z1W_A	0.975440	0.981660	0.975440	0
4O8G_A	4ZRR_A	0.978970	0.978970	0.982100	0
4O8G_A	5C5K_A	0.614580	0.958460	0.614580	0
4O8G_A	5HSQ_A	0.567390	0.877090	0.567390	0
4O8G_A	5I5L_A	0.575500	0.877090	0.575500	0
4O8G_A	5K5B_A	0.972720	0.972720	0.991720	0
4O8G_A	5L8M_A	0.971750	0.971750	0.990720	0
4O8G_A	5LBR_A	0.966330	0.966330	0.988360	0
4O8G_A	5MG0_A	0.951410	0.984620	0.951410	0
4O8G_A	5NFX_A	0.972460	0.972460	0.991450	0
4O8G_A	5NM3_A	0.615870	0.966900	0.615870	0
4O8G_A	5NWN_A	0.633970	0.967570	0.633970	0
4O8G_A	5VIK_A	0.862590	0.862590	0.904270	0
4O8G_A	5VIQ_A	0.863060	0.863060	0.904770	0
4O8G_A	5VIV_A	0.862540	0.862540	0.892880	0
4O8G_A	6BAF_A	0.855420	0.855420	0.876970	0
4O8G_A	6BAK_A	0.855990	0.855990	0.877620	0
4O8G_A	6BAO_A	0.550500	0.875460	0.550500	0
4O8G_A	6BAP_A	0.546330	0.871290	0.546330	0
4O8G_A	6BAY_A	0.546850	0.872390	0.546850	0
4O8G_A	6FHT_A	0.422050	0.981370	0.422050	0
4O8G_A	6PTQ_A	0.567660	0.865660	0.567660	0
4O8G_A	6PTX_A	0.570110	0.868260	0.570110	0
4O8G_A	6PU2_A	0.569460	0.866910	0.569460	0
4PYX_A	4QK1_A	0.986560	0.986560	0.986560	0
4PYX_A	4R59_A	0.994050	0.997910	0.994050	0
4PYX_A	4R5A_A	0.986540	0.994200	0.986540	0
4PYX_A	4TWM_A	0.827430	0.827430	0.886360	0
4PYX_A	4YGN_A	0.998310	0.998310	0.998310	0
4PYX_A	4YWP_A	0.995170	0.995170	0.995170	0
4PYX_A	4Z1E_A	0.991360	0.999070	0.991360	0
4PYX_A	5DOG_A	0.998980	0.998980	0.998980	0
4PYX_A	5DSQ_A	0.998380	0.998380	0.998380	0
4PYX_A	5EKM_A	0.998440	0.998440	0.998440	0
4PYX_A	5FL5_A	0.894810	0.894810	0.915190	0
4PYX_A	5FLO_A	0.993780	0.997640	0.993780	0
4PYX_A	5FNM_A	0.994550	0.998410	0.994550	0
4PYX_A	5G0B_A	0.997650	0.997650	0.997650	0
4PYX_A	5GMN_A	0.988640	0.988640	0.988640	0
4PYX_A	5IPZ_A	0.871920	0.884940	0.871920	0
4PYX_A	5KU6_A	0.880560	0.880560	0.925470	0
4PYX_A	5L6K_A	0.986870	0.994510	0.986870	0
4PYX_A	5LL9_A	0.920350	0.934130	0.920350	0
4PYX_A	5LLE_A	0.997970	0.997970	0.997970	0
4PYX_A	5LLG_A	0.998990	0.998990	0.998990	0
4PYX_A	5LLN_A	0.965470	0.972820	0.965470	0
4PYX_A	5LLP_A	0.925480	0.935890	0.925480	0
4PYX_A	5M78_A	0.990490	0.998180	0.990490	0
4PYX_A	5MSA_A	0.920970	0.934770	0.920970	0
4PYX_A	5NXG_A	0.997190	0.997190	0.997190	0
4PYX_A	5NXV_A	0.995030	0.998900	0.995030	0
4PYX_A	5SZ2_A	0.998540	0.998540	0.998540	0
4PYX_A	5SZ5_A	0.998120	0.998120	0.998120	0
4PYX_A	5TFX_A	0.993820	0.997680	0.993820	0
4PYX_A	5TH4_A	0.998940	0.998940	0.998940	0
4PYX_A	5THJ_A	0.997230	0.997230	0.997230	0
4PYX_A	5TT8_A	0.707110	0.707110	0.891260	0
4PYX_A	5TV3_A	0.776520	0.776520	0.876040	0
4PYX_A	5TY1_A	0.993530	0.997390	0.993530	0
4PYX_A	5U0F_A	0.993560	0.997410	0.993560	0
4PYX_A	5WLR_A	0.998310	0.998310	0.998310	0
4PYX_A	5Y2R_A	0.997560	0.997560	0.997560	0
4PYX_A	5Y2S_A	0.997230	0.997230	0.997230	0
4PYX_A	5YUJ_A	0.998240	0.998240	0.998240	0
4PYX_A	6B00_A	0.971750	0.994320	0.971750	0
4PYX_A	6D1L_A	0.989430	0.997110	0.989430	0
4PYX_A	6GOT_A	0.998610	0.998610	0.998610	0
4PYX_A	6H36_A	0.977900	0.985420	0.977900	0
4PYX_A	6HR3_A	0.996970	0.996970	0.996970	0
4PYX_A	6KM1_A	0.997790	0.997790	0.997790	0
4PYX_A	6OTI_A	0.997610	0.997610	0.997610	0
4PYX_A	6QNL_A	0.925900	0.925900	0.939960	0
4PYX_A	6R6Y_A	0.922330	0.936160	0.922330	0
4PYX_A	6RG4_A	0.994990	0.998860	0.994990	0
4PYX_A	6RQQ_A	0.905560	0.905560	0.908960	0
4PYX_A	6UGN_A	0.998620	0.998620	0.998620	0
4PYX_A	6Y74_A	0.898960	0.902300	0.898960	0
4PYX_A	6YJ3_A	0.988820	0.992640	0.988820	0
4PYX_A	7MU3_A	0.989900	0.997590	0.989900	0
4PYX_A	7NG1_A	0.841100	0.903130	0.841100	0
4Q0H_A	4Q0I_A	0.970910	0.970910	0.989330	0
4Q0H_A	4Q0J_A	0.631320	0.968390	0.631320	0
4Q0H_A	4R6L_A	0.578630	0.840980	0.578630	0
4Q0H_A	4RQ9_A	0.845170	0.845170	0.890570	0
4Q0H_A	4XTQ_A	0.845570	0.845570	0.893710	0
4Q0H_A	4Y3I_A	0.983830	0.983830	0.989990	0
4Q0H_A	4Y5F_A	0.983870	0.983870	0.990030	0
4Q0H_A	4Z1W_A	0.950950	0.950950	0.974830	0
4Q0H_A	4ZRR_A	0.944060	0.944060	0.977020	0
4Q0H_A	5C5K_A	0.623550	0.944050	0.623550	0
4Q0H_A	5HSQ_A	0.570630	0.854720	0.570630	0
4Q0H_A	5I5L_A	0.577440	0.851780	0.577440	0
4Q0H_A	5K5B_A	0.937800	0.937800	0.986430	0
4Q0H_A	5L8M_A	0.939500	0.939500	0.988280	0
4Q0H_A	5LBR_A	0.934160	0.934160	0.985760	0
4Q0H_A	5MG0_A	0.971010	0.974020	0.971010	0
4Q0H_A	5NFX_A	0.938400	0.938400	0.987080	0
4Q0H_A	5NM3_A	0.620870	0.945430	0.620870	0
4Q0H_A	5NWN_A	0.637430	0.943640	0.637430	0
4Q0H_A	5VIK_A	0.835040	0.835040	0.901450	0
4Q0H_A	5VIQ_A	0.835390	0.835390	0.901860	0
4Q0H_A	5VIV_A	0.842950	0.842950	0.899380	0
4Q0H_A	6BAF_A	0.841280	0.841280	0.889240	0
4Q0H_A	6BAK_A	0.843320	0.843320	0.891480	0
4Q0H_A	6BAO_A	0.553620	0.850980	0.553620	0
4Q0H_A	6BAP_A	0.550480	0.848160	0.550480	0
4Q0H_A	6BAY_A	0.551360	0.849900	0.551360	0
4Q0H_A	6FHT_A	0.434340	0.977600	0.434340	0
4Q0H_A	6PTQ_A	0.570080	0.841000	0.570080	0
4Q0H_A	6PTX_A	0.572400	0.843150	0.572400	0
4Q0H_A	6PU2_A	0.571820	0.842020	0.571820	0
4Q0I_A	4Q0J_A	0.624710	0.976620	0.624710	0
4Q0I_A	4R6L_A	0.582540	0.863590	0.582540	0
4Q0I_A	4RQ9_A	0.851580	0.851580	0.881170	0
4Q0I_A	4XTQ_A	0.854140	0.854140	0.886620	0
4Q0I_A	4Y3I_A	0.976680	0.989030	0.976680	0
4Q0I_A	4Y5F_A	0.976670	0.989020	0.976670	0
4Q0I_A	4Z1W_A	0.965920	0.965920	0.971980	0
4Q0I_A	4ZRR_A	0.962890	0.962890	0.978150	0
4Q0I_A	5C5K_A	0.623940	0.963050	0.623940	0
4Q0I_A	5HSQ_A	0.568510	0.866930	0.568510	0
4Q0I_A	5I5L_A	0.577100	0.867490	0.577100	0
4Q0I_A	5K5B_A	0.957890	0.957890	0.988990	0
4Q0I_A	5L8M_A	0.957810	0.957810	0.988910	0
4Q0I_A	5LBR_A	0.952460	0.952460	0.986520	0
4Q0I_A	5MG0_A	0.963850	0.985110	0.963850	0
4Q0I_A	5NFX_A	0.958180	0.958180	0.989300	0
4Q0I_A	5NM3_A	0.622450	0.966030	0.622450	0
4Q0I_A	5NWN_A	0.639140	0.964390	0.639140	0
4Q0I_A	5VIK_A	0.846690	0.846690	0.897950	0
4Q0I_A	5VIQ_A	0.847040	0.847040	0.898320	0
4Q0I_A	5VIV_A	0.851410	0.851410	0.892160	0
4Q0I_A	6BAF_A	0.847860	0.847860	0.880090	0
4Q0I_A	6BAK_A	0.849320	0.849320	0.881640	0
4Q0I_A	6BAO_A	0.552770	0.866420	0.552770	0
4Q0I_A	6BAP_A	0.547070	0.858230	0.547070	0
4Q0I_A	6BAY_A	0.547460	0.859180	0.547460	0
4Q0I_A	6FHT_A	0.426440	0.978030	0.426440	0
4Q0I_A	6PTQ_A	0.569730	0.856320	0.569730	0
4Q0I_A	6PTX_A	0.572130	0.858610	0.572130	0
4Q0I_A	6PU2_A	0.571550	0.857450	0.571550	0
4Q0J_A	4R6L_A	0.847380	0.847380	0.884110	0
4Q0J_A	4RQ9_A	0.551740	0.551740	0.884020	0
4Q0J_A	4XTQ_A	0.555490	0.555490	0.894130	0
4Q0J_A	4Y3I_A	0.623300	0.623300	0.962040	0
4Q0J_A	4Y5F_A	0.623340	0.623340	0.962130	0
4Q0J_A	4Z1W_A	0.614200	0.614200	0.962790	0
4Q0J_A	4ZRR_A	0.614820	0.614820	0.976130	0
4Q0J_A	5C5K_A	0.855910	0.855910	0.863980	0
4Q0J_A	5HSQ_A	0.769120	0.769120	0.778640	0
4Q0J_A	5I5L_A	0.868660	0.868660	0.894240	0
4Q0J_A	5K5B_A	0.610680	0.610680	0.986630	0
4Q0J_A	5L8M_A	0.610140	0.610140	0.985410	0
4Q0J_A	5LBR_A	0.607540	0.607540	0.983790	0
4Q0J_A	5MG0_A	0.630420	0.630420	0.962390	0
4Q0J_A	5NFX_A	0.610770	0.610770	0.986860	0
4Q0J_A	5NM3_A	0.845310	0.845310	0.850070	0
4Q0J_A	5NWN_A	0.846510	0.846510	0.874390	0
4Q0J_A	5VIK_A	0.552780	0.552780	0.903000	0
4Q0J_A	5VIQ_A	0.552860	0.552860	0.903120	0
4Q0J_A	5VIV_A	0.554270	0.554270	0.900250	0
4Q0J_A	6BAF_A	0.549160	0.549160	0.882290	0
4Q0J_A	6BAK_A	0.549530	0.549530	0.883090	0
4Q0J_A	6BAO_A	0.871890	0.885280	0.871890	0
4Q0J_A	6BAP_A	0.832220	0.847740	0.832220	0
4Q0J_A	6BAY_A	0.831370	0.846840	0.831370	0
4Q0J_A	6FHT_A	0.645020	0.939290	0.645020	0
4Q0J_A	6PTQ_A	0.868190	0.868190	0.890400	0
4Q0J_A	6PTX_A	0.856750	0.856750	0.880210	0
4Q0J_A	6PU2_A	0.855310	0.855310	0.878700	0
4QK1_A	4R59_A	0.983720	0.987500	0.983720	0
4QK1_A	4R5A_A	0.975500	0.983020	0.975500	0
4QK1_A	4TWM_A	0.826950	0.826950	0.885810	0
4QK1_A	4YGN_A	0.986670	0.986670	0.986670	0
4QK1_A	4YWP_A	0.986950	0.986950	0.986950	0
4QK1_A	4Z1E_A	0.979660	0.987210	0.979660	0
4QK1_A	5DOG_A	0.986830	0.986830	0.986830	0
4QK1_A	5DSQ_A	0.987650	0.987650	0.987650	0
4QK1_A	5EKM_A	0.987470	0.987470	0.987470	0
4QK1_A	5FL5_A	0.895130	0.895130	0.915500	0
4QK1_A	5FLO_A	0.982520	0.986310	0.982520	0
4QK1_A	5FNM_A	0.982450	0.986240	0.982450	0
4QK1_A	5G0B_A	0.986190	0.986190	0.986190	0
4QK1_A	5GMN_A	0.975430	0.975430	0.975430	0
4QK1_A	5IPZ_A	0.865000	0.877840	0.865000	0
4QK1_A	5KU6_A	0.875700	0.875700	0.920150	0
4QK1_A	5L6K_A	0.978400	0.985940	0.978400	0
4QK1_A	5LL9_A	0.917730	0.931440	0.917730	0
4QK1_A	5LLE_A	0.987540	0.987540	0.987540	0
4QK1_A	5LLG_A	0.986940	0.986940	0.986940	0
4QK1_A	5LLN_A	0.957700	0.964960	0.957700	0
4QK1_A	5LLP_A	0.922540	0.932880	0.922540	0
4QK1_A	5M78_A	0.978580	0.986110	0.978580	0
4QK1_A	5MSA_A	0.918340	0.932080	0.918340	0
4QK1_A	5NXG_A	0.987160	0.987160	0.987160	0
4QK1_A	5NXV_A	0.984040	0.987830	0.984040	0
4QK1_A	5SZ2_A	0.987210	0.987210	0.987210	0
4QK1_A	5SZ5_A	0.987020	0.987020	0.987020	0
4QK1_A	5TFX_A	0.982440	0.986220	0.982440	0
4QK1_A	5TH4_A	0.987770	0.987770	0.987770	0
4QK1_A	5THJ_A	0.986760	0.986760	0.986760	0
4QK1_A	5TT8_A	0.705130	0.705130	0.888260	0
4QK1_A	5TV3_A	0.772950	0.772950	0.871650	0
4QK1_A	5TY1_A	0.982470	0.986250	0.982470	0
4QK1_A	5U0F_A	0.982040	0.985820	0.982040	0
4QK1_A	5WLR_A	0.986570	0.986570	0.986570	0
4QK1_A	5Y2R_A	0.986320	0.986320	0.986320	0
4QK1_A	5Y2S_A	0.985990	0.985990	0.985990	0
4QK1_A	5YUJ_A	0.987220	0.987220	0.987220	0
4QK1_A	6B00_A	0.965980	0.988330	0.965980	0
4QK1_A	6D1L_A	0.978100	0.985630	0.978100	0
4QK1_A	6GOT_A	0.987660	0.987660	0.987660	0
4QK1_A	6H36_A	0.965480	0.972830	0.965480	0
4QK1_A	6HR3_A	0.984460	0.984460	0.984460	0
4QK1_A	6KM1_A	0.985940	0.985940	0.985940	0
4QK1_A	6OTI_A	0.985570	0.985570	0.985570	0
4QK1_A	6QNL_A	0.921630	0.921630	0.935570	0
4QK1_A	6R6Y_A	0.919240	0.932990	0.919240	0
4QK1_A	6RG4_A	0.983580	0.987370	0.983580	0
4QK1_A	6RQQ_A	0.906360	0.906360	0.909760	0
4QK1_A	6UGN_A	0.987830	0.987830	0.987830	0
4QK1_A	6Y74_A	0.899400	0.902740	0.899400	0
4QK1_A	6YJ3_A	0.976470	0.980210	0.976470	0
4QK1_A	7MU3_A	0.979410	0.986960	0.979410	0
4QK1_A	7NG1_A	0.842420	0.904490	0.842420	0
4R59_A	4R5A_A	0.991220	0.995060	0.991220	0
4R59_A	4TWM_A	0.825050	0.825050	0.887010	0
4R59_A	4YGN_A	0.994190	0.994190	0.998050	0
4R59_A	4YWP_A	0.993910	0.993910	0.997770	0
4R59_A	4Z1E_A	0.994420	0.998270	0.994420	0
4R59_A	5DOG_A	0.994380	0.994380	0.998240	0
4R59_A	5DSQ_A	0.994650	0.994650	0.998510	0
4R59_A	5EKM_A	0.995140	0.995140	0.999010	0
4R59_A	5FL5_A	0.892050	0.892050	0.915750	0
4R59_A	5FLO_A	0.996730	0.996730	0.996730	0
4R59_A	5FNM_A	0.996250	0.996250	0.996250	0
4R59_A	5G0B_A	0.994260	0.994260	0.998120	0
4R59_A	5GMN_A	0.982430	0.982430	0.986200	0
4R59_A	5IPZ_A	0.872830	0.882540	0.872830	0
4R59_A	5KU6_A	0.880680	0.880680	0.929040	0
4R59_A	5L6K_A	0.990640	0.994460	0.990640	0
4R59_A	5LL9_A	0.921930	0.932260	0.921930	0
4R59_A	5LLE_A	0.994190	0.994190	0.998050	0
4R59_A	5LLG_A	0.994560	0.994560	0.998420	0
4R59_A	5LLN_A	0.970340	0.974020	0.970340	0
4R59_A	5LLP_A	0.926600	0.933530	0.926600	0
4R59_A	5M78_A	0.993050	0.996890	0.993050	0
4R59_A	5MSA_A	0.922530	0.932870	0.922530	0
4R59_A	5NXG_A	0.993220	0.993220	0.997080	0
4R59_A	5NXV_A	0.998110	0.998110	0.998110	0
4R59_A	5SZ2_A	0.994690	0.994690	0.998560	0
4R59_A	5SZ5_A	0.995330	0.995330	0.999200	0
4R59_A	5TFX_A	0.996420	0.996420	0.996420	0
4R59_A	5TH4_A	0.994580	0.994580	0.998450	0
4R59_A	5THJ_A	0.993930	0.993930	0.997790	0
4R59_A	5TT8_A	0.705760	0.705760	0.893150	0
4R59_A	5TV3_A	0.775160	0.775160	0.877900	0
4R59_A	5TY1_A	0.996500	0.996500	0.996500	0
4R59_A	5U0F_A	0.995920	0.995920	0.995920	0
4R59_A	5WLR_A	0.995190	0.995190	0.999050	0
4R59_A	5Y2R_A	0.994270	0.994270	0.998140	0
4R59_A	5Y2S_A	0.994040	0.994040	0.997900	0
4R59_A	5YUJ_A	0.994800	0.994800	0.998670	0
4R59_A	6B00_A	0.972150	0.990900	0.972150	0
4R59_A	6D1L_A	0.991910	0.995740	0.991910	0
4R59_A	6GOT_A	0.994960	0.994960	0.998830	0
4R59_A	6H36_A	0.977910	0.981650	0.977910	0
4R59_A	6HR3_A	0.993300	0.993300	0.997150	0
4R59_A	6KM1_A	0.993920	0.993920	0.997780	0
4R59_A	6OTI_A	0.994030	0.994030	0.997890	0
4R59_A	6QNL_A	0.923540	0.923540	0.941090	0
4R59_A	6R6Y_A	0.923480	0.933840	0.923480	0
4R59_A	6RG4_A	0.998930	0.998930	0.998930	0
4R59_A	6RQQ_A	0.902290	0.902290	0.909040	0
4R59_A	6UGN_A	0.994620	0.994620	0.998490	0
4R59_A	6Y74_A	0.901620	0.901620	0.901620	0
4R59_A	6YJ3_A	0.991930	0.991930	0.991930	0
4R59_A	7MU3_A	0.992460	0.996300	0.992460	0
4R59_A	7NG1_A	0.839830	0.898330	0.839830	0
4R5A_A	4TWM_A	0.820500	0.820500	0.885470	0
4R5A_A	4YGN_A	0.986350	0.986350	0.994010	0
4R5A_A	4YWP_A	0.985520	0.985520	0.993170	0
4R5A_A	4Z1E_A	0.992150	0.992150	0.992150	0
4R5A_A	5DOG_A	0.986600	0.986600	0.994270	0
4R5A_A	5DSQ_A	0.986600	0.986600	0.994260	0
4R5A_A	5EKM_A	0.987070	0.987070	0.994750	0
4R5A_A	5FL5_A	0.886610	0.886610	0.913570	0
4R5A_A	5FLO_A	0.989250	0.989250	0.993070	0
4R5A_A	5FNM_A	0.989410	0.989410	0.993230	0
4R5A_A	5G0B_A	0.987250	0.987250	0.994930	0
4R5A_A	5GMN_A	0.975280	0.975280	0.982780	0
4R5A_A	5IPZ_A	0.872970	0.879420	0.872970	0
4R5A_A	5KU6_A	0.877750	0.877750	0.929300	0
4R5A_A	5L6K_A	0.987980	0.987980	0.987980	0
4R5A_A	5LL9_A	0.918540	0.925380	0.918540	0
4R5A_A	5LLE_A	0.985720	0.985720	0.993370	0
4R5A_A	5LLG_A	0.986580	0.986580	0.994240	0
4R5A_A	5LLN_A	0.965520	0.965520	0.965520	0
4R5A_A	5LLP_A	0.923060	0.926500	0.923060	0
4R5A_A	5M78_A	0.991440	0.991440	0.991440	0
4R5A_A	5MSA_A	0.919050	0.925890	0.919050	0
4R5A_A	5NXG_A	0.985140	0.985140	0.992780	0
4R5A_A	5NXV_A	0.990110	0.990110	0.993940	0
4R5A_A	5SZ2_A	0.986970	0.986970	0.994640	0
4R5A_A	5SZ5_A	0.987730	0.987730	0.995410	0
4R5A_A	5TFX_A	0.989080	0.989080	0.992910	0
4R5A_A	5TH4_A	0.986630	0.986630	0.994300	0
4R5A_A	5THJ_A	0.985760	0.985760	0.993410	0
4R5A_A	5TT8_A	0.700040	0.700040	0.889340	0
4R5A_A	5TV3_A	0.769240	0.769240	0.874230	0
4R5A_A	5TY1_A	0.988900	0.988900	0.992720	0
4R5A_A	5U0F_A	0.988360	0.988360	0.992180	0
4R5A_A	5WLR_A	0.987750	0.987750	0.995430	0
4R5A_A	5Y2R_A	0.986150	0.986150	0.993810	0
4R5A_A	5Y2S_A	0.985720	0.985720	0.993380	0
4R5A_A	5YUJ_A	0.986840	0.986840	0.994500	0
4R5A_A	6B00_A	0.967860	0.982730	0.967860	0
4R5A_A	6D1L_A	0.989300	0.989300	0.989300	0
4R5A_A	6GOT_A	0.986840	0.986840	0.994510	0
4R5A_A	6H36_A	0.974060	0.974060	0.974060	0
4R5A_A	6HR3_A	0.985480	0.985480	0.993130	0
4R5A_A	6KM1_A	0.985890	0.985890	0.993550	0
4R5A_A	6OTI_A	0.986670	0.986670	0.994330	0
4R5A_A	6QNL_A	0.916660	0.916660	0.937560	0
4R5A_A	6R6Y_A	0.920200	0.927060	0.920200	0
4R5A_A	6RG4_A	0.990600	0.990600	0.994430	0
4R5A_A	6RQQ_A	0.896810	0.896810	0.906900	0
4R5A_A	6UGN_A	0.986650	0.986650	0.994310	0
4R5A_A	6Y74_A	0.897760	0.897760	0.901090	0
4R5A_A	6YJ3_A	0.984130	0.984130	0.987920	0
4R5A_A	7MU3_A	0.990080	0.990080	0.990080	0
4R5A_A	7NG1_A	0.837390	0.892500	0.837390	0
4R6L_A	4RQ9_A	0.584430	0.584430	0.897380	0
4R6L_A	4XTQ_A	0.577240	0.577240	0.890460	0
4R6L_A	4Y3I_A	0.580380	0.580380	0.848250	0
4R6L_A	4Y5F_A	0.580160	0.580160	0.847890	0
4R6L_A	4Z1W_A	0.579820	0.579820	0.861480	0
4R6L_A	4ZRR_A	0.577370	0.577370	0.866730	0
4R6L_A	5C5K_A	0.768490	0.793000	0.768490	0
4R6L_A	5HSQ_A	0.767680	0.788780	0.767680	0
4R6L_A	5I5L_A	0.846620	0.858120	0.846620	0
4R6L_A	5K5B_A	0.571950	0.571950	0.875020	0
4R6L_A	5L8M_A	0.572280	0.572280	0.873790	0
4R6L_A	5LBR_A	0.572740	0.572740	0.878480	0
4R6L_A	5MG0_A	0.589320	0.589320	0.853400	0
4R6L_A	5NFX_A	0.572410	0.572410	0.875960	0
4R6L_A	5NM3_A	0.755360	0.782480	0.755360	0
4R6L_A	5NWN_A	0.770410	0.777650	0.770410	0
4R6L_A	5VIK_A	0.571860	0.571860	0.894970	0
4R6L_A	5VIQ_A	0.571800	0.571800	0.894800	0
4R6L_A	5VIV_A	0.576820	0.576820	0.898140	0
4R6L_A	6BAF_A	0.581300	0.581300	0.894790	0
4R6L_A	6BAK_A	0.581170	0.581170	0.894580	0
4R6L_A	6BAO_A	0.869830	0.922130	0.869830	0
4R6L_A	6BAP_A	0.837650	0.890270	0.837650	0
4R6L_A	6BAY_A	0.833150	0.885250	0.833150	0
4R6L_A	6FHT_A	0.597250	0.903960	0.597250	0
4R6L_A	6PTQ_A	0.865250	0.880580	0.865250	0
4R6L_A	6PTX_A	0.863860	0.877460	0.863860	0
4R6L_A	6PU2_A	0.862900	0.876470	0.862900	0
4RG1_A	5CO4_A	0.440200	0.440200	0.749130	0
4RQ9_A	4XTQ_A	0.888950	0.888950	0.891750	0
4RQ9_A	4Y3I_A	0.856400	0.896940	0.856400	0
4RQ9_A	4Y5F_A	0.855940	0.896440	0.855940	0
4RQ9_A	4Z1W_A	0.859570	0.883720	0.859570	0
4RQ9_A	4ZRR_A	0.864470	0.880860	0.864470	0
4RQ9_A	5C5K_A	0.558450	0.880780	0.558450	0
4RQ9_A	5HSQ_A	0.564270	0.887420	0.564270	0
4RQ9_A	5I5L_A	0.570060	0.882130	0.570060	0
4RQ9_A	5K5B_A	0.870950	0.873710	0.870950	0
4RQ9_A	5L8M_A	0.871990	0.874760	0.871990	0
4RQ9_A	5LBR_A	0.869490	0.869490	0.869490	0
4RQ9_A	5MG0_A	0.847770	0.895950	0.847770	0
4RQ9_A	5NFX_A	0.870900	0.873670	0.870900	0
4RQ9_A	5NM3_A	0.554620	0.881860	0.554620	0
4RQ9_A	5NWN_A	0.569170	0.880480	0.569170	0
4RQ9_A	5VIK_A	0.878410	0.878410	0.900810	0
4RQ9_A	5VIQ_A	0.878860	0.878860	0.901280	0
4RQ9_A	5VIV_A	0.886970	0.886970	0.898260	0
4RQ9_A	6BAF_A	0.991620	0.991620	0.994880	0
4RQ9_A	6BAK_A	0.992430	0.992430	0.995690	0
4RQ9_A	6BAO_A	0.589560	0.967910	0.589560	0
4RQ9_A	6BAP_A	0.590230	0.972020	0.590230	0
4RQ9_A	6BAY_A	0.590370	0.972350	0.590370	0
4RQ9_A	6FHT_A	0.384940	0.899210	0.384940	0
4RQ9_A	6PTQ_A	0.563330	0.873350	0.563330	0
4RQ9_A	6PTX_A	0.564880	0.874330	0.564880	0
4RQ9_A	6PU2_A	0.564460	0.873420	0.564460	0
4TWM_A	4YGN_A	0.826260	0.885070	0.826260	0
4TWM_A	4YWP_A	0.829220	0.888400	0.829220	0
4TWM_A	4Z1E_A	0.822670	0.887710	0.822670	0
4TWM_A	5DOG_A	0.826970	0.885840	0.826970	0
4TWM_A	5DSQ_A	0.827900	0.886910	0.827900	0
4TWM_A	5EKM_A	0.827420	0.886360	0.827420	0
4TWM_A	5FL5_A	0.825640	0.864550	0.825640	0
4TWM_A	5FLO_A	0.824670	0.886490	0.824670	0
4TWM_A	5FNM_A	0.826090	0.888110	0.826090	0
4TWM_A	5G0B_A	0.829000	0.888150	0.829000	0
4TWM_A	5GMN_A	0.823670	0.882090	0.823670	0
4TWM_A	5IPZ_A	0.789500	0.857270	0.789500	0
4TWM_A	5KU6_A	0.828680	0.844800	0.828680	0
4TWM_A	5L6K_A	0.821100	0.885900	0.821100	0
4TWM_A	5LL9_A	0.810120	0.880160	0.810120	0
4TWM_A	5LLE_A	0.827750	0.886700	0.827750	0
4TWM_A	5LLG_A	0.828020	0.887030	0.828020	0
4TWM_A	5LLN_A	0.816110	0.880160	0.816110	0
4TWM_A	5LLP_A	0.811650	0.878730	0.811650	0
4TWM_A	5M78_A	0.823560	0.888770	0.823560	0
4TWM_A	5MSA_A	0.809590	0.879560	0.809590	0
4TWM_A	5NXG_A	0.828170	0.887210	0.828170	0
4TWM_A	5NXV_A	0.827350	0.889600	0.827350	0
4TWM_A	5SZ2_A	0.827830	0.886820	0.827830	0
4TWM_A	5SZ5_A	0.828770	0.887880	0.828770	0
4TWM_A	5TFX_A	0.824990	0.886870	0.824990	0
4TWM_A	5TH4_A	0.828030	0.887060	0.828030	0
4TWM_A	5THJ_A	0.828840	0.887970	0.828840	0
4TWM_A	5TT8_A	0.777960	0.777960	0.915860	0
4TWM_A	5TV3_A	0.850250	0.850250	0.895930	0
4TWM_A	5TY1_A	0.824750	0.886580	0.824750	0
4TWM_A	5U0F_A	0.824740	0.886560	0.824740	0
4TWM_A	5WLR_A	0.827160	0.886050	0.827160	0
4TWM_A	5Y2R_A	0.824580	0.883160	0.824580	0
4TWM_A	5Y2S_A	0.824450	0.883010	0.824450	0
4TWM_A	5YUJ_A	0.827660	0.886640	0.827660	0
4TWM_A	6B00_A	0.809500	0.886230	0.809500	0
4TWM_A	6D1L_A	0.821460	0.886250	0.821460	0
4TWM_A	6GOT_A	0.827390	0.886330	0.827390	0
4TWM_A	6H36_A	0.815990	0.880120	0.815990	0
4TWM_A	6HR3_A	0.825150	0.883780	0.825150	0
4TWM_A	6KM1_A	0.825340	0.884010	0.825340	0
4TWM_A	6OTI_A	0.827950	0.886960	0.827950	0
4TWM_A	6QNL_A	0.829780	0.875450	0.829780	0
4TWM_A	6R6Y_A	0.810590	0.880710	0.810590	0
4TWM_A	6RG4_A	0.824980	0.886920	0.824980	0
4TWM_A	6RQQ_A	0.817240	0.872070	0.817240	0
4TWM_A	6UGN_A	0.828520	0.887600	0.828520	0
4TWM_A	6Y74_A	0.814540	0.875600	0.814540	0
4TWM_A	6YJ3_A	0.819220	0.880300	0.819220	0
4TWM_A	7MU3_A	0.825330	0.890680	0.825330	0
4TWM_A	7NG1_A	0.766510	0.879980	0.766510	0
4UEL_A	4UEM_A	0.890510	0.890510	0.954440	0
4UEL_A	4UF5_A	0.717780	0.717780	0.738040	0
4UEL_A	4UF6_A	0.889620	0.889620	0.918830	0
4UEL_A	4WLP_A	0.725880	0.725880	0.739460	0
4UEL_A	4WLQ_A	0.922290	0.922290	0.952810	0
4UEL_A	4WLR_A	0.969840	0.969840	0.989380	0
4UEM_A	4UF5_A	0.733860	0.763390	0.733860	0
4UEM_A	4UF6_A	0.871050	0.903130	0.871050	0
4UEM_A	4WLP_A	0.736620	0.773740	0.736620	0
4UEM_A	4WLQ_A	0.940480	0.976670	0.940480	0
4UEM_A	4WLR_A	0.915570	0.962880	0.915570	0
4UF5_A	4UF6_A	0.744850	0.744850	0.747190	0
4UF5_A	4WLP_A	0.968720	0.978520	0.968720	0
4UF5_A	4WLQ_A	0.762780	0.762780	0.765250	0
4UF5_A	4WLR_A	0.740230	0.747270	0.740230	0
4UF6_A	4WLP_A	0.747870	0.757360	0.747870	0
4UF6_A	4WLQ_A	0.908040	0.908040	0.908040	0
4UF6_A	4WLR_A	0.905430	0.917300	0.905430	0
4WLP_A	4WLQ_A	0.766890	0.766890	0.776850	0
4WLP_A	4WLR_A	0.752070	0.752070	0.752070	0
4WLQ_A	4WLR_A	0.952620	0.965340	0.952620	0
4XTQ_A	4Y3I_A	0.853950	0.897080	0.853950	0
4XTQ_A	4Y5F_A	0.853640	0.896750	0.853640	0
4XTQ_A	4Z1W_A	0.867500	0.894800	0.867500	0
4XTQ_A	4ZRR_A	0.870850	0.890160	0.870850	0
4XTQ_A	5C5K_A	0.568860	0.905700	0.568860	0
4XTQ_A	5HSQ_A	0.562600	0.890090	0.562600	0
4XTQ_A	5I5L_A	0.573460	0.894240	0.573460	0
4XTQ_A	5K5B_A	0.874090	0.879630	0.874090	0
4XTQ_A	5L8M_A	0.876040	0.881610	0.876040	0
4XTQ_A	5LBR_A	0.879140	0.881940	0.879140	0
4XTQ_A	5MG0_A	0.846720	0.897670	0.846720	0
4XTQ_A	5NFX_A	0.874590	0.880140	0.874590	0
4XTQ_A	5NM3_A	0.561060	0.897960	0.561060	0
4XTQ_A	5NWN_A	0.575650	0.896190	0.575650	0
4XTQ_A	5VIK_A	0.928150	0.928150	0.949500	0
4XTQ_A	5VIQ_A	0.928680	0.928680	0.950050	0
4XTQ_A	5VIV_A	0.982270	0.982270	0.992060	0
4XTQ_A	6BAF_A	0.886610	0.886610	0.886610	0
4XTQ_A	6BAK_A	0.887460	0.887460	0.887460	0
4XTQ_A	6BAO_A	0.548590	0.893250	0.548590	0
4XTQ_A	6BAP_A	0.545770	0.891000	0.545770	0
4XTQ_A	6BAY_A	0.546670	0.893030	0.546670	0
4XTQ_A	6FHT_A	0.386040	0.907610	0.386040	0
4XTQ_A	6PTQ_A	0.560270	0.872910	0.560270	0
4XTQ_A	6PTX_A	0.561270	0.872720	0.561270	0
4XTQ_A	6PU2_A	0.560620	0.871260	0.560620	0
4Y3I_A	4Y5F_A	0.999840	0.999840	0.999840	0
4Y3I_A	4Z1W_A	0.958130	0.958130	0.976180	0
4Y3I_A	4ZRR_A	0.949650	0.949650	0.976770	0
4Y3I_A	5C5K_A	0.625820	0.952820	0.625820	0
4Y3I_A	5HSQ_A	0.575110	0.865850	0.575110	0
4Y3I_A	5I5L_A	0.581760	0.862510	0.581760	0
4Y3I_A	5K5B_A	0.943620	0.943620	0.986440	0
4Y3I_A	5L8M_A	0.945280	0.945280	0.988230	0
4Y3I_A	5LBR_A	0.939780	0.939780	0.985580	0
4Y3I_A	5MG0_A	0.980170	0.989350	0.980170	0
4Y3I_A	5NFX_A	0.944220	0.944220	0.987080	0
4Y3I_A	5NM3_A	0.620850	0.951190	0.620850	0
4Y3I_A	5NWN_A	0.637670	0.949830	0.637670	0
4Y3I_A	5VIK_A	0.843700	0.843700	0.905380	0
4Y3I_A	5VIQ_A	0.844060	0.844060	0.905760	0
4Y3I_A	5VIV_A	0.851330	0.851330	0.902780	0
4Y3I_A	6BAF_A	0.852460	0.852460	0.895580	0
4Y3I_A	6BAK_A	0.854910	0.854910	0.898240	0
4Y3I_A	6BAO_A	0.556330	0.859750	0.556330	0
4Y3I_A	6BAP_A	0.552890	0.856260	0.552890	0
4Y3I_A	6BAY_A	0.553440	0.857680	0.553440	0
4Y3I_A	6FHT_A	0.430380	0.973500	0.430380	0
4Y3I_A	6PTQ_A	0.573890	0.851570	0.573890	0
4Y3I_A	6PTX_A	0.576250	0.853780	0.576250	0
4Y3I_A	6PU2_A	0.575610	0.852540	0.575610	0
4Y5F_A	4Z1W_A	0.957900	0.957900	0.975940	0
4Y5F_A	4ZRR_A	0.949480	0.949480	0.976590	0
4Y5F_A	5C5K_A	0.625800	0.952780	0.625800	0
4Y5F_A	5HSQ_A	0.575150	0.865940	0.575150	0
4Y5F_A	5I5L_A	0.581770	0.862550	0.581770	0
4Y5F_A	5K5B_A	0.943500	0.943500	0.986310	0
4Y5F_A	5L8M_A	0.945310	0.945310	0.988260	0
4Y5F_A	5LBR_A	0.939300	0.939300	0.985060	0
4Y5F_A	5MG0_A	0.979900	0.989080	0.979900	0
4Y5F_A	5NFX_A	0.943950	0.943950	0.986790	0
4Y5F_A	5NM3_A	0.620700	0.950890	0.620700	0
4Y5F_A	5NWN_A	0.637660	0.949820	0.637660	0
4Y5F_A	5VIK_A	0.843260	0.843260	0.904890	0
4Y5F_A	5VIQ_A	0.843640	0.843640	0.905300	0
4Y5F_A	5VIV_A	0.851000	0.851000	0.902430	0
4Y5F_A	6BAF_A	0.852000	0.852000	0.895100	0
4Y5F_A	6BAK_A	0.854540	0.854540	0.897850	0
4Y5F_A	6BAO_A	0.556010	0.859170	0.556010	0
4Y5F_A	6BAP_A	0.552530	0.855620	0.552530	0
4Y5F_A	6BAY_A	0.552950	0.856760	0.552950	0
4Y5F_A	6FHT_A	0.430330	0.973380	0.430330	0
4Y5F_A	6PTQ_A	0.573730	0.851280	0.573730	0
4Y5F_A	6PTX_A	0.576200	0.853710	0.576200	0
4Y5F_A	6PU2_A	0.575540	0.852430	0.575540	0
4YGN_A	4YWP_A	0.995810	0.995810	0.995810	0
4YGN_A	4Z1E_A	0.990990	0.998690	0.990990	0
4YGN_A	5DOG_A	0.999420	0.999420	0.999420	0
4YGN_A	5DSQ_A	0.998480	0.998480	0.998480	0
4YGN_A	5EKM_A	0.998550	0.998550	0.998550	0
4YGN_A	5FL5_A	0.894550	0.894550	0.914910	0
4YGN_A	5FLO_A	0.994020	0.997880	0.994020	0
4YGN_A	5FNM_A	0.994250	0.998110	0.994250	0
4YGN_A	5G0B_A	0.997250	0.997250	0.997250	0
4YGN_A	5GMN_A	0.987060	0.987060	0.987060	0
4YGN_A	5IPZ_A	0.872170	0.885190	0.872170	0
4YGN_A	5KU6_A	0.881160	0.881160	0.926120	0
4YGN_A	5L6K_A	0.987280	0.994930	0.987280	0
4YGN_A	5LL9_A	0.921700	0.935510	0.921700	0
4YGN_A	5LLE_A	0.997750	0.997750	0.997750	0
4YGN_A	5LLG_A	0.998870	0.998870	0.998870	0
4YGN_A	5LLN_A	0.970160	0.977570	0.970160	0
4YGN_A	5LLP_A	0.926450	0.936880	0.926450	0
4YGN_A	5M78_A	0.990620	0.998320	0.990620	0
4YGN_A	5MSA_A	0.922070	0.935900	0.922070	0
4YGN_A	5NXG_A	0.996160	0.996160	0.996160	0
4YGN_A	5NXV_A	0.994230	0.998090	0.994230	0
4YGN_A	5SZ2_A	0.998110	0.998110	0.998110	0
4YGN_A	5SZ5_A	0.997830	0.997830	0.997830	0
4YGN_A	5TFX_A	0.994220	0.998080	0.994220	0
4YGN_A	5TH4_A	0.998980	0.998980	0.998980	0
4YGN_A	5THJ_A	0.997400	0.997400	0.997400	0
4YGN_A	5TT8_A	0.707160	0.707160	0.891460	0
4YGN_A	5TV3_A	0.775280	0.775280	0.874540	0
4YGN_A	5TY1_A	0.993820	0.997680	0.993820	0
4YGN_A	5U0F_A	0.993330	0.997190	0.993330	0
4YGN_A	5WLR_A	0.998130	0.998130	0.998130	0
4YGN_A	5Y2R_A	0.998400	0.998400	0.998400	0
4YGN_A	5Y2S_A	0.998520	0.998520	0.998520	0
4YGN_A	5YUJ_A	0.998900	0.998900	0.998900	0
4YGN_A	6B00_A	0.971740	0.994310	0.971740	0
4YGN_A	6D1L_A	0.989700	0.997380	0.989700	0
4YGN_A	6GOT_A	0.998970	0.998970	0.998970	0
4YGN_A	6H36_A	0.977820	0.985340	0.977820	0
4YGN_A	6HR3_A	0.997040	0.997040	0.997040	0
4YGN_A	6KM1_A	0.999150	0.999150	0.999150	0
4YGN_A	6OTI_A	0.997390	0.997390	0.997390	0
4YGN_A	6QNL_A	0.926830	0.926830	0.940910	0
4YGN_A	6R6Y_A	0.923200	0.937060	0.923200	0
4YGN_A	6RG4_A	0.995150	0.999020	0.995150	0
4YGN_A	6RQQ_A	0.904790	0.904790	0.908190	0
4YGN_A	6UGN_A	0.998320	0.998320	0.998320	0
4YGN_A	6Y74_A	0.898940	0.902290	0.898940	0
4YGN_A	6YJ3_A	0.989930	0.993760	0.989930	0
4YGN_A	7MU3_A	0.989520	0.997210	0.989520	0
4YGN_A	7NG1_A	0.840810	0.902790	0.840810	0
4YPX_A	4YQD_A	0.972110	0.992410	0.972110	0
4YPX_A	4YVG_A	0.981970	0.981970	0.981970	0
4YPX_A	4YVH_A	0.981460	0.985560	0.981460	0
4YPX_A	4YVJ_A	0.975970	0.975970	0.975970	0
4YPX_A	5TWJ_A	0.479620	0.479620	0.681870	0
4YPX_A	5WYR_A	0.957370	0.969160	0.957370	0
4YPX_A	6AFK_A	0.963770	0.963770	0.971750	0
4YPX_A	6JOF_A	0.795600	0.795600	0.915500	0
4YPX_A	6QOE_A	0.786980	0.786980	0.874980	0
4YPX_A	6QOW_A	0.792030	0.792030	0.881170	0
4YPX_A	6QQQ_A	0.777320	0.777320	0.871400	0
4YPX_A	6QQY_A	0.798330	0.798330	0.876720	0
4YPX_A	6QR2_A	0.787770	0.787770	0.876000	0
4YPX_A	6QRD_A	0.788960	0.788960	0.881330	0
4YPX_A	6QRE_A	0.775680	0.775680	0.869620	0
4YQD_A	4YVG_A	0.970060	0.970060	0.990280	0
4YQD_A	4YVH_A	0.973290	0.973290	0.989440	0
4YQD_A	4YVJ_A	0.964050	0.964050	0.984040	0
4YQD_A	5TWJ_A	0.470170	0.470170	0.680100	0
4YQD_A	5WYR_A	0.953130	0.953130	0.960840	0
4YQD_A	6AFK_A	0.942870	0.942870	0.970190	0
4YQD_A	6JOF_A	0.778560	0.778560	0.913390	0
4YQD_A	6QOE_A	0.769990	0.769990	0.872360	0
4YQD_A	6QOW_A	0.775210	0.775210	0.879060	0
4YQD_A	6QQQ_A	0.760440	0.760440	0.868650	0
4YQD_A	6QQY_A	0.781240	0.781240	0.874380	0
4YQD_A	6QR2_A	0.769890	0.769890	0.872130	0
4YQD_A	6QRD_A	0.771920	0.771920	0.878750	0
4YQD_A	6QRE_A	0.758370	0.758370	0.866210	0
4YVG_A	4YVH_A	0.995170	0.999340	0.995170	0
4YVG_A	4YVJ_A	0.988720	0.988720	0.988720	0
4YVG_A	5TWJ_A	0.479550	0.479550	0.680770	0
4YVG_A	5WYR_A	0.963650	0.975540	0.963650	0
4YVG_A	6AFK_A	0.959270	0.959270	0.967230	0
4YVG_A	6JOF_A	0.793060	0.793060	0.912200	0
4YVG_A	6QOE_A	0.779830	0.779830	0.866670	0
4YVG_A	6QOW_A	0.784820	0.784820	0.872820	0
4YVG_A	6QQQ_A	0.774020	0.774020	0.867340	0
4YVG_A	6QQY_A	0.788690	0.788690	0.866150	0
4YVG_A	6QR2_A	0.783580	0.783580	0.871190	0
4YVG_A	6QRD_A	0.786560	0.786560	0.878650	0
4YVG_A	6QRE_A	0.772600	0.772600	0.865830	0
4YVH_A	4YVJ_A	0.988520	0.988520	0.992630	0
4YVH_A	5TWJ_A	0.479070	0.479070	0.682560	0
4YVH_A	5WYR_A	0.965140	0.973040	0.965140	0
4YVH_A	6AFK_A	0.956510	0.956510	0.968390	0
4YVH_A	6JOF_A	0.789970	0.789970	0.912270	0
4YVH_A	6QOE_A	0.780710	0.780710	0.870980	0
4YVH_A	6QOW_A	0.785360	0.785360	0.876740	0
4YVH_A	6QQQ_A	0.771480	0.771480	0.867870	0
4YVH_A	6QQY_A	0.790020	0.790020	0.870990	0
4YVH_A	6QR2_A	0.780960	0.780960	0.871630	0
4YVH_A	6QRD_A	0.783660	0.783660	0.878790	0
4YVH_A	6QRE_A	0.770600	0.770600	0.867000	0
4YVJ_A	5TWJ_A	0.477780	0.477780	0.677150	0
4YVJ_A	5WYR_A	0.955980	0.967700	0.955980	0
4YVJ_A	6AFK_A	0.952770	0.952770	0.960620	0
4YVJ_A	6JOF_A	0.784540	0.784540	0.901260	0
4YVJ_A	6QOE_A	0.772430	0.772430	0.857990	0
4YVJ_A	6QOW_A	0.777000	0.777000	0.863610	0
4YVJ_A	6QQQ_A	0.764450	0.764450	0.856080	0
4YVJ_A	6QQY_A	0.781620	0.781620	0.857850	0
4YVJ_A	6QR2_A	0.771560	0.771560	0.857330	0
4YVJ_A	6QRD_A	0.775150	0.775150	0.865410	0
4YVJ_A	6QRE_A	0.762800	0.762800	0.853870	0
4YWP_A	4Z1E_A	0.988740	0.996410	0.988740	0
4YWP_A	5DOG_A	0.995870	0.995870	0.995870	0
4YWP_A	5DSQ_A	0.996750	0.996750	0.996750	0
4YWP_A	5EKM_A	0.997000	0.997000	0.997000	0
4YWP_A	5FL5_A	0.896650	0.896650	0.917090	0
4YWP_A	5FLO_A	0.992580	0.996430	0.992580	0
4YWP_A	5FNM_A	0.992090	0.995940	0.992090	0
4YWP_A	5G0B_A	0.996980	0.996980	0.996980	0
4YWP_A	5GMN_A	0.982590	0.982590	0.982590	0
4YWP_A	5IPZ_A	0.869490	0.882440	0.869490	0
4YWP_A	5KU6_A	0.879520	0.879520	0.924320	0
4YWP_A	5L6K_A	0.986930	0.994580	0.986930	0
4YWP_A	5LL9_A	0.922260	0.936100	0.922260	0
4YWP_A	5LLE_A	0.996470	0.996470	0.996470	0
4YWP_A	5LLG_A	0.996260	0.996260	0.996260	0
4YWP_A	5LLN_A	0.968780	0.976170	0.968780	0
4YWP_A	5LLP_A	0.926510	0.936940	0.926510	0
4YWP_A	5M78_A	0.987540	0.995190	0.987540	0
4YWP_A	5MSA_A	0.922740	0.936590	0.922740	0
4YWP_A	5NXG_A	0.995150	0.995150	0.995150	0
4YWP_A	5NXV_A	0.992220	0.996070	0.992220	0
4YWP_A	5SZ2_A	0.996160	0.996160	0.996160	0
4YWP_A	5SZ5_A	0.997320	0.997320	0.997320	0
4YWP_A	5TFX_A	0.992220	0.996070	0.992220	0
4YWP_A	5TH4_A	0.996150	0.996150	0.996150	0
4YWP_A	5THJ_A	0.996050	0.996050	0.996050	0
4YWP_A	5TT8_A	0.708430	0.708430	0.893340	0
4YWP_A	5TV3_A	0.777950	0.777950	0.877860	0
4YWP_A	5TY1_A	0.992370	0.996220	0.992370	0
4YWP_A	5U0F_A	0.991700	0.995540	0.991700	0
4YWP_A	5WLR_A	0.996930	0.996930	0.996930	0
4YWP_A	5Y2R_A	0.995680	0.995680	0.995680	0
4YWP_A	5Y2S_A	0.995680	0.995680	0.995680	0
4YWP_A	5YUJ_A	0.996950	0.996950	0.996950	0
4YWP_A	6B00_A	0.970350	0.992850	0.970350	0
4YWP_A	6D1L_A	0.987780	0.995440	0.987780	0
4YWP_A	6GOT_A	0.996820	0.996820	0.996820	0
4YWP_A	6H36_A	0.974630	0.982100	0.974630	0
4YWP_A	6HR3_A	0.994920	0.994920	0.994920	0
4YWP_A	6KM1_A	0.995590	0.995590	0.995590	0
4YWP_A	6OTI_A	0.996010	0.996010	0.996010	0
4YWP_A	6QNL_A	0.927560	0.927560	0.941660	0
4YWP_A	6R6Y_A	0.923330	0.937200	0.923330	0
4YWP_A	6RG4_A	0.992900	0.996760	0.992900	0
4YWP_A	6RQQ_A	0.906870	0.906870	0.910270	0
4YWP_A	6UGN_A	0.996770	0.996770	0.996770	0
4YWP_A	6Y74_A	0.901140	0.904500	0.901140	0
4YWP_A	6YJ3_A	0.986870	0.990680	0.986870	0
4YWP_A	7MU3_A	0.989520	0.997200	0.989520	0
4YWP_A	7NG1_A	0.840220	0.902040	0.840220	0
4Z1E_A	5DOG_A	0.991410	0.991410	0.999120	0
4Z1E_A	5DSQ_A	0.990920	0.990920	0.998620	0
4Z1E_A	5EKM_A	0.991280	0.991280	0.998990	0
4Z1E_A	5FL5_A	0.888350	0.888350	0.915310	0
4Z1E_A	5FLO_A	0.992570	0.992570	0.996410	0
4Z1E_A	5FNM_A	0.992820	0.992820	0.996660	0
4Z1E_A	5G0B_A	0.990180	0.990180	0.997870	0
4Z1E_A	5GMN_A	0.980130	0.980130	0.987680	0
4Z1E_A	5IPZ_A	0.876200	0.882670	0.876200	0
4Z1E_A	5KU6_A	0.879060	0.879060	0.930760	0
4Z1E_A	5L6K_A	0.992680	0.992680	0.992680	0
4Z1E_A	5LL9_A	0.921370	0.928220	0.921370	0
4Z1E_A	5LLE_A	0.990410	0.990410	0.998100	0
4Z1E_A	5LLG_A	0.991390	0.991390	0.999100	0
4Z1E_A	5LLN_A	0.968980	0.968980	0.968980	0
4Z1E_A	5LLP_A	0.926390	0.929840	0.926390	0
4Z1E_A	5M78_A	0.997470	0.997470	0.997470	0
4Z1E_A	5MSA_A	0.921980	0.928840	0.921980	0
4Z1E_A	5NXG_A	0.989790	0.989790	0.997480	0
4Z1E_A	5NXV_A	0.995250	0.995250	0.999110	0
4Z1E_A	5SZ2_A	0.991020	0.991020	0.998720	0
4Z1E_A	5SZ5_A	0.991030	0.991030	0.998730	0
4Z1E_A	5TFX_A	0.992760	0.992760	0.996600	0
4Z1E_A	5TH4_A	0.991450	0.991450	0.999160	0
4Z1E_A	5THJ_A	0.990170	0.990170	0.997860	0
4Z1E_A	5TT8_A	0.703060	0.703060	0.893040	0
4Z1E_A	5TV3_A	0.772330	0.772330	0.877900	0
4Z1E_A	5TY1_A	0.992420	0.992420	0.996260	0
4Z1E_A	5U0F_A	0.991980	0.991980	0.995810	0
4Z1E_A	5WLR_A	0.991180	0.991180	0.998890	0
4Z1E_A	5Y2R_A	0.990480	0.990480	0.998180	0
4Z1E_A	5Y2S_A	0.990250	0.990250	0.997940	0
4Z1E_A	5YUJ_A	0.991150	0.991150	0.998860	0
4Z1E_A	6B00_A	0.971910	0.986850	0.971910	0
4Z1E_A	6D1L_A	0.993540	0.993540	0.993540	0
4Z1E_A	6GOT_A	0.991500	0.991500	0.999210	0
4Z1E_A	6H36_A	0.977010	0.977010	0.977010	0
4Z1E_A	6HR3_A	0.989840	0.989840	0.997530	0
4Z1E_A	6KM1_A	0.990730	0.990730	0.998430	0
4Z1E_A	6OTI_A	0.990530	0.990530	0.998220	0
4Z1E_A	6QNL_A	0.920030	0.920030	0.940990	0
4Z1E_A	6R6Y_A	0.923210	0.930090	0.923210	0
4Z1E_A	6RG4_A	0.995470	0.995470	0.999320	0
4Z1E_A	6RQQ_A	0.898900	0.898900	0.909000	0
4Z1E_A	6UGN_A	0.991330	0.991330	0.999040	0
4Z1E_A	6Y74_A	0.899310	0.899310	0.902640	0
4Z1E_A	6YJ3_A	0.988320	0.988320	0.992120	0
4Z1E_A	7MU3_A	0.993390	0.993390	0.993390	0
4Z1E_A	7NG1_A	0.840580	0.895920	0.840580	0
4Z1W_A	4ZRR_A	0.976040	0.976040	0.985380	0
4Z1W_A	5C5K_A	0.621180	0.960740	0.621180	0
4Z1W_A	5HSQ_A	0.570400	0.874590	0.570400	0
4Z1W_A	5I5L_A	0.579800	0.876970	0.579800	0
4Z1W_A	5K5B_A	0.960480	0.960480	0.985360	0
4Z1W_A	5L8M_A	0.963060	0.963060	0.988060	0
4Z1W_A	5LBR_A	0.957830	0.957830	0.985840	0
4Z1W_A	5MG0_A	0.950080	0.977030	0.950080	0
4Z1W_A	5NFX_A	0.960150	0.960150	0.985020	0
4Z1W_A	5NM3_A	0.618680	0.962610	0.618680	0
4Z1W_A	5NWN_A	0.635370	0.961370	0.635370	0
4Z1W_A	5VIK_A	0.868750	0.868750	0.916180	0
4Z1W_A	5VIQ_A	0.869120	0.869120	0.916590	0
4Z1W_A	5VIV_A	0.864800	0.864800	0.900460	0
4Z1W_A	6BAF_A	0.855510	0.855510	0.882250	0
4Z1W_A	6BAK_A	0.856610	0.856610	0.883410	0
4Z1W_A	6BAO_A	0.551350	0.869420	0.551350	0
4Z1W_A	6BAP_A	0.546890	0.864120	0.546890	0
4Z1W_A	6BAY_A	0.546750	0.864500	0.546750	0
4Z1W_A	6FHT_A	0.421780	0.969690	0.421780	0
4Z1W_A	6PTQ_A	0.571170	0.863640	0.571170	0
4Z1W_A	6PTX_A	0.573700	0.866430	0.573700	0
4Z1W_A	6PU2_A	0.573000	0.865040	0.573000	0
4ZRR_A	5C5K_A	0.621130	0.973550	0.621130	0
4ZRR_A	5HSQ_A	0.564270	0.873830	0.564270	0
4ZRR_A	5I5L_A	0.572160	0.873000	0.572160	0
4ZRR_A	5K5B_A	0.973840	0.973840	0.989680	0
4ZRR_A	5L8M_A	0.976530	0.976530	0.992440	0
4ZRR_A	5LBR_A	0.973070	0.973070	0.992140	0
4ZRR_A	5MG0_A	0.941980	0.977950	0.941980	0
4ZRR_A	5NFX_A	0.973530	0.973530	0.989350	0
4ZRR_A	5NM3_A	0.620720	0.979660	0.620720	0
4ZRR_A	5NWN_A	0.636930	0.977100	0.636930	0
4ZRR_A	5VIK_A	0.867120	0.867120	0.906130	0
4ZRR_A	5VIQ_A	0.867650	0.867650	0.906710	0
4ZRR_A	5VIV_A	0.868300	0.868300	0.896020	0
4ZRR_A	6BAF_A	0.859910	0.859910	0.878990	0
4ZRR_A	6BAK_A	0.860960	0.860960	0.880070	0
4ZRR_A	6BAO_A	0.546760	0.871130	0.546760	0
4ZRR_A	6BAP_A	0.544010	0.869470	0.544010	0
4ZRR_A	6BAY_A	0.544450	0.870420	0.544450	0
4ZRR_A	6FHT_A	0.421970	0.987110	0.421970	0
4ZRR_A	6PTQ_A	0.567930	0.868420	0.567930	0
4ZRR_A	6PTX_A	0.569460	0.869230	0.569460	0
4ZRR_A	6PU2_A	0.568710	0.867770	0.568710	0
5C5K_A	5HSQ_A	0.691000	0.691000	0.693530	0
5C5K_A	5I5L_A	0.775480	0.775480	0.789830	0
5C5K_A	5K5B_A	0.612320	0.612320	0.975950	0
5C5K_A	5L8M_A	0.613350	0.613350	0.978360	0
5C5K_A	5LBR_A	0.611540	0.611540	0.978700	0
5C5K_A	5MG0_A	0.631990	0.631990	0.953430	0
5C5K_A	5NFX_A	0.612760	0.612760	0.976980	0
5C5K_A	5NM3_A	0.968510	0.972400	0.968510	0
5C5K_A	5NWN_A	0.964030	0.964030	0.987990	0
5C5K_A	5VIK_A	0.568570	0.568570	0.920330	0
5C5K_A	5VIQ_A	0.568890	0.568890	0.920980	0
5C5K_A	5VIV_A	0.567750	0.567750	0.912060	0
5C5K_A	6BAF_A	0.555100	0.555100	0.877360	0
5C5K_A	6BAK_A	0.556380	0.556380	0.880070	0
5C5K_A	6BAO_A	0.775490	0.793640	0.775490	0
5C5K_A	6BAP_A	0.781820	0.802930	0.781820	0
5C5K_A	6BAY_A	0.779720	0.800780	0.779720	0
5C5K_A	6FHT_A	0.572060	0.827510	0.572060	0
5C5K_A	6PTQ_A	0.805810	0.805810	0.817800	0
5C5K_A	6PTX_A	0.807250	0.807250	0.820750	0
5C5K_A	6PU2_A	0.803950	0.803950	0.817390	0
5CO4_A	5GM8_A	0.771810	0.854150	0.771810	0
5CO4_A	5GMB_A	0.767860	0.854200	0.767860	0
5CO4_A	5KZK_A	0.520860	0.846660	0.520860	0
5CO4_A	5O96_A	0.499820	0.746610	0.499820	0
5CO4_A	5WYR_A	0.401080	0.588010	0.401080	0
5CO4_A	6AFK_A	0.411130	0.590940	0.411130	0
5CO4_A	6RXY_CN	0.480030	0.671910	0.480030	0
5CO4_A	7ONU_F	0.414920	0.694140	0.414920	0
5DOG_A	5DSQ_A	0.998640	0.998640	0.998640	0
5DOG_A	5EKM_A	0.998820	0.998820	0.998820	0
5DOG_A	5FL5_A	0.893900	0.893900	0.914240	0
5DOG_A	5FLO_A	0.994400	0.998260	0.994400	0
5DOG_A	5FNM_A	0.994770	0.998630	0.994770	0
5DOG_A	5G0B_A	0.997690	0.997690	0.997690	0
5DOG_A	5GMN_A	0.987650	0.987650	0.987650	0
5DOG_A	5IPZ_A	0.872030	0.885050	0.872030	0
5DOG_A	5KU6_A	0.880890	0.880890	0.925810	0
5DOG_A	5L6K_A	0.987510	0.995160	0.987510	0
5DOG_A	5LL9_A	0.920820	0.934610	0.920820	0
5DOG_A	5LLE_A	0.998210	0.998210	0.998210	0
5DOG_A	5LLG_A	0.999320	0.999320	0.999320	0
5DOG_A	5LLN_A	0.968620	0.976010	0.968620	0
5DOG_A	5LLP_A	0.925730	0.936140	0.925730	0
5DOG_A	5M78_A	0.990700	0.998400	0.990700	0
5DOG_A	5MSA_A	0.921330	0.935140	0.921330	0
5DOG_A	5NXG_A	0.996900	0.996900	0.996900	0
5DOG_A	5NXV_A	0.994830	0.998700	0.994830	0
5DOG_A	5SZ2_A	0.998500	0.998500	0.998500	0
5DOG_A	5SZ5_A	0.998000	0.998000	0.998000	0
5DOG_A	5TFX_A	0.994650	0.998510	0.994650	0
5DOG_A	5TH4_A	0.999270	0.999270	0.999270	0
5DOG_A	5THJ_A	0.997630	0.997630	0.997630	0
5DOG_A	5TT8_A	0.707280	0.707280	0.891580	0
5DOG_A	5TV3_A	0.775570	0.775570	0.874670	0
5DOG_A	5TY1_A	0.994260	0.998130	0.994260	0
5DOG_A	5U0F_A	0.994010	0.997870	0.994010	0
5DOG_A	5WLR_A	0.998350	0.998350	0.998350	0
5DOG_A	5Y2R_A	0.998670	0.998670	0.998670	0
5DOG_A	5Y2S_A	0.998650	0.998650	0.998650	0
5DOG_A	5YUJ_A	0.998950	0.998950	0.998950	0
5DOG_A	6B00_A	0.971570	0.994130	0.971570	0
5DOG_A	6D1L_A	0.990200	0.997890	0.990200	0
5DOG_A	6GOT_A	0.999220	0.999220	0.999220	0
5DOG_A	6H36_A	0.977810	0.985330	0.977810	0
5DOG_A	6HR3_A	0.997590	0.997590	0.997590	0
5DOG_A	6KM1_A	0.999120	0.999120	0.999120	0
5DOG_A	6OTI_A	0.997550	0.997550	0.997550	0
5DOG_A	6QNL_A	0.926160	0.926160	0.940220	0
5DOG_A	6R6Y_A	0.922420	0.936260	0.922420	0
5DOG_A	6RG4_A	0.995450	0.999320	0.995450	0
5DOG_A	6RQQ_A	0.904240	0.904240	0.907620	0
5DOG_A	6UGN_A	0.998690	0.998690	0.998690	0
5DOG_A	6Y74_A	0.898160	0.901500	0.898160	0
5DOG_A	6YJ3_A	0.989820	0.993650	0.989820	0
5DOG_A	7MU3_A	0.989990	0.997680	0.989990	0
5DOG_A	7NG1_A	0.840430	0.902360	0.840430	0
5DSQ_A	5EKM_A	0.999110	0.999110	0.999110	0
5DSQ_A	5FL5_A	0.895380	0.895380	0.915780	0
5DSQ_A	5FLO_A	0.994000	0.997860	0.994000	0
5DSQ_A	5FNM_A	0.994500	0.998360	0.994500	0
5DSQ_A	5G0B_A	0.998050	0.998050	0.998050	0
5DSQ_A	5GMN_A	0.986820	0.986820	0.986820	0
5DSQ_A	5IPZ_A	0.871320	0.884320	0.871320	0
5DSQ_A	5KU6_A	0.880620	0.880620	0.925530	0
5DSQ_A	5L6K_A	0.988280	0.995940	0.988280	0
5DSQ_A	5LL9_A	0.922800	0.936650	0.922800	0
5DSQ_A	5LLE_A	0.998430	0.998430	0.998430	0
5DSQ_A	5LLG_A	0.998910	0.998910	0.998910	0
5DSQ_A	5LLN_A	0.968770	0.976160	0.968770	0
5DSQ_A	5LLP_A	0.927630	0.938090	0.927630	0
5DSQ_A	5M78_A	0.990580	0.998280	0.990580	0
5DSQ_A	5MSA_A	0.923460	0.937330	0.923460	0
5DSQ_A	5NXG_A	0.997230	0.997230	0.997230	0
5DSQ_A	5NXV_A	0.994570	0.998440	0.994570	0
5DSQ_A	5SZ2_A	0.998570	0.998570	0.998570	0
5DSQ_A	5SZ5_A	0.998370	0.998370	0.998370	0
5DSQ_A	5TFX_A	0.994000	0.997860	0.994000	0
5DSQ_A	5TH4_A	0.999240	0.999240	0.999240	0
5DSQ_A	5THJ_A	0.998040	0.998040	0.998040	0
5DSQ_A	5TT8_A	0.707350	0.707350	0.891700	0
5DSQ_A	5TV3_A	0.776440	0.776440	0.875700	0
5DSQ_A	5TY1_A	0.993860	0.997720	0.993860	0
5DSQ_A	5U0F_A	0.993400	0.997260	0.993400	0
5DSQ_A	5WLR_A	0.998310	0.998310	0.998310	0
5DSQ_A	5Y2R_A	0.998520	0.998520	0.998520	0
5DSQ_A	5Y2S_A	0.998360	0.998360	0.998360	0
5DSQ_A	5YUJ_A	0.999340	0.999340	0.999340	0
5DSQ_A	6B00_A	0.972720	0.995330	0.972720	0
5DSQ_A	6D1L_A	0.989510	0.997190	0.989510	0
5DSQ_A	6GOT_A	0.999210	0.999210	0.999210	0
5DSQ_A	6H36_A	0.977530	0.985050	0.977530	0
5DSQ_A	6HR3_A	0.996800	0.996800	0.996800	0
5DSQ_A	6KM1_A	0.998400	0.998400	0.998400	0
5DSQ_A	6OTI_A	0.997840	0.997840	0.997840	0
5DSQ_A	6QNL_A	0.928440	0.928440	0.942570	0
5DSQ_A	6R6Y_A	0.924490	0.938390	0.924490	0
5DSQ_A	6RG4_A	0.995230	0.999100	0.995230	0
5DSQ_A	6RQQ_A	0.905460	0.905460	0.908850	0
5DSQ_A	6UGN_A	0.998910	0.998910	0.998910	0
5DSQ_A	6Y74_A	0.899410	0.902760	0.899410	0
5DSQ_A	6YJ3_A	0.988320	0.992140	0.988320	0
5DSQ_A	7MU3_A	0.990270	0.997960	0.990270	0
5DSQ_A	7NG1_A	0.840520	0.902470	0.840520	0
5EKM_A	5FL5_A	0.894190	0.894190	0.914540	0
5EKM_A	5FLO_A	0.994950	0.998820	0.994950	0
5EKM_A	5FNM_A	0.994770	0.998640	0.994770	0
5EKM_A	5G0B_A	0.997690	0.997690	0.997690	0
5EKM_A	5GMN_A	0.986730	0.986730	0.986730	0
5EKM_A	5IPZ_A	0.870960	0.883950	0.870960	0
5EKM_A	5KU6_A	0.880710	0.880710	0.925640	0
5EKM_A	5L6K_A	0.989140	0.996810	0.989140	0
5EKM_A	5LL9_A	0.922630	0.936470	0.922630	0
5EKM_A	5LLE_A	0.998710	0.998710	0.998710	0
5EKM_A	5LLG_A	0.999050	0.999050	0.999050	0
5EKM_A	5LLN_A	0.969370	0.976770	0.969370	0
5EKM_A	5LLP_A	0.927680	0.938140	0.927680	0
5EKM_A	5M78_A	0.990130	0.997820	0.990130	0
5EKM_A	5MSA_A	0.923520	0.937390	0.923520	0
5EKM_A	5NXG_A	0.997210	0.997210	0.997210	0
5EKM_A	5NXV_A	0.994770	0.998630	0.994770	0
5EKM_A	5SZ2_A	0.999520	0.999520	0.999520	0
5EKM_A	5SZ5_A	0.998540	0.998540	0.998540	0
5EKM_A	5TFX_A	0.994690	0.998550	0.994690	0
5EKM_A	5TH4_A	0.999220	0.999220	0.999220	0
5EKM_A	5THJ_A	0.998690	0.998690	0.998690	0
5EKM_A	5TT8_A	0.707530	0.707530	0.891880	0
5EKM_A	5TV3_A	0.777030	0.777030	0.876430	0
5EKM_A	5TY1_A	0.994800	0.998670	0.994800	0
5EKM_A	5U0F_A	0.994370	0.998230	0.994370	0
5EKM_A	5WLR_A	0.998790	0.998790	0.998790	0
5EKM_A	5Y2R_A	0.998520	0.998520	0.998520	0
5EKM_A	5Y2S_A	0.998440	0.998440	0.998440	0
5EKM_A	5YUJ_A	0.999530	0.999530	0.999530	0
5EKM_A	6B00_A	0.972540	0.995140	0.972540	0
5EKM_A	6D1L_A	0.990530	0.998230	0.990530	0
5EKM_A	6GOT_A	0.999570	0.999570	0.999570	0
5EKM_A	6H36_A	0.977520	0.985030	0.977520	0
5EKM_A	6HR3_A	0.997340	0.997340	0.997340	0
5EKM_A	6KM1_A	0.998520	0.998520	0.998520	0
5EKM_A	6OTI_A	0.998100	0.998100	0.998100	0
5EKM_A	6QNL_A	0.927870	0.927870	0.941980	0
5EKM_A	6R6Y_A	0.924300	0.938190	0.924300	0
5EKM_A	6RG4_A	0.995810	0.999690	0.995810	0
5EKM_A	6RQQ_A	0.905190	0.905190	0.908580	0
5EKM_A	6UGN_A	0.999160	0.999160	0.999160	0
5EKM_A	6Y74_A	0.899350	0.902690	0.899350	0
5EKM_A	6YJ3_A	0.989260	0.993090	0.989260	0
5EKM_A	7MU3_A	0.990330	0.998020	0.990330	0
5EKM_A	7NG1_A	0.840100	0.901990	0.840100	0
5FAI_A	5GMB_A	0.521330	0.521330	0.615250	0
5FAI_A	5OQL_e	0.866100	0.889770	0.866100	0
5FAI_A	6RXX_CN	0.829520	0.894300	0.829520	0
5FAI_A	6RXY_CN	0.826900	0.891090	0.826900	0
5FAI_A	6RXZ_CN	0.820840	0.884380	0.820840	0
5FL5_A	5FLO_A	0.889780	0.913370	0.889780	0
5FL5_A	5FNM_A	0.891110	0.914770	0.891110	0
5FL5_A	5G0B_A	0.896520	0.916970	0.896520	0
5FL5_A	5GMN_A	0.892640	0.912940	0.892640	0
5FL5_A	5IPZ_A	0.862250	0.895000	0.862250	0
5FL5_A	5KU6_A	0.869760	0.869760	0.893550	0
5FL5_A	5L6K_A	0.883780	0.910500	0.883780	0
5FL5_A	5LL9_A	0.917440	0.952790	0.917440	0
5FL5_A	5LLE_A	0.893740	0.914060	0.893740	0
5FL5_A	5LLG_A	0.894550	0.914910	0.894550	0
5FL5_A	5LLN_A	0.876780	0.903080	0.876780	0
5FL5_A	5LLP_A	0.919900	0.951780	0.919900	0
5FL5_A	5M78_A	0.888040	0.915000	0.888040	0
5FL5_A	5MSA_A	0.914510	0.949670	0.914510	0
5FL5_A	5NXG_A	0.893880	0.914190	0.893880	0
5FL5_A	5NXV_A	0.891890	0.915580	0.891890	0
5FL5_A	5SZ2_A	0.895150	0.915540	0.895150	0
5FL5_A	5SZ5_A	0.897660	0.918140	0.897660	0
5FL5_A	5TFX_A	0.889930	0.913530	0.889930	0
5FL5_A	5TH4_A	0.894000	0.914340	0.894000	0
5FL5_A	5THJ_A	0.895090	0.915470	0.895090	0
5FL5_A	5TT8_A	0.711080	0.711080	0.874800	0
5FL5_A	5TV3_A	0.771860	0.771860	0.850960	0
5FL5_A	5TY1_A	0.889980	0.913580	0.889980	0
5FL5_A	5U0F_A	0.889720	0.913310	0.889720	0
5FL5_A	5WLR_A	0.896460	0.916900	0.896460	0
5FL5_A	5Y2R_A	0.891810	0.912060	0.891810	0
5FL5_A	5Y2S_A	0.891480	0.911710	0.891480	0
5FL5_A	5YUJ_A	0.894340	0.914690	0.894340	0
5FL5_A	6B00_A	0.873020	0.912670	0.873020	0
5FL5_A	6D1L_A	0.886560	0.913430	0.886560	0
5FL5_A	6GOT_A	0.894500	0.914850	0.894500	0
5FL5_A	6H36_A	0.886670	0.913530	0.886670	0
5FL5_A	6HR3_A	0.892350	0.912630	0.892350	0
5FL5_A	6KM1_A	0.892530	0.912800	0.892530	0
5FL5_A	6OTI_A	0.896810	0.917270	0.896810	0
5FL5_A	6QNL_A	0.924710	0.931830	0.924710	0
5FL5_A	6R6Y_A	0.918200	0.953610	0.918200	0
5FL5_A	6RG4_A	0.890750	0.914390	0.890750	0
5FL5_A	6RQQ_A	0.967300	0.986370	0.967300	0
5FL5_A	6UGN_A	0.894320	0.914670	0.894320	0
5FL5_A	6Y74_A	0.965630	0.992370	0.965630	0
5FL5_A	6YJ3_A	0.885070	0.908430	0.885070	0
5FL5_A	7MU3_A	0.888550	0.915530	0.888550	0
5FL5_A	7NG1_A	0.821880	0.901640	0.821880	0
5FLO_A	5FNM_A	0.998790	0.998790	0.998790	0
5FLO_A	5G0B_A	0.993260	0.993260	0.997110	0
5FLO_A	5GMN_A	0.982840	0.982840	0.986620	0
5FLO_A	5IPZ_A	0.873670	0.883400	0.873670	0
5FLO_A	5KU6_A	0.879610	0.879610	0.927870	0
5FLO_A	5L6K_A	0.992870	0.996700	0.992870	0
5FLO_A	5LL9_A	0.920430	0.930730	0.920430	0
5FLO_A	5LLE_A	0.993480	0.993480	0.997340	0
5FLO_A	5LLG_A	0.994240	0.994240	0.998100	0
5FLO_A	5LLN_A	0.973130	0.976830	0.973130	0
5FLO_A	5LLP_A	0.925490	0.932400	0.925490	0
5FLO_A	5M78_A	0.991330	0.995160	0.991330	0
5FLO_A	5MSA_A	0.921050	0.931360	0.921050	0
5FLO_A	5NXG_A	0.992770	0.992770	0.996620	0
5FLO_A	5NXV_A	0.995790	0.995790	0.995790	0
5FLO_A	5SZ2_A	0.994300	0.994300	0.998160	0
5FLO_A	5SZ5_A	0.993570	0.993570	0.997420	0
5FLO_A	5TFX_A	0.999520	0.999520	0.999520	0
5FLO_A	5TH4_A	0.994350	0.994350	0.998210	0
5FLO_A	5THJ_A	0.993560	0.993560	0.997420	0
5FLO_A	5TT8_A	0.705150	0.705150	0.892220	0
5FLO_A	5TV3_A	0.775060	0.775060	0.877380	0
5FLO_A	5TY1_A	0.999650	0.999650	0.999650	0
5FLO_A	5U0F_A	0.999170	0.999170	0.999170	0
5FLO_A	5WLR_A	0.994210	0.994210	0.998070	0
5FLO_A	5Y2R_A	0.994860	0.994860	0.998730	0
5FLO_A	5Y2S_A	0.994920	0.994920	0.998790	0
5FLO_A	5YUJ_A	0.994440	0.994440	0.998300	0
5FLO_A	6B00_A	0.971950	0.990690	0.971950	0
5FLO_A	6D1L_A	0.995120	0.998980	0.995120	0
5FLO_A	6GOT_A	0.994720	0.994720	0.998590	0
5FLO_A	6H36_A	0.977050	0.980790	0.977050	0
5FLO_A	6HR3_A	0.994670	0.994670	0.998540	0
5FLO_A	6KM1_A	0.994200	0.994200	0.998060	0
5FLO_A	6OTI_A	0.993650	0.993650	0.997510	0
5FLO_A	6QNL_A	0.921910	0.921910	0.939400	0
5FLO_A	6R6Y_A	0.922130	0.932460	0.922130	0
5FLO_A	6RG4_A	0.997060	0.997060	0.997060	0
5FLO_A	6RQQ_A	0.901050	0.901050	0.907800	0
5FLO_A	6UGN_A	0.994650	0.994650	0.998510	0
5FLO_A	6Y74_A	0.900970	0.900970	0.900970	0
5FLO_A	6YJ3_A	0.993270	0.993270	0.993270	0
5FLO_A	7MU3_A	0.992900	0.996740	0.992900	0
5FLO_A	7NG1_A	0.838740	0.896940	0.838740	0
5FNM_A	5G0B_A	0.994460	0.994460	0.998320	0
5FNM_A	5GMN_A	0.983680	0.983680	0.987470	0
5FNM_A	5IPZ_A	0.874370	0.884110	0.874370	0
5FNM_A	5KU6_A	0.878080	0.878080	0.926190	0
5FNM_A	5L6K_A	0.991350	0.995180	0.991350	0
5FNM_A	5LL9_A	0.921230	0.931540	0.921230	0
5FNM_A	5LLE_A	0.993160	0.993160	0.997010	0
5FNM_A	5LLG_A	0.994560	0.994560	0.998430	0
5FNM_A	5LLN_A	0.971740	0.975430	0.971740	0
5FNM_A	5LLP_A	0.926060	0.932990	0.926060	0
5FNM_A	5M78_A	0.992030	0.995870	0.992030	0
5FNM_A	5MSA_A	0.921600	0.931930	0.921600	0
5FNM_A	5NXG_A	0.992970	0.992970	0.996820	0
5FNM_A	5NXV_A	0.996040	0.996040	0.996040	0
5FNM_A	5SZ2_A	0.994490	0.994490	0.998360	0
5FNM_A	5SZ5_A	0.994300	0.994300	0.998160	0
5FNM_A	5TFX_A	0.999120	0.999120	0.999120	0
5FNM_A	5TH4_A	0.994810	0.994810	0.998680	0
5FNM_A	5THJ_A	0.993590	0.993590	0.997450	0
5FNM_A	5TT8_A	0.705570	0.705570	0.892950	0
5FNM_A	5TV3_A	0.774260	0.774260	0.876790	0
5FNM_A	5TY1_A	0.999060	0.999060	0.999060	0
5FNM_A	5U0F_A	0.998940	0.998940	0.998940	0
5FNM_A	5WLR_A	0.994800	0.994800	0.998670	0
5FNM_A	5Y2R_A	0.994760	0.994760	0.998620	0
5FNM_A	5Y2S_A	0.994640	0.994640	0.998500	0
5FNM_A	5YUJ_A	0.994530	0.994530	0.998400	0
5FNM_A	6B00_A	0.970620	0.989320	0.970620	0
5FNM_A	6D1L_A	0.994860	0.998710	0.994860	0
5FNM_A	6GOT_A	0.994600	0.994600	0.998470	0
5FNM_A	6H36_A	0.977090	0.980830	0.977090	0
5FNM_A	6HR3_A	0.994810	0.994810	0.998680	0
5FNM_A	6KM1_A	0.994170	0.994170	0.998040	0
5FNM_A	6OTI_A	0.993900	0.993900	0.997760	0
5FNM_A	6QNL_A	0.923090	0.923090	0.940620	0
5FNM_A	6R6Y_A	0.922950	0.933300	0.922950	0
5FNM_A	6RG4_A	0.996710	0.996710	0.996710	0
5FNM_A	6RQQ_A	0.900880	0.900880	0.907620	0
5FNM_A	6UGN_A	0.994390	0.994390	0.998250	0
5FNM_A	6Y74_A	0.901990	0.901990	0.901990	0
5FNM_A	6YJ3_A	0.991500	0.991500	0.991500	0
5FNM_A	7MU3_A	0.993280	0.997130	0.993280	0
5FNM_A	7NG1_A	0.838870	0.897090	0.838870	0
5G0B_A	5GMN_A	0.985850	0.985850	0.985850	0
5G0B_A	5IPZ_A	0.871310	0.884320	0.871310	0
5G0B_A	5KU6_A	0.879510	0.879510	0.924330	0
5G0B_A	5L6K_A	0.985880	0.993510	0.985880	0
5G0B_A	5LL9_A	0.921710	0.935530	0.921710	0
5G0B_A	5LLE_A	0.996550	0.996550	0.996550	0
5G0B_A	5LLG_A	0.997660	0.997660	0.997660	0
5G0B_A	5LLN_A	0.966220	0.973570	0.966220	0
5G0B_A	5LLP_A	0.926200	0.936630	0.926200	0
5G0B_A	5M78_A	0.990110	0.997800	0.990110	0
5G0B_A	5MSA_A	0.922110	0.935940	0.922110	0
5G0B_A	5NXG_A	0.996720	0.996720	0.996720	0
5G0B_A	5NXV_A	0.993910	0.997770	0.993910	0
5G0B_A	5SZ2_A	0.997520	0.997520	0.997520	0
5G0B_A	5SZ5_A	0.998730	0.998730	0.998730	0
5G0B_A	5TFX_A	0.993410	0.997270	0.993410	0
5G0B_A	5TH4_A	0.997890	0.997890	0.997890	0
5G0B_A	5THJ_A	0.996760	0.996760	0.996760	0
5G0B_A	5TT8_A	0.708630	0.708630	0.893640	0
5G0B_A	5TV3_A	0.778100	0.778100	0.878020	0
5G0B_A	5TY1_A	0.993060	0.996920	0.993060	0
5G0B_A	5U0F_A	0.992880	0.996730	0.992880	0
5G0B_A	5WLR_A	0.998610	0.998610	0.998610	0
5G0B_A	5Y2R_A	0.996820	0.996820	0.996820	0
5G0B_A	5Y2S_A	0.996750	0.996750	0.996750	0
5G0B_A	5YUJ_A	0.997830	0.997830	0.997830	0
5G0B_A	6B00_A	0.970030	0.992520	0.970030	0
5G0B_A	6D1L_A	0.988870	0.996540	0.988870	0
5G0B_A	6GOT_A	0.997770	0.997770	0.997770	0
5G0B_A	6H36_A	0.976530	0.984030	0.976530	0
5G0B_A	6HR3_A	0.996770	0.996770	0.996770	0
5G0B_A	6KM1_A	0.996760	0.996760	0.996760	0
5G0B_A	6OTI_A	0.997310	0.997310	0.997310	0
5G0B_A	6QNL_A	0.927070	0.927070	0.941160	0
5G0B_A	6R6Y_A	0.923250	0.937110	0.923250	0
5G0B_A	6RG4_A	0.993980	0.997840	0.993980	0
5G0B_A	6RQQ_A	0.905540	0.905540	0.908930	0
5G0B_A	6UGN_A	0.997630	0.997630	0.997630	0
5G0B_A	6Y74_A	0.900220	0.903570	0.900220	0
5G0B_A	6YJ3_A	0.987420	0.991230	0.987420	0
5G0B_A	7MU3_A	0.991420	0.999130	0.991420	0
5G0B_A	7NG1_A	0.839980	0.901810	0.839980	0
5GM8_A	5GMB_A	0.973800	0.979440	0.973800	0
5GM8_A	5KZK_A	0.517160	0.754880	0.517160	0
5GM8_A	5O96_A	0.491850	0.665020	0.491850	0
5GM8_A	5TWJ_A	0.616250	0.616250	0.659300	0
5GM8_A	6RXY_CN	0.495120	0.628780	0.495120	0
5GMB_A	5KZK_A	0.512910	0.742560	0.512910	0
5GMB_A	5O96_A	0.493310	0.663460	0.493310	0
5GMB_A	5TWJ_A	0.605390	0.605390	0.650560	0
5GMB_A	6RXX_CN	0.493110	0.620550	0.493110	0
5GMB_A	6RXY_CN	0.492730	0.619180	0.492730	0
5GMN_A	5IPZ_A	0.868720	0.881630	0.868720	0
5GMN_A	5KU6_A	0.875430	0.875430	0.919870	0
5GMN_A	5L6K_A	0.976020	0.983510	0.976020	0
5GMN_A	5LL9_A	0.914490	0.928120	0.914490	0
5GMN_A	5LLE_A	0.985900	0.985900	0.985900	0
5GMN_A	5LLG_A	0.987740	0.987740	0.987740	0
5GMN_A	5LLN_A	0.955940	0.963150	0.955940	0
5GMN_A	5LLP_A	0.919190	0.929480	0.919190	0
5GMN_A	5M78_A	0.980020	0.987560	0.980020	0
5GMN_A	5MSA_A	0.914440	0.928070	0.914440	0
5GMN_A	5NXG_A	0.986010	0.986010	0.986010	0
5GMN_A	5NXV_A	0.984160	0.987950	0.984160	0
5GMN_A	5SZ2_A	0.986940	0.986940	0.986940	0
5GMN_A	5SZ5_A	0.986460	0.986460	0.986460	0
5GMN_A	5TFX_A	0.983000	0.986780	0.983000	0
5GMN_A	5TH4_A	0.987240	0.987240	0.987240	0
5GMN_A	5THJ_A	0.985950	0.985950	0.985950	0
5GMN_A	5TT8_A	0.703020	0.703020	0.885050	0
5GMN_A	5TV3_A	0.770150	0.770150	0.867930	0
5GMN_A	5TY1_A	0.982620	0.986400	0.982620	0
5GMN_A	5U0F_A	0.982840	0.986620	0.982840	0
5GMN_A	5WLR_A	0.987010	0.987010	0.987010	0
5GMN_A	5Y2R_A	0.986290	0.986290	0.986290	0
5GMN_A	5Y2S_A	0.985850	0.985850	0.985850	0
5GMN_A	5YUJ_A	0.986000	0.986000	0.986000	0
5GMN_A	6B00_A	0.961140	0.983250	0.961140	0
5GMN_A	6D1L_A	0.978730	0.986250	0.978730	0
5GMN_A	6GOT_A	0.986780	0.986780	0.986780	0
5GMN_A	6H36_A	0.968950	0.976340	0.968950	0
5GMN_A	6HR3_A	0.986960	0.986960	0.986960	0
5GMN_A	6KM1_A	0.986040	0.986040	0.986040	0
5GMN_A	6OTI_A	0.988050	0.988050	0.988050	0
5GMN_A	6QNL_A	0.920520	0.920520	0.934430	0
5GMN_A	6R6Y_A	0.916200	0.929880	0.916200	0
5GMN_A	6RG4_A	0.983460	0.987240	0.983460	0
5GMN_A	6RQQ_A	0.903400	0.903400	0.906780	0
5GMN_A	6UGN_A	0.987740	0.987740	0.987740	0
5GMN_A	6Y74_A	0.896010	0.899340	0.896010	0
5GMN_A	6YJ3_A	0.980120	0.983880	0.980120	0
5GMN_A	7MU3_A	0.978520	0.986050	0.978520	0
5GMN_A	7NG1_A	0.836560	0.898230	0.836560	0
5H9U_A	5T8S_A	0.941440	0.941440	0.955730	0
5H9U_A	5UGH_A	0.908740	0.908740	0.969650	0
5H9U_A	7LOO_A	0.929520	0.929520	0.965520	0
5H9U_A	7OCK_B	0.937200	0.937200	0.961100	0
5HSQ_A	5I5L_A	0.847240	0.847240	0.859970	0
5HSQ_A	5K5B_A	0.559890	0.559890	0.881420	0
5HSQ_A	5L8M_A	0.560720	0.560720	0.883350	0
5HSQ_A	5LBR_A	0.560910	0.560910	0.886670	0
5HSQ_A	5MG0_A	0.582740	0.582740	0.868670	0
5HSQ_A	5NFX_A	0.560090	0.560090	0.881930	0
5HSQ_A	5NM3_A	0.671480	0.676410	0.671480	0
5HSQ_A	5NWN_A	0.679440	0.679440	0.692270	0
5HSQ_A	5VIK_A	0.555940	0.555940	0.892260	0
5HSQ_A	5VIQ_A	0.556040	0.556040	0.892410	0
5HSQ_A	5VIV_A	0.561860	0.561860	0.896840	0
5HSQ_A	6BAF_A	0.561080	0.561080	0.884340	0
5HSQ_A	6BAK_A	0.561410	0.561410	0.884970	0
5HSQ_A	6BAO_A	0.780960	0.801670	0.780960	0
5HSQ_A	6BAP_A	0.672410	0.691030	0.672410	0
5HSQ_A	6BAY_A	0.664150	0.682440	0.664150	0
5HSQ_A	6FHT_A	0.557490	0.794510	0.557490	0
5HSQ_A	6PTQ_A	0.739470	0.739470	0.747410	0
5HSQ_A	6PTX_A	0.736750	0.736750	0.746050	0
5HSQ_A	6PU2_A	0.732440	0.732440	0.741650	0
5I5L_A	5K5B_A	0.567590	0.567590	0.880490	0
5I5L_A	5L8M_A	0.568280	0.568280	0.882040	0
5I5L_A	5LBR_A	0.568870	0.568870	0.886140	0
5I5L_A	5MG0_A	0.592920	0.592920	0.871620	0
5I5L_A	5NFX_A	0.567990	0.567990	0.881370	0
5I5L_A	5NM3_A	0.760620	0.777370	0.760620	0
5I5L_A	5NWN_A	0.773320	0.773320	0.776190	0
5I5L_A	5VIK_A	0.567560	0.567560	0.898420	0
5I5L_A	5VIQ_A	0.567630	0.567630	0.898610	0
5I5L_A	5VIV_A	0.572830	0.572830	0.901450	0
5I5L_A	6BAF_A	0.567560	0.567560	0.880600	0
5I5L_A	6BAK_A	0.567730	0.567730	0.880920	0
5I5L_A	6BAO_A	0.851960	0.890030	0.851960	0
5I5L_A	6BAP_A	0.781930	0.817890	0.781930	0
5I5L_A	6BAY_A	0.777780	0.813610	0.777780	0
5I5L_A	6FHT_A	0.579510	0.858750	0.579510	0
5I5L_A	6PTQ_A	0.869590	0.872940	0.869590	0
5I5L_A	6PTX_A	0.864960	0.866620	0.864960	0
5I5L_A	6PU2_A	0.863250	0.864910	0.863250	0
5IFE_D	5O9Z_y	0.980290	0.980290	0.980290	0
5IFE_D	5SYB_A	0.858220	0.866950	0.858220	0
5IFE_D	5ZD5_D	0.895110	0.895110	0.933950	0
5IPZ_A	5KU6_A	0.917030	0.917030	0.980090	0
5IPZ_A	5L6K_A	0.873810	0.873810	0.880250	0
5IPZ_A	5LL9_A	0.869750	0.869750	0.869750	0
5IPZ_A	5LLE_A	0.870490	0.870490	0.883460	0
5IPZ_A	5LLG_A	0.871650	0.871650	0.884660	0
5IPZ_A	5LLN_A	0.859030	0.859030	0.865270	0
5IPZ_A	5LLP_A	0.869960	0.869960	0.873150	0
5IPZ_A	5M78_A	0.875850	0.875850	0.882330	0
5IPZ_A	5MSA_A	0.869160	0.869160	0.869160	0
5IPZ_A	5NXG_A	0.869420	0.869420	0.882380	0
5IPZ_A	5NXV_A	0.874160	0.874160	0.883900	0
5IPZ_A	5SZ2_A	0.871810	0.871810	0.884820	0
5IPZ_A	5SZ5_A	0.871840	0.871840	0.884880	0
5IPZ_A	5TFX_A	0.873190	0.873190	0.882900	0
5IPZ_A	5TH4_A	0.870920	0.870920	0.883910	0
5IPZ_A	5THJ_A	0.870550	0.870550	0.883530	0
5IPZ_A	5TT8_A	0.683300	0.683300	0.873910	0
5IPZ_A	5TV3_A	0.746590	0.746590	0.853560	0
5IPZ_A	5TY1_A	0.873320	0.873320	0.883030	0
5IPZ_A	5U0F_A	0.873510	0.873510	0.883230	0
5IPZ_A	5WLR_A	0.872420	0.872420	0.885450	0
5IPZ_A	5Y2R_A	0.869390	0.869390	0.882340	0
5IPZ_A	5Y2S_A	0.869470	0.869470	0.882420	0
5IPZ_A	5YUJ_A	0.870740	0.870740	0.883720	0
5IPZ_A	6B00_A	0.860400	0.866690	0.860400	0
5IPZ_A	6D1L_A	0.875780	0.875780	0.882250	0
5IPZ_A	6GOT_A	0.871200	0.871200	0.884190	0
5IPZ_A	6H36_A	0.870930	0.870930	0.877370	0
5IPZ_A	6HR3_A	0.871400	0.871400	0.884380	0
5IPZ_A	6KM1_A	0.870370	0.870370	0.883340	0
5IPZ_A	6OTI_A	0.874390	0.874390	0.887450	0
5IPZ_A	6QNL_A	0.856100	0.856100	0.881920	0
5IPZ_A	6R6Y_A	0.870610	0.870610	0.870610	0
5IPZ_A	6RG4_A	0.873720	0.873720	0.883450	0
5IPZ_A	6RQQ_A	0.869350	0.869350	0.885570	0
5IPZ_A	6UGN_A	0.871300	0.871300	0.884300	0
5IPZ_A	6Y74_A	0.872580	0.872580	0.882250	0
5IPZ_A	6YJ3_A	0.871370	0.871370	0.881030	0
5IPZ_A	7MU3_A	0.873200	0.873200	0.879650	0
5IPZ_A	7NG1_A	0.799000	0.844790	0.799000	0
5K5B_A	5L8M_A	0.996380	0.996380	0.996380	0
5K5B_A	5LBR_A	0.990540	0.990540	0.993780	0
5K5B_A	5MG0_A	0.933150	0.984490	0.933150	0
5K5B_A	5NFX_A	0.999600	0.999600	0.999600	0
5K5B_A	5NM3_A	0.612390	0.981950	0.612390	0
5K5B_A	5NWN_A	0.630290	0.982280	0.630290	0
5K5B_A	5VIK_A	0.874370	0.874370	0.899740	0
5K5B_A	5VIQ_A	0.874760	0.874760	0.900150	0
5K5B_A	5VIV_A	0.872110	0.872110	0.886060	0
5K5B_A	6BAF_A	0.865930	0.865930	0.871440	0
5K5B_A	6BAK_A	0.867240	0.867240	0.872750	0
5K5B_A	6BAO_A	0.540970	0.877560	0.540970	0
5K5B_A	6BAP_A	0.537090	0.873180	0.537090	0
5K5B_A	6BAY_A	0.537590	0.874320	0.537590	0
5K5B_A	6FHT_A	0.414370	0.983430	0.414370	0
5K5B_A	6PTQ_A	0.559980	0.869590	0.559980	0
5K5B_A	6PTX_A	0.562070	0.871700	0.562070	0
5K5B_A	6PU2_A	0.561490	0.870440	0.561490	0
5KU6_A	5L6K_A	0.876160	0.927510	0.876160	0
5KU6_A	5LL9_A	0.853540	0.910230	0.853540	0
5KU6_A	5LLE_A	0.880860	0.925800	0.880860	0
5KU6_A	5LLG_A	0.881310	0.926290	0.881310	0
5KU6_A	5LLN_A	0.862240	0.912260	0.862240	0
5KU6_A	5LLP_A	0.857670	0.911310	0.857670	0
5KU6_A	5M78_A	0.878790	0.930430	0.878790	0
5KU6_A	5MSA_A	0.853300	0.909970	0.853300	0
5KU6_A	5NXG_A	0.879130	0.923930	0.879130	0
5KU6_A	5NXV_A	0.881270	0.929710	0.881270	0
5KU6_A	5SZ2_A	0.881030	0.925990	0.881030	0
5KU6_A	5SZ5_A	0.880460	0.925370	0.880460	0
5KU6_A	5TFX_A	0.878640	0.926800	0.878640	0
5KU6_A	5TH4_A	0.880800	0.925720	0.880800	0
5KU6_A	5THJ_A	0.881150	0.926120	0.881150	0
5KU6_A	5TT8_A	0.723980	0.723980	0.868100	0
5KU6_A	5TV3_A	0.788300	0.788300	0.846310	0
5KU6_A	5TY1_A	0.878810	0.927000	0.878810	0
5KU6_A	5U0F_A	0.878600	0.926780	0.878600	0
5KU6_A	5WLR_A	0.880780	0.925720	0.880780	0
5KU6_A	5Y2R_A	0.879310	0.924090	0.879310	0
5KU6_A	5Y2S_A	0.879180	0.923940	0.879180	0
5KU6_A	5YUJ_A	0.880510	0.925400	0.880510	0
5KU6_A	6B00_A	0.859650	0.923560	0.859650	0
5KU6_A	6D1L_A	0.876760	0.928230	0.876760	0
5KU6_A	6GOT_A	0.881000	0.925940	0.881000	0
5KU6_A	6H36_A	0.871350	0.922480	0.871350	0
5KU6_A	6HR3_A	0.879640	0.924460	0.879640	0
5KU6_A	6KM1_A	0.880070	0.924910	0.880070	0
5KU6_A	6OTI_A	0.881660	0.926690	0.881660	0
5KU6_A	6QNL_A	0.868810	0.899270	0.868810	0
5KU6_A	6R6Y_A	0.854310	0.911090	0.854310	0
5KU6_A	6RG4_A	0.881150	0.929540	0.881150	0
5KU6_A	6RQQ_A	0.863470	0.903940	0.863470	0
5KU6_A	6UGN_A	0.881400	0.926400	0.881400	0
5KU6_A	6Y74_A	0.858600	0.905450	0.858600	0
5KU6_A	6YJ3_A	0.876590	0.924530	0.876590	0
5KU6_A	7MU3_A	0.874340	0.925710	0.874340	0
5KU6_A	7NG1_A	0.778530	0.877060	0.778530	0
5L6K_A	5LL9_A	0.921210	0.928060	0.921210	0
5L6K_A	5LLE_A	0.988200	0.988200	0.995860	0
5L6K_A	5LLG_A	0.987460	0.987460	0.995110	0
5L6K_A	5LLN_A	0.973370	0.973370	0.973370	0
5L6K_A	5LLP_A	0.926220	0.929670	0.926220	0
5L6K_A	5M78_A	0.989890	0.989890	0.989890	0
5L6K_A	5MSA_A	0.922310	0.929170	0.922310	0
5L6K_A	5NXG_A	0.987220	0.987220	0.994870	0
5L6K_A	5NXV_A	0.989590	0.989590	0.993410	0
5L6K_A	5SZ2_A	0.988130	0.988130	0.995790	0
5L6K_A	5SZ5_A	0.986610	0.986610	0.994250	0
5L6K_A	5TFX_A	0.992320	0.992320	0.996150	0
5L6K_A	5TH4_A	0.987830	0.987830	0.995490	0
5L6K_A	5THJ_A	0.988450	0.988450	0.996120	0
5L6K_A	5TT8_A	0.702360	0.702360	0.891850	0
5L6K_A	5TV3_A	0.771570	0.771570	0.876680	0
5L6K_A	5TY1_A	0.992740	0.992740	0.996580	0
5L6K_A	5U0F_A	0.992160	0.992160	0.995990	0
5L6K_A	5WLR_A	0.987290	0.987290	0.994940	0
5L6K_A	5Y2R_A	0.988770	0.988770	0.996440	0
5L6K_A	5Y2S_A	0.988670	0.988670	0.996340	0
5L6K_A	5YUJ_A	0.988520	0.988520	0.996190	0
5L6K_A	6B00_A	0.971960	0.986900	0.971960	0
5L6K_A	6D1L_A	0.994520	0.994520	0.994520	0
5L6K_A	6GOT_A	0.988470	0.988470	0.996140	0
5L6K_A	6H36_A	0.974980	0.974980	0.974980	0
5L6K_A	6HR3_A	0.988220	0.988220	0.995880	0
5L6K_A	6KM1_A	0.987530	0.987530	0.995180	0
5L6K_A	6OTI_A	0.987470	0.987470	0.995120	0
5L6K_A	6QNL_A	0.919090	0.919090	0.940010	0
5L6K_A	6R6Y_A	0.922840	0.929710	0.922840	0
5L6K_A	6RG4_A	0.990910	0.990910	0.994740	0
5L6K_A	6RQQ_A	0.896370	0.896370	0.906410	0
5L6K_A	6UGN_A	0.988570	0.988570	0.996240	0
5L6K_A	6Y74_A	0.898900	0.898900	0.902220	0
5L6K_A	6YJ3_A	0.987500	0.987500	0.991310	0
5L6K_A	7MU3_A	0.990510	0.990510	0.990510	0
5L6K_A	7NG1_A	0.838290	0.893390	0.838290	0
5L8M_A	5LBR_A	0.992100	0.992100	0.995350	0
5L8M_A	5MG0_A	0.935730	0.987330	0.935730	0
5L8M_A	5NFX_A	0.995930	0.995930	0.995930	0
5L8M_A	5NM3_A	0.613020	0.983370	0.613020	0
5L8M_A	5NWN_A	0.631030	0.983960	0.631030	0
5L8M_A	5VIK_A	0.876690	0.876690	0.902180	0
5L8M_A	5VIQ_A	0.877110	0.877110	0.902620	0
5L8M_A	5VIV_A	0.873580	0.873580	0.887560	0
5L8M_A	6BAF_A	0.867170	0.867170	0.872690	0
5L8M_A	6BAK_A	0.868440	0.868440	0.873970	0
5L8M_A	6BAO_A	0.541270	0.878210	0.541270	0
5L8M_A	6BAP_A	0.537550	0.874260	0.537550	0
5L8M_A	6BAY_A	0.538040	0.875330	0.538040	0
5L8M_A	6FHT_A	0.414720	0.984980	0.414720	0
5L8M_A	6PTQ_A	0.560740	0.871270	0.560740	0
5L8M_A	6PTX_A	0.563000	0.873680	0.563000	0
5L8M_A	6PU2_A	0.562410	0.872370	0.562410	0
5LBR_A	5MG0_A	0.933360	0.988060	0.933360	0
5LBR_A	5NFX_A	0.991660	0.994910	0.991660	0
5LBR_A	5NM3_A	0.611400	0.984270	0.611400	0
5LBR_A	5NWN_A	0.628120	0.981910	0.628120	0
5LBR_A	5VIK_A	0.878980	0.878980	0.901730	0
5LBR_A	5VIQ_A	0.879290	0.879290	0.902050	0
5LBR_A	5VIV_A	0.876920	0.876920	0.888170	0
5LBR_A	6BAF_A	0.864720	0.864720	0.867450	0
5LBR_A	6BAK_A	0.865330	0.865330	0.868060	0
5LBR_A	6BAO_A	0.539150	0.876090	0.539150	0
5LBR_A	6BAP_A	0.534660	0.871490	0.534660	0
5LBR_A	6BAY_A	0.535910	0.874490	0.535910	0
5LBR_A	6FHT_A	0.413130	0.983720	0.413130	0
5LBR_A	6PTQ_A	0.560190	0.874270	0.560190	0
5LBR_A	6PTX_A	0.561440	0.874410	0.561440	0
5LBR_A	6PU2_A	0.561090	0.873820	0.561090	0
5LL9_A	5LLE_A	0.922510	0.922510	0.936350	0
5LL9_A	5LLG_A	0.921390	0.921390	0.935190	0
5LL9_A	5LLN_A	0.921440	0.921440	0.928260	0
5LL9_A	5LLP_A	0.995450	0.995450	0.999280	0
5LL9_A	5M78_A	0.921190	0.921190	0.928040	0
5LL9_A	5MSA_A	0.999020	0.999020	0.999020	0
5LL9_A	5NXG_A	0.921510	0.921510	0.935320	0
5LL9_A	5NXV_A	0.921130	0.921130	0.931440	0
5LL9_A	5SZ2_A	0.923230	0.923230	0.937090	0
5LL9_A	5SZ5_A	0.922590	0.922590	0.936430	0
5LL9_A	5TFX_A	0.919560	0.919560	0.929840	0
5LL9_A	5TH4_A	0.921530	0.921530	0.935340	0
5LL9_A	5THJ_A	0.924460	0.924460	0.938350	0
5LL9_A	5TT8_A	0.697410	0.697410	0.892100	0
5LL9_A	5TV3_A	0.764750	0.764750	0.875030	0
5LL9_A	5TY1_A	0.920510	0.920510	0.930810	0
5LL9_A	5U0F_A	0.919680	0.919680	0.929960	0
5LL9_A	5WLR_A	0.922090	0.922090	0.935920	0
5LL9_A	5Y2R_A	0.919710	0.919710	0.933470	0
5LL9_A	5Y2S_A	0.920010	0.920010	0.933780	0
5LL9_A	5YUJ_A	0.922630	0.922630	0.936470	0
5LL9_A	6B00_A	0.915290	0.922020	0.915290	0
5LL9_A	6D1L_A	0.920010	0.920010	0.926850	0
5LL9_A	6GOT_A	0.922280	0.922280	0.936110	0
5LL9_A	6H36_A	0.926740	0.926740	0.933620	0
5LL9_A	6HR3_A	0.918480	0.918480	0.932210	0
5LL9_A	6KM1_A	0.920140	0.920140	0.933920	0
5LL9_A	6OTI_A	0.922610	0.922610	0.936450	0
5LL9_A	6QNL_A	0.968760	0.968760	0.999380	0
5LL9_A	6R6Y_A	0.999290	0.999290	0.999290	0
5LL9_A	6RG4_A	0.921460	0.921460	0.931780	0
5LL9_A	6RQQ_A	0.922190	0.922190	0.939600	0
5LL9_A	6UGN_A	0.921020	0.921020	0.934820	0
5LL9_A	6Y74_A	0.926190	0.926190	0.936640	0
5LL9_A	6YJ3_A	0.915920	0.915920	0.926130	0
5LL9_A	7MU3_A	0.921000	0.921000	0.927840	0
5LL9_A	7NG1_A	0.838350	0.886610	0.838350	0
5LLE_A	5LLG_A	0.998630	0.998630	0.998630	0
5LLE_A	5LLN_A	0.968990	0.976380	0.968990	0
5LLE_A	5LLP_A	0.927420	0.937870	0.927420	0
5LLE_A	5M78_A	0.989420	0.997100	0.989420	0
5LLE_A	5MSA_A	0.923470	0.937340	0.923470	0
5LLE_A	5NXG_A	0.997010	0.997010	0.997010	0
5LLE_A	5NXV_A	0.994170	0.998030	0.994170	0
5LLE_A	5SZ2_A	0.998410	0.998410	0.998410	0
5LLE_A	5SZ5_A	0.997490	0.997490	0.997490	0
5LLE_A	5TFX_A	0.993110	0.996970	0.993110	0
5LLE_A	5TH4_A	0.998670	0.998670	0.998670	0
5LLE_A	5THJ_A	0.998100	0.998100	0.998100	0
5LLE_A	5TT8_A	0.707730	0.707730	0.892110	0
5LLE_A	5TV3_A	0.776740	0.776740	0.876070	0
5LLE_A	5TY1_A	0.993150	0.997000	0.993150	0
5LLE_A	5U0F_A	0.992590	0.996440	0.992590	0
5LLE_A	5WLR_A	0.997300	0.997300	0.997300	0
5LLE_A	5Y2R_A	0.997440	0.997440	0.997440	0
5LLE_A	5Y2S_A	0.997300	0.997300	0.997300	0
5LLE_A	5YUJ_A	0.998770	0.998770	0.998770	0
5LLE_A	6B00_A	0.972480	0.995080	0.972480	0
5LLE_A	6D1L_A	0.988680	0.996350	0.988680	0
5LLE_A	6GOT_A	0.998840	0.998840	0.998840	0
5LLE_A	6H36_A	0.977140	0.984650	0.977140	0
5LLE_A	6HR3_A	0.995550	0.995550	0.995550	0
5LLE_A	6KM1_A	0.997500	0.997500	0.997500	0
5LLE_A	6OTI_A	0.996890	0.996890	0.996890	0
5LLE_A	6QNL_A	0.927860	0.927860	0.941970	0
5LLE_A	6R6Y_A	0.924110	0.937990	0.924110	0
5LLE_A	6RG4_A	0.994790	0.998660	0.994790	0
5LLE_A	6RQQ_A	0.905380	0.905380	0.908770	0
5LLE_A	6UGN_A	0.998450	0.998450	0.998450	0
5LLE_A	6Y74_A	0.899010	0.902360	0.899010	0
5LLE_A	6YJ3_A	0.988000	0.991810	0.988000	0
5LLE_A	7MU3_A	0.988990	0.996670	0.988990	0
5LLE_A	7NG1_A	0.841050	0.903060	0.841050	0
5LLG_A	5LLN_A	0.968430	0.975820	0.968430	0
5LLG_A	5LLP_A	0.926310	0.936730	0.926310	0
5LLG_A	5M78_A	0.990550	0.998240	0.990550	0
5LLG_A	5MSA_A	0.922100	0.935930	0.922100	0
5LLG_A	5NXG_A	0.997580	0.997580	0.997580	0
5LLG_A	5NXV_A	0.995410	0.999290	0.995410	0
5LLG_A	5SZ2_A	0.998780	0.998780	0.998780	0
5LLG_A	5SZ5_A	0.998220	0.998220	0.998220	0
5LLG_A	5TFX_A	0.994360	0.998230	0.994360	0
5LLG_A	5TH4_A	0.999400	0.999400	0.999400	0
5LLG_A	5THJ_A	0.998090	0.998090	0.998090	0
5LLG_A	5TT8_A	0.707380	0.707380	0.891730	0
5LLG_A	5TV3_A	0.776000	0.776000	0.875210	0
5LLG_A	5TY1_A	0.994160	0.998020	0.994160	0
5LLG_A	5U0F_A	0.993770	0.997630	0.993770	0
5LLG_A	5WLR_A	0.998280	0.998280	0.998280	0
5LLG_A	5Y2R_A	0.998210	0.998210	0.998210	0
5LLG_A	5Y2S_A	0.998070	0.998070	0.998070	0
5LLG_A	5YUJ_A	0.999050	0.999050	0.999050	0
5LLG_A	6B00_A	0.971860	0.994430	0.971860	0
5LLG_A	6D1L_A	0.989930	0.997610	0.989930	0
5LLG_A	6GOT_A	0.999120	0.999120	0.999120	0
5LLG_A	6H36_A	0.977650	0.985160	0.977650	0
5LLG_A	6HR3_A	0.997200	0.997200	0.997200	0
5LLG_A	6KM1_A	0.998550	0.998550	0.998550	0
5LLG_A	6OTI_A	0.997490	0.997490	0.997490	0
5LLG_A	6QNL_A	0.926740	0.926740	0.940820	0
5LLG_A	6R6Y_A	0.923030	0.936880	0.923030	0
5LLG_A	6RG4_A	0.995460	0.999330	0.995460	0
5LLG_A	6RQQ_A	0.905110	0.905110	0.908500	0
5LLG_A	6UGN_A	0.998990	0.998990	0.998990	0
5LLG_A	6Y74_A	0.899270	0.902620	0.899270	0
5LLG_A	6YJ3_A	0.988780	0.992600	0.988780	0
5LLG_A	7MU3_A	0.989890	0.997580	0.989890	0
5LLG_A	7NG1_A	0.840560	0.902500	0.840560	0
5LLN_A	5LLP_A	0.925410	0.928840	0.925410	0
5LLN_A	5M78_A	0.968910	0.968910	0.968910	0
5LLN_A	5MSA_A	0.921580	0.928410	0.921580	0
5LLN_A	5NXG_A	0.966500	0.966500	0.973860	0
5LLN_A	5NXV_A	0.967810	0.967810	0.971470	0
5LLN_A	5SZ2_A	0.967680	0.967680	0.975060	0
5LLN_A	5SZ5_A	0.966360	0.966360	0.973720	0
5LLN_A	5TFX_A	0.972910	0.972910	0.976600	0
5LLN_A	5TH4_A	0.968710	0.968710	0.976100	0
5LLN_A	5THJ_A	0.969260	0.969260	0.976650	0
5LLN_A	5TT8_A	0.700990	0.700990	0.889640	0
5LLN_A	5TV3_A	0.767970	0.767970	0.871960	0
5LLN_A	5TY1_A	0.972990	0.972990	0.976690	0
5LLN_A	5U0F_A	0.971420	0.971420	0.975110	0
5LLN_A	5WLR_A	0.967020	0.967020	0.974390	0
5LLN_A	5Y2R_A	0.969760	0.969760	0.977160	0
5LLN_A	5Y2S_A	0.970450	0.970450	0.977860	0
5LLN_A	5YUJ_A	0.970460	0.970460	0.977880	0
5LLN_A	6B00_A	0.952050	0.966430	0.952050	0
5LLN_A	6D1L_A	0.972400	0.972400	0.972400	0
5LLN_A	6GOT_A	0.969210	0.969210	0.976600	0
5LLN_A	6H36_A	0.971160	0.971160	0.971160	0
5LLN_A	6HR3_A	0.968150	0.968150	0.975530	0
5LLN_A	6KM1_A	0.969360	0.969360	0.976760	0
5LLN_A	6OTI_A	0.967450	0.967450	0.974820	0
5LLN_A	6QNL_A	0.920680	0.920680	0.941560	0
5LLN_A	6R6Y_A	0.921410	0.928240	0.921410	0
5LLN_A	6RG4_A	0.970600	0.970600	0.974280	0
5LLN_A	6RQQ_A	0.887880	0.887880	0.897730	0
5LLN_A	6UGN_A	0.967850	0.967850	0.975230	0
5LLN_A	6Y74_A	0.892270	0.892270	0.895560	0
5LLN_A	6YJ3_A	0.970830	0.970830	0.974520	0
5LLN_A	7MU3_A	0.969450	0.969450	0.969450	0
5LLN_A	7NG1_A	0.832170	0.886290	0.832170	0
5LLP_A	5M78_A	0.926130	0.926130	0.929580	0
5LLP_A	5MSA_A	0.995310	0.999140	0.995310	0
5LLP_A	5NXG_A	0.926500	0.926500	0.936930	0
5LLP_A	5NXV_A	0.926120	0.926120	0.933040	0
5LLP_A	5SZ2_A	0.928190	0.928190	0.938650	0
5LLP_A	5SZ5_A	0.927130	0.927130	0.937570	0
5LLP_A	5TFX_A	0.924580	0.924580	0.931480	0
5LLP_A	5TH4_A	0.926560	0.926560	0.936990	0
5LLP_A	5THJ_A	0.929420	0.929420	0.939910	0
5LLP_A	5TT8_A	0.699580	0.699580	0.891490	0
5LLP_A	5TV3_A	0.767860	0.767860	0.875430	0
5LLP_A	5TY1_A	0.925530	0.925530	0.932440	0
5LLP_A	5U0F_A	0.924710	0.924710	0.931610	0
5LLP_A	5WLR_A	0.926760	0.926760	0.937190	0
5LLP_A	5Y2R_A	0.924650	0.924650	0.935050	0
5LLP_A	5Y2S_A	0.924900	0.924900	0.935300	0
5LLP_A	5YUJ_A	0.927530	0.927530	0.937980	0
5LLP_A	6B00_A	0.914340	0.924490	0.914340	0
5LLP_A	6D1L_A	0.924960	0.924960	0.928400	0
5LLP_A	6GOT_A	0.927330	0.927330	0.937780	0
5LLP_A	6H36_A	0.928450	0.928450	0.931910	0
5LLP_A	6HR3_A	0.923460	0.923460	0.933830	0
5LLP_A	6KM1_A	0.925080	0.925080	0.935480	0
5LLP_A	6OTI_A	0.927540	0.927540	0.937990	0
5LLP_A	6QNL_A	0.972250	0.972250	0.999130	0
5LLP_A	6R6Y_A	0.995580	0.999410	0.995580	0
5LLP_A	6RG4_A	0.926540	0.926540	0.933470	0
5LLP_A	6RQQ_A	0.923550	0.923550	0.937510	0
5LLP_A	6UGN_A	0.926250	0.926250	0.936670	0
5LLP_A	6Y74_A	0.926860	0.926860	0.933830	0
5LLP_A	6YJ3_A	0.919860	0.919860	0.926690	0
5LLP_A	7MU3_A	0.925590	0.925590	0.929030	0
5LLP_A	7NG1_A	0.838040	0.889620	0.838040	0
5M78_A	5MSA_A	0.921440	0.928290	0.921440	0
5M78_A	5NXG_A	0.988140	0.988140	0.995800	0
5M78_A	5NXV_A	0.994000	0.994000	0.997840	0
5M78_A	5SZ2_A	0.989930	0.989930	0.997620	0
5M78_A	5SZ5_A	0.989980	0.989980	0.997670	0
5M78_A	5TFX_A	0.991600	0.991600	0.995430	0
5M78_A	5TH4_A	0.991200	0.991200	0.998900	0
5M78_A	5THJ_A	0.989430	0.989430	0.997110	0
5M78_A	5TT8_A	0.701730	0.701730	0.891080	0
5M78_A	5TV3_A	0.770840	0.770840	0.876030	0
5M78_A	5TY1_A	0.990900	0.990900	0.994720	0
5M78_A	5U0F_A	0.990100	0.990100	0.993920	0
5M78_A	5WLR_A	0.990070	0.990070	0.997760	0
5M78_A	5Y2R_A	0.989980	0.989980	0.997660	0
5M78_A	5Y2S_A	0.989970	0.989970	0.997660	0
5M78_A	5YUJ_A	0.990480	0.990480	0.998180	0
5M78_A	6B00_A	0.970610	0.985510	0.970610	0
5M78_A	6D1L_A	0.991280	0.991280	0.991280	0
5M78_A	6GOT_A	0.990660	0.990660	0.998350	0
5M78_A	6H36_A	0.975190	0.975190	0.975190	0
5M78_A	6HR3_A	0.989030	0.989030	0.996700	0
5M78_A	6KM1_A	0.990520	0.990520	0.998220	0
5M78_A	6OTI_A	0.989450	0.989450	0.997130	0
5M78_A	6QNL_A	0.920040	0.920040	0.941010	0
5M78_A	6R6Y_A	0.923030	0.929900	0.923030	0
5M78_A	6RG4_A	0.994410	0.994410	0.998260	0
5M78_A	6RQQ_A	0.898360	0.898360	0.908450	0
5M78_A	6UGN_A	0.990480	0.990480	0.998170	0
5M78_A	6Y74_A	0.897840	0.897840	0.901170	0
5M78_A	6YJ3_A	0.987230	0.987230	0.991030	0
5M78_A	7MU3_A	0.992110	0.992110	0.992110	0
5M78_A	7NG1_A	0.839930	0.895200	0.839930	0
5MG0_A	5NFX_A	0.934240	0.934240	0.985680	0
5MG0_A	5NM3_A	0.627480	0.951890	0.627480	0
5MG0_A	5NWN_A	0.645580	0.951670	0.645580	0
5MG0_A	5VIK_A	0.839050	0.839050	0.908760	0
5MG0_A	5VIQ_A	0.839380	0.839380	0.909110	0
5MG0_A	5VIV_A	0.844070	0.844070	0.903340	0
5MG0_A	6BAF_A	0.843710	0.843710	0.894420	0
5MG0_A	6BAK_A	0.845760	0.845760	0.896700	0
5MG0_A	6BAO_A	0.561670	0.859390	0.561670	0
5MG0_A	6BAP_A	0.555920	0.852330	0.555920	0
5MG0_A	6BAY_A	0.556980	0.854850	0.556980	0
5MG0_A	6FHT_A	0.434040	0.972000	0.434040	0
5MG0_A	6PTQ_A	0.580420	0.852960	0.580420	0
5MG0_A	6PTX_A	0.583100	0.855740	0.583100	0
5MG0_A	6PU2_A	0.582440	0.854470	0.582440	0
5MSA_A	5NXG_A	0.922460	0.922460	0.936300	0
5MSA_A	5NXV_A	0.921750	0.921750	0.932070	0
5MSA_A	5SZ2_A	0.924050	0.924050	0.937930	0
5MSA_A	5SZ5_A	0.922910	0.922910	0.936770	0
5MSA_A	5TFX_A	0.920010	0.920010	0.930300	0
5MSA_A	5TH4_A	0.922160	0.922160	0.936000	0
5MSA_A	5THJ_A	0.925280	0.925280	0.939190	0
5MSA_A	5TT8_A	0.697300	0.697300	0.891900	0
5MSA_A	5TV3_A	0.765010	0.765010	0.875320	0
5MSA_A	5TY1_A	0.921040	0.921040	0.931350	0
5MSA_A	5U0F_A	0.920140	0.920140	0.930430	0
5MSA_A	5WLR_A	0.922600	0.922600	0.936440	0
5MSA_A	5Y2R_A	0.920230	0.920230	0.934000	0
5MSA_A	5Y2S_A	0.920500	0.920500	0.934280	0
5MSA_A	5YUJ_A	0.923390	0.923390	0.937260	0
5MSA_A	6B00_A	0.916140	0.922890	0.916140	0
5MSA_A	6D1L_A	0.920440	0.920440	0.927280	0
5MSA_A	6GOT_A	0.923000	0.923000	0.936860	0
5MSA_A	6H36_A	0.927330	0.927330	0.934220	0
5MSA_A	6HR3_A	0.918780	0.918780	0.932520	0
5MSA_A	6KM1_A	0.920670	0.920670	0.934460	0
5MSA_A	6OTI_A	0.923140	0.923140	0.937000	0
5MSA_A	6QNL_A	0.968360	0.968360	0.998950	0
5MSA_A	6R6Y_A	0.998910	0.998910	0.998910	0
5MSA_A	6RG4_A	0.922220	0.922220	0.932560	0
5MSA_A	6RQQ_A	0.920340	0.920340	0.937690	0
5MSA_A	6UGN_A	0.921860	0.921860	0.935680	0
5MSA_A	6Y74_A	0.923680	0.923680	0.934080	0
5MSA_A	6YJ3_A	0.916170	0.916170	0.926380	0
5MSA_A	7MU3_A	0.921400	0.921400	0.928250	0
5MSA_A	7NG1_A	0.839130	0.887480	0.839130	0
5NFJ_A	6EMU_A	0.772000	0.772000	0.803950	0
5NFJ_A	7ONU_F	0.621210	0.949690	0.621210	0
5NFX_A	5NM3_A	0.612730	0.982760	0.612730	0
5NFX_A	5NWN_A	0.630290	0.982290	0.630290	0
5NFX_A	5VIK_A	0.874290	0.874290	0.899640	0
5NFX_A	5VIQ_A	0.874610	0.874610	0.899990	0
5NFX_A	5VIV_A	0.872730	0.872730	0.886690	0
5NFX_A	6BAF_A	0.865670	0.865670	0.871170	0
5NFX_A	6BAK_A	0.866950	0.866950	0.872470	0
5NFX_A	6BAO_A	0.540950	0.877490	0.540950	0
5NFX_A	6BAP_A	0.536870	0.872780	0.536870	0
5NFX_A	6BAY_A	0.537610	0.874340	0.537610	0
5NFX_A	6FHT_A	0.414430	0.983740	0.414430	0
5NFX_A	6PTQ_A	0.559910	0.869520	0.559910	0
5NFX_A	6PTX_A	0.561860	0.871320	0.561860	0
5NFX_A	6PU2_A	0.561320	0.870140	0.561320	0
5NM3_A	5NWN_A	0.966650	0.966650	0.994840	0
5NM3_A	5VIK_A	0.559150	0.559150	0.909050	0
5NM3_A	5VIQ_A	0.559210	0.559210	0.909110	0
5NM3_A	5VIV_A	0.559590	0.559590	0.903480	0
5NM3_A	6BAF_A	0.551870	0.551870	0.879760	0
5NM3_A	6BAK_A	0.552380	0.552380	0.880880	0
5NM3_A	6BAO_A	0.758030	0.772960	0.758030	0
5NM3_A	6BAP_A	0.779210	0.797430	0.779210	0
5NM3_A	6BAY_A	0.778030	0.796230	0.778030	0
5NM3_A	6FHT_A	0.559650	0.807470	0.559650	0
5NM3_A	6PTQ_A	0.792560	0.792560	0.807320	0
5NM3_A	6PTX_A	0.793700	0.793700	0.809890	0
5NM3_A	6PU2_A	0.790770	0.790770	0.806860	0
5NWN_A	5VIK_A	0.572920	0.572920	0.905850	0
5NWN_A	5VIQ_A	0.572980	0.572980	0.905900	0
5NWN_A	5VIV_A	0.574090	0.574090	0.901660	0
5NWN_A	6BAF_A	0.566560	0.566560	0.878890	0
5NWN_A	6BAK_A	0.567100	0.567100	0.880030	0
5NWN_A	6BAO_A	0.755010	0.790100	0.755010	0
5NWN_A	6BAP_A	0.766760	0.805110	0.766760	0
5NWN_A	6BAY_A	0.764390	0.802610	0.764390	0
5NWN_A	6FHT_A	0.559440	0.830490	0.559440	0
5NWN_A	6PTQ_A	0.798960	0.804970	0.798960	0
5NWN_A	6PTX_A	0.801780	0.806290	0.801780	0
5NWN_A	6PU2_A	0.798080	0.802550	0.798080	0
5NXG_A	5NXV_A	0.994500	0.998360	0.994500	0
5NXG_A	5SZ2_A	0.996960	0.996960	0.996960	0
5NXG_A	5SZ5_A	0.996740	0.996740	0.996740	0
5NXG_A	5TFX_A	0.992870	0.996720	0.992870	0
5NXG_A	5TH4_A	0.997370	0.997370	0.997370	0
5NXG_A	5THJ_A	0.996460	0.996460	0.996460	0
5NXG_A	5TT8_A	0.708850	0.708850	0.893820	0
5NXG_A	5TV3_A	0.777820	0.777820	0.877370	0
5NXG_A	5TY1_A	0.992570	0.996420	0.992570	0
5NXG_A	5U0F_A	0.992480	0.996330	0.992480	0
5NXG_A	5WLR_A	0.996450	0.996450	0.996450	0
5NXG_A	5Y2R_A	0.996310	0.996310	0.996310	0
5NXG_A	5Y2S_A	0.995950	0.995950	0.995950	0
5NXG_A	5YUJ_A	0.997060	0.997060	0.997060	0
5NXG_A	6B00_A	0.971490	0.994050	0.971490	0
5NXG_A	6D1L_A	0.988120	0.995780	0.988120	0
5NXG_A	6GOT_A	0.997170	0.997170	0.997170	0
5NXG_A	6H36_A	0.976170	0.983660	0.976170	0
5NXG_A	6HR3_A	0.995800	0.995800	0.995800	0
5NXG_A	6KM1_A	0.995490	0.995490	0.995490	0
5NXG_A	6OTI_A	0.996000	0.996000	0.996000	0
5NXG_A	6QNL_A	0.926770	0.926770	0.940860	0
5NXG_A	6R6Y_A	0.923350	0.937220	0.923350	0
5NXG_A	6RG4_A	0.993410	0.997260	0.993410	0
5NXG_A	6RQQ_A	0.904900	0.904900	0.908290	0
5NXG_A	6UGN_A	0.997730	0.997730	0.997730	0
5NXG_A	6Y74_A	0.898320	0.901660	0.898320	0
5NXG_A	6YJ3_A	0.986780	0.990580	0.986780	0
5NXG_A	7MU3_A	0.989480	0.997160	0.989480	0
5NXG_A	7NG1_A	0.841500	0.903610	0.841500	0
5NXV_A	5SZ2_A	0.994560	0.994560	0.998430	0
5NXV_A	5SZ5_A	0.994530	0.994530	0.998390	0
5NXV_A	5TFX_A	0.996020	0.996020	0.996020	0
5NXV_A	5TH4_A	0.995070	0.995070	0.998940	0
5NXV_A	5THJ_A	0.993830	0.993830	0.997690	0
5NXV_A	5TT8_A	0.705260	0.705260	0.892430	0
5NXV_A	5TV3_A	0.774750	0.774750	0.877370	0
5NXV_A	5TY1_A	0.995630	0.995630	0.995630	0
5NXV_A	5U0F_A	0.995310	0.995310	0.995310	0
5NXV_A	5WLR_A	0.994420	0.994420	0.998280	0
5NXV_A	5Y2R_A	0.993690	0.993690	0.997550	0
5NXV_A	5Y2S_A	0.993350	0.993350	0.997210	0
5NXV_A	5YUJ_A	0.994510	0.994510	0.998380	0
5NXV_A	6B00_A	0.971840	0.990580	0.971840	0
5NXV_A	6D1L_A	0.991110	0.994940	0.991110	0
5NXV_A	6GOT_A	0.994840	0.994840	0.998700	0
5NXV_A	6H36_A	0.976860	0.980590	0.976860	0
5NXV_A	6HR3_A	0.993200	0.993200	0.997050	0
5NXV_A	6KM1_A	0.993780	0.993780	0.997640	0
5NXV_A	6OTI_A	0.993740	0.993740	0.997590	0
5NXV_A	6QNL_A	0.923180	0.923180	0.940710	0
5NXV_A	6R6Y_A	0.923010	0.933370	0.923010	0
5NXV_A	6RG4_A	0.998920	0.998920	0.998920	0
5NXV_A	6RQQ_A	0.902670	0.902670	0.909430	0
5NXV_A	6UGN_A	0.995090	0.995090	0.998960	0
5NXV_A	6Y74_A	0.901100	0.901100	0.901100	0
5NXV_A	6YJ3_A	0.991250	0.991250	0.991250	0
5NXV_A	7MU3_A	0.991890	0.995720	0.991890	0
5NXV_A	7NG1_A	0.841460	0.900210	0.841460	0
5O9Z_y	5SYB_A	0.846280	0.854790	0.846280	0
5O9Z_y	5ZD5_D	0.880500	0.880500	0.918010	0
5OOM_s	6GAW_Ba	0.657740	0.694950	0.657740	0
5OOM_s	6GAW_Bw	0.942850	0.985720	0.942850	0
5OQL_e	5TWJ_A	0.459560	0.459560	0.592090	0
5OQL_e	6RXX_CN	0.931190	0.978090	0.931190	0
5OQL_e	6RXY_CN	0.927890	0.974450	0.927890	0
5OQL_e	6RXZ_CN	0.923800	0.969970	0.923800	0
5SYB_A	5ZD5_D	0.824620	0.824620	0.866450	0
5SZ2_A	5SZ5_A	0.998490	0.998490	0.998490	0
5SZ2_A	5TFX_A	0.993890	0.997750	0.993890	0
5SZ2_A	5TH4_A	0.998950	0.998950	0.998950	0
5SZ2_A	5THJ_A	0.998540	0.998540	0.998540	0
5SZ2_A	5TT8_A	0.708340	0.708340	0.893050	0
5SZ2_A	5TV3_A	0.777170	0.777170	0.876640	0
5SZ2_A	5TY1_A	0.994060	0.997920	0.994060	0
5SZ2_A	5U0F_A	0.993760	0.997620	0.993760	0
5SZ2_A	5WLR_A	0.998780	0.998780	0.998780	0
5SZ2_A	5Y2R_A	0.997680	0.997680	0.997680	0
5SZ2_A	5Y2S_A	0.997470	0.997470	0.997470	0
5SZ2_A	5YUJ_A	0.998910	0.998910	0.998910	0
5SZ2_A	6B00_A	0.972340	0.994930	0.972340	0
5SZ2_A	6D1L_A	0.989860	0.997550	0.989860	0
5SZ2_A	6GOT_A	0.999020	0.999020	0.999020	0
5SZ2_A	6H36_A	0.977820	0.985340	0.977820	0
5SZ2_A	6HR3_A	0.996590	0.996590	0.996590	0
5SZ2_A	6KM1_A	0.997670	0.997670	0.997670	0
5SZ2_A	6OTI_A	0.997650	0.997650	0.997650	0
5SZ2_A	6QNL_A	0.928550	0.928550	0.942690	0
5SZ2_A	6R6Y_A	0.924880	0.938790	0.924880	0
5SZ2_A	6RG4_A	0.995390	0.999260	0.995390	0
5SZ2_A	6RQQ_A	0.905720	0.905720	0.909110	0
5SZ2_A	6UGN_A	0.998740	0.998740	0.998740	0
5SZ2_A	6Y74_A	0.900160	0.903520	0.900160	0
5SZ2_A	6YJ3_A	0.988860	0.992690	0.988860	0
5SZ2_A	7MU3_A	0.990020	0.997710	0.990020	0
5SZ2_A	7NG1_A	0.840360	0.902280	0.840360	0
5SZ5_A	5TFX_A	0.993660	0.997510	0.993660	0
5SZ5_A	5TH4_A	0.998270	0.998270	0.998270	0
5SZ5_A	5THJ_A	0.997470	0.997470	0.997470	0
5SZ5_A	5TT8_A	0.709100	0.709100	0.894290	0
5SZ5_A	5TV3_A	0.778640	0.778640	0.878490	0
5SZ5_A	5TY1_A	0.993540	0.997390	0.993540	0
5SZ5_A	5U0F_A	0.993210	0.997060	0.993210	0
5SZ5_A	5WLR_A	0.999360	0.999360	0.999360	0
5SZ5_A	5Y2R_A	0.997200	0.997200	0.997200	0
5SZ5_A	5Y2S_A	0.996940	0.996940	0.996940	0
5SZ5_A	5YUJ_A	0.998430	0.998430	0.998430	0
5SZ5_A	6B00_A	0.971490	0.994050	0.971490	0
5SZ5_A	6D1L_A	0.989150	0.996820	0.989150	0
5SZ5_A	6GOT_A	0.998530	0.998530	0.998530	0
5SZ5_A	6H36_A	0.977280	0.984790	0.977280	0
5SZ5_A	6HR3_A	0.996360	0.996360	0.996360	0
5SZ5_A	6KM1_A	0.997330	0.997330	0.997330	0
5SZ5_A	6OTI_A	0.998060	0.998060	0.998060	0
5SZ5_A	6QNL_A	0.927910	0.927910	0.942020	0
5SZ5_A	6R6Y_A	0.924170	0.938050	0.924170	0
5SZ5_A	6RG4_A	0.994740	0.998610	0.994740	0
5SZ5_A	6RQQ_A	0.907250	0.907250	0.910650	0
5SZ5_A	6UGN_A	0.998130	0.998130	0.998130	0
5SZ5_A	6Y74_A	0.901720	0.905090	0.901720	0
5SZ5_A	6YJ3_A	0.987780	0.991600	0.987780	0
5SZ5_A	7MU3_A	0.990940	0.998640	0.990940	0
5SZ5_A	7NG1_A	0.840580	0.902480	0.840580	0
5T8S_A	5UGH_A	0.916220	0.916220	0.962700	0
5T8S_A	7LOO_A	0.960480	0.960480	0.983000	0
5T8S_A	7OCK_B	0.943590	0.943590	0.953200	0
5TFX_A	5TH4_A	0.994450	0.994450	0.998310	0
5TFX_A	5THJ_A	0.993300	0.993300	0.997150	0
5TFX_A	5TT8_A	0.705420	0.705420	0.892670	0
5TFX_A	5TV3_A	0.774610	0.774610	0.877220	0
5TFX_A	5TY1_A	0.999640	0.999640	0.999640	0
5TFX_A	5U0F_A	0.999300	0.999300	0.999300	0
5TFX_A	5WLR_A	0.994280	0.994280	0.998150	0
5TFX_A	5Y2R_A	0.995100	0.995100	0.998960	0
5TFX_A	5Y2S_A	0.995040	0.995040	0.998910	0
5TFX_A	5YUJ_A	0.994400	0.994400	0.998270	0
5TFX_A	6B00_A	0.971290	0.990010	0.971290	0
5TFX_A	6D1L_A	0.995220	0.999070	0.995220	0
5TFX_A	6GOT_A	0.994710	0.994710	0.998570	0
5TFX_A	6H36_A	0.976440	0.980180	0.976440	0
5TFX_A	6HR3_A	0.995060	0.995060	0.998930	0
5TFX_A	6KM1_A	0.994400	0.994400	0.998260	0
5TFX_A	6OTI_A	0.993650	0.993650	0.997510	0
5TFX_A	6QNL_A	0.921240	0.921240	0.938700	0
5TFX_A	6R6Y_A	0.921300	0.931610	0.921300	0
5TFX_A	6RG4_A	0.996900	0.996900	0.996900	0
5TFX_A	6RQQ_A	0.900850	0.900850	0.907590	0
5TFX_A	6UGN_A	0.994570	0.994570	0.998430	0
5TFX_A	6Y74_A	0.900940	0.900940	0.900940	0
5TFX_A	6YJ3_A	0.992650	0.992650	0.992650	0
5TFX_A	7MU3_A	0.992910	0.996750	0.992910	0
5TFX_A	7NG1_A	0.838220	0.896350	0.838220	0
5TH4_A	5THJ_A	0.998350	0.998350	0.998350	0
5TH4_A	5TT8_A	0.707580	0.707580	0.892000	0
5TH4_A	5TV3_A	0.776620	0.776620	0.876170	0
5TH4_A	5TY1_A	0.994180	0.998040	0.994180	0
5TH4_A	5U0F_A	0.993740	0.997600	0.993740	0
5TH4_A	5WLR_A	0.998360	0.998360	0.998360	0
5TH4_A	5Y2R_A	0.998560	0.998560	0.998560	0
5TH4_A	5Y2S_A	0.998380	0.998380	0.998380	0
5TH4_A	5YUJ_A	0.999390	0.999390	0.999390	0
5TH4_A	6B00_A	0.972600	0.995210	0.972600	0
5TH4_A	6D1L_A	0.989830	0.997510	0.989830	0
5TH4_A	6GOT_A	0.999420	0.999420	0.999420	0
5TH4_A	6H36_A	0.977100	0.984610	0.977100	0
5TH4_A	6HR3_A	0.997200	0.997200	0.997200	0
5TH4_A	6KM1_A	0.998780	0.998780	0.998780	0
5TH4_A	6OTI_A	0.997540	0.997540	0.997540	0
5TH4_A	6QNL_A	0.927100	0.927100	0.941190	0
5TH4_A	6R6Y_A	0.923320	0.937190	0.923320	0
5TH4_A	6RG4_A	0.995610	0.999480	0.995610	0
5TH4_A	6RQQ_A	0.904910	0.904910	0.908300	0
5TH4_A	6UGN_A	0.999220	0.999220	0.999220	0
5TH4_A	6Y74_A	0.898790	0.902140	0.898790	0
5TH4_A	6YJ3_A	0.988860	0.992680	0.988860	0
5TH4_A	7MU3_A	0.990180	0.997870	0.990180	0
5TH4_A	7NG1_A	0.840340	0.902270	0.840340	0
5THJ_A	5TT8_A	0.709180	0.709180	0.894410	0
5THJ_A	5TV3_A	0.778100	0.778100	0.877820	0
5THJ_A	5TY1_A	0.993560	0.997420	0.993560	0
5THJ_A	5U0F_A	0.993090	0.996940	0.993090	0
5THJ_A	5WLR_A	0.997620	0.997620	0.997620	0
5THJ_A	5Y2R_A	0.997250	0.997250	0.997250	0
5THJ_A	5Y2S_A	0.996980	0.996980	0.996980	0
5THJ_A	5YUJ_A	0.998250	0.998250	0.998250	0
5THJ_A	6B00_A	0.971450	0.994010	0.971450	0
5THJ_A	6D1L_A	0.989230	0.996910	0.989230	0
5THJ_A	6GOT_A	0.998280	0.998280	0.998280	0
5THJ_A	6H36_A	0.976700	0.984200	0.976700	0
5THJ_A	6HR3_A	0.996340	0.996340	0.996340	0
5THJ_A	6KM1_A	0.997120	0.997120	0.997120	0
5THJ_A	6OTI_A	0.996860	0.996860	0.996860	0
5THJ_A	6QNL_A	0.929830	0.929830	0.944000	0
5THJ_A	6R6Y_A	0.926060	0.939990	0.926060	0
5THJ_A	6RG4_A	0.994530	0.998400	0.994530	0
5THJ_A	6RQQ_A	0.905420	0.905420	0.908810	0
5THJ_A	6UGN_A	0.998260	0.998260	0.998260	0
5THJ_A	6Y74_A	0.900210	0.903560	0.900210	0
5THJ_A	6YJ3_A	0.987770	0.991590	0.987770	0
5THJ_A	7MU3_A	0.989370	0.997050	0.989370	0
5THJ_A	7NG1_A	0.839920	0.901800	0.839920	0
5TT8_A	5TV3_A	0.874450	0.981370	0.874450	0
5TT8_A	5TY1_A	0.705540	0.892860	0.705540	0
5TT8_A	5U0F_A	0.705140	0.892230	0.705140	0
5TT8_A	5WLR_A	0.708190	0.892990	0.708190	0
5TT8_A	5Y2R_A	0.706850	0.890880	0.706850	0
5TT8_A	5Y2S_A	0.706460	0.890280	0.706460	0
5TT8_A	5YUJ_A	0.708310	0.893090	0.708310	0
5TT8_A	6B00_A	0.691740	0.890820	0.691740	0
5TT8_A	6D1L_A	0.702010	0.891460	0.702010	0
5TT8_A	6GOT_A	0.707700	0.892140	0.707700	0
5TT8_A	6H36_A	0.701030	0.889500	0.701030	0
5TT8_A	6HR3_A	0.706510	0.890560	0.706510	0
5TT8_A	6KM1_A	0.705460	0.888880	0.705460	0
5TT8_A	6OTI_A	0.708250	0.893210	0.708250	0
5TT8_A	6QNL_A	0.716070	0.888930	0.716070	0
5TT8_A	6R6Y_A	0.697700	0.892530	0.697700	0
5TT8_A	6RG4_A	0.704880	0.891830	0.704880	0
5TT8_A	6RQQ_A	0.701500	0.879630	0.701500	0
5TT8_A	6UGN_A	0.707790	0.892350	0.707790	0
5TT8_A	6Y74_A	0.696110	0.879380	0.696110	0
5TT8_A	6YJ3_A	0.703800	0.890040	0.703800	0
5TT8_A	7MU3_A	0.703650	0.893950	0.703650	0
5TT8_A	7NG1_A	0.646440	0.871030	0.646440	0
5TV3_A	5TY1_A	0.775570	0.878240	0.775570	0
5TV3_A	5U0F_A	0.774920	0.877220	0.774920	0
5TV3_A	5WLR_A	0.777360	0.876920	0.777360	0
5TV3_A	5Y2R_A	0.775260	0.874270	0.775260	0
5TV3_A	5Y2S_A	0.775160	0.874160	0.775160	0
5TV3_A	5YUJ_A	0.777390	0.876900	0.777390	0
5TV3_A	6B00_A	0.759440	0.875240	0.759440	0
5TV3_A	6D1L_A	0.771440	0.876580	0.771440	0
5TV3_A	6GOT_A	0.777030	0.876470	0.777030	0
5TV3_A	6H36_A	0.767120	0.870940	0.767120	0
5TV3_A	6HR3_A	0.776080	0.875170	0.776080	0
5TV3_A	6KM1_A	0.774470	0.873340	0.774470	0
5TV3_A	6OTI_A	0.778480	0.878350	0.778480	0
5TV3_A	6QNL_A	0.784000	0.870920	0.784000	0
5TV3_A	6R6Y_A	0.765550	0.876030	0.765550	0
5TV3_A	6RG4_A	0.773770	0.875930	0.773770	0
5TV3_A	6RQQ_A	0.764020	0.858140	0.764020	0
5TV3_A	6UGN_A	0.776910	0.876360	0.776910	0
5TV3_A	6Y74_A	0.760390	0.860410	0.760390	0
5TV3_A	6YJ3_A	0.770520	0.871810	0.770520	0
5TV3_A	7MU3_A	0.772500	0.877910	0.772500	0
5TV3_A	7NG1_A	0.706500	0.851910	0.706500	0
5TWJ_A	5WYR_A	0.481120	0.690650	0.481120	0
5TWJ_A	6AFK_A	0.487310	0.688170	0.487310	0
5TWJ_A	6QOE_A	0.520170	0.670540	0.520170	0
5TWJ_A	6QOW_A	0.522200	0.674020	0.522200	0
5TWJ_A	6QQQ_A	0.522380	0.669340	0.522380	0
5TWJ_A	6QQY_A	0.519190	0.677740	0.519190	0
5TWJ_A	6QRD_A	0.521120	0.669660	0.521120	0
5TWJ_A	6RXY_CN	0.436110	0.586920	0.436110	0
5TWJ_A	6RXZ_CN	0.435160	0.585070	0.435160	0
5TY1_A	5U0F_A	0.999580	0.999580	0.999580	0
5TY1_A	5WLR_A	0.994130	0.994130	0.997990	0
5TY1_A	5Y2R_A	0.994900	0.994900	0.998770	0
5TY1_A	5Y2S_A	0.994860	0.994860	0.998720	0
5TY1_A	5YUJ_A	0.994280	0.994280	0.998140	0
5TY1_A	6B00_A	0.971230	0.989950	0.971230	0
5TY1_A	6D1L_A	0.995530	0.999390	0.995530	0
5TY1_A	6GOT_A	0.994540	0.994540	0.998410	0
5TY1_A	6H36_A	0.976480	0.980210	0.976480	0
5TY1_A	6HR3_A	0.994980	0.994980	0.998850	0
5TY1_A	6KM1_A	0.994110	0.994110	0.997970	0
5TY1_A	6OTI_A	0.993530	0.993530	0.997380	0
5TY1_A	6QNL_A	0.922110	0.922110	0.939600	0
5TY1_A	6R6Y_A	0.922220	0.932550	0.922220	0
5TY1_A	6RG4_A	0.996780	0.996780	0.996780	0
5TY1_A	6RQQ_A	0.900710	0.900710	0.907450	0
5TY1_A	6UGN_A	0.994450	0.994450	0.998320	0
5TY1_A	6Y74_A	0.901350	0.901350	0.901350	0
5TY1_A	6YJ3_A	0.992580	0.992580	0.992580	0
5TY1_A	7MU3_A	0.992740	0.996580	0.992740	0
5TY1_A	7NG1_A	0.838530	0.896720	0.838530	0
5U0F_A	5WLR_A	0.993900	0.993900	0.997760	0
5U0F_A	5Y2R_A	0.994560	0.994560	0.998430	0
5U0F_A	5Y2S_A	0.994340	0.994340	0.998200	0
5U0F_A	5YUJ_A	0.993620	0.993620	0.997480	0
5U0F_A	6B00_A	0.970590	0.989280	0.970590	0
5U0F_A	6D1L_A	0.995780	0.999640	0.995780	0
5U0F_A	6GOT_A	0.994010	0.994010	0.997870	0
5U0F_A	6H36_A	0.976560	0.980290	0.976560	0
5U0F_A	6HR3_A	0.995210	0.995210	0.999080	0
5U0F_A	6KM1_A	0.993480	0.993480	0.997340	0
5U0F_A	6OTI_A	0.993210	0.993210	0.997060	0
5U0F_A	6QNL_A	0.921340	0.921340	0.938810	0
5U0F_A	6R6Y_A	0.921470	0.931790	0.921470	0
5U0F_A	6RG4_A	0.996210	0.996210	0.996210	0
5U0F_A	6RQQ_A	0.900660	0.900660	0.907390	0
5U0F_A	6UGN_A	0.994040	0.994040	0.997900	0
5U0F_A	6Y74_A	0.901340	0.901340	0.901340	0
5U0F_A	6YJ3_A	0.992220	0.992220	0.992220	0
5U0F_A	7MU3_A	0.992770	0.996610	0.992770	0
5U0F_A	7NG1_A	0.838430	0.896810	0.838430	0
5UGH_A	7LOO_A	0.927390	0.952120	0.927390	0
5UGH_A	7OCK_B	0.923100	0.960040	0.923100	0
5VIK_A	5VIQ_A	0.999770	0.999770	0.999770	0
5VIK_A	5VIV_A	0.933800	0.946060	0.933800	0
5VIK_A	6BAF_A	0.877190	0.896760	0.877190	0
5VIK_A	6BAK_A	0.877040	0.896610	0.877040	0
5VIK_A	6BAO_A	0.546840	0.905880	0.546840	0
5VIK_A	6BAP_A	0.540810	0.898340	0.540810	0
5VIK_A	6BAY_A	0.542370	0.902090	0.542370	0
5VIK_A	6FHT_A	0.383430	0.908440	0.383430	0
5VIK_A	6PTQ_A	0.557450	0.885280	0.557450	0
5VIK_A	6PTX_A	0.558290	0.884920	0.558290	0
5VIK_A	6PU2_A	0.557700	0.883610	0.557700	0
5VIQ_A	5VIV_A	0.934360	0.946620	0.934360	0
5VIQ_A	6BAF_A	0.877430	0.897000	0.877430	0
5VIQ_A	6BAK_A	0.877430	0.897010	0.877430	0
5VIQ_A	6BAO_A	0.546930	0.905770	0.546930	0
5VIQ_A	6BAP_A	0.541200	0.899180	0.541200	0
5VIQ_A	6BAY_A	0.542700	0.902780	0.542700	0
5VIQ_A	6FHT_A	0.383460	0.908440	0.383460	0
5VIQ_A	6PTQ_A	0.557310	0.884870	0.557310	0
5VIQ_A	6PTX_A	0.558180	0.884580	0.558180	0
5VIQ_A	6PU2_A	0.557580	0.883250	0.557580	0
5VIV_A	6BAF_A	0.883640	0.892050	0.883640	0
5VIV_A	6BAK_A	0.884750	0.893170	0.884750	0
5VIV_A	6BAO_A	0.548240	0.900780	0.548240	0
5VIV_A	6BAP_A	0.545110	0.897970	0.545110	0
5VIV_A	6BAY_A	0.545910	0.899780	0.545910	0
5VIV_A	6FHT_A	0.385070	0.912900	0.385070	0
5VIV_A	6PTQ_A	0.560190	0.881030	0.560190	0
5VIV_A	6PTX_A	0.561200	0.880870	0.561200	0
5VIV_A	6PU2_A	0.560580	0.879460	0.560580	0
5WLR_A	5Y2R_A	0.997690	0.997690	0.997690	0
5WLR_A	5Y2S_A	0.997410	0.997410	0.997410	0
5WLR_A	5YUJ_A	0.998350	0.998350	0.998350	0
5WLR_A	6B00_A	0.971290	0.993840	0.971290	0
5WLR_A	6D1L_A	0.989860	0.997540	0.989860	0
5WLR_A	6GOT_A	0.998600	0.998600	0.998600	0
5WLR_A	6H36_A	0.977760	0.985280	0.977760	0
5WLR_A	6HR3_A	0.997400	0.997400	0.997400	0
5WLR_A	6KM1_A	0.997710	0.997710	0.997710	0
5WLR_A	6OTI_A	0.998700	0.998700	0.998700	0
5WLR_A	6QNL_A	0.927440	0.927440	0.941550	0
5WLR_A	6R6Y_A	0.923840	0.937720	0.923840	0
5WLR_A	6RG4_A	0.995030	0.998890	0.995030	0
5WLR_A	6RQQ_A	0.906390	0.906390	0.909800	0
5WLR_A	6UGN_A	0.998490	0.998490	0.998490	0
5WLR_A	6Y74_A	0.900820	0.904180	0.900820	0
5WLR_A	6YJ3_A	0.989600	0.993430	0.989600	0
5WLR_A	7MU3_A	0.991220	0.998930	0.991220	0
5WLR_A	7NG1_A	0.840400	0.902300	0.840400	0
5WYR_A	6AFK_A	0.971340	0.971340	0.991760	0
5WYR_A	6JOF_A	0.784630	0.784630	0.913710	0
5WYR_A	6QOE_A	0.772850	0.772850	0.868870	0
5WYR_A	6QOW_A	0.777830	0.777830	0.875100	0
5WYR_A	6QQQ_A	0.765620	0.765620	0.868050	0
5WYR_A	6QQY_A	0.783870	0.783870	0.870740	0
5WYR_A	6QR2_A	0.777190	0.777190	0.874220	0
5WYR_A	6QRD_A	0.778040	0.778040	0.879460	0
5WYR_A	6QRE_A	0.763160	0.763160	0.864830	0
5Y2R_A	5Y2S_A	0.999720	0.999720	0.999720	0
5Y2R_A	5YUJ_A	0.998580	0.998580	0.998580	0
5Y2R_A	6B00_A	0.971510	0.994070	0.971510	0
5Y2R_A	6D1L_A	0.990740	0.998440	0.990740	0
5Y2R_A	6GOT_A	0.998730	0.998730	0.998730	0
5Y2R_A	6H36_A	0.976980	0.984490	0.976980	0
5Y2R_A	6HR3_A	0.998020	0.998020	0.998020	0
5Y2R_A	6KM1_A	0.998900	0.998900	0.998900	0
5Y2R_A	6OTI_A	0.997010	0.997010	0.997010	0
5Y2R_A	6QNL_A	0.925130	0.925130	0.939170	0
5Y2R_A	6R6Y_A	0.921400	0.935200	0.921400	0
5Y2R_A	6RG4_A	0.994970	0.998830	0.994970	0
5Y2R_A	6RQQ_A	0.902000	0.902000	0.905370	0
5Y2R_A	6UGN_A	0.998170	0.998170	0.998170	0
5Y2R_A	6Y74_A	0.896120	0.899450	0.896120	0
5Y2R_A	6YJ3_A	0.989970	0.993800	0.989970	0
5Y2R_A	7MU3_A	0.990020	0.997700	0.990020	0
5Y2R_A	7NG1_A	0.838400	0.900060	0.838400	0
5Y2S_A	5YUJ_A	0.998650	0.998650	0.998650	0
5Y2S_A	6B00_A	0.971390	0.993940	0.971390	0
5Y2S_A	6D1L_A	0.990700	0.998400	0.990700	0
5Y2S_A	6GOT_A	0.998660	0.998660	0.998660	0
5Y2S_A	6H36_A	0.976780	0.984280	0.976780	0
5Y2S_A	6HR3_A	0.997830	0.997830	0.997830	0
5Y2S_A	6KM1_A	0.999180	0.999180	0.999180	0
5Y2S_A	6OTI_A	0.996850	0.996850	0.996850	0
5Y2S_A	6QNL_A	0.925150	0.925150	0.939190	0
5Y2S_A	6R6Y_A	0.921530	0.935340	0.921530	0
5Y2S_A	6RG4_A	0.994830	0.998700	0.994830	0
5Y2S_A	6RQQ_A	0.902080	0.902080	0.905450	0
5Y2S_A	6UGN_A	0.997840	0.997840	0.997840	0
5Y2S_A	6Y74_A	0.896250	0.899580	0.896250	0
5Y2S_A	6YJ3_A	0.990070	0.993900	0.990070	0
5Y2S_A	7MU3_A	0.989810	0.997490	0.989810	0
5Y2S_A	7NG1_A	0.838280	0.899920	0.838280	0
5YUJ_A	6B00_A	0.972650	0.995260	0.972650	0
5YUJ_A	6D1L_A	0.989820	0.997510	0.989820	0
5YUJ_A	6GOT_A	0.999620	0.999620	0.999620	0
5YUJ_A	6H36_A	0.977710	0.985230	0.977710	0
5YUJ_A	6HR3_A	0.996840	0.996840	0.996840	0
5YUJ_A	6KM1_A	0.998830	0.998830	0.998830	0
5YUJ_A	6OTI_A	0.997650	0.997650	0.997650	0
5YUJ_A	6QNL_A	0.928020	0.928020	0.942140	0
5YUJ_A	6R6Y_A	0.924140	0.938030	0.924140	0
5YUJ_A	6RG4_A	0.995610	0.999490	0.995610	0
5YUJ_A	6RQQ_A	0.905300	0.905300	0.908700	0
5YUJ_A	6UGN_A	0.998840	0.998840	0.998840	0
5YUJ_A	6Y74_A	0.899370	0.902720	0.899370	0
5YUJ_A	6YJ3_A	0.988790	0.992610	0.988790	0
5YUJ_A	7MU3_A	0.990070	0.997760	0.990070	0
5YUJ_A	7NG1_A	0.840340	0.902250	0.840340	0
6AFK_A	6JOF_A	0.801720	0.801720	0.915500	0
6AFK_A	6QOE_A	0.787880	0.787880	0.868870	0
6AFK_A	6QOW_A	0.793110	0.793110	0.875190	0
6AFK_A	6QQQ_A	0.780510	0.780510	0.868040	0
6AFK_A	6QQY_A	0.796110	0.796110	0.867410	0
6AFK_A	6QR2_A	0.790290	0.790290	0.872040	0
6AFK_A	6QRD_A	0.793530	0.793530	0.879770	0
6AFK_A	6QRE_A	0.777780	0.777780	0.864640	0
6B00_A	6D1L_A	0.970120	0.970120	0.985010	0
6B00_A	6GOT_A	0.972480	0.972480	0.995080	0
6B00_A	6H36_A	0.963160	0.963160	0.977810	0
6B00_A	6HR3_A	0.969020	0.969020	0.991480	0
6B00_A	6KM1_A	0.971170	0.971170	0.993710	0
6B00_A	6OTI_A	0.970910	0.970910	0.993440	0
6B00_A	6QNL_A	0.904330	0.904330	0.938580	0
6B00_A	6R6Y_A	0.916960	0.916960	0.923720	0
6B00_A	6RG4_A	0.972410	0.972410	0.991170	0
6B00_A	6RQQ_A	0.897280	0.897280	0.920770	0
6B00_A	6UGN_A	0.973000	0.973000	0.995630	0
6B00_A	6Y74_A	0.890010	0.890010	0.906460	0
6B00_A	6YJ3_A	0.968870	0.968870	0.987500	0
6B00_A	7MU3_A	0.971350	0.971350	0.986270	0
6B00_A	7NG1_A	0.842420	0.884960	0.842420	0
6BAF_A	6BAK_A	0.997340	0.997340	0.997340	0
6BAF_A	6BAO_A	0.586590	0.965310	0.586590	0
6BAF_A	6BAP_A	0.586500	0.967960	0.586500	0
6BAF_A	6BAY_A	0.586750	0.968590	0.586750	0
6BAF_A	6FHT_A	0.383170	0.897040	0.383170	0
6BAF_A	6PTQ_A	0.559940	0.870050	0.559940	0
6BAF_A	6PTX_A	0.561240	0.870570	0.561240	0
6BAF_A	6PU2_A	0.560960	0.869900	0.560960	0
6BAK_A	6BAO_A	0.586910	0.965870	0.586910	0
6BAK_A	6BAP_A	0.587010	0.969210	0.587010	0
6BAK_A	6BAY_A	0.587050	0.969260	0.587050	0
6BAK_A	6FHT_A	0.383540	0.898430	0.383540	0
6BAK_A	6PTQ_A	0.560250	0.870610	0.560250	0
6BAK_A	6PTX_A	0.561640	0.871290	0.561640	0
6BAK_A	6PU2_A	0.561290	0.870490	0.561290	0
6BAO_A	6BAP_A	0.899720	0.903040	0.899720	0
6BAO_A	6BAY_A	0.895100	0.898380	0.895100	0
6BAO_A	6FHT_A	0.617110	0.880500	0.617110	0
6BAO_A	6PTQ_A	0.856990	0.856990	0.891580	0
6BAO_A	6PTX_A	0.849660	0.849660	0.885550	0
6BAO_A	6PU2_A	0.847800	0.847800	0.883550	0
6BAP_A	6BAY_A	0.996950	0.996950	0.996950	0
6BAP_A	6FHT_A	0.593870	0.834150	0.593870	0
6BAP_A	6PTQ_A	0.852650	0.852650	0.890270	0
6BAP_A	6PTX_A	0.850570	0.850570	0.889850	0
6BAP_A	6PU2_A	0.850500	0.850500	0.889760	0
6BAY_A	6FHT_A	0.590980	0.829090	0.590980	0
6BAY_A	6PTQ_A	0.854570	0.854570	0.892310	0
6BAY_A	6PTX_A	0.851040	0.851040	0.890300	0
6BAY_A	6PU2_A	0.851580	0.851580	0.890910	0
6D1L_A	6GOT_A	0.990160	0.990160	0.997850	0
6D1L_A	6H36_A	0.976500	0.976500	0.976500	0
6D1L_A	6HR3_A	0.991390	0.991390	0.999100	0
6D1L_A	6KM1_A	0.989940	0.989940	0.997630	0
6D1L_A	6OTI_A	0.989130	0.989130	0.996810	0
6D1L_A	6QNL_A	0.918060	0.918060	0.938950	0
6D1L_A	6R6Y_A	0.921590	0.928450	0.921590	0
6D1L_A	6RG4_A	0.992320	0.992320	0.996160	0
6D1L_A	6RQQ_A	0.897040	0.897040	0.907100	0
6D1L_A	6UGN_A	0.989830	0.989830	0.997520	0
6D1L_A	6Y74_A	0.902220	0.902220	0.905560	0
6D1L_A	6YJ3_A	0.988510	0.988510	0.992320	0
6D1L_A	7MU3_A	0.993830	0.993830	0.993830	0
6D1L_A	7NG1_A	0.837710	0.892720	0.837710	0
6EMU_A	7ONU_F	0.520380	0.806380	0.520380	0
6FHT_A	6PTQ_A	0.573490	0.573490	0.842850	0
6FHT_A	6PTX_A	0.569990	0.569990	0.838750	0
6FHT_A	6PU2_A	0.568970	0.568970	0.836870	0
6GAW_Ba	6GAW_Bw	0.680390	0.680390	0.689940	0
6GOT_A	6H36_A	0.977400	0.984910	0.977400	0
6GOT_A	6HR3_A	0.997220	0.997220	0.997220	0
6GOT_A	6KM1_A	0.998910	0.998910	0.998910	0
6GOT_A	6OTI_A	0.997980	0.997980	0.997980	0
6GOT_A	6QNL_A	0.927770	0.927770	0.941880	0
6GOT_A	6R6Y_A	0.923920	0.937800	0.923920	0
6GOT_A	6RG4_A	0.995840	0.999710	0.995840	0
6GOT_A	6RQQ_A	0.905280	0.905280	0.908670	0
6GOT_A	6UGN_A	0.999150	0.999150	0.999150	0
6GOT_A	6Y74_A	0.899080	0.902430	0.899080	0
6GOT_A	6YJ3_A	0.989060	0.992880	0.989060	0
6GOT_A	7MU3_A	0.990220	0.997910	0.990220	0
6GOT_A	7NG1_A	0.840260	0.902170	0.840260	0
6H36_A	6HR3_A	0.975580	0.975580	0.983070	0
6H36_A	6KM1_A	0.976530	0.976530	0.984030	0
6H36_A	6OTI_A	0.977190	0.977190	0.984700	0
6H36_A	6QNL_A	0.922930	0.922930	0.943930	0
6H36_A	6R6Y_A	0.927820	0.934720	0.927820	0
6H36_A	6RG4_A	0.978020	0.978020	0.981770	0
6H36_A	6RQQ_A	0.900180	0.900180	0.910250	0
6H36_A	6UGN_A	0.976230	0.976230	0.983720	0
6H36_A	6Y74_A	0.898890	0.898890	0.902210	0
6H36_A	6YJ3_A	0.975190	0.975190	0.978920	0
6H36_A	7MU3_A	0.976910	0.976910	0.976910	0
6H36_A	7NG1_A	0.838650	0.893690	0.838650	0
6HR3_A	6KM1_A	0.997070	0.997070	0.997070	0
6HR3_A	6OTI_A	0.996940	0.996940	0.996940	0
6HR3_A	6QNL_A	0.923920	0.923920	0.937920	0
6HR3_A	6R6Y_A	0.920300	0.934080	0.920300	0
6HR3_A	6RG4_A	0.993880	0.997740	0.993880	0
6HR3_A	6RQQ_A	0.902790	0.902790	0.906170	0
6HR3_A	6UGN_A	0.997400	0.997400	0.997400	0
6HR3_A	6Y74_A	0.897450	0.900790	0.897450	0
6HR3_A	6YJ3_A	0.990620	0.994460	0.990620	0
6HR3_A	7MU3_A	0.990150	0.997840	0.990150	0
6HR3_A	7NG1_A	0.837310	0.898850	0.837310	0
6JOF_A	6QOE_A	0.925780	0.956290	0.925780	0
6JOF_A	6QOW_A	0.927520	0.958190	0.927520	0
6JOF_A	6QQQ_A	0.935770	0.957860	0.935770	0
6JOF_A	6QQY_A	0.920190	0.963850	0.920190	0
6JOF_A	6QR2_A	0.932540	0.963490	0.932540	0
6JOF_A	6QRD_A	0.938080	0.964790	0.938080	0
6JOF_A	6QRE_A	0.931450	0.953420	0.931450	0
6KM1_A	6OTI_A	0.996970	0.996970	0.996970	0
6KM1_A	6QNL_A	0.925370	0.925370	0.939410	0
6KM1_A	6R6Y_A	0.921670	0.935490	0.921670	0
6KM1_A	6RG4_A	0.995080	0.998950	0.995080	0
6KM1_A	6RQQ_A	0.903170	0.903170	0.906540	0
6KM1_A	6UGN_A	0.998020	0.998020	0.998020	0
6KM1_A	6Y74_A	0.897360	0.900700	0.897360	0
6KM1_A	6YJ3_A	0.989300	0.993120	0.989300	0
6KM1_A	7MU3_A	0.989220	0.996900	0.989220	0
6KM1_A	7NG1_A	0.839420	0.901210	0.839420	0
6OTI_A	6QNL_A	0.927970	0.927970	0.942090	0
6OTI_A	6R6Y_A	0.924690	0.938590	0.924690	0
6OTI_A	6RG4_A	0.994190	0.998050	0.994190	0
6OTI_A	6RQQ_A	0.906960	0.906960	0.910360	0
6OTI_A	6UGN_A	0.998130	0.998130	0.998130	0
6OTI_A	6Y74_A	0.900530	0.903890	0.900530	0
6OTI_A	6YJ3_A	0.989060	0.992880	0.989060	0
6OTI_A	7MU3_A	0.990120	0.997810	0.990120	0
6OTI_A	7NG1_A	0.842110	0.904270	0.842110	0
6PTQ_A	6PTX_A	0.990580	0.990580	0.992630	0
6PTQ_A	6PU2_A	0.991140	0.991140	0.993180	0
6PTX_A	6PU2_A	0.999320	0.999320	0.999320	0
6QNL_A	6R6Y_A	0.968830	0.999450	0.968830	0
6QNL_A	6RG4_A	0.923440	0.940980	0.923440	0
6QNL_A	6RQQ_A	0.916350	0.926830	0.916350	0
6QNL_A	6UGN_A	0.926710	0.940780	0.926710	0
6QNL_A	6Y74_A	0.913820	0.931320	0.913820	0
6QNL_A	6YJ3_A	0.916930	0.934240	0.916930	0
6QNL_A	7MU3_A	0.919460	0.940410	0.919460	0
6QNL_A	7NG1_A	0.824610	0.898030	0.824610	0
6QOE_A	6QOW_A	0.995290	0.995290	0.995290	0
6QOE_A	6QQQ_A	0.985620	0.985620	0.994920	0
6QOE_A	6QQY_A	0.980170	0.993900	0.980170	0
6QOE_A	6QR2_A	0.989160	0.989160	0.989160	0
6QOE_A	6QRD_A	0.988760	0.988760	0.993400	0
6QOE_A	6QRE_A	0.981710	0.981710	0.990940	0
6QOW_A	6QQQ_A	0.984770	0.984770	0.994050	0
6QOW_A	6QQY_A	0.981000	0.994740	0.981000	0
6QOW_A	6QR2_A	0.990050	0.990050	0.990050	0
6QOW_A	6QRD_A	0.990060	0.990060	0.994710	0
6QOW_A	6QRE_A	0.978980	0.978980	0.988160	0
6QQQ_A	6QQY_A	0.973830	0.996840	0.973830	0
6QQQ_A	6QR2_A	0.987680	0.997010	0.987680	0
6QQQ_A	6QRD_A	0.990470	0.995150	0.990470	0
6QQQ_A	6QRE_A	0.995380	0.995380	0.995380	0
6QQY_A	6QR2_A	0.984680	0.984680	0.998530	0
6QQY_A	6QRD_A	0.979570	0.979570	0.998020	0
6QQY_A	6QRE_A	0.970420	0.970420	0.993270	0
6QR2_A	6QRD_A	0.994470	0.994470	0.999150	0
6QR2_A	6QRE_A	0.982820	0.982820	0.992070	0
6QRD_A	6QRE_A	0.985210	0.985210	0.989840	0
6R6Y_A	6RG4_A	0.923180	0.923180	0.933540	0
6R6Y_A	6RQQ_A	0.923760	0.923760	0.941230	0
6R6Y_A	6UGN_A	0.923150	0.923150	0.937010	0
6R6Y_A	6Y74_A	0.926720	0.926720	0.937190	0
6R6Y_A	6YJ3_A	0.916670	0.916670	0.926890	0
6R6Y_A	7MU3_A	0.922700	0.922700	0.929570	0
6R6Y_A	7NG1_A	0.840640	0.889140	0.840640	0
6RG4_A	6RQQ_A	0.901630	0.901630	0.908380	0
6RG4_A	6UGN_A	0.995400	0.995400	0.999270	0
6RG4_A	6Y74_A	0.900440	0.900440	0.900440	0
6RG4_A	6YJ3_A	0.992820	0.992820	0.992820	0
6RG4_A	7MU3_A	0.992030	0.995870	0.992030	0
6RG4_A	7NG1_A	0.840100	0.898670	0.840100	0
6RQQ_A	6UGN_A	0.905690	0.909080	0.905690	0
6RQQ_A	6Y74_A	0.977670	0.985240	0.977670	0
6RQQ_A	6YJ3_A	0.897080	0.903780	0.897080	0
6RQQ_A	7MU3_A	0.898360	0.908450	0.898360	0
6RQQ_A	7NG1_A	0.827540	0.891470	0.827540	0
6RXX_CN	6RXY_CN	0.994330	0.994330	0.994330	0
6RXX_CN	6RXZ_CN	0.991020	0.991020	0.991020	0
6RXY_CN	6RXZ_CN	0.990520	0.990520	0.990520	0
6UGN_A	6Y74_A	0.898940	0.902280	0.898940	0
6UGN_A	6YJ3_A	0.989400	0.993220	0.989400	0
6UGN_A	7MU3_A	0.990440	0.998140	0.990440	0
6UGN_A	7NG1_A	0.841710	0.903830	0.841710	0
6Y74_A	6YJ3_A	0.896610	0.896610	0.896610	0
6Y74_A	7MU3_A	0.899470	0.902800	0.899470	0
6Y74_A	7NG1_A	0.825850	0.883020	0.825850	0
6YJ3_A	7MU3_A	0.987960	0.991760	0.987960	0
6YJ3_A	7NG1_A	0.836340	0.894440	0.836340	0
7LOO_A	7OCK_B	0.955030	0.967440	0.955030	0
7MU3_A	7NG1_A	0.839730	0.894970	0.839730	0
