query	target	tm_min	tm_norm_input1	tm_norm_input2	returncode
1CNH_A	1CNB_A	0.990770	0.990770	0.998530	0
1CNH_A	2HFX_A	0.967790	0.975160	0.967790	0
1CNH_A	2HFY_A	0.972450	0.979890	0.972450	0
1CNH_A	3B1B_A	0.695120	0.827670	0.695120	0
1CNH_A	3IQK_A	0.998270	0.998270	0.998270	0
1CNH_A	4GGE_A	0.998020	0.998020	0.998020	0
1CNH_A	5CJL_A	0.999130	0.999130	0.999130	0
1CNH_A	6QN0_A	0.924640	0.924640	0.938670	0
1CNH_A	6QQM_A	0.840950	0.902960	0.840950	0
1CNH_A	6SBL_A	0.998400	0.998400	0.998400	0
1CNH_A	6YZN_A	0.997850	0.997850	0.997850	0
1CNH_A	6YZW_A	0.998700	0.998700	0.998700	0
1CNH_A	6ZR9_A	0.979810	0.983580	0.979810	0
1CNH_A	7JNR_A	0.998350	0.998350	0.998350	0
1CNH_A	7JNW_A	0.998320	0.998320	0.998320	0
1CNH_A	7NH6_AAA	0.995140	0.999010	0.995140	0
1CNH_A	7NH8_AAA	0.995170	0.999040	0.995170	0
1CNH_A	7PLF_AAA	0.968600	0.972290	0.968600	0
1CNH_A	7PRI_AAA	0.840320	0.902250	0.840320	0
1FQM_A	1CNB_A	0.989150	0.989150	0.993000	0
1FQM_A	2HFX_A	0.960670	0.971660	0.960670	0
1FQM_A	2HFY_A	0.962920	0.973960	0.962920	0
1FQM_A	3B1B_A	0.691140	0.825770	0.691140	0
1FQM_A	3IQK_A	0.988650	0.992480	0.988650	0
1FQM_A	4GGE_A	0.988250	0.992080	0.988250	0
1FQM_A	5CJL_A	0.989140	0.992970	0.989140	0
1FQM_A	6QN0_A	0.917110	0.917110	0.927490	0
1FQM_A	6QQM_A	0.836250	0.901130	0.836250	0
1FQM_A	6SBL_A	0.989850	0.993700	0.989850	0
1FQM_A	6YZN_A	0.990320	0.994170	0.990320	0
1FQM_A	6YZW_A	0.989480	0.993320	0.989480	0
1FQM_A	6ZR9_A	0.976910	0.984450	0.976910	0
1FQM_A	7JNR_A	0.989690	0.993530	0.989690	0
1FQM_A	7JNW_A	0.989660	0.993500	0.989660	0
1FQM_A	7NH6_AAA	0.984920	0.992560	0.984920	0
1FQM_A	7NH8_AAA	0.985220	0.992870	0.985220	0
1FQM_A	7PLF_AAA	0.954660	0.961900	0.954660	0
1FQM_A	7PRI_AAA	0.835110	0.899830	0.835110	0
1G0F_A	1CNB_A	0.986690	0.986690	0.998280	0
1G0F_A	2HFX_A	0.967970	0.971640	0.967970	0
1G0F_A	2HFY_A	0.972850	0.976550	0.972850	0
1G0F_A	3B1B_A	0.696260	0.825990	0.696260	0
1G0F_A	3IQK_A	0.993290	0.993290	0.997150	0
1G0F_A	4GGE_A	0.992180	0.992180	0.996020	0
1G0F_A	5CJL_A	0.993690	0.993690	0.997550	0
1G0F_A	6QN0_A	0.919170	0.919170	0.936580	0
1G0F_A	6QQM_A	0.840730	0.899400	0.840730	0
1G0F_A	6SBL_A	0.993390	0.993390	0.997240	0
1G0F_A	6YZN_A	0.992810	0.992810	0.996660	0
1G0F_A	6YZW_A	0.993400	0.993400	0.997250	0
1G0F_A	6ZR9_A	0.977730	0.977730	0.977730	0
1G0F_A	7JNR_A	0.992890	0.992890	0.996740	0
1G0F_A	7JNW_A	0.992700	0.992700	0.996550	0
1G0F_A	7NH6_AAA	0.997450	0.997450	0.997450	0
1G0F_A	7NH8_AAA	0.997370	0.997370	0.997370	0
1G0F_A	7PLF_AAA	0.967870	0.967870	0.967870	0
1G0F_A	7PRI_AAA	0.839670	0.898200	0.839670	0
1HVA_A	1CNB_A	0.994560	0.994560	0.994560	0
1HVA_A	2HFX_A	0.957340	0.972010	0.957340	0
1HVA_A	2HFY_A	0.960180	0.974930	0.960180	0
1HVA_A	3B1B_A	0.691220	0.829000	0.691220	0
1HVA_A	3IQK_A	0.984690	0.992360	0.984690	0
1HVA_A	4GGE_A	0.983670	0.991330	0.983670	0
1HVA_A	5CJL_A	0.985290	0.992970	0.985290	0
1HVA_A	6QN0_A	0.922720	0.922720	0.929710	0
1HVA_A	6QQM_A	0.835100	0.903320	0.835100	0
1HVA_A	6SBL_A	0.985040	0.992720	0.985040	0
1HVA_A	6YZN_A	0.985190	0.992870	0.985190	0
1HVA_A	6YZW_A	0.984930	0.992600	0.984930	0
1HVA_A	6ZR9_A	0.972900	0.984190	0.972900	0
1HVA_A	7JNR_A	0.984910	0.992580	0.984910	0
1HVA_A	7JNW_A	0.984770	0.992440	0.984770	0
1HVA_A	7NH6_AAA	0.981040	0.992500	0.981040	0
1HVA_A	7NH8_AAA	0.980990	0.992460	0.980990	0
1HVA_A	7PLF_AAA	0.958210	0.969190	0.958210	0
1HVA_A	7PRI_AAA	0.834190	0.902270	0.834190	0
1MXC_A	1FUG_A	0.966630	0.981810	0.966630	0
1MXC_A	4L7I_A	0.701600	0.734850	0.701600	0
1MXC_A	8AXZ_A	0.943670	0.948580	0.943670	0
1MXI_A	1GZ0_A	0.530820	0.766750	0.530820	0
1MXI_A	1J85_A	0.994870	0.994870	0.994870	0
1MXI_A	1NXZ_A	0.466720	0.676320	0.466720	0
1MXI_A	1V2X_A	0.674470	0.809270	0.674470	0
1MXI_A	1V6Z_A	0.508890	0.701110	0.508890	0
1MXI_A	1ZJR_A	0.639070	0.784370	0.639070	0
1MXI_A	2HA8_A	0.787410	0.800870	0.787410	0
1MXI_A	2O3A_A	0.653280	0.670620	0.653280	0
1MXI_A	2QMM_A	0.557190	0.671260	0.557190	0
1MXI_A	3DCM_X	0.643900	0.757250	0.643900	0
1MXI_A	3GYQ_A	0.495790	0.780950	0.495790	0
1MXI_A	3IC6_A	0.622780	0.796170	0.622780	0
1MXI_A	3ILK_A	0.539800	0.770360	0.539800	0
1MXI_A	3KTY_A	0.761450	0.791800	0.761450	0
1MXI_A	3L8U_A	0.857810	0.857810	0.868270	0
1MXI_A	4CNG_A	0.797080	0.797080	0.797080	0
1MXI_A	4J3C_A	0.496060	0.677560	0.496060	0
1MXI_A	4JWH_A	0.598480	0.690150	0.598480	0
1MXI_A	4L69_A	0.478440	0.698890	0.478440	0
1MXI_A	6EMV_A	0.641440	0.689900	0.641440	0
1MXI_A	6YXX_EF	0.437570	0.774070	0.437570	0
1O6D_A	1NS5_A	0.876110	0.887060	0.876110	0
1O6D_A	1UAK_A	0.468190	0.713470	0.468190	0
1O6D_A	2O3A_A	0.526530	0.567060	0.526530	0
1O6D_A	3ILK_A	0.448230	0.670870	0.448230	0
1O6D_A	3KTY_A	0.608900	0.664720	0.608900	0
1O6D_A	6QQW_A	0.524510	0.711410	0.524510	0
1O6D_A	6QQZ_A	0.524460	0.711320	0.524460	0
1O6D_A	6UEV_A	0.512160	0.712540	0.512160	0
1O90_A	1FUG_A	0.919670	0.956120	0.919670	0
1O90_A	4L7I_A	0.698940	0.747960	0.698940	0
1O90_A	8AXZ_A	0.931690	0.958730	0.931690	0
1QM4_A	1FUG_A	0.919690	0.956150	0.919690	0
1QM4_A	4L7I_A	0.698990	0.748030	0.698990	0
1QM4_A	8AXZ_A	0.931680	0.958720	0.931680	0
1RG9_A	1FUG_A	0.961900	0.961900	0.961900	0
1RG9_A	4L7I_A	0.718240	0.741760	0.718240	0
1RG9_A	8AXZ_A	0.962040	0.962040	0.972080	0
1TO0_A	1NS5_A	0.868400	0.909080	0.868400	0
1TO0_A	1UAK_A	0.442780	0.693860	0.442780	0
1TO0_A	2O3A_A	0.507390	0.560640	0.507390	0
1TO0_A	6UEV_A	0.483010	0.686720	0.483010	0
1UAL_A	1NS5_A	0.460330	0.460330	0.695900	0
1UAL_A	1UAK_A	0.998850	0.998850	0.998850	0
1UAL_A	6QQW_A	0.776080	0.776080	0.880610	0
1UAL_A	6QQZ_A	0.774840	0.774840	0.879050	0
1UAL_A	6UEV_A	0.822080	0.822080	0.907880	0
1UAM_A	1UAK_A	0.964270	0.964270	0.991850	0
1UAM_A	2O3A_A	0.375020	0.375020	0.551180	0
1UAM_A	6QQW_A	0.752670	0.752670	0.876350	0
1UAM_A	6QQZ_A	0.751440	0.751440	0.874720	0
1UAM_A	6UEV_A	0.818270	0.818270	0.928000	0
1UCH_A	1CMX_A	0.748000	0.774340	0.748000	0
1UCH_A	3A7S_A	0.816090	0.816090	0.823350	0
1UCH_A	3IHR_A	0.621710	0.807150	0.621710	0
1UCH_A	4IG7_A	0.712480	0.793030	0.712480	0
1URT_A	1CNB_A	0.899860	0.966800	0.899860	0
1URT_A	2HFX_A	0.885070	0.965010	0.885070	0
1URT_A	2HFY_A	0.888190	0.968670	0.888190	0
1URT_A	3B1B_A	0.641410	0.823860	0.641410	0
1URT_A	3IQK_A	0.897680	0.971930	0.897680	0
1URT_A	4GGE_A	0.896880	0.971020	0.896880	0
1URT_A	5CJL_A	0.896810	0.970930	0.896810	0
1URT_A	6QN0_A	0.869590	0.926020	0.869590	0
1URT_A	6QQM_A	0.769320	0.891310	0.769320	0
1URT_A	6SBL_A	0.896090	0.970100	0.896090	0
1URT_A	6YZN_A	0.895340	0.969240	0.895340	0
1URT_A	6YZW_A	0.896150	0.970160	0.896150	0
1URT_A	6ZR9_A	0.902120	0.980670	0.902120	0
1URT_A	7JNR_A	0.895730	0.969670	0.895730	0
1URT_A	7JNW_A	0.895870	0.969840	0.895870	0
1URT_A	7NH6_AAA	0.893800	0.971400	0.893800	0
1URT_A	7NH8_AAA	0.893650	0.971220	0.893650	0
1URT_A	7PLF_AAA	0.890900	0.967870	0.890900	0
1URT_A	7PRI_AAA	0.770080	0.892330	0.770080	0
1VHK_A	1J85_A	0.475490	0.475490	0.663760	0
1VHK_A	1NXZ_A	0.808460	0.842890	0.808460	0
1VHK_A	1V2X_A	0.534430	0.534430	0.627770	0
1VHK_A	1V6Z_A	0.640840	0.640840	0.654230	0
1VHK_A	1ZJR_A	0.524610	0.524610	0.599320	0
1VHK_A	2HA8_A	0.502300	0.502300	0.696540	0
1VHK_A	3DCM_X	0.495040	0.495040	0.588590	0
1VHK_A	3KTY_A	0.507500	0.507500	0.684360	0
1VHK_A	3L8U_A	0.484950	0.484950	0.690850	0
1VHK_A	4CNG_A	0.484130	0.484130	0.681080	0
1VHK_A	4J3C_A	0.778430	0.778430	0.790460	0
1VHK_A	4L69_A	0.775360	0.813990	0.775360	0
1X7P_A	1GZ0_A	0.658310	0.658310	0.727950	0
1X7P_A	1J85_A	0.505840	0.505840	0.819800	0
1X7P_A	1V2X_A	0.531130	0.531130	0.721520	0
1X7P_A	1V6Z_A	0.450350	0.450350	0.518510	0
1X7P_A	1ZJR_A	0.524970	0.524970	0.690160	0
1X7P_A	2HA8_A	0.526190	0.526190	0.844630	0
1X7P_A	2O3A_A	0.432750	0.432750	0.679440	0
1X7P_A	2QMM_A	0.443020	0.443020	0.580140	0
1X7P_A	3DCM_X	0.487050	0.487050	0.658960	0
1X7P_A	3GYQ_A	0.697630	0.697630	0.706470	0
1X7P_A	3IC6_A	0.508800	0.508800	0.646560	0
1X7P_A	3ILK_A	0.493480	0.493480	0.558040	0
1X7P_A	3KTY_A	0.503560	0.503560	0.789080	0
1X7P_A	3L8U_A	0.486260	0.486260	0.799180	0
1X7P_A	4CNG_A	0.497410	0.497410	0.814150	0
1X7P_A	4JWH_A	0.431550	0.431550	0.584830	0
1X7P_A	4L69_A	0.515100	0.515100	0.551490	0
1X7P_A	6YXX_EF	0.729400	0.805910	0.729400	0
1X7P_A	7AOI_XO	0.558960	0.800110	0.558960	0
1XD3_A	1CMX_A	0.802260	0.802260	0.854170	0
1XD3_A	3A7S_A	0.771840	0.771840	0.856710	0
1XD3_A	3IHR_A	0.648240	0.764620	0.648240	0
1XD3_A	4IG7_A	0.753920	0.760110	0.753920	0
1XRB_A	1FUG_A	0.944150	0.982080	0.944150	0
1XRB_A	4L7I_A	0.688200	0.736300	0.688200	0
1XRB_A	8AXZ_A	0.919790	0.946740	0.919790	0
1ZE8_A	1CNB_A	0.985100	0.985100	0.996660	0
1ZE8_A	2HFX_A	0.966660	0.970310	0.966660	0
1ZE8_A	2HFY_A	0.971040	0.974730	0.971040	0
1ZE8_A	3B1B_A	0.697990	0.828070	0.697990	0
1ZE8_A	3IQK_A	0.994020	0.994020	0.997880	0
1ZE8_A	4GGE_A	0.994180	0.994180	0.998040	0
1ZE8_A	5CJL_A	0.993560	0.993560	0.997420	0
1ZE8_A	6QN0_A	0.916890	0.916890	0.934210	0
1ZE8_A	6QQM_A	0.837970	0.896320	0.837970	0
1ZE8_A	6SBL_A	0.993670	0.993670	0.997520	0
1ZE8_A	6YZN_A	0.992970	0.992970	0.996820	0
1ZE8_A	6YZW_A	0.993820	0.993820	0.997680	0
1ZE8_A	6ZR9_A	0.978110	0.978110	0.978110	0
1ZE8_A	7JNR_A	0.993560	0.993560	0.997410	0
1ZE8_A	7JNW_A	0.993380	0.993380	0.997230	0
1ZE8_A	7NH6_AAA	0.997000	0.997000	0.997000	0
1ZE8_A	7NH8_AAA	0.997100	0.997100	0.997100	0
1ZE8_A	7PLF_AAA	0.968550	0.968550	0.968550	0
1ZE8_A	7PRI_AAA	0.837220	0.895470	0.837220	0
2AX2_A	1CNB_A	0.985980	0.985980	0.997550	0
2AX2_A	2HFX_A	0.967800	0.971470	0.967800	0
2AX2_A	2HFY_A	0.971810	0.975510	0.971810	0
2AX2_A	3B1B_A	0.695780	0.825430	0.695780	0
2AX2_A	3IQK_A	0.994720	0.994720	0.998580	0
2AX2_A	4GGE_A	0.994970	0.994970	0.998830	0
2AX2_A	5CJL_A	0.995540	0.995540	0.999410	0
2AX2_A	6QN0_A	0.920400	0.920400	0.937850	0
2AX2_A	6QQM_A	0.840530	0.899160	0.840530	0
2AX2_A	6SBL_A	0.995180	0.995180	0.999050	0
2AX2_A	6YZN_A	0.994450	0.994450	0.998310	0
2AX2_A	6YZW_A	0.995620	0.995620	0.999500	0
2AX2_A	6ZR9_A	0.979830	0.979830	0.979830	0
2AX2_A	7JNR_A	0.995640	0.995640	0.999510	0
2AX2_A	7JNW_A	0.995650	0.995650	0.999520	0
2AX2_A	7NH6_AAA	0.999230	0.999230	0.999230	0
2AX2_A	7NH8_AAA	0.998620	0.998620	0.998620	0
2AX2_A	7PLF_AAA	0.970070	0.970070	0.970070	0
2AX2_A	7PRI_AAA	0.839710	0.898240	0.839710	0
2CBE_A	1CNB_A	0.987280	0.987280	0.998880	0
2CBE_A	2HFX_A	0.969440	0.973120	0.969440	0
2CBE_A	2HFY_A	0.974220	0.977930	0.974220	0
2CBE_A	3B1B_A	0.696850	0.826580	0.696850	0
2CBE_A	3IQK_A	0.994320	0.994320	0.998180	0
2CBE_A	4GGE_A	0.993850	0.993850	0.997710	0
2CBE_A	5CJL_A	0.995190	0.995190	0.999060	0
2CBE_A	6QN0_A	0.921220	0.921220	0.938690	0
2CBE_A	6QQM_A	0.841040	0.899740	0.841040	0
2CBE_A	6SBL_A	0.994340	0.994340	0.998210	0
2CBE_A	6YZN_A	0.993910	0.993910	0.997770	0
2CBE_A	6YZW_A	0.994750	0.994750	0.998620	0
2CBE_A	6ZR9_A	0.979560	0.979560	0.979560	0
2CBE_A	7JNR_A	0.994270	0.994270	0.998130	0
2CBE_A	7JNW_A	0.994130	0.994130	0.997990	0
2CBE_A	7NH6_AAA	0.998740	0.998740	0.998740	0
2CBE_A	7NH8_AAA	0.998800	0.998800	0.998800	0
2CBE_A	7PLF_AAA	0.970350	0.970350	0.970350	0
2CBE_A	7PRI_AAA	0.840320	0.898940	0.840320	0
2EGW_A	1J85_A	0.498190	0.498190	0.695550	0
2EGW_A	1NXZ_A	0.792380	0.831790	0.792380	0
2EGW_A	1V2X_A	0.556620	0.556620	0.650510	0
2EGW_A	1V6Z_A	0.653420	0.653420	0.661510	0
2EGW_A	1ZJR_A	0.561400	0.561400	0.639110	0
2EGW_A	2HA8_A	0.516680	0.516680	0.709340	0
2EGW_A	2O3A_A	0.505540	0.505540	0.689900	0
2EGW_A	3DCM_X	0.527000	0.527000	0.624000	0
2EGW_A	3IC6_A	0.525030	0.525030	0.576990	0
2EGW_A	3KTY_A	0.517680	0.517680	0.692140	0
2EGW_A	3L8U_A	0.498210	0.498210	0.704590	0
2EGW_A	4CNG_A	0.504950	0.504950	0.704480	0
2EGW_A	4FMW_A	0.481480	0.481480	0.595050	0
2EGW_A	4J3C_A	0.813340	0.813340	0.819790	0
2EGW_A	4L69_A	0.831780	0.881810	0.831780	0
2ETL_A	1CMX_A	0.792020	0.792020	0.822250	0
2ETL_A	3A7S_A	0.809080	0.809080	0.877930	0
2ETL_A	3IHR_A	0.661070	0.799840	0.661070	0
2ETL_A	4IG7_A	0.757380	0.782790	0.757380	0
2EU2_A	1CNB_A	0.988550	0.988550	0.996280	0
2EU2_A	2HFX_A	0.965700	0.973050	0.965700	0
2EU2_A	2HFY_A	0.970750	0.978170	0.970750	0
2EU2_A	3B1B_A	0.694810	0.827140	0.694810	0
2EU2_A	3IQK_A	0.997260	0.997260	0.997260	0
2EU2_A	4GGE_A	0.998000	0.998000	0.998000	0
2EU2_A	5CJL_A	0.997420	0.997420	0.997420	0
2EU2_A	6QN0_A	0.920710	0.920710	0.934630	0
2EU2_A	6QQM_A	0.837940	0.899530	0.837940	0
2EU2_A	6SBL_A	0.996520	0.996520	0.996520	0
2EU2_A	6YZN_A	0.996250	0.996250	0.996250	0
2EU2_A	6YZW_A	0.996980	0.996980	0.996980	0
2EU2_A	6ZR9_A	0.977290	0.981050	0.977290	0
2EU2_A	7JNR_A	0.996110	0.996110	0.996110	0
2EU2_A	7JNW_A	0.995700	0.995700	0.995700	0
2EU2_A	7NH6_AAA	0.992910	0.996760	0.992910	0
2EU2_A	7NH8_AAA	0.994030	0.997890	0.994030	0
2EU2_A	7PLF_AAA	0.966490	0.970170	0.966490	0
2EU2_A	7PRI_AAA	0.837720	0.899280	0.837720	0
2EZ7_A	1CNB_A	0.985180	0.985180	0.996740	0
2EZ7_A	2HFX_A	0.966680	0.970340	0.966680	0
2EZ7_A	2HFY_A	0.971210	0.974900	0.971210	0
2EZ7_A	3B1B_A	0.697600	0.827520	0.697600	0
2EZ7_A	3IQK_A	0.993630	0.993630	0.997490	0
2EZ7_A	4GGE_A	0.993460	0.993460	0.997320	0
2EZ7_A	5CJL_A	0.993210	0.993210	0.997070	0
2EZ7_A	6QN0_A	0.916020	0.916020	0.933320	0
2EZ7_A	6QQM_A	0.838130	0.896470	0.838130	0
2EZ7_A	6SBL_A	0.993230	0.993230	0.997080	0
2EZ7_A	6YZN_A	0.992440	0.992440	0.996290	0
2EZ7_A	6YZW_A	0.993440	0.993440	0.997300	0
2EZ7_A	6ZR9_A	0.977630	0.977630	0.977630	0
2EZ7_A	7JNR_A	0.993160	0.993160	0.997020	0
2EZ7_A	7JNW_A	0.992920	0.992920	0.996780	0
2EZ7_A	7NH6_AAA	0.996940	0.996940	0.996940	0
2EZ7_A	7NH8_AAA	0.997290	0.997290	0.997290	0
2EZ7_A	7PLF_AAA	0.968330	0.968330	0.968330	0
2EZ7_A	7PRI_AAA	0.837150	0.895360	0.837150	0
2LEN_A	1CMX_A	0.693530	0.693530	0.739650	0
2LEN_A	3A7S_A	0.724790	0.724790	0.806560	0
2LEN_A	3IHR_A	0.628480	0.730710	0.628480	0
2LEN_A	4IG7_A	0.693400	0.693400	0.693400	0
2NNO_A	1CNB_A	0.981230	0.981230	0.996580	0
2NNO_A	2HFX_A	0.973110	0.973110	0.973110	0
2NNO_A	2HFY_A	0.977110	0.977110	0.977110	0
2NNO_A	3B1B_A	0.700970	0.828610	0.700970	0
2NNO_A	3IQK_A	0.990930	0.990930	0.998630	0
2NNO_A	4GGE_A	0.991570	0.991570	0.999290	0
2NNO_A	5CJL_A	0.990530	0.990530	0.998230	0
2NNO_A	6QN0_A	0.914890	0.914890	0.935670	0
2NNO_A	6QQM_A	0.838260	0.893340	0.838260	0
2NNO_A	6SBL_A	0.990750	0.990750	0.998450	0
2NNO_A	6YZN_A	0.989830	0.989830	0.997510	0
2NNO_A	6YZW_A	0.990860	0.990860	0.998560	0
2NNO_A	6ZR9_A	0.974790	0.974790	0.978530	0
2NNO_A	7JNR_A	0.990590	0.990590	0.998290	0
2NNO_A	7JNW_A	0.990520	0.990520	0.998220	0
2NNO_A	7NH6_AAA	0.992110	0.992110	0.995940	0
2NNO_A	7NH8_AAA	0.992330	0.992330	0.996170	0
2NNO_A	7PLF_AAA	0.965590	0.965590	0.969250	0
2NNO_A	7PRI_AAA	0.837710	0.892740	0.837710	0
2NXT_A	1CNB_A	0.985940	0.985940	0.997510	0
2NXT_A	2HFX_A	0.967460	0.971130	0.967460	0
2NXT_A	2HFY_A	0.972300	0.976000	0.972300	0
2NXT_A	3B1B_A	0.694930	0.824300	0.694930	0
2NXT_A	3IQK_A	0.994460	0.994460	0.998320	0
2NXT_A	4GGE_A	0.994880	0.994880	0.998740	0
2NXT_A	5CJL_A	0.995630	0.995630	0.999500	0
2NXT_A	6QN0_A	0.920780	0.920780	0.938240	0
2NXT_A	6QQM_A	0.839920	0.898480	0.839920	0
2NXT_A	6SBL_A	0.994780	0.994780	0.998640	0
2NXT_A	6YZN_A	0.993900	0.993900	0.997760	0
2NXT_A	6YZW_A	0.995220	0.995220	0.999090	0
2NXT_A	6ZR9_A	0.979920	0.979920	0.979920	0
2NXT_A	7JNR_A	0.995230	0.995230	0.999100	0
2NXT_A	7JNW_A	0.995270	0.995270	0.999140	0
2NXT_A	7NH6_AAA	0.999480	0.999480	0.999480	0
2NXT_A	7NH8_AAA	0.999310	0.999310	0.999310	0
2NXT_A	7PLF_AAA	0.971090	0.971090	0.971090	0
2NXT_A	7PRI_AAA	0.839370	0.897870	0.839370	0
2O9B_A	1ZTU_A	0.954610	0.954610	0.976050	0
2O9B_A	2VEA_A	0.545460	0.846340	0.545460	0
2O9B_A	4GW9_A	0.461310	0.874220	0.461310	0
2O9B_A	4WKK_A	0.569500	0.868950	0.569500	0
2O9B_A	6NDO_A	0.473490	0.869360	0.473490	0
2O9B_A	6TBY_AAA	0.848540	0.861310	0.848540	0
2O9B_A	8BOR_A	0.670230	0.968290	0.670230	0
2O9C_A	1ZTU_A	0.942950	0.942950	0.976240	0
2O9C_A	2VEA_A	0.551480	0.845020	0.551480	0
2O9C_A	4GW9_A	0.465460	0.871320	0.465460	0
2O9C_A	4WKK_A	0.575590	0.866740	0.575590	0
2O9C_A	6NDO_A	0.476140	0.863300	0.476140	0
2O9C_A	6TBY_AAA	0.857060	0.859600	0.857060	0
2O9C_A	8BOR_A	0.670300	0.956500	0.670300	0
2OBV_A	1FUG_A	0.937730	0.937730	0.940120	0
2OBV_A	4L7I_A	0.725010	0.747120	0.725010	0
2OBV_A	8AXZ_A	0.984600	0.984600	0.997560	0
2OOL_A	1ZTU_A	0.856190	0.866910	0.856190	0
2OOL_A	2VEA_A	0.563150	0.907950	0.563150	0
2OOL_A	4GW9_A	0.453000	0.890290	0.453000	0
2OOL_A	4WKK_A	0.572680	0.900500	0.572680	0
2OOL_A	6NDO_A	0.476240	0.905370	0.476240	0
2OOL_A	6TBY_AAA	0.870560	0.914350	0.870560	0
2OOL_A	8BOR_A	0.596020	0.881370	0.596020	0
2V3K_A	2QMM_A	0.665020	0.665020	0.717760	0
2V3K_A	2QWV_A	0.613250	0.613250	0.708220	0
2V3K_A	2V3J_A	0.982140	0.982140	0.986750	0
2V3K_A	3BBD_A	0.750200	0.750200	0.802780	0
2V3K_A	3O7B_A	0.792290	0.802630	0.792290	0
2VVB_X	1CNB_A	0.984470	0.984470	0.996010	0
2VVB_X	2HFX_A	0.967640	0.971300	0.967640	0
2VVB_X	2HFY_A	0.972850	0.976550	0.972850	0
2VVB_X	3B1B_A	0.697910	0.827950	0.697910	0
2VVB_X	3IQK_A	0.994010	0.994010	0.997870	0
2VVB_X	4GGE_A	0.994930	0.994930	0.998790	0
2VVB_X	5CJL_A	0.993260	0.993260	0.997110	0
2VVB_X	6QN0_A	0.916790	0.916790	0.934120	0
2VVB_X	6QQM_A	0.836870	0.895010	0.836870	0
2VVB_X	6SBL_A	0.993040	0.993040	0.996890	0
2VVB_X	6YZN_A	0.992240	0.992240	0.996080	0
2VVB_X	6YZW_A	0.993490	0.993490	0.997340	0
2VVB_X	6ZR9_A	0.977860	0.977860	0.977860	0
2VVB_X	7JNR_A	0.993190	0.993190	0.997040	0
2VVB_X	7JNW_A	0.992790	0.992790	0.996640	0
2VVB_X	7NH6_AAA	0.995040	0.995040	0.995040	0
2VVB_X	7NH8_AAA	0.995980	0.995980	0.995980	0
2VVB_X	7PLF_AAA	0.969960	0.969960	0.969960	0
2VVB_X	7PRI_AAA	0.836450	0.894550	0.836450	0
2W2J_A	1CNB_A	0.897220	0.897220	0.941670	0
2W2J_A	2HFX_A	0.894970	0.894970	0.924720	0
2W2J_A	2HFY_A	0.897280	0.897280	0.927160	0
2W2J_A	3B1B_A	0.706110	0.808220	0.706110	0
2W2J_A	3IQK_A	0.902990	0.902990	0.940510	0
2W2J_A	4GGE_A	0.901750	0.901750	0.939150	0
2W2J_A	5CJL_A	0.901500	0.901500	0.938910	0
2W2J_A	6QN0_A	0.882510	0.882510	0.932620	0
2W2J_A	6QQM_A	0.835140	0.861440	0.835140	0
2W2J_A	6SBL_A	0.901310	0.901310	0.938700	0
2W2J_A	6YZN_A	0.903450	0.903450	0.940980	0
2W2J_A	6YZW_A	0.901900	0.901900	0.939330	0
2W2J_A	6ZR9_A	0.903070	0.903070	0.937030	0
2W2J_A	7JNR_A	0.901470	0.901470	0.938870	0
2W2J_A	7JNW_A	0.901440	0.901440	0.938830	0
2W2J_A	7NH6_AAA	0.904680	0.904680	0.938670	0
2W2J_A	7NH8_AAA	0.904300	0.904300	0.938260	0
2W2J_A	7PLF_AAA	0.886730	0.886730	0.919490	0
2W2J_A	7PRI_AAA	0.834050	0.860290	0.834050	0
2WD3_A	1CNB_A	0.989670	0.989670	0.997410	0
2WD3_A	2HFX_A	0.966220	0.973570	0.966220	0
2WD3_A	2HFY_A	0.970080	0.977490	0.970080	0
2WD3_A	3B1B_A	0.696450	0.829390	0.696450	0
2WD3_A	3IQK_A	0.998480	0.998480	0.998480	0
2WD3_A	4GGE_A	0.998740	0.998740	0.998740	0
2WD3_A	5CJL_A	0.998460	0.998460	0.998460	0
2WD3_A	6QN0_A	0.921380	0.921380	0.935330	0
2WD3_A	6QQM_A	0.839060	0.900810	0.839060	0
2WD3_A	6SBL_A	0.998220	0.998220	0.998220	0
2WD3_A	6YZN_A	0.998460	0.998460	0.998460	0
2WD3_A	6YZW_A	0.998840	0.998840	0.998840	0
2WD3_A	6ZR9_A	0.979750	0.983520	0.979750	0
2WD3_A	7JNR_A	0.998710	0.998710	0.998710	0
2WD3_A	7JNW_A	0.998490	0.998490	0.998490	0
2WD3_A	7NH6_AAA	0.994650	0.998510	0.994650	0
2WD3_A	7NH8_AAA	0.994610	0.998470	0.994610	0
2WD3_A	7PLF_AAA	0.966120	0.969800	0.966120	0
2WD3_A	7PRI_AAA	0.838270	0.899930	0.838270	0
2WDT_A	1CMX_A	0.813720	0.849770	0.813720	0
2WDT_A	3A7S_A	0.817430	0.817430	0.817430	0
2WDT_A	3IHR_A	0.613670	0.805470	0.613670	0
2WDT_A	4IG7_A	0.750080	0.842950	0.750080	0
2WE6_A	1CMX_A	0.799560	0.820190	0.799560	0
2WE6_A	3A7S_A	0.805510	0.805510	0.819750	0
2WE6_A	3IHR_A	0.621420	0.800650	0.621420	0
2WE6_A	4IG7_A	0.746560	0.823060	0.746560	0
2YY8_A	1GZ0_A	0.488270	0.638310	0.488270	0
2YY8_A	1K3R_A	0.480280	0.685900	0.480280	0
2YY8_A	1NS5_A	0.531390	0.531390	0.603600	0
2YY8_A	1V2X_A	0.602960	0.654080	0.602960	0
2YY8_A	1V6Z_A	0.535330	0.674490	0.535330	0
2YY8_A	1ZJR_A	0.599850	0.669770	0.599850	0
2YY8_A	2HA8_A	0.664400	0.664400	0.719790	0
2YY8_A	2O3A_A	0.890810	0.890810	0.960570	0
2YY8_A	3DCM_X	0.639340	0.683750	0.639340	0
2YY8_A	3GYQ_A	0.458230	0.656770	0.458230	0
2YY8_A	3IC6_A	0.560760	0.644090	0.560760	0
2YY8_A	3ILK_A	0.490080	0.625400	0.490080	0
2YY8_A	3KTY_A	0.663720	0.663720	0.701860	0
2YY8_A	3L8U_A	0.647150	0.647150	0.718460	0
2YY8_A	4CNG_A	0.648410	0.648410	0.712950	0
2ZNC_A	1CNB_A	0.871900	0.943090	0.871900	0
2ZNC_A	2HFX_A	0.853400	0.936250	0.853400	0
2ZNC_A	2HFY_A	0.855040	0.938230	0.855040	0
2ZNC_A	3B1B_A	0.664200	0.860420	0.664200	0
2ZNC_A	3IQK_A	0.864990	0.942350	0.864990	0
2ZNC_A	4GGE_A	0.865830	0.943330	0.865830	0
2ZNC_A	5CJL_A	0.866790	0.944440	0.866790	0
2ZNC_A	6QN0_A	0.861360	0.924260	0.861360	0
2ZNC_A	6QQM_A	0.770190	0.899250	0.770190	0
2ZNC_A	6SBL_A	0.866670	0.944290	0.866670	0
2ZNC_A	6YZN_A	0.866570	0.944200	0.866570	0
2ZNC_A	6YZW_A	0.866950	0.944620	0.866950	0
2ZNC_A	6ZR9_A	0.861000	0.941400	0.861000	0
2ZNC_A	7JNR_A	0.866610	0.944200	0.866610	0
2ZNC_A	7JNW_A	0.866210	0.943740	0.866210	0
2ZNC_A	7NH6_AAA	0.863240	0.944060	0.863240	0
2ZNC_A	7NH8_AAA	0.863850	0.944780	0.863850	0
2ZNC_A	7PLF_AAA	0.844030	0.921800	0.844030	0
2ZNC_A	7PRI_AAA	0.769610	0.898560	0.769610	0
3AXZ_A	1UAK_A	0.970910	0.978940	0.970910	0
3AXZ_A	6QQW_A	0.782680	0.782680	0.881600	0
3AXZ_A	6QQZ_A	0.781030	0.781030	0.879310	0
3AXZ_A	6UEV_A	0.824750	0.824750	0.903740	0
3BET_A	1CNB_A	0.984200	0.984200	0.995730	0
3BET_A	2HFX_A	0.964290	0.967930	0.964290	0
3BET_A	2HFY_A	0.969120	0.972790	0.969120	0
3BET_A	3B1B_A	0.697090	0.827000	0.697090	0
3BET_A	3IQK_A	0.994320	0.994320	0.998190	0
3BET_A	4GGE_A	0.994720	0.994720	0.998580	0
3BET_A	5CJL_A	0.993540	0.993540	0.997390	0
3BET_A	6QN0_A	0.917770	0.917770	0.935120	0
3BET_A	6QQM_A	0.838230	0.896590	0.838230	0
3BET_A	6SBL_A	0.993260	0.993260	0.997120	0
3BET_A	6YZN_A	0.991990	0.991990	0.995830	0
3BET_A	6YZW_A	0.993620	0.993620	0.997480	0
3BET_A	6ZR9_A	0.977870	0.977870	0.977870	0
3BET_A	7JNR_A	0.993340	0.993340	0.997190	0
3BET_A	7JNW_A	0.993360	0.993360	0.997220	0
3BET_A	7NH6_AAA	0.997680	0.997680	0.997680	0
3BET_A	7NH8_AAA	0.997610	0.997610	0.997610	0
3BET_A	7PLF_AAA	0.968200	0.968200	0.968200	0
3BET_A	7PRI_AAA	0.837540	0.895830	0.837540	0
3C2W_A	1ZTU_A	0.574890	0.574890	0.874030	0
3C2W_A	2VEA_A	0.774060	0.806360	0.774060	0
3C2W_A	4GW9_A	0.695950	0.882420	0.695950	0
3C2W_A	4WKK_A	0.718620	0.731770	0.718620	0
3C2W_A	6NDO_A	0.668150	0.815730	0.668150	0
3C2W_A	6TBY_AAA	0.577820	0.577820	0.843190	0
3C2W_A	8BOR_A	0.741100	0.741100	0.771460	0
3CZV_A	1CNB_A	0.969590	0.969590	0.980810	0
3CZV_A	2HFX_A	0.967310	0.970970	0.967310	0
3CZV_A	2HFY_A	0.972400	0.976100	0.972400	0
3CZV_A	3B1B_A	0.697630	0.827930	0.697630	0
3CZV_A	3IQK_A	0.978070	0.978070	0.981820	0
3CZV_A	4GGE_A	0.978010	0.978010	0.981760	0
3CZV_A	5CJL_A	0.978160	0.978160	0.981910	0
3CZV_A	6QN0_A	0.927390	0.927390	0.944990	0
3CZV_A	6QQM_A	0.837280	0.895330	0.837280	0
3CZV_A	6SBL_A	0.977670	0.977670	0.981410	0
3CZV_A	6YZN_A	0.975300	0.975300	0.979030	0
3CZV_A	6YZW_A	0.977450	0.977450	0.981190	0
3CZV_A	6ZR9_A	0.977850	0.977850	0.977850	0
3CZV_A	7JNR_A	0.977280	0.977280	0.981020	0
3CZV_A	7JNW_A	0.977590	0.977590	0.981340	0
3CZV_A	7NH6_AAA	0.978370	0.978370	0.978370	0
3CZV_A	7NH8_AAA	0.978260	0.978260	0.978260	0
3CZV_A	7PLF_AAA	0.979300	0.979300	0.979300	0
3CZV_A	7PRI_AAA	0.837230	0.895280	0.837230	0
3E5Y_A	1GZ0_A	0.522870	0.751000	0.522870	0
3E5Y_A	1J85_A	0.923540	0.923540	0.923540	0
3E5Y_A	1NXZ_A	0.470470	0.679920	0.470470	0
3E5Y_A	1V2X_A	0.670280	0.802790	0.670280	0
3E5Y_A	1V6Z_A	0.508760	0.698640	0.508760	0
3E5Y_A	1ZJR_A	0.638680	0.783010	0.638680	0
3E5Y_A	2HA8_A	0.770850	0.783870	0.770850	0
3E5Y_A	3DCM_X	0.646660	0.759630	0.646660	0
3E5Y_A	3GYQ_A	0.492310	0.774570	0.492310	0
3E5Y_A	3IC6_A	0.611220	0.778530	0.611220	0
3E5Y_A	3ILK_A	0.535450	0.761890	0.535450	0
3E5Y_A	3KTY_A	0.741300	0.770470	0.741300	0
3E5Y_A	3L8U_A	0.843440	0.843440	0.853580	0
3E5Y_A	4CNG_A	0.783290	0.783290	0.783290	0
3E5Y_A	4J3C_A	0.502620	0.688220	0.502620	0
3E5Y_A	4L69_A	0.484240	0.705690	0.484240	0
3E5Y_A	6YXX_EF	0.430300	0.752540	0.430300	0
3F7B_A	1CNB_A	0.884480	0.930120	0.884480	0
3F7B_A	2HFX_A	0.871690	0.930080	0.871690	0
3F7B_A	2HFY_A	0.871230	0.929540	0.871230	0
3F7B_A	3B1B_A	0.679830	0.856580	0.679830	0
3F7B_A	3IQK_A	0.878540	0.930690	0.878540	0
3F7B_A	4GGE_A	0.879050	0.931250	0.879050	0
3F7B_A	5CJL_A	0.879820	0.932110	0.879820	0
3F7B_A	6QN0_A	0.867040	0.904470	0.867040	0
3F7B_A	6QQM_A	0.782260	0.888380	0.782260	0
3F7B_A	6SBL_A	0.880210	0.932550	0.880210	0
3F7B_A	6YZN_A	0.880440	0.932820	0.880440	0
3F7B_A	6YZW_A	0.880580	0.932960	0.880580	0
3F7B_A	6ZR9_A	0.872550	0.927700	0.872550	0
3F7B_A	7JNR_A	0.880840	0.933240	0.880840	0
3F7B_A	7JNW_A	0.880400	0.932760	0.880400	0
3F7B_A	7NH6_AAA	0.879670	0.935410	0.879670	0
3F7B_A	7NH8_AAA	0.879950	0.935730	0.879950	0
3F7B_A	7PLF_AAA	0.861780	0.915320	0.861780	0
3F7B_A	7PRI_AAA	0.781600	0.887480	0.781600	0
3G6O_A	1ZTU_A	0.598730	0.598730	0.871760	0
3G6O_A	2VEA_A	0.780110	0.847220	0.780110	0
3G6O_A	4GW9_A	0.650440	0.852980	0.650440	0
3G6O_A	4WKK_A	0.728710	0.772380	0.728710	0
3G6O_A	6NDO_A	0.667790	0.851280	0.667790	0
3G6O_A	6TBY_AAA	0.612490	0.612490	0.859980	0
3G6O_A	8BOR_A	0.755740	0.755740	0.755740	0
3GZ0_A	1CNB_A	0.990000	0.990000	0.997750	0
3GZ0_A	2HFX_A	0.966420	0.973780	0.966420	0
3GZ0_A	2HFY_A	0.971320	0.978740	0.971320	0
3GZ0_A	3B1B_A	0.695080	0.827560	0.695080	0
3GZ0_A	3IQK_A	0.998170	0.998170	0.998170	0
3GZ0_A	4GGE_A	0.997980	0.997980	0.997980	0
3GZ0_A	5CJL_A	0.998100	0.998100	0.998100	0
3GZ0_A	6QN0_A	0.920680	0.920680	0.934610	0
3GZ0_A	6QQM_A	0.838680	0.900380	0.838680	0
3GZ0_A	6SBL_A	0.997220	0.997220	0.997220	0
3GZ0_A	6YZN_A	0.997210	0.997210	0.997210	0
3GZ0_A	6YZW_A	0.997690	0.997690	0.997690	0
3GZ0_A	6ZR9_A	0.978840	0.982610	0.978840	0
3GZ0_A	7JNR_A	0.997170	0.997170	0.997170	0
3GZ0_A	7JNW_A	0.996820	0.996820	0.996820	0
3GZ0_A	7NH6_AAA	0.993780	0.997640	0.993780	0
3GZ0_A	7NH8_AAA	0.994340	0.998200	0.994340	0
3GZ0_A	7PLF_AAA	0.967390	0.971070	0.967390	0
3GZ0_A	7PRI_AAA	0.837890	0.899480	0.837890	0
3IBL_A	1CNB_A	0.984850	0.984850	0.996400	0
3IBL_A	2HFX_A	0.967120	0.970790	0.967120	0
3IBL_A	2HFY_A	0.970970	0.974660	0.970970	0
3IBL_A	3B1B_A	0.697660	0.827660	0.697660	0
3IBL_A	3IQK_A	0.994250	0.994250	0.998120	0
3IBL_A	4GGE_A	0.994700	0.994700	0.998560	0
3IBL_A	5CJL_A	0.993630	0.993630	0.997490	0
3IBL_A	6QN0_A	0.916920	0.916920	0.934260	0
3IBL_A	6QQM_A	0.837550	0.895830	0.837550	0
3IBL_A	6SBL_A	0.994140	0.994140	0.998000	0
3IBL_A	6YZN_A	0.993100	0.993100	0.996950	0
3IBL_A	6YZW_A	0.994120	0.994120	0.997990	0
3IBL_A	6ZR9_A	0.978250	0.978250	0.978250	0
3IBL_A	7JNR_A	0.994090	0.994090	0.997950	0
3IBL_A	7JNW_A	0.993890	0.993890	0.997750	0
3IBL_A	7NH6_AAA	0.997370	0.997370	0.997370	0
3IBL_A	7NH8_AAA	0.997630	0.997630	0.997630	0
3IBL_A	7PLF_AAA	0.968720	0.968720	0.968720	0
3IBL_A	7PRI_AAA	0.836670	0.894840	0.836670	0
3IBN_A	1CNB_A	0.984930	0.984930	0.996480	0
3IBN_A	2HFX_A	0.965750	0.969400	0.965750	0
3IBN_A	2HFY_A	0.970050	0.973740	0.970050	0
3IBN_A	3B1B_A	0.697570	0.827540	0.697570	0
3IBN_A	3IQK_A	0.993980	0.993980	0.997840	0
3IBN_A	4GGE_A	0.993870	0.993870	0.997730	0
3IBN_A	5CJL_A	0.993060	0.993060	0.996920	0
3IBN_A	6QN0_A	0.916650	0.916650	0.933970	0
3IBN_A	6QQM_A	0.838310	0.896690	0.838310	0
3IBN_A	6SBL_A	0.993530	0.993530	0.997390	0
3IBN_A	6YZN_A	0.992550	0.992550	0.996400	0
3IBN_A	6YZW_A	0.993540	0.993540	0.997400	0
3IBN_A	6ZR9_A	0.977510	0.977510	0.977510	0
3IBN_A	7JNR_A	0.993400	0.993400	0.997260	0
3IBN_A	7JNW_A	0.993220	0.993220	0.997080	0
3IBN_A	7NH6_AAA	0.997240	0.997240	0.997240	0
3IBN_A	7NH8_AAA	0.997250	0.997250	0.997250	0
3IBN_A	7PLF_AAA	0.967780	0.967780	0.967780	0
3IBN_A	7PRI_AAA	0.837260	0.895510	0.837260	0
3IBR_A	1ZTU_A	0.598180	0.598180	0.852070	0
3IBR_A	2VEA_A	0.761600	0.845660	0.761600	0
3IBR_A	4GW9_A	0.635500	0.850910	0.635500	0
3IBR_A	4WKK_A	0.711310	0.770290	0.711310	0
3IBR_A	6NDO_A	0.649980	0.846750	0.649980	0
3IBR_A	6TBY_AAA	0.607350	0.607350	0.832240	0
3IBR_A	8BOR_A	0.735360	0.751260	0.735360	0
3IBU_A	1CNB_A	0.984730	0.984730	0.996270	0
3IBU_A	2HFX_A	0.965520	0.969170	0.965520	0
3IBU_A	2HFY_A	0.969940	0.973620	0.969940	0
3IBU_A	3B1B_A	0.697770	0.827800	0.697770	0
3IBU_A	3IQK_A	0.994020	0.994020	0.997880	0
3IBU_A	4GGE_A	0.994200	0.994200	0.998060	0
3IBU_A	5CJL_A	0.993110	0.993110	0.996970	0
3IBU_A	6QN0_A	0.916690	0.916690	0.934010	0
3IBU_A	6QQM_A	0.838160	0.896510	0.838160	0
3IBU_A	6SBL_A	0.993680	0.993680	0.997530	0
3IBU_A	6YZN_A	0.992520	0.992520	0.996370	0
3IBU_A	6YZW_A	0.993640	0.993640	0.997490	0
3IBU_A	6ZR9_A	0.977210	0.977210	0.977210	0
3IBU_A	7JNR_A	0.993360	0.993360	0.997210	0
3IBU_A	7JNW_A	0.993110	0.993110	0.996970	0
3IBU_A	7NH6_AAA	0.997320	0.997320	0.997320	0
3IBU_A	7NH8_AAA	0.997380	0.997380	0.997380	0
3IBU_A	7PLF_AAA	0.967250	0.967250	0.967250	0
3IBU_A	7PRI_AAA	0.837250	0.895490	0.837250	0
3IFW_A	1CMX_A	0.796850	0.796850	0.827520	0
3IFW_A	3A7S_A	0.798500	0.798500	0.865780	0
3IFW_A	3IHR_A	0.657670	0.795130	0.657670	0
3IFW_A	4IG7_A	0.766850	0.792880	0.766850	0
3IRT_A	1CMX_A	0.792600	0.792600	0.822960	0
3IRT_A	3A7S_A	0.808390	0.808390	0.877110	0
3IRT_A	3IHR_A	0.660100	0.798570	0.660100	0
3IRT_A	4IG7_A	0.756960	0.782350	0.756960	0
3JXF_A	1CNB_A	0.869600	0.869600	0.911610	0
3JXF_A	2HFX_A	0.872130	0.872130	0.900620	0
3JXF_A	2HFY_A	0.874820	0.874820	0.903440	0
3JXF_A	3B1B_A	0.701670	0.803630	0.701670	0
3JXF_A	3IQK_A	0.872750	0.872750	0.908010	0
3JXF_A	4GGE_A	0.872450	0.872450	0.907710	0
3JXF_A	5CJL_A	0.873080	0.873080	0.908400	0
3JXF_A	6QN0_A	0.872150	0.872150	0.921260	0
3JXF_A	6QQM_A	0.839200	0.865560	0.839200	0
3JXF_A	6SBL_A	0.873120	0.873120	0.908430	0
3JXF_A	6YZN_A	0.873440	0.873440	0.908760	0
3JXF_A	6YZW_A	0.872510	0.872510	0.907780	0
3JXF_A	6ZR9_A	0.875300	0.875300	0.907450	0
3JXF_A	7JNR_A	0.871700	0.871700	0.906930	0
3JXF_A	7JNW_A	0.872360	0.872360	0.907610	0
3JXF_A	7NH6_AAA	0.874240	0.874240	0.906210	0
3JXF_A	7NH8_AAA	0.873770	0.873770	0.905720	0
3JXF_A	7PLF_AAA	0.864050	0.864050	0.895360	0
3JXF_A	7PRI_AAA	0.838730	0.865070	0.838730	0
3KKX_A	1CNB_A	0.986580	0.986580	0.998170	0
3KKX_A	2HFX_A	0.969050	0.972730	0.969050	0
3KKX_A	2HFY_A	0.973880	0.977590	0.973880	0
3KKX_A	3B1B_A	0.695320	0.824820	0.695320	0
3KKX_A	3IQK_A	0.994060	0.994060	0.997930	0
3KKX_A	4GGE_A	0.994150	0.994150	0.998010	0
3KKX_A	5CJL_A	0.995300	0.995300	0.999170	0
3KKX_A	6QN0_A	0.921730	0.921730	0.939250	0
3KKX_A	6QQM_A	0.840540	0.899170	0.840540	0
3KKX_A	6SBL_A	0.994320	0.994320	0.998180	0
3KKX_A	6YZN_A	0.993670	0.993670	0.997530	0
3KKX_A	6YZW_A	0.994780	0.994780	0.998640	0
3KKX_A	6ZR9_A	0.979500	0.979500	0.979500	0
3KKX_A	7JNR_A	0.994450	0.994450	0.998320	0
3KKX_A	7JNW_A	0.994350	0.994350	0.998210	0
3KKX_A	7NH6_AAA	0.998700	0.998700	0.998700	0
3KKX_A	7NH8_AAA	0.998660	0.998660	0.998660	0
3KKX_A	7PLF_AAA	0.971590	0.971590	0.971590	0
3KKX_A	7PRI_AAA	0.840160	0.898750	0.840160	0
3KNU_A	1NS5_A	0.557470	0.557470	0.687240	0
3KNU_A	1UAK_A	0.751760	0.941030	0.751760	0
3KNU_A	6QQW_A	0.793620	0.869030	0.793620	0
3KNU_A	6QQZ_A	0.793870	0.869260	0.793870	0
3KNU_A	6UEV_A	0.871630	0.993440	0.871630	0
3KON_A	1CNB_A	0.985710	0.985710	0.997280	0
3KON_A	2HFX_A	0.967660	0.971320	0.967660	0
3KON_A	2HFY_A	0.972170	0.975860	0.972170	0
3KON_A	3B1B_A	0.695930	0.825580	0.695930	0
3KON_A	3IQK_A	0.994270	0.994270	0.998130	0
3KON_A	4GGE_A	0.995230	0.995230	0.999100	0
3KON_A	5CJL_A	0.995600	0.995600	0.999470	0
3KON_A	6QN0_A	0.920520	0.920520	0.937970	0
3KON_A	6QQM_A	0.840400	0.899000	0.840400	0
3KON_A	6SBL_A	0.994950	0.994950	0.998820	0
3KON_A	6YZN_A	0.994600	0.994600	0.998460	0
3KON_A	6YZW_A	0.995640	0.995640	0.999510	0
3KON_A	6ZR9_A	0.980010	0.980010	0.980010	0
3KON_A	7JNR_A	0.995530	0.995530	0.999400	0
3KON_A	7JNW_A	0.995470	0.995470	0.999340	0
3KON_A	7NH6_AAA	0.998810	0.998810	0.998810	0
3KON_A	7NH8_AAA	0.998770	0.998770	0.998770	0
3KON_A	7PLF_AAA	0.970100	0.970100	0.970100	0
3KON_A	7PRI_AAA	0.839980	0.898540	0.839980	0
3KVF_A	1CMX_A	0.797000	0.797000	0.827700	0
3KVF_A	3A7S_A	0.799920	0.799920	0.867380	0
3KVF_A	3IHR_A	0.658500	0.796250	0.658500	0
3KVF_A	4IG7_A	0.766490	0.792490	0.766490	0
3KW5_A	1CMX_A	0.795570	0.795570	0.826160	0
3KW5_A	3A7S_A	0.800750	0.800750	0.868320	0
3KW5_A	3IHR_A	0.659550	0.797700	0.659550	0
3KW5_A	4IG7_A	0.766600	0.792610	0.766600	0
3L05_A	1JS1_X	0.869150	0.869150	0.887000	0
3L05_A	1YH1_A	0.989080	0.998030	0.989080	0
3L05_A	2YFK_A	0.749290	0.866690	0.749290	0
3L06_A	1JS1_X	0.869780	0.869780	0.887650	0
3L06_A	1YH1_A	0.989090	0.998040	0.989090	0
3L06_A	2YFK_A	0.748900	0.866190	0.748900	0
3M1Q_A	1CNB_A	0.989300	0.989300	0.997030	0
3M1Q_A	2HFX_A	0.966510	0.973870	0.966510	0
3M1Q_A	2HFY_A	0.970660	0.978080	0.970660	0
3M1Q_A	3B1B_A	0.695250	0.827860	0.695250	0
3M1Q_A	3IQK_A	0.999080	0.999080	0.999080	0
3M1Q_A	4GGE_A	0.999290	0.999290	0.999290	0
3M1Q_A	5CJL_A	0.998960	0.998960	0.998960	0
3M1Q_A	6QN0_A	0.923300	0.923300	0.937300	0
3M1Q_A	6QQM_A	0.839120	0.900880	0.839120	0
3M1Q_A	6SBL_A	0.998370	0.998370	0.998370	0
3M1Q_A	6YZN_A	0.997560	0.997560	0.997560	0
3M1Q_A	6YZW_A	0.998850	0.998850	0.998850	0
3M1Q_A	6ZR9_A	0.979530	0.983310	0.979530	0
3M1Q_A	7JNR_A	0.998710	0.998710	0.998710	0
3M1Q_A	7JNW_A	0.998740	0.998740	0.998740	0
3M1Q_A	7NH6_AAA	0.995080	0.998950	0.995080	0
3M1Q_A	7NH8_AAA	0.995060	0.998930	0.995060	0
3M1Q_A	7PLF_AAA	0.968570	0.972260	0.968570	0
3M1Q_A	7PRI_AAA	0.838480	0.900160	0.838480	0
3M4N_A	1JS1_X	0.868270	0.868270	0.888630	0
3M4N_A	1YH1_A	0.992280	0.998250	0.992280	0
3M4N_A	2YFK_A	0.752910	0.868540	0.752910	0
3M5D_A	1JS1_X	0.869040	0.869040	0.889430	0
3M5D_A	1YH1_A	0.991550	0.997510	0.991550	0
3M5D_A	2YFK_A	0.750110	0.864890	0.750110	0
3M67_A	1CNB_A	0.989580	0.989580	0.997320	0
3M67_A	2HFX_A	0.964240	0.971570	0.964240	0
3M67_A	2HFY_A	0.968910	0.976300	0.968910	0
3M67_A	3B1B_A	0.694250	0.826690	0.694250	0
3M67_A	3IQK_A	0.997860	0.997860	0.997860	0
3M67_A	4GGE_A	0.997180	0.997180	0.997180	0
3M67_A	5CJL_A	0.998460	0.998460	0.998460	0
3M67_A	6QN0_A	0.923250	0.923250	0.937220	0
3M67_A	6QQM_A	0.840440	0.902380	0.840440	0
3M67_A	6SBL_A	0.998000	0.998000	0.998000	0
3M67_A	6YZN_A	0.997490	0.997490	0.997490	0
3M67_A	6YZW_A	0.998380	0.998380	0.998380	0
3M67_A	6ZR9_A	0.978890	0.982660	0.978890	0
3M67_A	7JNR_A	0.998150	0.998150	0.998150	0
3M67_A	7JNW_A	0.998080	0.998080	0.998080	0
3M67_A	7NH6_AAA	0.994890	0.998750	0.994890	0
3M67_A	7NH8_AAA	0.994070	0.997930	0.994070	0
3M67_A	7PLF_AAA	0.967070	0.970760	0.967070	0
3M67_A	7PRI_AAA	0.839600	0.901420	0.839600	0
3M96_A	1CNB_A	0.989340	0.989340	0.997080	0
3M96_A	2HFX_A	0.965880	0.973220	0.965880	0
3M96_A	2HFY_A	0.969620	0.977020	0.969620	0
3M96_A	3B1B_A	0.694240	0.826700	0.694240	0
3M96_A	3IQK_A	0.998020	0.998020	0.998020	0
3M96_A	4GGE_A	0.997770	0.997770	0.997770	0
3M96_A	5CJL_A	0.998760	0.998760	0.998760	0
3M96_A	6QN0_A	0.923610	0.923610	0.937620	0
3M96_A	6QQM_A	0.841040	0.903070	0.841040	0
3M96_A	6SBL_A	0.998710	0.998710	0.998710	0
3M96_A	6YZN_A	0.997990	0.997990	0.997990	0
3M96_A	6YZW_A	0.999100	0.999100	0.999100	0
3M96_A	6ZR9_A	0.979580	0.983350	0.979580	0
3M96_A	7JNR_A	0.999120	0.999120	0.999120	0
3M96_A	7JNW_A	0.999180	0.999180	0.999180	0
3M96_A	7NH6_AAA	0.995360	0.999230	0.995360	0
3M96_A	7NH8_AAA	0.994420	0.998280	0.994420	0
3M96_A	7PLF_AAA	0.967250	0.970930	0.967250	0
3M96_A	7PRI_AAA	0.840150	0.902060	0.840150	0
3MHM_A	1CNB_A	0.990240	0.990240	0.997990	0
3MHM_A	2HFX_A	0.966910	0.974270	0.966910	0
3MHM_A	2HFY_A	0.971160	0.978580	0.971160	0
3MHM_A	3B1B_A	0.694320	0.826790	0.694320	0
3MHM_A	3IQK_A	0.998040	0.998040	0.998040	0
3MHM_A	4GGE_A	0.998090	0.998090	0.998090	0
3MHM_A	5CJL_A	0.999360	0.999360	0.999360	0
3MHM_A	6QN0_A	0.923560	0.923560	0.937560	0
3MHM_A	6QQM_A	0.840820	0.902790	0.840820	0
3MHM_A	6SBL_A	0.998680	0.998680	0.998680	0
3MHM_A	6YZN_A	0.998300	0.998300	0.998300	0
3MHM_A	6YZW_A	0.999270	0.999270	0.999270	0
3MHM_A	6ZR9_A	0.979670	0.983440	0.979670	0
3MHM_A	7JNR_A	0.999040	0.999040	0.999040	0
3MHM_A	7JNW_A	0.998910	0.998910	0.998910	0
3MHM_A	7NH6_AAA	0.995610	0.999480	0.995610	0
3MHM_A	7NH8_AAA	0.995130	0.999000	0.995130	0
3MHM_A	7PLF_AAA	0.968430	0.972120	0.968430	0
3MHM_A	7PRI_AAA	0.840130	0.902010	0.840130	0
3ML5_A	1CNB_A	0.959410	0.959410	0.985420	0
3ML5_A	2HFX_A	0.962460	0.962460	0.973350	0
3ML5_A	2HFY_A	0.965150	0.965150	0.976100	0
3ML5_A	3B1B_A	0.703530	0.822460	0.703530	0
3ML5_A	3IQK_A	0.965860	0.965860	0.984410	0
3ML5_A	4GGE_A	0.967380	0.967380	0.985990	0
3ML5_A	5CJL_A	0.967330	0.967330	0.985930	0
3ML5_A	6QN0_A	0.909730	0.909730	0.940710	0
3ML5_A	6QQM_A	0.838160	0.883400	0.838160	0
3ML5_A	6SBL_A	0.967160	0.967160	0.985760	0
3ML5_A	6YZN_A	0.967930	0.967930	0.986550	0
3ML5_A	6YZW_A	0.967400	0.967400	0.986010	0
3ML5_A	6ZR9_A	0.981410	0.981410	0.996570	0
3ML5_A	7JNR_A	0.967530	0.967530	0.986140	0
3ML5_A	7JNW_A	0.967460	0.967460	0.986070	0
3ML5_A	7NH6_AAA	0.968360	0.968360	0.983190	0
3ML5_A	7NH8_AAA	0.968750	0.968750	0.983580	0
3ML5_A	7PLF_AAA	0.958360	0.958360	0.972860	0
3ML5_A	7PRI_AAA	0.837860	0.883060	0.837860	0
3MNU_A	1CNB_A	0.988930	0.988930	0.996660	0
3MNU_A	2HFX_A	0.963710	0.971030	0.963710	0
3MNU_A	2HFY_A	0.968320	0.975700	0.968320	0
3MNU_A	3B1B_A	0.695820	0.828610	0.695820	0
3MNU_A	3IQK_A	0.998410	0.998410	0.998410	0
3MNU_A	4GGE_A	0.998060	0.998060	0.998060	0
3MNU_A	5CJL_A	0.997230	0.997230	0.997230	0
3MNU_A	6QN0_A	0.920540	0.920540	0.934460	0
3MNU_A	6QQM_A	0.838520	0.900210	0.838520	0
3MNU_A	6SBL_A	0.997670	0.997670	0.997670	0
3MNU_A	6YZN_A	0.996500	0.996500	0.996500	0
3MNU_A	6YZW_A	0.997630	0.997630	0.997630	0
3MNU_A	6ZR9_A	0.977960	0.981720	0.977960	0
3MNU_A	7JNR_A	0.997470	0.997470	0.997470	0
3MNU_A	7JNW_A	0.997310	0.997310	0.997310	0
3MNU_A	7NH6_AAA	0.993790	0.997640	0.993790	0
3MNU_A	7NH8_AAA	0.993770	0.997620	0.993770	0
3MNU_A	7PLF_AAA	0.965130	0.968800	0.965130	0
3MNU_A	7PRI_AAA	0.837580	0.899140	0.837580	0
3N4J_A	1GZ0_A	0.528790	0.741160	0.528790	0
3N4J_A	1J85_A	0.919730	0.919730	0.948230	0
3N4J_A	1NXZ_A	0.469140	0.660320	0.469140	0
3N4J_A	1V2X_A	0.673610	0.784580	0.673610	0
3N4J_A	1V6Z_A	0.509600	0.681740	0.509600	0
3N4J_A	1ZJR_A	0.642730	0.767330	0.642730	0
3N4J_A	2HA8_A	0.768110	0.768110	0.776600	0
3N4J_A	3DCM_X	0.649040	0.742150	0.649040	0
3N4J_A	3GYQ_A	0.499740	0.767810	0.499740	0
3N4J_A	3IC6_A	0.617490	0.765880	0.617490	0
3N4J_A	3ILK_A	0.538320	0.745250	0.538320	0
3N4J_A	3KTY_A	0.747860	0.756030	0.747860	0
3N4J_A	3L8U_A	0.836320	0.836320	0.871990	0
3N4J_A	4CNG_A	0.763710	0.763710	0.785600	0
3N4J_A	4J3C_A	0.499790	0.664650	0.499790	0
3N4J_A	4JWH_A	0.594010	0.666240	0.594010	0
3N4J_A	4L69_A	0.478260	0.676920	0.478260	0
3NHQ_A	1ZTU_A	0.573310	0.573310	0.873160	0
3NHQ_A	2VEA_A	0.775680	0.806510	0.775680	0
3NHQ_A	4GW9_A	0.697650	0.882860	0.697650	0
3NHQ_A	4WKK_A	0.720120	0.731990	0.720120	0
3NHQ_A	6NDO_A	0.669180	0.815140	0.669180	0
3NHQ_A	6TBY_AAA	0.577090	0.577090	0.844060	0
3NHQ_A	8BOR_A	0.739440	0.739440	0.771120	0
3NOP_C	1ZTU_A	0.578290	0.578290	0.890880	0
3NOP_C	2VEA_A	0.757550	0.781360	0.757550	0
3NOP_C	4GW9_A	0.705560	0.886100	0.705560	0
3NOP_C	4WKK_A	0.708560	0.714990	0.708560	0
3NOP_C	6NDO_A	0.668200	0.807310	0.668200	0
3NOP_C	6TBY_AAA	0.575610	0.575610	0.849590	0
3NOP_C	8BOR_A	0.739900	0.739900	0.777400	0
3NOT_C	1ZTU_A	0.578290	0.578290	0.890880	0
3NOT_C	2VEA_A	0.757560	0.781370	0.757560	0
3NOT_C	4GW9_A	0.705560	0.886100	0.705560	0
3NOT_C	4WKK_A	0.708580	0.715010	0.708580	0
3NOT_C	6NDO_A	0.668200	0.807320	0.668200	0
3NOT_C	6TBY_AAA	0.575610	0.575610	0.849600	0
3NOT_C	8BOR_A	0.739900	0.739900	0.777410	0
3NOU_C	1ZTU_A	0.578240	0.578240	0.890760	0
3NOU_C	2VEA_A	0.757540	0.781340	0.757540	0
3NOU_C	4GW9_A	0.705440	0.885920	0.705440	0
3NOU_C	4WKK_A	0.707720	0.714110	0.707720	0
3NOU_C	6NDO_A	0.668090	0.807160	0.668090	0
3NOU_C	6TBY_AAA	0.575420	0.575420	0.849220	0
3NOU_C	8BOR_A	0.739720	0.739720	0.777210	0
3OIN_A	2QMM_A	0.664130	0.664130	0.725310	0
3OIN_A	2QWV_A	0.612600	0.612600	0.715540	0
3OIN_A	2V3J_A	0.942900	0.942900	0.960510	0
3OIN_A	3BBD_A	0.748650	0.748650	0.811490	0
3OIN_A	3O7B_A	0.807010	0.807010	0.807010	0
3ONP_A	1GZ0_A	0.515540	0.751590	0.515540	0
3ONP_A	1J85_A	0.774080	0.782800	0.774080	0
3ONP_A	1V2X_A	0.652880	0.792430	0.652880	0
3ONP_A	1V6Z_A	0.504600	0.701550	0.504600	0
3ONP_A	1ZJR_A	0.614240	0.762180	0.614240	0
3ONP_A	2HA8_A	0.738540	0.759180	0.738540	0
3ONP_A	3DCM_X	0.658400	0.782310	0.658400	0
3ONP_A	3GYQ_A	0.481970	0.770900	0.481970	0
3ONP_A	3IC6_A	0.694940	0.911930	0.694940	0
3ONP_A	3ILK_A	0.592610	0.871770	0.592610	0
3ONP_A	3KTY_A	0.839230	0.885360	0.839230	0
3ONP_A	3L8U_A	0.747570	0.747570	0.747570	0
3ONP_A	4CNG_A	0.854790	0.864980	0.854790	0
3PO6_A	1CNB_A	0.985090	0.985090	0.996640	0
3PO6_A	2HFX_A	0.967210	0.970860	0.967210	0
3PO6_A	2HFY_A	0.971060	0.974750	0.971060	0
3PO6_A	3B1B_A	0.697920	0.828030	0.697920	0
3PO6_A	3IQK_A	0.994670	0.994670	0.998530	0
3PO6_A	4GGE_A	0.995200	0.995200	0.999070	0
3PO6_A	5CJL_A	0.994410	0.994410	0.998270	0
3PO6_A	6QN0_A	0.917610	0.917610	0.934970	0
3PO6_A	6QQM_A	0.838280	0.896660	0.838280	0
3PO6_A	6SBL_A	0.994220	0.994220	0.998080	0
3PO6_A	6YZN_A	0.993550	0.993550	0.997410	0
3PO6_A	6YZW_A	0.994700	0.994700	0.998570	0
3PO6_A	6ZR9_A	0.979080	0.979080	0.979080	0
3PO6_A	7JNR_A	0.994650	0.994650	0.998510	0
3PO6_A	7JNW_A	0.994450	0.994450	0.998310	0
3PO6_A	7NH6_AAA	0.998180	0.998180	0.998180	0
3PO6_A	7NH8_AAA	0.998130	0.998130	0.998130	0
3PO6_A	7PLF_AAA	0.969820	0.969820	0.969820	0
3PO6_A	7PRI_AAA	0.837510	0.895780	0.837510	0
3RII_A	1CMX_A	0.757100	0.773130	0.757100	0
3RII_A	3A7S_A	0.947770	0.947770	0.970700	0
3RII_A	3IHR_A	0.718410	0.936810	0.718410	0
3RII_A	4IG7_A	0.757870	0.833020	0.757870	0
3RIS_A	1CMX_A	0.733670	0.733670	0.773540	0
3RIS_A	3A7S_A	0.884210	0.884210	0.982300	0
3RIS_A	3IHR_A	0.733460	0.881900	0.733460	0
3RIS_A	4IG7_A	0.803560	0.816940	0.803560	0
3RYJ_B	1CNB_A	0.989870	0.989870	0.997620	0
3RYJ_B	2HFX_A	0.968270	0.975660	0.968270	0
3RYJ_B	2HFY_A	0.972010	0.979450	0.972010	0
3RYJ_B	3B1B_A	0.695190	0.827820	0.695190	0
3RYJ_B	3IQK_A	0.998320	0.998320	0.998320	0
3RYJ_B	4GGE_A	0.998660	0.998660	0.998660	0
3RYJ_B	5CJL_A	0.999400	0.999400	0.999400	0
3RYJ_B	6QN0_A	0.923560	0.923560	0.937560	0
3RYJ_B	6QQM_A	0.841120	0.903130	0.841120	0
3RYJ_B	6SBL_A	0.999270	0.999270	0.999270	0
3RYJ_B	6YZN_A	0.998660	0.998660	0.998660	0
3RYJ_B	6YZW_A	0.999610	0.999610	0.999610	0
3RYJ_B	6ZR9_A	0.979360	0.983130	0.979360	0
3RYJ_B	7JNR_A	0.999160	0.999160	0.999160	0
3RYJ_B	7JNW_A	0.999190	0.999190	0.999190	0
3RYJ_B	7NH6_AAA	0.995460	0.999330	0.995460	0
3RYJ_B	7NH8_AAA	0.995630	0.999500	0.995630	0
3RYJ_B	7PLF_AAA	0.968200	0.971890	0.968200	0
3RYJ_B	7PRI_AAA	0.840500	0.902440	0.840500	0
3RYX_B	1CNB_A	0.986080	0.986080	0.997660	0
3RYX_B	2HFX_A	0.969490	0.973160	0.969490	0
3RYX_B	2HFY_A	0.973300	0.977010	0.973300	0
3RYX_B	3B1B_A	0.696950	0.826810	0.696950	0
3RYX_B	3IQK_A	0.994340	0.994340	0.998210	0
3RYX_B	4GGE_A	0.994500	0.994500	0.998360	0
3RYX_B	5CJL_A	0.995480	0.995480	0.999350	0
3RYX_B	6QN0_A	0.920740	0.920740	0.938200	0
3RYX_B	6QQM_A	0.841360	0.900090	0.841360	0
3RYX_B	6SBL_A	0.995150	0.995150	0.999020	0
3RYX_B	6YZN_A	0.994570	0.994570	0.998440	0
3RYX_B	6YZW_A	0.995420	0.995420	0.999290	0
3RYX_B	6ZR9_A	0.980030	0.980030	0.980030	0
3RYX_B	7JNR_A	0.995060	0.995060	0.998930	0
3RYX_B	7JNW_A	0.995170	0.995170	0.999040	0
3RYX_B	7NH6_AAA	0.998700	0.998700	0.998700	0
3RYX_B	7NH8_AAA	0.998610	0.998610	0.998610	0
3RYX_B	7PLF_AAA	0.971050	0.971050	0.971050	0
3RYX_B	7PRI_AAA	0.840760	0.899430	0.840760	0
3RZ5_A	1CNB_A	0.985830	0.985830	0.997400	0
3RZ5_A	2HFX_A	0.970650	0.974330	0.970650	0
3RZ5_A	2HFY_A	0.974380	0.978090	0.974380	0
3RZ5_A	3B1B_A	0.697650	0.827630	0.697650	0
3RZ5_A	3IQK_A	0.994140	0.994140	0.998000	0
3RZ5_A	4GGE_A	0.995020	0.995020	0.998890	0
3RZ5_A	5CJL_A	0.995430	0.995430	0.999300	0
3RZ5_A	6QN0_A	0.919400	0.919400	0.936820	0
3RZ5_A	6QQM_A	0.840060	0.898630	0.840060	0
3RZ5_A	6SBL_A	0.995450	0.995450	0.999320	0
3RZ5_A	6YZN_A	0.994820	0.994820	0.998680	0
3RZ5_A	6YZW_A	0.995810	0.995810	0.999690	0
3RZ5_A	6ZR9_A	0.978900	0.978900	0.978900	0
3RZ5_A	7JNR_A	0.995400	0.995400	0.999270	0
3RZ5_A	7JNW_A	0.995330	0.995330	0.999200	0
3RZ5_A	7NH6_AAA	0.997110	0.997110	0.997110	0
3RZ5_A	7NH8_AAA	0.997390	0.997390	0.997390	0
3RZ5_A	7PLF_AAA	0.971200	0.971200	0.971200	0
3RZ5_A	7PRI_AAA	0.839420	0.897910	0.839420	0
3RZ7_A	1CNB_A	0.988970	0.988970	0.996710	0
3RZ7_A	2HFX_A	0.966370	0.973720	0.966370	0
3RZ7_A	2HFY_A	0.970450	0.977860	0.970450	0
3RZ7_A	3B1B_A	0.695760	0.828570	0.695760	0
3RZ7_A	3IQK_A	0.998230	0.998230	0.998230	0
3RZ7_A	4GGE_A	0.999260	0.999260	0.999260	0
3RZ7_A	5CJL_A	0.998490	0.998490	0.998490	0
3RZ7_A	6QN0_A	0.922110	0.922110	0.936090	0
3RZ7_A	6QQM_A	0.838910	0.900630	0.838910	0
3RZ7_A	6SBL_A	0.998490	0.998490	0.998490	0
3RZ7_A	6YZN_A	0.997790	0.997790	0.997790	0
3RZ7_A	6YZW_A	0.998900	0.998900	0.998900	0
3RZ7_A	6ZR9_A	0.978470	0.982230	0.978470	0
3RZ7_A	7JNR_A	0.998310	0.998310	0.998310	0
3RZ7_A	7JNW_A	0.998290	0.998290	0.998290	0
3RZ7_A	7NH6_AAA	0.994510	0.998380	0.994510	0
3RZ7_A	7NH8_AAA	0.994980	0.998840	0.994980	0
3RZ7_A	7PLF_AAA	0.966670	0.970360	0.966670	0
3RZ7_A	7PRI_AAA	0.838340	0.899980	0.838340	0
3S73_B	1CNB_A	0.989420	0.989420	0.997160	0
3S73_B	2HFX_A	0.969060	0.976460	0.969060	0
3S73_B	2HFY_A	0.972700	0.980150	0.972700	0
3S73_B	3B1B_A	0.695700	0.828510	0.695700	0
3S73_B	3IQK_A	0.997620	0.997620	0.997620	0
3S73_B	4GGE_A	0.997800	0.997800	0.997800	0
3S73_B	5CJL_A	0.998690	0.998690	0.998690	0
3S73_B	6QN0_A	0.925720	0.925720	0.939790	0
3S73_B	6QQM_A	0.840680	0.902670	0.840680	0
3S73_B	6SBL_A	0.998270	0.998270	0.998270	0
3S73_B	6YZN_A	0.997790	0.997790	0.997790	0
3S73_B	6YZW_A	0.998410	0.998410	0.998410	0
3S73_B	6ZR9_A	0.980380	0.984160	0.980380	0
3S73_B	7JNR_A	0.998210	0.998210	0.998210	0
3S73_B	7JNW_A	0.998390	0.998390	0.998390	0
3S73_B	7NH6_AAA	0.994650	0.998520	0.994650	0
3S73_B	7NH8_AAA	0.994650	0.998520	0.994650	0
3S73_B	7PLF_AAA	0.968750	0.972440	0.968750	0
3S73_B	7PRI_AAA	0.840330	0.902290	0.840330	0
3S76_A	1CNB_A	0.989290	0.989290	0.997030	0
3S76_A	2HFX_A	0.967670	0.975040	0.967670	0
3S76_A	2HFY_A	0.971360	0.978780	0.971360	0
3S76_A	3B1B_A	0.695480	0.828140	0.695480	0
3S76_A	3IQK_A	0.997430	0.997430	0.997430	0
3S76_A	4GGE_A	0.998590	0.998590	0.998590	0
3S76_A	5CJL_A	0.999230	0.999230	0.999230	0
3S76_A	6QN0_A	0.922870	0.922870	0.936860	0
3S76_A	6QQM_A	0.840190	0.902090	0.840190	0
3S76_A	6SBL_A	0.999090	0.999090	0.999090	0
3S76_A	6YZN_A	0.998610	0.998610	0.998610	0
3S76_A	6YZW_A	0.999530	0.999530	0.999530	0
3S76_A	6ZR9_A	0.979150	0.982920	0.979150	0
3S76_A	7JNR_A	0.999300	0.999300	0.999300	0
3S76_A	7JNW_A	0.999270	0.999270	0.999270	0
3S76_A	7NH6_AAA	0.995010	0.998880	0.995010	0
3S76_A	7NH8_AAA	0.995210	0.999080	0.995210	0
3S76_A	7PLF_AAA	0.968010	0.971700	0.968010	0
3S76_A	7PRI_AAA	0.839640	0.901480	0.839640	0
3S7N_A	1ZTU_A	0.957280	0.957280	0.972630	0
3S7N_A	2VEA_A	0.546660	0.852760	0.546660	0
3S7N_A	4GW9_A	0.462590	0.881670	0.462590	0
3S7N_A	4WKK_A	0.569650	0.873820	0.569650	0
3S7N_A	6NDO_A	0.475550	0.878520	0.475550	0
3S7N_A	6TBY_AAA	0.841250	0.859100	0.841250	0
3S7N_A	8BOR_A	0.666290	0.968810	0.666290	0
3S7O_A	1ZTU_A	0.958550	0.958550	0.980100	0
3S7O_A	2VEA_A	0.547200	0.848740	0.547200	0
3S7O_A	4GW9_A	0.462900	0.877370	0.462900	0
3S7O_A	4WKK_A	0.570630	0.869980	0.570630	0
3S7O_A	6NDO_A	0.476980	0.877600	0.476980	0
3S7O_A	6TBY_AAA	0.843370	0.856050	0.843370	0
3S7O_A	8BOR_A	0.670690	0.969220	0.670690	0
3S7P_A	1ZTU_A	0.960350	0.960350	0.981970	0
3S7P_A	2VEA_A	0.547560	0.849400	0.547560	0
3S7P_A	4GW9_A	0.463290	0.878510	0.463290	0
3S7P_A	4WKK_A	0.570860	0.870560	0.570860	0
3S7P_A	6NDO_A	0.477550	0.879230	0.477550	0
3S7P_A	6TBY_AAA	0.843470	0.856140	0.843470	0
3S7P_A	8BOR_A	0.671830	0.971410	0.671830	0
3S7Q_A	1ZTU_A	0.956720	0.956720	0.962830	0
3S7Q_A	2VEA_A	0.544340	0.857540	0.544340	0
3S7Q_A	4GW9_A	0.461310	0.890280	0.461310	0
3S7Q_A	4WKK_A	0.565210	0.875840	0.565210	0
3S7Q_A	6NDO_A	0.472640	0.883460	0.472640	0
3S7Q_A	6TBY_AAA	0.841720	0.867670	0.841720	0
3S7Q_A	8BOR_A	0.663290	0.972100	0.663290	0
3S82_A	1FUG_A	0.912330	0.936080	0.912330	0
3S82_A	4L7I_A	0.690970	0.730520	0.690970	0
3S82_A	8AXZ_A	0.890910	0.904650	0.890910	0
3SAX_A	1CNB_A	0.985110	0.985110	0.996660	0
3SAX_A	2HFX_A	0.966760	0.970420	0.966760	0
3SAX_A	2HFY_A	0.971410	0.975110	0.971410	0
3SAX_A	3B1B_A	0.696040	0.825630	0.696040	0
3SAX_A	3IQK_A	0.993270	0.993270	0.997120	0
3SAX_A	4GGE_A	0.993420	0.993420	0.997280	0
3SAX_A	5CJL_A	0.994480	0.994480	0.998340	0
3SAX_A	6QN0_A	0.918970	0.918970	0.936370	0
3SAX_A	6QQM_A	0.841310	0.900030	0.841310	0
3SAX_A	6SBL_A	0.994080	0.994080	0.997950	0
3SAX_A	6YZN_A	0.993450	0.993450	0.997310	0
3SAX_A	6YZW_A	0.994600	0.994600	0.998460	0
3SAX_A	6ZR9_A	0.978090	0.978090	0.978090	0
3SAX_A	7JNR_A	0.994250	0.994250	0.998110	0
3SAX_A	7JNW_A	0.994060	0.994060	0.997920	0
3SAX_A	7NH6_AAA	0.998480	0.998480	0.998480	0
3SAX_A	7NH8_AAA	0.997970	0.997970	0.997970	0
3SAX_A	7PLF_AAA	0.969480	0.969480	0.969480	0
3SAX_A	7PRI_AAA	0.840720	0.899360	0.840720	0
3TDE_A	1FUG_A	0.901670	0.934870	0.901670	0
3TDE_A	4L7I_A	0.686080	0.732390	0.686080	0
3TDE_A	8AXZ_A	0.884170	0.907150	0.884170	0
3V2J_A	1CNB_A	0.990630	0.990630	0.998390	0
3V2J_A	2HFX_A	0.967960	0.975340	0.967960	0
3V2J_A	2HFY_A	0.972970	0.980420	0.972970	0
3V2J_A	3B1B_A	0.694970	0.827480	0.694970	0
3V2J_A	3IQK_A	0.997990	0.997990	0.997990	0
3V2J_A	4GGE_A	0.998070	0.998070	0.998070	0
3V2J_A	5CJL_A	0.999240	0.999240	0.999240	0
3V2J_A	6QN0_A	0.924940	0.924940	0.938980	0
3V2J_A	6QQM_A	0.840730	0.902720	0.840730	0
3V2J_A	6SBL_A	0.998410	0.998410	0.998410	0
3V2J_A	6YZN_A	0.997770	0.997770	0.997770	0
3V2J_A	6YZW_A	0.998710	0.998710	0.998710	0
3V2J_A	6ZR9_A	0.979770	0.983550	0.979770	0
3V2J_A	7JNR_A	0.998350	0.998350	0.998350	0
3V2J_A	7JNW_A	0.998230	0.998230	0.998230	0
3V2J_A	7NH6_AAA	0.995140	0.999010	0.995140	0
3V2J_A	7NH8_AAA	0.995310	0.999180	0.995310	0
3V2J_A	7PLF_AAA	0.969430	0.973130	0.969430	0
3V2J_A	7PRI_AAA	0.840240	0.902150	0.840240	0
3V5S_A	3V5U_A	0.949400	0.975130	0.949400	0
3V5S_A	4K1C_A	0.572930	0.705830	0.572930	0
3V5S_A	4KPP_A	0.596270	0.777470	0.596270	0
3WJ8_A	3BJX_A	0.914080	0.928910	0.914080	0
3ZNC_A	1CNB_A	0.877810	0.945780	0.877810	0
3ZNC_A	2HFX_A	0.858390	0.938070	0.858390	0
3ZNC_A	2HFY_A	0.860950	0.941120	0.860950	0
3ZNC_A	3B1B_A	0.665020	0.857670	0.665020	0
3ZNC_A	3IQK_A	0.871510	0.945830	0.871510	0
3ZNC_A	4GGE_A	0.872040	0.946450	0.872040	0
3ZNC_A	5CJL_A	0.873030	0.947580	0.873030	0
3ZNC_A	6QN0_A	0.866500	0.925990	0.866500	0
3ZNC_A	6QQM_A	0.773900	0.900010	0.773900	0
3ZNC_A	6SBL_A	0.872800	0.947310	0.872800	0
3ZNC_A	6YZN_A	0.872560	0.947060	0.872560	0
3ZNC_A	6YZW_A	0.873100	0.947660	0.873100	0
3ZNC_A	6ZR9_A	0.866370	0.943590	0.866370	0
3ZNC_A	7JNR_A	0.872640	0.947120	0.872640	0
3ZNC_A	7JNW_A	0.872290	0.946700	0.872290	0
3ZNC_A	7NH6_AAA	0.869630	0.947430	0.869630	0
3ZNC_A	7NH8_AAA	0.870160	0.948050	0.870160	0
3ZNC_A	7PLF_AAA	0.850030	0.924850	0.850030	0
3ZNC_A	7PRI_AAA	0.773620	0.899680	0.773620	0
3ZQ5_A	1ZTU_A	0.529150	0.529150	0.865220	0
3ZQ5_A	2VEA_A	0.835980	0.835980	0.861510	0
3ZQ5_A	4GW9_A	0.663090	0.774500	0.663090	0
3ZQ5_A	4WKK_A	0.660370	0.660370	0.691860	0
3ZQ5_A	6NDO_A	0.707580	0.801770	0.707580	0
3ZQ5_A	6TBY_AAA	0.548260	0.548260	0.863670	0
3ZQ5_A	8BOR_A	0.666360	0.666360	0.740580	0
4CNE_B	1GZ0_A	0.545300	0.754970	0.545300	0
4CNE_B	1J85_A	0.764510	0.764510	0.799290	0
4CNE_B	1NXZ_A	0.485660	0.670500	0.485660	0
4CNE_B	1V2X_A	0.710700	0.816740	0.710700	0
4CNE_B	1V6Z_A	0.531310	0.700270	0.531310	0
4CNE_B	1ZJR_A	0.677230	0.797960	0.677230	0
4CNE_B	2HA8_A	0.787260	0.787260	0.809150	0
4CNE_B	2O3A_A	0.649350	0.649350	0.659580	0
4CNE_B	3DCM_X	0.675770	0.761730	0.675770	0
4CNE_B	3GYQ_A	0.500080	0.758560	0.500080	0
4CNE_B	3IC6_A	0.738710	0.913900	0.738710	0
4CNE_B	3ILK_A	0.639670	0.895210	0.639670	0
4CNE_B	3KTY_A	0.892790	0.892790	0.897990	0
4CNE_B	3L8U_A	0.729680	0.729680	0.770750	0
4CNE_B	4CNG_A	0.832400	0.832400	0.872450	0
4CNE_B	4J3C_A	0.493720	0.643640	0.493720	0
4CNE_B	6YXX_EF	0.453290	0.763380	0.453290	0
4CNE_B	7AOI_XO	0.329970	0.715360	0.329970	0
4CNF_B	1GZ0_A	0.531930	0.793780	0.531930	0
4CNF_B	1J85_A	0.790050	0.813480	0.790050	0
4CNF_B	1NXZ_A	0.460470	0.689460	0.460470	0
4CNF_B	1V2X_A	0.669510	0.830470	0.669510	0
4CNF_B	1V6Z_A	0.504530	0.714720	0.504530	0
4CNF_B	1ZJR_A	0.635700	0.808110	0.635700	0
4CNF_B	2HA8_A	0.778030	0.814860	0.778030	0
4CNF_B	2O3A_A	0.667890	0.705450	0.667890	0
4CNF_B	3DCM_X	0.666780	0.809640	0.666780	0
4CNF_B	3GYQ_A	0.493600	0.812770	0.493600	0
4CNF_B	3IC6_A	0.665430	0.885670	0.665430	0
4CNF_B	3ILK_A	0.587570	0.878700	0.587570	0
4CNF_B	3KTY_A	0.806640	0.865670	0.806640	0
4CNF_B	3L8U_A	0.771510	0.785090	0.771510	0
4CNF_B	4CNG_A	0.935040	0.965270	0.935040	0
4CNF_B	6YXX_EF	0.440670	0.810590	0.440670	0
4CNF_B	7AOI_XO	0.333100	0.790060	0.333100	0
4CQH_A	1ZTU_A	0.942760	0.948770	0.942760	0
4CQH_A	2VEA_A	0.536740	0.855260	0.536740	0
4CQH_A	4GW9_A	0.453040	0.882600	0.453040	0
4CQH_A	4WKK_A	0.559830	0.879040	0.559830	0
4CQH_A	6NDO_A	0.466230	0.882290	0.466230	0
4CQH_A	6TBY_AAA	0.827960	0.863650	0.827960	0
4CQH_A	8BOR_A	0.651890	0.964990	0.651890	0
4DM9_A	1CMX_A	0.789980	0.789980	0.820120	0
4DM9_A	3A7S_A	0.808510	0.808510	0.877150	0
4DM9_A	3IHR_A	0.660270	0.798760	0.660270	0
4DM9_A	4IG7_A	0.758410	0.783870	0.758410	0
4E04_A	1ZTU_A	0.874690	0.874690	0.874690	0
4E04_A	2VEA_A	0.550970	0.872340	0.550970	0
4E04_A	4GW9_A	0.454120	0.882270	0.454120	0
4E04_A	4WKK_A	0.573230	0.890720	0.573230	0
4E04_A	6NDO_A	0.477420	0.893730	0.477420	0
4E04_A	6TBY_AAA	0.849790	0.880600	0.849790	0
4E04_A	8BOR_A	0.608970	0.891130	0.608970	0
4E8B_A	1J85_A	0.476310	0.476310	0.688960	0
4E8B_A	1NXZ_A	0.935430	0.935430	0.935430	0
4E8B_A	1V2X_A	0.523840	0.523840	0.639700	0
4E8B_A	1V6Z_A	0.624210	0.624210	0.665240	0
4E8B_A	1ZJR_A	0.524870	0.524870	0.623450	0
4E8B_A	2HA8_A	0.490480	0.490480	0.701450	0
4E8B_A	2O3A_A	0.473380	0.473380	0.671080	0
4E8B_A	2QMM_A	0.488620	0.488620	0.587940	0
4E8B_A	3DCM_X	0.504810	0.504810	0.623910	0
4E8B_A	3L8U_A	0.474060	0.474060	0.694440	0
4E8B_A	4CNG_A	0.465500	0.465500	0.678820	0
4E8B_A	4FMW_A	0.453200	0.453200	0.584510	0
4E8B_A	4J3C_A	0.809450	0.809450	0.857820	0
4E8B_A	4L69_A	0.863090	0.869550	0.863090	0
4E8B_A	6EMV_A	0.450700	0.450700	0.598280	0
4FL7_A	1CNB_A	0.989050	0.989050	0.996790	0
4FL7_A	2HFX_A	0.964520	0.971850	0.964520	0
4FL7_A	2HFY_A	0.969170	0.976570	0.969170	0
4FL7_A	3B1B_A	0.696000	0.828930	0.696000	0
4FL7_A	3IQK_A	0.998550	0.998550	0.998550	0
4FL7_A	4GGE_A	0.998530	0.998530	0.998530	0
4FL7_A	5CJL_A	0.997660	0.997660	0.997660	0
4FL7_A	6QN0_A	0.921130	0.921130	0.935060	0
4FL7_A	6QQM_A	0.838180	0.899830	0.838180	0
4FL7_A	6SBL_A	0.998080	0.998080	0.998080	0
4FL7_A	6YZN_A	0.996560	0.996560	0.996560	0
4FL7_A	6YZW_A	0.997880	0.997880	0.997880	0
4FL7_A	6ZR9_A	0.977840	0.981600	0.977840	0
4FL7_A	7JNR_A	0.997630	0.997630	0.997630	0
4FL7_A	7JNW_A	0.997530	0.997530	0.997530	0
4FL7_A	7NH6_AAA	0.994020	0.997880	0.994020	0
4FL7_A	7NH8_AAA	0.994160	0.998020	0.994160	0
4FL7_A	7PLF_AAA	0.966120	0.969800	0.966120	0
4FL7_A	7PRI_AAA	0.837280	0.898820	0.837280	0
4HPV_A	1FUG_A	0.718310	0.718310	0.731720	0
4HPV_A	4L7I_A	0.970850	0.985640	0.970850	0
4HPV_A	8AXZ_A	0.714690	0.714690	0.735010	0
4I6N_A	1CMX_A	0.767520	0.767520	0.770780	0
4I6N_A	3A7S_A	0.833860	0.833860	0.875460	0
4I6N_A	3IHR_A	0.671490	0.843970	0.671490	0
4I6N_A	4IG7_A	0.815040	0.875010	0.815040	0
4IJG_A	1ZTU_A	0.958020	0.958020	0.967200	0
4IJG_A	2VEA_A	0.544880	0.854990	0.544880	0
4IJG_A	4GW9_A	0.462310	0.888950	0.462310	0
4IJG_A	4WKK_A	0.566050	0.873740	0.566050	0
4IJG_A	6NDO_A	0.474100	0.883170	0.474100	0
4IJG_A	6TBY_AAA	0.842840	0.866120	0.842840	0
4IJG_A	8BOR_A	0.664100	0.970640	0.664100	0
4ITP_A	1CNB_A	0.989250	0.989250	0.996980	0
4ITP_A	2HFX_A	0.965770	0.973110	0.965770	0
4ITP_A	2HFY_A	0.970130	0.977540	0.970130	0
4ITP_A	3B1B_A	0.693690	0.826010	0.693690	0
4ITP_A	3IQK_A	0.998590	0.998590	0.998590	0
4ITP_A	4GGE_A	0.998990	0.998990	0.998990	0
4ITP_A	5CJL_A	0.999290	0.999290	0.999290	0
4ITP_A	6QN0_A	0.924610	0.924610	0.938630	0
4ITP_A	6QQM_A	0.839020	0.900780	0.839020	0
4ITP_A	6SBL_A	0.998550	0.998550	0.998550	0
4ITP_A	6YZN_A	0.997900	0.997900	0.997900	0
4ITP_A	6YZW_A	0.998890	0.998890	0.998890	0
4ITP_A	6ZR9_A	0.980110	0.983880	0.980110	0
4ITP_A	7JNR_A	0.998850	0.998850	0.998850	0
4ITP_A	7JNW_A	0.999150	0.999150	0.999150	0
4ITP_A	7NH6_AAA	0.995320	0.999190	0.995320	0
4ITP_A	7NH8_AAA	0.995040	0.998910	0.995040	0
4ITP_A	7PLF_AAA	0.968610	0.972310	0.968610	0
4ITP_A	7PRI_AAA	0.838490	0.900170	0.838490	0
4JKJ_A	1CMX_A	0.787770	0.787770	0.817810	0
4JKJ_A	3A7S_A	0.807200	0.807200	0.875720	0
4JKJ_A	3IHR_A	0.659850	0.798390	0.659850	0
4JKJ_A	4IG7_A	0.756890	0.782260	0.756890	0
4JKJ_B	1CMX_A	0.785840	0.785840	0.815900	0
4JKJ_B	3A7S_A	0.800180	0.800180	0.867760	0
4JKJ_B	3IHR_A	0.654440	0.791310	0.654440	0
4JKJ_B	4IG7_A	0.754070	0.779270	0.754070	0
4KAP_A	1CNB_A	0.985220	0.985220	0.996780	0
4KAP_A	2HFX_A	0.968100	0.971770	0.968100	0
4KAP_A	2HFY_A	0.972370	0.976070	0.972370	0
4KAP_A	3B1B_A	0.696550	0.826180	0.696550	0
4KAP_A	3IQK_A	0.993340	0.993340	0.997200	0
4KAP_A	4GGE_A	0.994750	0.994750	0.998620	0
4KAP_A	5CJL_A	0.994850	0.994850	0.998720	0
4KAP_A	6QN0_A	0.918100	0.918100	0.935470	0
4KAP_A	6QQM_A	0.840120	0.898700	0.840120	0
4KAP_A	6SBL_A	0.994760	0.994760	0.998630	0
4KAP_A	6YZN_A	0.994030	0.994030	0.997900	0
4KAP_A	6YZW_A	0.995300	0.995300	0.999170	0
4KAP_A	6ZR9_A	0.978790	0.978790	0.978790	0
4KAP_A	7JNR_A	0.995250	0.995250	0.999120	0
4KAP_A	7JNW_A	0.994860	0.994860	0.998720	0
4KAP_A	7NH6_AAA	0.998040	0.998040	0.998040	0
4KAP_A	7NH8_AAA	0.998730	0.998730	0.998730	0
4KAP_A	7PLF_AAA	0.969510	0.969510	0.969510	0
4KAP_A	7PRI_AAA	0.839660	0.898180	0.839660	0
4KP8_A	1CNB_A	0.917070	0.917070	0.937900	0
4KP8_A	2HFX_A	0.923050	0.923050	0.929930	0
4KP8_A	2HFY_A	0.922650	0.922650	0.929510	0
4KP8_A	3B1B_A	0.695700	0.816120	0.695700	0
4KP8_A	3IQK_A	0.921630	0.921630	0.935450	0
4KP8_A	4GGE_A	0.921610	0.921610	0.935430	0
4KP8_A	5CJL_A	0.923510	0.923510	0.937390	0
4KP8_A	6QN0_A	0.959460	0.959460	0.989520	0
4KP8_A	6QQM_A	0.839350	0.887690	0.839350	0
4KP8_A	6SBL_A	0.922880	0.922880	0.936740	0
4KP8_A	6YZN_A	0.922910	0.922910	0.936770	0
4KP8_A	6YZW_A	0.922480	0.922480	0.936330	0
4KP8_A	6ZR9_A	0.927030	0.927030	0.937430	0
4KP8_A	7JNR_A	0.922230	0.922230	0.936080	0
4KP8_A	7JNW_A	0.922840	0.922840	0.936700	0
4KP8_A	7NH6_AAA	0.922990	0.922990	0.933340	0
4KP8_A	7NH8_AAA	0.922470	0.922470	0.932810	0
4KP8_A	7PLF_AAA	0.915700	0.915700	0.925900	0
4KP8_A	7PRI_AAA	0.839300	0.887630	0.839300	0
4KTT_C	1FUG_A	0.902900	0.959280	0.902900	0
4KTT_C	4L7I_A	0.678190	0.740180	0.678190	0
4KTT_C	8AXZ_A	0.922560	0.970430	0.922560	0
4KTT_D	1FUG_A	0.943690	0.950960	0.943690	0
4KTT_D	4L7I_A	0.727230	0.756520	0.727230	0
4KTT_D	8AXZ_A	0.984920	0.984920	0.987490	0
4MDG_A	1CNB_A	0.985160	0.985160	0.996710	0
4MDG_A	2HFX_A	0.967400	0.971060	0.967400	0
4MDG_A	2HFY_A	0.971410	0.975100	0.971410	0
4MDG_A	3B1B_A	0.697640	0.827660	0.697640	0
4MDG_A	3IQK_A	0.994690	0.994690	0.998550	0
4MDG_A	4GGE_A	0.995270	0.995270	0.999140	0
4MDG_A	5CJL_A	0.994260	0.994260	0.998120	0
4MDG_A	6QN0_A	0.918070	0.918070	0.935450	0
4MDG_A	6QQM_A	0.838180	0.896530	0.838180	0
4MDG_A	6SBL_A	0.994120	0.994120	0.997980	0
4MDG_A	6YZN_A	0.993820	0.993820	0.997680	0
4MDG_A	6YZW_A	0.994530	0.994530	0.998390	0
4MDG_A	6ZR9_A	0.979320	0.979320	0.979320	0
4MDG_A	7JNR_A	0.994160	0.994160	0.998020	0
4MDG_A	7JNW_A	0.994140	0.994140	0.998000	0
4MDG_A	7NH6_AAA	0.998100	0.998100	0.998100	0
4MDG_A	7NH8_AAA	0.998390	0.998390	0.998390	0
4MDG_A	7PLF_AAA	0.968840	0.968840	0.968840	0
4MDG_A	7PRI_AAA	0.837440	0.895700	0.837440	0
4MDM_A	1CNB_A	0.985170	0.985170	0.996720	0
4MDM_A	2HFX_A	0.967070	0.970730	0.967070	0
4MDM_A	2HFY_A	0.970820	0.974510	0.970820	0
4MDM_A	3B1B_A	0.697500	0.827490	0.697500	0
4MDM_A	3IQK_A	0.994750	0.994750	0.998610	0
4MDM_A	4GGE_A	0.995180	0.995180	0.999050	0
4MDM_A	5CJL_A	0.994280	0.994280	0.998140	0
4MDM_A	6QN0_A	0.918070	0.918070	0.935440	0
4MDM_A	6QQM_A	0.838400	0.896770	0.838400	0
4MDM_A	6SBL_A	0.994200	0.994200	0.998060	0
4MDM_A	6YZN_A	0.993880	0.993880	0.997740	0
4MDM_A	6YZW_A	0.994740	0.994740	0.998610	0
4MDM_A	6ZR9_A	0.979300	0.979300	0.979300	0
4MDM_A	7JNR_A	0.994530	0.994530	0.998390	0
4MDM_A	7JNW_A	0.994450	0.994450	0.998310	0
4MDM_A	7NH6_AAA	0.998330	0.998330	0.998330	0
4MDM_A	7NH8_AAA	0.998330	0.998330	0.998330	0
4MDM_A	7PLF_AAA	0.969080	0.969080	0.969080	0
4MDM_A	7PRI_AAA	0.837530	0.895800	0.837530	0
4N2X_A	3BJX_A	0.916060	0.930940	0.916060	0
4NDN_A	1FUG_A	0.908080	0.959570	0.908080	0
4NDN_A	4L7I_A	0.681630	0.740190	0.681630	0
4NDN_A	8AXZ_A	0.926070	0.968780	0.926070	0
4NDN_D	1FUG_A	0.944490	0.946900	0.944490	0
4NDN_D	4L7I_A	0.726950	0.752690	0.726950	0
4NDN_D	8AXZ_A	0.982500	0.982500	0.990210	0
4O01_A	1ZTU_A	0.629290	0.629290	0.982430	0
4O01_A	2VEA_A	0.716250	0.738010	0.716250	0
4O01_A	4GW9_A	0.694060	0.867600	0.694060	0
4O01_A	4WKK_A	0.667920	0.674260	0.667920	0
4O01_A	6NDO_A	0.656520	0.788190	0.656520	0
4O01_A	6TBY_AAA	0.559490	0.559490	0.827670	0
4O01_A	8BOR_A	0.721340	0.721340	0.756090	0
4O01_B	1ZTU_A	0.625420	0.625420	0.982410	0
4O01_B	2VEA_A	0.721900	0.739850	0.721900	0
4O01_B	4GW9_A	0.698300	0.867860	0.698300	0
4O01_B	4WKK_A	0.679240	0.681760	0.679240	0
4O01_B	6NDO_A	0.659930	0.787480	0.659930	0
4O01_B	6TBY_AAA	0.561210	0.561210	0.834790	0
4O01_B	8BOR_A	0.717640	0.717640	0.756180	0
4O01_C	1ZTU_A	0.629270	0.629270	0.982400	0
4O01_C	2VEA_A	0.716390	0.738140	0.716390	0
4O01_C	4GW9_A	0.694130	0.867710	0.694130	0
4O01_C	4WKK_A	0.669800	0.676090	0.669800	0
4O01_C	6NDO_A	0.656620	0.788330	0.656620	0
4O01_C	6TBY_AAA	0.559450	0.559450	0.827580	0
4O01_C	8BOR_A	0.721630	0.721630	0.756390	0
4O01_D	1ZTU_A	0.630570	0.630570	0.982400	0
4O01_D	2VEA_A	0.715410	0.738460	0.715410	0
4O01_D	4GW9_A	0.692730	0.867640	0.692730	0
4O01_D	4WKK_A	0.669960	0.677440	0.669960	0
4O01_D	6NDO_A	0.656610	0.789760	0.656610	0
4O01_D	6TBY_AAA	0.560560	0.560560	0.827580	0
4O01_D	8BOR_A	0.722860	0.722860	0.756340	0
4O0P_A	1ZTU_A	0.627050	0.627050	0.983820	0
4O0P_A	2VEA_A	0.837710	0.861860	0.837710	0
4O0P_A	4GW9_A	0.659450	0.818830	0.659450	0
4O0P_A	4WKK_A	0.769930	0.774040	0.769930	0
4O0P_A	6NDO_A	0.710920	0.859580	0.710920	0
4O0P_A	6TBY_AAA	0.559860	0.559860	0.831810	0
4O0P_A	8BOR_A	0.822240	0.822240	0.868490	0
4O0P_B	1ZTU_A	0.627660	0.627660	0.983000	0
4O0P_B	2VEA_A	0.833650	0.859370	0.833650	0
4O0P_B	4GW9_A	0.656960	0.817280	0.656960	0
4O0P_B	4WKK_A	0.770930	0.776450	0.770930	0
4O0P_B	6NDO_A	0.708840	0.858730	0.708840	0
4O0P_B	6TBY_AAA	0.558940	0.558940	0.828770	0
4O0P_B	8BOR_A	0.828460	0.828460	0.873350	0
4O8G_A	1ZTU_A	0.962280	0.962280	0.971500	0
4O8G_A	2VEA_A	0.542150	0.852370	0.542150	0
4O8G_A	4GW9_A	0.459390	0.883850	0.459390	0
4O8G_A	4WKK_A	0.567460	0.877230	0.567460	0
4O8G_A	6NDO_A	0.470660	0.878440	0.470660	0
4O8G_A	6TBY_AAA	0.842090	0.865300	0.842090	0
4O8G_A	8BOR_A	0.667990	0.976110	0.667990	0
4PYX_A	1CNB_A	0.989600	0.989600	0.997340	0
4PYX_A	2HFX_A	0.966490	0.973850	0.966490	0
4PYX_A	2HFY_A	0.970650	0.978060	0.970650	0
4PYX_A	3B1B_A	0.695810	0.828590	0.695810	0
4PYX_A	3IQK_A	0.997490	0.997490	0.997490	0
4PYX_A	4GGE_A	0.997750	0.997750	0.997750	0
4PYX_A	5CJL_A	0.998920	0.998920	0.998920	0
4PYX_A	6QN0_A	0.921090	0.921090	0.935030	0
4PYX_A	6QQM_A	0.841080	0.903100	0.841080	0
4PYX_A	6SBL_A	0.998680	0.998680	0.998680	0
4PYX_A	6YZN_A	0.998170	0.998170	0.998170	0
4PYX_A	6YZW_A	0.999120	0.999120	0.999120	0
4PYX_A	6ZR9_A	0.979540	0.983310	0.979540	0
4PYX_A	7JNR_A	0.999130	0.999130	0.999130	0
4PYX_A	7JNW_A	0.998910	0.998910	0.998910	0
4PYX_A	7NH6_AAA	0.994860	0.998720	0.994860	0
4PYX_A	7NH8_AAA	0.994730	0.998590	0.994730	0
4PYX_A	7PLF_AAA	0.968380	0.972070	0.968380	0
4PYX_A	7PRI_AAA	0.840180	0.902080	0.840180	0
4Q0H_A	1ZTU_A	0.937030	0.937030	0.976120	0
4Q0H_A	2VEA_A	0.547040	0.833730	0.547040	0
4Q0H_A	4GW9_A	0.462420	0.860340	0.462420	0
4Q0H_A	4WKK_A	0.570680	0.854810	0.570680	0
4Q0H_A	6NDO_A	0.474440	0.855130	0.474440	0
4Q0H_A	6TBY_AAA	0.853650	0.853650	0.856180	0
4Q0H_A	8BOR_A	0.677040	0.960260	0.677040	0
4Q0I_A	1ZTU_A	0.962070	0.962070	0.983700	0
4Q0I_A	2VEA_A	0.545430	0.846000	0.545430	0
4Q0I_A	4GW9_A	0.462300	0.877060	0.462300	0
4Q0I_A	4WKK_A	0.568560	0.867020	0.568560	0
4Q0I_A	6NDO_A	0.475540	0.875070	0.475540	0
4Q0I_A	6TBY_AAA	0.838940	0.851530	0.838940	0
4Q0I_A	8BOR_A	0.675680	0.976720	0.675680	0
4Q0J_A	1ZTU_A	0.617090	0.617090	0.987870	0
4Q0J_A	2VEA_A	0.854770	0.862890	0.854770	0
4Q0J_A	4GW9_A	0.666940	0.813190	0.666940	0
4Q0J_A	4WKK_A	0.769390	0.769390	0.778910	0
4Q0J_A	6NDO_A	0.719100	0.853810	0.719100	0
4Q0J_A	6TBY_AAA	0.556360	0.556360	0.841680	0
4Q0J_A	8BOR_A	0.807030	0.807030	0.868030	0
4QK1_A	1CNB_A	0.979550	0.979550	0.987160	0
4QK1_A	2HFX_A	0.953610	0.960800	0.953610	0
4QK1_A	2HFY_A	0.957160	0.964400	0.957160	0
4QK1_A	3B1B_A	0.691140	0.822950	0.691140	0
4QK1_A	3IQK_A	0.986900	0.986900	0.986900	0
4QK1_A	4GGE_A	0.986500	0.986500	0.986500	0
4QK1_A	5CJL_A	0.987380	0.987380	0.987380	0
4QK1_A	6QN0_A	0.920060	0.920060	0.933980	0
4QK1_A	6QQM_A	0.842630	0.904720	0.842630	0
4QK1_A	6SBL_A	0.986310	0.986310	0.986310	0
4QK1_A	6YZN_A	0.986260	0.986260	0.986260	0
4QK1_A	6YZW_A	0.987370	0.987370	0.987370	0
4QK1_A	6ZR9_A	0.968840	0.972540	0.968840	0
4QK1_A	7JNR_A	0.986940	0.986940	0.986940	0
4QK1_A	7JNW_A	0.987290	0.987290	0.987290	0
4QK1_A	7NH6_AAA	0.983710	0.987500	0.983710	0
4QK1_A	7NH8_AAA	0.982760	0.986550	0.982760	0
4QK1_A	7PLF_AAA	0.955750	0.959360	0.955750	0
4QK1_A	7PRI_AAA	0.841860	0.903880	0.841860	0
4R59_A	1CNB_A	0.985400	0.985400	0.996960	0
4R59_A	2HFX_A	0.967140	0.970800	0.967140	0
4R59_A	2HFY_A	0.971200	0.974890	0.971200	0
4R59_A	3B1B_A	0.696430	0.826090	0.696430	0
4R59_A	3IQK_A	0.994190	0.994190	0.998050	0
4R59_A	4GGE_A	0.994770	0.994770	0.998630	0
4R59_A	5CJL_A	0.994840	0.994840	0.998710	0
4R59_A	6QN0_A	0.920150	0.920150	0.937590	0
4R59_A	6QQM_A	0.839810	0.898310	0.839810	0
4R59_A	6SBL_A	0.994580	0.994580	0.998440	0
4R59_A	6YZN_A	0.994910	0.994910	0.998770	0
4R59_A	6YZW_A	0.994960	0.994960	0.998820	0
4R59_A	6ZR9_A	0.979880	0.979880	0.979880	0
4R59_A	7JNR_A	0.994820	0.994820	0.998690	0
4R59_A	7JNW_A	0.994960	0.994960	0.998830	0
4R59_A	7NH6_AAA	0.998680	0.998680	0.998680	0
4R59_A	7NH8_AAA	0.998530	0.998530	0.998530	0
4R59_A	7PLF_AAA	0.967550	0.967550	0.967550	0
4R59_A	7PRI_AAA	0.839280	0.897720	0.839280	0
4R5A_A	1CNB_A	0.978400	0.978400	0.993710	0
4R5A_A	2HFX_A	0.966550	0.966550	0.966550	0
4R5A_A	2HFY_A	0.969960	0.969960	0.969960	0
4R5A_A	3B1B_A	0.695760	0.822120	0.695760	0
4R5A_A	3IQK_A	0.986110	0.986110	0.993770	0
4R5A_A	4GGE_A	0.986420	0.986420	0.994080	0
4R5A_A	5CJL_A	0.986990	0.986990	0.994660	0
4R5A_A	6QN0_A	0.912670	0.912670	0.933430	0
4R5A_A	6QQM_A	0.837250	0.892330	0.837250	0
4R5A_A	6SBL_A	0.986820	0.986820	0.994490	0
4R5A_A	6YZN_A	0.987620	0.987620	0.995310	0
4R5A_A	6YZW_A	0.987140	0.987140	0.994810	0
4R5A_A	6ZR9_A	0.972580	0.972580	0.976310	0
4R5A_A	7JNR_A	0.986960	0.986960	0.994630	0
4R5A_A	7JNW_A	0.986920	0.986920	0.994590	0
4R5A_A	7NH6_AAA	0.990330	0.990330	0.994170	0
4R5A_A	7NH8_AAA	0.990570	0.990570	0.994400	0
4R5A_A	7PLF_AAA	0.960610	0.960610	0.964240	0
4R5A_A	7PRI_AAA	0.836700	0.891730	0.836700	0
4R6L_A	1ZTU_A	0.572360	0.572360	0.865880	0
4R6L_A	2VEA_A	0.803690	0.845340	0.803690	0
4R6L_A	4GW9_A	0.644540	0.818890	0.644540	0
4R6L_A	4WKK_A	0.768560	0.789760	0.768560	0
4R6L_A	6NDO_A	0.684330	0.843540	0.684330	0
4R6L_A	6TBY_AAA	0.582050	0.582050	0.846720	0
4R6L_A	8BOR_A	0.786140	0.786140	0.810930	0
4RG1_A	1K3R_A	0.796510	0.796510	0.861160	0
4RG1_A	1V2X_A	0.448810	0.448810	0.632410	0
4RG1_A	1ZJR_A	0.455650	0.455650	0.626860	0
4RQ9_A	1ZTU_A	0.851260	0.862010	0.851260	0
4RQ9_A	2VEA_A	0.553390	0.892520	0.553390	0
4RQ9_A	4GW9_A	0.446570	0.879860	0.446570	0
4RQ9_A	4WKK_A	0.564380	0.887480	0.564380	0
4RQ9_A	6NDO_A	0.467420	0.886370	0.467420	0
4RQ9_A	6TBY_AAA	0.890500	0.935380	0.890500	0
4RQ9_A	8BOR_A	0.589540	0.873410	0.589540	0
4TWM_A	1CNB_A	0.830120	0.882820	0.830120	0
4TWM_A	2HFX_A	0.820740	0.885440	0.820740	0
4TWM_A	2HFY_A	0.819750	0.884370	0.819750	0
4TWM_A	3B1B_A	0.678980	0.865420	0.678980	0
4TWM_A	3IQK_A	0.826830	0.885670	0.826830	0
4TWM_A	4GGE_A	0.825070	0.883680	0.825070	0
4TWM_A	5CJL_A	0.827360	0.886280	0.827360	0
4TWM_A	6QN0_A	0.829980	0.875730	0.829980	0
4TWM_A	6QQM_A	0.767330	0.881010	0.767330	0
4TWM_A	6SBL_A	0.827470	0.886420	0.827470	0
4TWM_A	6YZN_A	0.828990	0.888140	0.828990	0
4TWM_A	6YZW_A	0.827750	0.886720	0.827750	0
4TWM_A	6ZR9_A	0.819500	0.880960	0.819500	0
4TWM_A	7JNR_A	0.827530	0.886480	0.827530	0
4TWM_A	7JNW_A	0.827540	0.886500	0.827540	0
4TWM_A	7NH6_AAA	0.826050	0.888130	0.826050	0
4TWM_A	7NH8_AAA	0.824890	0.886790	0.824890	0
4TWM_A	7PLF_AAA	0.819900	0.881200	0.819900	0
4TWM_A	7PRI_AAA	0.766080	0.879440	0.766080	0
4UEL_A	1CMX_A	0.572790	0.572790	0.786630	0
4UEL_A	3A7S_A	0.646160	0.646160	0.941770	0
4UEL_A	3IHR_A	0.835000	0.835000	0.916540	0
4UEL_A	4IG7_A	0.711650	0.711650	0.918420	0
4UEM_A	1CMX_A	0.568080	0.568080	0.726860	0
4UEM_A	3A7S_A	0.675340	0.675340	0.921350	0
4UEM_A	3IHR_A	0.860440	0.860440	0.881290	0
4UEM_A	4IG7_A	0.711880	0.711880	0.854450	0
4UF5_A	1CMX_A	0.565970	0.565970	0.748580	0
4UF5_A	3A7S_A	0.677590	0.677590	0.963920	0
4UF5_A	3IHR_A	0.737140	0.737140	0.785480	0
4UF5_A	4IG7_A	0.712750	0.712750	0.888800	0
4UF6_A	1CMX_A	0.587130	0.587130	0.781470	0
4UF6_A	3A7S_A	0.663070	0.663070	0.933470	0
4UF6_A	3IHR_A	0.840760	0.840760	0.892580	0
4UF6_A	4IG7_A	0.738400	0.738400	0.923430	0
4WLP_A	1CMX_A	0.568010	0.568010	0.758470	0
4WLP_A	3A7S_A	0.673910	0.673910	0.969940	0
4WLP_A	3IHR_A	0.737940	0.737940	0.793930	0
4WLP_A	4IG7_A	0.709540	0.709540	0.894390	0
4WLQ_A	1CMX_A	0.576890	0.576890	0.764660	0
4WLQ_A	3A7S_A	0.689190	0.689190	0.981840	0
4WLQ_A	3IHR_A	0.868710	0.868710	0.923440	0
4WLQ_A	4IG7_A	0.711750	0.711750	0.885440	0
4WLR_A	1CMX_A	0.580100	0.580100	0.781140	0
4WLR_A	3A7S_A	0.665570	0.665570	0.954730	0
4WLR_A	3IHR_A	0.858430	0.858430	0.924570	0
4WLR_A	4IG7_A	0.722980	0.722980	0.915400	0
4XTQ_A	1ZTU_A	0.860380	0.874090	0.860380	0
4XTQ_A	2VEA_A	0.542430	0.875940	0.542430	0
4XTQ_A	4GW9_A	0.461200	0.927580	0.461200	0
4XTQ_A	4WKK_A	0.562610	0.890110	0.562610	0
4XTQ_A	6NDO_A	0.468600	0.897900	0.468600	0
4XTQ_A	6TBY_AAA	0.857410	0.903560	0.857410	0
4XTQ_A	8BOR_A	0.595560	0.888280	0.595560	0
4Y3I_A	1ZTU_A	0.943120	0.943120	0.976420	0
4Y3I_A	2VEA_A	0.551530	0.845060	0.551530	0
4Y3I_A	4GW9_A	0.465340	0.871020	0.465340	0
4Y3I_A	4WKK_A	0.575180	0.866010	0.575180	0
4Y3I_A	6NDO_A	0.475970	0.862870	0.475970	0
4Y3I_A	6TBY_AAA	0.856380	0.858920	0.856380	0
4Y3I_A	8BOR_A	0.670410	0.956680	0.670410	0
4Y5F_A	1ZTU_A	0.943030	0.943030	0.976320	0
4Y5F_A	2VEA_A	0.551340	0.844700	0.551340	0
4Y5F_A	4GW9_A	0.465120	0.870450	0.465120	0
4Y5F_A	4WKK_A	0.575220	0.866070	0.575220	0
4Y5F_A	6NDO_A	0.475870	0.862560	0.475870	0
4Y5F_A	6TBY_AAA	0.856060	0.858600	0.856060	0
4Y5F_A	8BOR_A	0.670440	0.956750	0.670440	0
4YGN_A	1CNB_A	0.989590	0.989590	0.997330	0
4YGN_A	2HFX_A	0.966320	0.973680	0.966320	0
4YGN_A	2HFY_A	0.970740	0.978160	0.970740	0
4YGN_A	3B1B_A	0.693620	0.825940	0.693620	0
4YGN_A	3IQK_A	0.997770	0.997770	0.997770	0
4YGN_A	4GGE_A	0.998170	0.998170	0.998170	0
4YGN_A	5CJL_A	0.998760	0.998760	0.998760	0
4YGN_A	6QN0_A	0.922840	0.922840	0.936820	0
4YGN_A	6QQM_A	0.840720	0.902690	0.840720	0
4YGN_A	6SBL_A	0.998510	0.998510	0.998510	0
4YGN_A	6YZN_A	0.997750	0.997750	0.997750	0
4YGN_A	6YZW_A	0.998970	0.998970	0.998970	0
4YGN_A	6ZR9_A	0.979600	0.983370	0.979600	0
4YGN_A	7JNR_A	0.999040	0.999040	0.999040	0
4YGN_A	7JNW_A	0.998770	0.998770	0.998770	0
4YGN_A	7NH6_AAA	0.994980	0.998850	0.994980	0
4YGN_A	7NH8_AAA	0.995110	0.998980	0.995110	0
4YGN_A	7PLF_AAA	0.968660	0.972350	0.968660	0
4YGN_A	7PRI_AAA	0.840110	0.901990	0.840110	0
4YPX_A	1UAK_A	0.967440	0.983580	0.967440	0
4YPX_A	2O3A_A	0.389620	0.389620	0.551070	0
4YPX_A	6QQW_A	0.791850	0.791850	0.885130	0
4YPX_A	6QQZ_A	0.790350	0.790350	0.883070	0
4YPX_A	6UEV_A	0.837680	0.837680	0.910820	0
4YQD_A	1UAK_A	0.969590	0.969590	0.973550	0
4YQD_A	2O3A_A	0.382240	0.382240	0.550530	0
4YQD_A	6QQW_A	0.774500	0.774500	0.882370	0
4YQD_A	6QQZ_A	0.773160	0.773160	0.880350	0
4YQD_A	6UEV_A	0.826860	0.826860	0.916920	0
4YVG_A	1UAK_A	0.977780	0.994120	0.977780	0
4YVG_A	6QQW_A	0.789090	0.789090	0.881780	0
4YVG_A	6QQZ_A	0.787870	0.787870	0.880300	0
4YVG_A	6UEV_A	0.838210	0.838210	0.911120	0
4YVH_A	1NS5_A	0.466660	0.466660	0.697250	0
4YVH_A	1UAK_A	0.979060	0.991260	0.979060	0
4YVH_A	2O3A_A	0.388800	0.388800	0.551900	0
4YVH_A	6QQW_A	0.786330	0.786330	0.882130	0
4YVH_A	6QQZ_A	0.785050	0.785050	0.880540	0
4YVH_A	6UEV_A	0.833000	0.833000	0.908910	0
4YVJ_A	1NS5_A	0.465060	0.465060	0.691310	0
4YVJ_A	1UAK_A	0.970110	0.986220	0.970110	0
4YVJ_A	2O3A_A	0.388980	0.388980	0.550190	0
4YVJ_A	6QQW_A	0.777820	0.777820	0.868650	0
4YVJ_A	6QQZ_A	0.776700	0.776700	0.867330	0
4YVJ_A	6UEV_A	0.833290	0.833290	0.905530	0
4YWP_A	1CNB_A	0.987350	0.987350	0.995060	0
4YWP_A	2HFX_A	0.963460	0.970780	0.963460	0
4YWP_A	2HFY_A	0.966760	0.974120	0.966760	0
4YWP_A	3B1B_A	0.693170	0.825260	0.693170	0
4YWP_A	3IQK_A	0.996260	0.996260	0.996260	0
4YWP_A	4GGE_A	0.995840	0.995840	0.995840	0
4YWP_A	5CJL_A	0.996310	0.996310	0.996310	0
4YWP_A	6QN0_A	0.925180	0.925180	0.939220	0
4YWP_A	6QQM_A	0.840300	0.902140	0.840300	0
4YWP_A	6SBL_A	0.996450	0.996450	0.996450	0
4YWP_A	6YZN_A	0.996680	0.996680	0.996680	0
4YWP_A	6YZW_A	0.996400	0.996400	0.996400	0
4YWP_A	6ZR9_A	0.977720	0.981470	0.977720	0
4YWP_A	7JNR_A	0.996160	0.996160	0.996160	0
4YWP_A	7JNW_A	0.996550	0.996550	0.996550	0
4YWP_A	7NH6_AAA	0.992980	0.996840	0.992980	0
4YWP_A	7NH8_AAA	0.992520	0.996370	0.992520	0
4YWP_A	7PLF_AAA	0.961730	0.965380	0.961730	0
4YWP_A	7PRI_AAA	0.839710	0.901470	0.839710	0
4Z1E_A	1CNB_A	0.982750	0.982750	0.998140	0
4Z1E_A	2HFX_A	0.970420	0.970420	0.970420	0
4Z1E_A	2HFY_A	0.974720	0.974720	0.974720	0
4Z1E_A	3B1B_A	0.697890	0.824700	0.697890	0
4Z1E_A	3IQK_A	0.990640	0.990640	0.998340	0
4Z1E_A	4GGE_A	0.990830	0.990830	0.998530	0
4Z1E_A	5CJL_A	0.991570	0.991570	0.999280	0
4Z1E_A	6QN0_A	0.915770	0.915770	0.936580	0
4Z1E_A	6QQM_A	0.840500	0.895830	0.840500	0
4Z1E_A	6SBL_A	0.991280	0.991280	0.998990	0
4Z1E_A	6YZN_A	0.990960	0.990960	0.998660	0
4Z1E_A	6YZW_A	0.991800	0.991800	0.999510	0
4Z1E_A	6ZR9_A	0.975560	0.975560	0.979300	0
4Z1E_A	7JNR_A	0.991370	0.991370	0.999080	0
4Z1E_A	7JNW_A	0.991150	0.991150	0.998850	0
4Z1E_A	7NH6_AAA	0.995480	0.995480	0.999330	0
4Z1E_A	7NH8_AAA	0.995460	0.995460	0.999320	0
4Z1E_A	7PLF_AAA	0.965960	0.965960	0.969620	0
4Z1E_A	7PRI_AAA	0.839790	0.895040	0.839790	0
4Z1W_A	1ZTU_A	0.946500	0.946500	0.961540	0
4Z1W_A	2VEA_A	0.548850	0.855620	0.548850	0
4Z1W_A	4GW9_A	0.464180	0.885700	0.464180	0
4Z1W_A	4WKK_A	0.570470	0.874730	0.570470	0
4Z1W_A	6NDO_A	0.477950	0.885960	0.477950	0
4Z1W_A	6TBY_AAA	0.846070	0.864060	0.846070	0
4Z1W_A	8BOR_A	0.663110	0.962580	0.663110	0
4ZRR_A	1ZTU_A	0.959230	0.959230	0.965360	0
4ZRR_A	2VEA_A	0.543930	0.856430	0.543930	0
4ZRR_A	4GW9_A	0.461330	0.890530	0.461330	0
4ZRR_A	4WKK_A	0.564280	0.873840	0.564280	0
4ZRR_A	6NDO_A	0.472830	0.883980	0.472830	0
4ZRR_A	6TBY_AAA	0.840580	0.866460	0.840580	0
4ZRR_A	8BOR_A	0.664250	0.974030	0.664250	0
5C5K_A	1ZTU_A	0.615700	0.615700	0.973250	0
5C5K_A	2VEA_A	0.746910	0.760220	0.746910	0
5C5K_A	4GW9_A	0.702100	0.866280	0.702100	0
5C5K_A	4WKK_A	0.689860	0.689860	0.692380	0
5C5K_A	6NDO_A	0.669810	0.795050	0.669810	0
5C5K_A	6TBY_AAA	0.560710	0.560710	0.840270	0
5C5K_A	8BOR_A	0.732790	0.732790	0.777920	0
5CO4_A	1GZ0_A	0.548460	0.814000	0.548460	0
5CO4_A	1J85_A	0.878590	0.900530	0.878590	0
5CO4_A	1NXZ_A	0.477050	0.706120	0.477050	0
5CO4_A	1V2X_A	0.703310	0.867360	0.703310	0
5CO4_A	1V6Z_A	0.514440	0.725450	0.514440	0
5CO4_A	1ZJR_A	0.664280	0.838210	0.664280	0
5CO4_A	2HA8_A	0.839770	0.875050	0.839770	0
5CO4_A	2O3A_A	0.650380	0.682850	0.650380	0
5CO4_A	2QMM_A	0.567200	0.701200	0.567200	0
5CO4_A	3DCM_X	0.645360	0.775860	0.645360	0
5CO4_A	3GYQ_A	0.503360	0.820270	0.503360	0
5CO4_A	3IC6_A	0.635370	0.829520	0.635370	0
5CO4_A	3ILK_A	0.553480	0.809210	0.553480	0
5CO4_A	3KTY_A	0.779490	0.829820	0.779490	0
5CO4_A	3L8U_A	0.840920	0.851290	0.840920	0
5CO4_A	4CNG_A	0.802750	0.822040	0.802750	0
5CO4_A	4JWH_A	0.602060	0.710170	0.602060	0
5CO4_A	4L69_A	0.495680	0.743710	0.495680	0
5CO4_A	6YXX_EF	0.447870	0.818130	0.447870	0
5DOG_A	1CNB_A	0.989650	0.989650	0.997390	0
5DOG_A	2HFX_A	0.965900	0.973250	0.965900	0
5DOG_A	2HFY_A	0.970160	0.977570	0.970160	0
5DOG_A	3B1B_A	0.695070	0.827580	0.695070	0
5DOG_A	3IQK_A	0.998220	0.998220	0.998220	0
5DOG_A	4GGE_A	0.998630	0.998630	0.998630	0
5DOG_A	5CJL_A	0.999040	0.999040	0.999040	0
5DOG_A	6QN0_A	0.922050	0.922050	0.936010	0
5DOG_A	6QQM_A	0.840350	0.902270	0.840350	0
5DOG_A	6SBL_A	0.998820	0.998820	0.998820	0
5DOG_A	6YZN_A	0.997990	0.997990	0.997990	0
5DOG_A	6YZW_A	0.999270	0.999270	0.999270	0
5DOG_A	6ZR9_A	0.979620	0.983390	0.979620	0
5DOG_A	7JNR_A	0.999380	0.999380	0.999380	0
5DOG_A	7JNW_A	0.999090	0.999090	0.999090	0
5DOG_A	7NH6_AAA	0.995270	0.999140	0.995270	0
5DOG_A	7NH8_AAA	0.995280	0.999150	0.995280	0
5DOG_A	7PLF_AAA	0.968540	0.972240	0.968540	0
5DOG_A	7PRI_AAA	0.839710	0.901550	0.839710	0
5DSQ_A	1CNB_A	0.990010	0.990010	0.997760	0
5DSQ_A	2HFX_A	0.966180	0.973530	0.966180	0
5DSQ_A	2HFY_A	0.970350	0.977760	0.970350	0
5DSQ_A	3B1B_A	0.694230	0.826740	0.694230	0
5DSQ_A	3IQK_A	0.998450	0.998450	0.998450	0
5DSQ_A	4GGE_A	0.997890	0.997890	0.997890	0
5DSQ_A	5CJL_A	0.999070	0.999070	0.999070	0
5DSQ_A	6QN0_A	0.924940	0.924940	0.938990	0
5DSQ_A	6QQM_A	0.840720	0.902700	0.840720	0
5DSQ_A	6SBL_A	0.998430	0.998430	0.998430	0
5DSQ_A	6YZN_A	0.997870	0.997870	0.997870	0
5DSQ_A	6YZW_A	0.998730	0.998730	0.998730	0
5DSQ_A	6ZR9_A	0.980150	0.983930	0.980150	0
5DSQ_A	7JNR_A	0.998910	0.998910	0.998910	0
5DSQ_A	7JNW_A	0.999120	0.999120	0.999120	0
5DSQ_A	7NH6_AAA	0.995330	0.999200	0.995330	0
5DSQ_A	7NH8_AAA	0.994700	0.998570	0.994700	0
5DSQ_A	7PLF_AAA	0.968020	0.971710	0.968020	0
5DSQ_A	7PRI_AAA	0.839620	0.901460	0.839620	0
5EKM_A	1CNB_A	0.989450	0.989450	0.997190	0
5EKM_A	2HFX_A	0.966770	0.974130	0.966770	0
5EKM_A	2HFY_A	0.970810	0.978230	0.970810	0
5EKM_A	3B1B_A	0.693550	0.825800	0.693550	0
5EKM_A	3IQK_A	0.998600	0.998600	0.998600	0
5EKM_A	4GGE_A	0.998820	0.998820	0.998820	0
5EKM_A	5CJL_A	0.999600	0.999600	0.999600	0
5EKM_A	6QN0_A	0.924950	0.924950	0.939000	0
5EKM_A	6QQM_A	0.840060	0.901940	0.840060	0
5EKM_A	6SBL_A	0.999040	0.999040	0.999040	0
5EKM_A	6YZN_A	0.998240	0.998240	0.998240	0
5EKM_A	6YZW_A	0.999250	0.999250	0.999250	0
5EKM_A	6ZR9_A	0.979580	0.983350	0.979580	0
5EKM_A	7JNR_A	0.999200	0.999200	0.999200	0
5EKM_A	7JNW_A	0.999470	0.999470	0.999470	0
5EKM_A	7NH6_AAA	0.995680	0.999560	0.995680	0
5EKM_A	7NH8_AAA	0.995330	0.999200	0.995330	0
5EKM_A	7PLF_AAA	0.968770	0.972460	0.968770	0
5EKM_A	7PRI_AAA	0.839520	0.901330	0.839520	0
5FAI_A	2QMM_A	0.677720	0.677720	0.719430	0
5FAI_A	2V3J_A	0.864850	0.876830	0.864850	0
5FAI_A	3BBD_A	0.779370	0.779370	0.819540	0
5FAI_A	3O7B_A	0.803460	0.828170	0.803460	0
5FL5_A	1CNB_A	0.900330	0.914030	0.900330	0
5FL5_A	2HFX_A	0.889650	0.916670	0.889650	0
5FL5_A	2HFY_A	0.886630	0.913460	0.886630	0
5FL5_A	3B1B_A	0.684560	0.833310	0.684560	0
5FL5_A	3IQK_A	0.892130	0.912390	0.892130	0
5FL5_A	4GGE_A	0.893000	0.913300	0.893000	0
5FL5_A	5CJL_A	0.894510	0.914870	0.894510	0
5FL5_A	6QN0_A	0.917190	0.924200	0.917190	0
5FL5_A	6QQM_A	0.821560	0.901290	0.821560	0
5FL5_A	6SBL_A	0.894740	0.915120	0.894740	0
5FL5_A	6YZN_A	0.897440	0.917910	0.897440	0
5FL5_A	6YZW_A	0.895200	0.915600	0.895200	0
5FL5_A	6ZR9_A	0.895710	0.919560	0.895710	0
5FL5_A	7JNR_A	0.895200	0.915590	0.895200	0
5FL5_A	7JNW_A	0.895120	0.915500	0.895120	0
5FL5_A	7NH6_AAA	0.890890	0.914530	0.890890	0
5FL5_A	7NH8_AAA	0.890690	0.914320	0.890690	0
5FL5_A	7PLF_AAA	0.874510	0.897420	0.874510	0
5FL5_A	7PRI_AAA	0.821560	0.901290	0.821560	0
5FLO_A	1CNB_A	0.985000	0.985000	0.996550	0
5FLO_A	2HFX_A	0.968840	0.972510	0.968840	0
5FLO_A	2HFY_A	0.973220	0.976920	0.973220	0
5FLO_A	3B1B_A	0.698500	0.828830	0.698500	0
5FLO_A	3IQK_A	0.995020	0.995020	0.998890	0
5FLO_A	4GGE_A	0.995320	0.995320	0.999190	0
5FLO_A	5CJL_A	0.994500	0.994500	0.998370	0
5FLO_A	6QN0_A	0.919460	0.919460	0.936880	0
5FLO_A	6QQM_A	0.838450	0.896620	0.838450	0
5FLO_A	6SBL_A	0.994500	0.994500	0.998360	0
5FLO_A	6YZN_A	0.993520	0.993520	0.997380	0
5FLO_A	6YZW_A	0.994740	0.994740	0.998600	0
5FLO_A	6ZR9_A	0.979250	0.979250	0.979250	0
5FLO_A	7JNR_A	0.994520	0.994520	0.998380	0
5FLO_A	7JNW_A	0.994620	0.994620	0.998490	0
5FLO_A	7NH6_AAA	0.996590	0.996590	0.996590	0
5FLO_A	7NH8_AAA	0.996740	0.996740	0.996740	0
5FLO_A	7PLF_AAA	0.969220	0.969220	0.969220	0
5FLO_A	7PRI_AAA	0.838080	0.896210	0.838080	0
5FNM_A	1CNB_A	0.985970	0.985970	0.997550	0
5FNM_A	2HFX_A	0.971290	0.974980	0.971290	0
5FNM_A	2HFY_A	0.975160	0.978870	0.975160	0
5FNM_A	3B1B_A	0.698890	0.829260	0.698890	0
5FNM_A	3IQK_A	0.994930	0.994930	0.998800	0
5FNM_A	4GGE_A	0.995040	0.995040	0.998910	0
5FNM_A	5CJL_A	0.994960	0.994960	0.998830	0
5FNM_A	6QN0_A	0.919060	0.919060	0.936460	0
5FNM_A	6QQM_A	0.839460	0.897940	0.839460	0
5FNM_A	6SBL_A	0.994820	0.994820	0.998690	0
5FNM_A	6YZN_A	0.994460	0.994460	0.998320	0
5FNM_A	6YZW_A	0.995040	0.995040	0.998900	0
5FNM_A	6ZR9_A	0.979510	0.979510	0.979510	0
5FNM_A	7JNR_A	0.994750	0.994750	0.998610	0
5FNM_A	7JNW_A	0.994760	0.994760	0.998620	0
5FNM_A	7NH6_AAA	0.996380	0.996380	0.996380	0
5FNM_A	7NH8_AAA	0.996610	0.996610	0.996610	0
5FNM_A	7PLF_AAA	0.970290	0.970290	0.970290	0
5FNM_A	7PRI_AAA	0.838580	0.896950	0.838580	0
5G0B_A	1CNB_A	0.989470	0.989470	0.997210	0
5G0B_A	2HFX_A	0.966210	0.973570	0.966210	0
5G0B_A	2HFY_A	0.969230	0.976630	0.969230	0
5G0B_A	3B1B_A	0.694860	0.827350	0.694860	0
5G0B_A	3IQK_A	0.997340	0.997340	0.997340	0
5G0B_A	4GGE_A	0.996850	0.996850	0.996850	0
5G0B_A	5CJL_A	0.997660	0.997660	0.997660	0
5G0B_A	6QN0_A	0.922390	0.922390	0.936370	0
5G0B_A	6QQM_A	0.840150	0.902010	0.840150	0
5G0B_A	6SBL_A	0.997820	0.997820	0.997820	0
5G0B_A	6YZN_A	0.998540	0.998540	0.998540	0
5G0B_A	6YZW_A	0.997890	0.997890	0.997890	0
5G0B_A	6ZR9_A	0.979770	0.983550	0.979770	0
5G0B_A	7JNR_A	0.997870	0.997870	0.997870	0
5G0B_A	7JNW_A	0.997960	0.997960	0.997960	0
5G0B_A	7NH6_AAA	0.993850	0.997710	0.993850	0
5G0B_A	7NH8_AAA	0.993750	0.997600	0.993750	0
5G0B_A	7PLF_AAA	0.964140	0.967800	0.964140	0
5G0B_A	7PRI_AAA	0.839170	0.900910	0.839170	0
5GM8_A	1GZ0_A	0.549480	0.737850	0.549480	0
5GM8_A	1J85_A	0.749000	0.749000	0.809030	0
5GM8_A	1K3R_A	0.478190	0.691800	0.478190	0
5GM8_A	1V2X_A	0.714990	0.795330	0.714990	0
5GM8_A	1V6Z_A	0.522770	0.667000	0.522770	0
5GM8_A	1ZJR_A	0.680020	0.776350	0.680020	0
5GM8_A	2HA8_A	0.774210	0.774210	0.822050	0
5GM8_A	2O3A_A	0.642100	0.642100	0.672810	0
5GM8_A	2V3J_A	0.521090	0.625380	0.521090	0
5GM8_A	3DCM_X	0.689470	0.753630	0.689470	0
5GM8_A	3GYQ_A	0.502120	0.736900	0.502120	0
5GM8_A	3IC6_A	0.744020	0.888640	0.744020	0
5GM8_A	3ILK_A	0.660920	0.892100	0.660920	0
5GM8_A	3KTY_A	0.876960	0.876960	0.912990	0
5GM8_A	3L8U_A	0.720820	0.720820	0.786610	0
5GM8_A	4CNG_A	0.830670	0.830670	0.900470	0
5GM8_A	5C77_A	0.503220	0.582880	0.503220	0
5GM8_A	6YXX_EF	0.471070	0.773730	0.471070	0
5GM8_A	7AOI_XO	0.341380	0.715480	0.341380	0
5GMB_A	1GZ0_A	0.546780	0.729650	0.546780	0
5GMB_A	1J85_A	0.739960	0.739960	0.803240	0
5GMB_A	1K3R_A	0.474840	0.681950	0.474840	0
5GMB_A	1V2X_A	0.713750	0.789300	0.713750	0
5GMB_A	1V6Z_A	0.521870	0.662490	0.521870	0
5GMB_A	1ZJR_A	0.679540	0.771200	0.679540	0
5GMB_A	2HA8_A	0.763480	0.763480	0.814260	0
5GMB_A	2V3J_A	0.516930	0.616760	0.516930	0
5GMB_A	3DCM_X	0.682570	0.741860	0.682570	0
5GMB_A	3GYQ_A	0.499660	0.728910	0.499660	0
5GMB_A	3IC6_A	0.745630	0.885190	0.745630	0
5GMB_A	3ILK_A	0.661700	0.887890	0.661700	0
5GMB_A	3KTY_A	0.867860	0.867860	0.908240	0
5GMB_A	3L8U_A	0.712210	0.712210	0.780880	0
5GMB_A	4CNG_A	0.820330	0.820330	0.893690	0
5GMB_A	4L69_A	0.490410	0.661460	0.490410	0
5GMB_A	6YXX_EF	0.469060	0.763850	0.469060	0
5GMB_A	7AOI_XO	0.340760	0.708810	0.340760	0
5GMN_A	1CNB_A	0.979340	0.979340	0.986930	0
5GMN_A	2HFX_A	0.961980	0.969270	0.961980	0
5GMN_A	2HFY_A	0.964720	0.972060	0.964720	0
5GMN_A	3B1B_A	0.694570	0.826490	0.694570	0
5GMN_A	3IQK_A	0.986990	0.986990	0.986990	0
5GMN_A	4GGE_A	0.986540	0.986540	0.986540	0
5GMN_A	5CJL_A	0.987300	0.987300	0.987300	0
5GMN_A	6QN0_A	0.914070	0.914070	0.927810	0
5GMN_A	6QQM_A	0.836380	0.898020	0.836380	0
5GMN_A	6SBL_A	0.987200	0.987200	0.987200	0
5GMN_A	6YZN_A	0.986390	0.986390	0.986390	0
5GMN_A	6YZW_A	0.987400	0.987400	0.987400	0
5GMN_A	6ZR9_A	0.970050	0.973760	0.970050	0
5GMN_A	7JNR_A	0.987960	0.987960	0.987960	0
5GMN_A	7JNW_A	0.987410	0.987410	0.987410	0
5GMN_A	7NH6_AAA	0.983510	0.987290	0.983510	0
5GMN_A	7NH8_AAA	0.983360	0.987140	0.983360	0
5GMN_A	7PLF_AAA	0.962740	0.966390	0.962740	0
5GMN_A	7PRI_AAA	0.835620	0.897160	0.835620	0
5H9U_A	1FUG_A	0.940100	0.940100	0.966540	0
5H9U_A	4L7I_A	0.709390	0.714200	0.709390	0
5H9U_A	8AXZ_A	0.916570	0.916570	0.952030	0
5HSQ_A	1ZTU_A	0.555540	0.555540	0.863430	0
5HSQ_A	2VEA_A	0.810840	0.828500	0.810840	0
5HSQ_A	4GW9_A	0.585630	0.718240	0.585630	0
5HSQ_A	4WKK_A	0.999890	0.999890	0.999890	0
5HSQ_A	6NDO_A	0.657600	0.783040	0.657600	0
5HSQ_A	6TBY_AAA	0.569970	0.569970	0.852150	0
5HSQ_A	8BOR_A	0.700200	0.700200	0.741580	0
5I5L_A	1ZTU_A	0.564430	0.564430	0.864720	0
5I5L_A	2VEA_A	0.874250	0.908850	0.874250	0
5I5L_A	4GW9_A	0.650200	0.813140	0.650200	0
5I5L_A	4WKK_A	0.847310	0.860030	0.847310	0
5I5L_A	6NDO_A	0.732600	0.897590	0.732600	0
5I5L_A	6TBY_AAA	0.574710	0.574710	0.845420	0
5I5L_A	8BOR_A	0.747010	0.747010	0.781200	0
5IFE_D	2K0A_A	0.694930	0.833830	0.694930	0
5IFE_D	5ZYA_D	0.899790	0.899790	0.939080	0
5IFE_D	6QX9_BP	0.824590	0.923150	0.824590	0
5IPZ_A	1CNB_A	0.870400	0.870400	0.890060	0
5IPZ_A	2HFX_A	0.872890	0.872890	0.879320	0
5IPZ_A	2HFY_A	0.873280	0.873280	0.879710	0
5IPZ_A	3B1B_A	0.687750	0.806430	0.687750	0
5IPZ_A	3IQK_A	0.869810	0.869810	0.882770	0
5IPZ_A	4GGE_A	0.870410	0.870410	0.883380	0
5IPZ_A	5CJL_A	0.871540	0.871540	0.884540	0
5IPZ_A	6QN0_A	0.854400	0.854400	0.880140	0
5IPZ_A	6QQM_A	0.798730	0.844520	0.798730	0
5IPZ_A	6SBL_A	0.871830	0.871830	0.884840	0
5IPZ_A	6YZN_A	0.872470	0.872470	0.885500	0
5IPZ_A	6YZW_A	0.872010	0.872010	0.885030	0
5IPZ_A	6ZR9_A	0.868560	0.868560	0.878230	0
5IPZ_A	7JNR_A	0.872210	0.872210	0.885230	0
5IPZ_A	7JNW_A	0.871720	0.871720	0.884730	0
5IPZ_A	7NH6_AAA	0.873270	0.873270	0.882990	0
5IPZ_A	7NH8_AAA	0.873770	0.873770	0.883500	0
5IPZ_A	7PLF_AAA	0.859580	0.859580	0.869000	0
5IPZ_A	7PRI_AAA	0.798180	0.843930	0.798180	0
5K5B_A	1ZTU_A	0.961550	0.970900	0.961550	0
5K5B_A	2VEA_A	0.536440	0.859930	0.536440	0
5K5B_A	4GW9_A	0.454580	0.890590	0.454580	0
5K5B_A	4WKK_A	0.559950	0.881540	0.559950	0
5K5B_A	6NDO_A	0.465510	0.884960	0.465510	0
5K5B_A	6TBY_AAA	0.826990	0.865700	0.826990	0
5K5B_A	8BOR_A	0.656520	0.978780	0.656520	0
5KU6_A	1CNB_A	0.884480	0.922680	0.884480	0
5KU6_A	2HFX_A	0.870530	0.921410	0.870530	0
5KU6_A	2HFY_A	0.870430	0.921290	0.870430	0
5KU6_A	3B1B_A	0.676690	0.846270	0.676690	0
5KU6_A	3IQK_A	0.879260	0.924040	0.879260	0
5KU6_A	4GGE_A	0.880290	0.925170	0.880290	0
5KU6_A	5CJL_A	0.880810	0.925740	0.880810	0
5KU6_A	6QN0_A	0.869830	0.900330	0.869830	0
5KU6_A	6QQM_A	0.778640	0.877250	0.778640	0
5KU6_A	6SBL_A	0.881220	0.926190	0.881220	0
5KU6_A	6YZN_A	0.880460	0.925380	0.880460	0
5KU6_A	6YZW_A	0.881510	0.926500	0.881510	0
5KU6_A	6ZR9_A	0.871780	0.919560	0.871780	0
5KU6_A	7JNR_A	0.881490	0.926490	0.881490	0
5KU6_A	7JNW_A	0.881190	0.926150	0.881190	0
5KU6_A	7NH6_AAA	0.880750	0.929120	0.880750	0
5KU6_A	7NH8_AAA	0.881010	0.929400	0.881010	0
5KU6_A	7PLF_AAA	0.862390	0.908970	0.862390	0
5KU6_A	7PRI_AAA	0.778440	0.876990	0.778440	0
5KZK_A	1GZ0_A	0.655020	0.655020	0.707030	0
5KZK_A	1J85_A	0.508330	0.508330	0.801880	0
5KZK_A	1V2X_A	0.524610	0.524610	0.691340	0
5KZK_A	1ZJR_A	0.526780	0.526780	0.671900	0
5KZK_A	2HA8_A	0.523040	0.523040	0.815170	0
5KZK_A	3DCM_X	0.480660	0.480660	0.629780	0
5KZK_A	3GYQ_A	0.698090	0.706990	0.698090	0
5KZK_A	3IC6_A	0.504020	0.504020	0.620700	0
5KZK_A	3ILK_A	0.492630	0.492630	0.541040	0
5KZK_A	3KTY_A	0.504760	0.504760	0.764610	0
5KZK_A	3L8U_A	0.493990	0.493990	0.790230	0
5KZK_A	4CNG_A	0.502720	0.502720	0.797190	0
5KZK_A	4J3C_A	0.479730	0.479730	0.530860	0
5KZK_A	6YXX_EF	0.693530	0.786040	0.693530	0
5KZK_A	7AOI_XO	0.544560	0.801360	0.544560	0
5L6K_A	1CNB_A	0.978960	0.978960	0.994240	0
5L6K_A	2HFX_A	0.966630	0.966630	0.966630	0
5L6K_A	2HFY_A	0.972010	0.972010	0.972010	0
5L6K_A	3B1B_A	0.699870	0.827580	0.699870	0
5L6K_A	3IQK_A	0.988980	0.988980	0.996650	0
5L6K_A	4GGE_A	0.989050	0.989050	0.996730	0
5L6K_A	5CJL_A	0.988370	0.988370	0.996030	0
5L6K_A	6QN0_A	0.918630	0.918630	0.939550	0
5L6K_A	6QQM_A	0.838210	0.893300	0.838210	0
5L6K_A	6SBL_A	0.987730	0.987730	0.995390	0
5L6K_A	6YZN_A	0.986490	0.986490	0.994130	0
5L6K_A	6YZW_A	0.987870	0.987870	0.995520	0
5L6K_A	6ZR9_A	0.973650	0.973650	0.977380	0
5L6K_A	7JNR_A	0.987590	0.987590	0.995250	0
5L6K_A	7JNW_A	0.988130	0.988130	0.995790	0
5L6K_A	7NH6_AAA	0.990780	0.990780	0.994610	0
5L6K_A	7NH8_AAA	0.990350	0.990350	0.994170	0
5L6K_A	7PLF_AAA	0.965660	0.965660	0.969320	0
5L6K_A	7PRI_AAA	0.837780	0.892820	0.837780	0
5L8M_A	1ZTU_A	0.960960	0.970290	0.960960	0
5L8M_A	2VEA_A	0.536920	0.861070	0.536920	0
5L8M_A	4GW9_A	0.455570	0.893420	0.455570	0
5L8M_A	4WKK_A	0.560770	0.883430	0.560770	0
5L8M_A	6NDO_A	0.466040	0.886570	0.466040	0
5L8M_A	6TBY_AAA	0.830660	0.869680	0.830660	0
5L8M_A	8BOR_A	0.657380	0.980470	0.657380	0
5LBR_A	1ZTU_A	0.957260	0.969700	0.957260	0
5LBR_A	2VEA_A	0.535850	0.862760	0.535850	0
5LBR_A	4GW9_A	0.455290	0.897230	0.455290	0
5LBR_A	4WKK_A	0.560970	0.886770	0.560970	0
5LBR_A	6NDO_A	0.465450	0.889670	0.465450	0
5LBR_A	6TBY_AAA	0.827410	0.868980	0.827410	0
5LBR_A	8BOR_A	0.654900	0.979570	0.654900	0
5LL9_A	1CNB_A	0.915720	0.915720	0.936490	0
5LL9_A	2HFX_A	0.923660	0.923660	0.930550	0
5LL9_A	2HFY_A	0.922140	0.922140	0.929000	0
5LL9_A	3B1B_A	0.694250	0.814300	0.694250	0
5LL9_A	3IQK_A	0.920420	0.920420	0.934200	0
5LL9_A	4GGE_A	0.920400	0.920400	0.934180	0
5LL9_A	5CJL_A	0.921870	0.921870	0.935700	0
5LL9_A	6QN0_A	0.960360	0.960360	0.990480	0
5LL9_A	6QQM_A	0.838110	0.886350	0.838110	0
5LL9_A	6SBL_A	0.921590	0.921590	0.935400	0
5LL9_A	6YZN_A	0.922120	0.922120	0.935950	0
5LL9_A	6YZW_A	0.921240	0.921240	0.935050	0
5LL9_A	6ZR9_A	0.926390	0.926390	0.936770	0
5LL9_A	7JNR_A	0.921320	0.921320	0.935130	0
5LL9_A	7JNW_A	0.922070	0.922070	0.935900	0
5LL9_A	7NH6_AAA	0.921700	0.921700	0.932020	0
5LL9_A	7NH8_AAA	0.920810	0.920810	0.931120	0
5LL9_A	7PLF_AAA	0.913670	0.913670	0.923810	0
5LL9_A	7PRI_AAA	0.838100	0.886360	0.838100	0
5LLE_A	1CNB_A	0.988780	0.988780	0.996510	0
5LLE_A	2HFX_A	0.964160	0.971490	0.964160	0
5LLE_A	2HFY_A	0.968770	0.976160	0.968770	0
5LLE_A	3B1B_A	0.693550	0.825760	0.693550	0
5LLE_A	3IQK_A	0.997460	0.997460	0.997460	0
5LLE_A	4GGE_A	0.997300	0.997300	0.997300	0
5LLE_A	5CJL_A	0.998520	0.998520	0.998520	0
5LLE_A	6QN0_A	0.925320	0.925320	0.939370	0
5LLE_A	6QQM_A	0.841090	0.903100	0.841090	0
5LLE_A	6SBL_A	0.997950	0.997950	0.997950	0
5LLE_A	6YZN_A	0.996790	0.996790	0.996790	0
5LLE_A	6YZW_A	0.998210	0.998210	0.998210	0
5LLE_A	6ZR9_A	0.979110	0.982880	0.979110	0
5LLE_A	7JNR_A	0.998330	0.998330	0.998330	0
5LLE_A	7JNW_A	0.998520	0.998520	0.998520	0
5LLE_A	7NH6_AAA	0.994940	0.998810	0.994940	0
5LLE_A	7NH8_AAA	0.994000	0.997860	0.994000	0
5LLE_A	7PLF_AAA	0.967670	0.971360	0.967670	0
5LLE_A	7PRI_AAA	0.840410	0.902340	0.840410	0
5LLG_A	1CNB_A	0.989470	0.989470	0.997210	0
5LLG_A	2HFX_A	0.966430	0.973780	0.966430	0
5LLG_A	2HFY_A	0.970390	0.977800	0.970390	0
5LLG_A	3B1B_A	0.694360	0.826850	0.694360	0
5LLG_A	3IQK_A	0.998190	0.998190	0.998190	0
5LLG_A	4GGE_A	0.998200	0.998200	0.998200	0
5LLG_A	5CJL_A	0.999100	0.999100	0.999100	0
5LLG_A	6QN0_A	0.923140	0.923140	0.937130	0
5LLG_A	6QQM_A	0.840610	0.902580	0.840610	0
5LLG_A	6SBL_A	0.999120	0.999120	0.999120	0
5LLG_A	6YZN_A	0.998080	0.998080	0.998080	0
5LLG_A	6YZW_A	0.999410	0.999410	0.999410	0
5LLG_A	6ZR9_A	0.979400	0.983170	0.979400	0
5LLG_A	7JNR_A	0.999410	0.999410	0.999410	0
5LLG_A	7JNW_A	0.999340	0.999340	0.999340	0
5LLG_A	7NH6_AAA	0.995520	0.999390	0.995520	0
5LLG_A	7NH8_AAA	0.994960	0.998830	0.994960	0
5LLG_A	7PLF_AAA	0.968440	0.972130	0.968440	0
5LLG_A	7PRI_AAA	0.839850	0.901710	0.839850	0
5LLN_A	1CNB_A	0.959670	0.959670	0.974400	0
5LLN_A	2HFX_A	0.964850	0.964850	0.964850	0
5LLN_A	2HFY_A	0.970050	0.970050	0.970050	0
5LLN_A	3B1B_A	0.696350	0.823110	0.696350	0
5LLN_A	3IQK_A	0.969550	0.969550	0.976950	0
5LLN_A	4GGE_A	0.968900	0.968900	0.976290	0
5LLN_A	5CJL_A	0.968540	0.968540	0.975930	0
5LLN_A	6QN0_A	0.921180	0.921180	0.942100	0
5LLN_A	6QQM_A	0.832000	0.886100	0.832000	0
5LLN_A	6SBL_A	0.968100	0.968100	0.975470	0
5LLN_A	6YZN_A	0.965350	0.965350	0.972700	0
5LLN_A	6YZW_A	0.967420	0.967420	0.974790	0
5LLN_A	6ZR9_A	0.969840	0.969840	0.973520	0
5LLN_A	7JNR_A	0.967580	0.967580	0.974950	0
5LLN_A	7JNW_A	0.968170	0.968170	0.975550	0
5LLN_A	7NH6_AAA	0.970660	0.970660	0.974350	0
5LLN_A	7NH8_AAA	0.970320	0.970320	0.974000	0
5LLN_A	7PLF_AAA	0.976390	0.976390	0.980110	0
5LLN_A	7PRI_AAA	0.832020	0.886160	0.832020	0
5LLP_A	1CNB_A	0.920350	0.920350	0.937760	0
5LLP_A	2HFX_A	0.927810	0.927810	0.931270	0
5LLP_A	2HFY_A	0.926610	0.926610	0.930060	0
5LLP_A	3B1B_A	0.695030	0.818140	0.695030	0
5LLP_A	3IQK_A	0.925490	0.925490	0.935900	0
5LLP_A	4GGE_A	0.925410	0.925410	0.935820	0
5LLP_A	5CJL_A	0.926970	0.926970	0.937410	0
5LLP_A	6QN0_A	0.963760	0.963760	0.990200	0
5LLP_A	6QQM_A	0.838210	0.889670	0.838210	0
5LLP_A	6SBL_A	0.926530	0.926530	0.936970	0
5LLP_A	6YZN_A	0.926640	0.926640	0.937070	0
5LLP_A	6YZW_A	0.926230	0.926230	0.936650	0
5LLP_A	6ZR9_A	0.928060	0.928060	0.935010	0
5LLP_A	7JNR_A	0.926260	0.926260	0.936690	0
5LLP_A	7JNW_A	0.926980	0.926980	0.937420	0
5LLP_A	7NH6_AAA	0.926760	0.926760	0.933700	0
5LLP_A	7NH8_AAA	0.925880	0.925880	0.932800	0
5LLP_A	7PLF_AAA	0.919320	0.919320	0.926140	0
5LLP_A	7PRI_AAA	0.837800	0.889360	0.837800	0
5M78_A	1CNB_A	0.982240	0.982240	0.997610	0
5M78_A	2HFX_A	0.971010	0.971010	0.971010	0
5M78_A	2HFY_A	0.974510	0.974510	0.974510	0
5M78_A	3B1B_A	0.697470	0.824240	0.697470	0
5M78_A	3IQK_A	0.990030	0.990030	0.997720	0
5M78_A	4GGE_A	0.989210	0.989210	0.996880	0
5M78_A	5CJL_A	0.990600	0.990600	0.998300	0
5M78_A	6QN0_A	0.915810	0.915810	0.936610	0
5M78_A	6QQM_A	0.840150	0.895450	0.840150	0
5M78_A	6SBL_A	0.990550	0.990550	0.998250	0
5M78_A	6YZN_A	0.989530	0.989530	0.997220	0
5M78_A	6YZW_A	0.990590	0.990590	0.998280	0
5M78_A	6ZR9_A	0.974810	0.974810	0.978550	0
5M78_A	7JNR_A	0.990720	0.990720	0.998420	0
5M78_A	7JNW_A	0.990490	0.990490	0.998180	0
5M78_A	7NH6_AAA	0.994470	0.994470	0.998320	0
5M78_A	7NH8_AAA	0.994400	0.994400	0.998250	0
5M78_A	7PLF_AAA	0.966120	0.966120	0.969790	0
5M78_A	7PRI_AAA	0.839090	0.894260	0.839090	0
5MG0_A	1ZTU_A	0.941050	0.941050	0.983240	0
5MG0_A	2VEA_A	0.557110	0.845610	0.557110	0
5MG0_A	4GW9_A	0.473750	0.880150	0.473750	0
5MG0_A	4WKK_A	0.582810	0.868800	0.582810	0
5MG0_A	6NDO_A	0.482220	0.867740	0.482220	0
5MG0_A	6TBY_AAA	0.853360	0.853360	0.858430	0
5MG0_A	8BOR_A	0.680210	0.962200	0.680210	0
5MSA_A	1CNB_A	0.915890	0.915890	0.936670	0
5MSA_A	2HFX_A	0.924100	0.924100	0.930990	0
5MSA_A	2HFY_A	0.922690	0.922690	0.929560	0
5MSA_A	3B1B_A	0.693990	0.813930	0.693990	0
5MSA_A	3IQK_A	0.921040	0.921040	0.934830	0
5MSA_A	4GGE_A	0.920900	0.920900	0.934690	0
5MSA_A	5CJL_A	0.922520	0.922520	0.936360	0
5MSA_A	6QN0_A	0.960840	0.960840	0.990990	0
5MSA_A	6QQM_A	0.838910	0.887250	0.838910	0
5MSA_A	6SBL_A	0.922310	0.922310	0.936150	0
5MSA_A	6YZN_A	0.922450	0.922450	0.936290	0
5MSA_A	6YZW_A	0.921860	0.921860	0.935680	0
5MSA_A	6ZR9_A	0.926610	0.926610	0.936990	0
5MSA_A	7JNR_A	0.921920	0.921920	0.935750	0
5MSA_A	7JNW_A	0.922770	0.922770	0.936620	0
5MSA_A	7NH6_AAA	0.922420	0.922420	0.932750	0
5MSA_A	7NH8_AAA	0.921340	0.921340	0.931660	0
5MSA_A	7PLF_AAA	0.914230	0.914230	0.924390	0
5MSA_A	7PRI_AAA	0.838780	0.887120	0.838780	0
5NFJ_A	4CNG_A	0.585690	0.585690	0.651870	0
5NFJ_A	4FMW_A	0.876910	0.876910	0.886210	0
5NFJ_A	4JWH_A	0.860440	0.892260	0.860440	0
5NFJ_A	5A7Z_A	0.521010	0.691940	0.521010	0
5NFJ_A	6EMV_A	0.773950	0.773950	0.806030	0
5NFX_A	1ZTU_A	0.961810	0.971170	0.961810	0
5NFX_A	2VEA_A	0.536360	0.859750	0.536360	0
5NFX_A	4GW9_A	0.454910	0.891660	0.454910	0
5NFX_A	4WKK_A	0.560150	0.882040	0.560150	0
5NFX_A	6NDO_A	0.465750	0.885750	0.465750	0
5NFX_A	6TBY_AAA	0.827210	0.865940	0.827210	0
5NFX_A	8BOR_A	0.656650	0.979010	0.656650	0
5NM3_A	1ZTU_A	0.616180	0.616180	0.980070	0
5NM3_A	2VEA_A	0.725480	0.735660	0.725480	0
5NM3_A	4GW9_A	0.698690	0.857840	0.698690	0
5NM3_A	4WKK_A	0.670720	0.670720	0.675650	0
5NM3_A	6NDO_A	0.659760	0.779050	0.659760	0
5NM3_A	6TBY_AAA	0.553560	0.553560	0.833820	0
5NM3_A	8BOR_A	0.704840	0.704840	0.750270	0
5NWN_A	1ZTU_A	0.634230	0.634230	0.980280	0
5NWN_A	2VEA_A	0.721540	0.750250	0.721540	0
5NWN_A	4GW9_A	0.691990	0.874340	0.691990	0
5NWN_A	4WKK_A	0.679290	0.692140	0.679290	0
5NWN_A	6NDO_A	0.658080	0.798840	0.658080	0
5NWN_A	6TBY_AAA	0.567890	0.567890	0.832390	0
5NWN_A	8BOR_A	0.734210	0.734210	0.762890	0
5NXG_A	1CNB_A	0.988240	0.988240	0.995960	0
5NXG_A	2HFX_A	0.962380	0.969680	0.962380	0
5NXG_A	2HFY_A	0.966960	0.974330	0.966960	0
5NXG_A	3B1B_A	0.695080	0.827800	0.695080	0
5NXG_A	3IQK_A	0.997180	0.997180	0.997180	0
5NXG_A	4GGE_A	0.996380	0.996380	0.996380	0
5NXG_A	5CJL_A	0.997120	0.997120	0.997120	0
5NXG_A	6QN0_A	0.923550	0.923550	0.937550	0
5NXG_A	6QQM_A	0.841580	0.903690	0.841580	0
5NXG_A	6SBL_A	0.997010	0.997010	0.997010	0
5NXG_A	6YZN_A	0.996190	0.996190	0.996190	0
5NXG_A	6YZW_A	0.997120	0.997120	0.997120	0
5NXG_A	6ZR9_A	0.978420	0.982180	0.978420	0
5NXG_A	7JNR_A	0.996890	0.996890	0.996890	0
5NXG_A	7JNW_A	0.997020	0.997020	0.997020	0
5NXG_A	7NH6_AAA	0.993790	0.997640	0.993790	0
5NXG_A	7NH8_AAA	0.992840	0.996690	0.992840	0
5NXG_A	7PLF_AAA	0.965370	0.969040	0.965370	0
5NXG_A	7PRI_AAA	0.840800	0.902800	0.840800	0
5NXV_A	1CNB_A	0.985900	0.985900	0.997470	0
5NXV_A	2HFX_A	0.967380	0.971040	0.967380	0
5NXV_A	2HFY_A	0.971380	0.975070	0.971380	0
5NXV_A	3B1B_A	0.696350	0.826000	0.696350	0
5NXV_A	3IQK_A	0.994050	0.994050	0.997910	0
5NXV_A	4GGE_A	0.994030	0.994030	0.997890	0
5NXV_A	5CJL_A	0.994950	0.994950	0.998820	0
5NXV_A	6QN0_A	0.919220	0.919220	0.936640	0
5NXV_A	6QQM_A	0.841470	0.900220	0.841470	0
5NXV_A	6SBL_A	0.994850	0.994850	0.998720	0
5NXV_A	6YZN_A	0.994460	0.994460	0.998320	0
5NXV_A	6YZW_A	0.995330	0.995330	0.999200	0
5NXV_A	6ZR9_A	0.979040	0.979040	0.979040	0
5NXV_A	7JNR_A	0.995060	0.995060	0.998930	0
5NXV_A	7JNW_A	0.994880	0.994880	0.998750	0
5NXV_A	7NH6_AAA	0.999150	0.999150	0.999150	0
5NXV_A	7NH8_AAA	0.998610	0.998610	0.998610	0
5NXV_A	7PLF_AAA	0.968660	0.968660	0.968660	0
5NXV_A	7PRI_AAA	0.840720	0.899390	0.840720	0
5O96_A	1J85_A	0.489010	0.489010	0.714810	0
5O96_A	1NXZ_A	0.898900	0.898900	0.898900	0
5O96_A	1V2X_A	0.537540	0.537540	0.658780	0
5O96_A	1V6Z_A	0.636010	0.636010	0.678450	0
5O96_A	1ZJR_A	0.537520	0.537520	0.640480	0
5O96_A	2HA8_A	0.501890	0.501890	0.721990	0
5O96_A	2O3A_A	0.478190	0.478190	0.681290	0
5O96_A	2QMM_A	0.486970	0.486970	0.586850	0
5O96_A	3DCM_X	0.509480	0.509480	0.631700	0
5O96_A	3KTY_A	0.496810	0.496810	0.696540	0
5O96_A	3L8U_A	0.488520	0.488520	0.727100	0
5O96_A	4CNG_A	0.478540	0.478540	0.703240	0
5O96_A	4J3C_A	0.810280	0.810280	0.859040	0
5O96_A	4L69_A	0.864120	0.870590	0.864120	0
5O9Z_y	2K0A_A	0.688580	0.823650	0.688580	0
5O9Z_y	5ZYA_D	0.885850	0.885850	0.923850	0
5O9Z_y	6QX9_BP	0.822910	0.920960	0.822910	0
5OOM_s	3J7Y_5	0.681140	0.691260	0.681140	0
5OOM_s	3J7Y_S	0.995110	0.995110	0.995110	0
5OOM_s	7QI5_5	0.664170	0.703680	0.664170	0
5OOM_s	7QI6_5	0.663930	0.701800	0.663930	0
5OQL_e	2QMM_A	0.668740	0.668740	0.727100	0
5OQL_e	2QWV_A	0.619750	0.619750	0.721440	0
5OQL_e	2V3J_A	0.914830	0.914830	0.927270	0
5OQL_e	3BBD_A	0.737340	0.737340	0.794780	0
5OQL_e	3O7B_A	0.797570	0.800960	0.797570	0
5SYB_A	2K0A_A	0.691270	0.821800	0.691270	0
5SYB_A	5ZYA_D	0.825800	0.825800	0.867910	0
5SYB_A	6QX9_BP	0.785140	0.863750	0.785140	0
5SZ2_A	1CNB_A	0.989310	0.989310	0.997050	0
5SZ2_A	2HFX_A	0.967610	0.974980	0.967610	0
5SZ2_A	2HFY_A	0.971100	0.978530	0.971100	0
5SZ2_A	3B1B_A	0.693960	0.826330	0.693960	0
5SZ2_A	3IQK_A	0.997860	0.997860	0.997860	0
5SZ2_A	4GGE_A	0.998110	0.998110	0.998110	0
5SZ2_A	5CJL_A	0.999400	0.999400	0.999400	0
5SZ2_A	6QN0_A	0.924690	0.924690	0.938720	0
5SZ2_A	6QQM_A	0.840280	0.902200	0.840280	0
5SZ2_A	6SBL_A	0.998940	0.998940	0.998940	0
5SZ2_A	6YZN_A	0.998170	0.998170	0.998170	0
5SZ2_A	6YZW_A	0.998990	0.998990	0.998990	0
5SZ2_A	6ZR9_A	0.979410	0.983180	0.979410	0
5SZ2_A	7JNR_A	0.999020	0.999020	0.999020	0
5SZ2_A	7JNW_A	0.999280	0.999280	0.999280	0
5SZ2_A	7NH6_AAA	0.995130	0.999000	0.995130	0
5SZ2_A	7NH8_AAA	0.994810	0.998680	0.994810	0
5SZ2_A	7PLF_AAA	0.968750	0.972450	0.968750	0
5SZ2_A	7PRI_AAA	0.839720	0.901570	0.839720	0
5SZ5_A	1CNB_A	0.989890	0.989890	0.997630	0
5SZ5_A	2HFX_A	0.967290	0.974660	0.967290	0
5SZ5_A	2HFY_A	0.970980	0.978400	0.970980	0
5SZ5_A	3B1B_A	0.694550	0.826910	0.694550	0
5SZ5_A	3IQK_A	0.997350	0.997350	0.997350	0
5SZ5_A	4GGE_A	0.997650	0.997650	0.997650	0
5SZ5_A	5CJL_A	0.998680	0.998680	0.998680	0
5SZ5_A	6QN0_A	0.923170	0.923170	0.937160	0
5SZ5_A	6QQM_A	0.840550	0.902450	0.840550	0
5SZ5_A	6SBL_A	0.998310	0.998310	0.998310	0
5SZ5_A	6YZN_A	0.999400	0.999400	0.999400	0
5SZ5_A	6YZW_A	0.998720	0.998720	0.998720	0
5SZ5_A	6ZR9_A	0.979700	0.983480	0.979700	0
5SZ5_A	7JNR_A	0.998510	0.998510	0.998510	0
5SZ5_A	7JNW_A	0.998480	0.998480	0.998480	0
5SZ5_A	7NH6_AAA	0.994720	0.998590	0.994720	0
5SZ5_A	7NH8_AAA	0.994700	0.998560	0.994700	0
5SZ5_A	7PLF_AAA	0.965430	0.969100	0.965430	0
5SZ5_A	7PRI_AAA	0.839930	0.901750	0.839930	0
5T8S_A	1FUG_A	0.948260	0.948260	0.960370	0
5T8S_A	4L7I_A	0.722660	0.737750	0.722660	0
5T8S_A	8AXZ_A	0.946010	0.946010	0.968060	0
5TFX_A	1CNB_A	0.985460	0.985460	0.997030	0
5TFX_A	2HFX_A	0.969020	0.972690	0.969020	0
5TFX_A	2HFY_A	0.973600	0.977310	0.973600	0
5TFX_A	3B1B_A	0.698620	0.828950	0.698620	0
5TFX_A	3IQK_A	0.995210	0.995210	0.999080	0
5TFX_A	4GGE_A	0.995470	0.995470	0.999340	0
5TFX_A	5CJL_A	0.994570	0.994570	0.998430	0
5TFX_A	6QN0_A	0.918460	0.918460	0.935840	0
5TFX_A	6QQM_A	0.837930	0.896020	0.837930	0
5TFX_A	6SBL_A	0.994420	0.994420	0.998290	0
5TFX_A	6YZN_A	0.993720	0.993720	0.997580	0
5TFX_A	6YZW_A	0.994870	0.994870	0.998740	0
5TFX_A	6ZR9_A	0.979060	0.979060	0.979060	0
5TFX_A	7JNR_A	0.994480	0.994480	0.998350	0
5TFX_A	7JNW_A	0.994320	0.994320	0.998180	0
5TFX_A	7NH6_AAA	0.996620	0.996620	0.996620	0
5TFX_A	7NH8_AAA	0.996910	0.996910	0.996910	0
5TFX_A	7PLF_AAA	0.969520	0.969520	0.969520	0
5TFX_A	7PRI_AAA	0.837480	0.895520	0.837480	0
5TH4_A	1CNB_A	0.990000	0.990000	0.997750	0
5TH4_A	2HFX_A	0.967100	0.974460	0.967100	0
5TH4_A	2HFY_A	0.971240	0.978670	0.971240	0
5TH4_A	3B1B_A	0.695210	0.827830	0.695210	0
5TH4_A	3IQK_A	0.998490	0.998490	0.998490	0
5TH4_A	4GGE_A	0.998300	0.998300	0.998300	0
5TH4_A	5CJL_A	0.999450	0.999450	0.999450	0
5TH4_A	6QN0_A	0.923530	0.923530	0.937530	0
5TH4_A	6QQM_A	0.840470	0.902430	0.840470	0
5TH4_A	6SBL_A	0.999100	0.999100	0.999100	0
5TH4_A	6YZN_A	0.997970	0.997970	0.997970	0
5TH4_A	6YZW_A	0.999400	0.999400	0.999400	0
5TH4_A	6ZR9_A	0.979390	0.983160	0.979390	0
5TH4_A	7JNR_A	0.999330	0.999330	0.999330	0
5TH4_A	7JNW_A	0.999370	0.999370	0.999370	0
5TH4_A	7NH6_AAA	0.995630	0.999500	0.995630	0
5TH4_A	7NH8_AAA	0.995240	0.999110	0.995240	0
5TH4_A	7PLF_AAA	0.968990	0.972680	0.968990	0
5TH4_A	7PRI_AAA	0.839510	0.901330	0.839510	0
5THJ_A	1CNB_A	0.989360	0.989360	0.997100	0
5THJ_A	2HFX_A	0.966870	0.974230	0.966870	0
5THJ_A	2HFY_A	0.970650	0.978060	0.970650	0
5THJ_A	3B1B_A	0.693980	0.826380	0.693980	0
5THJ_A	3IQK_A	0.997460	0.997460	0.997460	0
5THJ_A	4GGE_A	0.997540	0.997540	0.997540	0
5THJ_A	5CJL_A	0.998470	0.998470	0.998470	0
5THJ_A	6QN0_A	0.926720	0.926720	0.940820	0
5THJ_A	6QQM_A	0.839970	0.901870	0.839970	0
5THJ_A	6SBL_A	0.998400	0.998400	0.998400	0
5THJ_A	6YZN_A	0.997130	0.997130	0.997130	0
5THJ_A	6YZW_A	0.998120	0.998120	0.998120	0
5THJ_A	6ZR9_A	0.978750	0.982520	0.978750	0
5THJ_A	7JNR_A	0.997870	0.997870	0.997870	0
5THJ_A	7JNW_A	0.998310	0.998310	0.998310	0
5THJ_A	7NH6_AAA	0.994500	0.998360	0.994500	0
5THJ_A	7NH8_AAA	0.994020	0.997880	0.994020	0
5THJ_A	7PLF_AAA	0.968950	0.972640	0.968950	0
5THJ_A	7PRI_AAA	0.839400	0.901210	0.839400	0
5TT8_A	1CNB_A	0.715160	0.895580	0.715160	0
5TT8_A	2HFX_A	0.701490	0.890610	0.701490	0
5TT8_A	2HFY_A	0.701700	0.890980	0.701700	0
5TT8_A	3B1B_A	0.607050	0.913540	0.607050	0
5TT8_A	3IQK_A	0.707570	0.892010	0.707570	0
5TT8_A	4GGE_A	0.707680	0.892150	0.707680	0
5TT8_A	5CJL_A	0.707780	0.892290	0.707780	0
5TT8_A	6QN0_A	0.716820	0.890090	0.716820	0
5TT8_A	6QQM_A	0.646340	0.870860	0.646340	0
5TT8_A	6SBL_A	0.707480	0.891860	0.707480	0
5TT8_A	6YZN_A	0.708990	0.894190	0.708990	0
5TT8_A	6YZW_A	0.707800	0.892350	0.707800	0
5TT8_A	6ZR9_A	0.706200	0.893650	0.706200	0
5TT8_A	7JNR_A	0.706890	0.890980	0.706890	0
5TT8_A	7JNW_A	0.706830	0.890840	0.706830	0
5TT8_A	7NH6_AAA	0.705220	0.892350	0.705220	0
5TT8_A	7NH8_AAA	0.704940	0.892000	0.704940	0
5TT8_A	7PLF_AAA	0.697830	0.880820	0.697830	0
5TT8_A	7PRI_AAA	0.646060	0.870350	0.646060	0
5TV3_A	1CNB_A	0.781440	0.875480	0.781440	0
5TV3_A	2HFX_A	0.773390	0.879000	0.773390	0
5TV3_A	2HFY_A	0.772450	0.877840	0.772450	0
5TV3_A	3B1B_A	0.661930	0.890470	0.661930	0
5TV3_A	3IQK_A	0.776870	0.876300	0.776870	0
5TV3_A	4GGE_A	0.776830	0.876240	0.776830	0
5TV3_A	5CJL_A	0.776950	0.876380	0.776950	0
5TV3_A	6QN0_A	0.785390	0.872610	0.785390	0
5TV3_A	6QQM_A	0.706340	0.851670	0.706340	0
5TV3_A	6SBL_A	0.775920	0.875120	0.775920	0
5TV3_A	6YZN_A	0.778460	0.878500	0.778460	0
5TV3_A	6YZW_A	0.776850	0.876280	0.776850	0
5TV3_A	6ZR9_A	0.770360	0.872000	0.770360	0
5TV3_A	7JNR_A	0.775670	0.874810	0.775670	0
5TV3_A	7JNW_A	0.775540	0.874630	0.775540	0
5TV3_A	7NH6_AAA	0.774540	0.877130	0.774540	0
5TV3_A	7NH8_AAA	0.774180	0.876480	0.774180	0
5TV3_A	7PLF_AAA	0.766860	0.867040	0.766860	0
5TV3_A	7PRI_AAA	0.706210	0.851190	0.706210	0
5TWJ_A	1NS5_A	0.936060	0.936060	0.985600	0
5TWJ_A	1NXZ_A	0.416680	0.594770	0.416680	0
5TWJ_A	1UAK_A	0.474420	0.683230	0.474420	0
5TWJ_A	3ILK_A	0.445840	0.628690	0.445840	0
5TWJ_A	3KTY_A	0.598860	0.617970	0.598860	0
5TWJ_A	3O7B_A	0.431070	0.554490	0.431070	0
5TY1_A	1CNB_A	0.985070	0.985070	0.996620	0
5TY1_A	2HFX_A	0.969330	0.973000	0.969330	0
5TY1_A	2HFY_A	0.973660	0.977370	0.973660	0
5TY1_A	3B1B_A	0.698630	0.828950	0.698630	0
5TY1_A	3IQK_A	0.995020	0.995020	0.998890	0
5TY1_A	4GGE_A	0.995570	0.995570	0.999440	0
5TY1_A	5CJL_A	0.994480	0.994480	0.998340	0
5TY1_A	6QN0_A	0.919610	0.919610	0.937030	0
5TY1_A	6QQM_A	0.838230	0.896370	0.838230	0
5TY1_A	6SBL_A	0.994440	0.994440	0.998310	0
5TY1_A	6YZN_A	0.993620	0.993620	0.997480	0
5TY1_A	6YZW_A	0.994750	0.994750	0.998620	0
5TY1_A	6ZR9_A	0.978860	0.978860	0.978860	0
5TY1_A	7JNR_A	0.994310	0.994310	0.998170	0
5TY1_A	7JNW_A	0.994370	0.994370	0.998240	0
5TY1_A	7NH6_AAA	0.996400	0.996400	0.996400	0
5TY1_A	7NH8_AAA	0.996600	0.996600	0.996600	0
5TY1_A	7PLF_AAA	0.969420	0.969420	0.969420	0
5TY1_A	7PRI_AAA	0.837840	0.895930	0.837840	0
5U0F_A	1CNB_A	0.984680	0.984680	0.996220	0
5U0F_A	2HFX_A	0.968860	0.972530	0.968860	0
5U0F_A	2HFY_A	0.973140	0.976840	0.973140	0
5U0F_A	3B1B_A	0.698820	0.829200	0.698820	0
5U0F_A	3IQK_A	0.994610	0.994610	0.998470	0
5U0F_A	4GGE_A	0.995570	0.995570	0.999440	0
5U0F_A	5CJL_A	0.994220	0.994220	0.998090	0
5U0F_A	6QN0_A	0.918370	0.918370	0.935760	0
5U0F_A	6QQM_A	0.838290	0.896650	0.838290	0
5U0F_A	6SBL_A	0.994190	0.994190	0.998050	0
5U0F_A	6YZN_A	0.993550	0.993550	0.997410	0
5U0F_A	6YZW_A	0.994580	0.994580	0.998440	0
5U0F_A	6ZR9_A	0.978630	0.978630	0.978630	0
5U0F_A	7JNR_A	0.994110	0.994110	0.997970	0
5U0F_A	7JNW_A	0.994130	0.994130	0.997990	0
5U0F_A	7NH6_AAA	0.995720	0.995720	0.995720	0
5U0F_A	7NH8_AAA	0.996090	0.996090	0.996090	0
5U0F_A	7PLF_AAA	0.968990	0.968990	0.968990	0
5U0F_A	7PRI_AAA	0.837830	0.896130	0.837830	0
5UGH_A	1FUG_A	0.921400	0.955700	0.921400	0
5UGH_A	4L7I_A	0.691050	0.737840	0.691050	0
5UGH_A	8AXZ_A	0.948910	0.974410	0.948910	0
5VIK_A	1ZTU_A	0.856510	0.889540	0.856510	0
5VIK_A	2VEA_A	0.544620	0.898000	0.544620	0
5VIK_A	4GW9_A	0.456100	0.925980	0.456100	0
5VIK_A	4WKK_A	0.555980	0.892360	0.555980	0
5VIK_A	6NDO_A	0.470020	0.916160	0.470020	0
5VIK_A	6TBY_AAA	0.845490	0.910370	0.845490	0
5VIK_A	8BOR_A	0.597440	0.907540	0.597440	0
5VIQ_A	1ZTU_A	0.856650	0.889680	0.856650	0
5VIQ_A	2VEA_A	0.544950	0.898770	0.544950	0
5VIQ_A	4GW9_A	0.456180	0.926170	0.456180	0
5VIQ_A	4WKK_A	0.556080	0.892510	0.556080	0
5VIQ_A	6NDO_A	0.470070	0.916200	0.470070	0
5VIQ_A	6TBY_AAA	0.846270	0.911250	0.846270	0
5VIQ_A	8BOR_A	0.597570	0.907750	0.597570	0
5VIV_A	1ZTU_A	0.861270	0.883420	0.861270	0
5VIV_A	2VEA_A	0.542150	0.883910	0.542150	0
5VIV_A	4GW9_A	0.461690	0.935030	0.461690	0
5VIV_A	4WKK_A	0.561850	0.896800	0.561850	0
5VIV_A	6NDO_A	0.467990	0.905030	0.467990	0
5VIV_A	6TBY_AAA	0.855210	0.909790	0.855210	0
5VIV_A	8BOR_A	0.594320	0.894740	0.594320	0
5WLR_A	1CNB_A	0.990070	0.990070	0.997820	0
5WLR_A	2HFX_A	0.967750	0.975130	0.967750	0
5WLR_A	2HFY_A	0.971750	0.979190	0.971750	0
5WLR_A	3B1B_A	0.694400	0.826690	0.694400	0
5WLR_A	3IQK_A	0.997860	0.997860	0.997860	0
5WLR_A	4GGE_A	0.998130	0.998130	0.998130	0
5WLR_A	5CJL_A	0.998960	0.998960	0.998960	0
5WLR_A	6QN0_A	0.922970	0.922970	0.936950	0
5WLR_A	6QQM_A	0.840230	0.902110	0.840230	0
5WLR_A	6SBL_A	0.998740	0.998740	0.998740	0
5WLR_A	6YZN_A	0.999200	0.999200	0.999200	0
5WLR_A	6YZW_A	0.998830	0.998830	0.998830	0
5WLR_A	6ZR9_A	0.979840	0.983620	0.979840	0
5WLR_A	7JNR_A	0.998590	0.998590	0.998590	0
5WLR_A	7JNW_A	0.998510	0.998510	0.998510	0
5WLR_A	7NH6_AAA	0.994680	0.998540	0.994680	0
5WLR_A	7NH8_AAA	0.995200	0.999070	0.995200	0
5WLR_A	7PLF_AAA	0.966530	0.970210	0.966530	0
5WLR_A	7PRI_AAA	0.839720	0.901540	0.839720	0
5WYR_A	1NS5_A	0.467550	0.467550	0.704200	0
5WYR_A	1UAK_A	0.959440	0.963330	0.959440	0
5WYR_A	2O3A_A	0.382640	0.382640	0.546850	0
5WYR_A	6QQW_A	0.779940	0.779940	0.881860	0
5WYR_A	6QQZ_A	0.779290	0.779290	0.881030	0
5WYR_A	6UEV_A	0.822870	0.822870	0.904170	0
5Y2R_A	1CNB_A	0.988990	0.988990	0.996730	0
5Y2R_A	2HFX_A	0.965210	0.972550	0.965210	0
5Y2R_A	2HFY_A	0.969790	0.977190	0.969790	0
5Y2R_A	3B1B_A	0.693940	0.826360	0.693940	0
5Y2R_A	3IQK_A	0.998710	0.998710	0.998710	0
5Y2R_A	4GGE_A	0.999100	0.999100	0.999100	0
5Y2R_A	5CJL_A	0.998520	0.998520	0.998520	0
5Y2R_A	6QN0_A	0.922040	0.922040	0.936010	0
5Y2R_A	6QQM_A	0.838410	0.900090	0.838410	0
5Y2R_A	6SBL_A	0.997960	0.997960	0.997960	0
5Y2R_A	6YZN_A	0.996880	0.996880	0.996880	0
5Y2R_A	6YZW_A	0.998300	0.998300	0.998300	0
5Y2R_A	6ZR9_A	0.979310	0.983080	0.979310	0
5Y2R_A	7JNR_A	0.998390	0.998390	0.998390	0
5Y2R_A	7JNW_A	0.998370	0.998370	0.998370	0
5Y2R_A	7NH6_AAA	0.994720	0.998590	0.994720	0
5Y2R_A	7NH8_AAA	0.994730	0.998590	0.994730	0
5Y2R_A	7PLF_AAA	0.967950	0.971640	0.967950	0
5Y2R_A	7PRI_AAA	0.837710	0.899280	0.837710	0
5Y2S_A	1CNB_A	0.988570	0.988570	0.996290	0
5Y2S_A	2HFX_A	0.964850	0.972180	0.964850	0
5Y2S_A	2HFY_A	0.969190	0.976580	0.969190	0
5Y2S_A	3B1B_A	0.693780	0.826160	0.693780	0
5Y2S_A	3IQK_A	0.998710	0.998710	0.998710	0
5Y2S_A	4GGE_A	0.998840	0.998840	0.998840	0
5Y2S_A	5CJL_A	0.998230	0.998230	0.998230	0
5Y2S_A	6QN0_A	0.922330	0.922330	0.936290	0
5Y2S_A	6QQM_A	0.838300	0.899950	0.838300	0
5Y2S_A	6SBL_A	0.997720	0.997720	0.997720	0
5Y2S_A	6YZN_A	0.996640	0.996640	0.996640	0
5Y2S_A	6YZW_A	0.998080	0.998080	0.998080	0
5Y2S_A	6ZR9_A	0.978950	0.982720	0.978950	0
5Y2S_A	7JNR_A	0.998250	0.998250	0.998250	0
5Y2S_A	7JNW_A	0.998220	0.998220	0.998220	0
5Y2S_A	7NH6_AAA	0.994570	0.998440	0.994570	0
5Y2S_A	7NH8_AAA	0.994540	0.998400	0.994540	0
5Y2S_A	7PLF_AAA	0.967500	0.971190	0.967500	0
5Y2S_A	7PRI_AAA	0.837570	0.899110	0.837570	0
5YUJ_A	1CNB_A	0.989720	0.989720	0.997470	0
5YUJ_A	2HFX_A	0.966450	0.973810	0.966450	0
5YUJ_A	2HFY_A	0.970740	0.978160	0.970740	0
5YUJ_A	3B1B_A	0.694130	0.826570	0.694130	0
5YUJ_A	3IQK_A	0.998440	0.998440	0.998440	0
5YUJ_A	4GGE_A	0.998410	0.998410	0.998410	0
5YUJ_A	5CJL_A	0.999390	0.999390	0.999390	0
5YUJ_A	6QN0_A	0.925260	0.925260	0.939310	0
5YUJ_A	6QQM_A	0.840390	0.902300	0.840390	0
5YUJ_A	6SBL_A	0.998680	0.998680	0.998680	0
5YUJ_A	6YZN_A	0.997970	0.997970	0.997970	0
5YUJ_A	6YZW_A	0.999080	0.999080	0.999080	0
5YUJ_A	6ZR9_A	0.980030	0.983810	0.980030	0
5YUJ_A	7JNR_A	0.999030	0.999030	0.999030	0
5YUJ_A	7JNW_A	0.999200	0.999200	0.999200	0
5YUJ_A	7NH6_AAA	0.995680	0.999550	0.995680	0
5YUJ_A	7NH8_AAA	0.995220	0.999090	0.995220	0
5YUJ_A	7PLF_AAA	0.968690	0.972380	0.968690	0
5YUJ_A	7PRI_AAA	0.839690	0.901520	0.839690	0
5ZD5_D	5ZYA_D	0.992610	0.992610	0.992610	0
5ZD5_D	6QX9_BP	0.788490	0.916290	0.788490	0
6AFK_A	1UAK_A	0.948360	0.971950	0.948360	0
6AFK_A	6QQW_A	0.795200	0.795200	0.881780	0
6AFK_A	6QQZ_A	0.794360	0.794360	0.880760	0
6AFK_A	6UEV_A	0.828870	0.828870	0.893590	0
6B00_A	1CNB_A	0.964100	0.964100	0.994190	0
6B00_A	2HFX_A	0.945750	0.945750	0.959960	0
6B00_A	2HFY_A	0.950770	0.950770	0.965120	0
6B00_A	3B1B_A	0.696140	0.811710	0.696140	0
6B00_A	3IQK_A	0.972000	0.972000	0.994580	0
6B00_A	4GGE_A	0.971040	0.971040	0.993580	0
6B00_A	5CJL_A	0.972350	0.972350	0.994950	0
6B00_A	6QN0_A	0.903080	0.903080	0.937270	0
6B00_A	6QQM_A	0.842290	0.884780	0.842290	0
6B00_A	6SBL_A	0.971470	0.971470	0.994030	0
6B00_A	6YZN_A	0.970490	0.970490	0.993010	0
6B00_A	6YZW_A	0.972000	0.972000	0.994580	0
6B00_A	6ZR9_A	0.961050	0.961050	0.979410	0
6B00_A	7JNR_A	0.971770	0.971770	0.994340	0
6B00_A	7JNW_A	0.972100	0.972100	0.994680	0
6B00_A	7NH6_AAA	0.972550	0.972550	0.991310	0
6B00_A	7NH8_AAA	0.971830	0.971830	0.990570	0
6B00_A	7PLF_AAA	0.946950	0.946950	0.964880	0
6B00_A	7PRI_AAA	0.841620	0.884080	0.841620	0
6BAF_A	1ZTU_A	0.847100	0.860500	0.847100	0
6BAF_A	2VEA_A	0.550400	0.889750	0.550400	0
6BAF_A	4GW9_A	0.444180	0.876800	0.444180	0
6BAF_A	4WKK_A	0.561190	0.884530	0.561190	0
6BAF_A	6NDO_A	0.465040	0.884010	0.465040	0
6BAF_A	6TBY_AAA	0.884950	0.932400	0.884950	0
6BAF_A	8BOR_A	0.587000	0.872330	0.587000	0
6BAK_A	1ZTU_A	0.847960	0.861380	0.847960	0
6BAK_A	2VEA_A	0.551370	0.892040	0.551370	0
6BAK_A	4GW9_A	0.444390	0.877550	0.444390	0
6BAK_A	4WKK_A	0.561520	0.885160	0.561520	0
6BAK_A	6NDO_A	0.465110	0.884130	0.465110	0
6BAK_A	6TBY_AAA	0.885070	0.932550	0.885070	0
6BAK_A	8BOR_A	0.587640	0.873560	0.587640	0
6BAO_A	1ZTU_A	0.541740	0.541740	0.866880	0
6BAO_A	2VEA_A	0.870920	0.870920	0.875820	0
6BAO_A	4GW9_A	0.656580	0.786720	0.656580	0
6BAO_A	4WKK_A	0.781160	0.781160	0.801870	0
6BAO_A	6NDO_A	0.716890	0.835910	0.716890	0
6BAO_A	6TBY_AAA	0.581120	0.581120	0.896570	0
6BAO_A	8BOR_A	0.754650	0.754650	0.823120	0
6BAP_A	1ZTU_A	0.534430	0.534430	0.855820	0
6BAP_A	2VEA_A	0.792560	0.792560	0.799510	0
6BAP_A	4GW9_A	0.657620	0.784360	0.657620	0
6BAP_A	4WKK_A	0.672600	0.672600	0.691250	0
6BAP_A	6NDO_A	0.668600	0.770760	0.668600	0
6BAP_A	6TBY_AAA	0.582390	0.582390	0.902820	0
6BAP_A	8BOR_A	0.698090	0.698090	0.761120	0
6BAY_A	1ZTU_A	0.535100	0.535100	0.857470	0
6BAY_A	2VEA_A	0.790300	0.790300	0.797170	0
6BAY_A	4GW9_A	0.655590	0.781610	0.655590	0
6BAY_A	4WKK_A	0.664820	0.664820	0.683030	0
6BAY_A	6NDO_A	0.666710	0.768440	0.666710	0
6BAY_A	6TBY_AAA	0.582230	0.582230	0.902420	0
6BAY_A	8BOR_A	0.696140	0.696140	0.758830	0
6D1L_A	1CNB_A	0.980580	0.980580	0.995910	0
6D1L_A	2HFX_A	0.972600	0.972600	0.972600	0
6D1L_A	2HFY_A	0.976430	0.976430	0.976430	0
6D1L_A	3B1B_A	0.700740	0.828350	0.700740	0
6D1L_A	3IQK_A	0.990610	0.990610	0.998300	0
6D1L_A	4GGE_A	0.991720	0.991720	0.999440	0
6D1L_A	5CJL_A	0.990210	0.990210	0.997910	0
6D1L_A	6QN0_A	0.915320	0.915320	0.936110	0
6D1L_A	6QQM_A	0.837620	0.892620	0.837620	0
6D1L_A	6SBL_A	0.990240	0.990240	0.997930	0
6D1L_A	6YZN_A	0.989490	0.989490	0.997170	0
6D1L_A	6YZW_A	0.990590	0.990590	0.998290	0
6D1L_A	6ZR9_A	0.974830	0.974830	0.978570	0
6D1L_A	7JNR_A	0.990400	0.990400	0.998100	0
6D1L_A	7JNW_A	0.990440	0.990440	0.998130	0
6D1L_A	7NH6_AAA	0.991760	0.991760	0.995590	0
6D1L_A	7NH8_AAA	0.992020	0.992020	0.995860	0
6D1L_A	7PLF_AAA	0.965860	0.965860	0.969520	0
6D1L_A	7PRI_AAA	0.837100	0.892050	0.837100	0
6EMU_A	4FMW_A	0.780430	0.805070	0.780430	0
6EMU_A	4JWH_A	0.768140	0.829260	0.768140	0
6EMU_A	5A7Y_A	0.474260	0.734270	0.474260	0
6EMU_A	5A7Z_A	0.559010	0.780960	0.559010	0
6EMU_A	5C77_A	0.603340	0.703190	0.603340	0
6EMU_A	6EMV_A	0.997850	0.997850	0.997850	0
6FHT_A	1ZTU_A	0.419020	0.419020	0.986360	0
6FHT_A	2VEA_A	0.588880	0.588880	0.834550	0
6FHT_A	4GW9_A	0.603820	0.603820	0.705350	0
6FHT_A	4WKK_A	0.557580	0.557580	0.794690	0
6FHT_A	6NDO_A	0.614130	0.614130	0.743230	0
6FHT_A	6TBY_AAA	0.391990	0.391990	0.861890	0
6FHT_A	8BOR_A	0.572080	0.572080	0.886510	0
6GAW_Ba	3J7Y_5	0.937150	0.937150	0.978790	0
6GAW_Ba	3J7Y_S	0.659080	0.659080	0.696430	0
6GAW_Ba	7QI5_5	0.981210	0.983670	0.981210	0
6GAW_Ba	7QI6_5	0.981430	0.981430	0.981430	0
6GAW_Bw	3J7Y_5	0.675880	0.675880	0.693940	0
6GAW_Bw	3J7Y_S	0.942450	0.942450	0.985300	0
6GAW_Bw	7QI5_5	0.686240	0.697580	0.686240	0
6GAW_Bw	7QI6_5	0.685580	0.695260	0.685580	0
6GOT_A	1CNB_A	0.989860	0.989860	0.997610	0
6GOT_A	2HFX_A	0.966230	0.973590	0.966230	0
6GOT_A	2HFY_A	0.970560	0.977980	0.970560	0
6GOT_A	3B1B_A	0.693570	0.825800	0.693570	0
6GOT_A	3IQK_A	0.998570	0.998570	0.998570	0
6GOT_A	4GGE_A	0.998720	0.998720	0.998720	0
6GOT_A	5CJL_A	0.999470	0.999470	0.999470	0
6GOT_A	6QN0_A	0.924360	0.924360	0.938390	0
6GOT_A	6QQM_A	0.840290	0.902190	0.840290	0
6GOT_A	6SBL_A	0.998830	0.998830	0.998830	0
6GOT_A	6YZN_A	0.998070	0.998070	0.998070	0
6GOT_A	6YZW_A	0.999300	0.999300	0.999300	0
6GOT_A	6ZR9_A	0.979890	0.983660	0.979890	0
6GOT_A	7JNR_A	0.999290	0.999290	0.999290	0
6GOT_A	7JNW_A	0.999330	0.999330	0.999330	0
6GOT_A	7NH6_AAA	0.995830	0.999710	0.995830	0
6GOT_A	7NH8_AAA	0.995510	0.999390	0.995510	0
6GOT_A	7PLF_AAA	0.968080	0.971770	0.968080	0
6GOT_A	7PRI_AAA	0.839590	0.901400	0.839590	0
6H36_A	1CNB_A	0.968850	0.968850	0.983840	0
6H36_A	2HFX_A	0.962250	0.962250	0.962250	0
6H36_A	2HFY_A	0.966500	0.966500	0.966500	0
6H36_A	3B1B_A	0.695650	0.822370	0.695650	0
6H36_A	3IQK_A	0.976220	0.976220	0.983710	0
6H36_A	4GGE_A	0.977400	0.977400	0.984910	0
6H36_A	5CJL_A	0.977480	0.977480	0.985000	0
6H36_A	6QN0_A	0.917860	0.917860	0.938660	0
6H36_A	6QQM_A	0.838100	0.893060	0.838100	0
6H36_A	6SBL_A	0.976660	0.976660	0.984160	0
6H36_A	6YZN_A	0.977380	0.977380	0.984890	0
6H36_A	6YZW_A	0.977690	0.977690	0.985200	0
6H36_A	6ZR9_A	0.993360	0.993360	0.997200	0
6H36_A	7JNR_A	0.978110	0.978110	0.985630	0
6H36_A	7JNW_A	0.978070	0.978070	0.985590	0
6H36_A	7NH6_AAA	0.977250	0.977250	0.980990	0
6H36_A	7NH8_AAA	0.977300	0.977300	0.981040	0
6H36_A	7PLF_AAA	0.968440	0.968440	0.972120	0
6H36_A	7PRI_AAA	0.837900	0.892860	0.837900	0
6HR3_A	1CNB_A	0.988610	0.988610	0.996340	0
6HR3_A	2HFX_A	0.965470	0.972810	0.965470	0
6HR3_A	2HFY_A	0.969670	0.977080	0.969670	0
6HR3_A	3B1B_A	0.695930	0.828730	0.695930	0
6HR3_A	3IQK_A	0.998110	0.998110	0.998110	0
6HR3_A	4GGE_A	0.998660	0.998660	0.998660	0
6HR3_A	5CJL_A	0.997460	0.997460	0.997460	0
6HR3_A	6QN0_A	0.920740	0.920740	0.934670	0
6HR3_A	6QQM_A	0.837240	0.898770	0.837240	0
6HR3_A	6SBL_A	0.997970	0.997970	0.997970	0
6HR3_A	6YZN_A	0.996630	0.996630	0.996630	0
6HR3_A	6YZW_A	0.997630	0.997630	0.997630	0
6HR3_A	6ZR9_A	0.978070	0.981830	0.978070	0
6HR3_A	7JNR_A	0.997420	0.997420	0.997420	0
6HR3_A	7JNW_A	0.997310	0.997310	0.997310	0
6HR3_A	7NH6_AAA	0.993500	0.997360	0.993500	0
6HR3_A	7NH8_AAA	0.994140	0.998000	0.994140	0
6HR3_A	7PLF_AAA	0.967090	0.970770	0.967090	0
6HR3_A	7PRI_AAA	0.836590	0.898040	0.836590	0
6JOF_A	1UAK_A	0.780770	0.912270	0.780770	0
6JOF_A	6QQW_A	0.938030	0.964760	0.938030	0
6JOF_A	6QQZ_A	0.938430	0.965170	0.938430	0
6JOF_A	6UEV_A	0.836430	0.885300	0.836430	0
6KM1_A	1CNB_A	0.988850	0.988850	0.996580	0
6KM1_A	2HFX_A	0.965460	0.972800	0.965460	0
6KM1_A	2HFY_A	0.969770	0.977180	0.969770	0
6KM1_A	3B1B_A	0.693500	0.825700	0.693500	0
6KM1_A	3IQK_A	0.997860	0.997860	0.997860	0
6KM1_A	4GGE_A	0.998310	0.998310	0.998310	0
6KM1_A	5CJL_A	0.998590	0.998590	0.998590	0
6KM1_A	6QN0_A	0.922110	0.922110	0.936070	0
6KM1_A	6QQM_A	0.839380	0.901170	0.839380	0
6KM1_A	6SBL_A	0.998200	0.998200	0.998200	0
6KM1_A	6YZN_A	0.997200	0.997200	0.997200	0
6KM1_A	6YZW_A	0.998690	0.998690	0.998690	0
6KM1_A	6ZR9_A	0.978460	0.982230	0.978460	0
6KM1_A	7JNR_A	0.998840	0.998840	0.998840	0
6KM1_A	7JNW_A	0.998580	0.998580	0.998580	0
6KM1_A	7NH6_AAA	0.994860	0.998730	0.994860	0
6KM1_A	7NH8_AAA	0.995020	0.998880	0.995020	0
6KM1_A	7PLF_AAA	0.968270	0.971960	0.968270	0
6KM1_A	7PRI_AAA	0.838660	0.900340	0.838660	0
6OTI_A	1CNB_A	0.989990	0.989990	0.997730	0
6OTI_A	2HFX_A	0.967430	0.974800	0.967430	0
6OTI_A	2HFY_A	0.971970	0.979400	0.971970	0
6OTI_A	3B1B_A	0.694360	0.826620	0.694360	0
6OTI_A	3IQK_A	0.997640	0.997640	0.997640	0
6OTI_A	4GGE_A	0.997370	0.997370	0.997370	0
6OTI_A	5CJL_A	0.998140	0.998140	0.998140	0
6OTI_A	6QN0_A	0.923810	0.923810	0.937830	0
6OTI_A	6QQM_A	0.841900	0.904020	0.841900	0
6OTI_A	6SBL_A	0.997710	0.997710	0.997710	0
6OTI_A	6YZN_A	0.997730	0.997730	0.997730	0
6OTI_A	6YZW_A	0.997840	0.997840	0.997840	0
6OTI_A	6ZR9_A	0.979640	0.983420	0.979640	0
6OTI_A	7JNR_A	0.997680	0.997680	0.997680	0
6OTI_A	7JNW_A	0.997550	0.997550	0.997550	0
6OTI_A	7NH6_AAA	0.994180	0.998040	0.994180	0
6OTI_A	7NH8_AAA	0.994550	0.998410	0.994550	0
6OTI_A	7PLF_AAA	0.967360	0.971040	0.967360	0
6OTI_A	7PRI_AAA	0.841350	0.903410	0.841350	0
6PTQ_A	1ZTU_A	0.559200	0.559200	0.858360	0
6PTQ_A	2VEA_A	0.846350	0.875610	0.846350	0
6PTQ_A	4GW9_A	0.657030	0.820280	0.657030	0
6PTQ_A	4WKK_A	0.739690	0.747610	0.739690	0
6PTQ_A	6NDO_A	0.710940	0.865220	0.710940	0
6PTQ_A	6TBY_AAA	0.575480	0.575480	0.848210	0
6PTQ_A	8BOR_A	0.752950	0.752950	0.789450	0
6PTX_A	1ZTU_A	0.560770	0.560770	0.859370	0
6PTX_A	2VEA_A	0.832490	0.862670	0.832490	0
6PTX_A	4GW9_A	0.662120	0.829440	0.662120	0
6PTX_A	4WKK_A	0.737020	0.746320	0.737020	0
6PTX_A	6NDO_A	0.707870	0.863080	0.707870	0
6PTX_A	6TBY_AAA	0.577620	0.577620	0.850160	0
6PTX_A	8BOR_A	0.755600	0.755600	0.790860	0
6PU2_A	1ZTU_A	0.560190	0.560190	0.858150	0
6PU2_A	2VEA_A	0.831230	0.861310	0.831230	0
6PU2_A	4GW9_A	0.660170	0.826630	0.660170	0
6PU2_A	4WKK_A	0.733770	0.743010	0.733770	0
6PU2_A	6NDO_A	0.706470	0.861090	0.706470	0
6PU2_A	6TBY_AAA	0.577010	0.577010	0.848970	0
6PU2_A	8BOR_A	0.753690	0.753690	0.788820	0
6QNL_A	1CNB_A	0.928350	0.935410	0.928350	0
6QNL_A	2HFX_A	0.923820	0.944920	0.923820	0
6QNL_A	2HFY_A	0.922120	0.943160	0.922120	0
6QNL_A	3B1B_A	0.686500	0.829540	0.686500	0
6QNL_A	3IQK_A	0.925760	0.939810	0.925760	0
6QNL_A	4GGE_A	0.925490	0.939530	0.925490	0
6QNL_A	5CJL_A	0.927610	0.941720	0.927610	0
6QNL_A	6QN0_A	0.990340	0.990340	0.990340	0
6QNL_A	6QQM_A	0.824490	0.897880	0.824490	0
6QNL_A	6SBL_A	0.927140	0.941230	0.927140	0
6QNL_A	6YZN_A	0.927340	0.941430	0.927340	0
6QNL_A	6YZW_A	0.926570	0.940660	0.926570	0
6QNL_A	6ZR9_A	0.926080	0.943690	0.926080	0
6QNL_A	7JNR_A	0.926710	0.940800	0.926710	0
6QNL_A	7JNW_A	0.927450	0.941550	0.927450	0
6QNL_A	7NH6_AAA	0.923870	0.941430	0.923870	0
6QNL_A	7NH8_AAA	0.922810	0.940340	0.922810	0
6QNL_A	7PLF_AAA	0.917820	0.935120	0.917820	0
6QNL_A	7PRI_AAA	0.824120	0.897650	0.824120	0
6QOE_A	1UAK_A	0.769970	0.868770	0.769970	0
6QOE_A	6QQW_A	0.989660	0.989660	0.994300	0
6QOE_A	6QQZ_A	0.989760	0.989760	0.994400	0
6QOE_A	6UEV_A	0.828080	0.849360	0.828080	0
6QOW_A	1UAK_A	0.774750	0.874820	0.774750	0
6QOW_A	6QQW_A	0.990660	0.990660	0.995310	0
6QOW_A	6QQZ_A	0.990640	0.990640	0.995290	0
6QOW_A	6UEV_A	0.835260	0.856880	0.835260	0
6QQQ_A	1UAK_A	0.762660	0.867820	0.762660	0
6QQQ_A	6QQW_A	0.991590	0.996270	0.991590	0
6QQQ_A	6QQZ_A	0.991480	0.996160	0.991480	0
6QQQ_A	6UEV_A	0.817550	0.845450	0.817550	0
6QQY_A	1UAK_A	0.778640	0.868300	0.778640	0
6QQY_A	6QQW_A	0.980610	0.980610	0.999100	0
6QQY_A	6QQZ_A	0.980530	0.980530	0.999010	0
6QQY_A	6UEV_A	0.836010	0.846640	0.836010	0
6QR2_A	1UAK_A	0.772030	0.871690	0.772030	0
6QR2_A	6QQW_A	0.994050	0.994050	0.998730	0
6QR2_A	6QQZ_A	0.994320	0.994320	0.999000	0
6QR2_A	6UEV_A	0.829060	0.850390	0.829060	0
6QRD_A	1UAK_A	0.774910	0.879160	0.774910	0
6QRD_A	6QQW_A	0.998620	0.998620	0.998620	0
6QRD_A	6QQZ_A	0.999100	0.999100	0.999100	0
6QRD_A	6UEV_A	0.832270	0.857470	0.832270	0
6QRE_A	1NS5_A	0.509190	0.509190	0.682230	0
6QRE_A	1UAK_A	0.761660	0.866830	0.761660	0
6QRE_A	2O3A_A	0.431270	0.431270	0.545350	0
6QRE_A	6QQW_A	0.987490	0.992140	0.987490	0
6QRE_A	6QQZ_A	0.986690	0.991330	0.986690	0
6QRE_A	6UEV_A	0.812450	0.840310	0.812450	0
6R6Y_A	1CNB_A	0.917600	0.917600	0.938450	0
6R6Y_A	2HFX_A	0.925060	0.925060	0.931960	0
6R6Y_A	2HFY_A	0.923920	0.923920	0.930800	0
6R6Y_A	3B1B_A	0.696260	0.816590	0.696260	0
6R6Y_A	3IQK_A	0.922250	0.922250	0.936090	0
6R6Y_A	4GGE_A	0.922040	0.922040	0.935870	0
6R6Y_A	5CJL_A	0.923760	0.923760	0.937640	0
6R6Y_A	6QN0_A	0.959730	0.959730	0.989800	0
6R6Y_A	6QQM_A	0.840370	0.888850	0.840370	0
6R6Y_A	6SBL_A	0.923360	0.923360	0.937220	0
6R6Y_A	6YZN_A	0.923680	0.923680	0.937560	0
6R6Y_A	6YZW_A	0.923010	0.923010	0.936860	0
6R6Y_A	6ZR9_A	0.927710	0.927710	0.938120	0
6R6Y_A	7JNR_A	0.922980	0.922980	0.936830	0
6R6Y_A	7JNW_A	0.923670	0.923670	0.937540	0
6R6Y_A	7NH6_AAA	0.923430	0.923430	0.933790	0
6R6Y_A	7NH8_AAA	0.922660	0.922660	0.933010	0
6R6Y_A	7PLF_AAA	0.915570	0.915570	0.925760	0
6R6Y_A	7PRI_AAA	0.840200	0.888680	0.840200	0
6RG4_A	1CNB_A	0.985880	0.985880	0.997450	0
6RG4_A	2HFX_A	0.967870	0.971540	0.967870	0
6RG4_A	2HFY_A	0.972060	0.975760	0.972060	0
6RG4_A	3B1B_A	0.696500	0.826170	0.696500	0
6RG4_A	3IQK_A	0.994820	0.994820	0.998690	0
6RG4_A	4GGE_A	0.995240	0.995240	0.999110	0
6RG4_A	5CJL_A	0.995730	0.995730	0.999600	0
6RG4_A	6QN0_A	0.920110	0.920110	0.937550	0
6RG4_A	6QQM_A	0.840060	0.898620	0.840060	0
6RG4_A	6SBL_A	0.995300	0.995300	0.999170	0
6RG4_A	6YZN_A	0.994580	0.994580	0.998450	0
6RG4_A	6YZW_A	0.995760	0.995760	0.999630	0
6RG4_A	6ZR9_A	0.980040	0.980040	0.980040	0
6RG4_A	7JNR_A	0.995690	0.995690	0.999560	0
6RG4_A	7JNW_A	0.995720	0.995720	0.999590	0
6RG4_A	7NH6_AAA	0.999750	0.999750	0.999750	0
6RG4_A	7NH8_AAA	0.999570	0.999570	0.999570	0
6RG4_A	7PLF_AAA	0.970210	0.970210	0.970210	0
6RG4_A	7PRI_AAA	0.839450	0.897940	0.839450	0
6RQQ_A	1CNB_A	0.903440	0.903440	0.906850	0
6RQQ_A	2HFX_A	0.897770	0.907840	0.897770	0
6RQQ_A	2HFY_A	0.895540	0.905550	0.895540	0
6RQQ_A	3B1B_A	0.690440	0.825740	0.690440	0
6RQQ_A	3IQK_A	0.903150	0.906530	0.903150	0
6RQQ_A	4GGE_A	0.903780	0.907160	0.903780	0
6RQQ_A	5CJL_A	0.905490	0.908880	0.905490	0
6RQQ_A	6QN0_A	0.913650	0.913650	0.924070	0
6RQQ_A	6QQM_A	0.827210	0.891080	0.827210	0
6RQQ_A	6SBL_A	0.905360	0.908760	0.905360	0
6RQQ_A	6YZN_A	0.906950	0.910350	0.906950	0
6RQQ_A	6YZW_A	0.906140	0.909530	0.906140	0
6RQQ_A	6ZR9_A	0.905760	0.912570	0.905760	0
6RQQ_A	7JNR_A	0.905720	0.909110	0.905720	0
6RQQ_A	7JNW_A	0.905630	0.909020	0.905630	0
6RQQ_A	7NH6_AAA	0.901930	0.908690	0.901930	0
6RQQ_A	7NH8_AAA	0.901660	0.908420	0.901660	0
6RQQ_A	7PLF_AAA	0.885750	0.892300	0.885750	0
6RQQ_A	7PRI_AAA	0.827280	0.891180	0.827280	0
6RXX_CN	2QMM_A	0.641960	0.641960	0.729410	0
6RXX_CN	2QWV_A	0.591500	0.591500	0.719220	0
6RXX_CN	2V3J_A	0.894580	0.894580	0.951730	0
6RXX_CN	3BBD_A	0.711050	0.711050	0.803340	0
6RXX_CN	3O7B_A	0.768270	0.768270	0.801090	0
6RXY_CN	2O3A_A	0.457250	0.457250	0.608430	0
6RXY_CN	2QMM_A	0.639370	0.639370	0.726080	0
6RXY_CN	2QWV_A	0.591820	0.591820	0.719400	0
6RXY_CN	2V3J_A	0.892660	0.892660	0.949520	0
6RXY_CN	3BBD_A	0.710100	0.710100	0.802020	0
6RXY_CN	3O7B_A	0.762460	0.762460	0.794920	0
6RXZ_CN	2QMM_A	0.642190	0.642190	0.729700	0
6RXZ_CN	2QWV_A	0.593310	0.593310	0.722000	0
6RXZ_CN	2V3J_A	0.888790	0.888790	0.945180	0
6RXZ_CN	3BBD_A	0.707570	0.707570	0.798800	0
6RXZ_CN	3O7B_A	0.761950	0.761950	0.794290	0
6UGN_A	1CNB_A	0.990030	0.990030	0.997780	0
6UGN_A	2HFX_A	0.966510	0.973870	0.966510	0
6UGN_A	2HFY_A	0.970880	0.978300	0.970880	0
6UGN_A	3B1B_A	0.695040	0.827570	0.695040	0
6UGN_A	3IQK_A	0.998740	0.998740	0.998740	0
6UGN_A	4GGE_A	0.998120	0.998120	0.998120	0
6UGN_A	5CJL_A	0.999190	0.999190	0.999190	0
6UGN_A	6QN0_A	0.923790	0.923790	0.937800	0
6UGN_A	6QQM_A	0.841750	0.903870	0.841750	0
6UGN_A	6SBL_A	0.999050	0.999050	0.999050	0
6UGN_A	6YZN_A	0.997780	0.997780	0.997780	0
6UGN_A	6YZW_A	0.999060	0.999060	0.999060	0
6UGN_A	6ZR9_A	0.979020	0.982790	0.979020	0
6UGN_A	7JNR_A	0.998850	0.998850	0.998850	0
6UGN_A	7JNW_A	0.998930	0.998930	0.998930	0
6UGN_A	7NH6_AAA	0.995530	0.999410	0.995530	0
6UGN_A	7NH8_AAA	0.995170	0.999040	0.995170	0
6UGN_A	7PLF_AAA	0.967810	0.971500	0.967810	0
6UGN_A	7PRI_AAA	0.841010	0.903040	0.841010	0
6Y74_A	1CNB_A	0.894290	0.894290	0.904370	0
6Y74_A	2HFX_A	0.905800	0.909170	0.905800	0
6Y74_A	2HFY_A	0.902720	0.906060	0.902720	0
6Y74_A	3B1B_A	0.697310	0.827870	0.697310	0
6Y74_A	3IQK_A	0.896980	0.896980	0.900310	0
6Y74_A	4GGE_A	0.898090	0.898090	0.901430	0
6Y74_A	5CJL_A	0.899450	0.899450	0.902800	0
6Y74_A	6QN0_A	0.910450	0.910450	0.927830	0
6Y74_A	6QQM_A	0.825490	0.882610	0.825490	0
6Y74_A	6SBL_A	0.899910	0.899910	0.903260	0
6Y74_A	6YZN_A	0.901730	0.901730	0.905090	0
6Y74_A	6YZW_A	0.900030	0.900030	0.903380	0
6Y74_A	6ZR9_A	0.904430	0.904430	0.904430	0
6Y74_A	7JNR_A	0.899660	0.899660	0.903010	0
6Y74_A	7JNW_A	0.899860	0.899860	0.903210	0
6Y74_A	7NH6_AAA	0.900660	0.900660	0.900660	0
6Y74_A	7NH8_AAA	0.900230	0.900230	0.900230	0
6Y74_A	7PLF_AAA	0.888250	0.888250	0.888250	0
6Y74_A	7PRI_AAA	0.825790	0.882970	0.825790	0
6YJ3_A	1CNB_A	0.980190	0.980190	0.991630	0
6YJ3_A	2HFX_A	0.962000	0.965630	0.962000	0
6YJ3_A	2HFY_A	0.966950	0.970610	0.966950	0
6YJ3_A	3B1B_A	0.697910	0.828090	0.697910	0
6YJ3_A	3IQK_A	0.989780	0.989780	0.993610	0
6YJ3_A	4GGE_A	0.990250	0.990250	0.994090	0
6YJ3_A	5CJL_A	0.989040	0.989040	0.992870	0
6YJ3_A	6QN0_A	0.914490	0.914490	0.931730	0
6YJ3_A	6QQM_A	0.835800	0.893820	0.835800	0
6YJ3_A	6SBL_A	0.989660	0.989660	0.993490	0
6YJ3_A	6YZN_A	0.988170	0.988170	0.991990	0
6YJ3_A	6YZW_A	0.989350	0.989350	0.993170	0
6YJ3_A	6ZR9_A	0.975780	0.975780	0.975780	0
6YJ3_A	7JNR_A	0.989240	0.989240	0.993070	0
6YJ3_A	7JNW_A	0.989040	0.989040	0.992870	0
6YJ3_A	7NH6_AAA	0.991960	0.991960	0.991960	0
6YJ3_A	7NH8_AAA	0.993050	0.993050	0.993050	0
6YJ3_A	7PLF_AAA	0.967340	0.967340	0.967340	0
6YJ3_A	7PRI_AAA	0.835690	0.893680	0.835690	0
7LOO_A	1FUG_A	0.952870	0.962690	0.952870	0
7LOO_A	4L7I_A	0.716260	0.746790	0.716260	0
7LOO_A	8AXZ_A	0.970880	0.970880	0.970880	0
7MU3_A	1CNB_A	0.981930	0.981930	0.997300	0
7MU3_A	2HFX_A	0.969610	0.969610	0.969610	0
7MU3_A	2HFY_A	0.972550	0.972550	0.972550	0
7MU3_A	3B1B_A	0.699850	0.827260	0.699850	0
7MU3_A	3IQK_A	0.990400	0.990400	0.998100	0
7MU3_A	4GGE_A	0.990280	0.990280	0.997970	0
7MU3_A	5CJL_A	0.990240	0.990240	0.997930	0
7MU3_A	6QN0_A	0.915800	0.915800	0.936620	0
7MU3_A	6QQM_A	0.839770	0.895010	0.839770	0
7MU3_A	6SBL_A	0.990370	0.990370	0.998060	0
7MU3_A	6YZN_A	0.990860	0.990860	0.998560	0
7MU3_A	6YZW_A	0.990450	0.990450	0.998140	0
7MU3_A	6ZR9_A	0.975990	0.975990	0.979740	0
7MU3_A	7JNR_A	0.990080	0.990080	0.997770	0
7MU3_A	7JNW_A	0.990210	0.990210	0.997900	0
7MU3_A	7NH6_AAA	0.991800	0.991800	0.995630	0
7MU3_A	7NH8_AAA	0.991970	0.991970	0.995810	0
7MU3_A	7PLF_AAA	0.963990	0.963990	0.967640	0
7MU3_A	7PRI_AAA	0.839040	0.894200	0.839040	0
7NG1_A	1CNB_A	0.836200	0.836200	0.904600	0
7NG1_A	2HFX_A	0.830680	0.830680	0.884970	0
7NG1_A	2HFY_A	0.835010	0.835010	0.889800	0
7NG1_A	3B1B_A	0.681180	0.755990	0.681180	0
7NG1_A	3IQK_A	0.839350	0.839350	0.901120	0
7NG1_A	4GGE_A	0.838280	0.838280	0.899940	0
7NG1_A	5CJL_A	0.840310	0.840310	0.902230	0
7NG1_A	6QN0_A	0.821840	0.821840	0.894830	0
7NG1_A	6QQM_A	0.999710	0.999710	0.999710	0
7NG1_A	6SBL_A	0.840920	0.840920	0.902920	0
7NG1_A	6YZN_A	0.840380	0.840380	0.902270	0
7NG1_A	6YZW_A	0.840490	0.840490	0.902420	0
7NG1_A	6ZR9_A	0.835950	0.835950	0.894110	0
7NG1_A	7JNR_A	0.840290	0.840290	0.902220	0
7NG1_A	7JNW_A	0.840170	0.840170	0.902080	0
7NG1_A	7NH6_AAA	0.840570	0.840570	0.899210	0
7NG1_A	7NH8_AAA	0.839980	0.839980	0.898530	0
7NG1_A	7PLF_AAA	0.832990	0.832990	0.890720	0
7NG1_A	7PRI_AAA	0.999560	0.999560	0.999560	0
7OCK_B	1FUG_A	0.963120	0.963120	0.965590	0
7OCK_B	4L7I_A	0.700560	0.721620	0.700560	0
7OCK_B	8AXZ_A	0.934250	0.934250	0.946280	0
7ONU_F	1J85_A	0.414840	0.414840	0.674530	0
7ONU_F	1ZJR_A	0.436450	0.436450	0.574030	0
7ONU_F	2HA8_A	0.416140	0.416140	0.658950	0
7ONU_F	3L8U_A	0.409670	0.409670	0.672610	0
7ONU_F	4CNG_A	0.409010	0.409010	0.662120	0
7ONU_F	4FMW_A	0.587420	0.587420	0.895600	0
7ONU_F	4JWH_A	0.592480	0.592480	0.863140	0
7ONU_F	5A7Z_A	0.500030	0.500030	0.552660	0
7ONU_F	5C77_A	0.448730	0.448730	0.581100	0
7ONU_F	6EMV_A	0.521090	0.521090	0.808390	0
